id,country_code,country_name,year,prevalence_pct,people_living_with_hiv,new_infections_total,new_infections_per_1000,aids_deaths_total,aids_deaths_per_100k,pct_on_antiretroviral,children_living_with_hiv,new_child_infections,children_orphaned_by_aids,data_source,loaded_at
1,AFG,Afghanistan,1990,0.00473,1190,500,0.0123,13,1.16,0.0,65,38,22,Our World in Data / UNAIDS,2026-09-30 02:09:07
2,AFG,Afghanistan,1991,0.00552,1389,500,0.0123,16,1.16,0.0,76,38,26,Our World in Data / UNAIDS,2026-09-30 02:09:07
3,AFG,Afghanistan,1992,0.00651,1638,500,0.0123,19,1.16,0.0,90,38,32,Our World in Data / UNAIDS,2026-09-30 02:09:07
4,AFG,Afghanistan,1993,0.00738,1857,500,0.0123,25,1.16,0.0,102,38,42,Our World in Data / UNAIDS,2026-09-30 02:09:07
5,AFG,Afghanistan,1994,0.00835,2101,500,0.0123,33,1.16,0.0,116,38,54,Our World in Data / UNAIDS,2026-09-30 02:09:07
6,AFG,Afghanistan,1995,0.00944,2375,500,0.0123,39,1.16,0.0,131,38,65,Our World in Data / UNAIDS,2026-09-30 02:09:07
7,AFG,Afghanistan,1996,0.01047,2634,500,0.0123,46,1.16,0.0,145,38,76,Our World in Data / UNAIDS,2026-09-30 02:09:07
8,AFG,Afghanistan,1997,0.01149,2891,500,0.0123,53,1.16,0.0,159,38,88,Our World in Data / UNAIDS,2026-09-30 02:09:07
9,AFG,Afghanistan,1998,0.01261,3173,500,0.0123,61,1.16,0.0,175,38,101,Our World in Data / UNAIDS,2026-09-30 02:09:07
10,AFG,Afghanistan,1999,0.01368,3442,500,0.0123,70,1.16,0.0,189,38,115,Our World in Data / UNAIDS,2026-09-30 02:09:07
11,AFG,Afghanistan,2000,0.01488,3744,500,0.0123,79,1.16,0.0,206,38,130,Our World in Data / UNAIDS,2026-09-30 02:09:07
12,AFG,Afghanistan,2001,0.01609,4048,500,0.0123,85,1.3,0.0,223,38,140,Our World in Data / UNAIDS,2026-09-30 02:09:07
13,AFG,Afghanistan,2002,0.01724,4337,500,0.0123,94,1.39,0.0,239,38,155,Our World in Data / UNAIDS,2026-09-30 02:09:07
14,AFG,Afghanistan,2003,0.01846,4644,500,0.0123,109,1.44,0.0,255,38,180,Our World in Data / UNAIDS,2026-09-30 02:09:07
15,AFG,Afghanistan,2004,0.01977,4974,500,0.0123,123,1.53,0.0,274,38,203,Our World in Data / UNAIDS,2026-09-30 02:09:07
16,AFG,Afghanistan,2005,0.02101,5286,500,0.0123,135,1.62,0.0,291,38,223,Our World in Data / UNAIDS,2026-09-30 02:09:07
17,AFG,Afghanistan,2006,0.02249,5658,500,0.0123,152,1.68,0.0,311,38,250,Our World in Data / UNAIDS,2026-09-30 02:09:07
18,AFG,Afghanistan,2007,0.02416,6078,520,0.0128,169,1.77,0.0,334,39,278,Our World in Data / UNAIDS,2026-09-30 02:09:07
19,AFG,Afghanistan,2008,0.02575,6478,540,0.0133,181,1.85,0.0,356,40,299,Our World in Data / UNAIDS,2026-09-30 02:09:07
20,AFG,Afghanistan,2009,0.02717,6836,570,0.014,198,1.89,1.0,376,43,326,Our World in Data / UNAIDS,2026-09-30 02:09:07
21,AFG,Afghanistan,2010,0.02864,7206,610,0.015,209,1.89,1.0,396,46,345,Our World in Data / UNAIDS,2026-09-30 02:09:07
22,AFG,Afghanistan,2011,0.03025,7611,670,0.0165,221,1.85,3.0,419,50,364,Our World in Data / UNAIDS,2026-09-30 02:09:07
23,AFG,Afghanistan,2012,0.03151,7928,680,0.0168,240,1.83,3.0,436,51,396,Our World in Data / UNAIDS,2026-09-30 02:09:07
24,AFG,Afghanistan,2013,0.03318,8348,790,0.0195,262,1.89,4.0,459,59,432,Our World in Data / UNAIDS,2026-09-30 02:09:07
25,AFG,Afghanistan,2014,0.035,8806,870,0.0214,286,1.93,5.0,484,65,471,Our World in Data / UNAIDS,2026-09-30 02:09:07
26,AFG,Afghanistan,2015,0.03686,9274,950,0.0234,312,1.93,5.0,510,71,515,Our World in Data / UNAIDS,2026-09-30 02:09:07
27,AFG,Afghanistan,2016,0.03879,9759,1000,0.0246,328,1.92,8.0,537,75,542,Our World in Data / UNAIDS,2026-09-30 02:09:07
28,AFG,Afghanistan,2017,0.04075,10252,1100,0.0271,330,1.84,11.0,564,82,544,Our World in Data / UNAIDS,2026-09-30 02:09:07
29,AFG,Afghanistan,2018,0.04273,10750,1100,0.0271,352,1.81,11.0,591,82,581,Our World in Data / UNAIDS,2026-09-30 02:09:07
30,AFG,Afghanistan,2019,0.04471,11249,1200,0.0296,396,1.81,11.0,619,90,654,Our World in Data / UNAIDS,2026-09-30 02:09:07
31,AFG,Afghanistan,2020,0.04689,11797,1300,0.032,441,1.83,11.0,649,98,728,Our World in Data / UNAIDS,2026-09-30 02:09:07
32,AFG,Afghanistan,2021,0.04865,12240,1400,0.0345,493,1.89,11.0,673,105,814,Our World in Data / UNAIDS,2026-09-30 02:09:07
33,AFG,Afghanistan,2022,0.05081,12783,1500,0.037,540,1.89,10.0,703,112,892,Our World in Data / UNAIDS,2026-09-30 02:09:07
34,AGO,Angola,1990,0.51889,114642,20000,0.5612,1808,48.82,0.0,6305,1500,2984,Our World in Data / UNAIDS,2026-09-30 02:09:07
35,AGO,Angola,1991,0.60933,134624,20000,0.5612,2273,48.82,0.0,7404,1500,3751,Our World in Data / UNAIDS,2026-09-30 02:09:07
36,AGO,Angola,1992,0.70919,156686,20000,0.5612,2805,48.82,0.0,8618,1500,4628,Our World in Data / UNAIDS,2026-09-30 02:09:07
37,AGO,Angola,1993,0.80778,178469,20000,0.5612,3401,48.82,0.0,9816,1500,5612,Our World in Data / UNAIDS,2026-09-30 02:09:07
38,AGO,Angola,1994,0.9056,200081,20000,0.5612,4065,48.82,0.0,11004,1500,6707,Our World in Data / UNAIDS,2026-09-30 02:09:07
39,AGO,Angola,1995,1.00143,221253,20000,0.5612,4801,48.82,0.0,12169,1500,7921,Our World in Data / UNAIDS,2026-09-30 02:09:07
40,AGO,Angola,1996,1.09059,240952,20000,0.5612,5591,48.82,0.0,13252,1500,9226,Our World in Data / UNAIDS,2026-09-30 02:09:07
41,AGO,Angola,1997,1.17291,259139,20000,0.5612,6429,48.82,0.0,14253,1500,10609,Our World in Data / UNAIDS,2026-09-30 02:09:07
42,AGO,Angola,1998,1.24632,275358,20000,0.5612,7299,48.82,0.0,15145,1500,12044,Our World in Data / UNAIDS,2026-09-30 02:09:07
43,AGO,Angola,1999,1.31655,290875,20000,0.5612,8218,48.82,0.0,15998,1500,13560,Our World in Data / UNAIDS,2026-09-30 02:09:07
44,AGO,Angola,2000,1.37848,304557,20000,0.5612,9171,48.82,0.0,16751,1500,15132,Our World in Data / UNAIDS,2026-09-30 02:09:07
45,AGO,Angola,2001,1.4326,316515,21000,0.5893,10155,53.21,0.0,17408,1575,16756,Our World in Data / UNAIDS,2026-09-30 02:09:07
46,AGO,Angola,2002,1.48255,327550,22000,0.6174,11158,57.48,0.0,18015,1650,18410,Our World in Data / UNAIDS,2026-09-30 02:09:07
47,AGO,Angola,2003,1.52901,337815,24000,0.6735,12195,61.71,0.0,18580,1800,20121,Our World in Data / UNAIDS,2026-09-30 02:09:07
48,AGO,Angola,2004,1.56737,346290,24000,0.6735,13182,65.51,0.0,19046,1800,21750,Our World in Data / UNAIDS,2026-09-30 02:09:07
49,AGO,Angola,2005,1.60313,354191,26000,0.7296,14131,68.77,0.0,19481,1950,23316,Our World in Data / UNAIDS,2026-09-30 02:09:07
50,AGO,Angola,2006,1.63121,360395,25000,0.7016,14459,68.81,2.0,19822,1875,23857,Our World in Data / UNAIDS,2026-09-30 02:09:07
51,AGO,Angola,2007,1.66022,366804,26000,0.7296,14547,67.7,3.0,20174,1950,24003,Our World in Data / UNAIDS,2026-09-30 02:09:07
52,AGO,Angola,2008,1.69216,373861,27000,0.7577,14850,67.41,5.0,20562,2025,24502,Our World in Data / UNAIDS,2026-09-30 02:09:07
53,AGO,Angola,2009,1.71866,379716,27000,0.7577,15216,67.24,7.0,20884,2025,25106,Our World in Data / UNAIDS,2026-09-30 02:09:07
54,AGO,Angola,2010,1.73751,383881,27000,0.7577,15544,66.77,9.0,21113,2025,25647,Our World in Data / UNAIDS,2026-09-30 02:09:07
55,AGO,Angola,2011,1.75324,387356,28000,0.7857,16120,67.15,10.0,21305,2100,26598,Our World in Data / UNAIDS,2026-09-30 02:09:07
56,AGO,Angola,2012,1.76516,389989,28000,0.7857,16784,67.59,12.0,21449,2100,27694,Our World in Data / UNAIDS,2026-09-30 02:09:07
57,AGO,Angola,2013,1.77282,391682,27000,0.7577,16279,63.42,17.0,21543,2025,26860,Our World in Data / UNAIDS,2026-09-30 02:09:07
58,AGO,Angola,2014,1.78165,393633,27000,0.7577,15049,56.62,22.0,21650,2025,24831,Our World in Data / UNAIDS,2026-09-30 02:09:07
59,AGO,Angola,2015,1.78388,394125,26000,0.7296,14943,53.78,24.0,21677,1950,24655,Our World in Data / UNAIDS,2026-09-30 02:09:07
60,AGO,Angola,2016,1.77725,392661,27000,0.7577,15882,54.32,22.0,21596,2025,26205,Our World in Data / UNAIDS,2026-09-30 02:09:07
61,AGO,Angola,2017,1.76189,389267,27000,0.7577,17374,56.44,24.0,21410,2025,28668,Our World in Data / UNAIDS,2026-09-30 02:09:07
62,AGO,Angola,2018,1.74215,384906,27000,0.7577,17728,54.71,27.0,21170,2025,29252,Our World in Data / UNAIDS,2026-09-30 02:09:07
63,AGO,Angola,2019,1.71823,379621,25000,0.7016,17591,51.53,28.0,20879,1875,29026,Our World in Data / UNAIDS,2026-09-30 02:09:07
64,AGO,Angola,2020,1.69183,373788,25000,0.7016,17238,47.87,32.0,20558,1875,28443,Our World in Data / UNAIDS,2026-09-30 02:09:07
65,AGO,Angola,2021,1.66302,367423,24000,0.6735,16022,41.59,36.0,20208,1800,26436,Our World in Data / UNAIDS,2026-09-30 02:09:07
66,AGO,Angola,2022,1.63091,360329,22000,0.6174,15032,41.59,40.0,19818,1650,24802,Our World in Data / UNAIDS,2026-09-30 02:09:07
67,ALB,Albania,1990,0.00045,10,100,0.0408,0,0.15,0.0,1,8,0,Our World in Data / UNAIDS,2026-09-30 02:09:07
68,ALB,Albania,1991,0.00063,10,100,0.0408,0,0.15,0.0,1,8,1,Our World in Data / UNAIDS,2026-09-30 02:09:07
69,ALB,Albania,1992,0.00087,13,100,0.0408,0,0.15,0.0,1,8,1,Our World in Data / UNAIDS,2026-09-30 02:09:07
70,ALB,Albania,1993,0.00118,18,100,0.0408,1,0.15,0.0,1,8,1,Our World in Data / UNAIDS,2026-09-30 02:09:07
71,ALB,Albania,1994,0.00159,24,100,0.0408,1,0.15,0.0,1,8,2,Our World in Data / UNAIDS,2026-09-30 02:09:07
72,ALB,Albania,1995,0.0021,32,100,0.0408,1,0.15,0.0,2,8,2,Our World in Data / UNAIDS,2026-09-30 02:09:07
73,ALB,Albania,1996,0.00273,41,100,0.0408,2,0.15,0.0,2,8,3,Our World in Data / UNAIDS,2026-09-30 02:09:07
74,ALB,Albania,1997,0.0035,53,100,0.0408,2,0.15,0.0,3,8,4,Our World in Data / UNAIDS,2026-09-30 02:09:07
75,ALB,Albania,1998,0.0044,67,100,0.0408,3,0.15,0.0,4,8,5,Our World in Data / UNAIDS,2026-09-30 02:09:07
76,ALB,Albania,1999,0.00546,83,100,0.0408,4,0.15,0.0,5,8,6,Our World in Data / UNAIDS,2026-09-30 02:09:07
77,ALB,Albania,2000,0.00667,101,100,0.0408,5,0.15,0.0,6,8,8,Our World in Data / UNAIDS,2026-09-30 02:09:07
78,ALB,Albania,2001,0.00811,123,100,0.0408,6,0.19,0.0,7,8,10,Our World in Data / UNAIDS,2026-09-30 02:09:07
79,ALB,Albania,2002,0.00979,149,100,0.0408,8,0.23,0.0,8,8,12,Our World in Data / UNAIDS,2026-09-30 02:09:07
80,ALB,Albania,2003,0.01169,178,100,0.0408,9,0.27,0.0,10,8,15,Our World in Data / UNAIDS,2026-09-30 02:09:07
81,ALB,Albania,2004,0.01409,214,100,0.0408,10,0.26,4.0,12,8,16,Our World in Data / UNAIDS,2026-09-30 02:09:07
82,ALB,Albania,2005,0.01683,256,100,0.0408,10,0.28,10.0,14,8,17,Our World in Data / UNAIDS,2026-09-30 02:09:07
83,ALB,Albania,2006,0.01986,302,100,0.0408,11,0.3,11.0,17,8,18,Our World in Data / UNAIDS,2026-09-30 02:09:07
84,ALB,Albania,2007,0.0232,353,100,0.0408,12,0.34,13.0,19,8,20,Our World in Data / UNAIDS,2026-09-30 02:09:07
85,ALB,Albania,2008,0.02686,408,100,0.0408,12,0.34,17.0,22,8,19,Our World in Data / UNAIDS,2026-09-30 02:09:07
86,ALB,Albania,2009,0.03072,467,100,0.0408,12,0.35,20.0,26,8,19,Our World in Data / UNAIDS,2026-09-30 02:09:07
87,ALB,Albania,2010,0.03467,527,100,0.0408,14,0.47,20.0,29,8,23,Our World in Data / UNAIDS,2026-09-30 02:09:07
88,ALB,Albania,2011,0.03822,581,100,0.0408,16,0.51,24.0,32,8,26,Our World in Data / UNAIDS,2026-09-30 02:09:07
89,ALB,Albania,2012,0.04153,631,100,0.0408,15,0.44,30.0,35,8,25,Our World in Data / UNAIDS,2026-09-30 02:09:07
90,ALB,Albania,2013,0.04488,682,100,0.0408,14,0.35,38.0,38,8,23,Our World in Data / UNAIDS,2026-09-30 02:09:07
91,ALB,Albania,2014,0.04862,739,100,0.0408,14,0.34,39.0,41,8,22,Our World in Data / UNAIDS,2026-09-30 02:09:07
92,ALB,Albania,2015,0.05184,788,200,0.0816,15,0.4,43.0,43,15,25,Our World in Data / UNAIDS,2026-09-30 02:09:07
93,ALB,Albania,2016,0.05499,836,200,0.0816,16,0.4,47.0,46,15,27,Our World in Data / UNAIDS,2026-09-30 02:09:07
94,ALB,Albania,2017,0.05761,876,200,0.0816,17,0.4,49.0,48,15,29,Our World in Data / UNAIDS,2026-09-30 02:09:07
95,ALB,Albania,2018,0.06007,913,200,0.0816,21,0.55,47.0,50,15,34,Our World in Data / UNAIDS,2026-09-30 02:09:07
96,ALB,Albania,2019,0.06292,956,200,0.0816,25,0.76,48.0,53,15,42,Our World in Data / UNAIDS,2026-09-30 02:09:07
97,ALB,Albania,2020,0.06588,1001,200,0.0816,26,0.77,51.0,55,15,43,Our World in Data / UNAIDS,2026-09-30 02:09:07
98,ALB,Albania,2021,0.06969,1059,200,0.0816,24,0.62,55.0,58,15,40,Our World in Data / UNAIDS,2026-09-30 02:09:07
99,ALB,Albania,2022,0.07263,1104,200,0.0816,22,0.62,58.0,61,15,36,Our World in Data / UNAIDS,2026-09-30 02:09:07
100,AND,Andorra,2000,0.24165,119,1650,20.7013,389,0.68,0.0,7,124,642,Our World in Data / UNAIDS,2026-09-30 02:09:07
101,AND,Andorra,2001,0.25329,125,1700,21.3286,363,0.66,0.0,7,128,599,Our World in Data / UNAIDS,2026-09-30 02:09:07
102,AND,Andorra,2002,0.27393,135,1700,21.3286,349,0.68,0.0,7,128,575,Our World in Data / UNAIDS,2026-09-30 02:09:07
103,AND,Andorra,2003,0.30624,151,1700,21.3286,386,0.69,1.5,8,128,636,Our World in Data / UNAIDS,2026-09-30 02:09:07
104,AND,Andorra,2004,0.31623,156,1550,19.4467,445,0.65,3.0,9,116,735,Our World in Data / UNAIDS,2026-09-30 02:09:07
105,AND,Andorra,2005,0.31956,158,1500,18.8194,400,0.63,6.5,9,112,660,Our World in Data / UNAIDS,2026-09-30 02:09:07
106,AND,Andorra,2006,0.32438,160,1450,18.1921,432,0.6,9.5,9,109,712,Our World in Data / UNAIDS,2026-09-30 02:09:07
107,AND,Andorra,2007,0.3304,163,1300,16.3101,566,0.55,13.0,9,98,934,Our World in Data / UNAIDS,2026-09-30 02:09:07
108,AND,Andorra,2008,0.33243,164,1250,15.6828,534,0.5,17.0,9,94,880,Our World in Data / UNAIDS,2026-09-30 02:09:07
109,AND,Andorra,2009,0.32959,163,1300,16.3101,470,0.45,21.0,9,98,776,Our World in Data / UNAIDS,2026-09-30 02:09:07
110,AND,Andorra,2010,0.33193,164,1300,16.3101,452,0.34,24.9444,9,98,746,Our World in Data / UNAIDS,2026-09-30 02:09:07
111,AND,Andorra,2011,0.34874,172,1250,15.6828,468,0.27,28.0,9,94,772,Our World in Data / UNAIDS,2026-09-30 02:09:07
112,AND,Andorra,2012,0.36233,179,1250,15.6828,487,0.2,31.0,10,94,803,Our World in Data / UNAIDS,2026-09-30 02:09:07
113,AND,Andorra,2013,0.36732,182,1300,16.3101,517,0.17,35.0,10,98,853,Our World in Data / UNAIDS,2026-09-30 02:09:07
114,AND,Andorra,2014,0.36172,179,1200,15.0555,449,0.15,37.0,10,90,741,Our World in Data / UNAIDS,2026-09-30 02:09:07
115,AND,Andorra,2015,0.36479,180,1250,15.6828,430,0.15,41.0,10,94,709,Our World in Data / UNAIDS,2026-09-30 02:09:07
116,AND,Andorra,2016,0.37443,185,1200,15.0555,442,0.15,45.5,10,90,730,Our World in Data / UNAIDS,2026-09-30 02:09:07
117,AND,Andorra,2017,0.36894,182,1200,15.0555,424,0.16,50.5,10,90,699,Our World in Data / UNAIDS,2026-09-30 02:09:07
118,AND,Andorra,2018,0.36413,180,1200,15.0555,381,0.16,54.0,10,90,629,Our World in Data / UNAIDS,2026-09-30 02:09:07
119,AND,Andorra,2019,0.37023,183,1200,15.0555,357,0.16,59.0,10,90,589,Our World in Data / UNAIDS,2026-09-30 02:09:07
120,AND,Andorra,2020,0.39803,197,1250,15.6828,369,0.27,61.5,11,94,609,Our World in Data / UNAIDS,2026-09-30 02:09:07
121,AND,Andorra,2021,0.40203,199,1300,16.3101,371,0.15,64.5,11,98,613,Our World in Data / UNAIDS,2026-09-30 02:09:07
122,ARE,United Arab Emirates,1990,0.0,10,100,0.0099,0,0.32,0.0,1,8,0,Our World in Data / UNAIDS,2026-09-30 02:09:07
123,ARE,United Arab Emirates,1991,0.0,10,100,0.0099,0,0.32,0.0,1,8,0,Our World in Data / UNAIDS,2026-09-30 02:09:07
124,ARE,United Arab Emirates,1992,0.0,10,100,0.0099,0,0.32,0.0,1,8,0,Our World in Data / UNAIDS,2026-09-30 02:09:07
125,ARE,United Arab Emirates,1993,1e-05,10,100,0.0099,0,0.32,0.0,1,8,0,Our World in Data / UNAIDS,2026-09-30 02:09:07
126,ARE,United Arab Emirates,1994,3e-05,10,100,0.0099,0,0.32,0.0,1,8,0,Our World in Data / UNAIDS,2026-09-30 02:09:07
127,ARE,United Arab Emirates,1995,7e-05,10,100,0.0099,0,0.32,0.0,1,8,0,Our World in Data / UNAIDS,2026-09-30 02:09:07
128,ARE,United Arab Emirates,1996,0.00014,10,100,0.0099,0,0.32,0.0,1,8,0,Our World in Data / UNAIDS,2026-09-30 02:09:07
129,ARE,United Arab Emirates,1997,0.00027,17,100,0.0099,0,0.32,0.0,1,8,0,Our World in Data / UNAIDS,2026-09-30 02:09:07
130,ARE,United Arab Emirates,1998,0.00051,32,100,0.0099,0,0.32,0.0,2,8,0,Our World in Data / UNAIDS,2026-09-30 02:09:07
131,ARE,United Arab Emirates,1999,0.00095,59,100,0.0099,0,0.32,0.0,3,8,1,Our World in Data / UNAIDS,2026-09-30 02:09:07
132,ARE,United Arab Emirates,2000,0.00171,107,100,0.0099,1,0.32,0.0,6,8,1,Our World in Data / UNAIDS,2026-09-30 02:09:07
133,ARE,United Arab Emirates,2001,0.00304,190,100,0.0099,1,0.24,21.0,10,8,1,Our World in Data / UNAIDS,2026-09-30 02:09:07
134,ARE,United Arab Emirates,2002,0.00528,330,100,0.0099,1,0.15,23.0,18,8,2,Our World in Data / UNAIDS,2026-09-30 02:09:07
135,ARE,United Arab Emirates,2003,0.00801,500,100,0.0099,2,0.12,21.0,28,8,3,Our World in Data / UNAIDS,2026-09-30 02:09:07
136,ARE,United Arab Emirates,2004,0.01024,640,100,0.0099,3,0.1,21.0,35,8,4,Our World in Data / UNAIDS,2026-09-30 02:09:07
137,ARE,United Arab Emirates,2005,0.01198,748,100,0.0099,3,0.12,21.0,41,8,5,Our World in Data / UNAIDS,2026-09-30 02:09:07
138,ARE,United Arab Emirates,2006,0.01325,828,100,0.0099,4,0.11,21.0,46,8,6,Our World in Data / UNAIDS,2026-09-30 02:09:07
139,ARE,United Arab Emirates,2007,0.01412,882,100,0.0099,5,0.14,20.0,49,8,8,Our World in Data / UNAIDS,2026-09-30 02:09:07
140,ARE,United Arab Emirates,2008,0.01461,913,100,0.0099,8,0.19,20.0,50,8,12,Our World in Data / UNAIDS,2026-09-30 02:09:07
141,ARE,United Arab Emirates,2009,0.01473,920,100,0.0099,13,0.29,22.0,51,8,22,Our World in Data / UNAIDS,2026-09-30 02:09:07
142,ARE,United Arab Emirates,2010,0.0146,912,100,0.0099,19,0.34,23.0,50,8,31,Our World in Data / UNAIDS,2026-09-30 02:09:07
143,ARE,United Arab Emirates,2011,0.01425,890,100,0.0099,24,0.39,26.0,49,8,39,Our World in Data / UNAIDS,2026-09-30 02:09:07
144,ARE,United Arab Emirates,2012,0.0138,862,100,0.0099,26,0.37,33.0,47,8,43,Our World in Data / UNAIDS,2026-09-30 02:09:07
145,ARE,United Arab Emirates,2013,0.0133,831,100,0.0099,27,0.37,34.0,46,8,45,Our World in Data / UNAIDS,2026-09-30 02:09:07
146,ARE,United Arab Emirates,2014,0.0127,793,100,0.0099,34,0.47,24.0,44,8,55,Our World in Data / UNAIDS,2026-09-30 02:09:07
147,ARE,United Arab Emirates,2015,0.01205,753,100,0.0099,41,0.59,24.0,41,8,68,Our World in Data / UNAIDS,2026-09-30 02:09:07
148,ARE,United Arab Emirates,2016,0.01143,714,100,0.0099,47,0.66,23.0,39,8,78,Our World in Data / UNAIDS,2026-09-30 02:09:07
149,ARE,United Arab Emirates,2017,0.01094,683,100,0.0099,50,0.71,26.0,38,8,83,Our World in Data / UNAIDS,2026-09-30 02:09:07
150,ARE,United Arab Emirates,2018,0.01062,663,100,0.0099,49,0.73,28.0,36,8,81,Our World in Data / UNAIDS,2026-09-30 02:09:07
151,ARE,United Arab Emirates,2019,0.01054,658,100,0.0099,45,0.72,30.0,36,8,74,Our World in Data / UNAIDS,2026-09-30 02:09:07
152,ARE,United Arab Emirates,2020,0.01085,678,100,0.0099,30,0.5,57.0,37,8,50,Our World in Data / UNAIDS,2026-09-30 02:09:07
153,ARE,United Arab Emirates,2021,0.01111,694,100,0.0099,20,0.25,80.0,38,8,33,Our World in Data / UNAIDS,2026-09-30 02:09:07
154,ARE,United Arab Emirates,2022,0.01206,753,200,0.0199,14,0.25,76.0,41,15,23,Our World in Data / UNAIDS,2026-09-30 02:09:07
155,ARG,Argentina,1990,0.1054,29673,5700,0.1255,476,4.49,18.0,1632,428,786,Our World in Data / UNAIDS,2026-09-30 02:09:07
156,ARG,Argentina,1991,0.1306,36768,5700,0.1255,669,4.49,18.0,2022,428,1103,Our World in Data / UNAIDS,2026-09-30 02:09:07
157,ARG,Argentina,1992,0.15378,43294,5700,0.1255,897,4.49,18.0,2381,428,1480,Our World in Data / UNAIDS,2026-09-30 02:09:07
158,ARG,Argentina,1993,0.17478,49206,5700,0.1255,1157,4.49,18.0,2706,428,1909,Our World in Data / UNAIDS,2026-09-30 02:09:07
159,ARG,Argentina,1994,0.19361,54507,5700,0.1255,1444,4.49,18.0,2998,428,2382,Our World in Data / UNAIDS,2026-09-30 02:09:07
160,ARG,Argentina,1995,0.21031,59208,5700,0.1255,1760,4.49,18.0,3256,428,2905,Our World in Data / UNAIDS,2026-09-30 02:09:07
161,ARG,Argentina,1996,0.22495,63330,5700,0.1255,2060,4.49,18.0,3483,428,3400,Our World in Data / UNAIDS,2026-09-30 02:09:07
162,ARG,Argentina,1997,0.23763,66900,5700,0.1255,2354,4.49,18.0,3680,428,3885,Our World in Data / UNAIDS,2026-09-30 02:09:07
163,ARG,Argentina,1998,0.25047,70515,5700,0.1255,2248,4.49,18.0,3878,428,3710,Our World in Data / UNAIDS,2026-09-30 02:09:07
164,ARG,Argentina,1999,0.26446,74453,5700,0.1255,1904,4.49,18.0,4095,428,3141,Our World in Data / UNAIDS,2026-09-30 02:09:07
165,ARG,Argentina,2000,0.27846,78395,5700,0.1255,1796,4.49,18.0,4312,428,2963,Our World in Data / UNAIDS,2026-09-30 02:09:07
166,ARG,Argentina,2001,0.29252,82353,5700,0.1255,1633,4.44,22.0,4529,428,2694,Our World in Data / UNAIDS,2026-09-30 02:09:07
167,ARG,Argentina,2002,0.30606,86165,5700,0.1255,1585,4.59,25.0,4739,428,2615,Our World in Data / UNAIDS,2026-09-30 02:09:07
168,ARG,Argentina,2003,0.31876,89740,5600,0.1233,1578,4.67,28.0,4936,420,2603,Our World in Data / UNAIDS,2026-09-30 02:09:07
169,ARG,Argentina,2004,0.33064,93085,5600,0.1233,1587,4.24,31.0,5120,420,2619,Our World in Data / UNAIDS,2026-09-30 02:09:07
170,ARG,Argentina,2005,0.3415,96142,5600,0.1233,1597,3.77,33.0,5288,420,2635,Our World in Data / UNAIDS,2026-09-30 02:09:07
171,ARG,Argentina,2006,0.35141,98932,5600,0.1233,1614,4.01,35.0,5441,420,2662,Our World in Data / UNAIDS,2026-09-30 02:09:07
172,ARG,Argentina,2007,0.36057,101511,5500,0.1211,1590,4.06,38.0,5583,412,2624,Our World in Data / UNAIDS,2026-09-30 02:09:07
173,ARG,Argentina,2008,0.36925,103955,5500,0.1211,1462,3.94,41.0,5718,412,2412,Our World in Data / UNAIDS,2026-09-30 02:09:07
174,ARG,Argentina,2009,0.37708,106159,5500,0.1211,1443,3.89,43.0,5839,412,2381,Our World in Data / UNAIDS,2026-09-30 02:09:07
175,ARG,Argentina,2010,0.38398,108102,5400,0.1189,1494,3.63,46.0,5946,405,2465,Our World in Data / UNAIDS,2026-09-30 02:09:07
176,ARG,Argentina,2011,0.39021,109855,5400,0.1189,1488,3.51,49.0,6042,405,2455,Our World in Data / UNAIDS,2026-09-30 02:09:07
177,ARG,Argentina,2012,0.39592,111463,5400,0.1189,1437,3.82,52.0,6130,405,2372,Our World in Data / UNAIDS,2026-09-30 02:09:07
178,ARG,Argentina,2013,0.40098,112888,5400,0.1189,1381,3.8,55.0,6209,405,2279,Our World in Data / UNAIDS,2026-09-30 02:09:07
179,ARG,Argentina,2014,0.40515,114061,5300,0.1167,1356,3.8,58.0,6273,398,2237,Our World in Data / UNAIDS,2026-09-30 02:09:07
180,ARG,Argentina,2015,0.40866,115050,5300,0.1167,1316,3.91,61.0,6328,398,2171,Our World in Data / UNAIDS,2026-09-30 02:09:07
181,ARG,Argentina,2016,0.41155,115863,5300,0.1167,1272,3.72,64.0,6372,398,2100,Our World in Data / UNAIDS,2026-09-30 02:09:07
182,ARG,Argentina,2017,0.41358,116435,5200,0.1145,1269,3.63,66.0,6404,390,2094,Our World in Data / UNAIDS,2026-09-30 02:09:07
183,ARG,Argentina,2018,0.41474,116761,5200,0.1145,1280,3.34,68.0,6422,390,2112,Our World in Data / UNAIDS,2026-09-30 02:09:07
184,ARG,Argentina,2019,0.41497,116826,5200,0.1145,1264,3.14,70.0,6425,390,2086,Our World in Data / UNAIDS,2026-09-30 02:09:07
185,ARG,Argentina,2020,0.41419,116606,5100,0.1123,1262,2.77,72.0,6413,382,2082,Our World in Data / UNAIDS,2026-09-30 02:09:07
186,ARG,Argentina,2021,0.4126,116159,5100,0.1123,1236,2.73,74.0,6389,382,2040,Our World in Data / UNAIDS,2026-09-30 02:09:07
187,ARG,Argentina,2022,0.41045,115554,5000,0.1101,1255,2.73,76.0,6355,375,2071,Our World in Data / UNAIDS,2026-09-30 02:09:07
188,ARM,Armenia,1990,3e-05,10,100,0.0337,0,0.06,0.0,1,8,0,Our World in Data / UNAIDS,2026-09-30 02:09:07
189,ARM,Armenia,1991,6e-05,10,100,0.0337,0,0.06,0.0,1,8,0,Our World in Data / UNAIDS,2026-09-30 02:09:07
190,ARM,Armenia,1992,0.0001,10,100,0.0337,0,0.06,0.0,1,8,0,Our World in Data / UNAIDS,2026-09-30 02:09:07
191,ARM,Armenia,1993,0.00019,10,100,0.0337,0,0.06,0.0,1,8,0,Our World in Data / UNAIDS,2026-09-30 02:09:07
192,ARM,Armenia,1994,0.00035,10,100,0.0337,0,0.06,0.0,1,8,0,Our World in Data / UNAIDS,2026-09-30 02:09:07
193,ARM,Armenia,1995,0.00061,11,100,0.0337,0,0.06,0.0,1,8,0,Our World in Data / UNAIDS,2026-09-30 02:09:07
194,ARM,Armenia,1996,0.00103,19,100,0.0337,0,0.06,0.0,1,8,1,Our World in Data / UNAIDS,2026-09-30 02:09:07
195,ARM,Armenia,1997,0.00169,31,100,0.0337,1,0.06,0.0,2,8,1,Our World in Data / UNAIDS,2026-09-30 02:09:07
196,ARM,Armenia,1998,0.00269,50,100,0.0337,1,0.06,0.0,3,8,2,Our World in Data / UNAIDS,2026-09-30 02:09:07
197,ARM,Armenia,1999,0.00417,77,100,0.0337,2,0.06,0.0,4,8,3,Our World in Data / UNAIDS,2026-09-30 02:09:07
198,ARM,Armenia,2000,0.00629,116,100,0.0337,3,0.06,0.0,6,8,5,Our World in Data / UNAIDS,2026-09-30 02:09:07
199,ARM,Armenia,2001,0.00918,169,100,0.0337,4,0.1,0.0,9,8,7,Our World in Data / UNAIDS,2026-09-30 02:09:07
200,ARM,Armenia,2002,0.01303,240,100,0.0337,7,0.13,0.0,13,8,11,Our World in Data / UNAIDS,2026-09-30 02:09:07
201,ARM,Armenia,2003,0.01801,332,200,0.0674,10,0.2,0.0,18,15,16,Our World in Data / UNAIDS,2026-09-30 02:09:07
202,ARM,Armenia,2004,0.0242,445,200,0.0674,14,0.32,0.0,24,15,23,Our World in Data / UNAIDS,2026-09-30 02:09:07
203,ARM,Armenia,2005,0.03184,586,200,0.0674,16,0.32,5.0,32,15,26,Our World in Data / UNAIDS,2026-09-30 02:09:07
204,ARM,Armenia,2006,0.04112,757,500,0.1684,17,0.29,6.0,42,38,28,Our World in Data / UNAIDS,2026-09-30 02:09:07
205,ARM,Armenia,2007,0.05201,957,500,0.1684,20,0.2,8.0,53,38,34,Our World in Data / UNAIDS,2026-09-30 02:09:07
206,ARM,Armenia,2008,0.06489,1195,500,0.1684,26,0.34,8.0,66,38,43,Our World in Data / UNAIDS,2026-09-30 02:09:07
207,ARM,Armenia,2009,0.07936,1461,500,0.1684,32,0.38,11.0,80,38,53,Our World in Data / UNAIDS,2026-09-30 02:09:07
208,ARM,Armenia,2010,0.09516,1752,500,0.1684,36,0.54,14.0,96,38,60,Our World in Data / UNAIDS,2026-09-30 02:09:07
209,ARM,Armenia,2011,0.11223,2066,500,0.1684,43,0.82,15.0,114,38,72,Our World in Data / UNAIDS,2026-09-30 02:09:07
210,ARM,Armenia,2012,0.13056,2403,500,0.1684,52,1.12,18.0,132,38,85,Our World in Data / UNAIDS,2026-09-30 02:09:07
211,ARM,Armenia,2013,0.14988,2759,500,0.1684,60,1.19,21.0,152,38,99,Our World in Data / UNAIDS,2026-09-30 02:09:07
212,ARM,Armenia,2014,0.17025,3134,500,0.1684,69,2.03,23.0,172,38,114,Our World in Data / UNAIDS,2026-09-30 02:09:07
213,ARM,Armenia,2015,0.19118,3519,500,0.1684,77,2.18,27.0,194,38,127,Our World in Data / UNAIDS,2026-09-30 02:09:07
214,ARM,Armenia,2016,0.21298,3921,500,0.1684,81,2.37,30.0,216,38,133,Our World in Data / UNAIDS,2026-09-30 02:09:07
215,ARM,Armenia,2017,0.23502,4326,510,0.1718,81,1.58,36.0,238,38,133,Our World in Data / UNAIDS,2026-09-30 02:09:07
216,ARM,Armenia,2018,0.25757,4742,520,0.1751,79,2.11,40.0,261,39,131,Our World in Data / UNAIDS,2026-09-30 02:09:07
217,ARM,Armenia,2019,0.27984,5152,530,0.1785,83,1.98,43.0,283,40,137,Our World in Data / UNAIDS,2026-09-30 02:09:07
218,ARM,Armenia,2020,0.3012,5545,540,0.1819,98,2.22,42.0,305,40,162,Our World in Data / UNAIDS,2026-09-30 02:09:07
219,ARM,Armenia,2021,0.32148,5918,550,0.1852,114,2.78,45.0,325,41,188,Our World in Data / UNAIDS,2026-09-30 02:09:07
220,ARM,Armenia,2022,0.33888,6238,550,0.1852,108,2.78,49.0,343,41,179,Our World in Data / UNAIDS,2026-09-30 02:09:07
221,ATG,Antigua and Barbuda,1990,0.25928,149,1700,18.3111,5,13.98,0.0,8,128,8,Our World in Data / UNAIDS,2026-09-30 02:09:07
222,ATG,Antigua and Barbuda,1991,0.28107,162,1700,18.3111,5,13.98,0.0,9,128,9,Our World in Data / UNAIDS,2026-09-30 02:09:07
223,ATG,Antigua and Barbuda,1992,0.30139,173,1700,18.3111,6,13.98,0.0,10,128,10,Our World in Data / UNAIDS,2026-09-30 02:09:07
224,ATG,Antigua and Barbuda,1993,0.32212,185,1700,18.3111,7,13.98,0.0,10,128,12,Our World in Data / UNAIDS,2026-09-30 02:09:07
225,ATG,Antigua and Barbuda,1994,0.34185,197,1700,18.3111,8,13.98,0.0,11,128,13,Our World in Data / UNAIDS,2026-09-30 02:09:07
226,ATG,Antigua and Barbuda,1995,0.36679,211,1700,18.3111,7,13.98,0.0,12,128,12,Our World in Data / UNAIDS,2026-09-30 02:09:07
227,ATG,Antigua and Barbuda,1996,0.39729,229,1700,18.3111,6,13.98,0.0,13,128,9,Our World in Data / UNAIDS,2026-09-30 02:09:07
228,ATG,Antigua and Barbuda,1997,0.42858,247,1700,18.3111,6,13.98,0.0,14,128,10,Our World in Data / UNAIDS,2026-09-30 02:09:07
229,ATG,Antigua and Barbuda,1998,0.45705,263,1700,18.3111,8,13.98,0.0,14,128,13,Our World in Data / UNAIDS,2026-09-30 02:09:07
230,ATG,Antigua and Barbuda,1999,0.48597,280,1700,18.3111,8,13.98,0.0,15,128,13,Our World in Data / UNAIDS,2026-09-30 02:09:07
231,ATG,Antigua and Barbuda,2000,0.51524,297,1650,17.7725,8,13.98,0.0,16,124,13,Our World in Data / UNAIDS,2026-09-30 02:09:07
232,ATG,Antigua and Barbuda,2001,0.54687,315,1700,18.3111,8,13.2,0.0,17,128,13,Our World in Data / UNAIDS,2026-09-30 02:09:07
233,ATG,Antigua and Barbuda,2002,0.57389,330,1700,18.3111,10,11.74,0.0,18,128,17,Our World in Data / UNAIDS,2026-09-30 02:09:07
234,ATG,Antigua and Barbuda,2003,0.5951,343,1700,18.3111,14,8.15,1.5,19,128,22,Our World in Data / UNAIDS,2026-09-30 02:09:07
235,ATG,Antigua and Barbuda,2004,0.61282,353,1550,16.6954,16,7.6,3.0,19,116,26,Our World in Data / UNAIDS,2026-09-30 02:09:07
236,ATG,Antigua and Barbuda,2005,0.63326,365,1500,16.1568,15,14.17,6.5,20,112,24,Our World in Data / UNAIDS,2026-09-30 02:09:07
237,ATG,Antigua and Barbuda,2006,0.65784,379,1450,15.6183,14,13.63,9.5,21,109,23,Our World in Data / UNAIDS,2026-09-30 02:09:07
238,ATG,Antigua and Barbuda,2007,0.67936,391,1300,14.0026,16,15.14,13.0,22,98,26,Our World in Data / UNAIDS,2026-09-30 02:09:07
239,ATG,Antigua and Barbuda,2008,0.70319,405,1250,13.464,15,8.64,17.0,22,94,25,Our World in Data / UNAIDS,2026-09-30 02:09:07
240,ATG,Antigua and Barbuda,2009,0.72662,418,1300,14.0026,15,12.08,21.0,23,98,25,Our World in Data / UNAIDS,2026-09-30 02:09:07
241,ATG,Antigua and Barbuda,2010,0.74258,427,1300,14.0026,20,7.77,24.9444,23,98,33,Our World in Data / UNAIDS,2026-09-30 02:09:07
242,ATG,Antigua and Barbuda,2011,0.76565,441,1250,13.464,15,10.93,28.0,24,94,25,Our World in Data / UNAIDS,2026-09-30 02:09:07
243,ATG,Antigua and Barbuda,2012,0.7991,460,1250,13.464,9,9.49,31.0,25,94,15,Our World in Data / UNAIDS,2026-09-30 02:09:07
244,ATG,Antigua and Barbuda,2013,0.832,479,1300,14.0026,10,10.94,35.0,26,98,16,Our World in Data / UNAIDS,2026-09-30 02:09:07
245,ATG,Antigua and Barbuda,2014,0.864,497,1200,12.9255,10,6.05,37.0,27,90,16,Our World in Data / UNAIDS,2026-09-30 02:09:07
246,ATG,Antigua and Barbuda,2015,0.89233,514,1250,13.464,10,5.85,41.0,28,94,16,Our World in Data / UNAIDS,2026-09-30 02:09:07
247,ATG,Antigua and Barbuda,2016,0.9225,531,1200,12.9255,9,5.62,45.5,29,90,15,Our World in Data / UNAIDS,2026-09-30 02:09:07
248,ATG,Antigua and Barbuda,2017,0.95376,549,1200,12.9255,8,7.54,50.5,30,90,13,Our World in Data / UNAIDS,2026-09-30 02:09:07
249,ATG,Antigua and Barbuda,2018,0.98278,566,1200,12.9255,9,7.45,54.0,31,90,15,Our World in Data / UNAIDS,2026-09-30 02:09:07
250,ATG,Antigua and Barbuda,2019,1.00789,580,1200,12.9255,11,5.55,59.0,32,90,17,Our World in Data / UNAIDS,2026-09-30 02:09:07
251,ATG,Antigua and Barbuda,2020,1.02762,592,1250,13.464,13,4.66,61.5,33,94,22,Our World in Data / UNAIDS,2026-09-30 02:09:07
252,ATG,Antigua and Barbuda,2021,1.0476,603,1300,14.0026,13,3.07,64.5,33,98,21,Our World in Data / UNAIDS,2026-09-30 02:09:07
253,ATG,Antigua and Barbuda,2022,1.06968,616,1200,12.9255,10,3.07,67.0,34,90,16,Our World in Data / UNAIDS,2026-09-30 02:09:07
254,AUS,Australia,1990,0.09923,16007,760,0.0292,600,0.72,53.0,880,57,990,Our World in Data / UNAIDS,2026-09-30 02:09:07
255,AUS,Australia,1991,0.09838,15870,760,0.0292,684,0.72,53.0,873,57,1129,Our World in Data / UNAIDS,2026-09-30 02:09:07
256,AUS,Australia,1992,0.09609,15501,760,0.0292,757,0.72,53.0,853,57,1249,Our World in Data / UNAIDS,2026-09-30 02:09:07
257,AUS,Australia,1993,0.09279,14969,760,0.0292,815,0.72,53.0,823,57,1346,Our World in Data / UNAIDS,2026-09-30 02:09:07
258,AUS,Australia,1994,0.08892,14344,760,0.0292,858,0.72,53.0,789,57,1416,Our World in Data / UNAIDS,2026-09-30 02:09:07
259,AUS,Australia,1995,0.08479,13678,760,0.0292,887,0.72,53.0,752,57,1464,Our World in Data / UNAIDS,2026-09-30 02:09:07
260,AUS,Australia,1996,0.08351,13472,760,0.0292,547,0.72,53.0,741,57,902,Our World in Data / UNAIDS,2026-09-30 02:09:07
261,AUS,Australia,1997,0.0848,13680,760,0.0292,232,0.72,53.0,752,57,383,Our World in Data / UNAIDS,2026-09-30 02:09:07
262,AUS,Australia,1998,0.08685,14010,760,0.0292,131,0.72,53.0,771,57,215,Our World in Data / UNAIDS,2026-09-30 02:09:07
263,AUS,Australia,1999,0.08923,14394,760,0.0292,91,0.72,53.0,792,57,151,Our World in Data / UNAIDS,2026-09-30 02:09:07
264,AUS,Australia,2000,0.09167,14788,760,0.0292,77,0.72,53.0,813,57,127,Our World in Data / UNAIDS,2026-09-30 02:09:07
265,AUS,Australia,2001,0.09373,15120,810,0.0311,71,0.63,54.0,832,61,117,Our World in Data / UNAIDS,2026-09-30 02:09:07
266,AUS,Australia,2002,0.09644,15557,850,0.0327,65,0.58,51.0,856,64,108,Our World in Data / UNAIDS,2026-09-30 02:09:07
267,AUS,Australia,2003,0.09911,15988,890,0.0342,75,0.57,51.0,879,67,123,Our World in Data / UNAIDS,2026-09-30 02:09:07
268,AUS,Australia,2004,0.10169,16404,930,0.0357,88,0.55,51.0,902,70,145,Our World in Data / UNAIDS,2026-09-30 02:09:07
269,AUS,Australia,2005,0.10401,16778,950,0.0365,92,0.48,53.0,923,71,152,Our World in Data / UNAIDS,2026-09-30 02:09:07
270,AUS,Australia,2006,0.1062,17132,980,0.0377,83,0.51,57.0,942,74,137,Our World in Data / UNAIDS,2026-09-30 02:09:07
271,AUS,Australia,2007,0.10669,17211,990,0.038,77,0.42,57.0,947,74,127,Our World in Data / UNAIDS,2026-09-30 02:09:07
272,AUS,Australia,2008,0.10673,17217,1000,0.0384,83,0.32,55.0,947,75,137,Our World in Data / UNAIDS,2026-09-30 02:09:07
273,AUS,Australia,2009,0.10694,17251,1000,0.0384,93,0.37,57.0,949,75,153,Our World in Data / UNAIDS,2026-09-30 02:09:07
274,AUS,Australia,2010,0.10768,17371,1000,0.0384,84,0.32,62.0,955,75,139,Our World in Data / UNAIDS,2026-09-30 02:09:07
275,AUS,Australia,2011,0.1081,17438,1000,0.0384,70,0.41,65.0,959,75,116,Our World in Data / UNAIDS,2026-09-30 02:09:07
276,AUS,Australia,2012,0.10919,17614,1000,0.0384,62,0.34,68.0,969,75,103,Our World in Data / UNAIDS,2026-09-30 02:09:07
277,AUS,Australia,2013,0.10909,17598,980,0.0377,59,0.27,73.0,968,74,98,Our World in Data / UNAIDS,2026-09-30 02:09:07
278,AUS,Australia,2014,0.10884,17558,950,0.0365,58,0.24,76.0,966,71,96,Our World in Data / UNAIDS,2026-09-30 02:09:07
279,AUS,Australia,2015,0.10877,17546,920,0.0354,54,0.19,80.0,965,69,90,Our World in Data / UNAIDS,2026-09-30 02:09:07
280,AUS,Australia,2016,0.10929,17630,880,0.0338,51,0.24,81.0,970,66,84,Our World in Data / UNAIDS,2026-09-30 02:09:07
281,AUS,Australia,2017,0.10966,17690,840,0.0323,50,0.23,83.0,973,63,82,Our World in Data / UNAIDS,2026-09-30 02:09:07
282,AUS,Australia,2018,0.10977,17708,790,0.0304,49,0.12,83.0,974,59,82,Our World in Data / UNAIDS,2026-09-30 02:09:07
283,AUS,Australia,2019,0.11001,17746,730,0.0281,50,0.16,84.0,976,55,83,Our World in Data / UNAIDS,2026-09-30 02:09:07
284,AUS,Australia,2020,0.11061,17843,660,0.0254,50,0.17,85.0,981,50,83,Our World in Data / UNAIDS,2026-09-30 02:09:07
285,AUS,Australia,2021,0.10842,17490,580,0.0223,50,0.14,85.0,962,44,82,Our World in Data / UNAIDS,2026-09-30 02:09:07
286,AUS,Australia,2022,0.1064,17164,500,0.0192,51,0.14,86.0,944,38,84,Our World in Data / UNAIDS,2026-09-30 02:09:07
287,AUT,Austria,2000,0.24165,13547,1650,0.1825,389,0.63,0.0,745,124,642,Our World in Data / UNAIDS,2026-09-30 02:09:07
288,AUT,Austria,2001,0.25329,14199,1700,0.188,363,0.62,0.0,781,128,599,Our World in Data / UNAIDS,2026-09-30 02:09:07
289,AUT,Austria,2002,0.27393,15356,1700,0.188,349,0.64,0.0,845,128,575,Our World in Data / UNAIDS,2026-09-30 02:09:07
290,AUT,Austria,2003,0.30624,17167,1700,0.188,386,0.61,1.5,944,128,636,Our World in Data / UNAIDS,2026-09-30 02:09:07
291,AUT,Austria,2004,0.31623,17727,1550,0.1714,445,0.66,3.0,975,116,735,Our World in Data / UNAIDS,2026-09-30 02:09:07
292,AUT,Austria,2005,0.31956,17914,1500,0.1659,400,0.87,6.5,985,112,660,Our World in Data / UNAIDS,2026-09-30 02:09:07
293,AUT,Austria,2006,0.32438,18184,1450,0.1604,432,0.52,9.5,1000,109,712,Our World in Data / UNAIDS,2026-09-30 02:09:07
294,AUT,Austria,2007,0.3304,18522,1300,0.1438,566,0.75,13.0,1019,98,934,Our World in Data / UNAIDS,2026-09-30 02:09:07
295,AUT,Austria,2008,0.33243,18636,1250,0.1382,534,0.56,17.0,1025,94,880,Our World in Data / UNAIDS,2026-09-30 02:09:07
296,AUT,Austria,2009,0.32959,18476,1300,0.1438,470,0.49,21.0,1016,98,776,Our World in Data / UNAIDS,2026-09-30 02:09:07
297,AUT,Austria,2010,0.33193,18608,1300,0.1438,452,0.55,24.9444,1023,98,746,Our World in Data / UNAIDS,2026-09-30 02:09:07
298,AUT,Austria,2011,0.34874,19550,1250,0.1382,468,0.52,28.0,1075,94,772,Our World in Data / UNAIDS,2026-09-30 02:09:07
299,AUT,Austria,2012,0.36233,20312,1250,0.1382,487,0.47,31.0,1117,94,803,Our World in Data / UNAIDS,2026-09-30 02:09:07
300,AUT,Austria,2013,0.36732,20592,1300,0.1438,517,0.63,35.0,1133,98,853,Our World in Data / UNAIDS,2026-09-30 02:09:07
301,AUT,Austria,2014,0.36172,20278,1200,0.1327,449,0.52,37.0,1115,90,741,Our World in Data / UNAIDS,2026-09-30 02:09:07
302,AUT,Austria,2015,0.36479,20450,1250,0.1382,430,0.51,41.0,1125,94,709,Our World in Data / UNAIDS,2026-09-30 02:09:07
303,AUT,Austria,2016,0.37443,20990,1200,0.1327,442,0.42,45.5,1154,90,730,Our World in Data / UNAIDS,2026-09-30 02:09:07
304,AUT,Austria,2017,0.36894,20682,1200,0.1327,424,0.3,50.5,1138,90,699,Our World in Data / UNAIDS,2026-09-30 02:09:07
305,AUT,Austria,2018,0.36413,20413,1200,0.1327,381,0.36,54.0,1123,90,629,Our World in Data / UNAIDS,2026-09-30 02:09:07
306,AUT,Austria,2019,0.37023,20755,1200,0.1327,357,0.46,59.0,1142,90,589,Our World in Data / UNAIDS,2026-09-30 02:09:07
307,AUT,Austria,2020,0.39803,22313,1250,0.1382,369,0.42,61.5,1227,94,609,Our World in Data / UNAIDS,2026-09-30 02:09:07
308,AUT,Austria,2021,0.40203,22537,1300,0.1438,371,0.41,64.5,1240,98,613,Our World in Data / UNAIDS,2026-09-30 02:09:07
309,AZE,Azerbaijan,1990,0.00526,331,910,0.0897,6,1.1,0.0,18,68,9,Our World in Data / UNAIDS,2026-09-30 02:09:07
310,AZE,Azerbaijan,1991,0.0068,428,910,0.0897,8,1.1,0.0,24,68,13,Our World in Data / UNAIDS,2026-09-30 02:09:07
311,AZE,Azerbaijan,1992,0.00891,560,910,0.0897,11,1.1,0.0,31,68,18,Our World in Data / UNAIDS,2026-09-30 02:09:07
312,AZE,Azerbaijan,1993,0.01186,746,910,0.0897,15,1.1,0.0,41,68,25,Our World in Data / UNAIDS,2026-09-30 02:09:07
313,AZE,Azerbaijan,1994,0.01612,1014,910,0.0897,20,1.1,0.0,56,68,33,Our World in Data / UNAIDS,2026-09-30 02:09:07
314,AZE,Azerbaijan,1995,0.02219,1395,910,0.0897,27,1.1,0.0,77,68,45,Our World in Data / UNAIDS,2026-09-30 02:09:07
315,AZE,Azerbaijan,1996,0.03028,1904,910,0.0897,37,1.1,0.0,105,68,62,Our World in Data / UNAIDS,2026-09-30 02:09:07
316,AZE,Azerbaijan,1997,0.04086,2569,910,0.0897,51,1.1,0.0,141,68,85,Our World in Data / UNAIDS,2026-09-30 02:09:07
317,AZE,Azerbaijan,1998,0.0528,3320,910,0.0897,70,1.1,0.0,183,68,116,Our World in Data / UNAIDS,2026-09-30 02:09:07
318,AZE,Azerbaijan,1999,0.06595,4147,910,0.0897,94,1.1,0.0,228,68,156,Our World in Data / UNAIDS,2026-09-30 02:09:07
319,AZE,Azerbaijan,2000,0.07872,4950,910,0.0897,124,1.1,0.0,272,68,205,Our World in Data / UNAIDS,2026-09-30 02:09:07
320,AZE,Azerbaijan,2001,0.08978,5645,920,0.0907,160,1.44,0.0,310,69,263,Our World in Data / UNAIDS,2026-09-30 02:09:07
321,AZE,Azerbaijan,2002,0.09856,6197,890,0.0878,200,1.81,0.0,341,67,329,Our World in Data / UNAIDS,2026-09-30 02:09:07
322,AZE,Azerbaijan,2003,0.10538,6626,870,0.0858,243,2.26,0.0,364,65,400,Our World in Data / UNAIDS,2026-09-30 02:09:07
323,AZE,Azerbaijan,2004,0.11052,6949,840,0.0828,288,2.75,0.0,382,63,476,Our World in Data / UNAIDS,2026-09-30 02:09:07
324,AZE,Azerbaijan,2005,0.11409,7174,810,0.0799,331,3.14,0.0,395,61,546,Our World in Data / UNAIDS,2026-09-30 02:09:07
325,AZE,Azerbaijan,2006,0.11665,7335,810,0.0799,374,3.64,0.0,403,61,617,Our World in Data / UNAIDS,2026-09-30 02:09:07
326,AZE,Azerbaijan,2007,0.11848,7450,790,0.0779,405,3.9,1.0,410,59,668,Our World in Data / UNAIDS,2026-09-30 02:09:07
327,AZE,Azerbaijan,2008,0.12015,7555,790,0.0779,418,3.91,2.0,416,59,690,Our World in Data / UNAIDS,2026-09-30 02:09:07
328,AZE,Azerbaijan,2009,0.12191,7666,790,0.0779,436,4.15,3.0,422,59,719,Our World in Data / UNAIDS,2026-09-30 02:09:07
329,AZE,Azerbaijan,2010,0.1235,7766,760,0.0749,443,4.11,6.0,427,57,730,Our World in Data / UNAIDS,2026-09-30 02:09:07
330,AZE,Azerbaijan,2011,0.12539,7884,740,0.073,422,3.72,9.0,434,56,696,Our World in Data / UNAIDS,2026-09-30 02:09:07
331,AZE,Azerbaijan,2012,0.1268,7973,700,0.069,408,3.54,11.0,439,52,673,Our World in Data / UNAIDS,2026-09-30 02:09:07
332,AZE,Azerbaijan,2013,0.12824,8064,670,0.0661,396,3.31,15.0,444,50,654,Our World in Data / UNAIDS,2026-09-30 02:09:07
333,AZE,Azerbaijan,2014,0.12987,8166,640,0.0631,362,2.78,21.0,449,48,598,Our World in Data / UNAIDS,2026-09-30 02:09:07
334,AZE,Azerbaijan,2015,0.13135,8259,600,0.0592,320,2.23,27.0,454,45,528,Our World in Data / UNAIDS,2026-09-30 02:09:07
335,AZE,Azerbaijan,2016,0.13159,8274,540,0.0532,292,1.9,33.0,455,40,482,Our World in Data / UNAIDS,2026-09-30 02:09:07
336,AZE,Azerbaijan,2017,0.1324,8325,570,0.0562,272,1.66,39.0,458,43,449,Our World in Data / UNAIDS,2026-09-30 02:09:07
337,AZE,Azerbaijan,2018,0.13344,8391,570,0.0562,239,1.31,46.0,462,43,394,Our World in Data / UNAIDS,2026-09-30 02:09:07
338,AZE,Azerbaijan,2019,0.13463,8465,540,0.0532,187,1.0,56.0,466,40,309,Our World in Data / UNAIDS,2026-09-30 02:09:07
339,AZE,Azerbaijan,2020,0.13489,8482,500,0.0493,151,0.79,60.0,467,38,249,Our World in Data / UNAIDS,2026-09-30 02:09:07
340,AZE,Azerbaijan,2021,0.13433,8447,500,0.0493,135,0.71,66.0,465,38,223,Our World in Data / UNAIDS,2026-09-30 02:09:07
341,AZE,Azerbaijan,2022,0.13356,8398,500,0.0493,129,0.71,67.0,462,38,212,Our World in Data / UNAIDS,2026-09-30 02:09:07
342,BDI,Burundi,1990,4.43086,365948,8000,0.6006,5898,190.89,0.0,20127,600,9732,Our World in Data / UNAIDS,2026-09-30 02:09:07
343,BDI,Burundi,1991,4.81285,397497,8000,0.6006,7066,190.89,0.0,21862,600,11658,Our World in Data / UNAIDS,2026-09-30 02:09:07
344,BDI,Burundi,1992,5.06491,418315,8000,0.6006,8195,190.89,0.0,23007,600,13522,Our World in Data / UNAIDS,2026-09-30 02:09:07
345,BDI,Burundi,1993,4.71461,389383,8000,0.6006,9229,190.89,0.0,21416,600,15228,Our World in Data / UNAIDS,2026-09-30 02:09:07
346,BDI,Burundi,1994,5.18995,428642,8000,0.6006,8538,190.89,0.0,23575,600,14087,Our World in Data / UNAIDS,2026-09-30 02:09:07
347,BDI,Burundi,1995,4.80164,396571,8000,0.6006,10633,190.89,0.0,21811,600,17544,Our World in Data / UNAIDS,2026-09-30 02:09:07
348,BDI,Burundi,1996,4.5086,372369,8000,0.6006,11216,190.89,0.0,20480,600,18507,Our World in Data / UNAIDS,2026-09-30 02:09:07
349,BDI,Burundi,1997,4.25572,351483,8000,0.6006,11123,190.89,0.0,19332,600,18353,Our World in Data / UNAIDS,2026-09-30 02:09:07
350,BDI,Burundi,1998,3.99316,329798,8000,0.6006,11295,190.89,0.0,18139,600,18637,Our World in Data / UNAIDS,2026-09-30 02:09:07
351,BDI,Burundi,1999,3.6713,303216,8000,0.6006,11579,190.89,0.0,16677,600,19106,Our World in Data / UNAIDS,2026-09-30 02:09:07
352,BDI,Burundi,2000,3.35818,277355,8000,0.6006,11598,190.89,0.0,15255,600,19137,Our World in Data / UNAIDS,2026-09-30 02:09:07
353,BDI,Burundi,2001,3.08335,254656,7700,0.578,11378,182.13,0.0,14006,578,18774,Our World in Data / UNAIDS,2026-09-30 02:09:07
354,BDI,Burundi,2002,2.81327,232350,6700,0.503,11199,173.93,1.0,12779,502,18478,Our World in Data / UNAIDS,2026-09-30 02:09:07
355,BDI,Burundi,2003,2.57767,212892,6400,0.4804,10871,163.23,1.0,11709,480,17936,Our World in Data / UNAIDS,2026-09-30 02:09:07
356,BDI,Burundi,2004,2.37215,195918,5900,0.4429,10193,147.5,4.0,10775,442,16819,Our World in Data / UNAIDS,2026-09-30 02:09:07
357,BDI,Burundi,2005,2.19215,181051,5300,0.3979,9269,129.63,6.0,9958,398,15293,Our World in Data / UNAIDS,2026-09-30 02:09:07
358,BDI,Burundi,2006,2.04248,168690,5300,0.3979,8549,115.75,8.0,9278,398,14106,Our World in Data / UNAIDS,2026-09-30 02:09:07
359,BDI,Burundi,2007,1.91153,157875,5000,0.3753,7835,103.25,11.0,8683,375,12928,Our World in Data / UNAIDS,2026-09-30 02:09:07
360,BDI,Burundi,2008,1.80398,148992,5000,0.3753,6970,88.14,15.0,8195,375,11501,Our World in Data / UNAIDS,2026-09-30 02:09:07
361,BDI,Burundi,2009,1.71859,141940,4100,0.3078,6325,76.66,18.0,7807,308,10437,Our World in Data / UNAIDS,2026-09-30 02:09:07
362,BDI,Burundi,2010,1.63736,135231,4500,0.3378,5780,66.84,23.0,7438,338,9536,Our World in Data / UNAIDS,2026-09-30 02:09:07
363,BDI,Burundi,2011,1.56029,128866,3800,0.2853,5041,56.28,28.0,7088,285,8318,Our World in Data / UNAIDS,2026-09-30 02:09:07
364,BDI,Burundi,2012,1.49304,123311,3500,0.2627,4499,49.46,31.0,6782,262,7424,Our World in Data / UNAIDS,2026-09-30 02:09:07
365,BDI,Burundi,2013,1.42685,117845,3100,0.2327,4229,44.1,36.0,6481,232,6978,Our World in Data / UNAIDS,2026-09-30 02:09:07
366,BDI,Burundi,2014,1.36559,112785,3000,0.2252,3800,39.48,41.0,6203,225,6271,Our World in Data / UNAIDS,2026-09-30 02:09:07
367,BDI,Burundi,2015,1.30826,108050,2800,0.2102,3283,33.94,49.0,5943,210,5418,Our World in Data / UNAIDS,2026-09-30 02:09:07
368,BDI,Burundi,2016,1.24927,103178,2200,0.1652,2637,26.29,61.0,5675,165,4351,Our World in Data / UNAIDS,2026-09-30 02:09:07
369,BDI,Burundi,2017,1.19003,98286,1900,0.1426,2097,21.11,69.0,5406,142,3460,Our World in Data / UNAIDS,2026-09-30 02:09:07
370,BDI,Burundi,2018,1.12726,93101,1500,0.1126,1745,17.33,75.0,5121,112,2878,Our World in Data / UNAIDS,2026-09-30 02:09:07
371,BDI,Burundi,2019,1.06605,88046,1500,0.1126,1549,15.4,83.0,4843,112,2556,Our World in Data / UNAIDS,2026-09-30 02:09:07
372,BDI,Burundi,2020,1.00451,82963,1400,0.1051,1362,12.43,86.0,4563,105,2247,Our World in Data / UNAIDS,2026-09-30 02:09:07
373,BDI,Burundi,2021,0.94503,78051,1500,0.1126,1261,10.66,88.0,4293,112,2081,Our World in Data / UNAIDS,2026-09-30 02:09:07
374,BDI,Burundi,2022,0.88697,73256,1400,0.1051,1211,10.66,90.0,4029,105,1998,Our World in Data / UNAIDS,2026-09-30 02:09:07
375,BEL,Belgium,1990,0.05354,3877,510,0.0437,175,0.54,38.0,213,38,288,Our World in Data / UNAIDS,2026-09-30 02:09:07
376,BEL,Belgium,1991,0.0547,3961,510,0.0437,195,0.54,38.0,218,38,322,Our World in Data / UNAIDS,2026-09-30 02:09:07
377,BEL,Belgium,1992,0.05625,4073,510,0.0437,214,0.54,38.0,224,38,353,Our World in Data / UNAIDS,2026-09-30 02:09:07
378,BEL,Belgium,1993,0.058,4200,510,0.0437,230,0.54,38.0,231,38,380,Our World in Data / UNAIDS,2026-09-30 02:09:07
379,BEL,Belgium,1994,0.06011,4353,510,0.0437,245,0.54,38.0,239,38,404,Our World in Data / UNAIDS,2026-09-30 02:09:07
380,BEL,Belgium,1995,0.06389,4627,510,0.0437,172,0.54,38.0,254,38,284,Our World in Data / UNAIDS,2026-09-30 02:09:07
381,BEL,Belgium,1996,0.06941,5026,510,0.0437,91,0.54,38.0,276,38,150,Our World in Data / UNAIDS,2026-09-30 02:09:07
382,BEL,Belgium,1997,0.07574,5485,510,0.0437,60,0.54,38.0,302,38,99,Our World in Data / UNAIDS,2026-09-30 02:09:07
383,BEL,Belgium,1998,0.08254,5977,510,0.0437,47,0.54,38.0,329,38,77,Our World in Data / UNAIDS,2026-09-30 02:09:07
384,BEL,Belgium,1999,0.08963,6491,510,0.0437,41,0.54,38.0,357,38,67,Our World in Data / UNAIDS,2026-09-30 02:09:07
385,BEL,Belgium,2000,0.0968,7010,510,0.0437,38,0.54,38.0,386,38,63,Our World in Data / UNAIDS,2026-09-30 02:09:07
386,BEL,Belgium,2001,0.10376,7514,530,0.0454,37,0.71,42.0,413,40,62,Our World in Data / UNAIDS,2026-09-30 02:09:07
387,BEL,Belgium,2002,0.11074,8019,550,0.0471,35,0.59,45.0,441,41,58,Our World in Data / UNAIDS,2026-09-30 02:09:07
388,BEL,Belgium,2003,0.11786,8535,570,0.0488,34,0.55,48.0,469,43,57,Our World in Data / UNAIDS,2026-09-30 02:09:07
389,BEL,Belgium,2004,0.125,9052,590,0.0505,35,0.69,51.0,498,44,57,Our World in Data / UNAIDS,2026-09-30 02:09:07
390,BEL,Belgium,2005,0.13192,9553,620,0.0531,35,0.58,54.0,525,46,58,Our World in Data / UNAIDS,2026-09-30 02:09:07
391,BEL,Belgium,2006,0.14098,10209,630,0.0539,34,0.49,63.0,561,47,55,Our World in Data / UNAIDS,2026-09-30 02:09:07
392,BEL,Belgium,2007,0.14962,10835,670,0.0574,32,0.47,65.0,596,50,53,Our World in Data / UNAIDS,2026-09-30 02:09:07
393,BEL,Belgium,2008,0.15827,11461,690,0.0591,30,0.51,69.0,630,52,50,Our World in Data / UNAIDS,2026-09-30 02:09:07
394,BEL,Belgium,2009,0.1661,12029,700,0.0599,31,0.42,73.0,662,52,52,Our World in Data / UNAIDS,2026-09-30 02:09:07
395,BEL,Belgium,2010,0.17379,12585,700,0.0599,27,0.59,78.0,692,52,45,Our World in Data / UNAIDS,2026-09-30 02:09:07
396,BEL,Belgium,2011,0.1818,13165,690,0.0591,24,0.44,83.0,724,52,39,Our World in Data / UNAIDS,2026-09-30 02:09:07
397,BEL,Belgium,2012,0.18886,13677,670,0.0574,22,0.39,80.0,752,50,36,Our World in Data / UNAIDS,2026-09-30 02:09:07
398,BEL,Belgium,2013,0.19518,14134,630,0.0539,24,0.52,83.0,777,47,39,Our World in Data / UNAIDS,2026-09-30 02:09:07
399,BEL,Belgium,2014,0.20016,14495,590,0.0505,22,0.35,84.0,797,44,36,Our World in Data / UNAIDS,2026-09-30 02:09:07
400,BEL,Belgium,2015,0.20302,14702,550,0.0471,21,0.29,87.0,809,41,34,Our World in Data / UNAIDS,2026-09-30 02:09:07
401,BEL,Belgium,2016,0.20568,14895,500,0.0428,20,0.35,88.0,819,38,34,Our World in Data / UNAIDS,2026-09-30 02:09:07
402,BEL,Belgium,2017,0.2069,14983,500,0.0428,20,0.31,89.0,824,38,33,Our World in Data / UNAIDS,2026-09-30 02:09:07
403,BEL,Belgium,2018,0.20655,14958,500,0.0428,21,0.25,90.0,823,38,34,Our World in Data / UNAIDS,2026-09-30 02:09:07
404,BEL,Belgium,2019,0.20511,14854,500,0.0428,20,0.29,88.0,817,38,34,Our World in Data / UNAIDS,2026-09-30 02:09:07
405,BEL,Belgium,2020,0.20331,14723,500,0.0428,20,0.21,87.0,810,38,33,Our World in Data / UNAIDS,2026-09-30 02:09:07
406,BEL,Belgium,2021,0.20145,14588,500,0.0428,21,0.28,88.0,802,38,35,Our World in Data / UNAIDS,2026-09-30 02:09:07
407,BEL,Belgium,2022,0.20016,14495,500,0.0428,22,0.28,88.0,797,38,36,Our World in Data / UNAIDS,2026-09-30 02:09:07
408,BEN,Benin,1990,0.24474,20879,6800,0.4942,255,64.4,0.0,1148,510,421,Our World in Data / UNAIDS,2026-09-30 02:09:07
409,BEN,Benin,1991,0.35284,30100,6800,0.4942,386,64.4,0.0,1656,510,636,Our World in Data / UNAIDS,2026-09-30 02:09:07
410,BEN,Benin,1992,0.48951,41760,6800,0.4942,566,64.4,0.0,2297,510,934,Our World in Data / UNAIDS,2026-09-30 02:09:07
411,BEN,Benin,1993,0.66456,56693,6800,0.4942,811,64.4,0.0,3118,510,1339,Our World in Data / UNAIDS,2026-09-30 02:09:07
412,BEN,Benin,1994,0.84876,72407,6800,0.4942,1163,64.4,0.0,3982,510,1920,Our World in Data / UNAIDS,2026-09-30 02:09:07
413,BEN,Benin,1995,1.03664,88435,6800,0.4942,1521,64.4,0.0,4864,510,2510,Our World in Data / UNAIDS,2026-09-30 02:09:07
414,BEN,Benin,1996,1.20026,102393,6800,0.4942,1919,64.4,0.0,5632,510,3166,Our World in Data / UNAIDS,2026-09-30 02:09:07
415,BEN,Benin,1997,1.32357,112912,6800,0.4942,2341,64.4,0.0,6210,510,3863,Our World in Data / UNAIDS,2026-09-30 02:09:07
416,BEN,Benin,1998,1.40198,119601,6800,0.4942,2774,64.4,0.0,6578,510,4577,Our World in Data / UNAIDS,2026-09-30 02:09:07
417,BEN,Benin,1999,1.43987,122834,6800,0.4942,3201,64.4,0.0,6756,510,5282,Our World in Data / UNAIDS,2026-09-30 02:09:07
418,BEN,Benin,2000,1.45032,123725,6800,0.4942,3614,64.4,0.0,6805,510,5963,Our World in Data / UNAIDS,2026-09-30 02:09:07
419,BEN,Benin,2001,1.43864,122729,6500,0.4724,4006,67.15,0.0,6750,488,6610,Our World in Data / UNAIDS,2026-09-30 02:09:07
420,BEN,Benin,2002,1.4079,120106,6100,0.4433,4366,69.22,0.0,6606,458,7203,Our World in Data / UNAIDS,2026-09-30 02:09:07
421,BEN,Benin,2003,1.36502,116448,5800,0.4215,4685,70.64,0.0,6405,435,7731,Our World in Data / UNAIDS,2026-09-30 02:09:07
422,BEN,Benin,2004,1.31902,112524,5800,0.4215,4962,71.34,0.0,6189,435,8187,Our World in Data / UNAIDS,2026-09-30 02:09:07
423,BEN,Benin,2005,1.27099,108427,5800,0.4215,5191,71.27,0.0,5963,435,8565,Our World in Data / UNAIDS,2026-09-30 02:09:07
424,BEN,Benin,2006,1.21324,103500,5400,0.3925,5393,71.02,0.0,5692,405,8898,Our World in Data / UNAIDS,2026-09-30 02:09:07
425,BEN,Benin,2007,1.15868,98846,5400,0.3925,5504,69.96,0.0,5437,405,9081,Our World in Data / UNAIDS,2026-09-30 02:09:07
426,BEN,Benin,2008,1.13694,96991,4700,0.3416,3508,50.87,19.0,5335,352,5789,Our World in Data / UNAIDS,2026-09-30 02:09:07
427,BEN,Benin,2009,1.12826,96251,4500,0.327,2419,34.3,25.0,5294,338,3991,Our World in Data / UNAIDS,2026-09-30 02:09:07
428,BEN,Benin,2010,1.11751,95334,4100,0.298,2107,29.25,30.0,5243,308,3476,Our World in Data / UNAIDS,2026-09-30 02:09:07
429,BEN,Benin,2011,1.0999,93831,3800,0.2762,2056,27.95,37.0,5161,285,3393,Our World in Data / UNAIDS,2026-09-30 02:09:07
430,BEN,Benin,2012,1.08209,92312,3700,0.2689,1989,26.81,40.0,5077,278,3282,Our World in Data / UNAIDS,2026-09-30 02:09:07
431,BEN,Benin,2013,1.06143,90549,3700,0.2689,1919,26.96,35.0,4980,278,3167,Our World in Data / UNAIDS,2026-09-30 02:09:07
432,BEN,Benin,2014,1.03467,88267,3300,0.2398,2126,28.88,40.0,4855,248,3508,Our World in Data / UNAIDS,2026-09-30 02:09:07
433,BEN,Benin,2015,1.00614,85833,2600,0.189,1992,26.46,36.0,4721,195,3286,Our World in Data / UNAIDS,2026-09-30 02:09:07
434,BEN,Benin,2016,0.97343,83042,2500,0.1817,2038,23.32,34.0,4567,188,3363,Our World in Data / UNAIDS,2026-09-30 02:09:07
435,BEN,Benin,2017,0.93701,79935,2400,0.1744,2097,21.26,53.0,4396,180,3460,Our World in Data / UNAIDS,2026-09-30 02:09:07
436,BEN,Benin,2018,0.89905,76697,2100,0.1526,1830,21.5,57.0,4218,158,3020,Our World in Data / UNAIDS,2026-09-30 02:09:07
437,BEN,Benin,2019,0.86132,73478,2100,0.1526,1756,19.51,63.0,4041,158,2898,Our World in Data / UNAIDS,2026-09-30 02:09:07
438,BEN,Benin,2020,0.82345,70248,1900,0.1381,1591,16.0,71.0,3864,142,2625,Our World in Data / UNAIDS,2026-09-30 02:09:07
439,BEN,Benin,2021,0.78283,66782,1800,0.1308,1534,14.97,79.0,3673,135,2530,Our World in Data / UNAIDS,2026-09-30 02:09:07
440,BEN,Benin,2022,0.74295,63380,1800,0.1308,1514,14.97,85.0,3486,135,2498,Our World in Data / UNAIDS,2026-09-30 02:09:07
441,BFA,Burkina Faso,1990,2.51318,350729,11000,0.4887,6416,110.16,0.0,19290,825,10586,Our World in Data / UNAIDS,2026-09-30 02:09:07
442,BFA,Burkina Faso,1991,2.66739,372250,11000,0.4887,7578,110.16,0.0,20474,825,12503,Our World in Data / UNAIDS,2026-09-30 02:09:07
443,BFA,Burkina Faso,1992,2.74531,383125,11000,0.4887,8674,110.16,0.0,21072,825,14312,Our World in Data / UNAIDS,2026-09-30 02:09:07
444,BFA,Burkina Faso,1993,2.75134,383966,11000,0.4887,9685,110.16,0.0,21118,825,15980,Our World in Data / UNAIDS,2026-09-30 02:09:07
445,BFA,Burkina Faso,1994,2.69857,376602,11000,0.4887,10577,110.16,0.0,20713,825,17452,Our World in Data / UNAIDS,2026-09-30 02:09:07
446,BFA,Burkina Faso,1995,2.60557,363623,11000,0.4887,11348,110.16,0.0,19999,825,18724,Our World in Data / UNAIDS,2026-09-30 02:09:07
447,BFA,Burkina Faso,1996,2.48552,346869,11000,0.4887,11973,110.16,0.0,19078,825,19756,Our World in Data / UNAIDS,2026-09-30 02:09:07
448,BFA,Burkina Faso,1997,2.35305,328382,11000,0.4887,12437,110.16,0.0,18061,825,20522,Our World in Data / UNAIDS,2026-09-30 02:09:07
449,BFA,Burkina Faso,1998,2.21365,308928,11000,0.4887,12761,110.16,0.0,16991,825,21055,Our World in Data / UNAIDS,2026-09-30 02:09:07
450,BFA,Burkina Faso,1999,2.06681,288436,11000,0.4887,12993,110.16,0.0,15864,825,21438,Our World in Data / UNAIDS,2026-09-30 02:09:07
451,BFA,Burkina Faso,2000,1.92088,268070,11000,0.4887,13095,110.16,0.0,14744,825,21607,Our World in Data / UNAIDS,2026-09-30 02:09:07
452,BFA,Burkina Faso,2001,1.77888,248253,9800,0.4354,13083,107.26,0.0,13654,735,21587,Our World in Data / UNAIDS,2026-09-30 02:09:07
453,BFA,Burkina Faso,2002,1.64507,229579,9200,0.4087,12965,103.65,0.0,12627,690,21392,Our World in Data / UNAIDS,2026-09-30 02:09:07
454,BFA,Burkina Faso,2003,1.52001,212127,8400,0.3732,12455,97.2,1.0,11667,630,20551,Our World in Data / UNAIDS,2026-09-30 02:09:07
455,BFA,Burkina Faso,2004,1.40872,196595,7600,0.3376,11511,87.8,3.0,10813,570,18993,Our World in Data / UNAIDS,2026-09-30 02:09:07
456,BFA,Burkina Faso,2005,1.31524,183550,7000,0.311,10334,77.26,7.0,10095,525,17050,Our World in Data / UNAIDS,2026-09-30 02:09:07
457,BFA,Burkina Faso,2006,1.23716,172653,6300,0.2799,8994,66.22,11.0,9496,472,14841,Our World in Data / UNAIDS,2026-09-30 02:09:07
458,BFA,Burkina Faso,2007,1.16886,163121,5700,0.2532,7999,58.17,14.0,8972,428,13198,Our World in Data / UNAIDS,2026-09-30 02:09:07
459,BFA,Burkina Faso,2008,1.11014,154927,5400,0.2399,7173,51.62,19.0,8521,405,11835,Our World in Data / UNAIDS,2026-09-30 02:09:07
460,BFA,Burkina Faso,2009,1.06021,147959,4900,0.2177,6060,44.45,24.0,8138,368,9999,Our World in Data / UNAIDS,2026-09-30 02:09:07
461,BFA,Burkina Faso,2010,1.01584,141767,4700,0.2088,5461,38.26,29.0,7797,352,9011,Our World in Data / UNAIDS,2026-09-30 02:09:07
462,BFA,Burkina Faso,2011,0.97222,135679,4100,0.1821,4950,34.54,34.0,7462,308,8168,Our World in Data / UNAIDS,2026-09-30 02:09:07
463,BFA,Burkina Faso,2012,0.92962,129734,4000,0.1777,4756,32.83,37.0,7135,300,7848,Our World in Data / UNAIDS,2026-09-30 02:09:07
464,BFA,Burkina Faso,2013,0.88547,123573,3600,0.1599,4482,31.5,41.0,6797,270,7395,Our World in Data / UNAIDS,2026-09-30 02:09:07
465,BFA,Burkina Faso,2014,0.84164,117456,3100,0.1377,4284,28.87,47.0,6460,232,7069,Our World in Data / UNAIDS,2026-09-30 02:09:07
466,BFA,Burkina Faso,2015,0.79936,111556,3500,0.1555,4024,26.71,53.0,6136,262,6639,Our World in Data / UNAIDS,2026-09-30 02:09:07
467,BFA,Burkina Faso,2016,0.7591,105937,3300,0.1466,3688,23.7,58.0,5827,248,6085,Our World in Data / UNAIDS,2026-09-30 02:09:07
468,BFA,Burkina Faso,2017,0.72191,100747,3200,0.1422,3454,21.25,64.0,5541,240,5698,Our World in Data / UNAIDS,2026-09-30 02:09:07
469,BFA,Burkina Faso,2018,0.68958,96235,3400,0.1511,3170,18.8,62.0,5293,255,5230,Our World in Data / UNAIDS,2026-09-30 02:09:07
470,BFA,Burkina Faso,2019,0.65677,91656,3000,0.1333,3068,17.19,72.0,5041,225,5062,Our World in Data / UNAIDS,2026-09-30 02:09:07
471,BFA,Burkina Faso,2020,0.62525,87257,2800,0.1244,2753,14.73,66.0,4799,210,4542,Our World in Data / UNAIDS,2026-09-30 02:09:07
472,BFA,Burkina Faso,2021,0.59684,83293,3100,0.1377,2657,12.82,71.0,4581,232,4385,Our World in Data / UNAIDS,2026-09-30 02:09:07
473,BFA,Burkina Faso,2022,0.56926,79444,2900,0.1288,2512,12.82,76.0,4369,218,4145,Our World in Data / UNAIDS,2026-09-30 02:09:07
474,BGD,Bangladesh,1990,0.00023,242,500,0.003,5,0.03,0.0,13,38,8,Our World in Data / UNAIDS,2026-09-30 02:09:07
475,BGD,Bangladesh,1991,0.00027,284,500,0.003,8,0.03,0.0,16,38,13,Our World in Data / UNAIDS,2026-09-30 02:09:07
476,BGD,Bangladesh,1992,0.00032,336,500,0.003,12,0.03,0.0,18,38,19,Our World in Data / UNAIDS,2026-09-30 02:09:07
477,BGD,Bangladesh,1993,0.00038,399,500,0.003,16,0.03,0.0,22,38,26,Our World in Data / UNAIDS,2026-09-30 02:09:07
478,BGD,Bangladesh,1994,0.00045,473,500,0.003,20,0.03,0.0,26,38,33,Our World in Data / UNAIDS,2026-09-30 02:09:07
479,BGD,Bangladesh,1995,0.00053,557,500,0.003,25,0.03,0.0,31,38,41,Our World in Data / UNAIDS,2026-09-30 02:09:07
480,BGD,Bangladesh,1996,0.00063,662,500,0.003,30,0.03,0.0,36,38,50,Our World in Data / UNAIDS,2026-09-30 02:09:07
481,BGD,Bangladesh,1997,0.00077,809,500,0.003,36,0.03,0.0,44,38,60,Our World in Data / UNAIDS,2026-09-30 02:09:07
482,BGD,Bangladesh,1998,0.00094,987,500,0.003,43,0.03,0.0,54,38,71,Our World in Data / UNAIDS,2026-09-30 02:09:07
483,BGD,Bangladesh,1999,0.00118,1239,500,0.003,51,0.03,0.0,68,38,83,Our World in Data / UNAIDS,2026-09-30 02:09:07
484,BGD,Bangladesh,2000,0.00155,1628,500,0.003,60,0.03,0.0,90,38,100,Our World in Data / UNAIDS,2026-09-30 02:09:07
485,BGD,Bangladesh,2001,0.00206,2163,500,0.003,73,0.04,0.0,119,38,121,Our World in Data / UNAIDS,2026-09-30 02:09:07
486,BGD,Bangladesh,2002,0.00269,2825,600,0.0035,90,0.05,0.0,155,45,149,Our World in Data / UNAIDS,2026-09-30 02:09:07
487,BGD,Bangladesh,2003,0.00343,3602,730,0.0043,113,0.07,0.0,198,55,186,Our World in Data / UNAIDS,2026-09-30 02:09:07
488,BGD,Bangladesh,2004,0.00423,4442,830,0.0049,141,0.09,0.0,244,62,232,Our World in Data / UNAIDS,2026-09-30 02:09:07
489,BGD,Bangladesh,2005,0.00502,5272,880,0.0052,172,0.11,0.0,290,66,284,Our World in Data / UNAIDS,2026-09-30 02:09:07
490,BGD,Bangladesh,2006,0.00574,6028,880,0.0052,204,0.13,1.0,332,66,337,Our World in Data / UNAIDS,2026-09-30 02:09:07
491,BGD,Bangladesh,2007,0.00641,6732,880,0.0052,240,0.16,1.0,370,66,397,Our World in Data / UNAIDS,2026-09-30 02:09:07
492,BGD,Bangladesh,2008,0.00705,7404,910,0.0054,268,0.18,4.0,407,68,442,Our World in Data / UNAIDS,2026-09-30 02:09:07
493,BGD,Bangladesh,2009,0.00768,8065,930,0.0055,284,0.18,5.0,444,70,468,Our World in Data / UNAIDS,2026-09-30 02:09:07
494,BGD,Bangladesh,2010,0.00825,8664,930,0.0055,316,0.2,6.0,477,70,522,Our World in Data / UNAIDS,2026-09-30 02:09:07
495,BGD,Bangladesh,2011,0.0088,9242,990,0.0058,353,0.22,8.0,508,74,582,Our World in Data / UNAIDS,2026-09-30 02:09:07
496,BGD,Bangladesh,2012,0.00937,9840,1100,0.0065,387,0.24,9.0,541,82,638,Our World in Data / UNAIDS,2026-09-30 02:09:07
497,BGD,Bangladesh,2013,0.00998,10481,1200,0.0071,419,0.26,11.0,576,90,691,Our World in Data / UNAIDS,2026-09-30 02:09:07
498,BGD,Bangladesh,2014,0.01061,11142,1200,0.0071,449,0.27,12.0,613,90,741,Our World in Data / UNAIDS,2026-09-30 02:09:07
499,BGD,Bangladesh,2015,0.01123,11794,1300,0.0077,486,0.29,13.0,649,98,802,Our World in Data / UNAIDS,2026-09-30 02:09:07
500,BGD,Bangladesh,2016,0.0118,12392,1300,0.0077,514,0.3,15.0,682,98,848,Our World in Data / UNAIDS,2026-09-30 02:09:07
501,BGD,Bangladesh,2017,0.0123,12917,1300,0.0077,517,0.31,20.0,710,98,854,Our World in Data / UNAIDS,2026-09-30 02:09:07
502,BGD,Bangladesh,2018,0.01273,13369,1200,0.0071,523,0.31,23.0,735,90,862,Our World in Data / UNAIDS,2026-09-30 02:09:07
503,BGD,Bangladesh,2019,0.01311,13768,1200,0.0071,557,0.33,24.0,757,90,920,Our World in Data / UNAIDS,2026-09-30 02:09:07
504,BGD,Bangladesh,2020,0.01343,14104,1200,0.0071,580,0.36,29.0,776,90,956,Our World in Data / UNAIDS,2026-09-30 02:09:07
505,BGD,Bangladesh,2021,0.01372,14409,1200,0.0071,584,0.33,30.0,792,90,963,Our World in Data / UNAIDS,2026-09-30 02:09:07
506,BGD,Bangladesh,2022,0.01395,14650,1200,0.0071,607,0.33,33.0,806,90,1002,Our World in Data / UNAIDS,2026-09-30 02:09:07
507,BGR,Bulgaria,1990,0.01935,776,200,0.0309,40,0.02,4.0,43,15,66,Our World in Data / UNAIDS,2026-09-30 02:09:07
508,BGR,Bulgaria,1991,0.02175,872,200,0.0309,45,0.02,4.0,48,15,74,Our World in Data / UNAIDS,2026-09-30 02:09:07
509,BGR,Bulgaria,1992,0.0244,978,200,0.0309,50,0.02,4.0,54,15,82,Our World in Data / UNAIDS,2026-09-30 02:09:07
510,BGR,Bulgaria,1993,0.02738,1097,200,0.0309,55,0.02,4.0,60,15,91,Our World in Data / UNAIDS,2026-09-30 02:09:07
511,BGR,Bulgaria,1994,0.03064,1228,200,0.0309,62,0.02,4.0,68,15,103,Our World in Data / UNAIDS,2026-09-30 02:09:07
512,BGR,Bulgaria,1995,0.03428,1374,200,0.0309,70,0.02,4.0,76,15,115,Our World in Data / UNAIDS,2026-09-30 02:09:07
513,BGR,Bulgaria,1996,0.03824,1533,200,0.0309,78,0.02,4.0,84,15,129,Our World in Data / UNAIDS,2026-09-30 02:09:07
514,BGR,Bulgaria,1997,0.03869,1551,200,0.0309,86,0.02,4.0,85,15,143,Our World in Data / UNAIDS,2026-09-30 02:09:07
515,BGR,Bulgaria,1998,0.03859,1547,200,0.0309,94,0.02,4.0,85,15,155,Our World in Data / UNAIDS,2026-09-30 02:09:07
516,BGR,Bulgaria,1999,0.03872,1552,200,0.0309,90,0.02,4.0,85,15,149,Our World in Data / UNAIDS,2026-09-30 02:09:07
517,BGR,Bulgaria,2000,0.03919,1571,200,0.0309,86,0.02,4.0,86,15,142,Our World in Data / UNAIDS,2026-09-30 02:09:07
518,BGR,Bulgaria,2001,0.03958,1587,200,0.0309,89,0.02,6.0,87,15,147,Our World in Data / UNAIDS,2026-09-30 02:09:07
519,BGR,Bulgaria,2002,0.04014,1609,200,0.0309,94,0.02,6.0,88,15,155,Our World in Data / UNAIDS,2026-09-30 02:09:07
520,BGR,Bulgaria,2003,0.04085,1637,200,0.0309,95,0.02,8.0,90,15,156,Our World in Data / UNAIDS,2026-09-30 02:09:07
521,BGR,Bulgaria,2004,0.04181,1676,200,0.0309,93,0.02,9.0,92,15,153,Our World in Data / UNAIDS,2026-09-30 02:09:07
522,BGR,Bulgaria,2005,0.04295,1722,200,0.0309,96,0.03,10.0,95,15,158,Our World in Data / UNAIDS,2026-09-30 02:09:07
523,BGR,Bulgaria,2006,0.04433,1777,200,0.0309,97,0.03,11.0,98,15,161,Our World in Data / UNAIDS,2026-09-30 02:09:07
524,BGR,Bulgaria,2007,0.04589,1839,200,0.0309,98,0.01,13.0,101,15,161,Our World in Data / UNAIDS,2026-09-30 02:09:07
525,BGR,Bulgaria,2008,0.04771,1912,200,0.0309,96,0.04,14.0,105,15,159,Our World in Data / UNAIDS,2026-09-30 02:09:07
526,BGR,Bulgaria,2009,0.04999,2004,200,0.0309,86,0.01,17.0,110,15,142,Our World in Data / UNAIDS,2026-09-30 02:09:07
527,BGR,Bulgaria,2010,0.05277,2115,200,0.0309,77,0.1,19.0,116,15,127,Our World in Data / UNAIDS,2026-09-30 02:09:07
528,BGR,Bulgaria,2011,0.05572,2233,200,0.0309,77,0.17,22.0,123,15,126,Our World in Data / UNAIDS,2026-09-30 02:09:07
529,BGR,Bulgaria,2012,0.05899,2365,200,0.0309,74,0.19,25.0,130,15,123,Our World in Data / UNAIDS,2026-09-30 02:09:07
530,BGR,Bulgaria,2013,0.06242,2502,200,0.0309,72,0.12,28.0,138,15,119,Our World in Data / UNAIDS,2026-09-30 02:09:07
531,BGR,Bulgaria,2014,0.06584,2639,200,0.0309,71,0.25,31.0,145,15,118,Our World in Data / UNAIDS,2026-09-30 02:09:07
532,BGR,Bulgaria,2015,0.06949,2785,200,0.0309,70,0.28,34.0,153,15,116,Our World in Data / UNAIDS,2026-09-30 02:09:07
533,BGR,Bulgaria,2016,0.07336,2941,500,0.0773,65,0.35,38.0,162,38,107,Our World in Data / UNAIDS,2026-09-30 02:09:07
534,BGR,Bulgaria,2017,0.07761,3111,500,0.0773,56,0.35,44.0,171,38,92,Our World in Data / UNAIDS,2026-09-30 02:09:07
535,BGR,Bulgaria,2018,0.08246,3305,500,0.0773,45,0.17,51.0,182,38,74,Our World in Data / UNAIDS,2026-09-30 02:09:07
536,BGR,Bulgaria,2019,0.08756,3510,500,0.0773,38,0.18,55.0,193,38,63,Our World in Data / UNAIDS,2026-09-30 02:09:07
537,BGR,Bulgaria,2020,0.09276,3718,500,0.0773,37,0.29,56.0,204,38,62,Our World in Data / UNAIDS,2026-09-30 02:09:07
538,BGR,Bulgaria,2021,0.0979,3924,500,0.0773,41,0.25,57.0,216,38,67,Our World in Data / UNAIDS,2026-09-30 02:09:07
539,BGR,Bulgaria,2022,0.10368,4156,500,0.0773,37,0.25,60.0,229,38,60,Our World in Data / UNAIDS,2026-09-30 02:09:07
540,BHR,Bahrain,1990,0.03663,346,100,0.0656,6,1.73,7.0,19,8,10,Our World in Data / UNAIDS,2026-09-30 02:09:07
541,BHR,Bahrain,1991,0.04113,389,100,0.0656,7,1.73,7.0,21,8,11,Our World in Data / UNAIDS,2026-09-30 02:09:07
542,BHR,Bahrain,1992,0.04514,427,100,0.0656,8,1.73,7.0,23,8,13,Our World in Data / UNAIDS,2026-09-30 02:09:07
543,BHR,Bahrain,1993,0.04943,467,100,0.0656,9,1.73,7.0,26,8,15,Our World in Data / UNAIDS,2026-09-30 02:09:07
544,BHR,Bahrain,1994,0.05384,509,100,0.0656,11,1.73,7.0,28,8,18,Our World in Data / UNAIDS,2026-09-30 02:09:07
545,BHR,Bahrain,1995,0.05756,544,100,0.0656,12,1.73,7.0,30,8,20,Our World in Data / UNAIDS,2026-09-30 02:09:07
546,BHR,Bahrain,1996,0.05866,555,100,0.0656,14,1.73,7.0,31,8,22,Our World in Data / UNAIDS,2026-09-30 02:09:07
547,BHR,Bahrain,1997,0.05633,532,100,0.0656,15,1.73,7.0,29,8,25,Our World in Data / UNAIDS,2026-09-30 02:09:07
548,BHR,Bahrain,1998,0.05233,495,100,0.0656,16,1.73,7.0,27,8,27,Our World in Data / UNAIDS,2026-09-30 02:09:07
549,BHR,Bahrain,1999,0.04805,454,100,0.0656,17,1.73,7.0,25,8,29,Our World in Data / UNAIDS,2026-09-30 02:09:07
550,BHR,Bahrain,2000,0.04444,420,100,0.0656,16,1.73,7.0,23,8,26,Our World in Data / UNAIDS,2026-09-30 02:09:07
551,BHR,Bahrain,2001,0.04018,380,100,0.0656,14,1.46,8.0,21,8,23,Our World in Data / UNAIDS,2026-09-30 02:09:07
552,BHR,Bahrain,2002,0.03614,342,100,0.0656,15,1.55,12.0,19,8,24,Our World in Data / UNAIDS,2026-09-30 02:09:07
553,BHR,Bahrain,2003,0.03286,311,100,0.0656,15,1.61,12.0,17,8,25,Our World in Data / UNAIDS,2026-09-30 02:09:07
554,BHR,Bahrain,2004,0.0302,285,100,0.0656,16,1.59,12.0,16,8,27,Our World in Data / UNAIDS,2026-09-30 02:09:07
555,BHR,Bahrain,2005,0.0282,267,100,0.0656,17,1.63,15.0,15,8,27,Our World in Data / UNAIDS,2026-09-30 02:09:07
556,BHR,Bahrain,2006,0.02688,254,100,0.0656,16,1.63,17.0,14,8,26,Our World in Data / UNAIDS,2026-09-30 02:09:07
557,BHR,Bahrain,2007,0.02613,247,100,0.0656,15,1.58,19.0,14,8,25,Our World in Data / UNAIDS,2026-09-30 02:09:07
558,BHR,Bahrain,2008,0.02579,244,100,0.0656,15,1.56,20.0,13,8,25,Our World in Data / UNAIDS,2026-09-30 02:09:07
559,BHR,Bahrain,2009,0.02582,244,100,0.0656,15,1.52,21.0,13,8,25,Our World in Data / UNAIDS,2026-09-30 02:09:07
560,BHR,Bahrain,2010,0.02578,244,100,0.0656,15,1.44,24.0,13,8,25,Our World in Data / UNAIDS,2026-09-30 02:09:07
561,BHR,Bahrain,2011,0.02595,245,100,0.0656,13,1.26,28.0,13,8,22,Our World in Data / UNAIDS,2026-09-30 02:09:07
562,BHR,Bahrain,2012,0.02656,251,100,0.0656,12,1.13,30.0,14,8,19,Our World in Data / UNAIDS,2026-09-30 02:09:07
563,BHR,Bahrain,2013,0.02715,257,100,0.0656,11,1.17,31.0,14,8,19,Our World in Data / UNAIDS,2026-09-30 02:09:07
564,BHR,Bahrain,2014,0.02818,266,100,0.0656,11,1.15,33.0,15,8,19,Our World in Data / UNAIDS,2026-09-30 02:09:07
565,BHR,Bahrain,2015,0.02973,281,100,0.0656,11,1.02,35.0,15,8,18,Our World in Data / UNAIDS,2026-09-30 02:09:07
566,BHR,Bahrain,2016,0.03155,298,100,0.0656,12,0.96,33.0,16,8,19,Our World in Data / UNAIDS,2026-09-30 02:09:07
567,BHR,Bahrain,2017,0.03355,317,100,0.0656,13,0.96,35.0,17,8,21,Our World in Data / UNAIDS,2026-09-30 02:09:07
568,BHR,Bahrain,2018,0.0356,337,100,0.0656,12,0.97,46.0,19,8,19,Our World in Data / UNAIDS,2026-09-30 02:09:07
569,BHR,Bahrain,2019,0.03827,362,100,0.0656,10,0.55,59.0,20,8,16,Our World in Data / UNAIDS,2026-09-30 02:09:07
570,BHR,Bahrain,2020,0.03973,376,100,0.0656,8,0.21,64.0,21,8,13,Our World in Data / UNAIDS,2026-09-30 02:09:07
571,BHR,Bahrain,2021,0.04297,406,100,0.0656,7,0.21,55.0,22,8,11,Our World in Data / UNAIDS,2026-09-30 02:09:07
572,BHR,Bahrain,2022,0.0477,451,100,0.0656,7,0.21,49.0,25,8,12,Our World in Data / UNAIDS,2026-09-30 02:09:07
573,BHS,Bahamas,1990,1.42418,3510,500,1.2577,85,91.78,1.0,193,38,140,Our World in Data / UNAIDS,2026-09-30 02:09:07
574,BHS,Bahamas,1991,1.61849,3989,500,1.2577,112,91.78,1.0,219,38,184,Our World in Data / UNAIDS,2026-09-30 02:09:07
575,BHS,Bahamas,1992,1.78137,4391,500,1.2577,142,91.78,1.0,242,38,235,Our World in Data / UNAIDS,2026-09-30 02:09:07
576,BHS,Bahamas,1993,1.91316,4715,500,1.2577,173,91.78,1.0,259,38,286,Our World in Data / UNAIDS,2026-09-30 02:09:07
577,BHS,Bahamas,1994,2.01487,4966,500,1.2577,204,91.78,1.0,273,38,337,Our World in Data / UNAIDS,2026-09-30 02:09:07
578,BHS,Bahamas,1995,2.08764,5145,500,1.2577,233,91.78,1.0,283,38,384,Our World in Data / UNAIDS,2026-09-30 02:09:07
579,BHS,Bahamas,1996,2.13286,5257,500,1.2577,256,91.78,1.0,289,38,422,Our World in Data / UNAIDS,2026-09-30 02:09:07
580,BHS,Bahamas,1997,2.153,5307,500,1.2577,279,91.78,1.0,292,38,461,Our World in Data / UNAIDS,2026-09-30 02:09:07
581,BHS,Bahamas,1998,2.15065,5301,500,1.2577,301,91.78,1.0,292,38,497,Our World in Data / UNAIDS,2026-09-30 02:09:07
582,BHS,Bahamas,1999,2.12883,5247,500,1.2577,319,91.78,1.0,289,38,527,Our World in Data / UNAIDS,2026-09-30 02:09:07
583,BHS,Bahamas,2000,2.09016,5152,500,1.2577,334,91.78,1.0,283,38,552,Our World in Data / UNAIDS,2026-09-30 02:09:07
584,BHS,Bahamas,2001,2.03723,5021,500,1.2577,344,91.85,2.0,276,38,568,Our World in Data / UNAIDS,2026-09-30 02:09:07
585,BHS,Bahamas,2002,1.97268,4862,500,1.2577,349,95.14,3.0,267,38,575,Our World in Data / UNAIDS,2026-09-30 02:09:07
586,BHS,Bahamas,2003,1.93075,4759,500,1.2577,277,71.85,17.0,262,38,456,Our World in Data / UNAIDS,2026-09-30 02:09:07
587,BHS,Bahamas,2004,1.91303,4715,500,1.2577,204,49.05,21.0,259,38,336,Our World in Data / UNAIDS,2026-09-30 02:09:07
588,BHS,Bahamas,2005,1.89287,4665,500,1.2577,192,50.1,25.0,257,38,316,Our World in Data / UNAIDS,2026-09-30 02:09:07
589,BHS,Bahamas,2006,1.87448,4620,500,1.2577,167,40.84,32.0,254,38,275,Our World in Data / UNAIDS,2026-09-30 02:09:07
590,BHS,Bahamas,2007,1.85099,4562,500,1.2577,152,35.64,32.0,251,38,251,Our World in Data / UNAIDS,2026-09-30 02:09:07
591,BHS,Bahamas,2008,1.82229,4491,200,0.5031,155,36.5,37.0,247,15,255,Our World in Data / UNAIDS,2026-09-30 02:09:07
592,BHS,Bahamas,2009,1.79766,4431,200,0.5031,135,34.17,41.0,244,15,222,Our World in Data / UNAIDS,2026-09-30 02:09:07
593,BHS,Bahamas,2010,1.76793,4357,200,0.5031,133,29.38,30.0,240,15,219,Our World in Data / UNAIDS,2026-09-30 02:09:07
594,BHS,Bahamas,2011,1.71953,4238,200,0.5031,173,37.72,30.0,233,15,285,Our World in Data / UNAIDS,2026-09-30 02:09:07
595,BHS,Bahamas,2012,1.65885,4089,200,0.5031,199,41.33,38.0,225,15,328,Our World in Data / UNAIDS,2026-09-30 02:09:07
596,BHS,Bahamas,2013,1.60626,3959,200,0.5031,165,42.84,46.0,218,15,272,Our World in Data / UNAIDS,2026-09-30 02:09:07
597,BHS,Bahamas,2014,1.56543,3858,200,0.5031,121,32.55,55.0,212,15,199,Our World in Data / UNAIDS,2026-09-30 02:09:07
598,BHS,Bahamas,2015,1.52544,3760,200,0.5031,107,28.15,54.0,207,15,176,Our World in Data / UNAIDS,2026-09-30 02:09:07
599,BHS,Bahamas,2016,1.47475,3635,100,0.2515,122,31.57,54.0,200,8,202,Our World in Data / UNAIDS,2026-09-30 02:09:07
600,BHS,Bahamas,2017,1.42772,3519,100,0.2515,97,25.2,70.0,194,8,160,Our World in Data / UNAIDS,2026-09-30 02:09:07
601,BHS,Bahamas,2018,1.38676,3418,100,0.2515,62,15.76,74.0,188,8,102,Our World in Data / UNAIDS,2026-09-30 02:09:07
602,BHS,Bahamas,2019,1.34181,3307,100,0.2515,58,15.92,72.0,182,8,96,Our World in Data / UNAIDS,2026-09-30 02:09:07
603,BHS,Bahamas,2020,1.29074,3181,100,0.2515,68,18.25,72.0,175,8,113,Our World in Data / UNAIDS,2026-09-30 02:09:07
604,BHS,Bahamas,2021,1.23454,3043,100,0.2515,71,19.06,74.0,167,8,117,Our World in Data / UNAIDS,2026-09-30 02:09:07
605,BHS,Bahamas,2022,1.17787,2903,100,0.2515,70,19.06,74.0,160,8,115,Our World in Data / UNAIDS,2026-09-30 02:09:07
606,BIH,Bosnia and Herzegovina,2000,0.24165,4802,1650,0.5149,389,0.08,0.0,264,124,642,Our World in Data / UNAIDS,2026-09-30 02:09:07
607,BIH,Bosnia and Herzegovina,2001,0.25329,5033,1700,0.5305,363,0.09,0.0,277,128,599,Our World in Data / UNAIDS,2026-09-30 02:09:07
608,BIH,Bosnia and Herzegovina,2002,0.27393,5443,1700,0.5305,349,0.1,0.0,299,128,575,Our World in Data / UNAIDS,2026-09-30 02:09:07
609,BIH,Bosnia and Herzegovina,2003,0.30624,6085,1700,0.5305,386,0.11,1.5,335,128,636,Our World in Data / UNAIDS,2026-09-30 02:09:07
610,BIH,Bosnia and Herzegovina,2004,0.31623,6283,1550,0.4836,445,0.06,3.0,346,116,735,Our World in Data / UNAIDS,2026-09-30 02:09:07
611,BIH,Bosnia and Herzegovina,2005,0.31956,6349,1500,0.468,400,0.02,6.5,349,112,660,Our World in Data / UNAIDS,2026-09-30 02:09:07
612,BIH,Bosnia and Herzegovina,2006,0.32438,6445,1450,0.4524,432,0.02,9.5,354,109,712,Our World in Data / UNAIDS,2026-09-30 02:09:07
613,BIH,Bosnia and Herzegovina,2007,0.3304,6565,1300,0.4056,566,0.03,13.0,361,98,934,Our World in Data / UNAIDS,2026-09-30 02:09:07
614,BIH,Bosnia and Herzegovina,2008,0.33243,6605,1250,0.39,534,0.04,17.0,363,94,880,Our World in Data / UNAIDS,2026-09-30 02:09:07
615,BIH,Bosnia and Herzegovina,2009,0.32959,6549,1300,0.4056,470,0.06,21.0,360,98,776,Our World in Data / UNAIDS,2026-09-30 02:09:07
616,BIH,Bosnia and Herzegovina,2010,0.33193,6595,1300,0.4056,452,0.06,24.9444,363,98,746,Our World in Data / UNAIDS,2026-09-30 02:09:07
617,BIH,Bosnia and Herzegovina,2011,0.34874,6929,1250,0.39,468,0.05,28.0,381,94,772,Our World in Data / UNAIDS,2026-09-30 02:09:07
618,BIH,Bosnia and Herzegovina,2012,0.36233,7199,1250,0.39,487,0.04,31.0,396,94,803,Our World in Data / UNAIDS,2026-09-30 02:09:07
619,BIH,Bosnia and Herzegovina,2013,0.36732,7299,1300,0.4056,517,0.04,35.0,401,98,853,Our World in Data / UNAIDS,2026-09-30 02:09:07
620,BIH,Bosnia and Herzegovina,2014,0.36172,7187,1200,0.3744,449,0.06,37.0,395,90,741,Our World in Data / UNAIDS,2026-09-30 02:09:07
621,BIH,Bosnia and Herzegovina,2015,0.36479,7248,1250,0.39,430,0.07,41.0,399,94,709,Our World in Data / UNAIDS,2026-09-30 02:09:07
622,BIH,Bosnia and Herzegovina,2016,0.37443,7440,1200,0.3744,442,0.05,45.5,409,90,730,Our World in Data / UNAIDS,2026-09-30 02:09:07
623,BIH,Bosnia and Herzegovina,2017,0.36894,7331,1200,0.3744,424,0.05,50.5,403,90,699,Our World in Data / UNAIDS,2026-09-30 02:09:07
624,BIH,Bosnia and Herzegovina,2018,0.36413,7235,1200,0.3744,381,0.05,54.0,398,90,629,Our World in Data / UNAIDS,2026-09-30 02:09:07
625,BIH,Bosnia and Herzegovina,2019,0.37023,7356,1200,0.3744,357,0.05,59.0,405,90,589,Our World in Data / UNAIDS,2026-09-30 02:09:07
626,BIH,Bosnia and Herzegovina,2020,0.39803,7909,1250,0.39,369,0.06,61.5,435,94,609,Our World in Data / UNAIDS,2026-09-30 02:09:07
627,BIH,Bosnia and Herzegovina,2021,0.40203,7988,1300,0.4056,371,0.07,64.5,439,98,613,Our World in Data / UNAIDS,2026-09-30 02:09:07
628,BLR,Belarus,2000,0.24165,13826,1650,0.1788,389,0.71,0.0,760,124,642,Our World in Data / UNAIDS,2026-09-30 02:09:07
629,BLR,Belarus,2001,0.25329,14492,1700,0.1842,363,0.9,0.0,797,128,599,Our World in Data / UNAIDS,2026-09-30 02:09:07
630,BLR,Belarus,2002,0.27393,15672,1700,0.1842,349,1.2,0.0,862,128,575,Our World in Data / UNAIDS,2026-09-30 02:09:07
631,BLR,Belarus,2003,0.30624,17521,1700,0.1842,386,1.52,1.5,964,128,636,Our World in Data / UNAIDS,2026-09-30 02:09:07
632,BLR,Belarus,2004,0.31623,18093,1550,0.168,445,1.88,3.0,995,116,735,Our World in Data / UNAIDS,2026-09-30 02:09:07
633,BLR,Belarus,2005,0.31956,18283,1500,0.1625,400,2.23,6.5,1006,112,660,Our World in Data / UNAIDS,2026-09-30 02:09:07
634,BLR,Belarus,2006,0.32438,18559,1450,0.1571,432,2.2,9.5,1021,109,712,Our World in Data / UNAIDS,2026-09-30 02:09:07
635,BLR,Belarus,2007,0.3304,18903,1300,0.1409,566,2.14,13.0,1040,98,934,Our World in Data / UNAIDS,2026-09-30 02:09:07
636,BLR,Belarus,2008,0.33243,19020,1250,0.1355,534,2.64,17.0,1046,94,880,Our World in Data / UNAIDS,2026-09-30 02:09:07
637,BLR,Belarus,2009,0.32959,18857,1300,0.1409,470,3.19,21.0,1037,98,776,Our World in Data / UNAIDS,2026-09-30 02:09:07
638,BLR,Belarus,2010,0.33193,18991,1300,0.1409,452,3.52,24.9444,1045,98,746,Our World in Data / UNAIDS,2026-09-30 02:09:07
639,BLR,Belarus,2011,0.34874,19953,1250,0.1355,468,3.77,28.0,1097,94,772,Our World in Data / UNAIDS,2026-09-30 02:09:07
640,BLR,Belarus,2012,0.36233,20730,1250,0.1355,487,3.91,31.0,1140,94,803,Our World in Data / UNAIDS,2026-09-30 02:09:07
641,BLR,Belarus,2013,0.36732,21016,1300,0.1409,517,3.95,35.0,1156,98,853,Our World in Data / UNAIDS,2026-09-30 02:09:07
642,BLR,Belarus,2014,0.36172,20695,1200,0.13,449,4.27,37.0,1138,90,741,Our World in Data / UNAIDS,2026-09-30 02:09:07
643,BLR,Belarus,2015,0.36479,20871,1250,0.1355,430,4.24,41.0,1148,94,709,Our World in Data / UNAIDS,2026-09-30 02:09:07
644,BLR,Belarus,2016,0.37443,21423,1200,0.13,442,3.88,45.5,1178,90,730,Our World in Data / UNAIDS,2026-09-30 02:09:07
645,BLR,Belarus,2017,0.36894,21108,1200,0.13,424,3.74,50.5,1161,90,699,Our World in Data / UNAIDS,2026-09-30 02:09:07
646,BLR,Belarus,2018,0.36413,20833,1200,0.13,381,3.4,54.0,1146,90,629,Our World in Data / UNAIDS,2026-09-30 02:09:07
647,BLR,Belarus,2019,0.37023,21182,1200,0.13,357,3.14,59.0,1165,90,589,Our World in Data / UNAIDS,2026-09-30 02:09:07
648,BLR,Belarus,2020,0.39803,22773,1250,0.1355,369,3.25,61.5,1253,94,609,Our World in Data / UNAIDS,2026-09-30 02:09:07
649,BLR,Belarus,2021,0.40203,23001,1300,0.1409,371,3.38,64.5,1265,98,613,Our World in Data / UNAIDS,2026-09-30 02:09:07
650,BLZ,Belize,1990,0.14427,360,500,1.2415,5,28.06,1.0,20,38,8,Our World in Data / UNAIDS,2026-09-30 02:09:07
651,BLZ,Belize,1991,0.19118,477,500,1.2415,7,28.06,1.0,26,38,11,Our World in Data / UNAIDS,2026-09-30 02:09:07
652,BLZ,Belize,1992,0.25076,626,500,1.2415,9,28.06,1.0,34,38,15,Our World in Data / UNAIDS,2026-09-30 02:09:07
653,BLZ,Belize,1993,0.32465,811,500,1.2415,12,28.06,1.0,45,38,20,Our World in Data / UNAIDS,2026-09-30 02:09:07
654,BLZ,Belize,1994,0.4116,1028,500,1.2415,16,28.06,1.0,57,38,26,Our World in Data / UNAIDS,2026-09-30 02:09:07
655,BLZ,Belize,1995,0.50988,1273,500,1.2415,21,28.06,1.0,70,38,35,Our World in Data / UNAIDS,2026-09-30 02:09:07
656,BLZ,Belize,1996,0.61689,1540,500,1.2415,27,28.06,1.0,85,38,45,Our World in Data / UNAIDS,2026-09-30 02:09:07
657,BLZ,Belize,1997,0.72924,1821,500,1.2415,35,28.06,1.0,100,38,58,Our World in Data / UNAIDS,2026-09-30 02:09:07
658,BLZ,Belize,1998,0.84219,2103,500,1.2415,45,28.06,1.0,116,38,74,Our World in Data / UNAIDS,2026-09-30 02:09:07
659,BLZ,Belize,1999,0.95176,2376,500,1.2415,56,28.06,1.0,131,38,93,Our World in Data / UNAIDS,2026-09-30 02:09:07
660,BLZ,Belize,2000,1.05379,2631,500,1.2415,69,28.06,1.0,145,38,114,Our World in Data / UNAIDS,2026-09-30 02:09:07
661,BLZ,Belize,2001,1.14183,2851,500,1.2415,80,31.49,1.0,157,38,133,Our World in Data / UNAIDS,2026-09-30 02:09:07
662,BLZ,Belize,2002,1.21924,3044,500,1.2415,87,29.6,3.0,167,38,144,Our World in Data / UNAIDS,2026-09-30 02:09:07
663,BLZ,Belize,2003,1.28976,3220,500,1.2415,83,30.06,8.0,177,38,137,Our World in Data / UNAIDS,2026-09-30 02:09:07
664,BLZ,Belize,2004,1.34626,3362,500,1.2415,86,30.46,7.0,185,38,141,Our World in Data / UNAIDS,2026-09-30 02:09:07
665,BLZ,Belize,2005,1.38689,3463,500,1.2415,91,30.79,11.0,190,38,150,Our World in Data / UNAIDS,2026-09-30 02:09:07
666,BLZ,Belize,2006,1.41919,3544,500,1.2415,87,28.92,14.0,195,38,144,Our World in Data / UNAIDS,2026-09-30 02:09:07
667,BLZ,Belize,2007,1.43948,3594,500,1.2415,90,29.14,15.0,198,38,148,Our World in Data / UNAIDS,2026-09-30 02:09:07
668,BLZ,Belize,2008,1.45059,3622,500,1.2415,92,29.05,18.0,199,38,153,Our World in Data / UNAIDS,2026-09-30 02:09:07
669,BLZ,Belize,2009,1.45634,3636,500,1.2415,88,29.26,24.0,200,38,145,Our World in Data / UNAIDS,2026-09-30 02:09:07
670,BLZ,Belize,2010,1.45434,3631,200,0.4966,90,27.92,26.0,200,15,148,Our World in Data / UNAIDS,2026-09-30 02:09:07
671,BLZ,Belize,2011,1.44648,3612,200,0.4966,92,25.65,30.0,199,15,151,Our World in Data / UNAIDS,2026-09-30 02:09:07
672,BLZ,Belize,2012,1.43455,3582,200,0.4966,91,25.05,31.0,197,15,150,Our World in Data / UNAIDS,2026-09-30 02:09:07
673,BLZ,Belize,2013,1.41786,3540,200,0.4966,96,28.74,34.0,195,15,158,Our World in Data / UNAIDS,2026-09-30 02:09:07
674,BLZ,Belize,2014,1.39514,3484,200,0.4966,107,28.43,33.0,192,15,177,Our World in Data / UNAIDS,2026-09-30 02:09:07
675,BLZ,Belize,2015,1.3682,3416,200,0.4966,117,29.21,36.0,188,15,193,Our World in Data / UNAIDS,2026-09-30 02:09:07
676,BLZ,Belize,2016,1.34018,3346,200,0.4966,117,29.69,38.0,184,15,192,Our World in Data / UNAIDS,2026-09-30 02:09:07
677,BLZ,Belize,2017,1.31084,3273,200,0.4966,125,30.18,38.0,180,15,207,Our World in Data / UNAIDS,2026-09-30 02:09:07
678,BLZ,Belize,2018,1.28197,3201,200,0.4966,129,28.89,41.0,176,15,212,Our World in Data / UNAIDS,2026-09-30 02:09:07
679,BLZ,Belize,2019,1.25614,3137,200,0.4966,127,27.14,42.0,173,15,209,Our World in Data / UNAIDS,2026-09-30 02:09:07
680,BLZ,Belize,2020,1.22968,3070,200,0.4966,131,26.33,41.0,169,15,217,Our World in Data / UNAIDS,2026-09-30 02:09:07
681,BLZ,Belize,2021,1.20563,3010,200,0.4966,133,25.55,42.0,166,15,219,Our World in Data / UNAIDS,2026-09-30 02:09:07
682,BLZ,Belize,2022,1.1845,2958,200,0.4966,125,25.55,44.0,163,15,206,Our World in Data / UNAIDS,2026-09-30 02:09:07
683,BOL,Bolivia,1990,0.05298,3967,1900,0.1573,67,10.0,0.0,218,142,110,Our World in Data / UNAIDS,2026-09-30 02:09:07
684,BOL,Bolivia,1991,0.083,6215,1900,0.1573,97,10.0,0.0,342,142,161,Our World in Data / UNAIDS,2026-09-30 02:09:07
685,BOL,Bolivia,1992,0.12777,9567,1900,0.1573,146,10.0,0.0,526,142,240,Our World in Data / UNAIDS,2026-09-30 02:09:07
686,BOL,Bolivia,1993,0.18361,13748,1900,0.1573,217,10.0,0.0,756,142,359,Our World in Data / UNAIDS,2026-09-30 02:09:07
687,BOL,Bolivia,1994,0.22402,16774,1900,0.1573,309,10.0,0.0,923,142,509,Our World in Data / UNAIDS,2026-09-30 02:09:07
688,BOL,Bolivia,1995,0.24981,18705,1900,0.1573,411,10.0,0.0,1029,142,678,Our World in Data / UNAIDS,2026-09-30 02:09:07
689,BOL,Bolivia,1996,0.269,20142,1900,0.1573,519,10.0,0.0,1108,142,857,Our World in Data / UNAIDS,2026-09-30 02:09:07
690,BOL,Bolivia,1997,0.28314,21201,1900,0.1573,633,10.0,0.0,1166,142,1044,Our World in Data / UNAIDS,2026-09-30 02:09:07
691,BOL,Bolivia,1998,0.29478,22073,1900,0.1573,748,10.0,0.0,1214,142,1234,Our World in Data / UNAIDS,2026-09-30 02:09:07
692,BOL,Bolivia,1999,0.30644,22946,1900,0.1573,863,10.0,0.0,1262,142,1424,Our World in Data / UNAIDS,2026-09-30 02:09:07
693,BOL,Bolivia,2000,0.3155,23624,1900,0.1573,973,10.0,0.0,1299,142,1606,Our World in Data / UNAIDS,2026-09-30 02:09:07
694,BOL,Bolivia,2001,0.32072,24015,1900,0.1573,1071,10.78,0.0,1321,142,1767,Our World in Data / UNAIDS,2026-09-30 02:09:07
695,BOL,Bolivia,2002,0.32392,24255,1900,0.1573,1154,11.44,0.0,1334,142,1904,Our World in Data / UNAIDS,2026-09-30 02:09:07
696,BOL,Bolivia,2003,0.32629,24432,2000,0.1656,1228,12.02,1.0,1344,150,2026,Our World in Data / UNAIDS,2026-09-30 02:09:07
697,BOL,Bolivia,2004,0.3279,24553,2000,0.1656,1295,12.54,1.0,1350,150,2136,Our World in Data / UNAIDS,2026-09-30 02:09:07
698,BOL,Bolivia,2005,0.32915,24646,2100,0.1739,1336,12.75,1.0,1356,158,2205,Our World in Data / UNAIDS,2026-09-30 02:09:07
699,BOL,Bolivia,2006,0.3296,24680,2100,0.1739,1359,12.78,2.0,1357,158,2242,Our World in Data / UNAIDS,2026-09-30 02:09:07
700,BOL,Bolivia,2007,0.33035,24736,2100,0.1739,1389,12.88,3.0,1360,158,2292,Our World in Data / UNAIDS,2026-09-30 02:09:07
701,BOL,Bolivia,2008,0.33049,24747,2100,0.1739,1415,12.92,3.0,1361,158,2334,Our World in Data / UNAIDS,2026-09-30 02:09:07
702,BOL,Bolivia,2009,0.33143,24817,2100,0.1739,1373,12.37,5.0,1365,158,2266,Our World in Data / UNAIDS,2026-09-30 02:09:07
703,BOL,Bolivia,2010,0.33202,24861,2000,0.1656,1355,11.99,6.0,1367,150,2236,Our World in Data / UNAIDS,2026-09-30 02:09:07
704,BOL,Bolivia,2011,0.33201,24860,2100,0.1739,1441,12.58,6.0,1367,158,2378,Our World in Data / UNAIDS,2026-09-30 02:09:07
705,BOL,Bolivia,2012,0.33219,24874,2100,0.1739,1397,12.0,11.0,1368,158,2305,Our World in Data / UNAIDS,2026-09-30 02:09:07
706,BOL,Bolivia,2013,0.33283,24922,2100,0.1739,1320,11.15,13.0,1371,158,2177,Our World in Data / UNAIDS,2026-09-30 02:09:07
707,BOL,Bolivia,2014,0.33376,24991,2100,0.1739,1304,10.89,16.0,1375,158,2152,Our World in Data / UNAIDS,2026-09-30 02:09:07
708,BOL,Bolivia,2015,0.33583,25146,2100,0.1739,1198,9.95,23.0,1383,158,1977,Our World in Data / UNAIDS,2026-09-30 02:09:07
709,BOL,Bolivia,2016,0.33861,25355,2100,0.1739,1083,9.0,27.0,1395,158,1787,Our World in Data / UNAIDS,2026-09-30 02:09:07
710,BOL,Bolivia,2017,0.34119,25548,2000,0.1656,998,8.42,32.0,1405,150,1647,Our World in Data / UNAIDS,2026-09-30 02:09:07
711,BOL,Bolivia,2018,0.34474,25814,2000,0.1656,887,7.39,38.0,1420,150,1464,Our World in Data / UNAIDS,2026-09-30 02:09:07
712,BOL,Bolivia,2019,0.34836,26085,2000,0.1656,794,6.25,43.0,1435,150,1311,Our World in Data / UNAIDS,2026-09-30 02:09:07
713,BOL,Bolivia,2020,0.35156,26324,2000,0.1656,742,5.97,46.0,1448,150,1225,Our World in Data / UNAIDS,2026-09-30 02:09:07
714,BOL,Bolivia,2021,0.35483,26569,2000,0.1656,685,5.68,50.0,1461,150,1130,Our World in Data / UNAIDS,2026-09-30 02:09:07
715,BOL,Bolivia,2022,0.35797,26804,2000,0.1656,654,5.68,51.0,1474,150,1080,Our World in Data / UNAIDS,2026-09-30 02:09:07
716,BRA,Brazil,1990,0.14684,191465,26000,0.1236,6471,7.55,31.0,10531,1950,10677,Our World in Data / UNAIDS,2026-09-30 02:09:07
717,BRA,Brazil,1991,0.17368,226461,26000,0.1236,8802,7.55,31.0,12455,1950,14523,Our World in Data / UNAIDS,2026-09-30 02:09:07
718,BRA,Brazil,1992,0.19876,259163,26000,0.1236,11423,7.55,31.0,14254,1950,18848,Our World in Data / UNAIDS,2026-09-30 02:09:07
719,BRA,Brazil,1993,0.22083,287940,26000,0.1236,14292,7.55,31.0,15837,1950,23581,Our World in Data / UNAIDS,2026-09-30 02:09:07
720,BRA,Brazil,1994,0.23884,311423,26000,0.1236,17353,7.55,31.0,17128,1950,28633,Our World in Data / UNAIDS,2026-09-30 02:09:07
721,BRA,Brazil,1995,0.252,328583,26000,0.1236,20492,7.55,31.0,18072,1950,33813,Our World in Data / UNAIDS,2026-09-30 02:09:07
722,BRA,Brazil,1996,0.26678,347854,26000,0.1236,16710,7.55,31.0,19132,1950,27571,Our World in Data / UNAIDS,2026-09-30 02:09:07
723,BRA,Brazil,1997,0.27879,363514,26000,0.1236,15937,7.55,31.0,19993,1950,26295,Our World in Data / UNAIDS,2026-09-30 02:09:07
724,BRA,Brazil,1998,0.28624,373228,26000,0.1236,16229,7.55,31.0,20528,1950,26777,Our World in Data / UNAIDS,2026-09-30 02:09:07
725,BRA,Brazil,1999,0.29151,380100,26000,0.1236,14139,7.55,31.0,20906,1950,23329,Our World in Data / UNAIDS,2026-09-30 02:09:07
726,BRA,Brazil,2000,0.29503,384690,26000,0.1236,13049,7.55,31.0,21158,1950,21531,Our World in Data / UNAIDS,2026-09-30 02:09:07
727,BRA,Brazil,2001,0.29766,388119,25000,0.1189,12042,7.52,36.0,21347,1875,19869,Our World in Data / UNAIDS,2026-09-30 02:09:07
728,BRA,Brazil,2002,0.29995,391105,24000,0.1141,11812,7.46,39.0,21511,1800,19489,Our World in Data / UNAIDS,2026-09-30 02:09:07
729,BRA,Brazil,2003,0.3018,393517,25000,0.1189,12720,7.47,42.0,21643,1875,20988,Our World in Data / UNAIDS,2026-09-30 02:09:07
730,BRA,Brazil,2004,0.30455,397103,27000,0.1284,13321,7.16,46.0,21841,2025,21979,Our World in Data / UNAIDS,2026-09-30 02:09:07
731,BRA,Brazil,2005,0.30996,404157,29000,0.1379,13235,6.95,49.0,22229,2175,21837,Our World in Data / UNAIDS,2026-09-30 02:09:07
732,BRA,Brazil,2006,0.31915,416140,34000,0.1617,13132,6.67,46.0,22888,2550,21668,Our World in Data / UNAIDS,2026-09-30 02:09:07
733,BRA,Brazil,2007,0.33044,430861,38000,0.1807,15163,6.75,46.0,23697,2850,25019,Our World in Data / UNAIDS,2026-09-30 02:09:07
734,BRA,Brazil,2008,0.34468,449428,43000,0.2045,15928,6.92,46.0,24719,3225,26282,Our World in Data / UNAIDS,2026-09-30 02:09:07
735,BRA,Brazil,2009,0.36218,472246,47000,0.2235,16053,7.02,47.0,25974,3525,26487,Our World in Data / UNAIDS,2026-09-30 02:09:07
736,BRA,Brazil,2010,0.38405,500763,51000,0.2425,14271,6.96,50.0,27542,3825,23548,Our World in Data / UNAIDS,2026-09-30 02:09:07
737,BRA,Brazil,2011,0.40904,533347,55000,0.2615,13327,6.86,51.0,29334,4125,21990,Our World in Data / UNAIDS,2026-09-30 02:09:07
738,BRA,Brazil,2012,0.43628,568865,59000,0.2805,12832,6.72,53.0,31288,4425,21172,Our World in Data / UNAIDS,2026-09-30 02:09:07
739,BRA,Brazil,2013,0.46523,606613,62000,0.2948,12366,6.91,56.0,33364,4650,20404,Our World in Data / UNAIDS,2026-09-30 02:09:07
740,BRA,Brazil,2014,0.49459,644896,65000,0.3091,13231,6.84,59.0,35469,4875,21831,Our World in Data / UNAIDS,2026-09-30 02:09:07
741,BRA,Brazil,2015,0.52458,684000,67000,0.3186,13639,6.81,63.0,37620,5025,22505,Our World in Data / UNAIDS,2026-09-30 02:09:07
742,BRA,Brazil,2016,0.55558,724421,68000,0.3233,12547,6.72,64.0,39843,5100,20702,Our World in Data / UNAIDS,2026-09-30 02:09:07
743,BRA,Brazil,2017,0.58651,764750,69000,0.3281,12071,6.24,66.0,42061,5175,19918,Our World in Data / UNAIDS,2026-09-30 02:09:07
744,BRA,Brazil,2018,0.61652,803880,69000,0.3281,11741,5.91,68.0,44213,5175,19373,Our World in Data / UNAIDS,2026-09-30 02:09:07
745,BRA,Brazil,2019,0.64502,841041,68000,0.3233,11478,5.62,69.0,46257,5100,18939,Our World in Data / UNAIDS,2026-09-30 02:09:07
746,BRA,Brazil,2020,0.67168,875803,66000,0.3138,11337,5.6,68.0,48169,4950,18706,Our World in Data / UNAIDS,2026-09-30 02:09:07
747,BRA,Brazil,2021,0.69537,906693,64000,0.3043,11808,5.87,69.0,49868,4800,19483,Our World in Data / UNAIDS,2026-09-30 02:09:07
748,BRA,Brazil,2022,0.71611,933736,62000,0.2948,12090,5.87,69.0,51355,4650,19948,Our World in Data / UNAIDS,2026-09-30 02:09:07
749,BRB,Barbados,1990,0.16888,296,200,0.7084,7,33.9,0.0,16,15,11,Our World in Data / UNAIDS,2026-09-30 02:09:07
750,BRB,Barbados,1991,0.23535,412,200,0.7084,10,33.9,0.0,23,15,17,Our World in Data / UNAIDS,2026-09-30 02:09:07
751,BRB,Barbados,1992,0.31999,560,200,0.7084,15,33.9,0.0,31,15,24,Our World in Data / UNAIDS,2026-09-30 02:09:07
752,BRB,Barbados,1993,0.4278,749,200,0.7084,21,33.9,0.0,41,15,35,Our World in Data / UNAIDS,2026-09-30 02:09:07
753,BRB,Barbados,1994,0.55244,967,200,0.7084,29,33.9,0.0,53,15,48,Our World in Data / UNAIDS,2026-09-30 02:09:07
754,BRB,Barbados,1995,0.6636,1162,200,0.7084,38,33.9,0.0,64,15,63,Our World in Data / UNAIDS,2026-09-30 02:09:07
755,BRB,Barbados,1996,0.75797,1327,200,0.7084,49,33.9,0.0,73,15,81,Our World in Data / UNAIDS,2026-09-30 02:09:07
756,BRB,Barbados,1997,0.83624,1464,200,0.7084,61,33.9,0.0,81,15,100,Our World in Data / UNAIDS,2026-09-30 02:09:07
757,BRB,Barbados,1998,0.89914,1574,200,0.7084,73,33.9,0.0,87,15,120,Our World in Data / UNAIDS,2026-09-30 02:09:07
758,BRB,Barbados,1999,0.94936,1662,200,0.7084,84,33.9,0.0,91,15,139,Our World in Data / UNAIDS,2026-09-30 02:09:07
759,BRB,Barbados,2000,0.98707,1728,200,0.7084,96,33.9,0.0,95,15,158,Our World in Data / UNAIDS,2026-09-30 02:09:07
760,BRB,Barbados,2001,1.01333,1774,200,0.7084,107,35.52,0.0,98,15,177,Our World in Data / UNAIDS,2026-09-30 02:09:07
761,BRB,Barbados,2002,1.03367,1809,200,0.7084,112,36.35,3.0,99,15,184,Our World in Data / UNAIDS,2026-09-30 02:09:07
762,BRB,Barbados,2003,1.06655,1867,200,0.7084,80,26.39,18.0,103,15,133,Our World in Data / UNAIDS,2026-09-30 02:09:07
763,BRB,Barbados,2004,1.10912,1941,200,0.7084,50,15.23,22.0,107,15,83,Our World in Data / UNAIDS,2026-09-30 02:09:07
764,BRB,Barbados,2005,1.14507,2004,200,0.7084,47,12.72,24.0,110,15,77,Our World in Data / UNAIDS,2026-09-30 02:09:07
765,BRB,Barbados,2006,1.17385,2055,200,0.7084,51,14.38,26.0,113,15,84,Our World in Data / UNAIDS,2026-09-30 02:09:07
766,BRB,Barbados,2007,1.19621,2094,200,0.7084,57,16.03,29.0,115,15,93,Our World in Data / UNAIDS,2026-09-30 02:09:07
767,BRB,Barbados,2008,1.21364,2124,200,0.7084,56,17.17,32.0,117,15,93,Our World in Data / UNAIDS,2026-09-30 02:09:07
768,BRB,Barbados,2009,1.22664,2147,200,0.7084,57,17.51,35.0,118,15,94,Our World in Data / UNAIDS,2026-09-30 02:09:07
769,BRB,Barbados,2010,1.23452,2161,200,0.7084,61,18.31,38.0,119,15,101,Our World in Data / UNAIDS,2026-09-30 02:09:07
770,BRB,Barbados,2011,1.23822,2167,200,0.7084,64,18.02,40.0,119,15,106,Our World in Data / UNAIDS,2026-09-30 02:09:07
771,BRB,Barbados,2012,1.23878,2168,200,0.7084,65,19.18,43.0,119,15,107,Our World in Data / UNAIDS,2026-09-30 02:09:07
772,BRB,Barbados,2013,1.23727,2166,200,0.7084,64,18.14,45.0,119,15,106,Our World in Data / UNAIDS,2026-09-30 02:09:07
773,BRB,Barbados,2014,1.2289,2151,200,0.7084,68,19.68,46.0,118,15,112,Our World in Data / UNAIDS,2026-09-30 02:09:07
774,BRB,Barbados,2015,1.21371,2124,200,0.7084,73,21.27,47.0,117,15,120,Our World in Data / UNAIDS,2026-09-30 02:09:07
775,BRB,Barbados,2016,1.1964,2094,100,0.3542,73,20.95,50.0,115,8,121,Our World in Data / UNAIDS,2026-09-30 02:09:07
776,BRB,Barbados,2017,1.18002,2065,100,0.3542,70,20.55,53.0,114,8,116,Our World in Data / UNAIDS,2026-09-30 02:09:07
777,BRB,Barbados,2018,1.16292,2036,100,0.3542,67,17.67,55.0,112,8,111,Our World in Data / UNAIDS,2026-09-30 02:09:07
778,BRB,Barbados,2019,1.14617,2006,100,0.3542,64,17.29,58.0,110,8,105,Our World in Data / UNAIDS,2026-09-30 02:09:07
779,BRB,Barbados,2020,1.12897,1976,100,0.3542,64,17.29,57.0,109,8,105,Our World in Data / UNAIDS,2026-09-30 02:09:07
780,BRB,Barbados,2021,1.11084,1944,100,0.3542,66,16.64,59.0,107,8,109,Our World in Data / UNAIDS,2026-09-30 02:09:07
781,BRB,Barbados,2022,1.08977,1908,100,0.3542,69,16.64,57.0,105,8,113,Our World in Data / UNAIDS,2026-09-30 02:09:07
782,BRN,Brunei,2000,0.24165,682,1650,3.6234,389,0.22,0.0,38,124,642,Our World in Data / UNAIDS,2026-09-30 02:09:07
783,BRN,Brunei,2001,0.25329,715,1700,3.7332,363,0.23,0.0,39,128,599,Our World in Data / UNAIDS,2026-09-30 02:09:07
784,BRN,Brunei,2002,0.27393,773,1700,3.7332,349,0.18,0.0,43,128,575,Our World in Data / UNAIDS,2026-09-30 02:09:07
785,BRN,Brunei,2003,0.30624,865,1700,3.7332,386,0.26,1.5,48,128,636,Our World in Data / UNAIDS,2026-09-30 02:09:07
786,BRN,Brunei,2004,0.31623,893,1550,3.4038,445,0.25,3.0,49,116,735,Our World in Data / UNAIDS,2026-09-30 02:09:07
787,BRN,Brunei,2005,0.31956,902,1500,3.294,400,0.28,6.5,50,112,660,Our World in Data / UNAIDS,2026-09-30 02:09:07
788,BRN,Brunei,2006,0.32438,916,1450,3.1842,432,0.28,9.5,50,109,712,Our World in Data / UNAIDS,2026-09-30 02:09:07
789,BRN,Brunei,2007,0.3304,933,1300,2.8548,566,0.3,13.0,51,98,934,Our World in Data / UNAIDS,2026-09-30 02:09:07
790,BRN,Brunei,2008,0.33243,939,1250,2.745,534,0.5,17.0,52,94,880,Our World in Data / UNAIDS,2026-09-30 02:09:07
791,BRN,Brunei,2009,0.32959,931,1300,2.8548,470,0.55,21.0,51,98,776,Our World in Data / UNAIDS,2026-09-30 02:09:07
792,BRN,Brunei,2010,0.33193,937,1300,2.8548,452,0.62,24.9444,52,98,746,Our World in Data / UNAIDS,2026-09-30 02:09:07
793,BRN,Brunei,2011,0.34874,985,1250,2.745,468,0.26,28.0,54,94,772,Our World in Data / UNAIDS,2026-09-30 02:09:07
794,BRN,Brunei,2012,0.36233,1023,1250,2.745,487,0.61,31.0,56,94,803,Our World in Data / UNAIDS,2026-09-30 02:09:07
795,BRN,Brunei,2013,0.36732,1037,1300,2.8548,517,0.58,35.0,57,98,853,Our World in Data / UNAIDS,2026-09-30 02:09:07
796,BRN,Brunei,2014,0.36172,1021,1200,2.6352,449,0.65,37.0,56,90,741,Our World in Data / UNAIDS,2026-09-30 02:09:07
797,BRN,Brunei,2015,0.36479,1030,1250,2.745,430,0.56,41.0,57,94,709,Our World in Data / UNAIDS,2026-09-30 02:09:07
798,BRN,Brunei,2016,0.37443,1057,1200,2.6352,442,0.67,45.5,58,90,730,Our World in Data / UNAIDS,2026-09-30 02:09:07
799,BRN,Brunei,2017,0.36894,1042,1200,2.6352,424,0.48,50.5,57,90,699,Our World in Data / UNAIDS,2026-09-30 02:09:07
800,BRN,Brunei,2018,0.36413,1028,1200,2.6352,381,0.16,54.0,57,90,629,Our World in Data / UNAIDS,2026-09-30 02:09:07
801,BRN,Brunei,2019,0.37023,1045,1200,2.6352,357,78.3638,59.0,57,90,589,Our World in Data / UNAIDS,2026-09-30 02:09:07
802,BRN,Brunei,2020,0.39803,1124,1250,2.745,369,0.24,61.5,62,94,609,Our World in Data / UNAIDS,2026-09-30 02:09:07
803,BRN,Brunei,2021,0.40203,1135,1300,2.8548,371,0.24,64.5,62,98,613,Our World in Data / UNAIDS,2026-09-30 02:09:07
804,BTN,Bhutan,1990,0.03505,170,100,0.1281,7,1.48,0.0,9,8,12,Our World in Data / UNAIDS,2026-09-30 02:09:07
805,BTN,Bhutan,1991,0.03718,180,100,0.1281,8,1.48,0.0,10,8,13,Our World in Data / UNAIDS,2026-09-30 02:09:07
806,BTN,Bhutan,1992,0.03927,190,100,0.1281,9,1.48,0.0,10,8,14,Our World in Data / UNAIDS,2026-09-30 02:09:07
807,BTN,Bhutan,1993,0.0414,200,100,0.1281,9,1.48,0.0,11,8,14,Our World in Data / UNAIDS,2026-09-30 02:09:07
808,BTN,Bhutan,1994,0.04354,211,100,0.1281,9,1.48,0.0,12,8,15,Our World in Data / UNAIDS,2026-09-30 02:09:07
809,BTN,Bhutan,1995,0.04568,221,100,0.1281,10,1.48,0.0,12,8,16,Our World in Data / UNAIDS,2026-09-30 02:09:07
810,BTN,Bhutan,1996,0.04786,232,100,0.1281,10,1.48,0.0,13,8,17,Our World in Data / UNAIDS,2026-09-30 02:09:07
811,BTN,Bhutan,1997,0.05005,242,100,0.1281,11,1.48,0.0,13,8,18,Our World in Data / UNAIDS,2026-09-30 02:09:07
812,BTN,Bhutan,1998,0.05228,253,100,0.1281,12,1.48,0.0,14,8,20,Our World in Data / UNAIDS,2026-09-30 02:09:07
813,BTN,Bhutan,1999,0.05443,264,100,0.1281,13,1.48,0.0,15,8,21,Our World in Data / UNAIDS,2026-09-30 02:09:07
814,BTN,Bhutan,2000,0.05661,274,100,0.1281,14,1.48,0.0,15,8,23,Our World in Data / UNAIDS,2026-09-30 02:09:07
815,BTN,Bhutan,2001,0.05883,285,100,0.1281,15,1.97,0.0,16,8,25,Our World in Data / UNAIDS,2026-09-30 02:09:07
816,BTN,Bhutan,2002,0.06111,296,100,0.1281,16,2.75,0.0,16,8,26,Our World in Data / UNAIDS,2026-09-30 02:09:07
817,BTN,Bhutan,2003,0.06347,307,100,0.1281,17,3.31,0.0,17,8,28,Our World in Data / UNAIDS,2026-09-30 02:09:07
818,BTN,Bhutan,2004,0.06594,319,100,0.1281,18,4.48,0.0,18,8,30,Our World in Data / UNAIDS,2026-09-30 02:09:07
819,BTN,Bhutan,2005,0.06857,332,100,0.1281,19,5.24,1.0,18,8,31,Our World in Data / UNAIDS,2026-09-30 02:09:07
820,BTN,Bhutan,2006,0.07152,346,100,0.1281,19,6.15,4.0,19,8,31,Our World in Data / UNAIDS,2026-09-30 02:09:07
821,BTN,Bhutan,2007,0.07492,363,100,0.1281,18,6.45,6.0,20,8,30,Our World in Data / UNAIDS,2026-09-30 02:09:07
822,BTN,Bhutan,2008,0.07864,381,100,0.1281,18,6.86,9.0,21,8,29,Our World in Data / UNAIDS,2026-09-30 02:09:07
823,BTN,Bhutan,2009,0.08259,400,100,0.1281,17,7.55,11.0,22,8,29,Our World in Data / UNAIDS,2026-09-30 02:09:07
824,BTN,Bhutan,2010,0.08675,420,100,0.1281,17,7.93,15.0,23,8,28,Our World in Data / UNAIDS,2026-09-30 02:09:07
825,BTN,Bhutan,2011,0.09117,441,100,0.1281,17,8.16,19.0,24,8,28,Our World in Data / UNAIDS,2026-09-30 02:09:07
826,BTN,Bhutan,2012,0.09585,464,100,0.1281,17,8.1,25.0,26,8,28,Our World in Data / UNAIDS,2026-09-30 02:09:07
827,BTN,Bhutan,2013,0.10075,488,100,0.1281,16,7.6,30.0,27,8,27,Our World in Data / UNAIDS,2026-09-30 02:09:07
828,BTN,Bhutan,2014,0.10585,512,100,0.1281,16,7.4,35.0,28,8,26,Our World in Data / UNAIDS,2026-09-30 02:09:07
829,BTN,Bhutan,2015,0.11119,538,100,0.1281,15,6.9,44.0,30,8,25,Our World in Data / UNAIDS,2026-09-30 02:09:07
830,BTN,Bhutan,2016,0.11686,566,100,0.1281,13,5.86,49.0,31,8,22,Our World in Data / UNAIDS,2026-09-30 02:09:07
831,BTN,Bhutan,2017,0.12317,596,100,0.1281,13,5.48,58.0,33,8,21,Our World in Data / UNAIDS,2026-09-30 02:09:07
832,BTN,Bhutan,2018,0.1298,628,100,0.1281,12,4.42,64.0,35,8,20,Our World in Data / UNAIDS,2026-09-30 02:09:07
833,BTN,Bhutan,2019,0.13668,662,100,0.1281,11,4.5,62.0,36,8,18,Our World in Data / UNAIDS,2026-09-30 02:09:07
834,BTN,Bhutan,2020,0.14351,695,100,0.1281,11,4.48,63.0,38,8,19,Our World in Data / UNAIDS,2026-09-30 02:09:07
835,BTN,Bhutan,2021,0.15025,727,100,0.1281,12,4.05,64.0,40,8,21,Our World in Data / UNAIDS,2026-09-30 02:09:07
836,BTN,Bhutan,2022,0.1569,760,100,0.1281,13,4.05,65.0,42,8,22,Our World in Data / UNAIDS,2026-09-30 02:09:07
837,BWA,Botswana,1990,7.65814,115847,27000,11.0661,1727,848.89,0.0,6372,2025,2849,Our World in Data / UNAIDS,2026-09-30 02:09:07
838,BWA,Botswana,1991,10.27309,155404,27000,11.0661,2476,848.89,0.0,8547,2025,4085,Our World in Data / UNAIDS,2026-09-30 02:09:07
839,BWA,Botswana,1992,13.15437,198991,27000,11.0661,3459,848.89,0.0,10945,2025,5708,Our World in Data / UNAIDS,2026-09-30 02:09:07
840,BWA,Botswana,1993,16.09886,243533,27000,11.0661,4704,848.89,0.0,13394,2025,7761,Our World in Data / UNAIDS,2026-09-30 02:09:07
841,BWA,Botswana,1994,18.91075,286069,27000,11.0661,6190,848.89,0.0,15734,2025,10214,Our World in Data / UNAIDS,2026-09-30 02:09:07
842,BWA,Botswana,1995,21.31235,322399,27000,11.0661,7665,848.89,0.0,17732,2025,12647,Our World in Data / UNAIDS,2026-09-30 02:09:07
843,BWA,Botswana,1996,23.19765,350919,27000,11.0661,9476,848.89,0.0,19301,2025,15636,Our World in Data / UNAIDS,2026-09-30 02:09:07
844,BWA,Botswana,1997,24.52409,370984,27000,11.0661,11358,848.89,0.0,20404,2025,18741,Our World in Data / UNAIDS,2026-09-30 02:09:07
845,BWA,Botswana,1998,25.36392,383688,27000,11.0661,13234,848.89,0.0,21103,2025,21836,Our World in Data / UNAIDS,2026-09-30 02:09:07
846,BWA,Botswana,1999,25.78551,390066,27000,11.0661,15124,848.89,0.0,21454,2025,24955,Our World in Data / UNAIDS,2026-09-30 02:09:07
847,BWA,Botswana,2000,25.86537,391274,27000,11.0661,16822,848.89,0.0,21520,2025,27757,Our World in Data / UNAIDS,2026-09-30 02:09:07
848,BWA,Botswana,2001,25.68433,388535,25000,10.2464,18219,915.76,1.0,21369,1875,30061,Our World in Data / UNAIDS,2026-09-30 02:09:07
849,BWA,Botswana,2002,25.28662,382519,23000,9.4266,18810,932.6,2.0,21039,1725,31036,Our World in Data / UNAIDS,2026-09-30 02:09:07
850,BWA,Botswana,2003,24.85517,375992,21000,8.6069,17968,860.53,6.0,20680,1575,29646,Our World in Data / UNAIDS,2026-09-30 02:09:07
851,BWA,Botswana,2004,24.47414,370228,19000,7.7872,15517,732.2,12.0,20363,1425,25603,Our World in Data / UNAIDS,2026-09-30 02:09:07
852,BWA,Botswana,2005,24.15332,365375,17000,6.9675,12562,599.33,19.0,20096,1275,20727,Our World in Data / UNAIDS,2026-09-30 02:09:07
853,BWA,Botswana,2006,23.88143,361262,15000,6.1478,10392,498.62,25.0,19869,1125,17147,Our World in Data / UNAIDS,2026-09-30 02:09:07
854,BWA,Botswana,2007,23.64462,357680,15000,6.1478,8997,416.59,29.0,19672,1125,14845,Our World in Data / UNAIDS,2026-09-30 02:09:07
855,BWA,Botswana,2008,23.40799,354100,14000,5.738,8100,379.31,36.0,19476,1050,13365,Our World in Data / UNAIDS,2026-09-30 02:09:07
856,BWA,Botswana,2009,23.18938,350793,13000,5.3281,6917,330.2,44.0,19294,975,11413,Our World in Data / UNAIDS,2026-09-30 02:09:07
857,BWA,Botswana,2010,22.98838,347753,13000,5.3281,6110,286.16,49.0,19126,975,10081,Our World in Data / UNAIDS,2026-09-30 02:09:07
858,BWA,Botswana,2011,22.84323,345557,14000,5.738,5677,251.89,54.0,19006,1050,9367,Our World in Data / UNAIDS,2026-09-30 02:09:07
859,BWA,Botswana,2012,22.65789,342753,13000,5.3281,5199,235.32,61.0,18851,975,8578,Our World in Data / UNAIDS,2026-09-30 02:09:07
860,BWA,Botswana,2013,22.40524,338931,12000,4.9183,5048,221.25,65.0,18641,900,8330,Our World in Data / UNAIDS,2026-09-30 02:09:07
861,BWA,Botswana,2014,22.12956,334761,12000,4.9183,4778,204.33,67.0,18412,900,7884,Our World in Data / UNAIDS,2026-09-30 02:09:07
862,BWA,Botswana,2015,21.80091,329790,11000,4.5084,4825,198.69,72.0,18138,825,7961,Our World in Data / UNAIDS,2026-09-30 02:09:07
863,BWA,Botswana,2016,21.38179,323449,10000,4.0985,4804,195.22,76.0,17790,750,7927,Our World in Data / UNAIDS,2026-09-30 02:09:07
864,BWA,Botswana,2017,20.88965,316005,9200,3.7707,4524,185.35,79.0,17380,690,7464,Our World in Data / UNAIDS,2026-09-30 02:09:07
865,BWA,Botswana,2018,20.31354,307290,8200,3.3608,4599,184.15,84.0,16901,615,7588,Our World in Data / UNAIDS,2026-09-30 02:09:07
866,BWA,Botswana,2019,19.6679,297523,7300,2.9919,4528,173.5,86.0,16364,548,7472,Our World in Data / UNAIDS,2026-09-30 02:09:07
867,BWA,Botswana,2020,18.96976,286962,6700,2.746,4387,151.54,89.0,15783,502,7238,Our World in Data / UNAIDS,2026-09-30 02:09:07
868,BWA,Botswana,2021,18.17518,274942,5500,2.2542,4315,149.66,92.0,15122,412,7119,Our World in Data / UNAIDS,2026-09-30 02:09:07
869,BWA,Botswana,2022,17.36666,262711,4700,1.9263,4037,149.66,93.0,14449,352,6661,Our World in Data / UNAIDS,2026-09-30 02:09:07
870,CAF,Central African Republic,1990,4.45688,140872,16000,3.1385,2664,320.63,0.0,7748,1200,4396,Our World in Data / UNAIDS,2026-09-30 02:09:07
871,CAF,Central African Republic,1991,5.27968,166879,16000,3.1385,3469,320.63,0.0,9178,1200,5724,Our World in Data / UNAIDS,2026-09-30 02:09:07
872,CAF,Central African Republic,1992,5.99751,189568,16000,3.1385,4361,320.63,0.0,10426,1200,7195,Our World in Data / UNAIDS,2026-09-30 02:09:07
873,CAF,Central African Republic,1993,6.64588,210062,16000,3.1385,5342,320.63,0.0,11553,1200,8815,Our World in Data / UNAIDS,2026-09-30 02:09:07
874,CAF,Central African Republic,1994,7.19284,227350,16000,3.1385,6392,320.63,0.0,12504,1200,10546,Our World in Data / UNAIDS,2026-09-30 02:09:07
875,CAF,Central African Republic,1995,7.60057,240238,16000,3.1385,7487,320.63,0.0,13213,1200,12353,Our World in Data / UNAIDS,2026-09-30 02:09:07
876,CAF,Central African Republic,1996,7.80359,246655,16000,3.1385,8510,320.63,0.0,13566,1200,14042,Our World in Data / UNAIDS,2026-09-30 02:09:07
877,CAF,Central African Republic,1997,7.88676,249283,16000,3.1385,9518,320.63,0.0,13711,1200,15705,Our World in Data / UNAIDS,2026-09-30 02:09:07
878,CAF,Central African Republic,1998,7.86065,248458,16000,3.1385,10451,320.63,0.0,13665,1200,17243,Our World in Data / UNAIDS,2026-09-30 02:09:07
879,CAF,Central African Republic,1999,7.73557,244505,16000,3.1385,11308,320.63,0.0,13448,1200,18658,Our World in Data / UNAIDS,2026-09-30 02:09:07
880,CAF,Central African Republic,2000,7.52617,237886,16000,3.1385,12059,320.63,0.0,13084,1200,19897,Our World in Data / UNAIDS,2026-09-30 02:09:07
881,CAF,Central African Republic,2001,7.28258,230187,16000,3.1385,12699,329.61,0.0,12660,1200,20953,Our World in Data / UNAIDS,2026-09-30 02:09:07
882,CAF,Central African Republic,2002,6.9833,220727,14000,2.7462,13051,324.61,0.0,12140,1050,21534,Our World in Data / UNAIDS,2026-09-30 02:09:07
883,CAF,Central African Republic,2003,6.66395,210633,14000,2.7462,13412,326.66,0.0,11585,1050,22130,Our World in Data / UNAIDS,2026-09-30 02:09:07
884,CAF,Central African Republic,2004,6.35149,200757,14000,2.7462,13539,326.7,0.0,11042,1050,22339,Our World in Data / UNAIDS,2026-09-30 02:09:07
885,CAF,Central African Republic,2005,6.04071,190934,13000,2.55,13368,314.84,1.0,10501,975,22058,Our World in Data / UNAIDS,2026-09-30 02:09:07
886,CAF,Central African Republic,2006,5.73764,181354,12000,2.3538,12860,296.61,2.0,9974,900,21220,Our World in Data / UNAIDS,2026-09-30 02:09:07
887,CAF,Central African Republic,2007,5.47744,173130,12000,2.3538,11963,269.28,4.0,9522,900,19739,Our World in Data / UNAIDS,2026-09-30 02:09:07
888,CAF,Central African Republic,2008,5.24976,165934,11000,2.1577,10615,234.18,8.0,9126,825,17516,Our World in Data / UNAIDS,2026-09-30 02:09:07
889,CAF,Central African Republic,2009,5.05882,159898,11000,2.1577,9688,209.27,9.0,8794,825,15985,Our World in Data / UNAIDS,2026-09-30 02:09:07
890,CAF,Central African Republic,2010,4.85742,153533,10000,1.9615,9601,202.51,11.0,8444,750,15842,Our World in Data / UNAIDS,2026-09-30 02:09:07
891,CAF,Central African Republic,2011,4.63873,146620,9800,1.9223,9715,202.21,11.0,8064,735,16030,Our World in Data / UNAIDS,2026-09-30 02:09:07
892,CAF,Central African Republic,2012,4.40975,139383,9200,1.8046,9573,197.59,13.0,7666,690,15796,Our World in Data / UNAIDS,2026-09-30 02:09:07
893,CAF,Central African Republic,2013,4.19216,132505,9200,1.8046,9227,190.05,13.0,7288,690,15225,Our World in Data / UNAIDS,2026-09-30 02:09:07
894,CAF,Central African Republic,2014,3.9658,125350,8100,1.5888,8350,172.7,21.0,6894,608,13778,Our World in Data / UNAIDS,2026-09-30 02:09:07
895,CAF,Central African Republic,2015,3.79338,119901,7500,1.4712,6891,144.46,24.0,6595,562,11370,Our World in Data / UNAIDS,2026-09-30 02:09:07
896,CAF,Central African Republic,2016,3.61946,114403,6800,1.3338,6143,128.55,29.0,6292,510,10135,Our World in Data / UNAIDS,2026-09-30 02:09:07
897,CAF,Central African Republic,2017,3.4478,108978,6500,1.275,5740,121.65,34.0,5994,488,9472,Our World in Data / UNAIDS,2026-09-30 02:09:07
898,CAF,Central African Republic,2018,3.27674,103571,5900,1.1573,5352,115.1,37.0,5696,442,8831,Our World in Data / UNAIDS,2026-09-30 02:09:07
899,CAF,Central African Republic,2019,3.11982,98611,5400,1.0592,4770,104.08,45.0,5424,405,7871,Our World in Data / UNAIDS,2026-09-30 02:09:07
900,CAF,Central African Republic,2020,2.97842,94141,5200,1.02,4193,93.1,49.0,5178,390,6918,Our World in Data / UNAIDS,2026-09-30 02:09:07
901,CAF,Central African Republic,2021,2.82871,89409,5100,1.0004,3744,87.67,55.0,4917,382,6177,Our World in Data / UNAIDS,2026-09-30 02:09:07
902,CAF,Central African Republic,2022,2.68941,85006,4700,0.9219,3303,87.67,60.0,4675,352,5450,Our World in Data / UNAIDS,2026-09-30 02:09:07
903,CAN,Canada,1990,0.18795,45388,2500,0.0642,1640,1.76,19.0,2496,188,2707,Our World in Data / UNAIDS,2026-09-30 02:09:07
904,CAN,Canada,1991,0.18902,45647,2500,0.0642,1891,1.76,19.0,2511,188,3121,Our World in Data / UNAIDS,2026-09-30 02:09:07
905,CAN,Canada,1992,0.18847,45514,2500,0.0642,2117,1.76,19.0,2503,188,3494,Our World in Data / UNAIDS,2026-09-30 02:09:07
906,CAN,Canada,1993,0.18689,45132,2500,0.0642,2315,1.76,19.0,2482,188,3820,Our World in Data / UNAIDS,2026-09-30 02:09:07
907,CAN,Canada,1994,0.1844,44531,2500,0.0642,2486,1.76,19.0,2449,188,4102,Our World in Data / UNAIDS,2026-09-30 02:09:07
908,CAN,Canada,1995,0.1811,43734,2500,0.0642,2626,1.76,19.0,2405,188,4333,Our World in Data / UNAIDS,2026-09-30 02:09:07
909,CAN,Canada,1996,0.17993,43451,2500,0.0642,2231,1.76,19.0,2390,188,3681,Our World in Data / UNAIDS,2026-09-30 02:09:07
910,CAN,Canada,1997,0.18113,43741,2500,0.0642,1743,1.76,19.0,2406,188,2876,Our World in Data / UNAIDS,2026-09-30 02:09:07
911,CAN,Canada,1998,0.18281,44147,2500,0.0642,1565,1.76,19.0,2428,188,2582,Our World in Data / UNAIDS,2026-09-30 02:09:07
912,CAN,Canada,1999,0.18451,44557,2500,0.0642,1473,1.76,19.0,2451,188,2431,Our World in Data / UNAIDS,2026-09-30 02:09:07
913,CAN,Canada,2000,0.18602,44922,2500,0.0642,1417,1.76,19.0,2471,188,2338,Our World in Data / UNAIDS,2026-09-30 02:09:07
914,CAN,Canada,2001,0.18727,45224,2500,0.0642,1390,1.5,21.0,2487,188,2294,Our World in Data / UNAIDS,2026-09-30 02:09:07
915,CAN,Canada,2002,0.18898,45637,2500,0.0642,1190,1.37,27.0,2510,188,1964,Our World in Data / UNAIDS,2026-09-30 02:09:07
916,CAN,Canada,2003,0.19052,46009,2500,0.0642,1082,1.47,29.0,2530,188,1785,Our World in Data / UNAIDS,2026-09-30 02:09:07
917,CAN,Canada,2004,0.19062,46033,2500,0.0642,1245,1.39,30.0,2532,188,2054,Our World in Data / UNAIDS,2026-09-30 02:09:07
918,CAN,Canada,2005,0.18949,45760,2400,0.0616,1374,1.52,32.0,2517,180,2267,Our World in Data / UNAIDS,2026-09-30 02:09:07
919,CAN,Canada,2006,0.18746,45270,2400,0.0616,1466,1.4,33.0,2490,180,2419,Our World in Data / UNAIDS,2026-09-30 02:09:07
920,CAN,Canada,2007,0.18477,44620,2400,0.0616,1528,1.34,35.0,2454,180,2522,Our World in Data / UNAIDS,2026-09-30 02:09:07
921,CAN,Canada,2008,0.18144,43816,2400,0.0616,1570,1.27,36.0,2410,180,2591,Our World in Data / UNAIDS,2026-09-30 02:09:07
922,CAN,Canada,2009,0.17886,43193,2300,0.059,1089,1.09,45.0,2376,172,1796,Our World in Data / UNAIDS,2026-09-30 02:09:07
923,CAN,Canada,2010,0.17623,42558,2100,0.0539,716,1.02,46.0,2341,158,1181,Our World in Data / UNAIDS,2026-09-30 02:09:07
924,CAN,Canada,2011,0.17214,41570,2000,0.0513,811,0.91,48.0,2286,150,1338,Our World in Data / UNAIDS,2026-09-30 02:09:07
925,CAN,Canada,2012,0.1673,40401,1900,0.0488,905,0.82,49.0,2222,142,1493,Our World in Data / UNAIDS,2026-09-30 02:09:07
926,CAN,Canada,2013,0.16342,39464,1800,0.0462,547,0.7,63.0,2171,135,903,Our World in Data / UNAIDS,2026-09-30 02:09:07
927,CAN,Canada,2014,0.16079,38829,1800,0.0462,257,0.6,67.0,2136,135,425,Our World in Data / UNAIDS,2026-09-30 02:09:07
928,CAN,Canada,2015,0.15864,38310,1900,0.0488,210,0.55,70.0,2107,142,346,Our World in Data / UNAIDS,2026-09-30 02:09:07
929,CAN,Canada,2016,0.15662,37822,1900,0.0488,184,0.52,73.0,2080,142,304,Our World in Data / UNAIDS,2026-09-30 02:09:07
930,CAN,Canada,2017,0.15511,37458,1900,0.0488,173,0.4,74.0,2060,142,285,Our World in Data / UNAIDS,2026-09-30 02:09:07
931,CAN,Canada,2018,0.15397,37182,2000,0.0513,172,0.4,75.0,2045,150,285,Our World in Data / UNAIDS,2026-09-30 02:09:07
932,CAN,Canada,2019,0.15236,36794,1900,0.0488,173,0.29,77.0,2024,142,286,Our World in Data / UNAIDS,2026-09-30 02:09:07
933,CAN,Canada,2020,0.15009,36245,1600,0.0411,171,0.4,79.0,1993,120,282,Our World in Data / UNAIDS,2026-09-30 02:09:07
934,CAN,Canada,2021,0.14874,35919,1700,0.0436,169,0.37,78.0,1976,128,279,Our World in Data / UNAIDS,2026-09-30 02:09:07
935,CAN,Canada,2022,0.14755,35632,1900,0.0488,189,0.37,76.0,1960,142,312,Our World in Data / UNAIDS,2026-09-30 02:09:07
936,CHE,Switzerland,1990,0.14026,7633,500,0.057,225,2.03,32.0,420,38,372,Our World in Data / UNAIDS,2026-09-30 02:09:07
937,CHE,Switzerland,1991,0.15662,8523,500,0.057,274,2.03,32.0,469,38,452,Our World in Data / UNAIDS,2026-09-30 02:09:07
938,CHE,Switzerland,1992,0.17123,9318,500,0.057,328,2.03,32.0,512,38,541,Our World in Data / UNAIDS,2026-09-30 02:09:07
939,CHE,Switzerland,1993,0.18419,10023,500,0.057,381,2.03,32.0,551,38,629,Our World in Data / UNAIDS,2026-09-30 02:09:07
940,CHE,Switzerland,1994,0.19496,10609,500,0.057,435,2.03,32.0,583,38,718,Our World in Data / UNAIDS,2026-09-30 02:09:07
941,CHE,Switzerland,1995,0.20304,11049,500,0.057,488,2.03,32.0,608,38,805,Our World in Data / UNAIDS,2026-09-30 02:09:07
942,CHE,Switzerland,1996,0.21162,11516,500,0.057,400,2.03,32.0,633,38,660,Our World in Data / UNAIDS,2026-09-30 02:09:07
943,CHE,Switzerland,1997,0.22134,12045,500,0.057,259,2.03,32.0,662,38,427,Our World in Data / UNAIDS,2026-09-30 02:09:07
944,CHE,Switzerland,1998,0.23018,12526,500,0.057,196,2.03,32.0,689,38,323,Our World in Data / UNAIDS,2026-09-30 02:09:07
945,CHE,Switzerland,1999,0.23756,12928,500,0.057,159,2.03,32.0,711,38,262,Our World in Data / UNAIDS,2026-09-30 02:09:07
946,CHE,Switzerland,2000,0.24332,13241,500,0.057,137,2.03,32.0,728,38,225,Our World in Data / UNAIDS,2026-09-30 02:09:07
947,CHE,Switzerland,2001,0.24798,13495,500,0.057,119,1.86,37.0,742,38,196,Our World in Data / UNAIDS,2026-09-30 02:09:07
948,CHE,Switzerland,2002,0.25097,13657,500,0.057,107,1.55,41.0,751,38,177,Our World in Data / UNAIDS,2026-09-30 02:09:07
949,CHE,Switzerland,2003,0.25249,13740,500,0.057,98,1.4,46.0,756,38,162,Our World in Data / UNAIDS,2026-09-30 02:09:07
950,CHE,Switzerland,2004,0.25301,13768,500,0.057,89,1.24,50.0,757,38,148,Our World in Data / UNAIDS,2026-09-30 02:09:07
951,CHE,Switzerland,2005,0.25264,13748,500,0.057,80,1.08,54.0,756,38,132,Our World in Data / UNAIDS,2026-09-30 02:09:07
952,CHE,Switzerland,2006,0.25159,13691,500,0.057,70,1.12,58.0,753,38,116,Our World in Data / UNAIDS,2026-09-30 02:09:07
953,CHE,Switzerland,2007,0.24985,13596,500,0.057,62,0.85,61.0,748,38,102,Our World in Data / UNAIDS,2026-09-30 02:09:07
954,CHE,Switzerland,2008,0.2477,13479,500,0.057,55,0.67,64.0,741,38,90,Our World in Data / UNAIDS,2026-09-30 02:09:07
955,CHE,Switzerland,2009,0.2451,13338,500,0.057,50,0.7,67.0,734,38,82,Our World in Data / UNAIDS,2026-09-30 02:09:07
956,CHE,Switzerland,2010,0.24143,13138,500,0.057,46,0.58,70.0,723,38,76,Our World in Data / UNAIDS,2026-09-30 02:09:07
957,CHE,Switzerland,2011,0.23787,12944,500,0.057,45,0.55,73.0,712,38,74,Our World in Data / UNAIDS,2026-09-30 02:09:07
958,CHE,Switzerland,2012,0.23401,12734,500,0.057,43,0.61,75.0,700,38,70,Our World in Data / UNAIDS,2026-09-30 02:09:07
959,CHE,Switzerland,2013,0.22954,12491,500,0.057,41,0.49,77.0,687,38,67,Our World in Data / UNAIDS,2026-09-30 02:09:07
960,CHE,Switzerland,2014,0.22458,12221,500,0.057,42,0.54,78.0,672,38,69,Our World in Data / UNAIDS,2026-09-30 02:09:07
961,CHE,Switzerland,2015,0.21885,11909,500,0.057,44,0.46,79.0,655,38,73,Our World in Data / UNAIDS,2026-09-30 02:09:07
962,CHE,Switzerland,2016,0.21311,11597,500,0.057,44,0.27,84.0,638,38,73,Our World in Data / UNAIDS,2026-09-30 02:09:07
963,CHE,Switzerland,2017,0.20752,11293,500,0.057,40,0.28,89.0,621,38,65,Our World in Data / UNAIDS,2026-09-30 02:09:07
964,CHE,Switzerland,2018,0.20196,10990,500,0.057,36,0.26,90.0,604,38,59,Our World in Data / UNAIDS,2026-09-30 02:09:07
965,CHE,Switzerland,2019,0.19626,10680,500,0.057,34,0.24,89.0,587,38,57,Our World in Data / UNAIDS,2026-09-30 02:09:07
966,CHE,Switzerland,2020,0.19045,10364,500,0.057,35,0.28,91.0,570,38,58,Our World in Data / UNAIDS,2026-09-30 02:09:07
967,CHE,Switzerland,2021,0.18479,10056,500,0.057,34,0.29,90.0,553,38,57,Our World in Data / UNAIDS,2026-09-30 02:09:07
968,CHE,Switzerland,2022,0.17943,9764,500,0.057,35,0.29,90.0,537,38,58,Our World in Data / UNAIDS,2026-09-30 02:09:07
969,CHL,Chile,1990,0.04504,5460,1900,0.0972,65,3.1,11.0,300,142,107,Our World in Data / UNAIDS,2026-09-30 02:09:07
970,CHL,Chile,1991,0.05966,7233,1900,0.0972,97,3.1,11.0,398,142,161,Our World in Data / UNAIDS,2026-09-30 02:09:07
971,CHL,Chile,1992,0.07529,9127,1900,0.0972,142,3.1,11.0,502,142,235,Our World in Data / UNAIDS,2026-09-30 02:09:07
972,CHL,Chile,1993,0.09124,11061,1900,0.0972,180,3.1,11.0,608,142,298,Our World in Data / UNAIDS,2026-09-30 02:09:07
973,CHL,Chile,1994,0.10685,12953,1900,0.0972,227,3.1,11.0,712,142,374,Our World in Data / UNAIDS,2026-09-30 02:09:07
974,CHL,Chile,1995,0.12154,14734,1900,0.0972,249,3.1,11.0,810,142,411,Our World in Data / UNAIDS,2026-09-30 02:09:07
975,CHL,Chile,1996,0.13519,16389,1900,0.0972,318,3.1,11.0,901,142,525,Our World in Data / UNAIDS,2026-09-30 02:09:07
976,CHL,Chile,1997,0.14799,17941,1900,0.0972,259,3.1,11.0,987,142,427,Our World in Data / UNAIDS,2026-09-30 02:09:07
977,CHL,Chile,1998,0.15998,19394,1900,0.0972,301,3.1,11.0,1067,142,497,Our World in Data / UNAIDS,2026-09-30 02:09:07
978,CHL,Chile,1999,0.1712,20754,1900,0.0972,372,3.1,11.0,1141,142,614,Our World in Data / UNAIDS,2026-09-30 02:09:07
979,CHL,Chile,2000,0.18213,22079,1900,0.0972,389,3.1,11.0,1214,142,642,Our World in Data / UNAIDS,2026-09-30 02:09:07
980,CHL,Chile,2001,0.19334,23438,1900,0.0972,363,3.68,14.0,1289,142,599,Our World in Data / UNAIDS,2026-09-30 02:09:07
981,CHL,Chile,2002,0.20533,24892,2000,0.1023,349,2.9,19.0,1369,150,575,Our World in Data / UNAIDS,2026-09-30 02:09:07
982,CHL,Chile,2003,0.21853,26492,2100,0.1074,386,2.77,24.0,1457,158,636,Our World in Data / UNAIDS,2026-09-30 02:09:07
983,CHL,Chile,2004,0.23256,28193,2200,0.1125,445,2.62,25.0,1551,165,735,Our World in Data / UNAIDS,2026-09-30 02:09:07
984,CHL,Chile,2005,0.24744,29997,2300,0.1176,400,2.54,34.0,1650,172,660,Our World in Data / UNAIDS,2026-09-30 02:09:07
985,CHL,Chile,2006,0.26362,31958,2400,0.1227,432,2.69,33.0,1758,180,712,Our World in Data / UNAIDS,2026-09-30 02:09:07
986,CHL,Chile,2007,0.2804,33993,2600,0.133,566,2.5,35.0,1870,195,934,Our World in Data / UNAIDS,2026-09-30 02:09:07
987,CHL,Chile,2008,0.29755,36072,2700,0.1381,534,2.42,35.0,1984,202,880,Our World in Data / UNAIDS,2026-09-30 02:09:07
988,CHL,Chile,2009,0.31477,38159,2800,0.1432,470,2.7,38.0,2099,210,776,Our World in Data / UNAIDS,2026-09-30 02:09:07
989,CHL,Chile,2010,0.33183,40227,3000,0.1534,452,2.66,40.0,2212,225,746,Our World in Data / UNAIDS,2026-09-30 02:09:07
990,CHL,Chile,2011,0.34882,42287,3100,0.1585,468,2.87,41.0,2326,232,772,Our World in Data / UNAIDS,2026-09-30 02:09:07
991,CHL,Chile,2012,0.36628,44404,3200,0.1637,487,2.74,47.0,2442,240,803,Our World in Data / UNAIDS,2026-09-30 02:09:07
992,CHL,Chile,2013,0.38451,46614,3200,0.1637,517,3.1,51.0,2564,240,853,Our World in Data / UNAIDS,2026-09-30 02:09:07
993,CHL,Chile,2014,0.40294,48848,3300,0.1688,449,3.0,55.0,2687,248,741,Our World in Data / UNAIDS,2026-09-30 02:09:07
994,CHL,Chile,2015,0.42166,51117,3400,0.1739,430,3.08,57.0,2811,255,709,Our World in Data / UNAIDS,2026-09-30 02:09:07
995,CHL,Chile,2016,0.43955,53286,3500,0.179,442,3.29,62.0,2931,262,730,Our World in Data / UNAIDS,2026-09-30 02:09:07
996,CHL,Chile,2017,0.45851,55585,3600,0.1841,424,2.79,69.0,3057,270,699,Our World in Data / UNAIDS,2026-09-30 02:09:07
997,CHL,Chile,2018,0.48328,58587,3700,0.1892,381,2.38,74.0,3222,278,629,Our World in Data / UNAIDS,2026-09-30 02:09:07
998,CHL,Chile,2019,0.51365,62269,3800,0.1943,357,3.14,76.0,3425,285,589,Our World in Data / UNAIDS,2026-09-30 02:09:07
999,CHL,Chile,2020,0.54485,66052,3800,0.1943,369,2.31,76.0,3633,285,609,Our World in Data / UNAIDS,2026-09-30 02:09:07
1000,CHL,Chile,2021,0.5772,69973,3900,0.1995,371,2.54,75.0,3849,292,613,Our World in Data / UNAIDS,2026-09-30 02:09:07
1001,CHL,Chile,2022,0.61067,74031,3900,0.1995,355,2.54,76.0,4072,292,585,Our World in Data / UNAIDS,2026-09-30 02:09:07
1002,CHN,China,2000,0.24165,2115763,1650,0.0012,389,2.19,0.0,116367,124,642,Our World in Data / UNAIDS,2026-09-30 02:09:07
1003,CHN,China,2001,0.25329,2217677,1700,0.0012,363,2.53,0.0,121972,128,599,Our World in Data / UNAIDS,2026-09-30 02:09:07
1004,CHN,China,2002,0.27393,2398346,1700,0.0012,349,2.85,0.0,131909,128,575,Our World in Data / UNAIDS,2026-09-30 02:09:07
1005,CHN,China,2003,0.30624,2681236,1700,0.0012,386,3.1,1.5,147468,128,636,Our World in Data / UNAIDS,2026-09-30 02:09:07
1006,CHN,China,2004,0.31623,2768703,1550,0.0011,445,3.38,3.0,152279,116,735,Our World in Data / UNAIDS,2026-09-30 02:09:07
1007,CHN,China,2005,0.31956,2797859,1500,0.0011,400,3.6,6.5,153882,112,660,Our World in Data / UNAIDS,2026-09-30 02:09:07
1008,CHN,China,2006,0.32438,2840060,1450,0.001,432,3.7,9.5,156203,109,712,Our World in Data / UNAIDS,2026-09-30 02:09:07
1009,CHN,China,2007,0.3304,2892768,1300,0.0009,566,3.88,13.0,159102,98,934,Our World in Data / UNAIDS,2026-09-30 02:09:07
1010,CHN,China,2008,0.33243,2910586,1250,0.0009,534,4.01,17.0,160082,94,880,Our World in Data / UNAIDS,2026-09-30 02:09:07
1011,CHN,China,2009,0.32959,2885677,1300,0.0009,470,4.03,21.0,158712,98,776,Our World in Data / UNAIDS,2026-09-30 02:09:07
1012,CHN,China,2010,0.33193,2906164,1300,0.0009,452,4.0,24.9444,159839,98,746,Our World in Data / UNAIDS,2026-09-30 02:09:07
1013,CHN,China,2011,0.34874,3053388,1250,0.0009,468,3.9,28.0,167936,94,772,Our World in Data / UNAIDS,2026-09-30 02:09:07
1014,CHN,China,2012,0.36233,3172331,1250,0.0009,487,3.64,31.0,174478,94,803,Our World in Data / UNAIDS,2026-09-30 02:09:07
1015,CHN,China,2013,0.36732,3216065,1300,0.0009,517,3.41,35.0,176884,98,853,Our World in Data / UNAIDS,2026-09-30 02:09:07
1016,CHN,China,2014,0.36172,3166990,1200,0.0008,449,3.16,37.0,174184,90,741,Our World in Data / UNAIDS,2026-09-30 02:09:07
1017,CHN,China,2015,0.36479,3193913,1250,0.0009,430,2.95,41.0,175665,94,709,Our World in Data / UNAIDS,2026-09-30 02:09:07
1018,CHN,China,2016,0.37443,3278316,1200,0.0008,442,2.76,45.5,180307,90,730,Our World in Data / UNAIDS,2026-09-30 02:09:07
1019,CHN,China,2017,0.36894,3230205,1200,0.0008,424,2.65,50.5,177661,90,699,Our World in Data / UNAIDS,2026-09-30 02:09:07
1020,CHN,China,2018,0.36413,3188091,1200,0.0008,381,2.59,54.0,175345,90,629,Our World in Data / UNAIDS,2026-09-30 02:09:07
1021,CHN,China,2019,0.37023,3241499,1200,0.0008,357,2.61,59.0,178282,90,589,Our World in Data / UNAIDS,2026-09-30 02:09:07
1022,CHN,China,2020,0.39803,3484946,1250,0.0009,369,2.62,61.5,191672,94,609,Our World in Data / UNAIDS,2026-09-30 02:09:07
1023,CHN,China,2021,0.40203,3519924,1300,0.0009,371,2.66,64.5,193596,98,613,Our World in Data / UNAIDS,2026-09-30 02:09:07
1024,CIV,Cote d'Ivoire,1990,4.84032,912154,62000,2.0398,14680,325.87,0.0,50168,4650,24221,Our World in Data / UNAIDS,2026-09-30 02:09:07
1025,CIV,Cote d'Ivoire,1991,5.66086,1066783,62000,2.0398,18995,325.87,0.0,58673,4650,31342,Our World in Data / UNAIDS,2026-09-30 02:09:07
1026,CIV,Cote d'Ivoire,1992,6.37033,1200482,62000,2.0398,23787,325.87,0.0,66027,4650,39248,Our World in Data / UNAIDS,2026-09-30 02:09:07
1027,CIV,Cote d'Ivoire,1993,6.91405,1302946,62000,2.0398,28884,325.87,0.0,71662,4650,47659,Our World in Data / UNAIDS,2026-09-30 02:09:07
1028,CIV,Cote d'Ivoire,1994,7.29185,1374142,62000,2.0398,34109,325.87,0.0,75578,4650,56280,Our World in Data / UNAIDS,2026-09-30 02:09:07
1029,CIV,Cote d'Ivoire,1995,7.49008,1411498,62000,2.0398,39323,325.87,0.0,77632,4650,64883,Our World in Data / UNAIDS,2026-09-30 02:09:07
1030,CIV,Cote d'Ivoire,1996,7.5348,1419926,62000,2.0398,44387,325.87,0.0,78096,4650,73239,Our World in Data / UNAIDS,2026-09-30 02:09:07
1031,CIV,Cote d'Ivoire,1997,7.43585,1401279,62000,2.0398,49110,325.87,0.0,77070,4650,81032,Our World in Data / UNAIDS,2026-09-30 02:09:07
1032,CIV,Cote d'Ivoire,1998,7.24346,1365023,62000,2.0398,53349,325.87,0.0,75076,4650,88026,Our World in Data / UNAIDS,2026-09-30 02:09:07
1033,CIV,Cote d'Ivoire,1999,7.0444,1327510,62000,2.0398,57052,325.87,0.0,73013,4650,94136,Our World in Data / UNAIDS,2026-09-30 02:09:07
1034,CIV,Cote d'Ivoire,2000,6.74553,1271188,62000,2.0398,59758,325.87,0.0,69915,4650,98601,Our World in Data / UNAIDS,2026-09-30 02:09:07
1035,CIV,Cote d'Ivoire,2001,6.40559,1207127,57000,1.8753,61331,324.75,0.0,66392,4275,101196,Our World in Data / UNAIDS,2026-09-30 02:09:07
1036,CIV,Cote d'Ivoire,2002,6.04142,1138500,53000,1.7437,61867,321.18,0.0,62618,3975,102081,Our World in Data / UNAIDS,2026-09-30 02:09:07
1037,CIV,Cote d'Ivoire,2003,5.65411,1065511,47000,1.5463,61880,314.81,0.0,58603,3525,102103,Our World in Data / UNAIDS,2026-09-30 02:09:07
1038,CIV,Cote d'Ivoire,2004,5.28082,995165,45000,1.4805,60908,321.47,1.0,54734,3375,100499,Our World in Data / UNAIDS,2026-09-30 02:09:07
1039,CIV,Cote d'Ivoire,2005,4.92432,927983,41000,1.3489,56958,292.76,3.0,51039,3075,93980,Our World in Data / UNAIDS,2026-09-30 02:09:07
1040,CIV,Cote d'Ivoire,2006,4.60385,867591,38000,1.2502,51997,260.61,5.0,47718,2850,85796,Our World in Data / UNAIDS,2026-09-30 02:09:07
1041,CIV,Cote d'Ivoire,2007,4.31098,812400,34000,1.1186,48132,237.0,6.0,44682,2550,79418,Our World in Data / UNAIDS,2026-09-30 02:09:07
1042,CIV,Cote d'Ivoire,2008,4.01404,756442,28000,0.9212,42539,212.62,10.0,41604,2100,70189,Our World in Data / UNAIDS,2026-09-30 02:09:07
1043,CIV,Cote d'Ivoire,2009,3.78042,712416,27000,0.8883,37073,176.65,14.0,39183,2025,61171,Our World in Data / UNAIDS,2026-09-30 02:09:07
1044,CIV,Cote d'Ivoire,2010,3.57534,673769,25000,0.8225,33960,155.8,15.0,37057,1875,56034,Our World in Data / UNAIDS,2026-09-30 02:09:07
1045,CIV,Cote d'Ivoire,2011,3.38328,637576,23000,0.7567,32048,141.02,19.0,35067,1725,52879,Our World in Data / UNAIDS,2026-09-30 02:09:07
1046,CIV,Cote d'Ivoire,2012,3.21198,605294,20000,0.658,29168,125.75,22.0,33291,1500,48128,Our World in Data / UNAIDS,2026-09-30 02:09:07
1047,CIV,Cote d'Ivoire,2013,3.05605,575910,19000,0.6251,27676,115.51,25.0,31675,1425,45666,Our World in Data / UNAIDS,2026-09-30 02:09:07
1048,CIV,Cote d'Ivoire,2014,2.88637,543934,16000,0.5264,26258,105.05,30.0,29916,1200,43325,Our World in Data / UNAIDS,2026-09-30 02:09:07
1049,CIV,Cote d'Ivoire,2015,2.738,515973,16000,0.5264,23544,92.0,34.0,28379,1200,38847,Our World in Data / UNAIDS,2026-09-30 02:09:07
1050,CIV,Cote d'Ivoire,2016,2.6018,490307,17000,0.5593,21187,81.35,42.0,26967,1275,34959,Our World in Data / UNAIDS,2026-09-30 02:09:07
1051,CIV,Cote d'Ivoire,2017,2.46797,465087,14000,0.4606,18962,71.7,52.0,25580,1050,31288,Our World in Data / UNAIDS,2026-09-30 02:09:07
1052,CIV,Cote d'Ivoire,2018,2.34263,441466,13000,0.4277,16190,60.11,57.0,24281,975,26714,Our World in Data / UNAIDS,2026-09-30 02:09:07
1053,CIV,Cote d'Ivoire,2019,2.22285,418894,11000,0.3619,13595,49.05,62.0,23039,825,22431,Our World in Data / UNAIDS,2026-09-30 02:09:07
1054,CIV,Cote d'Ivoire,2020,2.10951,397535,11000,0.3619,12144,42.29,66.0,21864,825,20038,Our World in Data / UNAIDS,2026-09-30 02:09:07
1055,CIV,Cote d'Ivoire,2021,1.99918,376743,10000,0.329,11122,37.86,69.0,20721,750,18352,Our World in Data / UNAIDS,2026-09-30 02:09:07
1056,CIV,Cote d'Ivoire,2022,1.88829,355846,9200,0.3027,10487,37.86,70.0,19572,690,17304,Our World in Data / UNAIDS,2026-09-30 02:09:07
1057,CMR,Cameroon,1990,0.98681,169063,66000,2.3885,2275,150.15,0.0,9298,4950,3754,Our World in Data / UNAIDS,2026-09-30 02:09:07
1058,CMR,Cameroon,1991,1.30725,223962,66000,2.3885,3161,150.15,0.0,12318,4950,5216,Our World in Data / UNAIDS,2026-09-30 02:09:07
1059,CMR,Cameroon,1992,1.70496,292099,66000,2.3885,4332,150.15,0.0,16065,4950,7148,Our World in Data / UNAIDS,2026-09-30 02:09:07
1060,CMR,Cameroon,1993,2.17349,372369,66000,2.3885,5825,150.15,0.0,20480,4950,9611,Our World in Data / UNAIDS,2026-09-30 02:09:07
1061,CMR,Cameroon,1994,2.71317,464829,66000,2.3885,7697,150.15,0.0,25566,4950,12700,Our World in Data / UNAIDS,2026-09-30 02:09:07
1062,CMR,Cameroon,1995,3.27237,560633,66000,2.3885,9924,150.15,0.0,30835,4950,16375,Our World in Data / UNAIDS,2026-09-30 02:09:07
1063,CMR,Cameroon,1996,3.83956,657806,66000,2.3885,12511,150.15,0.0,36179,4950,20643,Our World in Data / UNAIDS,2026-09-30 02:09:07
1064,CMR,Cameroon,1997,4.3611,747158,66000,2.3885,15394,150.15,0.0,41094,4950,25401,Our World in Data / UNAIDS,2026-09-30 02:09:07
1065,CMR,Cameroon,1998,4.82794,827138,66000,2.3885,18555,150.15,0.0,45493,4950,30616,Our World in Data / UNAIDS,2026-09-30 02:09:07
1066,CMR,Cameroon,1999,5.19575,890152,66000,2.3885,21904,150.15,0.0,48958,4950,36141,Our World in Data / UNAIDS,2026-09-30 02:09:07
1067,CMR,Cameroon,2000,5.45924,935294,66000,2.3885,25326,150.15,0.0,51441,4950,41788,Our World in Data / UNAIDS,2026-09-30 02:09:07
1068,CMR,Cameroon,2001,5.60372,960047,62000,2.2437,28680,166.02,0.0,52803,4650,47321,Our World in Data / UNAIDS,2026-09-30 02:09:07
1069,CMR,Cameroon,2002,5.66176,969991,59000,2.1351,31822,179.45,0.0,53350,4425,52507,Our World in Data / UNAIDS,2026-09-30 02:09:07
1070,CMR,Cameroon,2003,5.64023,966302,56000,2.0266,34609,189.75,0.0,53147,4200,57104,Our World in Data / UNAIDS,2026-09-30 02:09:07
1071,CMR,Cameroon,2004,5.56808,953941,52000,1.8818,35176,185.97,3.0,52467,3900,58041,Our World in Data / UNAIDS,2026-09-30 02:09:07
1072,CMR,Cameroon,2005,5.4724,937549,49000,1.7733,34521,175.45,4.0,51565,3675,56959,Our World in Data / UNAIDS,2026-09-30 02:09:07
1073,CMR,Cameroon,2006,5.35536,917497,47000,1.7009,35169,173.27,5.0,50462,3525,58029,Our World in Data / UNAIDS,2026-09-30 02:09:07
1074,CMR,Cameroon,2007,5.22828,895726,45000,1.6285,34758,165.77,8.0,49265,3375,57350,Our World in Data / UNAIDS,2026-09-30 02:09:07
1075,CMR,Cameroon,2008,5.10251,874178,43000,1.5561,32867,150.59,10.0,48080,3225,54230,Our World in Data / UNAIDS,2026-09-30 02:09:07
1076,CMR,Cameroon,2009,4.96876,851264,40000,1.4476,31796,141.05,13.0,46820,3000,52463,Our World in Data / UNAIDS,2026-09-30 02:09:07
1077,CMR,Cameroon,2010,4.81619,825125,36000,1.3028,30934,131.91,15.0,45382,2700,51041,Our World in Data / UNAIDS,2026-09-30 02:09:07
1078,CMR,Cameroon,2011,4.65798,798020,34000,1.2304,30701,126.78,18.0,43891,2550,50657,Our World in Data / UNAIDS,2026-09-30 02:09:07
1079,CMR,Cameroon,2012,4.48028,767576,29000,1.0495,29486,116.41,21.0,42217,2175,48652,Our World in Data / UNAIDS,2026-09-30 02:09:07
1080,CMR,Cameroon,2013,4.28758,734562,26000,0.9409,29243,109.71,23.0,40401,1950,48251,Our World in Data / UNAIDS,2026-09-30 02:09:07
1081,CMR,Cameroon,2014,4.08341,699583,24000,0.8685,29558,108.12,25.0,38477,1800,48771,Our World in Data / UNAIDS,2026-09-30 02:09:07
1082,CMR,Cameroon,2015,3.88246,665155,23000,0.8323,28722,103.94,30.0,36584,1725,47391,Our World in Data / UNAIDS,2026-09-30 02:09:07
1083,CMR,Cameroon,2016,3.69701,633384,23000,0.8323,26432,94.78,37.0,34836,1725,43613,Our World in Data / UNAIDS,2026-09-30 02:09:07
1084,CMR,Cameroon,2017,3.52336,603633,21000,0.76,22928,80.61,46.0,33200,1575,37831,Our World in Data / UNAIDS,2026-09-30 02:09:07
1085,CMR,Cameroon,2018,3.3652,576537,20000,0.7238,19637,66.58,53.0,31710,1500,32402,Our World in Data / UNAIDS,2026-09-30 02:09:07
1086,CMR,Cameroon,2019,3.21811,551337,20000,0.7238,17586,57.96,59.0,30324,1500,29016,Our World in Data / UNAIDS,2026-09-30 02:09:07
1087,CMR,Cameroon,2020,3.08476,528491,19000,0.6876,15683,50.13,66.0,29067,1425,25877,Our World in Data / UNAIDS,2026-09-30 02:09:07
1088,CMR,Cameroon,2021,2.94584,504691,17000,0.6152,13647,42.42,73.0,27758,1275,22517,Our World in Data / UNAIDS,2026-09-30 02:09:07
1089,CMR,Cameroon,2022,2.79874,479489,14000,0.5066,11875,42.42,80.0,26372,1050,19594,Our World in Data / UNAIDS,2026-09-30 02:09:07
1090,COD,Democratic Republic of Congo,1990,1.93979,1231497,65000,0.6348,23039,103.62,0.0,67732,4875,38014,Our World in Data / UNAIDS,2026-09-30 02:09:07
1091,COD,Democratic Republic of Congo,1991,2.09309,1328822,65000,0.6348,27486,103.62,0.0,73085,4875,45352,Our World in Data / UNAIDS,2026-09-30 02:09:07
1092,COD,Democratic Republic of Congo,1992,2.21415,1405678,65000,0.6348,32007,103.62,0.0,77312,4875,52812,Our World in Data / UNAIDS,2026-09-30 02:09:07
1093,COD,Democratic Republic of Congo,1993,2.30666,1464409,65000,0.6348,36403,103.62,0.0,80542,4875,60064,Our World in Data / UNAIDS,2026-09-30 02:09:07
1094,COD,Democratic Republic of Congo,1994,2.36412,1500888,65000,0.6348,40989,103.62,0.0,82549,4875,67632,Our World in Data / UNAIDS,2026-09-30 02:09:07
1095,COD,Democratic Republic of Congo,1995,2.37317,1506634,65000,0.6348,46796,103.62,0.0,82865,4875,77213,Our World in Data / UNAIDS,2026-09-30 02:09:07
1096,COD,Democratic Republic of Congo,1996,2.35914,1497726,65000,0.6348,50459,103.62,0.0,82375,4875,83258,Our World in Data / UNAIDS,2026-09-30 02:09:07
1097,COD,Democratic Republic of Congo,1997,2.32959,1478966,65000,0.6348,52904,103.62,0.0,81343,4875,87291,Our World in Data / UNAIDS,2026-09-30 02:09:07
1098,COD,Democratic Republic of Congo,1998,2.27684,1445477,65000,0.6348,54933,103.62,0.0,79501,4875,90640,Our World in Data / UNAIDS,2026-09-30 02:09:07
1099,COD,Democratic Republic of Congo,1999,2.2077,1401583,65000,0.6348,57139,103.62,0.0,77087,4875,94279,Our World in Data / UNAIDS,2026-09-30 02:09:07
1100,COD,Democratic Republic of Congo,2000,2.12787,1350902,65000,0.6348,58923,103.62,0.0,74300,4875,97224,Our World in Data / UNAIDS,2026-09-30 02:09:07
1101,COD,Democratic Republic of Congo,2001,2.0367,1293022,61000,0.5957,60240,103.32,0.0,71116,4575,99396,Our World in Data / UNAIDS,2026-09-30 02:09:07
1102,COD,Democratic Republic of Congo,2002,1.94447,1234469,60000,0.586,61153,102.13,0.0,67896,4500,100902,Our World in Data / UNAIDS,2026-09-30 02:09:07
1103,COD,Democratic Republic of Congo,2003,1.84913,1173941,57000,0.5567,61410,99.86,0.0,64567,4275,101327,Our World in Data / UNAIDS,2026-09-30 02:09:07
1104,COD,Democratic Republic of Congo,2004,1.75875,1116562,56000,0.5469,60528,95.59,1.0,61411,4200,99872,Our World in Data / UNAIDS,2026-09-30 02:09:07
1105,COD,Democratic Republic of Congo,2005,1.67295,1062091,53000,0.5176,58882,90.05,1.0,58415,3975,97156,Our World in Data / UNAIDS,2026-09-30 02:09:07
1106,COD,Democratic Republic of Congo,2006,1.59176,1010547,51000,0.4981,56652,82.11,3.0,55580,3825,93476,Our World in Data / UNAIDS,2026-09-30 02:09:07
1107,COD,Democratic Republic of Congo,2007,1.51502,961827,50000,0.4883,54735,78.15,3.0,52900,3750,90313,Our World in Data / UNAIDS,2026-09-30 02:09:07
1108,COD,Democratic Republic of Congo,2008,1.43801,912937,47000,0.459,53979,74.75,4.0,50212,3525,89065,Our World in Data / UNAIDS,2026-09-30 02:09:07
1109,COD,Democratic Republic of Congo,2009,1.368,868490,47000,0.459,52418,70.15,6.0,47767,3525,86489,Our World in Data / UNAIDS,2026-09-30 02:09:07
1110,COD,Democratic Republic of Congo,2010,1.29823,824196,44000,0.4297,49945,64.39,7.0,45331,3300,82410,Our World in Data / UNAIDS,2026-09-30 02:09:07
1111,COD,Democratic Republic of Congo,2011,1.23271,782600,43000,0.4199,48539,60.76,9.0,43043,3225,80089,Our World in Data / UNAIDS,2026-09-30 02:09:07
1112,COD,Democratic Republic of Congo,2012,1.17131,743619,40000,0.3906,45950,55.6,11.0,40899,3000,75818,Our World in Data / UNAIDS,2026-09-30 02:09:07
1113,COD,Democratic Republic of Congo,2013,1.11672,708962,38000,0.3711,42524,49.53,14.0,38993,2850,70165,Our World in Data / UNAIDS,2026-09-30 02:09:07
1114,COD,Democratic Republic of Congo,2014,1.06661,677149,36000,0.3516,40073,45.42,18.0,37243,2700,66121,Our World in Data / UNAIDS,2026-09-30 02:09:07
1115,COD,Democratic Republic of Congo,2015,1.02108,648244,35000,0.3418,35768,39.89,21.0,35653,2625,59017,Our World in Data / UNAIDS,2026-09-30 02:09:07
1116,COD,Democratic Republic of Congo,2016,0.98055,622513,34000,0.332,32366,32.36,27.0,34238,2550,53405,Our World in Data / UNAIDS,2026-09-30 02:09:07
1117,COD,Democratic Republic of Congo,2017,0.94498,599931,33000,0.3223,27818,26.19,37.0,32996,2475,45900,Our World in Data / UNAIDS,2026-09-30 02:09:07
1118,COD,Democratic Republic of Congo,2018,0.91289,579558,33000,0.3223,25595,22.41,36.0,31876,2475,42232,Our World in Data / UNAIDS,2026-09-30 02:09:07
1119,COD,Democratic Republic of Congo,2019,0.88349,560894,34000,0.332,27658,22.11,40.0,30849,2550,45636,Our World in Data / UNAIDS,2026-09-30 02:09:07
1120,COD,Democratic Republic of Congo,2020,0.85447,542470,32000,0.3125,22684,20.06,53.0,29836,2400,37429,Our World in Data / UNAIDS,2026-09-30 02:09:07
1121,COD,Democratic Republic of Congo,2021,0.82811,525735,30000,0.293,18517,14.3,62.0,28915,2250,30553,Our World in Data / UNAIDS,2026-09-30 02:09:07
1122,COD,Democratic Republic of Congo,2022,0.80274,509628,29000,0.2832,16128,14.3,67.0,28030,2175,26612,Our World in Data / UNAIDS,2026-09-30 02:09:07
1123,COG,Congo,1990,4.94876,185171,7500,1.2427,3229,193.79,0.0,10184,562,5329,Our World in Data / UNAIDS,2026-09-30 02:09:07
1124,COG,Congo,1991,5.21143,194999,7500,1.2427,3825,193.79,0.0,10725,562,6311,Our World in Data / UNAIDS,2026-09-30 02:09:07
1125,COG,Congo,1992,5.31307,198803,7500,1.2427,4408,193.79,0.0,10934,562,7274,Our World in Data / UNAIDS,2026-09-30 02:09:07
1126,COG,Congo,1993,5.34461,199983,7500,1.2427,4961,193.79,0.0,10999,562,8185,Our World in Data / UNAIDS,2026-09-30 02:09:07
1127,COG,Congo,1994,5.31439,198852,7500,1.2427,5507,193.79,0.0,10937,562,9087,Our World in Data / UNAIDS,2026-09-30 02:09:07
1128,COG,Congo,1995,5.24208,196146,7500,1.2427,5988,193.79,0.0,10788,562,9880,Our World in Data / UNAIDS,2026-09-30 02:09:07
1129,COG,Congo,1996,5.1374,192229,7500,1.2427,6421,193.79,0.0,10573,562,10595,Our World in Data / UNAIDS,2026-09-30 02:09:07
1130,COG,Congo,1997,4.99334,186839,7500,1.2427,6753,193.79,0.0,10276,562,11142,Our World in Data / UNAIDS,2026-09-30 02:09:07
1131,COG,Congo,1998,4.86666,182099,7500,1.2427,6959,193.79,0.0,10015,562,11483,Our World in Data / UNAIDS,2026-09-30 02:09:07
1132,COG,Congo,1999,4.68264,175213,7500,1.2427,7201,193.79,0.0,9637,562,11881,Our World in Data / UNAIDS,2026-09-30 02:09:07
1133,COG,Congo,2000,4.52548,169333,7500,1.2427,7370,193.79,0.0,9313,562,12161,Our World in Data / UNAIDS,2026-09-30 02:09:07
1134,COG,Congo,2001,4.33923,162364,7400,1.2262,7759,197.97,0.0,8930,555,12803,Our World in Data / UNAIDS,2026-09-30 02:09:07
1135,COG,Congo,2002,4.17274,156134,7600,1.2593,7831,195.99,0.0,8587,570,12921,Our World in Data / UNAIDS,2026-09-30 02:09:07
1136,COG,Congo,2003,4.0288,150748,7600,1.2593,7782,190.3,1.0,8291,570,12841,Our World in Data / UNAIDS,2026-09-30 02:09:07
1137,COG,Congo,2004,3.87416,144962,7300,1.2096,7843,186.86,1.0,7973,548,12940,Our World in Data / UNAIDS,2026-09-30 02:09:07
1138,COG,Congo,2005,3.74947,140296,7400,1.2262,7498,172.84,3.0,7716,555,12371,Our World in Data / UNAIDS,2026-09-30 02:09:07
1139,COG,Congo,2006,3.64563,136411,7400,1.2262,7183,160.14,4.0,7503,555,11852,Our World in Data / UNAIDS,2026-09-30 02:09:07
1140,COG,Congo,2007,3.54272,132560,7300,1.2096,7116,154.74,5.0,7291,548,11741,Our World in Data / UNAIDS,2026-09-30 02:09:07
1141,COG,Congo,2008,3.47238,129928,7200,1.193,6330,133.49,10.0,7146,540,10445,Our World in Data / UNAIDS,2026-09-30 02:09:07
1142,COG,Congo,2009,3.42802,128268,7300,1.2096,5645,114.63,13.0,7055,548,9314,Our World in Data / UNAIDS,2026-09-30 02:09:07
1143,COG,Congo,2010,3.38681,126726,7600,1.2593,5824,114.67,15.0,6970,570,9610,Our World in Data / UNAIDS,2026-09-30 02:09:07
1144,COG,Congo,2011,3.35852,125668,7800,1.2924,5722,111.01,17.0,6912,585,9441,Our World in Data / UNAIDS,2026-09-30 02:09:07
1145,COG,Congo,2012,3.3295,124582,8100,1.3421,5955,113.3,17.0,6852,608,9826,Our World in Data / UNAIDS,2026-09-30 02:09:07
1146,COG,Congo,2013,3.29836,123417,8200,1.3587,6187,118.69,20.0,6788,615,10209,Our World in Data / UNAIDS,2026-09-30 02:09:07
1147,COG,Congo,2014,3.26867,122306,8500,1.4084,6357,121.68,19.0,6727,638,10489,Our World in Data / UNAIDS,2026-09-30 02:09:07
1148,COG,Congo,2015,3.23927,121206,8700,1.4416,6559,124.99,20.0,6666,652,10823,Our World in Data / UNAIDS,2026-09-30 02:09:07
1149,COG,Congo,2016,3.21548,120316,9200,1.5244,6556,124.56,21.0,6617,690,10817,Our World in Data / UNAIDS,2026-09-30 02:09:07
1150,COG,Congo,2017,3.20017,119743,9500,1.5741,6595,124.23,22.0,6586,712,10881,Our World in Data / UNAIDS,2026-09-30 02:09:07
1151,COG,Congo,2018,3.18937,119339,9800,1.6238,6664,125.76,23.0,6564,735,10995,Our World in Data / UNAIDS,2026-09-30 02:09:07
1152,COG,Congo,2019,3.20618,119968,11000,1.8227,6740,126.85,23.0,6598,825,11121,Our World in Data / UNAIDS,2026-09-30 02:09:07
1153,COG,Congo,2020,3.2109,120144,11000,1.8227,6785,128.02,24.0,6608,825,11195,Our World in Data / UNAIDS,2026-09-30 02:09:07
1154,COG,Congo,2021,3.21923,120456,11000,1.8227,6750,129.24,25.0,6625,825,11137,Our World in Data / UNAIDS,2026-09-30 02:09:07
1155,COG,Congo,2022,3.23416,121015,11000,1.8227,6540,129.24,28.0,6656,825,10792,Our World in Data / UNAIDS,2026-09-30 02:09:07
1156,COK,Cook Islands,2000,0.24165,21,1650,116.5254,389,0.69,0.0,1,124,642,Our World in Data / UNAIDS,2026-09-30 02:09:07
1157,COK,Cook Islands,2001,0.25329,22,1700,120.0565,363,0.78,0.0,1,128,599,Our World in Data / UNAIDS,2026-09-30 02:09:07
1158,COK,Cook Islands,2002,0.27393,24,1700,120.0565,349,0.87,0.0,1,128,575,Our World in Data / UNAIDS,2026-09-30 02:09:07
1159,COK,Cook Islands,2003,0.30624,27,1700,120.0565,386,0.99,1.5,1,128,636,Our World in Data / UNAIDS,2026-09-30 02:09:07
1160,COK,Cook Islands,2004,0.31623,28,1550,109.4633,445,0.86,3.0,2,116,735,Our World in Data / UNAIDS,2026-09-30 02:09:07
1161,COK,Cook Islands,2005,0.31956,28,1500,105.9322,400,0.79,6.5,2,112,660,Our World in Data / UNAIDS,2026-09-30 02:09:07
1162,COK,Cook Islands,2006,0.32438,28,1450,102.4011,432,0.86,9.5,2,109,712,Our World in Data / UNAIDS,2026-09-30 02:09:07
1163,COK,Cook Islands,2007,0.3304,29,1300,91.8079,566,0.9,13.0,2,98,934,Our World in Data / UNAIDS,2026-09-30 02:09:07
1164,COK,Cook Islands,2008,0.33243,29,1250,88.2768,534,0.93,17.0,2,94,880,Our World in Data / UNAIDS,2026-09-30 02:09:07
1165,COK,Cook Islands,2009,0.32959,29,1300,91.8079,470,0.96,21.0,2,98,776,Our World in Data / UNAIDS,2026-09-30 02:09:07
1166,COK,Cook Islands,2010,0.33193,29,1300,91.8079,452,1.1,24.9444,2,98,746,Our World in Data / UNAIDS,2026-09-30 02:09:07
1167,COK,Cook Islands,2011,0.34874,31,1250,88.2768,468,1.46,28.0,2,94,772,Our World in Data / UNAIDS,2026-09-30 02:09:07
1168,COK,Cook Islands,2012,0.36233,32,1250,88.2768,487,1.78,31.0,2,94,803,Our World in Data / UNAIDS,2026-09-30 02:09:07
1169,COK,Cook Islands,2013,0.36732,32,1300,91.8079,517,2.07,35.0,2,98,853,Our World in Data / UNAIDS,2026-09-30 02:09:07
1170,COK,Cook Islands,2014,0.36172,32,1200,84.7458,449,2.25,37.0,2,90,741,Our World in Data / UNAIDS,2026-09-30 02:09:07
1171,COK,Cook Islands,2015,0.36479,32,1250,88.2768,430,2.43,41.0,2,94,709,Our World in Data / UNAIDS,2026-09-30 02:09:07
1172,COK,Cook Islands,2016,0.37443,33,1200,84.7458,442,2.51,45.5,2,90,730,Our World in Data / UNAIDS,2026-09-30 02:09:07
1173,COK,Cook Islands,2017,0.36894,32,1200,84.7458,424,2.59,50.5,2,90,699,Our World in Data / UNAIDS,2026-09-30 02:09:07
1174,COK,Cook Islands,2018,0.36413,32,1200,84.7458,381,2.61,54.0,2,90,629,Our World in Data / UNAIDS,2026-09-30 02:09:07
1175,COK,Cook Islands,2019,0.37023,33,1200,84.7458,357,2.69,59.0,2,90,589,Our World in Data / UNAIDS,2026-09-30 02:09:07
1176,COK,Cook Islands,2020,0.39803,35,1250,88.2768,369,2.7,61.5,2,94,609,Our World in Data / UNAIDS,2026-09-30 02:09:07
1177,COK,Cook Islands,2021,0.40203,35,1300,91.8079,371,2.59,64.5,2,98,613,Our World in Data / UNAIDS,2026-09-30 02:09:07
1178,COL,Colombia,1990,0.08611,27622,13000,0.2513,528,5.15,0.0,1519,975,872,Our World in Data / UNAIDS,2026-09-30 02:09:07
1179,COL,Colombia,1991,0.1169,37499,13000,0.2513,747,5.15,0.0,2062,975,1233,Our World in Data / UNAIDS,2026-09-30 02:09:07
1180,COL,Colombia,1992,0.15364,49284,13000,0.2513,1029,5.15,0.0,2711,975,1697,Our World in Data / UNAIDS,2026-09-30 02:09:07
1181,COL,Colombia,1993,0.19546,62699,13000,0.2513,1382,5.15,0.0,3448,975,2280,Our World in Data / UNAIDS,2026-09-30 02:09:07
1182,COL,Colombia,1994,0.23981,76925,13000,0.2513,1811,5.15,0.0,4231,975,2988,Our World in Data / UNAIDS,2026-09-30 02:09:07
1183,COL,Colombia,1995,0.2836,90972,13000,0.2513,2312,5.15,0.0,5003,975,3815,Our World in Data / UNAIDS,2026-09-30 02:09:07
1184,COL,Colombia,1996,0.32516,104303,13000,0.2513,2886,5.15,0.0,5737,975,4763,Our World in Data / UNAIDS,2026-09-30 02:09:07
1185,COL,Colombia,1997,0.36208,116146,13000,0.2513,3528,5.15,0.0,6388,975,5821,Our World in Data / UNAIDS,2026-09-30 02:09:07
1186,COL,Colombia,1998,0.39367,126280,13000,0.2513,4218,5.15,0.0,6945,975,6960,Our World in Data / UNAIDS,2026-09-30 02:09:07
1187,COL,Colombia,1999,0.42082,134989,13000,0.2513,4934,5.15,0.0,7424,975,8142,Our World in Data / UNAIDS,2026-09-30 02:09:07
1188,COL,Colombia,2000,0.44266,141994,13000,0.2513,5650,5.15,0.0,7810,975,9323,Our World in Data / UNAIDS,2026-09-30 02:09:07
1189,COL,Colombia,2001,0.45675,146514,12000,0.2319,6120,5.62,2.0,8058,900,10099,Our World in Data / UNAIDS,2026-09-30 02:09:07
1190,COL,Colombia,2002,0.46759,149991,12000,0.2319,6342,5.51,3.0,8250,900,10464,Our World in Data / UNAIDS,2026-09-30 02:09:07
1191,COL,Colombia,2003,0.47751,153173,12000,0.2319,6609,5.71,4.0,8425,900,10905,Our World in Data / UNAIDS,2026-09-30 02:09:07
1192,COL,Colombia,2004,0.48469,155477,12000,0.2319,6897,6.17,5.0,8551,900,11380,Our World in Data / UNAIDS,2026-09-30 02:09:07
1193,COL,Colombia,2005,0.48923,156933,11000,0.2126,7176,5.75,6.0,8631,825,11841,Our World in Data / UNAIDS,2026-09-30 02:09:07
1194,COL,Colombia,2006,0.49432,158566,11000,0.2126,6706,5.79,11.0,8721,825,11066,Our World in Data / UNAIDS,2026-09-30 02:09:07
1195,COL,Colombia,2007,0.49869,159967,11000,0.2126,6707,6.03,9.0,8798,825,11067,Our World in Data / UNAIDS,2026-09-30 02:09:07
1196,COL,Colombia,2008,0.50088,160670,12000,0.2319,7935,5.75,10.0,8837,900,13093,Our World in Data / UNAIDS,2026-09-30 02:09:07
1197,COL,Colombia,2009,0.50219,161090,12000,0.2319,8363,5.6,11.0,8860,900,13798,Our World in Data / UNAIDS,2026-09-30 02:09:07
1198,COL,Colombia,2010,0.50323,161424,12000,0.2319,7827,5.78,16.0,8878,900,12915,Our World in Data / UNAIDS,2026-09-30 02:09:07
1199,COL,Colombia,2011,0.50448,161825,11000,0.2126,6684,5.61,23.0,8900,825,11028,Our World in Data / UNAIDS,2026-09-30 02:09:07
1200,COL,Colombia,2012,0.5074,162761,11000,0.2126,6035,5.23,27.0,8952,825,9959,Our World in Data / UNAIDS,2026-09-30 02:09:07
1201,COL,Colombia,2013,0.51168,164134,11000,0.2126,5702,5.42,32.0,9027,825,9408,Our World in Data / UNAIDS,2026-09-30 02:09:07
1202,COL,Colombia,2014,0.51576,165443,11000,0.2126,5366,5.35,35.0,9099,825,8854,Our World in Data / UNAIDS,2026-09-30 02:09:07
1203,COL,Colombia,2015,0.52152,167291,11000,0.2126,4948,5.46,41.0,9201,825,8163,Our World in Data / UNAIDS,2026-09-30 02:09:07
1204,COL,Colombia,2016,0.52622,168798,11000,0.2126,4549,5.76,45.0,9284,825,7505,Our World in Data / UNAIDS,2026-09-30 02:09:07
1205,COL,Colombia,2017,0.53304,170986,12000,0.2319,4669,5.41,45.0,9404,900,7704,Our World in Data / UNAIDS,2026-09-30 02:09:07
1206,COL,Colombia,2018,0.5413,173636,12000,0.2319,4600,5.72,50.0,9550,900,7590,Our World in Data / UNAIDS,2026-09-30 02:09:07
1207,COL,Colombia,2019,0.55018,176484,12000,0.2319,3753,5.11,58.0,9707,900,6192,Our World in Data / UNAIDS,2026-09-30 02:09:07
1208,COL,Colombia,2020,0.55799,178989,12000,0.2319,3213,4.68,61.0,9844,900,5301,Our World in Data / UNAIDS,2026-09-30 02:09:07
1209,COL,Colombia,2021,0.56758,182066,12000,0.2319,3281,4.72,60.0,10014,900,5414,Our World in Data / UNAIDS,2026-09-30 02:09:07
1210,COL,Colombia,2022,0.57732,185190,13000,0.2513,3391,4.72,63.0,10185,975,5595,Our World in Data / UNAIDS,2026-09-30 02:09:07
1211,COM,Comoros,1990,0.01553,80,100,0.1199,3,0.63,0.0,4,8,4,Our World in Data / UNAIDS,2026-09-30 02:09:07
1212,COM,Comoros,1991,0.01686,87,100,0.1199,3,0.63,0.0,5,8,5,Our World in Data / UNAIDS,2026-09-30 02:09:07
1213,COM,Comoros,1992,0.0182,94,100,0.1199,3,0.63,0.0,5,8,6,Our World in Data / UNAIDS,2026-09-30 02:09:07
1214,COM,Comoros,1993,0.01982,103,100,0.1199,4,0.63,0.0,6,8,6,Our World in Data / UNAIDS,2026-09-30 02:09:07
1215,COM,Comoros,1994,0.02203,114,100,0.1199,4,0.63,0.0,6,8,7,Our World in Data / UNAIDS,2026-09-30 02:09:07
1216,COM,Comoros,1995,0.02446,127,100,0.1199,5,0.63,0.0,7,8,8,Our World in Data / UNAIDS,2026-09-30 02:09:07
1217,COM,Comoros,1996,0.02637,136,100,0.1199,5,0.63,0.0,7,8,8,Our World in Data / UNAIDS,2026-09-30 02:09:07
1218,COM,Comoros,1997,0.02707,140,100,0.1199,5,0.63,0.0,8,8,9,Our World in Data / UNAIDS,2026-09-30 02:09:07
1219,COM,Comoros,1998,0.02692,139,100,0.1199,6,0.63,0.0,8,8,10,Our World in Data / UNAIDS,2026-09-30 02:09:07
1220,COM,Comoros,1999,0.02671,138,100,0.1199,6,0.63,0.0,8,8,10,Our World in Data / UNAIDS,2026-09-30 02:09:07
1221,COM,Comoros,2000,0.02622,136,100,0.1199,7,0.63,0.0,7,8,11,Our World in Data / UNAIDS,2026-09-30 02:09:07
1222,COM,Comoros,2001,0.02585,134,100,0.1199,7,0.67,0.0,7,8,11,Our World in Data / UNAIDS,2026-09-30 02:09:07
1223,COM,Comoros,2002,0.02551,132,100,0.1199,7,0.71,0.0,7,8,12,Our World in Data / UNAIDS,2026-09-30 02:09:07
1224,COM,Comoros,2003,0.02506,130,100,0.1199,7,0.74,0.0,7,8,12,Our World in Data / UNAIDS,2026-09-30 02:09:07
1225,COM,Comoros,2004,0.02488,129,100,0.1199,8,0.78,0.0,7,8,13,Our World in Data / UNAIDS,2026-09-30 02:09:07
1226,COM,Comoros,2005,0.02468,128,100,0.1199,8,0.82,0.0,7,8,13,Our World in Data / UNAIDS,2026-09-30 02:09:07
1227,COM,Comoros,2006,0.02457,127,100,0.1199,8,0.86,0.0,7,8,13,Our World in Data / UNAIDS,2026-09-30 02:09:07
1228,COM,Comoros,2007,0.02447,127,100,0.1199,8,0.9,0.0,7,8,13,Our World in Data / UNAIDS,2026-09-30 02:09:07
1229,COM,Comoros,2008,0.02445,126,100,0.1199,8,0.93,0.0,7,8,13,Our World in Data / UNAIDS,2026-09-30 02:09:07
1230,COM,Comoros,2009,0.02455,127,100,0.1199,8,0.96,0.0,7,8,14,Our World in Data / UNAIDS,2026-09-30 02:09:07
1231,COM,Comoros,2010,0.02485,129,100,0.1199,6,0.71,17.0,7,8,11,Our World in Data / UNAIDS,2026-09-30 02:09:07
1232,COM,Comoros,2011,0.02527,131,100,0.1199,5,0.48,18.0,7,8,9,Our World in Data / UNAIDS,2026-09-30 02:09:07
1233,COM,Comoros,2012,0.02568,133,100,0.1199,5,0.47,21.0,7,8,9,Our World in Data / UNAIDS,2026-09-30 02:09:07
1234,COM,Comoros,2013,0.02636,136,100,0.1199,5,0.45,23.0,7,8,9,Our World in Data / UNAIDS,2026-09-30 02:09:07
1235,COM,Comoros,2014,0.02665,138,100,0.1199,6,0.46,24.0,8,8,9,Our World in Data / UNAIDS,2026-09-30 02:09:07
1236,COM,Comoros,2015,0.02685,139,100,0.1199,5,0.45,31.0,8,8,9,Our World in Data / UNAIDS,2026-09-30 02:09:07
1237,COM,Comoros,2016,0.02694,139,100,0.1199,5,0.39,34.0,8,8,8,Our World in Data / UNAIDS,2026-09-30 02:09:07
1238,COM,Comoros,2017,0.02677,138,100,0.1199,5,0.38,37.0,8,8,9,Our World in Data / UNAIDS,2026-09-30 02:09:07
1239,COM,Comoros,2018,0.02694,139,100,0.1199,5,0.36,43.0,8,8,8,Our World in Data / UNAIDS,2026-09-30 02:09:07
1240,COM,Comoros,2019,0.02706,140,100,0.1199,5,0.31,54.0,8,8,8,Our World in Data / UNAIDS,2026-09-30 02:09:07
1241,COM,Comoros,2020,0.02708,140,100,0.1199,4,0.24,57.0,8,8,7,Our World in Data / UNAIDS,2026-09-30 02:09:07
1242,COM,Comoros,2021,0.02713,140,100,0.1199,4,0.21,58.0,8,8,7,Our World in Data / UNAIDS,2026-09-30 02:09:07
1243,COM,Comoros,2022,0.02708,140,100,0.1199,4,0.21,62.0,8,8,6,Our World in Data / UNAIDS,2026-09-30 02:09:07
1244,CPV,Cape Verde,1990,0.48749,1571,500,0.962,51,24.94,0.0,86,38,84,Our World in Data / UNAIDS,2026-09-30 02:09:07
1245,CPV,Cape Verde,1991,0.5202,1676,500,0.962,60,24.94,0.0,92,38,98,Our World in Data / UNAIDS,2026-09-30 02:09:07
1246,CPV,Cape Verde,1992,0.54633,1760,500,0.962,69,24.94,0.0,97,38,113,Our World in Data / UNAIDS,2026-09-30 02:09:07
1247,CPV,Cape Verde,1993,0.57005,1837,500,0.962,77,24.94,0.0,101,38,128,Our World in Data / UNAIDS,2026-09-30 02:09:07
1248,CPV,Cape Verde,1994,0.5898,1901,500,0.962,86,24.94,0.0,105,38,142,Our World in Data / UNAIDS,2026-09-30 02:09:07
1249,CPV,Cape Verde,1995,0.60855,1961,500,0.962,94,24.94,0.0,108,38,155,Our World in Data / UNAIDS,2026-09-30 02:09:07
1250,CPV,Cape Verde,1996,0.62316,2008,500,0.962,102,24.94,0.0,110,38,168,Our World in Data / UNAIDS,2026-09-30 02:09:07
1251,CPV,Cape Verde,1997,0.63534,2047,500,0.962,109,24.94,0.0,113,38,180,Our World in Data / UNAIDS,2026-09-30 02:09:07
1252,CPV,Cape Verde,1998,0.64554,2080,500,0.962,116,24.94,0.0,114,38,192,Our World in Data / UNAIDS,2026-09-30 02:09:07
1253,CPV,Cape Verde,1999,0.65368,2106,500,0.962,123,24.94,0.0,116,38,202,Our World in Data / UNAIDS,2026-09-30 02:09:07
1254,CPV,Cape Verde,2000,0.66133,2131,500,0.962,129,24.94,0.0,117,38,213,Our World in Data / UNAIDS,2026-09-30 02:09:07
1255,CPV,Cape Verde,2001,0.6672,2150,500,0.962,136,26.17,0.0,118,38,224,Our World in Data / UNAIDS,2026-09-30 02:09:07
1256,CPV,Cape Verde,2002,0.6692,2156,500,0.962,142,27.78,0.0,119,38,234,Our World in Data / UNAIDS,2026-09-30 02:09:07
1257,CPV,Cape Verde,2003,0.67173,2165,500,0.962,148,28.73,0.0,119,38,243,Our World in Data / UNAIDS,2026-09-30 02:09:07
1258,CPV,Cape Verde,2004,0.67417,2172,500,0.962,152,29.84,1.0,119,38,250,Our World in Data / UNAIDS,2026-09-30 02:09:07
1259,CPV,Cape Verde,2005,0.67571,2177,500,0.962,129,25.01,9.0,120,38,212,Our World in Data / UNAIDS,2026-09-30 02:09:07
1260,CPV,Cape Verde,2006,0.67858,2187,200,0.3848,100,18.6,14.0,120,15,164,Our World in Data / UNAIDS,2026-09-30 02:09:07
1261,CPV,Cape Verde,2007,0.68104,2195,200,0.3848,87,15.28,21.0,121,15,143,Our World in Data / UNAIDS,2026-09-30 02:09:07
1262,CPV,Cape Verde,2008,0.68482,2207,200,0.3848,76,13.23,26.0,121,15,125,Our World in Data / UNAIDS,2026-09-30 02:09:07
1263,CPV,Cape Verde,2009,0.68968,2222,200,0.3848,74,12.89,26.0,122,15,123,Our World in Data / UNAIDS,2026-09-30 02:09:07
1264,CPV,Cape Verde,2010,0.6988,2252,200,0.3848,79,13.29,32.0,124,15,130,Our World in Data / UNAIDS,2026-09-30 02:09:07
1265,CPV,Cape Verde,2011,0.71046,2289,200,0.3848,75,12.73,35.0,126,15,123,Our World in Data / UNAIDS,2026-09-30 02:09:07
1266,CPV,Cape Verde,2012,0.72337,2331,200,0.3848,69,12.15,42.0,128,15,114,Our World in Data / UNAIDS,2026-09-30 02:09:07
1267,CPV,Cape Verde,2013,0.73779,2377,200,0.3848,60,10.41,49.0,131,15,99,Our World in Data / UNAIDS,2026-09-30 02:09:07
1268,CPV,Cape Verde,2014,0.75541,2434,500,0.962,56,9.99,53.0,134,38,93,Our World in Data / UNAIDS,2026-09-30 02:09:07
1269,CPV,Cape Verde,2015,0.77396,2494,500,0.962,58,10.03,52.0,137,38,96,Our World in Data / UNAIDS,2026-09-30 02:09:07
1270,CPV,Cape Verde,2016,0.79593,2565,500,0.962,64,11.39,53.0,141,38,106,Our World in Data / UNAIDS,2026-09-30 02:09:07
1271,CPV,Cape Verde,2017,0.81905,2639,500,0.962,70,12.41,60.0,145,38,116,Our World in Data / UNAIDS,2026-09-30 02:09:07
1272,CPV,Cape Verde,2018,0.83861,2702,500,0.962,70,11.81,68.0,149,38,115,Our World in Data / UNAIDS,2026-09-30 02:09:07
1273,CPV,Cape Verde,2019,0.85441,2753,500,0.962,63,10.59,71.0,151,38,104,Our World in Data / UNAIDS,2026-09-30 02:09:07
1274,CPV,Cape Verde,2020,0.86905,2800,500,0.962,62,9.95,76.0,154,38,102,Our World in Data / UNAIDS,2026-09-30 02:09:07
1275,CPV,Cape Verde,2021,0.87835,2830,500,0.962,60,9.74,81.0,156,38,99,Our World in Data / UNAIDS,2026-09-30 02:09:07
1276,CPV,Cape Verde,2022,0.88833,2863,200,0.3848,57,9.74,79.0,157,15,94,Our World in Data / UNAIDS,2026-09-30 02:09:07
1277,CRI,Costa Rica,1990,0.07614,2399,500,0.0984,50,2.96,10.0,132,38,83,Our World in Data / UNAIDS,2026-09-30 02:09:07
1278,CRI,Costa Rica,1991,0.08611,2713,500,0.0984,65,2.96,10.0,149,38,107,Our World in Data / UNAIDS,2026-09-30 02:09:07
1279,CRI,Costa Rica,1992,0.0942,2968,500,0.0984,81,2.96,10.0,163,38,133,Our World in Data / UNAIDS,2026-09-30 02:09:07
1280,CRI,Costa Rica,1993,0.10045,3165,500,0.0984,98,2.96,10.0,174,38,161,Our World in Data / UNAIDS,2026-09-30 02:09:07
1281,CRI,Costa Rica,1994,0.10525,3316,500,0.0984,115,2.96,10.0,182,38,190,Our World in Data / UNAIDS,2026-09-30 02:09:07
1282,CRI,Costa Rica,1995,0.10929,3443,500,0.0984,133,2.96,10.0,189,38,219,Our World in Data / UNAIDS,2026-09-30 02:09:07
1283,CRI,Costa Rica,1996,0.11323,3568,500,0.0984,150,2.96,10.0,196,38,248,Our World in Data / UNAIDS,2026-09-30 02:09:07
1284,CRI,Costa Rica,1997,0.11767,3707,500,0.0984,167,2.96,10.0,204,38,276,Our World in Data / UNAIDS,2026-09-30 02:09:07
1285,CRI,Costa Rica,1998,0.12308,3878,500,0.0984,184,2.96,10.0,213,38,304,Our World in Data / UNAIDS,2026-09-30 02:09:07
1286,CRI,Costa Rica,1999,0.12974,4088,500,0.0984,201,2.96,10.0,225,38,332,Our World in Data / UNAIDS,2026-09-30 02:09:07
1287,CRI,Costa Rica,2000,0.13929,4389,500,0.0984,178,2.96,10.0,241,38,294,Our World in Data / UNAIDS,2026-09-30 02:09:07
1288,CRI,Costa Rica,2001,0.15243,4803,540,0.1063,132,3.38,13.0,264,40,217,Our World in Data / UNAIDS,2026-09-30 02:09:07
1289,CRI,Costa Rica,2002,0.1675,5277,600,0.1181,125,2.97,15.0,290,45,206,Our World in Data / UNAIDS,2026-09-30 02:09:07
1290,CRI,Costa Rica,2003,0.18409,5800,650,0.1279,126,3.43,17.0,319,49,208,Our World in Data / UNAIDS,2026-09-30 02:09:07
1291,CRI,Costa Rica,2004,0.20191,6362,700,0.1377,131,2.92,19.0,350,52,216,Our World in Data / UNAIDS,2026-09-30 02:09:07
1292,CRI,Costa Rica,2005,0.2207,6954,760,0.1496,139,2.93,20.0,382,57,229,Our World in Data / UNAIDS,2026-09-30 02:09:07
1293,CRI,Costa Rica,2006,0.24027,7570,800,0.1574,148,3.39,21.0,416,60,244,Our World in Data / UNAIDS,2026-09-30 02:09:07
1294,CRI,Costa Rica,2007,0.26036,8203,840,0.1653,160,2.46,23.0,451,63,263,Our World in Data / UNAIDS,2026-09-30 02:09:07
1295,CRI,Costa Rica,2008,0.28078,8847,890,0.1751,171,2.62,23.0,487,67,282,Our World in Data / UNAIDS,2026-09-30 02:09:07
1296,CRI,Costa Rica,2009,0.30137,9495,920,0.181,185,2.53,24.0,522,69,304,Our World in Data / UNAIDS,2026-09-30 02:09:07
1297,CRI,Costa Rica,2010,0.32351,10193,950,0.1869,154,3.05,35.0,561,71,254,Our World in Data / UNAIDS,2026-09-30 02:09:07
1298,CRI,Costa Rica,2011,0.34727,10941,980,0.1928,115,2.85,36.0,602,74,190,Our World in Data / UNAIDS,2026-09-30 02:09:07
1299,CRI,Costa Rica,2012,0.3709,11686,1000,0.1968,127,3.21,35.0,643,75,210,Our World in Data / UNAIDS,2026-09-30 02:09:07
1300,CRI,Costa Rica,2013,0.39333,12393,1000,0.1968,167,3.07,36.0,682,75,276,Our World in Data / UNAIDS,2026-09-30 02:09:07
1301,CRI,Costa Rica,2014,0.41444,13058,1000,0.1968,209,3.35,37.0,718,75,346,Our World in Data / UNAIDS,2026-09-30 02:09:07
1302,CRI,Costa Rica,2015,0.43536,13717,1100,0.2165,217,3.31,41.0,754,82,358,Our World in Data / UNAIDS,2026-09-30 02:09:07
1303,CRI,Costa Rica,2016,0.45698,14398,1100,0.2165,197,3.52,43.0,792,82,326,Our World in Data / UNAIDS,2026-09-30 02:09:07
1304,CRI,Costa Rica,2017,0.47902,15092,1100,0.2165,198,3.37,46.0,830,82,327,Our World in Data / UNAIDS,2026-09-30 02:09:07
1305,CRI,Costa Rica,2018,0.50127,15793,1100,0.2165,192,3.71,50.0,869,82,317,Our World in Data / UNAIDS,2026-09-30 02:09:07
1306,CRI,Costa Rica,2019,0.52366,16499,1100,0.2165,182,3.84,53.0,907,82,301,Our World in Data / UNAIDS,2026-09-30 02:09:07
1307,CRI,Costa Rica,2020,0.54505,17173,1100,0.2165,196,3.85,52.0,945,82,324,Our World in Data / UNAIDS,2026-09-30 02:09:07
1308,CRI,Costa Rica,2021,0.5666,17852,1100,0.2165,192,4.19,59.0,982,82,317,Our World in Data / UNAIDS,2026-09-30 02:09:07
1309,CRI,Costa Rica,2022,0.58835,18537,1100,0.2165,165,4.19,61.0,1020,82,272,Our World in Data / UNAIDS,2026-09-30 02:09:07
1310,CUB,Cuba,1990,0.01213,832,1300,0.1175,23,1.32,1.0,46,98,37,Our World in Data / UNAIDS,2026-09-30 02:09:07
1311,CUB,Cuba,1991,0.01394,956,1300,0.1175,29,1.32,1.0,53,98,48,Our World in Data / UNAIDS,2026-09-30 02:09:07
1312,CUB,Cuba,1992,0.01534,1052,1300,0.1175,37,1.32,1.0,58,98,61,Our World in Data / UNAIDS,2026-09-30 02:09:07
1313,CUB,Cuba,1993,0.0166,1138,1300,0.1175,45,1.32,1.0,63,98,74,Our World in Data / UNAIDS,2026-09-30 02:09:07
1314,CUB,Cuba,1994,0.01818,1247,1300,0.1175,53,1.32,1.0,69,98,87,Our World in Data / UNAIDS,2026-09-30 02:09:07
1315,CUB,Cuba,1995,0.02077,1424,1300,0.1175,62,1.32,1.0,78,98,102,Our World in Data / UNAIDS,2026-09-30 02:09:07
1316,CUB,Cuba,1996,0.02508,1720,1300,0.1175,72,1.32,1.0,95,98,119,Our World in Data / UNAIDS,2026-09-30 02:09:07
1317,CUB,Cuba,1997,0.03172,2175,1300,0.1175,85,1.32,1.0,120,98,141,Our World in Data / UNAIDS,2026-09-30 02:09:07
1318,CUB,Cuba,1998,0.04142,2840,1300,0.1175,102,1.32,1.0,156,98,169,Our World in Data / UNAIDS,2026-09-30 02:09:07
1319,CUB,Cuba,1999,0.05464,3747,1300,0.1175,125,1.32,1.0,206,98,207,Our World in Data / UNAIDS,2026-09-30 02:09:07
1320,CUB,Cuba,2000,0.07146,4900,1300,0.1175,150,1.32,1.0,270,98,248,Our World in Data / UNAIDS,2026-09-30 02:09:07
1321,CUB,Cuba,2001,0.09188,6300,1500,0.1356,150,1.08,6.0,346,112,248,Our World in Data / UNAIDS,2026-09-30 02:09:07
1322,CUB,Cuba,2002,0.11546,7917,1700,0.1537,131,0.82,10.0,435,128,216,Our World in Data / UNAIDS,2026-09-30 02:09:07
1323,CUB,Cuba,2003,0.14106,9673,1900,0.1718,122,0.68,13.0,532,142,202,Our World in Data / UNAIDS,2026-09-30 02:09:07
1324,CUB,Cuba,2004,0.16771,11500,2000,0.1808,135,1.0,14.0,632,150,223,Our World in Data / UNAIDS,2026-09-30 02:09:07
1325,CUB,Cuba,2005,0.19459,13343,2100,0.1899,166,1.11,15.0,734,158,273,Our World in Data / UNAIDS,2026-09-30 02:09:07
1326,CUB,Cuba,2006,0.22165,15199,2100,0.1899,198,1.03,17.0,836,158,327,Our World in Data / UNAIDS,2026-09-30 02:09:07
1327,CUB,Cuba,2007,0.24871,17054,2200,0.1989,223,1.44,19.0,938,165,368,Our World in Data / UNAIDS,2026-09-30 02:09:07
1328,CUB,Cuba,2008,0.27573,18907,2200,0.1989,245,1.6,22.0,1040,165,405,Our World in Data / UNAIDS,2026-09-30 02:09:07
1329,CUB,Cuba,2009,0.30272,20758,2200,0.1989,254,1.67,24.0,1142,165,420,Our World in Data / UNAIDS,2026-09-30 02:09:07
1330,CUB,Cuba,2010,0.32927,22578,2200,0.1989,279,1.86,27.0,1242,165,460,Our World in Data / UNAIDS,2026-09-30 02:09:07
1331,CUB,Cuba,2011,0.35529,24363,2200,0.1989,312,2.13,32.0,1340,165,515,Our World in Data / UNAIDS,2026-09-30 02:09:07
1332,CUB,Cuba,2012,0.38042,26086,2200,0.1989,331,2.72,35.0,1435,165,547,Our World in Data / UNAIDS,2026-09-30 02:09:07
1333,CUB,Cuba,2013,0.40484,27760,2200,0.1989,345,3.18,38.0,1527,165,568,Our World in Data / UNAIDS,2026-09-30 02:09:07
1334,CUB,Cuba,2014,0.42876,29400,2100,0.1899,337,3.38,44.0,1617,158,556,Our World in Data / UNAIDS,2026-09-30 02:09:07
1335,CUB,Cuba,2015,0.45251,31029,2100,0.1899,312,4.04,51.0,1707,158,515,Our World in Data / UNAIDS,2026-09-30 02:09:07
1336,CUB,Cuba,2016,0.47583,32628,2100,0.1899,291,4.31,55.0,1795,158,480,Our World in Data / UNAIDS,2026-09-30 02:09:07
1337,CUB,Cuba,2017,0.49808,34154,2000,0.1808,277,4.13,59.0,1878,150,457,Our World in Data / UNAIDS,2026-09-30 02:09:07
1338,CUB,Cuba,2018,0.51978,35642,2000,0.1808,256,4.33,63.0,1960,150,422,Our World in Data / UNAIDS,2026-09-30 02:09:07
1339,CUB,Cuba,2019,0.54159,37137,2000,0.1808,234,3.94,68.0,2043,150,387,Our World in Data / UNAIDS,2026-09-30 02:09:07
1340,CUB,Cuba,2020,0.56303,38607,1900,0.1718,236,3.37,66.0,2123,142,389,Our World in Data / UNAIDS,2026-09-30 02:09:07
1341,CUB,Cuba,2021,0.58367,40023,1900,0.1718,270,3.45,67.0,2201,142,445,Our World in Data / UNAIDS,2026-09-30 02:09:07
1342,CUB,Cuba,2022,0.60288,41340,1900,0.1718,297,3.45,70.0,2274,142,491,Our World in Data / UNAIDS,2026-09-30 02:09:07
1343,CYP,Cyprus,2000,0.24165,1995,1650,1.2393,389,0.29,0.0,110,124,642,Our World in Data / UNAIDS,2026-09-30 02:09:07
1344,CYP,Cyprus,2001,0.25329,2091,1700,1.2769,363,0.3,0.0,115,128,599,Our World in Data / UNAIDS,2026-09-30 02:09:07
1345,CYP,Cyprus,2002,0.27393,2261,1700,1.2769,349,0.31,0.0,124,128,575,Our World in Data / UNAIDS,2026-09-30 02:09:07
1346,CYP,Cyprus,2003,0.30624,2528,1700,1.2769,386,0.31,1.5,139,128,636,Our World in Data / UNAIDS,2026-09-30 02:09:07
1347,CYP,Cyprus,2004,0.31623,2610,1550,1.1642,445,0.12,3.0,144,116,735,Our World in Data / UNAIDS,2026-09-30 02:09:07
1348,CYP,Cyprus,2005,0.31956,2638,1500,1.1267,400,0.49,6.5,145,112,660,Our World in Data / UNAIDS,2026-09-30 02:09:07
1349,CYP,Cyprus,2006,0.32438,2678,1450,1.0891,432,0.27,9.5,147,109,712,Our World in Data / UNAIDS,2026-09-30 02:09:07
1350,CYP,Cyprus,2007,0.3304,2727,1300,0.9764,566,0.5,13.0,150,98,934,Our World in Data / UNAIDS,2026-09-30 02:09:07
1351,CYP,Cyprus,2008,0.33243,2744,1250,0.9389,534,40.0727,17.0,151,94,880,Our World in Data / UNAIDS,2026-09-30 02:09:07
1352,CYP,Cyprus,2009,0.32959,2721,1300,0.9764,470,35.3157,21.0,150,98,776,Our World in Data / UNAIDS,2026-09-30 02:09:07
1353,CYP,Cyprus,2010,0.33193,2740,1300,0.9764,452,0.27,24.9444,151,98,746,Our World in Data / UNAIDS,2026-09-30 02:09:07
1354,CYP,Cyprus,2011,0.34874,2879,1250,0.9389,468,0.28,28.0,158,94,772,Our World in Data / UNAIDS,2026-09-30 02:09:07
1355,CYP,Cyprus,2012,0.36233,2991,1250,0.9389,487,0.26,31.0,165,94,803,Our World in Data / UNAIDS,2026-09-30 02:09:07
1356,CYP,Cyprus,2013,0.36732,3032,1300,0.9764,517,0.23,35.0,167,98,853,Our World in Data / UNAIDS,2026-09-30 02:09:07
1357,CYP,Cyprus,2014,0.36172,2986,1200,0.9013,449,0.45,37.0,164,90,741,Our World in Data / UNAIDS,2026-09-30 02:09:07
1358,CYP,Cyprus,2015,0.36479,3011,1250,0.9389,430,0.42,41.0,166,94,709,Our World in Data / UNAIDS,2026-09-30 02:09:07
1359,CYP,Cyprus,2016,0.37443,3091,1200,0.9013,442,0.14,45.5,170,90,730,Our World in Data / UNAIDS,2026-09-30 02:09:07
1360,CYP,Cyprus,2017,0.36894,3045,1200,0.9013,424,31.8237,50.5,167,90,699,Our World in Data / UNAIDS,2026-09-30 02:09:07
1361,CYP,Cyprus,2018,0.36413,3006,1200,0.9013,381,28.6421,54.0,165,90,629,Our World in Data / UNAIDS,2026-09-30 02:09:07
1362,CYP,Cyprus,2019,0.37023,3056,1200,0.9013,357,26.8029,59.0,168,90,589,Our World in Data / UNAIDS,2026-09-30 02:09:07
1363,CYP,Cyprus,2020,0.39803,3286,1250,0.9389,369,0.24,61.5,181,94,609,Our World in Data / UNAIDS,2026-09-30 02:09:07
1364,CYP,Cyprus,2021,0.40203,3319,1300,0.9764,371,0.18,64.5,183,98,613,Our World in Data / UNAIDS,2026-09-30 02:09:07
1365,CZE,Czechia,2000,0.24165,15989,1650,0.1546,389,0.01,0.0,879,124,642,Our World in Data / UNAIDS,2026-09-30 02:09:07
1366,CZE,Czechia,2001,0.25329,16759,1700,0.1593,363,0.03,0.0,922,128,599,Our World in Data / UNAIDS,2026-09-30 02:09:07
1367,CZE,Czechia,2002,0.27393,18125,1700,0.1593,349,3.2681,0.0,997,128,575,Our World in Data / UNAIDS,2026-09-30 02:09:07
1368,CZE,Czechia,2003,0.30624,20263,1700,0.1593,386,3.6145,1.5,1114,128,636,Our World in Data / UNAIDS,2026-09-30 02:09:07
1369,CZE,Czechia,2004,0.31623,20924,1550,0.1452,445,4.1735,3.0,1151,116,735,Our World in Data / UNAIDS,2026-09-30 02:09:07
1370,CZE,Czechia,2005,0.31956,21144,1500,0.1406,400,0.05,6.5,1163,112,660,Our World in Data / UNAIDS,2026-09-30 02:09:07
1371,CZE,Czechia,2006,0.32438,21463,1450,0.1359,432,0.01,9.5,1180,109,712,Our World in Data / UNAIDS,2026-09-30 02:09:07
1372,CZE,Czechia,2007,0.3304,21861,1300,0.1218,566,0.04,13.0,1202,98,934,Our World in Data / UNAIDS,2026-09-30 02:09:07
1373,CZE,Czechia,2008,0.33243,21996,1250,0.1171,534,0.06,17.0,1210,94,880,Our World in Data / UNAIDS,2026-09-30 02:09:07
1374,CZE,Czechia,2009,0.32959,21808,1300,0.1218,470,0.08,21.0,1199,98,776,Our World in Data / UNAIDS,2026-09-30 02:09:07
1375,CZE,Czechia,2010,0.33193,21963,1300,0.1218,452,0.05,24.9444,1208,98,746,Our World in Data / UNAIDS,2026-09-30 02:09:07
1376,CZE,Czechia,2011,0.34874,23075,1250,0.1171,468,0.08,28.0,1269,94,772,Our World in Data / UNAIDS,2026-09-30 02:09:07
1377,CZE,Czechia,2012,0.36233,23974,1250,0.1171,487,0.07,31.0,1319,94,803,Our World in Data / UNAIDS,2026-09-30 02:09:07
1378,CZE,Czechia,2013,0.36732,24305,1300,0.1218,517,0.07,35.0,1337,98,853,Our World in Data / UNAIDS,2026-09-30 02:09:07
1379,CZE,Czechia,2014,0.36172,23934,1200,0.1124,449,0.17,37.0,1316,90,741,Our World in Data / UNAIDS,2026-09-30 02:09:07
1380,CZE,Czechia,2015,0.36479,24137,1250,0.1171,430,0.1,41.0,1328,94,709,Our World in Data / UNAIDS,2026-09-30 02:09:07
1381,CZE,Czechia,2016,0.37443,24775,1200,0.1124,442,0.17,45.5,1363,90,730,Our World in Data / UNAIDS,2026-09-30 02:09:07
1382,CZE,Czechia,2017,0.36894,24411,1200,0.1124,424,0.14,50.5,1343,90,699,Our World in Data / UNAIDS,2026-09-30 02:09:07
1383,CZE,Czechia,2018,0.36413,24093,1200,0.1124,381,0.11,54.0,1325,90,629,Our World in Data / UNAIDS,2026-09-30 02:09:07
1384,CZE,Czechia,2019,0.37023,24497,1200,0.1124,357,0.07,59.0,1347,90,589,Our World in Data / UNAIDS,2026-09-30 02:09:07
1385,CZE,Czechia,2020,0.39803,26337,1250,0.1171,369,0.16,61.5,1449,94,609,Our World in Data / UNAIDS,2026-09-30 02:09:07
1386,CZE,Czechia,2021,0.40203,26601,1300,0.1218,371,0.21,64.5,1463,98,613,Our World in Data / UNAIDS,2026-09-30 02:09:07
1387,DEU,Germany,2000,0.11559,59610,2600,0.0313,161,0.77,70.0,3279,195,265,Our World in Data / UNAIDS,2026-09-30 02:09:07
1388,DEU,Germany,2001,0.11559,59610,2600,0.0313,161,0.72,70.0,3279,195,265,Our World in Data / UNAIDS,2026-09-30 02:09:07
1389,DEU,Germany,2002,0.11559,59610,2600,0.0313,161,0.68,70.0,3279,195,265,Our World in Data / UNAIDS,2026-09-30 02:09:07
1390,DEU,Germany,2003,0.11559,59610,2600,0.0313,161,0.66,70.0,3279,195,265,Our World in Data / UNAIDS,2026-09-30 02:09:07
1391,DEU,Germany,2004,0.11559,59610,2600,0.0313,161,0.66,70.0,3279,195,265,Our World in Data / UNAIDS,2026-09-30 02:09:07
1392,DEU,Germany,2005,0.11559,59610,2600,0.0313,161,0.64,70.0,3279,195,265,Our World in Data / UNAIDS,2026-09-30 02:09:07
1393,DEU,Germany,2006,0.11559,59610,2600,0.0313,161,0.66,70.0,3279,195,265,Our World in Data / UNAIDS,2026-09-30 02:09:07
1394,DEU,Germany,2007,0.11559,59610,2600,0.0313,161,0.6,70.0,3279,195,265,Our World in Data / UNAIDS,2026-09-30 02:09:07
1395,DEU,Germany,2008,0.11559,59610,2600,0.0313,161,0.58,70.0,3279,195,265,Our World in Data / UNAIDS,2026-09-30 02:09:07
1396,DEU,Germany,2009,0.11559,59610,2600,0.0313,161,0.57,70.0,3279,195,265,Our World in Data / UNAIDS,2026-09-30 02:09:07
1397,DEU,Germany,2010,0.11559,59610,2600,0.0313,161,0.6,70.0,3279,195,265,Our World in Data / UNAIDS,2026-09-30 02:09:07
1398,DEU,Germany,2011,0.11781,60755,2300,0.0277,151,0.61,72.0,3342,172,250,Our World in Data / UNAIDS,2026-09-30 02:09:07
1399,DEU,Germany,2012,0.12101,62405,2400,0.0289,143,0.54,75.0,3432,180,235,Our World in Data / UNAIDS,2026-09-30 02:09:07
1400,DEU,Germany,2013,0.12359,63736,2400,0.0289,137,0.54,77.0,3505,180,226,Our World in Data / UNAIDS,2026-09-30 02:09:07
1401,DEU,Germany,2014,0.12642,65195,2400,0.0289,133,0.52,78.0,3586,180,219,Our World in Data / UNAIDS,2026-09-30 02:09:07
1402,DEU,Germany,2015,0.128,66010,2300,0.0277,131,0.5,80.0,3631,172,216,Our World in Data / UNAIDS,2026-09-30 02:09:07
1403,DEU,Germany,2016,0.13089,67500,2300,0.0277,130,0.46,82.0,3712,172,214,Our World in Data / UNAIDS,2026-09-30 02:09:07
1404,DEU,Germany,2017,0.13355,68872,2100,0.0252,130,0.42,84.0,3788,158,214,Our World in Data / UNAIDS,2026-09-30 02:09:07
1405,DEU,Germany,2018,0.13607,70172,2000,0.024,129,0.39,86.0,3859,150,213,Our World in Data / UNAIDS,2026-09-30 02:09:07
1406,DEU,Germany,2019,0.13927,71822,2100,0.0252,129,0.39,88.0,3950,158,213,Our World in Data / UNAIDS,2026-09-30 02:09:07
1407,DEU,Germany,2020,0.14119,72812,1700,0.0204,128,0.36,90.0,4005,128,212,Our World in Data / UNAIDS,2026-09-30 02:09:07
1408,DEU,Germany,2021,0.14305,73771,1700,0.0204,128,0.29,92.0,4057,128,211,Our World in Data / UNAIDS,2026-09-30 02:09:07
1409,DEU,Germany,2022,0.14703,75824,1900,0.0228,128,0.29,93.0,4170,142,211,Our World in Data / UNAIDS,2026-09-30 02:09:07
1410,DJI,Djibouti,1990,0.92112,6494,2000,1.7589,100,82.29,0.0,357,150,164,Our World in Data / UNAIDS,2026-09-30 02:09:07
1411,DJI,Djibouti,1991,1.2353,8709,2000,1.7589,156,82.29,0.0,479,150,257,Our World in Data / UNAIDS,2026-09-30 02:09:07
1412,DJI,Djibouti,1992,1.65016,11634,2000,1.7589,228,82.29,0.0,640,150,376,Our World in Data / UNAIDS,2026-09-30 02:09:07
1413,DJI,Djibouti,1993,2.02228,14257,2000,1.7589,276,82.29,0.0,784,150,455,Our World in Data / UNAIDS,2026-09-30 02:09:07
1414,DJI,Djibouti,1994,2.36059,16642,2000,1.7589,359,82.29,0.0,915,150,593,Our World in Data / UNAIDS,2026-09-30 02:09:07
1415,DJI,Djibouti,1995,2.68043,18897,2000,1.7589,436,82.29,0.0,1039,150,719,Our World in Data / UNAIDS,2026-09-30 02:09:07
1416,DJI,Djibouti,1996,2.97514,20975,2000,1.7589,528,82.29,0.0,1154,150,871,Our World in Data / UNAIDS,2026-09-30 02:09:07
1417,DJI,Djibouti,1997,3.19687,22538,2000,1.7589,628,82.29,0.0,1240,150,1037,Our World in Data / UNAIDS,2026-09-30 02:09:07
1418,DJI,Djibouti,1998,3.36636,23733,2000,1.7589,749,82.29,0.0,1305,150,1236,Our World in Data / UNAIDS,2026-09-30 02:09:07
1419,DJI,Djibouti,1999,3.50204,24689,2000,1.7589,873,82.29,0.0,1358,150,1441,Our World in Data / UNAIDS,2026-09-30 02:09:07
1420,DJI,Djibouti,2000,3.606,25422,2000,1.7589,995,82.29,0.0,1398,150,1642,Our World in Data / UNAIDS,2026-09-30 02:09:07
1421,DJI,Djibouti,2001,3.64545,25700,1900,1.6709,1112,94.97,0.0,1414,142,1834,Our World in Data / UNAIDS,2026-09-30 02:09:07
1422,DJI,Djibouti,2002,3.60924,25445,1700,1.495,1222,115.16,0.0,1399,128,2016,Our World in Data / UNAIDS,2026-09-30 02:09:07
1423,DJI,Djibouti,2003,3.52678,24864,1400,1.2312,1196,113.44,0.0,1368,105,1973,Our World in Data / UNAIDS,2026-09-30 02:09:07
1424,DJI,Djibouti,2004,3.43252,24199,1400,1.2312,1231,117.48,1.0,1331,105,2031,Our World in Data / UNAIDS,2026-09-30 02:09:07
1425,DJI,Djibouti,2005,3.31154,23346,1300,1.1433,1320,125.67,2.0,1284,98,2177,Our World in Data / UNAIDS,2026-09-30 02:09:07
1426,DJI,Djibouti,2006,3.16209,22293,1200,1.0553,1366,126.73,3.0,1226,90,2254,Our World in Data / UNAIDS,2026-09-30 02:09:07
1427,DJI,Djibouti,2007,3.0038,21177,1100,0.9674,1359,123.28,4.0,1165,82,2243,Our World in Data / UNAIDS,2026-09-30 02:09:07
1428,DJI,Djibouti,2008,2.84895,20085,1000,0.8794,1328,117.9,5.0,1105,75,2191,Our World in Data / UNAIDS,2026-09-30 02:09:07
1429,DJI,Djibouti,2009,2.69869,19026,980,0.8618,1318,113.93,6.0,1046,74,2175,Our World in Data / UNAIDS,2026-09-30 02:09:07
1430,DJI,Djibouti,2010,2.54579,17948,910,0.8003,1326,111.87,6.0,987,68,2187,Our World in Data / UNAIDS,2026-09-30 02:09:07
1431,DJI,Djibouti,2011,2.37657,16755,750,0.6596,1318,108.93,7.0,922,56,2175,Our World in Data / UNAIDS,2026-09-30 02:09:07
1432,DJI,Djibouti,2012,2.20657,15556,640,0.5628,1232,102.45,9.0,856,48,2033,Our World in Data / UNAIDS,2026-09-30 02:09:07
1433,DJI,Djibouti,2013,2.03717,14362,550,0.4837,1188,94.09,10.0,790,41,1960,Our World in Data / UNAIDS,2026-09-30 02:09:07
1434,DJI,Djibouti,2014,1.87358,13209,500,0.4397,1149,89.25,12.0,726,38,1896,Our World in Data / UNAIDS,2026-09-30 02:09:07
1435,DJI,Djibouti,2015,1.72997,12196,500,0.4397,1060,81.09,16.0,671,38,1749,Our World in Data / UNAIDS,2026-09-30 02:09:07
1436,DJI,Djibouti,2016,1.58406,11168,500,0.4397,968,71.07,19.0,614,38,1597,Our World in Data / UNAIDS,2026-09-30 02:09:07
1437,DJI,Djibouti,2017,1.4529,10243,500,0.4397,898,64.1,22.0,563,38,1482,Our World in Data / UNAIDS,2026-09-30 02:09:07
1438,DJI,Djibouti,2018,1.35057,9522,500,0.4397,833,58.1,25.0,524,38,1375,Our World in Data / UNAIDS,2026-09-30 02:09:07
1439,DJI,Djibouti,2019,1.25544,8851,500,0.4397,807,56.67,19.0,487,38,1331,Our World in Data / UNAIDS,2026-09-30 02:09:07
1440,DJI,Djibouti,2020,1.17125,8257,500,0.4397,809,57.23,21.0,454,38,1335,Our World in Data / UNAIDS,2026-09-30 02:09:07
1441,DJI,Djibouti,2021,1.0909,7691,500,0.4397,786,54.56,20.0,423,38,1297,Our World in Data / UNAIDS,2026-09-30 02:09:07
1442,DJI,Djibouti,2022,1.01686,7169,500,0.4397,758,54.56,22.0,394,38,1251,Our World in Data / UNAIDS,2026-09-30 02:09:07
1443,DMA,Dominica,1990,0.36989,153,1700,25.4392,7,14.46,0.0,8,128,11,Our World in Data / UNAIDS,2026-09-30 02:09:07
1444,DMA,Dominica,1991,0.38562,160,1700,25.4392,7,14.46,0.0,9,128,12,Our World in Data / UNAIDS,2026-09-30 02:09:07
1445,DMA,Dominica,1992,0.39992,166,1700,25.4392,8,14.46,0.0,9,128,14,Our World in Data / UNAIDS,2026-09-30 02:09:07
1446,DMA,Dominica,1993,0.4116,171,1700,25.4392,9,14.46,0.0,9,128,15,Our World in Data / UNAIDS,2026-09-30 02:09:07
1447,DMA,Dominica,1994,0.42066,174,1700,25.4392,10,14.46,0.0,10,128,16,Our World in Data / UNAIDS,2026-09-30 02:09:07
1448,DMA,Dominica,1995,0.42678,177,1700,25.4392,10,14.46,0.0,10,128,17,Our World in Data / UNAIDS,2026-09-30 02:09:07
1449,DMA,Dominica,1996,0.42973,178,1700,25.4392,11,14.46,0.0,10,128,18,Our World in Data / UNAIDS,2026-09-30 02:09:07
1450,DMA,Dominica,1997,0.42982,178,1700,25.4392,11,14.46,0.0,10,128,19,Our World in Data / UNAIDS,2026-09-30 02:09:07
1451,DMA,Dominica,1998,0.42777,177,1700,25.4392,12,14.46,0.0,10,128,19,Our World in Data / UNAIDS,2026-09-30 02:09:07
1452,DMA,Dominica,1999,0.42415,176,1700,25.4392,12,14.46,0.0,10,128,20,Our World in Data / UNAIDS,2026-09-30 02:09:07
1453,DMA,Dominica,2000,0.42065,174,1650,24.691,12,14.46,0.0,10,124,19,Our World in Data / UNAIDS,2026-09-30 02:09:07
1454,DMA,Dominica,2001,0.41826,173,1700,25.4392,11,14.04,0.0,10,128,18,Our World in Data / UNAIDS,2026-09-30 02:09:07
1455,DMA,Dominica,2002,0.4166,173,1700,25.4392,11,13.43,0.0,10,128,18,Our World in Data / UNAIDS,2026-09-30 02:09:07
1456,DMA,Dominica,2003,0.41546,172,1700,25.4392,11,12.83,1.5,9,128,17,Our World in Data / UNAIDS,2026-09-30 02:09:07
1457,DMA,Dominica,2004,0.41525,172,1550,23.1946,10,12.29,3.0,9,116,17,Our World in Data / UNAIDS,2026-09-30 02:09:07
1458,DMA,Dominica,2005,0.41566,172,1500,22.4464,10,10.57,6.5,9,112,16,Our World in Data / UNAIDS,2026-09-30 02:09:07
1459,DMA,Dominica,2006,0.41623,172,1450,21.6981,9,10.53,9.5,9,109,16,Our World in Data / UNAIDS,2026-09-30 02:09:07
1460,DMA,Dominica,2007,0.41675,173,1300,19.4535,9,9.99,13.0,10,98,15,Our World in Data / UNAIDS,2026-09-30 02:09:07
1461,DMA,Dominica,2008,0.41581,172,1250,18.7053,9,9.54,17.0,9,94,15,Our World in Data / UNAIDS,2026-09-30 02:09:07
1462,DMA,Dominica,2009,0.41619,172,1300,19.4535,9,9.09,21.0,9,98,14,Our World in Data / UNAIDS,2026-09-30 02:09:07
1463,DMA,Dominica,2010,0.41935,174,1300,19.4535,8,9.22,24.9444,10,98,13,Our World in Data / UNAIDS,2026-09-30 02:09:07
1464,DMA,Dominica,2011,0.42312,175,1250,18.7053,7,8.99,28.0,10,94,11,Our World in Data / UNAIDS,2026-09-30 02:09:07
1465,DMA,Dominica,2012,0.43152,179,1250,18.7053,6,9.65,31.0,10,94,10,Our World in Data / UNAIDS,2026-09-30 02:09:07
1466,DMA,Dominica,2013,0.43429,180,1300,19.4535,6,9.26,35.0,10,98,9,Our World in Data / UNAIDS,2026-09-30 02:09:07
1467,DMA,Dominica,2014,0.43895,182,1200,17.9571,6,10.52,37.0,10,90,11,Our World in Data / UNAIDS,2026-09-30 02:09:07
1468,DMA,Dominica,2015,0.43963,182,1250,18.7053,8,9.64,41.0,10,94,13,Our World in Data / UNAIDS,2026-09-30 02:09:07
1469,DMA,Dominica,2016,0.44808,186,1200,17.9571,8,9.13,45.5,10,90,13,Our World in Data / UNAIDS,2026-09-30 02:09:07
1470,DMA,Dominica,2017,0.45149,187,1200,17.9571,7,8.89,50.5,10,90,12,Our World in Data / UNAIDS,2026-09-30 02:09:07
1471,DMA,Dominica,2018,0.45611,189,1200,17.9571,6,8.5,54.0,10,90,11,Our World in Data / UNAIDS,2026-09-30 02:09:07
1472,DMA,Dominica,2019,0.46089,191,1200,17.9571,6,8.27,59.0,11,90,9,Our World in Data / UNAIDS,2026-09-30 02:09:07
1473,DMA,Dominica,2020,0.46549,193,1250,18.7053,5,8.04,61.5,11,94,9,Our World in Data / UNAIDS,2026-09-30 02:09:07
1474,DMA,Dominica,2021,0.46943,194,1300,19.4535,5,7.64,64.5,11,98,8,Our World in Data / UNAIDS,2026-09-30 02:09:07
1475,DMA,Dominica,2022,0.47132,195,1200,17.9571,4,7.64,67.0,11,90,7,Our World in Data / UNAIDS,2026-09-30 02:09:07
1476,DNK,Denmark,1990,0.08188,2997,500,0.0847,128,0.57,43.0,165,38,211,Our World in Data / UNAIDS,2026-09-30 02:09:07
1477,DNK,Denmark,1991,0.08689,3180,500,0.0847,149,0.57,43.0,175,38,246,Our World in Data / UNAIDS,2026-09-30 02:09:07
1478,DNK,Denmark,1992,0.09109,3334,500,0.0847,170,0.57,43.0,183,38,281,Our World in Data / UNAIDS,2026-09-30 02:09:07
1479,DNK,Denmark,1993,0.09444,3456,500,0.0847,188,0.57,43.0,190,38,311,Our World in Data / UNAIDS,2026-09-30 02:09:07
1480,DNK,Denmark,1994,0.09708,3553,500,0.0847,206,0.57,43.0,195,38,339,Our World in Data / UNAIDS,2026-09-30 02:09:07
1481,DNK,Denmark,1995,0.09905,3625,500,0.0847,221,0.57,43.0,199,38,365,Our World in Data / UNAIDS,2026-09-30 02:09:07
1482,DNK,Denmark,1996,0.10044,3676,500,0.0847,237,0.57,43.0,202,38,391,Our World in Data / UNAIDS,2026-09-30 02:09:07
1483,DNK,Denmark,1997,0.10549,3861,500,0.0847,91,0.57,43.0,212,38,150,Our World in Data / UNAIDS,2026-09-30 02:09:07
1484,DNK,Denmark,1998,0.11194,4097,500,0.0847,21,0.57,43.0,225,38,34,Our World in Data / UNAIDS,2026-09-30 02:09:07
1485,DNK,Denmark,1999,0.11784,4313,500,0.0847,16,0.57,43.0,237,38,26,Our World in Data / UNAIDS,2026-09-30 02:09:07
1486,DNK,Denmark,2000,0.12301,4502,500,0.0847,16,0.57,43.0,248,38,26,Our World in Data / UNAIDS,2026-09-30 02:09:07
1487,DNK,Denmark,2001,0.12734,4660,500,0.0847,19,0.67,44.0,256,38,32,Our World in Data / UNAIDS,2026-09-30 02:09:07
1488,DNK,Denmark,2002,0.13082,4788,500,0.0847,26,0.72,45.0,263,38,43,Our World in Data / UNAIDS,2026-09-30 02:09:07
1489,DNK,Denmark,2003,0.13336,4881,500,0.0847,35,0.85,47.0,268,38,58,Our World in Data / UNAIDS,2026-09-30 02:09:07
1490,DNK,Denmark,2004,0.13501,4941,500,0.0847,44,0.79,48.0,272,38,72,Our World in Data / UNAIDS,2026-09-30 02:09:07
1491,DNK,Denmark,2005,0.13568,4966,500,0.0847,54,0.74,49.0,273,38,89,Our World in Data / UNAIDS,2026-09-30 02:09:07
1492,DNK,Denmark,2006,0.13559,4962,200,0.0339,61,0.52,51.0,273,15,101,Our World in Data / UNAIDS,2026-09-30 02:09:07
1493,DNK,Denmark,2007,0.13469,4929,200,0.0339,64,0.65,53.0,271,15,105,Our World in Data / UNAIDS,2026-09-30 02:09:07
1494,DNK,Denmark,2008,0.13338,4882,200,0.0339,57,0.43,57.0,269,15,95,Our World in Data / UNAIDS,2026-09-30 02:09:07
1495,DNK,Denmark,2009,0.13194,4829,200,0.0339,39,0.59,61.0,266,15,65,Our World in Data / UNAIDS,2026-09-30 02:09:07
1496,DNK,Denmark,2010,0.13013,4763,200,0.0339,30,0.57,65.0,262,15,49,Our World in Data / UNAIDS,2026-09-30 02:09:07
1497,DNK,Denmark,2011,0.1279,4681,200,0.0339,26,0.35,69.0,257,15,43,Our World in Data / UNAIDS,2026-09-30 02:09:07
1498,DNK,Denmark,2012,0.12524,4584,200,0.0339,21,0.5,73.0,252,15,35,Our World in Data / UNAIDS,2026-09-30 02:09:07
1499,DNK,Denmark,2013,0.12212,4469,200,0.0339,20,0.55,73.0,246,15,32,Our World in Data / UNAIDS,2026-09-30 02:09:07
1500,DNK,Denmark,2014,0.11861,4341,200,0.0339,19,0.31,80.0,239,15,31,Our World in Data / UNAIDS,2026-09-30 02:09:07
1501,DNK,Denmark,2015,0.11456,4193,200,0.0339,17,0.25,80.0,231,15,27,Our World in Data / UNAIDS,2026-09-30 02:09:07
1502,DNK,Denmark,2016,0.11046,4043,200,0.0339,18,0.44,82.0,222,15,30,Our World in Data / UNAIDS,2026-09-30 02:09:07
1503,DNK,Denmark,2017,0.10612,3884,200,0.0339,20,0.42,83.0,214,15,34,Our World in Data / UNAIDS,2026-09-30 02:09:07
1504,DNK,Denmark,2018,0.10158,3718,200,0.0339,22,0.32,85.0,204,15,36,Our World in Data / UNAIDS,2026-09-30 02:09:07
1505,DNK,Denmark,2019,0.09687,3545,100,0.0169,22,0.2,86.0,195,8,36,Our World in Data / UNAIDS,2026-09-30 02:09:07
1506,DNK,Denmark,2020,0.09209,3370,100,0.0169,21,0.24,88.0,185,8,34,Our World in Data / UNAIDS,2026-09-30 02:09:07
1507,DNK,Denmark,2021,0.08721,3192,100,0.0169,19,0.18,90.0,176,8,31,Our World in Data / UNAIDS,2026-09-30 02:09:07
1508,DNK,Denmark,2022,0.08222,3009,100,0.0169,17,0.18,91.0,165,8,29,Our World in Data / UNAIDS,2026-09-30 02:09:07
1509,DOM,Dominican Republic,1990,0.44591,31049,7900,0.7034,574,54.94,0.0,1708,592,947,Our World in Data / UNAIDS,2026-09-30 02:09:07
1510,DOM,Dominican Republic,1991,0.60736,42291,7900,0.7034,852,54.94,0.0,2326,592,1407,Our World in Data / UNAIDS,2026-09-30 02:09:07
1511,DOM,Dominican Republic,1992,0.78065,54357,7900,0.7034,1196,54.94,0.0,2990,592,1973,Our World in Data / UNAIDS,2026-09-30 02:09:07
1512,DOM,Dominican Republic,1993,0.95581,66554,7900,0.7034,1603,54.94,0.0,3660,592,2645,Our World in Data / UNAIDS,2026-09-30 02:09:07
1513,DOM,Dominican Republic,1994,1.1138,77555,7900,0.7034,2061,54.94,0.0,4266,592,3400,Our World in Data / UNAIDS,2026-09-30 02:09:07
1514,DOM,Dominican Republic,1995,1.24219,86494,7900,0.7034,2548,54.94,0.0,4757,592,4204,Our World in Data / UNAIDS,2026-09-30 02:09:07
1515,DOM,Dominican Republic,1996,1.32114,91992,7900,0.7034,3040,54.94,0.0,5060,592,5016,Our World in Data / UNAIDS,2026-09-30 02:09:07
1516,DOM,Dominican Republic,1997,1.37326,95621,7900,0.7034,3518,54.94,0.0,5259,592,5805,Our World in Data / UNAIDS,2026-09-30 02:09:07
1517,DOM,Dominican Republic,1998,1.40267,97669,7900,0.7034,3974,54.94,0.0,5372,592,6557,Our World in Data / UNAIDS,2026-09-30 02:09:07
1518,DOM,Dominican Republic,1999,1.4174,98694,7900,0.7034,4408,54.94,0.0,5428,592,7274,Our World in Data / UNAIDS,2026-09-30 02:09:07
1519,DOM,Dominican Republic,2000,1.4231,99091,7900,0.7034,4811,54.94,0.0,5450,592,7938,Our World in Data / UNAIDS,2026-09-30 02:09:07
1520,DOM,Dominican Republic,2001,1.41252,98355,7400,0.6589,5139,58.39,0.0,5410,555,8480,Our World in Data / UNAIDS,2026-09-30 02:09:07
1521,DOM,Dominican Republic,2002,1.39565,97180,7200,0.6411,5412,56.77,0.0,5345,540,8929,Our World in Data / UNAIDS,2026-09-30 02:09:07
1522,DOM,Dominican Republic,2003,1.36904,95327,6900,0.6144,5665,58.4,0.0,5243,518,9347,Our World in Data / UNAIDS,2026-09-30 02:09:07
1523,DOM,Dominican Republic,2004,1.33289,92810,6400,0.5699,5773,58.71,1.0,5105,480,9525,Our World in Data / UNAIDS,2026-09-30 02:09:07
1524,DOM,Dominican Republic,2005,1.29891,90444,6100,0.5432,5541,59.68,3.0,4974,458,9143,Our World in Data / UNAIDS,2026-09-30 02:09:07
1525,DOM,Dominican Republic,2006,1.26944,88392,5800,0.5164,5085,55.21,6.0,4862,435,8390,Our World in Data / UNAIDS,2026-09-30 02:09:07
1526,DOM,Dominican Republic,2007,1.24366,86597,5400,0.4808,4519,48.37,10.0,4763,405,7457,Our World in Data / UNAIDS,2026-09-30 02:09:07
1527,DOM,Dominican Republic,2008,1.22142,85048,5000,0.4452,3967,41.81,13.0,4678,375,6546,Our World in Data / UNAIDS,2026-09-30 02:09:07
1528,DOM,Dominican Republic,2009,1.20295,83762,4900,0.4363,3595,37.2,16.0,4607,368,5931,Our World in Data / UNAIDS,2026-09-30 02:09:07
1529,DOM,Dominican Republic,2010,1.18573,82563,4700,0.4185,3359,34.2,20.0,4541,352,5542,Our World in Data / UNAIDS,2026-09-30 02:09:07
1530,DOM,Dominican Republic,2011,1.1662,81203,4400,0.3918,3268,32.48,23.0,4466,330,5392,Our World in Data / UNAIDS,2026-09-30 02:09:07
1531,DOM,Dominican Republic,2012,1.14675,79849,4300,0.3829,3158,30.76,26.0,4392,322,5211,Our World in Data / UNAIDS,2026-09-30 02:09:07
1532,DOM,Dominican Republic,2013,1.12513,78343,4100,0.3651,3066,29.21,28.0,4309,308,5059,Our World in Data / UNAIDS,2026-09-30 02:09:07
1533,DOM,Dominican Republic,2014,1.10466,76918,4000,0.3562,2907,26.96,31.0,4230,300,4796,Our World in Data / UNAIDS,2026-09-30 02:09:07
1534,DOM,Dominican Republic,2015,1.08516,75560,3900,0.3473,2676,24.35,34.0,4156,292,4415,Our World in Data / UNAIDS,2026-09-30 02:09:07
1535,DOM,Dominican Republic,2016,1.06919,74448,4000,0.3562,2603,23.29,36.0,4095,300,4295,Our World in Data / UNAIDS,2026-09-30 02:09:07
1536,DOM,Dominican Republic,2017,1.05737,73625,4300,0.3829,2634,23.2,39.0,4049,322,4346,Our World in Data / UNAIDS,2026-09-30 02:09:07
1537,DOM,Dominican Republic,2018,1.04807,72978,4500,0.4007,2563,22.26,42.0,4014,338,4229,Our World in Data / UNAIDS,2026-09-30 02:09:07
1538,DOM,Dominican Republic,2019,1.04159,72526,4600,0.4096,2445,20.91,45.0,3989,345,4034,Our World in Data / UNAIDS,2026-09-30 02:09:07
1539,DOM,Dominican Republic,2020,1.03833,72299,4700,0.4185,2313,19.49,48.0,3976,352,3816,Our World in Data / UNAIDS,2026-09-30 02:09:07
1540,DOM,Dominican Republic,2021,1.03745,72238,4600,0.4096,2066,16.95,54.0,3973,345,3409,Our World in Data / UNAIDS,2026-09-30 02:09:07
1541,DOM,Dominican Republic,2022,1.03598,72136,4300,0.3829,1676,16.95,61.0,3967,322,2765,Our World in Data / UNAIDS,2026-09-30 02:09:07
1542,DZA,Algeria,1990,0.00349,984,500,0.011,21,0.35,6.0,54,38,35,Our World in Data / UNAIDS,2026-09-30 02:09:07
1543,DZA,Algeria,1991,0.00401,1131,500,0.011,25,0.35,6.0,62,38,42,Our World in Data / UNAIDS,2026-09-30 02:09:07
1544,DZA,Algeria,1992,0.00461,1300,500,0.011,30,0.35,6.0,72,38,50,Our World in Data / UNAIDS,2026-09-30 02:09:07
1545,DZA,Algeria,1993,0.00528,1489,500,0.011,36,0.35,6.0,82,38,59,Our World in Data / UNAIDS,2026-09-30 02:09:07
1546,DZA,Algeria,1994,0.00603,1700,500,0.011,42,0.35,6.0,94,38,69,Our World in Data / UNAIDS,2026-09-30 02:09:07
1547,DZA,Algeria,1995,0.00687,1937,500,0.011,49,0.35,6.0,107,38,81,Our World in Data / UNAIDS,2026-09-30 02:09:07
1548,DZA,Algeria,1996,0.00782,2205,500,0.011,57,0.35,6.0,121,38,95,Our World in Data / UNAIDS,2026-09-30 02:09:07
1549,DZA,Algeria,1997,0.0089,2509,500,0.011,67,0.35,6.0,138,38,111,Our World in Data / UNAIDS,2026-09-30 02:09:07
1550,DZA,Algeria,1998,0.0102,2876,500,0.011,66,0.35,6.0,158,38,108,Our World in Data / UNAIDS,2026-09-30 02:09:07
1551,DZA,Algeria,1999,0.01174,3310,500,0.011,63,0.35,6.0,182,38,105,Our World in Data / UNAIDS,2026-09-30 02:09:07
1552,DZA,Algeria,2000,0.01348,3801,500,0.011,74,0.35,6.0,209,38,122,Our World in Data / UNAIDS,2026-09-30 02:09:07
1553,DZA,Algeria,2001,0.01544,4353,570,0.0125,91,0.4,7.0,239,43,151,Our World in Data / UNAIDS,2026-09-30 02:09:07
1554,DZA,Algeria,2002,0.01768,4985,650,0.0143,106,0.44,8.0,274,49,175,Our World in Data / UNAIDS,2026-09-30 02:09:07
1555,DZA,Algeria,2003,0.02018,5690,750,0.0165,126,0.5,8.0,313,56,208,Our World in Data / UNAIDS,2026-09-30 02:09:07
1556,DZA,Algeria,2004,0.02302,6491,870,0.0191,147,0.55,9.0,357,65,242,Our World in Data / UNAIDS,2026-09-30 02:09:07
1557,DZA,Algeria,2005,0.02623,7396,1000,0.022,165,0.55,10.0,407,75,271,Our World in Data / UNAIDS,2026-09-30 02:09:07
1558,DZA,Algeria,2006,0.0298,8402,1100,0.0242,184,0.57,13.0,462,82,303,Our World in Data / UNAIDS,2026-09-30 02:09:07
1559,DZA,Algeria,2007,0.03359,9471,1300,0.0286,214,0.63,13.0,521,98,352,Our World in Data / UNAIDS,2026-09-30 02:09:07
1560,DZA,Algeria,2008,0.03732,10523,1300,0.0286,258,0.72,13.0,579,98,425,Our World in Data / UNAIDS,2026-09-30 02:09:07
1561,DZA,Algeria,2009,0.0407,11476,1300,0.0286,285,0.76,16.0,631,98,470,Our World in Data / UNAIDS,2026-09-30 02:09:07
1562,DZA,Algeria,2010,0.04374,12333,1300,0.0286,289,0.75,21.0,678,98,477,Our World in Data / UNAIDS,2026-09-30 02:09:07
1563,DZA,Algeria,2011,0.04648,13105,1200,0.0264,313,0.79,23.0,721,90,516,Our World in Data / UNAIDS,2026-09-30 02:09:07
1564,DZA,Algeria,2012,0.04899,13813,1200,0.0264,344,0.87,28.0,760,90,568,Our World in Data / UNAIDS,2026-09-30 02:09:07
1565,DZA,Algeria,2013,0.05151,14524,1200,0.0264,335,0.84,35.0,799,90,552,Our World in Data / UNAIDS,2026-09-30 02:09:07
1566,DZA,Algeria,2014,0.05413,15262,1300,0.0286,326,0.82,43.0,839,98,538,Our World in Data / UNAIDS,2026-09-30 02:09:07
1567,DZA,Algeria,2015,0.05695,16058,1300,0.0286,303,0.75,51.0,883,98,500,Our World in Data / UNAIDS,2026-09-30 02:09:07
1568,DZA,Algeria,2016,0.06005,16932,1400,0.0308,280,0.73,59.0,931,105,461,Our World in Data / UNAIDS,2026-09-30 02:09:07
1569,DZA,Algeria,2017,0.06348,17899,1500,0.033,262,0.74,64.0,984,112,433,Our World in Data / UNAIDS,2026-09-30 02:09:07
1570,DZA,Algeria,2018,0.06722,18953,1600,0.0352,255,0.76,69.0,1042,120,420,Our World in Data / UNAIDS,2026-09-30 02:09:07
1571,DZA,Algeria,2019,0.07126,20092,1800,0.0396,252,0.76,72.0,1105,135,416,Our World in Data / UNAIDS,2026-09-30 02:09:07
1572,DZA,Algeria,2020,0.07565,21330,1900,0.0418,253,0.77,72.0,1173,142,418,Our World in Data / UNAIDS,2026-09-30 02:09:07
1573,DZA,Algeria,2021,0.08041,22672,2100,0.0462,268,0.81,74.0,1247,158,442,Our World in Data / UNAIDS,2026-09-30 02:09:07
1574,DZA,Algeria,2022,0.0856,24136,2300,0.0506,261,0.81,69.0,1327,172,431,Our World in Data / UNAIDS,2026-09-30 02:09:07
1575,ECU,Ecuador,1990,0.07341,8112,3000,0.1683,148,2.68,1.0,446,225,244,Our World in Data / UNAIDS,2026-09-30 02:09:07
1576,ECU,Ecuador,1991,0.0933,10310,3000,0.1683,190,2.68,1.0,567,225,314,Our World in Data / UNAIDS,2026-09-30 02:09:07
1577,ECU,Ecuador,1992,0.11842,13086,3000,0.1683,244,2.68,1.0,720,225,402,Our World in Data / UNAIDS,2026-09-30 02:09:07
1578,ECU,Ecuador,1993,0.14712,16258,3000,0.1683,310,2.68,1.0,894,225,512,Our World in Data / UNAIDS,2026-09-30 02:09:07
1579,ECU,Ecuador,1994,0.17846,19721,3000,0.1683,391,2.68,1.0,1085,225,645,Our World in Data / UNAIDS,2026-09-30 02:09:07
1580,ECU,Ecuador,1995,0.21127,23347,3000,0.1683,461,2.68,1.0,1284,225,761,Our World in Data / UNAIDS,2026-09-30 02:09:07
1581,ECU,Ecuador,1996,0.24297,26850,3000,0.1683,539,2.68,1.0,1477,225,890,Our World in Data / UNAIDS,2026-09-30 02:09:07
1582,ECU,Ecuador,1997,0.2719,30047,3000,0.1683,664,2.68,1.0,1653,225,1096,Our World in Data / UNAIDS,2026-09-30 02:09:07
1583,ECU,Ecuador,1998,0.29737,32862,3000,0.1683,803,2.68,1.0,1807,225,1326,Our World in Data / UNAIDS,2026-09-30 02:09:07
1584,ECU,Ecuador,1999,0.31799,35140,3000,0.1683,952,2.68,1.0,1933,225,1570,Our World in Data / UNAIDS,2026-09-30 02:09:07
1585,ECU,Ecuador,2000,0.33512,37033,3000,0.1683,1104,2.68,1.0,2037,225,1822,Our World in Data / UNAIDS,2026-09-30 02:09:07
1586,ECU,Ecuador,2001,0.34794,38450,2900,0.1627,1255,3.82,1.0,2115,218,2071,Our World in Data / UNAIDS,2026-09-30 02:09:07
1587,ECU,Ecuador,2002,0.35759,39517,2900,0.1627,1404,4.39,1.0,2173,218,2316,Our World in Data / UNAIDS,2026-09-30 02:09:07
1588,ECU,Ecuador,2003,0.36446,40276,2800,0.1571,1546,4.54,1.0,2215,210,2551,Our World in Data / UNAIDS,2026-09-30 02:09:07
1589,ECU,Ecuador,2004,0.36936,40817,2800,0.1571,1617,5.16,3.0,2245,210,2669,Our World in Data / UNAIDS,2026-09-30 02:09:07
1590,ECU,Ecuador,2005,0.37258,41173,2700,0.1515,1624,6.41,4.0,2265,202,2679,Our World in Data / UNAIDS,2026-09-30 02:09:07
1591,ECU,Ecuador,2006,0.37605,41557,2700,0.1515,1653,7.01,6.0,2286,202,2728,Our World in Data / UNAIDS,2026-09-30 02:09:07
1592,ECU,Ecuador,2007,0.37989,41981,2700,0.1515,1601,6.41,9.0,2309,202,2642,Our World in Data / UNAIDS,2026-09-30 02:09:07
1593,ECU,Ecuador,2008,0.38512,42559,2800,0.1571,1459,6.58,12.0,2341,210,2407,Our World in Data / UNAIDS,2026-09-30 02:09:07
1594,ECU,Ecuador,2009,0.39083,43190,2700,0.1515,1310,6.54,16.0,2375,202,2161,Our World in Data / UNAIDS,2026-09-30 02:09:07
1595,ECU,Ecuador,2010,0.3977,43949,2700,0.1515,1213,6.6,20.0,2417,202,2001,Our World in Data / UNAIDS,2026-09-30 02:09:07
1596,ECU,Ecuador,2011,0.40418,44665,2700,0.1515,1163,5.79,24.0,2457,202,1919,Our World in Data / UNAIDS,2026-09-30 02:09:07
1597,ECU,Ecuador,2012,0.40872,45167,2600,0.1459,1195,6.13,25.0,2484,195,1971,Our World in Data / UNAIDS,2026-09-30 02:09:07
1598,ECU,Ecuador,2013,0.41129,45451,2500,0.1403,1309,6.42,28.0,2500,188,2159,Our World in Data / UNAIDS,2026-09-30 02:09:07
1599,ECU,Ecuador,2014,0.41253,45588,2500,0.1403,1324,6.79,31.0,2507,188,2184,Our World in Data / UNAIDS,2026-09-30 02:09:07
1600,ECU,Ecuador,2015,0.41349,45694,2300,0.129,1208,6.3,38.0,2513,172,1993,Our World in Data / UNAIDS,2026-09-30 02:09:07
1601,ECU,Ecuador,2016,0.41362,45708,2100,0.1178,1018,5.9,43.0,2514,158,1679,Our World in Data / UNAIDS,2026-09-30 02:09:07
1602,ECU,Ecuador,2017,0.41388,45737,2000,0.1122,855,6.31,50.0,2516,150,1411,Our World in Data / UNAIDS,2026-09-30 02:09:07
1603,ECU,Ecuador,2018,0.41452,45808,2000,0.1122,687,5.97,56.0,2519,150,1133,Our World in Data / UNAIDS,2026-09-30 02:09:07
1604,ECU,Ecuador,2019,0.41587,45957,1900,0.1066,525,5.48,67.0,2528,142,867,Our World in Data / UNAIDS,2026-09-30 02:09:07
1605,ECU,Ecuador,2020,0.41673,46052,1800,0.101,442,4.11,71.0,2533,135,729,Our World in Data / UNAIDS,2026-09-30 02:09:07
1606,ECU,Ecuador,2021,0.4184,46237,1900,0.1066,409,3.89,71.0,2543,142,674,Our World in Data / UNAIDS,2026-09-30 02:09:07
1607,ECU,Ecuador,2022,0.41985,46397,1900,0.1066,413,3.89,77.0,2552,142,681,Our World in Data / UNAIDS,2026-09-30 02:09:07
1608,EGY,Egypt,1990,0.01732,12093,1600,0.0142,217,0.07,0.0,665,120,358,Our World in Data / UNAIDS,2026-09-30 02:09:07
1609,EGY,Egypt,1991,0.01954,13643,1600,0.0142,282,0.07,0.0,750,120,465,Our World in Data / UNAIDS,2026-09-30 02:09:07
1610,EGY,Egypt,1992,0.02151,15019,1600,0.0142,350,0.07,0.0,826,120,578,Our World in Data / UNAIDS,2026-09-30 02:09:07
1611,EGY,Egypt,1993,0.02324,16227,1600,0.0142,423,0.07,0.0,892,120,698,Our World in Data / UNAIDS,2026-09-30 02:09:07
1612,EGY,Egypt,1994,0.0248,17316,1600,0.0142,497,0.07,0.0,952,120,821,Our World in Data / UNAIDS,2026-09-30 02:09:07
1613,EGY,Egypt,1995,0.0262,18294,1600,0.0142,573,0.07,0.0,1006,120,946,Our World in Data / UNAIDS,2026-09-30 02:09:07
1614,EGY,Egypt,1996,0.02734,19090,1600,0.0142,649,0.07,0.0,1050,120,1071,Our World in Data / UNAIDS,2026-09-30 02:09:07
1615,EGY,Egypt,1997,0.02833,19781,1600,0.0142,724,0.07,0.0,1088,120,1194,Our World in Data / UNAIDS,2026-09-30 02:09:07
1616,EGY,Egypt,1998,0.02908,20305,1600,0.0142,797,0.07,0.0,1117,120,1315,Our World in Data / UNAIDS,2026-09-30 02:09:07
1617,EGY,Egypt,1999,0.02966,20710,1600,0.0142,869,0.07,0.0,1139,120,1434,Our World in Data / UNAIDS,2026-09-30 02:09:07
1618,EGY,Egypt,2000,0.03022,21101,1600,0.0142,937,0.07,0.0,1161,120,1547,Our World in Data / UNAIDS,2026-09-30 02:09:07
1619,EGY,Egypt,2001,0.0307,21436,1700,0.0151,1004,0.08,0.0,1179,128,1657,Our World in Data / UNAIDS,2026-09-30 02:09:07
1620,EGY,Egypt,2002,0.03114,21743,1700,0.0151,1066,0.09,0.0,1196,128,1759,Our World in Data / UNAIDS,2026-09-30 02:09:07
1621,EGY,Egypt,2003,0.03153,22015,1800,0.016,1125,0.11,0.0,1211,135,1857,Our World in Data / UNAIDS,2026-09-30 02:09:07
1622,EGY,Egypt,2004,0.03201,22350,1900,0.0169,1182,0.12,0.0,1229,142,1950,Our World in Data / UNAIDS,2026-09-30 02:09:07
1623,EGY,Egypt,2005,0.03259,22755,2000,0.0178,1236,0.14,0.0,1252,150,2039,Our World in Data / UNAIDS,2026-09-30 02:09:07
1624,EGY,Egypt,2006,0.03319,23174,2000,0.0178,1255,0.15,1.0,1275,150,2070,Our World in Data / UNAIDS,2026-09-30 02:09:07
1625,EGY,Egypt,2007,0.0339,23670,2100,0.0186,1278,0.14,1.0,1302,158,2108,Our World in Data / UNAIDS,2026-09-30 02:09:07
1626,EGY,Egypt,2008,0.03484,24326,2300,0.0204,1327,0.17,2.0,1338,172,2190,Our World in Data / UNAIDS,2026-09-30 02:09:07
1627,EGY,Egypt,2009,0.03586,25039,2300,0.0204,1364,0.18,2.0,1377,172,2250,Our World in Data / UNAIDS,2026-09-30 02:09:07
1628,EGY,Egypt,2010,0.03699,25828,2400,0.0213,1394,0.2,3.0,1421,180,2300,Our World in Data / UNAIDS,2026-09-30 02:09:07
1629,EGY,Egypt,2011,0.03839,26805,2600,0.0231,1433,0.22,3.0,1474,195,2364,Our World in Data / UNAIDS,2026-09-30 02:09:07
1630,EGY,Egypt,2012,0.03985,27825,2800,0.0249,1498,0.26,4.0,1530,210,2472,Our World in Data / UNAIDS,2026-09-30 02:09:07
1631,EGY,Egypt,2013,0.04154,29005,3000,0.0266,1551,0.3,5.0,1595,225,2558,Our World in Data / UNAIDS,2026-09-30 02:09:07
1632,EGY,Egypt,2014,0.04337,30282,3200,0.0284,1583,0.33,7.0,1666,240,2612,Our World in Data / UNAIDS,2026-09-30 02:09:07
1633,EGY,Egypt,2015,0.04542,31714,3400,0.0302,1618,0.36,8.0,1744,255,2670,Our World in Data / UNAIDS,2026-09-30 02:09:07
1634,EGY,Egypt,2016,0.04778,33362,3700,0.0329,1632,0.39,11.0,1835,278,2692,Our World in Data / UNAIDS,2026-09-30 02:09:07
1635,EGY,Egypt,2017,0.05044,35219,3900,0.0346,1589,0.39,15.0,1937,292,2622,Our World in Data / UNAIDS,2026-09-30 02:09:07
1636,EGY,Egypt,2018,0.05336,37258,4100,0.0364,1528,0.38,20.0,2049,308,2520,Our World in Data / UNAIDS,2026-09-30 02:09:07
1637,EGY,Egypt,2019,0.05665,39555,4400,0.0391,1503,0.4,23.0,2176,330,2480,Our World in Data / UNAIDS,2026-09-30 02:09:07
1638,EGY,Egypt,2020,0.06026,42076,4700,0.0417,1508,0.42,26.0,2314,352,2489,Our World in Data / UNAIDS,2026-09-30 02:09:07
1639,EGY,Egypt,2021,0.06418,44813,5100,0.0453,1508,0.43,29.0,2465,382,2488,Our World in Data / UNAIDS,2026-09-30 02:09:07
1640,EGY,Egypt,2022,0.06808,47536,5300,0.0471,1478,0.43,34.0,2614,398,2439,Our World in Data / UNAIDS,2026-09-30 02:09:07
1641,ERI,Eritrea,1990,1.50039,31716,2200,0.6453,691,60.77,0.0,1744,165,1141,Our World in Data / UNAIDS,2026-09-30 02:09:07
1642,ERI,Eritrea,1991,1.73605,36698,2200,0.6453,854,60.77,0.0,2018,165,1410,Our World in Data / UNAIDS,2026-09-30 02:09:07
1643,ERI,Eritrea,1992,1.94442,41102,2200,0.6453,879,60.77,0.0,2261,165,1450,Our World in Data / UNAIDS,2026-09-30 02:09:07
1644,ERI,Eritrea,1993,2.16177,45697,2200,0.6453,1032,60.77,0.0,2513,165,1703,Our World in Data / UNAIDS,2026-09-30 02:09:07
1645,ERI,Eritrea,1994,2.29168,48443,2200,0.6453,1236,60.77,0.0,2664,165,2039,Our World in Data / UNAIDS,2026-09-30 02:09:07
1646,ERI,Eritrea,1995,2.44351,51652,2200,0.6453,1389,60.77,0.0,2841,165,2293,Our World in Data / UNAIDS,2026-09-30 02:09:07
1647,ERI,Eritrea,1996,2.43849,51546,2200,0.6453,1716,60.77,0.0,2835,165,2831,Our World in Data / UNAIDS,2026-09-30 02:09:07
1648,ERI,Eritrea,1997,2.4661,52130,2200,0.6453,1837,60.77,0.0,2867,165,3031,Our World in Data / UNAIDS,2026-09-30 02:09:07
1649,ERI,Eritrea,1998,2.45095,51810,2200,0.6453,1946,60.77,0.0,2850,165,3211,Our World in Data / UNAIDS,2026-09-30 02:09:07
1650,ERI,Eritrea,1999,2.40422,50822,2200,0.6453,2017,60.77,0.0,2795,165,3329,Our World in Data / UNAIDS,2026-09-30 02:09:07
1651,ERI,Eritrea,2000,2.31009,48832,2200,0.6453,2116,60.77,0.0,2686,165,3491,Our World in Data / UNAIDS,2026-09-30 02:09:07
1652,ERI,Eritrea,2001,2.19531,46406,1800,0.5279,2150,60.19,0.0,2552,135,3547,Our World in Data / UNAIDS,2026-09-30 02:09:07
1653,ERI,Eritrea,2002,2.04276,43181,1500,0.44,2260,61.29,0.0,2375,112,3729,Our World in Data / UNAIDS,2026-09-30 02:09:07
1654,ERI,Eritrea,2003,1.90006,40165,1400,0.4106,2276,59.51,0.0,2209,105,3756,Our World in Data / UNAIDS,2026-09-30 02:09:07
1655,ERI,Eritrea,2004,1.73267,36626,1100,0.3226,2380,59.95,0.0,2014,82,3928,Our World in Data / UNAIDS,2026-09-30 02:09:07
1656,ERI,Eritrea,2005,1.57468,33286,890,0.261,2260,55.23,2.0,1831,67,3730,Our World in Data / UNAIDS,2026-09-30 02:09:07
1657,ERI,Eritrea,2006,1.43476,30329,800,0.2346,2000,47.01,5.0,1668,60,3300,Our World in Data / UNAIDS,2026-09-30 02:09:07
1658,ERI,Eritrea,2007,1.31758,27852,680,0.1994,1648,36.76,10.0,1532,51,2720,Our World in Data / UNAIDS,2026-09-30 02:09:07
1659,ERI,Eritrea,2008,1.21797,25746,590,0.173,1378,28.72,15.0,1416,44,2273,Our World in Data / UNAIDS,2026-09-30 02:09:07
1660,ERI,Eritrea,2009,1.12285,23735,500,0.1467,1205,24.27,20.0,1305,38,1988,Our World in Data / UNAIDS,2026-09-30 02:09:07
1661,ERI,Eritrea,2010,1.04021,21989,500,0.1467,1041,20.81,26.0,1209,38,1718,Our World in Data / UNAIDS,2026-09-30 02:09:07
1662,ERI,Eritrea,2011,0.96051,20304,500,0.1467,919,18.6,32.0,1117,38,1517,Our World in Data / UNAIDS,2026-09-30 02:09:07
1663,ERI,Eritrea,2012,0.89517,18923,500,0.1467,797,16.51,38.0,1041,38,1315,Our World in Data / UNAIDS,2026-09-30 02:09:07
1664,ERI,Eritrea,2013,0.8329,17606,500,0.1467,672,14.54,45.0,968,38,1109,Our World in Data / UNAIDS,2026-09-30 02:09:07
1665,ERI,Eritrea,2014,0.78102,16510,500,0.1467,568,12.65,52.0,908,38,937,Our World in Data / UNAIDS,2026-09-30 02:09:07
1666,ERI,Eritrea,2015,0.73135,15460,500,0.1467,469,11.0,59.0,850,38,775,Our World in Data / UNAIDS,2026-09-30 02:09:07
1667,ERI,Eritrea,2016,0.68366,14452,500,0.1467,415,10.09,63.0,795,38,685,Our World in Data / UNAIDS,2026-09-30 02:09:07
1668,ERI,Eritrea,2017,0.63827,13492,500,0.1467,374,9.35,65.0,742,38,617,Our World in Data / UNAIDS,2026-09-30 02:09:07
1669,ERI,Eritrea,2018,0.59741,12628,500,0.1467,357,8.94,67.0,695,38,589,Our World in Data / UNAIDS,2026-09-30 02:09:07
1670,ERI,Eritrea,2019,0.55774,11790,500,0.1467,357,9.47,68.0,648,38,589,Our World in Data / UNAIDS,2026-09-30 02:09:07
1671,ERI,Eritrea,2020,0.51844,10959,500,0.1467,337,8.82,71.0,603,38,556,Our World in Data / UNAIDS,2026-09-30 02:09:07
1672,ERI,Eritrea,2021,0.48463,10244,500,0.1467,311,8.2,69.0,563,38,513,Our World in Data / UNAIDS,2026-09-30 02:09:07
1673,ERI,Eritrea,2022,0.45466,9611,500,0.1467,310,8.2,70.0,529,38,511,Our World in Data / UNAIDS,2026-09-30 02:09:07
1674,ESP,Spain,1990,0.36509,108167,3600,0.0753,1994,4.56,26.0,5949,270,3290,Our World in Data / UNAIDS,2026-09-30 02:09:07
1675,ESP,Spain,1991,0.41056,121638,3600,0.0753,2690,4.56,26.0,6690,270,4438,Our World in Data / UNAIDS,2026-09-30 02:09:07
1676,ESP,Spain,1992,0.44296,131237,3600,0.0753,3468,4.56,26.0,7218,270,5722,Our World in Data / UNAIDS,2026-09-30 02:09:07
1677,ESP,Spain,1993,0.46237,136988,3600,0.0753,4246,4.56,26.0,7534,270,7006,Our World in Data / UNAIDS,2026-09-30 02:09:07
1678,ESP,Spain,1994,0.47048,139391,3600,0.0753,5034,4.56,26.0,7667,270,8307,Our World in Data / UNAIDS,2026-09-30 02:09:07
1679,ESP,Spain,1995,0.46916,139000,3600,0.0753,5786,4.56,26.0,7645,270,9546,Our World in Data / UNAIDS,2026-09-30 02:09:07
1680,ESP,Spain,1996,0.4668,138301,3600,0.0753,5053,4.56,26.0,7607,270,8338,Our World in Data / UNAIDS,2026-09-30 02:09:07
1681,ESP,Spain,1997,0.46651,138215,3600,0.0753,3752,4.56,26.0,7602,270,6192,Our World in Data / UNAIDS,2026-09-30 02:09:07
1682,ESP,Spain,1998,0.46649,138209,3600,0.0753,3161,4.56,26.0,7601,270,5215,Our World in Data / UNAIDS,2026-09-30 02:09:07
1683,ESP,Spain,1999,0.46602,138070,3600,0.0753,2823,4.56,26.0,7594,270,4658,Our World in Data / UNAIDS,2026-09-30 02:09:07
1684,ESP,Spain,2000,0.46524,137838,3600,0.0753,2587,4.56,26.0,7581,270,4268,Our World in Data / UNAIDS,2026-09-30 02:09:07
1685,ESP,Spain,2001,0.46436,137578,3400,0.0712,2394,4.3,31.0,7567,255,3950,Our World in Data / UNAIDS,2026-09-30 02:09:07
1686,ESP,Spain,2002,0.46341,137296,3300,0.0691,2194,4.15,35.0,7551,248,3621,Our World in Data / UNAIDS,2026-09-30 02:09:07
1687,ESP,Spain,2003,0.46153,136739,3300,0.0691,2143,4.16,39.0,7521,248,3536,Our World in Data / UNAIDS,2026-09-30 02:09:07
1688,ESP,Spain,2004,0.45943,136117,3300,0.0691,2063,3.86,43.0,7486,248,3404,Our World in Data / UNAIDS,2026-09-30 02:09:07
1689,ESP,Spain,2005,0.45657,135270,3400,0.0712,1974,3.56,47.0,7440,255,3258,Our World in Data / UNAIDS,2026-09-30 02:09:07
1690,ESP,Spain,2006,0.45265,134108,3400,0.0712,1855,3.19,50.0,7376,255,3061,Our World in Data / UNAIDS,2026-09-30 02:09:07
1691,ESP,Spain,2007,0.44805,132745,3500,0.0732,1718,3.15,53.0,7301,262,2834,Our World in Data / UNAIDS,2026-09-30 02:09:07
1692,ESP,Spain,2008,0.44333,131347,3500,0.0732,1603,2.86,57.0,7224,262,2645,Our World in Data / UNAIDS,2026-09-30 02:09:07
1693,ESP,Spain,2009,0.43886,130023,3500,0.0732,1406,2.55,60.0,7151,262,2320,Our World in Data / UNAIDS,2026-09-30 02:09:07
1694,ESP,Spain,2010,0.4343,128672,3500,0.0732,1118,2.44,65.0,7077,262,1845,Our World in Data / UNAIDS,2026-09-30 02:09:07
1695,ESP,Spain,2011,0.42844,126936,3500,0.0732,989,2.26,66.0,6981,262,1632,Our World in Data / UNAIDS,2026-09-30 02:09:07
1696,ESP,Spain,2012,0.42074,124654,3500,0.0732,965,2.01,69.0,6856,262,1593,Our World in Data / UNAIDS,2026-09-30 02:09:07
1697,ESP,Spain,2013,0.41206,122083,3400,0.0712,857,1.7,71.0,6715,255,1413,Our World in Data / UNAIDS,2026-09-30 02:09:07
1698,ESP,Spain,2014,0.40148,118948,3400,0.0712,824,1.58,73.0,6542,255,1360,Our World in Data / UNAIDS,2026-09-30 02:09:07
1699,ESP,Spain,2015,0.38929,115336,3300,0.0691,755,1.44,75.0,6343,248,1246,Our World in Data / UNAIDS,2026-09-30 02:09:07
1700,ESP,Spain,2016,0.37636,111506,3300,0.0691,574,1.12,82.0,6133,248,947,Our World in Data / UNAIDS,2026-09-30 02:09:07
1701,ESP,Spain,2017,0.36305,107562,3300,0.0691,454,1.0,83.0,5916,248,749,Our World in Data / UNAIDS,2026-09-30 02:09:07
1702,ESP,Spain,2018,0.34736,102914,3300,0.0691,426,0.95,85.0,5660,248,703,Our World in Data / UNAIDS,2026-09-30 02:09:07
1703,ESP,Spain,2019,0.33115,98111,3300,0.0691,420,0.93,85.0,5396,248,693,Our World in Data / UNAIDS,2026-09-30 02:09:07
1704,ESP,Spain,2020,0.3185,94363,3300,0.0691,422,0.8,87.0,5190,248,696,Our World in Data / UNAIDS,2026-09-30 02:09:07
1705,ESP,Spain,2021,0.30772,91169,3300,0.0691,419,0.66,88.0,5014,248,691,Our World in Data / UNAIDS,2026-09-30 02:09:07
1706,ESP,Spain,2022,0.29794,88272,3300,0.0691,412,0.66,90.0,4855,248,680,Our World in Data / UNAIDS,2026-09-30 02:09:07
1707,EST,Estonia,1990,0.0,10,200,0.1483,0,0.22,13.0,1,15,0,Our World in Data / UNAIDS,2026-09-30 02:09:07
1708,EST,Estonia,1991,0.0,10,200,0.1483,0,0.22,13.0,1,15,0,Our World in Data / UNAIDS,2026-09-30 02:09:07
1709,EST,Estonia,1992,0.0,10,200,0.1483,0,0.22,13.0,1,15,0,Our World in Data / UNAIDS,2026-09-30 02:09:07
1710,EST,Estonia,1993,0.0,10,200,0.1483,0,0.22,13.0,1,15,0,Our World in Data / UNAIDS,2026-09-30 02:09:07
1711,EST,Estonia,1994,0.0,10,200,0.1483,0,0.22,13.0,1,15,0,Our World in Data / UNAIDS,2026-09-30 02:09:07
1712,EST,Estonia,1995,0.0,10,200,0.1483,0,0.22,13.0,1,15,0,Our World in Data / UNAIDS,2026-09-30 02:09:07
1713,EST,Estonia,1996,0.0,10,200,0.1483,0,0.22,13.0,1,15,0,Our World in Data / UNAIDS,2026-09-30 02:09:07
1714,EST,Estonia,1997,0.0,10,200,0.1483,0,0.22,13.0,1,15,0,Our World in Data / UNAIDS,2026-09-30 02:09:07
1715,EST,Estonia,1998,0.0,10,200,0.1483,0,0.22,13.0,1,15,0,Our World in Data / UNAIDS,2026-09-30 02:09:07
1716,EST,Estonia,1999,0.0,10,200,0.1483,0,0.22,13.0,1,15,0,Our World in Data / UNAIDS,2026-09-30 02:09:07
1717,EST,Estonia,2000,0.0212,177,200,0.1483,0,0.22,13.0,10,15,1,Our World in Data / UNAIDS,2026-09-30 02:09:07
1718,EST,Estonia,2001,0.16296,1363,1000,0.7414,3,0.23,3.0,75,75,5,Our World in Data / UNAIDS,2026-09-30 02:09:07
1719,EST,Estonia,2002,0.28506,2384,910,0.6747,14,0.25,2.0,131,68,23,Our World in Data / UNAIDS,2026-09-30 02:09:07
1720,EST,Estonia,2003,0.38681,3235,790,0.5857,31,0.55,2.0,178,59,52,Our World in Data / UNAIDS,2026-09-30 02:09:07
1721,EST,Estonia,2004,0.47003,3931,680,0.5041,48,1.58,3.0,216,51,79,Our World in Data / UNAIDS,2026-09-30 02:09:07
1722,EST,Estonia,2005,0.53953,4512,580,0.43,48,2.53,7.0,248,44,79,Our World in Data / UNAIDS,2026-09-30 02:09:07
1723,EST,Estonia,2006,0.59889,5008,500,0.3707,41,3.71,11.0,275,38,68,Our World in Data / UNAIDS,2026-09-30 02:09:07
1724,EST,Estonia,2007,0.64855,5424,500,0.3707,37,3.27,16.0,298,38,62,Our World in Data / UNAIDS,2026-09-30 02:09:07
1725,EST,Estonia,2008,0.69087,5778,500,0.3707,33,3.24,20.0,318,38,54,Our World in Data / UNAIDS,2026-09-30 02:09:07
1726,EST,Estonia,2009,0.72575,6069,500,0.3707,30,4.05,26.0,334,38,49,Our World in Data / UNAIDS,2026-09-30 02:09:07
1727,EST,Estonia,2010,0.75394,6305,500,0.3707,26,3.24,34.0,347,38,42,Our World in Data / UNAIDS,2026-09-30 02:09:07
1728,EST,Estonia,2011,0.77662,6495,500,0.3707,21,4.7,40.0,357,38,35,Our World in Data / UNAIDS,2026-09-30 02:09:07
1729,EST,Estonia,2012,0.79456,6645,200,0.1483,19,4.16,45.0,365,15,31,Our World in Data / UNAIDS,2026-09-30 02:09:07
1730,EST,Estonia,2013,0.80813,6758,200,0.1483,18,4.09,47.0,372,15,30,Our World in Data / UNAIDS,2026-09-30 02:09:07
1731,EST,Estonia,2014,0.81735,6835,200,0.1483,19,3.74,52.0,376,15,32,Our World in Data / UNAIDS,2026-09-30 02:09:07
1732,EST,Estonia,2015,0.81972,6855,200,0.1483,17,3.5,60.0,377,15,29,Our World in Data / UNAIDS,2026-09-30 02:09:07
1733,EST,Estonia,2016,0.82108,6867,200,0.1483,15,3.63,65.0,378,15,25,Our World in Data / UNAIDS,2026-09-30 02:09:07
1734,EST,Estonia,2017,0.8196,6854,100,0.0741,15,3.32,68.0,377,8,24,Our World in Data / UNAIDS,2026-09-30 02:09:07
1735,EST,Estonia,2018,0.81511,6817,100,0.0741,14,3.75,71.0,375,8,24,Our World in Data / UNAIDS,2026-09-30 02:09:07
1736,EST,Estonia,2019,0.80731,6751,100,0.0741,14,3.04,72.0,371,8,24,Our World in Data / UNAIDS,2026-09-30 02:09:07
1737,EST,Estonia,2020,0.7937,6638,100,0.0741,15,2.41,71.0,365,8,24,Our World in Data / UNAIDS,2026-09-30 02:09:07
1738,EST,Estonia,2021,0.77463,6478,100,0.0741,18,3.81,70.0,356,8,29,Our World in Data / UNAIDS,2026-09-30 02:09:07
1739,EST,Estonia,2022,0.75098,6280,100,0.0741,21,3.81,69.0,345,8,35,Our World in Data / UNAIDS,2026-09-30 02:09:07
1740,ETH,Ethiopia,1990,2.1914,1703555,59000,0.4706,19517,102.48,0.0,93696,4425,32203,Our World in Data / UNAIDS,2026-09-30 02:09:07
1741,ETH,Ethiopia,1991,2.64971,2059841,59000,0.4706,25806,102.48,0.0,113291,4425,42580,Our World in Data / UNAIDS,2026-09-30 02:09:07
1742,ETH,Ethiopia,1992,3.0137,2342800,59000,0.4706,32593,102.48,0.0,128854,4425,53779,Our World in Data / UNAIDS,2026-09-30 02:09:07
1743,ETH,Ethiopia,1993,3.26722,2539881,59000,0.4706,39701,102.48,0.0,139693,4425,65506,Our World in Data / UNAIDS,2026-09-30 02:09:07
1744,ETH,Ethiopia,1994,3.39797,2641523,59000,0.4706,46720,102.48,0.0,145284,4425,77088,Our World in Data / UNAIDS,2026-09-30 02:09:07
1745,ETH,Ethiopia,1995,3.4287,2665409,59000,0.4706,53491,102.48,0.0,146597,4425,88260,Our World in Data / UNAIDS,2026-09-30 02:09:07
1746,ETH,Ethiopia,1996,3.37542,2623992,59000,0.4706,59709,102.48,0.0,144320,4425,98520,Our World in Data / UNAIDS,2026-09-30 02:09:07
1747,ETH,Ethiopia,1997,3.26587,2538829,59000,0.4706,65206,102.48,0.0,139636,4425,107589,Our World in Data / UNAIDS,2026-09-30 02:09:07
1748,ETH,Ethiopia,1998,3.11586,2422218,59000,0.4706,69776,102.48,0.0,133222,4425,115131,Our World in Data / UNAIDS,2026-09-30 02:09:07
1749,ETH,Ethiopia,1999,2.941,2286281,59000,0.4706,73309,102.48,0.0,125745,4425,120960,Our World in Data / UNAIDS,2026-09-30 02:09:07
1750,ETH,Ethiopia,2000,2.74891,2136953,59000,0.4706,74934,102.48,0.0,117532,4425,123641,Our World in Data / UNAIDS,2026-09-30 02:09:07
1751,ETH,Ethiopia,2001,2.5506,1982794,54000,0.4307,75795,102.08,0.0,109054,4050,125063,Our World in Data / UNAIDS,2026-09-30 02:09:07
1752,ETH,Ethiopia,2002,2.35311,1829266,50000,0.3988,75847,100.24,0.0,100610,3750,125148,Our World in Data / UNAIDS,2026-09-30 02:09:07
1753,ETH,Ethiopia,2003,2.16207,1680752,46000,0.3669,75239,97.23,0.0,92441,3450,124144,Our World in Data / UNAIDS,2026-09-30 02:09:07
1754,ETH,Ethiopia,2004,1.9813,1540227,41000,0.327,72702,91.73,1.0,84712,3075,119958,Our World in Data / UNAIDS,2026-09-30 02:09:07
1755,ETH,Ethiopia,2005,1.82164,1416108,38000,0.3031,67781,83.53,3.0,77886,2850,111839,Our World in Data / UNAIDS,2026-09-30 02:09:07
1756,ETH,Ethiopia,2006,1.68841,1312541,34000,0.2712,59624,71.83,7.0,72190,2550,98380,Our World in Data / UNAIDS,2026-09-30 02:09:07
1757,ETH,Ethiopia,2007,1.58611,1233013,32000,0.2552,48961,57.62,13.0,67816,2400,80786,Our World in Data / UNAIDS,2026-09-30 02:09:07
1758,ETH,Ethiopia,2008,1.50871,1172843,30000,0.2393,39296,45.41,20.0,64506,2250,64839,Our World in Data / UNAIDS,2026-09-30 02:09:07
1759,ETH,Ethiopia,2009,1.44353,1122179,27000,0.2153,32196,36.55,27.0,61720,2025,53124,Our World in Data / UNAIDS,2026-09-30 02:09:07
1760,ETH,Ethiopia,2010,1.38725,1078422,26000,0.2074,26500,29.55,33.0,59313,1950,43726,Our World in Data / UNAIDS,2026-09-30 02:09:07
1761,ETH,Ethiopia,2011,1.33526,1038007,23000,0.1834,22304,24.25,40.0,57090,1725,36801,Our World in Data / UNAIDS,2026-09-30 02:09:07
1762,ETH,Ethiopia,2012,1.28502,998953,21000,0.1675,19090,20.22,44.0,54942,1575,31499,Our World in Data / UNAIDS,2026-09-30 02:09:07
1763,ETH,Ethiopia,2013,1.23186,957624,18000,0.1436,17476,18.03,48.0,52669,1350,28836,Our World in Data / UNAIDS,2026-09-30 02:09:07
1764,ETH,Ethiopia,2014,1.17521,913589,17000,0.1356,17030,17.48,56.0,50247,1275,28099,Our World in Data / UNAIDS,2026-09-30 02:09:07
1765,ETH,Ethiopia,2015,1.12302,873014,14000,0.1117,16429,16.57,60.0,48016,1050,27107,Our World in Data / UNAIDS,2026-09-30 02:09:07
1766,ETH,Ethiopia,2016,1.07234,833618,15000,0.1196,15665,15.43,66.0,45849,1125,25847,Our World in Data / UNAIDS,2026-09-30 02:09:07
1767,ETH,Ethiopia,2017,1.02121,793874,15000,0.1196,15190,14.49,69.0,43663,1125,25064,Our World in Data / UNAIDS,2026-09-30 02:09:07
1768,ETH,Ethiopia,2018,0.97038,754357,14000,0.1117,14644,13.65,71.0,41490,1050,24162,Our World in Data / UNAIDS,2026-09-30 02:09:07
1769,ETH,Ethiopia,2019,0.91916,714538,12000,0.0957,14151,12.68,75.0,39300,900,23349,Our World in Data / UNAIDS,2026-09-30 02:09:07
1770,ETH,Ethiopia,2020,0.86876,675360,11000,0.0877,13019,11.34,78.0,37145,825,21482,Our World in Data / UNAIDS,2026-09-30 02:09:07
1771,ETH,Ethiopia,2021,0.82052,637855,13000,0.1037,11878,10.05,78.0,35082,975,19599,Our World in Data / UNAIDS,2026-09-30 02:09:07
1772,ETH,Ethiopia,2022,0.76978,598414,9700,0.0774,11127,10.05,82.0,32913,728,18360,Our World in Data / UNAIDS,2026-09-30 02:09:07
1773,FIN,Finland,2000,0.24165,8324,1650,0.297,389,0.2,0.0,458,124,642,Our World in Data / UNAIDS,2026-09-30 02:09:07
1774,FIN,Finland,2001,0.25329,8725,1700,0.306,363,0.06,0.0,480,128,599,Our World in Data / UNAIDS,2026-09-30 02:09:07
1775,FIN,Finland,2002,0.27393,9436,1700,0.306,349,0.14,0.0,519,128,575,Our World in Data / UNAIDS,2026-09-30 02:09:07
1776,FIN,Finland,2003,0.30624,10549,1700,0.306,386,0.16,1.5,580,128,636,Our World in Data / UNAIDS,2026-09-30 02:09:07
1777,FIN,Finland,2004,0.31623,10893,1550,0.279,445,0.16,3.0,599,116,735,Our World in Data / UNAIDS,2026-09-30 02:09:07
1778,FIN,Finland,2005,0.31956,11008,1500,0.27,400,0.18,6.5,605,112,660,Our World in Data / UNAIDS,2026-09-30 02:09:07
1779,FIN,Finland,2006,0.32438,11174,1450,0.261,432,0.18,9.5,615,109,712,Our World in Data / UNAIDS,2026-09-30 02:09:07
1780,FIN,Finland,2007,0.3304,11381,1300,0.234,566,0.21,13.0,626,98,934,Our World in Data / UNAIDS,2026-09-30 02:09:07
1781,FIN,Finland,2008,0.33243,11452,1250,0.225,534,0.14,17.0,630,94,880,Our World in Data / UNAIDS,2026-09-30 02:09:07
1782,FIN,Finland,2009,0.32959,11353,1300,0.234,470,0.06,21.0,624,98,776,Our World in Data / UNAIDS,2026-09-30 02:09:07
1783,FIN,Finland,2010,0.33193,11434,1300,0.234,452,0.13,24.9444,629,98,746,Our World in Data / UNAIDS,2026-09-30 02:09:07
1784,FIN,Finland,2011,0.34874,12013,1250,0.225,468,0.09,28.0,661,94,772,Our World in Data / UNAIDS,2026-09-30 02:09:07
1785,FIN,Finland,2012,0.36233,12481,1250,0.225,487,0.13,31.0,686,94,803,Our World in Data / UNAIDS,2026-09-30 02:09:07
1786,FIN,Finland,2013,0.36732,12653,1300,0.234,517,0.08,35.0,696,98,853,Our World in Data / UNAIDS,2026-09-30 02:09:07
1787,FIN,Finland,2014,0.36172,12460,1200,0.216,449,0.06,37.0,685,90,741,Our World in Data / UNAIDS,2026-09-30 02:09:07
1788,FIN,Finland,2015,0.36479,12566,1250,0.225,430,7.7339,41.0,691,94,709,Our World in Data / UNAIDS,2026-09-30 02:09:07
1789,FIN,Finland,2016,0.37443,12898,1200,0.216,442,0.15,45.5,709,90,730,Our World in Data / UNAIDS,2026-09-30 02:09:07
1790,FIN,Finland,2017,0.36894,12709,1200,0.216,424,0.12,50.5,699,90,699,Our World in Data / UNAIDS,2026-09-30 02:09:07
1791,FIN,Finland,2018,0.36413,12543,1200,0.216,381,0.06,54.0,690,90,629,Our World in Data / UNAIDS,2026-09-30 02:09:07
1792,FIN,Finland,2019,0.37023,12753,1200,0.216,357,0.06,59.0,701,90,589,Our World in Data / UNAIDS,2026-09-30 02:09:07
1793,FIN,Finland,2020,0.39803,13711,1250,0.225,369,0.04,61.5,754,94,609,Our World in Data / UNAIDS,2026-09-30 02:09:07
1794,FIN,Finland,2021,0.40203,13849,1300,0.234,371,0.08,64.5,762,98,613,Our World in Data / UNAIDS,2026-09-30 02:09:07
1795,FJI,Fiji,1990,0.0,10,100,0.1088,0,0.73,0.0,1,8,0,Our World in Data / UNAIDS,2026-09-30 02:09:07
1796,FJI,Fiji,1991,1e-05,10,100,0.1088,0,0.73,0.0,1,8,0,Our World in Data / UNAIDS,2026-09-30 02:09:07
1797,FJI,Fiji,1992,2e-05,10,100,0.1088,0,0.73,0.0,1,8,0,Our World in Data / UNAIDS,2026-09-30 02:09:07
1798,FJI,Fiji,1993,4e-05,10,100,0.1088,0,0.73,0.0,1,8,0,Our World in Data / UNAIDS,2026-09-30 02:09:07
1799,FJI,Fiji,1994,5e-05,10,100,0.1088,0,0.73,0.0,1,8,0,Our World in Data / UNAIDS,2026-09-30 02:09:07
1800,FJI,Fiji,1995,9e-05,10,100,0.1088,0,0.73,0.0,1,8,0,Our World in Data / UNAIDS,2026-09-30 02:09:07
1801,FJI,Fiji,1996,0.00014,10,100,0.1088,0,0.73,0.0,1,8,0,Our World in Data / UNAIDS,2026-09-30 02:09:07
1802,FJI,Fiji,1997,0.00021,10,100,0.1088,0,0.73,0.0,1,8,0,Our World in Data / UNAIDS,2026-09-30 02:09:07
1803,FJI,Fiji,1998,0.00031,10,100,0.1088,0,0.73,0.0,1,8,0,Our World in Data / UNAIDS,2026-09-30 02:09:07
1804,FJI,Fiji,1999,0.00047,10,100,0.1088,0,0.73,0.0,1,8,0,Our World in Data / UNAIDS,2026-09-30 02:09:07
1805,FJI,Fiji,2000,0.00069,10,100,0.1088,0,0.73,0.0,1,8,0,Our World in Data / UNAIDS,2026-09-30 02:09:07
1806,FJI,Fiji,2001,0.00102,10,100,0.1088,0,0.84,0.0,1,8,0,Our World in Data / UNAIDS,2026-09-30 02:09:07
1807,FJI,Fiji,2002,0.00148,10,100,0.1088,0,0.94,0.0,1,8,0,Our World in Data / UNAIDS,2026-09-30 02:09:07
1808,FJI,Fiji,2003,0.00215,12,100,0.1088,0,1.03,0.0,1,8,1,Our World in Data / UNAIDS,2026-09-30 02:09:07
1809,FJI,Fiji,2004,0.0031,18,100,0.1088,0,1.13,68.0,1,8,1,Our World in Data / UNAIDS,2026-09-30 02:09:07
1810,FJI,Fiji,2005,0.00449,26,100,0.1088,0,1.17,84.0,1,8,1,Our World in Data / UNAIDS,2026-09-30 02:09:07
1811,FJI,Fiji,2006,0.00646,37,100,0.1088,1,1.18,81.0,2,8,1,Our World in Data / UNAIDS,2026-09-30 02:09:07
1812,FJI,Fiji,2007,0.0092,52,100,0.1088,1,1.23,73.0,3,8,1,Our World in Data / UNAIDS,2026-09-30 02:09:07
1813,FJI,Fiji,2008,0.01298,74,100,0.1088,1,1.29,72.0,4,8,2,Our World in Data / UNAIDS,2026-09-30 02:09:07
1814,FJI,Fiji,2009,0.01819,104,100,0.1088,1,1.64,64.0,6,8,2,Our World in Data / UNAIDS,2026-09-30 02:09:07
1815,FJI,Fiji,2010,0.02517,143,100,0.1088,2,1.81,58.0,8,8,4,Our World in Data / UNAIDS,2026-09-30 02:09:07
1816,FJI,Fiji,2011,0.03472,198,100,0.1088,2,2.02,51.0,11,8,3,Our World in Data / UNAIDS,2026-09-30 02:09:07
1817,FJI,Fiji,2012,0.04756,271,100,0.1088,3,1.93,62.0,15,8,4,Our World in Data / UNAIDS,2026-09-30 02:09:07
1818,FJI,Fiji,2013,0.06453,368,200,0.2175,4,1.78,47.0,20,15,7,Our World in Data / UNAIDS,2026-09-30 02:09:07
1819,FJI,Fiji,2014,0.08713,497,200,0.2175,5,2.16,41.0,27,15,8,Our World in Data / UNAIDS,2026-09-30 02:09:07
1820,FJI,Fiji,2015,0.11667,665,200,0.2175,7,2.84,32.0,37,15,11,Our World in Data / UNAIDS,2026-09-30 02:09:07
1821,FJI,Fiji,2016,0.15453,881,500,0.5438,11,3.53,26.0,48,38,18,Our World in Data / UNAIDS,2026-09-30 02:09:07
1822,FJI,Fiji,2017,0.20233,1153,500,0.5438,16,4.13,25.0,63,38,26,Our World in Data / UNAIDS,2026-09-30 02:09:07
1823,FJI,Fiji,2018,0.26255,1497,500,0.5438,22,3.81,25.0,82,38,36,Our World in Data / UNAIDS,2026-09-30 02:09:07
1824,FJI,Fiji,2019,0.33781,1926,500,0.5438,32,4.26,24.0,106,38,52,Our World in Data / UNAIDS,2026-09-30 02:09:07
1825,FJI,Fiji,2020,0.43072,2455,590,0.6417,45,4.38,21.0,135,44,74,Our World in Data / UNAIDS,2026-09-30 02:09:07
1826,FJI,Fiji,2021,0.54427,3103,740,0.8049,63,4.71,22.0,171,56,103,Our World in Data / UNAIDS,2026-09-30 02:09:07
1827,FJI,Fiji,2022,0.6809,3881,910,0.9898,92,4.71,15.0,213,68,152,Our World in Data / UNAIDS,2026-09-30 02:09:07
1828,FRA,France,1990,0.12917,54606,5700,0.0836,65,1.98,76.0,3003,428,107,Our World in Data / UNAIDS,2026-09-30 02:09:07
1829,FRA,France,1991,0.13886,58702,5700,0.0836,97,1.98,76.0,3229,428,161,Our World in Data / UNAIDS,2026-09-30 02:09:07
1830,FRA,France,1992,0.14743,62325,5700,0.0836,142,1.98,76.0,3428,428,235,Our World in Data / UNAIDS,2026-09-30 02:09:07
1831,FRA,France,1993,0.15493,65496,5700,0.0836,180,1.98,76.0,3602,428,298,Our World in Data / UNAIDS,2026-09-30 02:09:07
1832,FRA,France,1994,0.16141,68235,5700,0.0836,227,1.98,76.0,3753,428,374,Our World in Data / UNAIDS,2026-09-30 02:09:07
1833,FRA,France,1995,0.16686,70539,5700,0.0836,249,1.98,76.0,3880,428,411,Our World in Data / UNAIDS,2026-09-30 02:09:07
1834,FRA,France,1996,0.17141,72462,5700,0.0836,318,1.98,76.0,3985,428,525,Our World in Data / UNAIDS,2026-09-30 02:09:07
1835,FRA,France,1997,0.17819,75329,5700,0.0836,259,1.98,76.0,4143,428,427,Our World in Data / UNAIDS,2026-09-30 02:09:07
1836,FRA,France,1998,0.18789,79429,5700,0.0836,301,1.98,76.0,4369,428,497,Our World in Data / UNAIDS,2026-09-30 02:09:07
1837,FRA,France,1999,0.19794,83678,5700,0.0836,372,1.98,76.0,4602,428,614,Our World in Data / UNAIDS,2026-09-30 02:09:07
1838,FRA,France,2000,0.20824,88032,5700,0.0836,389,1.98,76.0,4842,428,642,Our World in Data / UNAIDS,2026-09-30 02:09:07
1839,FRA,France,2001,0.21809,92196,5700,0.0836,363,1.99,77.0,5071,428,599,Our World in Data / UNAIDS,2026-09-30 02:09:07
1840,FRA,France,2002,0.22742,96140,5700,0.0836,349,1.94,78.0,5288,428,575,Our World in Data / UNAIDS,2026-09-30 02:09:07
1841,FRA,France,2003,0.23558,99590,5500,0.0807,386,1.83,79.0,5477,412,636,Our World in Data / UNAIDS,2026-09-30 02:09:07
1842,FRA,France,2004,0.24313,102782,5600,0.0821,445,1.77,79.0,5653,420,735,Our World in Data / UNAIDS,2026-09-30 02:09:07
1843,FRA,France,2005,0.24988,105635,5500,0.0807,400,1.55,80.0,5810,412,660,Our World in Data / UNAIDS,2026-09-30 02:09:07
1844,FRA,France,2006,0.25627,108337,5400,0.0792,432,1.49,81.0,5959,405,712,Our World in Data / UNAIDS,2026-09-30 02:09:07
1845,FRA,France,2007,0.26129,110459,5100,0.0748,566,1.33,82.0,6075,382,934,Our World in Data / UNAIDS,2026-09-30 02:09:07
1846,FRA,France,2008,0.2657,112323,5100,0.0748,534,1.18,83.0,6178,382,880,Our World in Data / UNAIDS,2026-09-30 02:09:07
1847,FRA,France,2009,0.26923,113815,5000,0.0733,470,0.93,84.0,6260,375,776,Our World in Data / UNAIDS,2026-09-30 02:09:07
1848,FRA,France,2010,0.27225,115092,5100,0.0748,452,0.85,85.0,6330,382,746,Our World in Data / UNAIDS,2026-09-30 02:09:07
1849,FRA,France,2011,0.27448,116035,4900,0.0719,468,0.71,86.0,6382,368,772,Our World in Data / UNAIDS,2026-09-30 02:09:07
1850,FRA,France,2012,0.27697,117087,4500,0.066,487,0.76,86.0,6440,338,803,Our World in Data / UNAIDS,2026-09-30 02:09:07
1851,FRA,France,2013,0.27831,117654,4300,0.0631,517,0.83,87.0,6471,322,853,Our World in Data / UNAIDS,2026-09-30 02:09:07
1852,FRA,France,2014,0.27943,118127,4200,0.0616,449,0.65,88.0,6497,315,741,Our World in Data / UNAIDS,2026-09-30 02:09:07
1853,FRA,France,2015,0.28119,118871,4200,0.0616,430,0.65,90.0,6538,315,709,Our World in Data / UNAIDS,2026-09-30 02:09:07
1854,FRA,France,2016,0.28247,119412,4100,0.0601,442,0.54,90.0,6568,308,730,Our World in Data / UNAIDS,2026-09-30 02:09:07
1855,FRA,France,2017,0.28353,119861,4000,0.0587,424,0.38,90.0,6592,300,699,Our World in Data / UNAIDS,2026-09-30 02:09:07
1856,FRA,France,2018,0.28431,120190,3800,0.0557,381,0.39,89.0,6610,285,629,Our World in Data / UNAIDS,2026-09-30 02:09:07
1857,FRA,France,2019,0.28532,120617,3700,0.0543,357,0.37,89.0,6634,278,589,Our World in Data / UNAIDS,2026-09-30 02:09:07
1858,FRA,France,2020,0.28237,119370,3400,0.0499,369,0.33,89.0,6565,255,609,Our World in Data / UNAIDS,2026-09-30 02:09:07
1859,FRA,France,2021,0.2792,118030,3300,0.0484,371,0.33,90.0,6492,248,613,Our World in Data / UNAIDS,2026-09-30 02:09:07
1860,FRA,France,2022,0.2821,119256,3400,0.0499,355,0.33,91.0,6559,255,585,Our World in Data / UNAIDS,2026-09-30 02:09:07
1861,FSM,Micronesia (country),2000,0.24165,168,1650,14.7172,389,347.14,0.0,9,124,642,Our World in Data / UNAIDS,2026-09-30 02:09:07
1862,FSM,Micronesia (country),2001,0.25329,176,1700,15.1631,363,323.6576,0.0,10,128,599,Our World in Data / UNAIDS,2026-09-30 02:09:07
1863,FSM,Micronesia (country),2002,0.27393,190,1700,15.1631,349,311.0909,0.0,10,128,575,Our World in Data / UNAIDS,2026-09-30 02:09:07
1864,FSM,Micronesia (country),2003,0.30624,213,1700,15.1631,386,344.0665,1.5,12,128,636,Our World in Data / UNAIDS,2026-09-30 02:09:07
1865,FSM,Micronesia (country),2004,0.31623,220,1550,13.8252,445,397.2774,3.0,12,116,735,Our World in Data / UNAIDS,2026-09-30 02:09:07
1866,FSM,Micronesia (country),2005,0.31956,222,1500,13.3792,400,356.5519,6.5,12,112,660,Our World in Data / UNAIDS,2026-09-30 02:09:07
1867,FSM,Micronesia (country),2006,0.32438,225,1450,12.9333,432,384.9529,9.5,12,109,712,Our World in Data / UNAIDS,2026-09-30 02:09:07
1868,FSM,Micronesia (country),2007,0.3304,230,1300,11.5953,566,504.823,13.0,13,98,934,Our World in Data / UNAIDS,2026-09-30 02:09:07
1869,FSM,Micronesia (country),2008,0.33243,231,1250,11.1494,534,475.8697,17.0,13,94,880,Our World in Data / UNAIDS,2026-09-30 02:09:07
1870,FSM,Micronesia (country),2009,0.32959,229,1300,11.5953,470,419.3796,21.0,13,98,776,Our World in Data / UNAIDS,2026-09-30 02:09:07
1871,FSM,Micronesia (country),2010,0.33193,231,1300,11.5953,452,403.446,24.9444,13,98,746,Our World in Data / UNAIDS,2026-09-30 02:09:07
1872,FSM,Micronesia (country),2011,0.34874,242,1250,11.1494,468,417.0668,28.0,13,94,772,Our World in Data / UNAIDS,2026-09-30 02:09:07
1873,FSM,Micronesia (country),2012,0.36233,252,1250,11.1494,487,434.1454,31.0,14,94,803,Our World in Data / UNAIDS,2026-09-30 02:09:07
1874,FSM,Micronesia (country),2013,0.36732,255,1300,11.5953,517,461.1849,35.0,14,98,853,Our World in Data / UNAIDS,2026-09-30 02:09:07
1875,FSM,Micronesia (country),2014,0.36172,251,1200,10.7034,449,400.4501,37.0,14,90,741,Our World in Data / UNAIDS,2026-09-30 02:09:07
1876,FSM,Micronesia (country),2015,0.36479,254,1250,11.1494,430,383.2763,41.0,14,94,709,Our World in Data / UNAIDS,2026-09-30 02:09:07
1877,FSM,Micronesia (country),2016,0.37443,260,1200,10.7034,442,394.5682,45.5,14,90,730,Our World in Data / UNAIDS,2026-09-30 02:09:07
1878,FSM,Micronesia (country),2017,0.36894,256,1200,10.7034,424,377.9113,50.5,14,90,699,Our World in Data / UNAIDS,2026-09-30 02:09:07
1879,FSM,Micronesia (country),2018,0.36413,253,1200,10.7034,381,340.1286,54.0,14,90,629,Our World in Data / UNAIDS,2026-09-30 02:09:07
1880,FSM,Micronesia (country),2019,0.37023,257,1200,10.7034,357,318.2879,59.0,14,90,589,Our World in Data / UNAIDS,2026-09-30 02:09:07
1881,FSM,Micronesia (country),2020,0.39803,277,1250,11.1494,369,329.4062,61.5,15,94,609,Our World in Data / UNAIDS,2026-09-30 02:09:07
1882,FSM,Micronesia (country),2021,0.40203,279,1300,11.5953,371,331.3281,64.5,15,98,613,Our World in Data / UNAIDS,2026-09-30 02:09:07
1883,GAB,Gabon,1990,1.2596,18983,4300,1.769,288,180.54,0.0,1044,322,476,Our World in Data / UNAIDS,2026-09-30 02:09:07
1884,GAB,Gabon,1991,1.61171,24289,4300,1.769,387,180.54,0.0,1336,322,639,Our World in Data / UNAIDS,2026-09-30 02:09:07
1885,GAB,Gabon,1992,2.01409,30354,4300,1.769,511,180.54,0.0,1669,322,843,Our World in Data / UNAIDS,2026-09-30 02:09:07
1886,GAB,Gabon,1993,2.44947,36915,4300,1.769,662,180.54,0.0,2030,322,1092,Our World in Data / UNAIDS,2026-09-30 02:09:07
1887,GAB,Gabon,1994,2.9176,43970,4300,1.769,839,180.54,0.0,2418,322,1385,Our World in Data / UNAIDS,2026-09-30 02:09:07
1888,GAB,Gabon,1995,3.4119,51419,4300,1.769,1045,180.54,0.0,2828,322,1725,Our World in Data / UNAIDS,2026-09-30 02:09:07
1889,GAB,Gabon,1996,3.83614,57813,4300,1.769,1273,180.54,0.0,3180,322,2101,Our World in Data / UNAIDS,2026-09-30 02:09:07
1890,GAB,Gabon,1997,4.21001,63448,4300,1.769,1520,180.54,0.0,3490,322,2508,Our World in Data / UNAIDS,2026-09-30 02:09:07
1891,GAB,Gabon,1998,4.48616,67609,4300,1.769,1778,180.54,0.0,3718,322,2933,Our World in Data / UNAIDS,2026-09-30 02:09:07
1892,GAB,Gabon,1999,4.65917,70217,4300,1.769,2037,180.54,0.0,3862,322,3360,Our World in Data / UNAIDS,2026-09-30 02:09:07
1893,GAB,Gabon,2000,4.74483,71508,4300,1.769,2291,180.54,0.0,3933,322,3780,Our World in Data / UNAIDS,2026-09-30 02:09:07
1894,GAB,Gabon,2001,4.78181,72065,4200,1.7279,2518,179.35,0.0,3964,315,4156,Our World in Data / UNAIDS,2026-09-30 02:09:07
1895,GAB,Gabon,2002,4.77254,71925,4100,1.6867,2682,176.4,1.0,3956,308,4426,Our World in Data / UNAIDS,2026-09-30 02:09:07
1896,GAB,Gabon,2003,4.72166,71158,3900,1.6044,2820,178.46,2.0,3914,292,4653,Our World in Data / UNAIDS,2026-09-30 02:09:07
1897,GAB,Gabon,2004,4.65213,70111,3700,1.5222,2778,170.57,5.0,3856,278,4583,Our World in Data / UNAIDS,2026-09-30 02:09:07
1898,GAB,Gabon,2005,4.5993,69314,3600,1.481,2464,153.35,11.0,3812,270,4066,Our World in Data / UNAIDS,2026-09-30 02:09:07
1899,GAB,Gabon,2006,4.55309,68618,3500,1.4399,2321,152.35,12.0,3774,262,3830,Our World in Data / UNAIDS,2026-09-30 02:09:07
1900,GAB,Gabon,2007,4.5036,67872,3500,1.4399,2396,139.47,14.0,3733,262,3954,Our World in Data / UNAIDS,2026-09-30 02:09:07
1901,GAB,Gabon,2008,4.42518,66690,3300,1.3576,2451,151.42,17.0,3668,248,4043,Our World in Data / UNAIDS,2026-09-30 02:09:07
1902,GAB,Gabon,2009,4.35078,65569,3300,1.3576,2472,147.5,21.0,3606,248,4079,Our World in Data / UNAIDS,2026-09-30 02:09:07
1903,GAB,Gabon,2010,4.27042,64358,3200,1.3165,2471,142.25,23.0,3540,240,4078,Our World in Data / UNAIDS,2026-09-30 02:09:07
1904,GAB,Gabon,2011,4.18438,63061,3100,1.2753,2400,138.99,28.0,3468,232,3959,Our World in Data / UNAIDS,2026-09-30 02:09:07
1905,GAB,Gabon,2012,4.10756,61904,2900,1.193,2146,124.27,33.0,3405,218,3541,Our World in Data / UNAIDS,2026-09-30 02:09:07
1906,GAB,Gabon,2013,4.03651,60833,2800,1.1519,1926,105.02,38.0,3346,210,3179,Our World in Data / UNAIDS,2026-09-30 02:09:07
1907,GAB,Gabon,2014,3.96077,59691,2700,1.1108,1839,88.7,40.0,3283,202,3034,Our World in Data / UNAIDS,2026-09-30 02:09:07
1908,GAB,Gabon,2015,3.87261,58363,2600,1.0696,1955,88.98,40.0,3210,195,3225,Our World in Data / UNAIDS,2026-09-30 02:09:07
1909,GAB,Gabon,2016,3.7651,56742,2400,0.9874,2116,90.79,41.0,3121,180,3492,Our World in Data / UNAIDS,2026-09-30 02:09:07
1910,GAB,Gabon,2017,3.66183,55186,2600,1.0696,2256,89.38,42.0,3035,195,3722,Our World in Data / UNAIDS,2026-09-30 02:09:07
1911,GAB,Gabon,2018,3.55224,53534,2500,1.0285,2358,90.12,42.0,2944,188,3891,Our World in Data / UNAIDS,2026-09-30 02:09:07
1912,GAB,Gabon,2019,3.4287,51673,2400,0.9874,2387,87.52,45.0,2842,180,3938,Our World in Data / UNAIDS,2026-09-30 02:09:07
1913,GAB,Gabon,2020,3.30393,49792,2200,0.9051,2354,74.15,45.0,2739,165,3884,Our World in Data / UNAIDS,2026-09-30 02:09:07
1914,GAB,Gabon,2021,3.17691,47878,2300,0.9462,2336,73.73,48.0,2633,172,3854,Our World in Data / UNAIDS,2026-09-30 02:09:07
1915,GAB,Gabon,2022,3.04993,45964,2000,0.8228,2116,73.73,54.0,2528,150,3491,Our World in Data / UNAIDS,2026-09-30 02:09:07
1916,GBR,United Kingdom,2000,0.21552,90377,2800,0.0414,174,0.35,89.0,4971,210,287,Our World in Data / UNAIDS,2026-09-30 02:09:07
1917,GBR,United Kingdom,2001,0.21552,90377,2800,0.0414,174,0.34,89.0,4971,210,287,Our World in Data / UNAIDS,2026-09-30 02:09:07
1918,GBR,United Kingdom,2002,0.21552,90377,2800,0.0414,174,0.39,89.0,4971,210,287,Our World in Data / UNAIDS,2026-09-30 02:09:07
1919,GBR,United Kingdom,2003,0.21552,90377,2800,0.0414,174,0.43,89.0,4971,210,287,Our World in Data / UNAIDS,2026-09-30 02:09:07
1920,GBR,United Kingdom,2004,0.21552,90377,2800,0.0414,174,0.35,89.0,4971,210,287,Our World in Data / UNAIDS,2026-09-30 02:09:07
1921,GBR,United Kingdom,2005,0.21552,90377,2800,0.0414,174,0.41,89.0,4971,210,287,Our World in Data / UNAIDS,2026-09-30 02:09:07
1922,GBR,United Kingdom,2006,0.21552,90377,2800,0.0414,174,0.42,89.0,4971,210,287,Our World in Data / UNAIDS,2026-09-30 02:09:07
1923,GBR,United Kingdom,2007,0.21552,90377,2800,0.0414,174,0.45,89.0,4971,210,287,Our World in Data / UNAIDS,2026-09-30 02:09:07
1924,GBR,United Kingdom,2008,0.21552,90377,2800,0.0414,174,0.44,89.0,4971,210,287,Our World in Data / UNAIDS,2026-09-30 02:09:07
1925,GBR,United Kingdom,2009,0.21552,90377,2800,0.0414,174,0.44,89.0,4971,210,287,Our World in Data / UNAIDS,2026-09-30 02:09:07
1926,GBR,United Kingdom,2010,0.21552,90377,2800,0.0414,174,0.44,89.0,4971,210,287,Our World in Data / UNAIDS,2026-09-30 02:09:07
1927,GBR,United Kingdom,2011,0.21552,90377,2800,0.0414,174,0.34,89.0,4971,210,287,Our World in Data / UNAIDS,2026-09-30 02:09:07
1928,GBR,United Kingdom,2012,0.21552,90377,2800,0.0414,174,0.36,89.0,4971,210,287,Our World in Data / UNAIDS,2026-09-30 02:09:07
1929,GBR,United Kingdom,2013,0.21552,90377,2800,0.0414,174,0.36,89.0,4971,210,287,Our World in Data / UNAIDS,2026-09-30 02:09:07
1930,GBR,United Kingdom,2014,0.21552,90377,2800,0.0414,174,0.28,89.0,4971,210,287,Our World in Data / UNAIDS,2026-09-30 02:09:07
1931,GBR,United Kingdom,2015,0.21552,90377,2800,0.0414,174,0.28,89.0,4971,210,287,Our World in Data / UNAIDS,2026-09-30 02:09:07
1932,GBR,United Kingdom,2016,0.21552,90377,2800,0.0414,174,0.28,89.0,4971,210,287,Our World in Data / UNAIDS,2026-09-30 02:09:07
1933,GBR,United Kingdom,2017,0.21469,90029,2600,0.0384,167,0.26,91.0,4952,195,275,Our World in Data / UNAIDS,2026-09-30 02:09:07
1934,GBR,United Kingdom,2018,0.2128,89236,2500,0.037,161,0.24,91.0,4908,188,265,Our World in Data / UNAIDS,2026-09-30 02:09:07
1935,GBR,United Kingdom,2019,0.20975,87957,2300,0.034,155,0.21,93.0,4838,172,255,Our World in Data / UNAIDS,2026-09-30 02:09:07
1936,GBR,United Kingdom,2020,0.20588,86334,2100,0.031,151,0.22,91.0,4748,158,249,Our World in Data / UNAIDS,2026-09-30 02:09:07
1937,GBR,United Kingdom,2021,0.20085,84225,1900,0.0281,155,0.23,91.0,4632,142,256,Our World in Data / UNAIDS,2026-09-30 02:09:07
1938,GBR,United Kingdom,2022,0.19581,82112,1800,0.0266,161,0.23,93.0,4516,135,266,Our World in Data / UNAIDS,2026-09-30 02:09:07
1939,GEO,Georgia,1990,0.00016,10,100,0.0269,0,0.03,0.0,1,8,1,Our World in Data / UNAIDS,2026-09-30 02:09:07
1940,GEO,Georgia,1991,0.00016,10,100,0.0269,0,0.03,0.0,1,8,1,Our World in Data / UNAIDS,2026-09-30 02:09:07
1941,GEO,Georgia,1992,0.00014,10,100,0.0269,0,0.03,0.0,1,8,1,Our World in Data / UNAIDS,2026-09-30 02:09:07
1942,GEO,Georgia,1993,0.00012,10,100,0.0269,0,0.03,0.0,1,8,1,Our World in Data / UNAIDS,2026-09-30 02:09:07
1943,GEO,Georgia,1994,0.00014,10,100,0.0269,0,0.03,0.0,1,8,1,Our World in Data / UNAIDS,2026-09-30 02:09:07
1944,GEO,Georgia,1995,0.00023,10,100,0.0269,0,0.03,0.0,1,8,1,Our World in Data / UNAIDS,2026-09-30 02:09:07
1945,GEO,Georgia,1996,0.00048,11,100,0.0269,0,0.03,0.0,1,8,1,Our World in Data / UNAIDS,2026-09-30 02:09:07
1946,GEO,Georgia,1997,0.00101,23,100,0.0269,1,0.03,0.0,1,8,1,Our World in Data / UNAIDS,2026-09-30 02:09:07
1947,GEO,Georgia,1998,0.00196,45,100,0.0269,1,0.03,0.0,2,8,2,Our World in Data / UNAIDS,2026-09-30 02:09:07
1948,GEO,Georgia,1999,0.00351,81,100,0.0269,2,0.03,0.0,4,8,3,Our World in Data / UNAIDS,2026-09-30 02:09:07
1949,GEO,Georgia,2000,0.0059,136,100,0.0269,3,0.03,0.0,7,8,5,Our World in Data / UNAIDS,2026-09-30 02:09:07
1950,GEO,Georgia,2001,0.00935,215,100,0.0269,5,0.03,0.0,12,8,8,Our World in Data / UNAIDS,2026-09-30 02:09:07
1951,GEO,Georgia,2002,0.01402,323,200,0.0539,8,0.01,0.0,18,15,13,Our World in Data / UNAIDS,2026-09-30 02:09:07
1952,GEO,Georgia,2003,0.02,460,200,0.0539,12,0.01,0.0,25,15,20,Our World in Data / UNAIDS,2026-09-30 02:09:07
1953,GEO,Georgia,2004,0.02748,633,500,0.1347,14,0.3658,8.0,35,38,22,Our World in Data / UNAIDS,2026-09-30 02:09:07
1954,GEO,Georgia,2005,0.03665,844,500,0.1347,11,0.2842,17.0,46,38,17,Our World in Data / UNAIDS,2026-09-30 02:09:07
1955,GEO,Georgia,2006,0.04757,1095,500,0.1347,10,0.2645,23.0,60,38,16,Our World in Data / UNAIDS,2026-09-30 02:09:07
1956,GEO,Georgia,2007,0.06032,1388,500,0.1347,10,0.06,24.0,76,38,16,Our World in Data / UNAIDS,2026-09-30 02:09:07
1957,GEO,Georgia,2008,0.07485,1723,500,0.1347,11,0.29,28.0,95,38,18,Our World in Data / UNAIDS,2026-09-30 02:09:07
1958,GEO,Georgia,2009,0.09108,2096,500,0.1347,14,0.14,30.0,115,38,23,Our World in Data / UNAIDS,2026-09-30 02:09:07
1959,GEO,Georgia,2010,0.10916,2513,500,0.1347,18,0.12,32.0,138,38,29,Our World in Data / UNAIDS,2026-09-30 02:09:07
1960,GEO,Georgia,2011,0.1286,2960,500,0.1347,23,1.14,37.0,163,38,39,Our World in Data / UNAIDS,2026-09-30 02:09:07
1961,GEO,Georgia,2012,0.14921,3434,540,0.1455,28,1.39,48.0,189,40,46,Our World in Data / UNAIDS,2026-09-30 02:09:07
1962,GEO,Georgia,2013,0.17091,3934,560,0.1508,27,1.76,53.0,216,42,45,Our World in Data / UNAIDS,2026-09-30 02:09:07
1963,GEO,Georgia,2014,0.19289,4440,590,0.1589,29,1.87,57.0,244,44,47,Our World in Data / UNAIDS,2026-09-30 02:09:07
1964,GEO,Georgia,2015,0.21527,4955,600,0.1616,32,1.74,61.0,273,45,53,Our World in Data / UNAIDS,2026-09-30 02:09:07
1965,GEO,Georgia,2016,0.23795,5477,620,0.167,35,1.96,66.0,301,46,57,Our World in Data / UNAIDS,2026-09-30 02:09:07
1966,GEO,Georgia,2017,0.26032,5992,620,0.167,37,1.26,68.0,330,46,62,Our World in Data / UNAIDS,2026-09-30 02:09:07
1967,GEO,Georgia,2018,0.28207,6493,630,0.1697,42,1.87,70.0,357,47,69,Our World in Data / UNAIDS,2026-09-30 02:09:07
1968,GEO,Georgia,2019,0.30272,6968,630,0.1697,45,1.88,71.0,383,47,74,Our World in Data / UNAIDS,2026-09-30 02:09:07
1969,GEO,Georgia,2020,0.3218,7407,630,0.1697,50,2.04,71.0,407,47,82,Our World in Data / UNAIDS,2026-09-30 02:09:07
1970,GEO,Georgia,2021,0.3388,7798,610,0.1643,56,1.5,71.0,429,46,93,Our World in Data / UNAIDS,2026-09-30 02:09:07
1971,GEO,Georgia,2022,0.35198,8102,600,0.1616,66,1.5,70.0,446,45,109,Our World in Data / UNAIDS,2026-09-30 02:09:07
1972,GHA,Ghana,1990,1.31554,270376,30000,0.905,4642,107.15,0.0,14871,2250,7659,Our World in Data / UNAIDS,2026-09-30 02:09:07
1973,GHA,Ghana,1991,1.59325,327452,30000,0.905,5994,107.15,0.0,18010,2250,9890,Our World in Data / UNAIDS,2026-09-30 02:09:07
1974,GHA,Ghana,1992,1.85253,380741,30000,0.905,7498,107.15,0.0,20941,2250,12372,Our World in Data / UNAIDS,2026-09-30 02:09:07
1975,GHA,Ghana,1993,2.08423,428361,30000,0.905,9135,107.15,0.0,23560,2250,15072,Our World in Data / UNAIDS,2026-09-30 02:09:07
1976,GHA,Ghana,1994,2.28629,469889,30000,0.905,10841,107.15,0.0,25844,2250,17887,Our World in Data / UNAIDS,2026-09-30 02:09:07
1977,GHA,Ghana,1995,2.42238,497859,30000,0.905,12559,107.15,0.0,27382,2250,20723,Our World in Data / UNAIDS,2026-09-30 02:09:07
1978,GHA,Ghana,1996,2.51822,517557,30000,0.905,14273,107.15,0.0,28466,2250,23551,Our World in Data / UNAIDS,2026-09-30 02:09:07
1979,GHA,Ghana,1997,2.57213,528636,30000,0.905,15971,107.15,0.0,29075,2250,26352,Our World in Data / UNAIDS,2026-09-30 02:09:07
1980,GHA,Ghana,1998,2.59167,532652,30000,0.905,17652,107.15,0.0,29296,2250,29126,Our World in Data / UNAIDS,2026-09-30 02:09:07
1981,GHA,Ghana,1999,2.58592,531471,30000,0.905,19261,107.15,0.0,29231,2250,31780,Our World in Data / UNAIDS,2026-09-30 02:09:07
1982,GHA,Ghana,2000,2.55226,524553,30000,0.905,20747,107.15,0.0,28850,2250,34233,Our World in Data / UNAIDS,2026-09-30 02:09:07
1983,GHA,Ghana,2001,2.50216,514256,29000,0.8748,22078,110.82,0.0,28284,2175,36428,Our World in Data / UNAIDS,2026-09-30 02:09:07
1984,GHA,Ghana,2002,2.43841,501154,28000,0.8447,23265,113.45,0.0,27563,2100,38387,Our World in Data / UNAIDS,2026-09-30 02:09:07
1985,GHA,Ghana,2003,2.36542,486152,27000,0.8145,24215,114.77,0.0,26738,2025,39954,Our World in Data / UNAIDS,2026-09-30 02:09:07
1986,GHA,Ghana,2004,2.28795,470230,26000,0.7843,24639,113.5,1.0,25863,1950,40654,Our World in Data / UNAIDS,2026-09-30 02:09:07
1987,GHA,Ghana,2005,2.21135,454487,26000,0.7843,24668,110.6,1.0,24997,1950,40703,Our World in Data / UNAIDS,2026-09-30 02:09:07
1988,GHA,Ghana,2006,2.1404,439905,25000,0.7542,24376,106.28,2.0,24195,1875,40221,Our World in Data / UNAIDS,2026-09-30 02:09:07
1989,GHA,Ghana,2007,2.07726,426928,24000,0.724,23317,99.05,4.0,23481,1800,38473,Our World in Data / UNAIDS,2026-09-30 02:09:07
1990,GHA,Ghana,2008,2.02363,415906,23000,0.6938,21850,90.16,7.0,22875,1725,36053,Our World in Data / UNAIDS,2026-09-30 02:09:07
1991,GHA,Ghana,2009,1.9771,406343,23000,0.6938,20714,83.24,10.0,22349,1725,34178,Our World in Data / UNAIDS,2026-09-30 02:09:07
1992,GHA,Ghana,2010,1.94049,398819,22000,0.6637,19569,76.7,13.0,21935,1650,32288,Our World in Data / UNAIDS,2026-09-30 02:09:07
1993,GHA,Ghana,2011,1.91267,393101,21000,0.6335,17682,67.6,19.0,21621,1575,29176,Our World in Data / UNAIDS,2026-09-30 02:09:07
1994,GHA,Ghana,2012,1.88848,388129,21000,0.6335,16188,60.48,22.0,21347,1575,26710,Our World in Data / UNAIDS,2026-09-30 02:09:07
1995,GHA,Ghana,2013,1.86317,382928,21000,0.6335,16174,59.21,24.0,21061,1575,26687,Our World in Data / UNAIDS,2026-09-30 02:09:07
1996,GHA,Ghana,2014,1.83467,377070,21000,0.6335,16277,58.54,26.0,20739,1575,26858,Our World in Data / UNAIDS,2026-09-30 02:09:07
1997,GHA,Ghana,2015,1.80426,370820,21000,0.6335,16257,56.89,26.0,20395,1575,26824,Our World in Data / UNAIDS,2026-09-30 02:09:07
1998,GHA,Ghana,2016,1.77058,363898,20000,0.6033,16369,55.55,29.0,20014,1500,27009,Our World in Data / UNAIDS,2026-09-30 02:09:07
1999,GHA,Ghana,2017,1.73706,357009,20000,0.6033,16389,54.52,32.0,19635,1500,27042,Our World in Data / UNAIDS,2026-09-30 02:09:07
2000,GHA,Ghana,2018,1.70242,349889,19000,0.5732,16002,52.72,33.0,19244,1425,26404,Our World in Data / UNAIDS,2026-09-30 02:09:07
2001,GHA,Ghana,2019,1.66795,342805,19000,0.5732,15975,49.65,34.0,18854,1425,26359,Our World in Data / UNAIDS,2026-09-30 02:09:07
2002,GHA,Ghana,2020,1.63557,336150,19000,0.5732,15477,42.58,37.0,18488,1425,25537,Our World in Data / UNAIDS,2026-09-30 02:09:07
2003,GHA,Ghana,2021,1.59908,328651,18000,0.543,14465,33.4,40.0,18076,1350,23867,Our World in Data / UNAIDS,2026-09-30 02:09:07
2004,GHA,Ghana,2022,1.56437,321517,17000,0.5128,13380,33.4,45.0,17683,1275,22077,Our World in Data / UNAIDS,2026-09-30 02:09:07
2005,GIN,Guinea,1990,0.34188,29792,11000,0.7826,527,59.65,0.0,1639,825,870,Our World in Data / UNAIDS,2026-09-30 02:09:07
2006,GIN,Guinea,1991,0.42812,37307,11000,0.7826,705,59.65,0.0,2052,825,1163,Our World in Data / UNAIDS,2026-09-30 02:09:07
2007,GIN,Guinea,1992,0.52847,46052,11000,0.7826,923,59.65,0.0,2533,825,1524,Our World in Data / UNAIDS,2026-09-30 02:09:07
2008,GIN,Guinea,1993,0.64319,56049,11000,0.7826,1180,59.65,0.0,3083,825,1948,Our World in Data / UNAIDS,2026-09-30 02:09:07
2009,GIN,Guinea,1994,0.7634,66524,11000,0.7826,1490,59.65,0.0,3659,825,2459,Our World in Data / UNAIDS,2026-09-30 02:09:07
2010,GIN,Guinea,1995,0.89089,77634,11000,0.7826,1835,59.65,0.0,4270,825,3028,Our World in Data / UNAIDS,2026-09-30 02:09:07
2011,GIN,Guinea,1996,1.02296,89143,11000,0.7826,2239,59.65,0.0,4903,825,3695,Our World in Data / UNAIDS,2026-09-30 02:09:07
2012,GIN,Guinea,1997,1.14944,100164,11000,0.7826,2680,59.65,0.0,5509,825,4422,Our World in Data / UNAIDS,2026-09-30 02:09:07
2013,GIN,Guinea,1998,1.26737,110441,11000,0.7826,3096,59.65,0.0,6074,825,5109,Our World in Data / UNAIDS,2026-09-30 02:09:07
2014,GIN,Guinea,1999,1.376,119907,11000,0.7826,3567,59.65,0.0,6595,825,5885,Our World in Data / UNAIDS,2026-09-30 02:09:07
2015,GIN,Guinea,2000,1.46687,127826,11000,0.7826,4045,59.65,0.0,7030,825,6674,Our World in Data / UNAIDS,2026-09-30 02:09:07
2016,GIN,Guinea,2001,1.5394,134146,11000,0.7826,4493,63.29,0.0,7378,825,7413,Our World in Data / UNAIDS,2026-09-30 02:09:07
2017,GIN,Guinea,2002,1.59415,138917,11000,0.7826,4838,65.03,0.0,7640,825,7982,Our World in Data / UNAIDS,2026-09-30 02:09:07
2018,GIN,Guinea,2003,1.63587,142553,11000,0.7826,5252,67.09,1.0,7840,825,8666,Our World in Data / UNAIDS,2026-09-30 02:09:07
2019,GIN,Guinea,2004,1.65757,144444,11000,0.7826,5656,68.82,1.0,7944,825,9332,Our World in Data / UNAIDS,2026-09-30 02:09:07
2020,GIN,Guinea,2005,1.67372,145851,11000,0.7826,5879,68.4,2.0,8022,825,9700,Our World in Data / UNAIDS,2026-09-30 02:09:07
2021,GIN,Guinea,2006,1.68721,147027,10000,0.7115,5626,62.74,5.0,8086,750,9283,Our World in Data / UNAIDS,2026-09-30 02:09:07
2022,GIN,Guinea,2007,1.70048,148183,10000,0.7115,5499,58.7,6.0,8150,750,9073,Our World in Data / UNAIDS,2026-09-30 02:09:07
2023,GIN,Guinea,2008,1.70742,148788,10000,0.7115,5434,55.57,9.0,8183,750,8966,Our World in Data / UNAIDS,2026-09-30 02:09:07
2024,GIN,Guinea,2009,1.72021,149902,10000,0.7115,4835,47.19,15.0,8245,750,7978,Our World in Data / UNAIDS,2026-09-30 02:09:07
2025,GIN,Guinea,2010,1.73195,150925,9800,0.6973,4417,41.08,19.0,8301,735,7288,Our World in Data / UNAIDS,2026-09-30 02:09:07
2026,GIN,Guinea,2011,1.73476,151170,9200,0.6546,4390,39.06,21.0,8314,690,7243,Our World in Data / UNAIDS,2026-09-30 02:09:07
2027,GIN,Guinea,2012,1.729,150668,8900,0.6332,4446,37.77,25.0,8287,668,7337,Our World in Data / UNAIDS,2026-09-30 02:09:07
2028,GIN,Guinea,2013,1.71583,149521,8100,0.5763,4420,37.23,24.0,8224,608,7293,Our World in Data / UNAIDS,2026-09-30 02:09:07
2029,GIN,Guinea,2014,1.7002,148159,9500,0.6759,4980,39.54,27.0,8149,712,8217,Our World in Data / UNAIDS,2026-09-30 02:09:07
2030,GIN,Guinea,2015,1.67702,146139,9200,0.6546,5202,40.88,28.0,8038,690,8583,Our World in Data / UNAIDS,2026-09-30 02:09:07
2031,GIN,Guinea,2016,1.64715,143536,8900,0.6332,5549,41.4,30.0,7894,668,9156,Our World in Data / UNAIDS,2026-09-30 02:09:07
2032,GIN,Guinea,2017,1.61758,140959,8800,0.6261,5620,40.18,33.0,7753,660,9274,Our World in Data / UNAIDS,2026-09-30 02:09:07
2033,GIN,Guinea,2018,1.58506,138125,8700,0.619,5702,40.66,34.0,7597,652,9408,Our World in Data / UNAIDS,2026-09-30 02:09:07
2034,GIN,Guinea,2019,1.54814,134908,7500,0.5336,5412,37.78,43.0,7420,562,8930,Our World in Data / UNAIDS,2026-09-30 02:09:07
2035,GIN,Guinea,2020,1.51115,131684,7000,0.498,4941,32.37,48.0,7243,525,8152,Our World in Data / UNAIDS,2026-09-30 02:09:07
2036,GIN,Guinea,2021,1.47232,128301,6600,0.4696,4377,28.56,54.0,7057,495,7221,Our World in Data / UNAIDS,2026-09-30 02:09:07
2037,GIN,Guinea,2022,1.4292,124543,6000,0.4269,3983,28.56,62.0,6850,450,6572,Our World in Data / UNAIDS,2026-09-30 02:09:07
2038,GMB,Gambia,1990,0.18167,2970,2400,0.9103,41,48.59,0.0,163,180,67,Our World in Data / UNAIDS,2026-09-30 02:09:07
2039,GMB,Gambia,1991,0.25141,4110,2400,0.9103,60,48.59,0.0,226,180,99,Our World in Data / UNAIDS,2026-09-30 02:09:07
2040,GMB,Gambia,1992,0.34699,5672,2400,0.9103,87,48.59,0.0,312,180,143,Our World in Data / UNAIDS,2026-09-30 02:09:07
2041,GMB,Gambia,1993,0.46525,7605,2400,0.9103,123,48.59,0.0,418,180,202,Our World in Data / UNAIDS,2026-09-30 02:09:07
2042,GMB,Gambia,1994,0.60613,9908,2400,0.9103,170,48.59,0.0,545,180,281,Our World in Data / UNAIDS,2026-09-30 02:09:07
2043,GMB,Gambia,1995,0.76847,12561,2400,0.9103,229,48.59,0.0,691,180,378,Our World in Data / UNAIDS,2026-09-30 02:09:07
2044,GMB,Gambia,1996,0.94225,15402,2400,0.9103,301,48.59,0.0,847,180,497,Our World in Data / UNAIDS,2026-09-30 02:09:07
2045,GMB,Gambia,1997,1.12401,18373,2400,0.9103,385,48.59,0.0,1011,180,636,Our World in Data / UNAIDS,2026-09-30 02:09:07
2046,GMB,Gambia,1998,1.30524,21336,2400,0.9103,482,48.59,0.0,1173,180,796,Our World in Data / UNAIDS,2026-09-30 02:09:07
2047,GMB,Gambia,1999,1.46606,23964,2400,0.9103,589,48.59,0.0,1318,180,972,Our World in Data / UNAIDS,2026-09-30 02:09:07
2048,GMB,Gambia,2000,1.61007,26318,2400,0.9103,704,48.59,0.0,1447,180,1162,Our World in Data / UNAIDS,2026-09-30 02:09:07
2049,GMB,Gambia,2001,1.72882,28259,2400,0.9103,825,55.48,0.0,1554,180,1362,Our World in Data / UNAIDS,2026-09-30 02:09:07
2050,GMB,Gambia,2002,1.82711,29866,2500,0.9482,951,62.29,0.0,1643,188,1570,Our World in Data / UNAIDS,2026-09-30 02:09:07
2051,GMB,Gambia,2003,1.89986,31055,2500,0.9482,1079,68.29,0.0,1708,188,1781,Our World in Data / UNAIDS,2026-09-30 02:09:07
2052,GMB,Gambia,2004,1.94226,31748,2500,0.9482,1206,74.36,0.0,1746,188,1990,Our World in Data / UNAIDS,2026-09-30 02:09:07
2053,GMB,Gambia,2005,1.97577,32296,2500,0.9482,1274,76.26,2.0,1776,188,2101,Our World in Data / UNAIDS,2026-09-30 02:09:07
2054,GMB,Gambia,2006,2.00031,32697,2500,0.9482,1341,77.55,2.0,1798,188,2213,Our World in Data / UNAIDS,2026-09-30 02:09:07
2055,GMB,Gambia,2007,2.00555,32783,2500,0.9482,1441,81.02,2.0,1803,188,2378,Our World in Data / UNAIDS,2026-09-30 02:09:07
2056,GMB,Gambia,2008,2.00629,32795,2500,0.9482,1499,81.55,4.0,1804,188,2473,Our World in Data / UNAIDS,2026-09-30 02:09:07
2057,GMB,Gambia,2009,1.99714,32645,2400,0.9103,1544,81.13,5.0,1795,180,2547,Our World in Data / UNAIDS,2026-09-30 02:09:07
2058,GMB,Gambia,2010,1.98314,32417,2300,0.8724,1476,74.79,9.0,1783,172,2435,Our World in Data / UNAIDS,2026-09-30 02:09:07
2059,GMB,Gambia,2011,1.97565,32294,2200,0.8344,1344,65.62,13.0,1776,165,2218,Our World in Data / UNAIDS,2026-09-30 02:09:07
2060,GMB,Gambia,2012,1.96376,32100,2200,0.8344,1297,61.27,16.0,1766,165,2140,Our World in Data / UNAIDS,2026-09-30 02:09:07
2061,GMB,Gambia,2013,1.94169,31739,2100,0.7965,1342,61.3,16.0,1746,158,2215,Our World in Data / UNAIDS,2026-09-30 02:09:07
2062,GMB,Gambia,2014,1.906,31156,2100,0.7965,1445,63.56,17.0,1714,158,2384,Our World in Data / UNAIDS,2026-09-30 02:09:07
2063,GMB,Gambia,2015,1.8627,30448,1900,0.7207,1473,63.16,19.0,1675,142,2430,Our World in Data / UNAIDS,2026-09-30 02:09:07
2064,GMB,Gambia,2016,1.81019,29590,1900,0.7207,1452,61.2,23.0,1627,142,2396,Our World in Data / UNAIDS,2026-09-30 02:09:07
2065,GMB,Gambia,2017,1.75246,28646,1700,0.6448,1421,58.86,26.0,1576,128,2345,Our World in Data / UNAIDS,2026-09-30 02:09:07
2066,GMB,Gambia,2018,1.68785,27590,1600,0.6069,1421,57.74,29.0,1517,120,2344,Our World in Data / UNAIDS,2026-09-30 02:09:07
2067,GMB,Gambia,2019,1.62458,26556,1600,0.6069,1406,56.24,31.0,1461,120,2320,Our World in Data / UNAIDS,2026-09-30 02:09:07
2068,GMB,Gambia,2020,1.56022,25504,1500,0.5689,1419,55.75,32.0,1403,112,2341,Our World in Data / UNAIDS,2026-09-30 02:09:07
2069,GMB,Gambia,2021,1.48918,24342,1400,0.531,1425,54.6,33.0,1339,105,2352,Our World in Data / UNAIDS,2026-09-30 02:09:07
2070,GMB,Gambia,2022,1.4186,23189,1300,0.4931,1354,54.6,38.0,1275,98,2234,Our World in Data / UNAIDS,2026-09-30 02:09:07
2071,GNB,Guinea-Bissau,1990,0.23254,3036,5600,2.6597,47,97.72,0.0,167,420,78,Our World in Data / UNAIDS,2026-09-30 02:09:07
2072,GNB,Guinea-Bissau,1991,0.32838,4287,5600,2.6597,68,97.72,0.0,236,420,112,Our World in Data / UNAIDS,2026-09-30 02:09:07
2073,GNB,Guinea-Bissau,1992,0.45924,5995,5600,2.6597,99,97.72,0.0,330,420,163,Our World in Data / UNAIDS,2026-09-30 02:09:07
2074,GNB,Guinea-Bissau,1993,0.63572,8299,5600,2.6597,143,97.72,0.0,456,420,235,Our World in Data / UNAIDS,2026-09-30 02:09:07
2075,GNB,Guinea-Bissau,1994,0.87901,11475,5600,2.6597,205,97.72,0.0,631,420,339,Our World in Data / UNAIDS,2026-09-30 02:09:07
2076,GNB,Guinea-Bissau,1995,1.21211,15823,5600,2.6597,293,97.72,0.0,870,420,483,Our World in Data / UNAIDS,2026-09-30 02:09:07
2077,GNB,Guinea-Bissau,1996,1.64679,21498,5600,2.6597,412,97.72,0.0,1182,420,679,Our World in Data / UNAIDS,2026-09-30 02:09:07
2078,GNB,Guinea-Bissau,1997,2.16512,28264,5600,2.6597,564,97.72,0.0,1555,420,931,Our World in Data / UNAIDS,2026-09-30 02:09:07
2079,GNB,Guinea-Bissau,1998,2.75133,35917,5600,2.6597,754,97.72,0.0,1975,420,1245,Our World in Data / UNAIDS,2026-09-30 02:09:07
2080,GNB,Guinea-Bissau,1999,3.31559,43283,5600,2.6597,973,97.72,0.0,2381,420,1605,Our World in Data / UNAIDS,2026-09-30 02:09:07
2081,GNB,Guinea-Bissau,2000,3.81808,49842,5600,2.6597,1216,97.72,0.0,2741,420,2006,Our World in Data / UNAIDS,2026-09-30 02:09:07
2082,GNB,Guinea-Bissau,2001,4.16431,54362,5100,2.4222,1462,114.99,0.0,2990,382,2413,Our World in Data / UNAIDS,2026-09-30 02:09:07
2083,GNB,Guinea-Bissau,2002,4.37962,57173,4600,2.1847,1709,131.65,0.0,3145,345,2820,Our World in Data / UNAIDS,2026-09-30 02:09:07
2084,GNB,Guinea-Bissau,2003,4.47989,58482,4200,1.9947,1948,130.61,0.0,3217,315,3215,Our World in Data / UNAIDS,2026-09-30 02:09:07
2085,GNB,Guinea-Bissau,2004,4.49008,58615,3800,1.8048,2177,140.75,0.0,3224,285,3592,Our World in Data / UNAIDS,2026-09-30 02:09:07
2086,GNB,Guinea-Bissau,2005,4.43615,57911,3500,1.6623,2389,148.31,0.0,3185,262,3942,Our World in Data / UNAIDS,2026-09-30 02:09:07
2087,GNB,Guinea-Bissau,2006,4.35342,56831,3400,1.6148,2520,150.97,1.0,3126,255,4158,Our World in Data / UNAIDS,2026-09-30 02:09:07
2088,GNB,Guinea-Bissau,2007,4.26425,55667,3400,1.6148,2552,146.64,2.0,3062,255,4210,Our World in Data / UNAIDS,2026-09-30 02:09:07
2089,GNB,Guinea-Bissau,2008,4.16601,54384,3200,1.5198,2468,137.34,5.0,2991,240,4072,Our World in Data / UNAIDS,2026-09-30 02:09:07
2090,GNB,Guinea-Bissau,2009,4.0691,53119,3100,1.4723,2385,129.3,8.0,2922,232,3936,Our World in Data / UNAIDS,2026-09-30 02:09:07
2091,GNB,Guinea-Bissau,2010,3.95416,51619,2900,1.3773,2387,125.14,10.0,2839,218,3939,Our World in Data / UNAIDS,2026-09-30 02:09:07
2092,GNB,Guinea-Bissau,2011,3.83228,50028,2600,1.2348,2322,118.35,13.0,2752,195,3831,Our World in Data / UNAIDS,2026-09-30 02:09:07
2093,GNB,Guinea-Bissau,2012,3.7104,48437,2400,1.1399,2180,110.05,17.0,2664,180,3597,Our World in Data / UNAIDS,2026-09-30 02:09:07
2094,GNB,Guinea-Bissau,2013,3.58171,46757,2100,0.9974,2122,105.76,18.0,2572,158,3501,Our World in Data / UNAIDS,2026-09-30 02:09:07
2095,GNB,Guinea-Bissau,2014,3.44606,44986,1800,0.8549,2050,100.62,22.0,2474,135,3382,Our World in Data / UNAIDS,2026-09-30 02:09:07
2096,GNB,Guinea-Bissau,2015,3.31377,43259,1800,0.8549,1925,93.22,26.0,2379,135,3176,Our World in Data / UNAIDS,2026-09-30 02:09:07
2097,GNB,Guinea-Bissau,2016,3.18141,41531,1700,0.8074,1798,86.16,32.0,2284,128,2967,Our World in Data / UNAIDS,2026-09-30 02:09:07
2098,GNB,Guinea-Bissau,2017,3.04586,39762,1600,0.7599,1755,82.97,33.0,2187,120,2896,Our World in Data / UNAIDS,2026-09-30 02:09:07
2099,GNB,Guinea-Bissau,2018,2.90717,37951,1600,0.7599,1747,81.46,42.0,2087,120,2882,Our World in Data / UNAIDS,2026-09-30 02:09:07
2100,GNB,Guinea-Bissau,2019,2.77791,36264,1400,0.6649,1525,75.73,47.0,1995,105,2516,Our World in Data / UNAIDS,2026-09-30 02:09:07
2101,GNB,Guinea-Bissau,2020,2.65116,34609,1300,0.6174,1379,68.79,51.0,1903,98,2275,Our World in Data / UNAIDS,2026-09-30 02:09:07
2102,GNB,Guinea-Bissau,2021,2.52609,32976,1300,0.6174,1275,60.97,57.0,1814,98,2104,Our World in Data / UNAIDS,2026-09-30 02:09:07
2103,GNB,Guinea-Bissau,2022,2.40328,31373,1100,0.5224,1113,60.97,64.0,1726,82,1837,Our World in Data / UNAIDS,2026-09-30 02:09:07
2104,GNQ,Equatorial Guinea,2000,0.24165,2702,1650,0.9149,389,127.96,0.0,149,124,642,Our World in Data / UNAIDS,2026-09-30 02:09:07
2105,GNQ,Equatorial Guinea,2001,0.25329,2832,1700,0.9426,363,140.42,0.0,156,128,599,Our World in Data / UNAIDS,2026-09-30 02:09:07
2106,GNQ,Equatorial Guinea,2002,0.27393,3063,1700,0.9426,349,152.84,0.0,168,128,575,Our World in Data / UNAIDS,2026-09-30 02:09:07
2107,GNQ,Equatorial Guinea,2003,0.30624,3424,1700,0.9426,386,165.54,1.5,188,128,636,Our World in Data / UNAIDS,2026-09-30 02:09:07
2108,GNQ,Equatorial Guinea,2004,0.31623,3536,1550,0.8594,445,175.94,3.0,194,116,735,Our World in Data / UNAIDS,2026-09-30 02:09:07
2109,GNQ,Equatorial Guinea,2005,0.31956,3573,1500,0.8317,400,178.9,6.5,197,112,660,Our World in Data / UNAIDS,2026-09-30 02:09:07
2110,GNQ,Equatorial Guinea,2006,0.32438,3627,1450,0.804,432,181.58,9.5,199,109,712,Our World in Data / UNAIDS,2026-09-30 02:09:07
2111,GNQ,Equatorial Guinea,2007,0.3304,3694,1300,0.7208,566,179.48,13.0,203,98,934,Our World in Data / UNAIDS,2026-09-30 02:09:07
2112,GNQ,Equatorial Guinea,2008,0.33243,3717,1250,0.6931,534,169.55,17.0,204,94,880,Our World in Data / UNAIDS,2026-09-30 02:09:07
2113,GNQ,Equatorial Guinea,2009,0.32959,3685,1300,0.7208,470,178.7,21.0,203,98,776,Our World in Data / UNAIDS,2026-09-30 02:09:07
2114,GNQ,Equatorial Guinea,2010,0.33193,3712,1300,0.7208,452,186.38,24.9444,204,98,746,Our World in Data / UNAIDS,2026-09-30 02:09:07
2115,GNQ,Equatorial Guinea,2011,0.34874,3900,1250,0.6931,468,187.51,28.0,214,94,772,Our World in Data / UNAIDS,2026-09-30 02:09:07
2116,GNQ,Equatorial Guinea,2012,0.36233,4052,1250,0.6931,487,178.71,31.0,223,94,803,Our World in Data / UNAIDS,2026-09-30 02:09:07
2117,GNQ,Equatorial Guinea,2013,0.36732,4107,1300,0.7208,517,163.84,35.0,226,98,853,Our World in Data / UNAIDS,2026-09-30 02:09:07
2118,GNQ,Equatorial Guinea,2014,0.36172,4045,1200,0.6654,449,151.3,37.0,222,90,741,Our World in Data / UNAIDS,2026-09-30 02:09:07
2119,GNQ,Equatorial Guinea,2015,0.36479,4079,1250,0.6931,430,153.36,41.0,224,94,709,Our World in Data / UNAIDS,2026-09-30 02:09:07
2120,GNQ,Equatorial Guinea,2016,0.37443,4187,1200,0.6654,442,160.38,45.5,230,90,730,Our World in Data / UNAIDS,2026-09-30 02:09:07
2121,GNQ,Equatorial Guinea,2017,0.36894,4125,1200,0.6654,424,153.75,50.5,227,90,699,Our World in Data / UNAIDS,2026-09-30 02:09:07
2122,GNQ,Equatorial Guinea,2018,0.36413,4072,1200,0.6654,381,150.65,54.0,224,90,629,Our World in Data / UNAIDS,2026-09-30 02:09:07
2123,GNQ,Equatorial Guinea,2019,0.37023,4140,1200,0.6654,357,152.0,59.0,228,90,589,Our World in Data / UNAIDS,2026-09-30 02:09:07
2124,GNQ,Equatorial Guinea,2020,0.39803,4451,1250,0.6931,369,152.7,61.5,245,94,609,Our World in Data / UNAIDS,2026-09-30 02:09:07
2125,GNQ,Equatorial Guinea,2021,0.40203,4495,1300,0.7208,371,151.19,64.5,247,98,613,Our World in Data / UNAIDS,2026-09-30 02:09:07
2126,GRC,Greece,1990,0.01936,1253,500,0.0479,30,0.27,48.0,69,38,50,Our World in Data / UNAIDS,2026-09-30 02:09:07
2127,GRC,Greece,1991,0.02414,1562,500,0.0479,40,0.27,48.0,86,38,66,Our World in Data / UNAIDS,2026-09-30 02:09:07
2128,GRC,Greece,1992,0.02938,1901,500,0.0479,52,0.27,48.0,105,38,85,Our World in Data / UNAIDS,2026-09-30 02:09:07
2129,GRC,Greece,1993,0.03486,2256,500,0.0479,66,0.27,48.0,124,38,109,Our World in Data / UNAIDS,2026-09-30 02:09:07
2130,GRC,Greece,1994,0.04031,2609,500,0.0479,83,0.27,48.0,143,38,137,Our World in Data / UNAIDS,2026-09-30 02:09:07
2131,GRC,Greece,1995,0.04667,3020,500,0.0479,27,0.27,48.0,166,38,45,Our World in Data / UNAIDS,2026-09-30 02:09:07
2132,GRC,Greece,1996,0.05304,3432,500,0.0479,11,0.27,48.0,189,38,19,Our World in Data / UNAIDS,2026-09-30 02:09:07
2133,GRC,Greece,1997,0.05885,3808,500,0.0479,11,0.27,48.0,209,38,18,Our World in Data / UNAIDS,2026-09-30 02:09:07
2134,GRC,Greece,1998,0.06394,4138,500,0.0479,12,0.27,48.0,228,38,19,Our World in Data / UNAIDS,2026-09-30 02:09:07
2135,GRC,Greece,1999,0.06839,4426,500,0.0479,13,0.27,48.0,243,38,21,Our World in Data / UNAIDS,2026-09-30 02:09:07
2136,GRC,Greece,2000,0.0725,4692,500,0.0479,14,0.27,48.0,258,38,23,Our World in Data / UNAIDS,2026-09-30 02:09:07
2137,GRC,Greece,2001,0.07674,4966,500,0.0479,15,0.16,49.0,273,38,25,Our World in Data / UNAIDS,2026-09-30 02:09:07
2138,GRC,Greece,2002,0.08163,5283,500,0.0479,15,0.28,49.0,291,38,25,Our World in Data / UNAIDS,2026-09-30 02:09:07
2139,GRC,Greece,2003,0.08772,5677,500,0.0479,16,0.19,48.0,312,38,26,Our World in Data / UNAIDS,2026-09-30 02:09:07
2140,GRC,Greece,2004,0.09522,6162,520,0.0498,16,0.15,46.0,339,39,26,Our World in Data / UNAIDS,2026-09-30 02:09:07
2141,GRC,Greece,2005,0.1038,6717,590,0.0565,18,0.26,45.0,369,44,29,Our World in Data / UNAIDS,2026-09-30 02:09:07
2142,GRC,Greece,2006,0.11304,7315,640,0.0613,20,0.2,45.0,402,48,33,Our World in Data / UNAIDS,2026-09-30 02:09:07
2143,GRC,Greece,2007,0.12252,7929,670,0.0642,24,0.18,45.0,436,50,39,Our World in Data / UNAIDS,2026-09-30 02:09:07
2144,GRC,Greece,2008,0.13202,8544,680,0.0651,26,0.13,45.0,470,51,42,Our World in Data / UNAIDS,2026-09-30 02:09:07
2145,GRC,Greece,2009,0.1414,9151,680,0.0651,27,0.16,46.0,503,51,45,Our World in Data / UNAIDS,2026-09-30 02:09:07
2146,GRC,Greece,2010,0.15103,9774,680,0.0651,30,0.17,47.0,538,51,50,Our World in Data / UNAIDS,2026-09-30 02:09:07
2147,GRC,Greece,2011,0.16119,10431,680,0.0651,33,0.17,49.0,574,51,54,Our World in Data / UNAIDS,2026-09-30 02:09:07
2148,GRC,Greece,2012,0.1719,11124,670,0.0642,33,0.38,51.0,612,50,54,Our World in Data / UNAIDS,2026-09-30 02:09:07
2149,GRC,Greece,2013,0.18244,11806,660,0.0632,31,0.42,55.0,649,50,51,Our World in Data / UNAIDS,2026-09-30 02:09:07
2150,GRC,Greece,2014,0.19239,12450,640,0.0613,30,0.41,58.0,685,48,50,Our World in Data / UNAIDS,2026-09-30 02:09:07
2151,GRC,Greece,2015,0.20185,13063,630,0.0604,30,0.37,62.0,718,47,49,Our World in Data / UNAIDS,2026-09-30 02:09:07
2152,GRC,Greece,2016,0.20943,13553,620,0.0594,30,0.48,66.0,745,46,49,Our World in Data / UNAIDS,2026-09-30 02:09:07
2153,GRC,Greece,2017,0.21675,14027,610,0.0584,28,0.48,68.0,771,46,46,Our World in Data / UNAIDS,2026-09-30 02:09:07
2154,GRC,Greece,2018,0.22376,14480,610,0.0584,28,0.43,67.0,796,46,47,Our World in Data / UNAIDS,2026-09-30 02:09:07
2155,GRC,Greece,2019,0.2297,14865,600,0.0575,33,0.28,66.0,818,45,54,Our World in Data / UNAIDS,2026-09-30 02:09:07
2156,GRC,Greece,2020,0.23532,15229,590,0.0565,40,0.41,66.0,838,44,67,Our World in Data / UNAIDS,2026-09-30 02:09:07
2157,GRC,Greece,2021,0.24736,16008,590,0.0565,49,0.35,66.0,880,44,81,Our World in Data / UNAIDS,2026-09-30 02:09:07
2158,GRC,Greece,2022,0.25306,16377,570,0.0546,57,0.35,66.0,901,43,95,Our World in Data / UNAIDS,2026-09-30 02:09:07
2159,GRD,Grenada,2000,0.24165,175,1650,14.1131,389,7.01,0.0,10,124,642,Our World in Data / UNAIDS,2026-09-30 02:09:07
2160,GRD,Grenada,2001,0.25329,184,1700,14.5407,363,6.32,0.0,10,128,599,Our World in Data / UNAIDS,2026-09-30 02:09:07
2161,GRD,Grenada,2002,0.27393,199,1700,14.5407,349,7.47,0.0,11,128,575,Our World in Data / UNAIDS,2026-09-30 02:09:07
2162,GRD,Grenada,2003,0.30624,222,1700,14.5407,386,6.86,1.5,12,128,636,Our World in Data / UNAIDS,2026-09-30 02:09:07
2163,GRD,Grenada,2004,0.31623,229,1550,13.2577,445,7.4,3.0,13,116,735,Our World in Data / UNAIDS,2026-09-30 02:09:07
2164,GRD,Grenada,2005,0.31956,232,1500,12.8301,400,5.29,6.5,13,112,660,Our World in Data / UNAIDS,2026-09-30 02:09:07
2165,GRD,Grenada,2006,0.32438,235,1450,12.4024,432,5.36,9.5,13,109,712,Our World in Data / UNAIDS,2026-09-30 02:09:07
2166,GRD,Grenada,2007,0.3304,239,1300,11.1194,566,5.83,13.0,13,98,934,Our World in Data / UNAIDS,2026-09-30 02:09:07
2167,GRD,Grenada,2008,0.33243,241,1250,10.6917,534,5.98,17.0,13,94,880,Our World in Data / UNAIDS,2026-09-30 02:09:07
2168,GRD,Grenada,2009,0.32959,239,1300,11.1194,470,7.66,21.0,13,98,776,Our World in Data / UNAIDS,2026-09-30 02:09:07
2169,GRD,Grenada,2010,0.33193,241,1300,11.1194,452,8.28,24.9444,13,98,746,Our World in Data / UNAIDS,2026-09-30 02:09:07
2170,GRD,Grenada,2011,0.34874,253,1250,10.6917,468,9.35,28.0,14,94,772,Our World in Data / UNAIDS,2026-09-30 02:09:07
2171,GRD,Grenada,2012,0.36233,263,1250,10.6917,487,7.45,31.0,14,94,803,Our World in Data / UNAIDS,2026-09-30 02:09:07
2172,GRD,Grenada,2013,0.36732,266,1300,11.1194,517,4.5,35.0,15,98,853,Our World in Data / UNAIDS,2026-09-30 02:09:07
2173,GRD,Grenada,2014,0.36172,262,1200,10.264,449,3.84,37.0,14,90,741,Our World in Data / UNAIDS,2026-09-30 02:09:07
2174,GRD,Grenada,2015,0.36479,264,1250,10.6917,430,3.33,41.0,15,94,709,Our World in Data / UNAIDS,2026-09-30 02:09:07
2175,GRD,Grenada,2016,0.37443,271,1200,10.264,442,3.45,45.5,15,90,730,Our World in Data / UNAIDS,2026-09-30 02:09:07
2176,GRD,Grenada,2017,0.36894,267,1200,10.264,424,2.46,50.5,15,90,699,Our World in Data / UNAIDS,2026-09-30 02:09:07
2177,GRD,Grenada,2018,0.36413,264,1200,10.264,381,2.52,54.0,15,90,629,Our World in Data / UNAIDS,2026-09-30 02:09:07
2178,GRD,Grenada,2019,0.37023,268,1200,10.264,357,1.85,59.0,15,90,589,Our World in Data / UNAIDS,2026-09-30 02:09:07
2179,GRD,Grenada,2020,0.39803,289,1250,10.6917,369,1.53,61.5,16,94,609,Our World in Data / UNAIDS,2026-09-30 02:09:07
2180,GRD,Grenada,2021,0.40203,291,1300,11.1194,371,2.5,64.5,16,98,613,Our World in Data / UNAIDS,2026-09-30 02:09:07
2181,GTM,Guatemala,1990,0.17652,19533,2700,0.1513,298,17.14,0.0,1074,202,492,Our World in Data / UNAIDS,2026-09-30 02:09:07
2182,GTM,Guatemala,1991,0.22146,24506,2700,0.1513,397,17.14,0.0,1348,202,655,Our World in Data / UNAIDS,2026-09-30 02:09:07
2183,GTM,Guatemala,1992,0.26688,29532,2700,0.1513,512,17.14,0.0,1624,202,845,Our World in Data / UNAIDS,2026-09-30 02:09:07
2184,GTM,Guatemala,1993,0.31352,34693,2700,0.1513,648,17.14,0.0,1908,202,1070,Our World in Data / UNAIDS,2026-09-30 02:09:07
2185,GTM,Guatemala,1994,0.35263,39021,2700,0.1513,797,17.14,0.0,2146,202,1315,Our World in Data / UNAIDS,2026-09-30 02:09:07
2186,GTM,Guatemala,1995,0.38412,42506,2700,0.1513,954,17.14,0.0,2338,202,1573,Our World in Data / UNAIDS,2026-09-30 02:09:07
2187,GTM,Guatemala,1996,0.40792,45139,2700,0.1513,1114,17.14,0.0,2483,202,1838,Our World in Data / UNAIDS,2026-09-30 02:09:07
2188,GTM,Guatemala,1997,0.42158,46651,2700,0.1513,1273,17.14,0.0,2566,202,2100,Our World in Data / UNAIDS,2026-09-30 02:09:07
2189,GTM,Guatemala,1998,0.4274,47295,2700,0.1513,1427,17.14,0.0,2601,202,2355,Our World in Data / UNAIDS,2026-09-30 02:09:07
2190,GTM,Guatemala,1999,0.42687,47236,2700,0.1513,1573,17.14,0.0,2598,202,2596,Our World in Data / UNAIDS,2026-09-30 02:09:07
2191,GTM,Guatemala,2000,0.42256,46759,2700,0.1513,1705,17.14,0.0,2572,202,2813,Our World in Data / UNAIDS,2026-09-30 02:09:07
2192,GTM,Guatemala,2001,0.41151,45536,2300,0.1289,1806,17.81,0.0,2504,172,2980,Our World in Data / UNAIDS,2026-09-30 02:09:07
2193,GTM,Guatemala,2002,0.39903,44155,2300,0.1289,1883,18.16,0.0,2429,172,3106,Our World in Data / UNAIDS,2026-09-30 02:09:07
2194,GTM,Guatemala,2003,0.38688,42811,2000,0.1121,1614,15.46,11.0,2355,150,2664,Our World in Data / UNAIDS,2026-09-30 02:09:07
2195,GTM,Guatemala,2004,0.37538,41538,1700,0.0952,1350,13.04,11.0,2285,128,2228,Our World in Data / UNAIDS,2026-09-30 02:09:07
2196,GTM,Guatemala,2005,0.36271,40136,1700,0.0952,1397,13.38,12.0,2207,128,2306,Our World in Data / UNAIDS,2026-09-30 02:09:07
2197,GTM,Guatemala,2006,0.35086,38825,1400,0.0784,1262,11.97,18.0,2135,105,2083,Our World in Data / UNAIDS,2026-09-30 02:09:07
2198,GTM,Guatemala,2007,0.34189,37832,1300,0.0728,966,9.21,28.0,2081,98,1594,Our World in Data / UNAIDS,2026-09-30 02:09:07
2199,GTM,Guatemala,2008,0.33437,37000,1200,0.0672,684,6.63,36.0,2035,90,1129,Our World in Data / UNAIDS,2026-09-30 02:09:07
2200,GTM,Guatemala,2009,0.32774,36267,1100,0.0616,514,5.21,40.0,1995,82,849,Our World in Data / UNAIDS,2026-09-30 02:09:07
2201,GTM,Guatemala,2010,0.31987,35396,1000,0.056,489,5.01,44.0,1947,75,806,Our World in Data / UNAIDS,2026-09-30 02:09:07
2202,GTM,Guatemala,2011,0.30998,34301,840,0.0471,468,4.83,49.0,1887,63,772,Our World in Data / UNAIDS,2026-09-30 02:09:07
2203,GTM,Guatemala,2012,0.2998,33175,830,0.0465,458,4.72,54.0,1825,62,756,Our World in Data / UNAIDS,2026-09-30 02:09:07
2204,GTM,Guatemala,2013,0.28949,32034,750,0.042,408,4.19,59.0,1762,56,674,Our World in Data / UNAIDS,2026-09-30 02:09:07
2205,GTM,Guatemala,2014,0.27939,30916,780,0.0437,415,4.21,60.0,1700,58,685,Our World in Data / UNAIDS,2026-09-30 02:09:07
2206,GTM,Guatemala,2015,0.26982,29857,890,0.0499,477,4.59,58.0,1642,67,788,Our World in Data / UNAIDS,2026-09-30 02:09:07
2207,GTM,Guatemala,2016,0.26109,28891,1000,0.056,542,4.89,58.0,1589,75,895,Our World in Data / UNAIDS,2026-09-30 02:09:07
2208,GTM,Guatemala,2017,0.2528,27974,1000,0.056,545,4.65,62.0,1539,75,899,Our World in Data / UNAIDS,2026-09-30 02:09:07
2209,GTM,Guatemala,2018,0.24669,27298,1100,0.0616,474,4.01,68.0,1501,82,782,Our World in Data / UNAIDS,2026-09-30 02:09:07
2210,GTM,Guatemala,2019,0.24116,26686,1100,0.0616,402,3.41,71.0,1468,82,664,Our World in Data / UNAIDS,2026-09-30 02:09:07
2211,GTM,Guatemala,2020,0.23671,26194,1200,0.0672,374,3.09,71.0,1441,90,617,Our World in Data / UNAIDS,2026-09-30 02:09:07
2212,GTM,Guatemala,2021,0.23365,25855,1400,0.0784,364,2.94,73.0,1422,105,601,Our World in Data / UNAIDS,2026-09-30 02:09:07
2213,GTM,Guatemala,2022,0.23061,25519,1300,0.0728,336,2.94,76.0,1404,98,555,Our World in Data / UNAIDS,2026-09-30 02:09:07
2214,GUY,Guyana,1990,0.16079,819,680,0.8276,30,36.35,0.0,45,51,50,Our World in Data / UNAIDS,2026-09-30 02:09:07
2215,GUY,Guyana,1991,0.21584,1100,680,0.8276,40,36.35,0.0,60,51,65,Our World in Data / UNAIDS,2026-09-30 02:09:07
2216,GUY,Guyana,1992,0.28936,1474,680,0.8276,53,36.35,0.0,81,51,88,Our World in Data / UNAIDS,2026-09-30 02:09:07
2217,GUY,Guyana,1993,0.36114,1840,680,0.8276,69,36.35,0.0,101,51,115,Our World in Data / UNAIDS,2026-09-30 02:09:07
2218,GUY,Guyana,1994,0.43802,2231,680,0.8276,89,36.35,0.0,123,51,146,Our World in Data / UNAIDS,2026-09-30 02:09:07
2219,GUY,Guyana,1995,0.51564,2627,680,0.8276,110,36.35,0.0,144,51,182,Our World in Data / UNAIDS,2026-09-30 02:09:07
2220,GUY,Guyana,1996,0.59468,3029,680,0.8276,134,36.35,0.0,167,51,222,Our World in Data / UNAIDS,2026-09-30 02:09:07
2221,GUY,Guyana,1997,0.67567,3442,680,0.8276,161,36.35,0.0,189,51,265,Our World in Data / UNAIDS,2026-09-30 02:09:07
2222,GUY,Guyana,1998,0.75245,3833,680,0.8276,188,36.35,0.0,211,51,311,Our World in Data / UNAIDS,2026-09-30 02:09:07
2223,GUY,Guyana,1999,0.82861,4221,680,0.8276,217,36.35,0.0,232,51,357,Our World in Data / UNAIDS,2026-09-30 02:09:07
2224,GUY,Guyana,2000,0.89932,4581,680,0.8276,245,36.35,0.0,252,51,404,Our World in Data / UNAIDS,2026-09-30 02:09:07
2225,GUY,Guyana,2001,0.96203,4901,680,0.8276,272,65.19,0.0,270,51,449,Our World in Data / UNAIDS,2026-09-30 02:09:07
2226,GUY,Guyana,2002,1.0206,5199,680,0.8276,295,64.1,0.0,286,51,487,Our World in Data / UNAIDS,2026-09-30 02:09:07
2227,GUY,Guyana,2003,1.07011,5451,650,0.7911,300,59.18,2.0,300,49,496,Our World in Data / UNAIDS,2026-09-30 02:09:07
2228,GUY,Guyana,2004,1.11512,5681,610,0.7424,264,54.97,10.0,312,46,436,Our World in Data / UNAIDS,2026-09-30 02:09:07
2229,GUY,Guyana,2005,1.16661,5943,580,0.7059,193,48.89,22.0,327,44,318,Our World in Data / UNAIDS,2026-09-30 02:09:07
2230,GUY,Guyana,2006,1.21569,6193,550,0.6694,144,45.86,28.0,341,41,238,Our World in Data / UNAIDS,2026-09-30 02:09:07
2231,GUY,Guyana,2007,1.26202,6429,530,0.6451,119,40.5,33.0,354,40,197,Our World in Data / UNAIDS,2026-09-30 02:09:07
2232,GUY,Guyana,2008,1.30102,6628,500,0.6085,114,36.91,40.0,365,38,189,Our World in Data / UNAIDS,2026-09-30 02:09:07
2233,GUY,Guyana,2009,1.33599,6806,500,0.6085,97,31.11,44.0,374,38,159,Our World in Data / UNAIDS,2026-09-30 02:09:07
2234,GUY,Guyana,2010,1.36221,6939,500,0.6085,90,30.41,46.0,382,38,149,Our World in Data / UNAIDS,2026-09-30 02:09:07
2235,GUY,Guyana,2011,1.38255,7043,500,0.6085,86,31.53,50.0,387,38,142,Our World in Data / UNAIDS,2026-09-30 02:09:07
2236,GUY,Guyana,2012,1.40445,7154,500,0.6085,83,32.96,53.0,393,38,137,Our World in Data / UNAIDS,2026-09-30 02:09:07
2237,GUY,Guyana,2013,1.42193,7244,500,0.6085,81,31.0,56.0,398,38,134,Our World in Data / UNAIDS,2026-09-30 02:09:07
2238,GUY,Guyana,2014,1.43799,7325,500,0.6085,87,27.49,57.0,403,38,143,Our World in Data / UNAIDS,2026-09-30 02:09:07
2239,GUY,Guyana,2015,1.44921,7382,500,0.6085,92,26.54,58.0,406,38,152,Our World in Data / UNAIDS,2026-09-30 02:09:07
2240,GUY,Guyana,2016,1.45851,7430,500,0.6085,101,24.95,61.0,409,38,167,Our World in Data / UNAIDS,2026-09-30 02:09:07
2241,GUY,Guyana,2017,1.4682,7479,500,0.6085,105,22.46,64.0,411,38,173,Our World in Data / UNAIDS,2026-09-30 02:09:07
2242,GUY,Guyana,2018,1.46674,7472,500,0.6085,107,19.21,62.0,411,38,176,Our World in Data / UNAIDS,2026-09-30 02:09:07
2243,GUY,Guyana,2019,1.49483,7615,570,0.6937,122,17.69,66.0,419,43,201,Our World in Data / UNAIDS,2026-09-30 02:09:07
2244,GUY,Guyana,2020,1.50324,7658,520,0.6329,123,20.13,63.0,421,39,203,Our World in Data / UNAIDS,2026-09-30 02:09:07
2245,GUY,Guyana,2021,1.51555,7720,570,0.6937,126,17.33,64.0,425,43,208,Our World in Data / UNAIDS,2026-09-30 02:09:07
2246,GUY,Guyana,2022,1.53655,7827,590,0.7181,121,17.33,65.0,430,44,200,Our World in Data / UNAIDS,2026-09-30 02:09:07
2247,HND,Honduras,1990,0.41188,26721,3000,0.2867,522,33.93,0.0,1470,225,862,Our World in Data / UNAIDS,2026-09-30 02:09:07
2248,HND,Honduras,1991,0.48627,31547,3000,0.2867,657,33.93,0.0,1735,225,1085,Our World in Data / UNAIDS,2026-09-30 02:09:07
2249,HND,Honduras,1992,0.56223,36475,3000,0.2867,813,33.93,0.0,2006,225,1342,Our World in Data / UNAIDS,2026-09-30 02:09:07
2250,HND,Honduras,1993,0.63656,41297,3000,0.2867,988,33.93,0.0,2271,225,1630,Our World in Data / UNAIDS,2026-09-30 02:09:07
2251,HND,Honduras,1994,0.70177,45528,3000,0.2867,1176,33.93,0.0,2504,225,1941,Our World in Data / UNAIDS,2026-09-30 02:09:07
2252,HND,Honduras,1995,0.75651,49079,3000,0.2867,1374,33.93,0.0,2699,225,2267,Our World in Data / UNAIDS,2026-09-30 02:09:07
2253,HND,Honduras,1996,0.79584,51631,3000,0.2867,1573,33.93,0.0,2840,225,2595,Our World in Data / UNAIDS,2026-09-30 02:09:07
2254,HND,Honduras,1997,0.82219,53340,3000,0.2867,1769,33.93,0.0,2934,225,2918,Our World in Data / UNAIDS,2026-09-30 02:09:07
2255,HND,Honduras,1998,0.83247,54007,3000,0.2867,1952,33.93,0.0,2970,225,3221,Our World in Data / UNAIDS,2026-09-30 02:09:07
2256,HND,Honduras,1999,0.82702,53654,3000,0.2867,2125,33.93,0.0,2951,225,3507,Our World in Data / UNAIDS,2026-09-30 02:09:07
2257,HND,Honduras,2000,0.8069,52348,3000,0.2867,2280,33.93,0.0,2879,225,3762,Our World in Data / UNAIDS,2026-09-30 02:09:07
2258,HND,Honduras,2001,0.77142,50047,2500,0.2389,2407,34.56,0.0,2753,188,3972,Our World in Data / UNAIDS,2026-09-30 02:09:07
2259,HND,Honduras,2002,0.72698,47164,2100,0.2007,2464,34.1,1.0,2594,158,4065,Our World in Data / UNAIDS,2026-09-30 02:09:07
2260,HND,Honduras,2003,0.68121,44194,1700,0.1625,2251,30.88,7.0,2431,128,3714,Our World in Data / UNAIDS,2026-09-30 02:09:07
2261,HND,Honduras,2004,0.63475,41180,1300,0.1242,1978,30.08,9.0,2265,98,3264,Our World in Data / UNAIDS,2026-09-30 02:09:07
2262,HND,Honduras,2005,0.589,38212,1100,0.1051,1842,27.25,13.0,2102,82,3039,Our World in Data / UNAIDS,2026-09-30 02:09:07
2263,HND,Honduras,2006,0.54431,35313,830,0.0793,1668,24.76,17.0,1942,62,2752,Our World in Data / UNAIDS,2026-09-30 02:09:07
2264,HND,Honduras,2007,0.50259,32606,680,0.065,1498,21.83,22.0,1793,51,2471,Our World in Data / UNAIDS,2026-09-30 02:09:07
2265,HND,Honduras,2008,0.46287,30029,560,0.0535,1370,19.78,25.0,1652,42,2260,Our World in Data / UNAIDS,2026-09-30 02:09:07
2266,HND,Honduras,2009,0.42627,27655,500,0.0478,1246,16.28,29.0,1521,38,2057,Our World in Data / UNAIDS,2026-09-30 02:09:07
2267,HND,Honduras,2010,0.39291,25490,500,0.0478,1157,14.62,33.0,1402,38,1909,Our World in Data / UNAIDS,2026-09-30 02:09:07
2268,HND,Honduras,2011,0.36278,23536,500,0.0478,1095,13.38,37.0,1294,38,1806,Our World in Data / UNAIDS,2026-09-30 02:09:07
2269,HND,Honduras,2012,0.33592,21793,500,0.0478,1017,14.41,41.0,1199,38,1678,Our World in Data / UNAIDS,2026-09-30 02:09:07
2270,HND,Honduras,2013,0.31183,20230,500,0.0478,915,12.89,45.0,1113,38,1510,Our World in Data / UNAIDS,2026-09-30 02:09:07
2271,HND,Honduras,2014,0.28991,18808,500,0.0478,826,11.59,48.0,1034,38,1363,Our World in Data / UNAIDS,2026-09-30 02:09:07
2272,HND,Honduras,2015,0.26973,17499,500,0.0478,784,10.87,52.0,962,38,1293,Our World in Data / UNAIDS,2026-09-30 02:09:07
2273,HND,Honduras,2016,0.25209,16355,530,0.0507,729,9.92,55.0,900,40,1202,Our World in Data / UNAIDS,2026-09-30 02:09:07
2274,HND,Honduras,2017,0.23611,15318,500,0.0478,651,8.84,59.0,842,38,1074,Our World in Data / UNAIDS,2026-09-30 02:09:07
2275,HND,Honduras,2018,0.2227,14448,520,0.0497,563,7.74,60.0,795,39,929,Our World in Data / UNAIDS,2026-09-30 02:09:07
2276,HND,Honduras,2019,0.21061,13664,530,0.0507,534,7.19,62.0,752,40,881,Our World in Data / UNAIDS,2026-09-30 02:09:07
2277,HND,Honduras,2020,0.19924,12926,500,0.0478,518,6.73,63.0,711,38,854,Our World in Data / UNAIDS,2026-09-30 02:09:07
2278,HND,Honduras,2021,0.18911,12269,540,0.0516,481,6.05,66.0,675,40,794,Our World in Data / UNAIDS,2026-09-30 02:09:07
2279,HND,Honduras,2022,0.17966,11656,500,0.0478,424,6.05,70.0,641,38,699,Our World in Data / UNAIDS,2026-09-30 02:09:07
2280,HRV,Croatia,1990,0.00695,166,100,0.0259,9,0.18,26.0,9,8,15,Our World in Data / UNAIDS,2026-09-30 02:09:07
2281,HRV,Croatia,1991,0.00789,189,100,0.0259,11,0.18,26.0,10,8,18,Our World in Data / UNAIDS,2026-09-30 02:09:07
2282,HRV,Croatia,1992,0.00883,211,100,0.0259,13,0.18,26.0,12,8,21,Our World in Data / UNAIDS,2026-09-30 02:09:07
2283,HRV,Croatia,1993,0.00975,233,100,0.0259,15,0.18,26.0,13,8,25,Our World in Data / UNAIDS,2026-09-30 02:09:07
2284,HRV,Croatia,1994,0.01065,255,100,0.0259,17,0.18,26.0,14,8,28,Our World in Data / UNAIDS,2026-09-30 02:09:07
2285,HRV,Croatia,1995,0.01156,276,100,0.0259,19,0.18,26.0,15,8,31,Our World in Data / UNAIDS,2026-09-30 02:09:07
2286,HRV,Croatia,1996,0.01265,302,100,0.0259,16,0.18,26.0,17,8,26,Our World in Data / UNAIDS,2026-09-30 02:09:07
2287,HRV,Croatia,1997,0.014,335,100,0.0259,11,0.18,26.0,18,8,18,Our World in Data / UNAIDS,2026-09-30 02:09:07
2288,HRV,Croatia,1998,0.01554,371,100,0.0259,8,0.18,26.0,20,8,14,Our World in Data / UNAIDS,2026-09-30 02:09:07
2289,HRV,Croatia,1999,0.01724,412,100,0.0259,7,0.18,26.0,23,8,12,Our World in Data / UNAIDS,2026-09-30 02:09:07
2290,HRV,Croatia,2000,0.0191,457,100,0.0259,6,0.18,26.0,25,8,10,Our World in Data / UNAIDS,2026-09-30 02:09:07
2291,HRV,Croatia,2001,0.02109,504,100,0.0259,6,0.11,28.0,28,8,10,Our World in Data / UNAIDS,2026-09-30 02:09:07
2292,HRV,Croatia,2002,0.02319,554,100,0.0259,7,0.16,30.0,30,8,11,Our World in Data / UNAIDS,2026-09-30 02:09:07
2293,HRV,Croatia,2003,0.02538,607,100,0.0259,8,0.05,31.0,33,8,13,Our World in Data / UNAIDS,2026-09-30 02:09:07
2294,HRV,Croatia,2004,0.02766,661,100,0.0259,9,0.07,32.0,36,8,15,Our World in Data / UNAIDS,2026-09-30 02:09:07
2295,HRV,Croatia,2005,0.02983,713,100,0.0259,11,0.07,32.0,39,8,18,Our World in Data / UNAIDS,2026-09-30 02:09:07
2296,HRV,Croatia,2006,0.0322,770,100,0.0259,13,0.18,33.0,42,8,22,Our World in Data / UNAIDS,2026-09-30 02:09:07
2297,HRV,Croatia,2007,0.03466,829,100,0.0259,13,0.02,35.0,46,8,22,Our World in Data / UNAIDS,2026-09-30 02:09:07
2298,HRV,Croatia,2008,0.03717,889,100,0.0259,11,0.09,38.0,49,8,19,Our World in Data / UNAIDS,2026-09-30 02:09:07
2299,HRV,Croatia,2009,0.0397,949,100,0.0259,10,0.18,40.0,52,8,17,Our World in Data / UNAIDS,2026-09-30 02:09:07
2300,HRV,Croatia,2010,0.04212,1007,100,0.0259,11,0.26,43.0,55,8,18,Our World in Data / UNAIDS,2026-09-30 02:09:07
2301,HRV,Croatia,2011,0.04441,1062,100,0.0259,11,0.14,46.0,58,8,18,Our World in Data / UNAIDS,2026-09-30 02:09:07
2302,HRV,Croatia,2012,0.04665,1115,100,0.0259,11,0.19,49.0,61,8,18,Our World in Data / UNAIDS,2026-09-30 02:09:07
2303,HRV,Croatia,2013,0.04897,1171,100,0.0259,10,0.17,53.0,64,8,17,Our World in Data / UNAIDS,2026-09-30 02:09:07
2304,HRV,Croatia,2014,0.05128,1226,100,0.0259,10,0.09,56.0,67,8,16,Our World in Data / UNAIDS,2026-09-30 02:09:07
2305,HRV,Croatia,2015,0.05355,1280,100,0.0259,9,0.24,63.0,70,8,15,Our World in Data / UNAIDS,2026-09-30 02:09:07
2306,HRV,Croatia,2016,0.05574,1332,100,0.0259,8,0.14,68.0,73,8,13,Our World in Data / UNAIDS,2026-09-30 02:09:07
2307,HRV,Croatia,2017,0.05897,1410,100,0.0259,8,0.19,72.0,78,8,13,Our World in Data / UNAIDS,2026-09-30 02:09:07
2308,HRV,Croatia,2018,0.06151,1470,100,0.0259,8,0.15,73.0,81,8,13,Our World in Data / UNAIDS,2026-09-30 02:09:07
2309,HRV,Croatia,2019,0.06349,1518,100,0.0259,8,0.24,76.0,83,8,13,Our World in Data / UNAIDS,2026-09-30 02:09:07
2310,HRV,Croatia,2020,0.065,1554,100,0.0259,8,0.23,77.0,85,8,13,Our World in Data / UNAIDS,2026-09-30 02:09:07
2311,HRV,Croatia,2021,0.0661,1580,100,0.0259,8,0.1,78.0,87,8,13,Our World in Data / UNAIDS,2026-09-30 02:09:07
2312,HRV,Croatia,2022,0.06636,1586,100,0.0259,7,0.1,82.0,87,8,11,Our World in Data / UNAIDS,2026-09-30 02:09:07
2313,HTI,Haiti,1990,2.20586,157327,12000,1.0432,3754,122.65,0.0,8653,900,6193,Our World in Data / UNAIDS,2026-09-30 02:09:07
2314,HTI,Haiti,1991,2.43339,173555,12000,1.0432,4643,122.65,0.0,9546,900,7661,Our World in Data / UNAIDS,2026-09-30 02:09:07
2315,HTI,Haiti,1992,2.58792,184577,12000,1.0432,5538,122.65,0.0,10152,900,9138,Our World in Data / UNAIDS,2026-09-30 02:09:07
2316,HTI,Haiti,1993,2.68878,191770,12000,1.0432,6412,122.65,0.0,10547,900,10579,Our World in Data / UNAIDS,2026-09-30 02:09:07
2317,HTI,Haiti,1994,2.73508,195072,12000,1.0432,7238,122.65,0.0,10729,900,11943,Our World in Data / UNAIDS,2026-09-30 02:09:07
2318,HTI,Haiti,1995,2.74958,196107,12000,1.0432,8008,122.65,0.0,10786,900,13213,Our World in Data / UNAIDS,2026-09-30 02:09:07
2319,HTI,Haiti,1996,2.73075,194764,12000,1.0432,8697,122.65,0.0,10712,900,14351,Our World in Data / UNAIDS,2026-09-30 02:09:07
2320,HTI,Haiti,1997,2.6857,191550,12000,1.0432,9294,122.65,0.0,10535,900,15335,Our World in Data / UNAIDS,2026-09-30 02:09:07
2321,HTI,Haiti,1998,2.62481,187208,12000,1.0432,9788,122.65,0.0,10296,900,16151,Our World in Data / UNAIDS,2026-09-30 02:09:07
2322,HTI,Haiti,1999,2.55209,182021,12000,1.0432,10184,122.65,0.0,10011,900,16804,Our World in Data / UNAIDS,2026-09-30 02:09:07
2323,HTI,Haiti,2000,2.47878,176792,12000,1.0432,10496,122.65,0.0,9724,900,17318,Our World in Data / UNAIDS,2026-09-30 02:09:07
2324,HTI,Haiti,2001,2.40386,171449,12000,1.0432,10711,122.65,0.0,9430,900,17674,Our World in Data / UNAIDS,2026-09-30 02:09:07
2325,HTI,Haiti,2002,2.32291,165675,11000,0.9562,10791,121.19,0.0,9112,825,17805,Our World in Data / UNAIDS,2026-09-30 02:09:07
2326,HTI,Haiti,2003,2.23767,159596,11000,0.9562,10784,118.76,1.0,8778,825,17793,Our World in Data / UNAIDS,2026-09-30 02:09:07
2327,HTI,Haiti,2004,2.15062,153387,10000,0.8693,10690,115.48,1.0,8436,750,17638,Our World in Data / UNAIDS,2026-09-30 02:09:07
2328,HTI,Haiti,2005,2.06785,147484,9700,0.8432,10314,109.4,2.0,8112,728,17017,Our World in Data / UNAIDS,2026-09-30 02:09:07
2329,HTI,Haiti,2006,1.99882,142561,9200,0.7997,9407,97.72,5.0,7841,690,15521,Our World in Data / UNAIDS,2026-09-30 02:09:07
2330,HTI,Haiti,2007,1.94406,138655,8600,0.7476,8375,84.99,7.0,7626,645,13819,Our World in Data / UNAIDS,2026-09-30 02:09:07
2331,HTI,Haiti,2008,1.89843,135401,8400,0.7302,7595,75.52,10.0,7447,630,12531,Our World in Data / UNAIDS,2026-09-30 02:09:07
2332,HTI,Haiti,2009,1.86154,132769,8000,0.6954,6822,66.4,13.0,7302,600,11257,Our World in Data / UNAIDS,2026-09-30 02:09:07
2333,HTI,Haiti,2010,1.82471,130143,8200,0.7128,6757,64.96,13.0,7158,615,11150,Our World in Data / UNAIDS,2026-09-30 02:09:07
2334,HTI,Haiti,2011,1.78562,127355,7700,0.6694,6866,65.86,16.0,7005,578,11330,Our World in Data / UNAIDS,2026-09-30 02:09:07
2335,HTI,Haiti,2012,1.7493,124764,7100,0.6172,6253,59.02,20.0,6862,532,10317,Our World in Data / UNAIDS,2026-09-30 02:09:07
2336,HTI,Haiti,2013,1.72055,122714,7200,0.6259,5623,52.69,25.0,6749,540,9278,Our World in Data / UNAIDS,2026-09-30 02:09:07
2337,HTI,Haiti,2014,1.69537,120918,7100,0.6172,5225,48.81,29.0,6650,532,8622,Our World in Data / UNAIDS,2026-09-30 02:09:07
2338,HTI,Haiti,2015,1.67428,119414,7200,0.6259,5001,46.69,32.0,6568,540,8251,Our World in Data / UNAIDS,2026-09-30 02:09:07
2339,HTI,Haiti,2016,1.65593,118105,7600,0.6607,5187,48.26,30.0,6496,570,8559,Our World in Data / UNAIDS,2026-09-30 02:09:07
2340,HTI,Haiti,2017,1.65664,118155,7900,0.6867,4184,39.95,49.0,6499,592,6904,Our World in Data / UNAIDS,2026-09-30 02:09:07
2341,HTI,Haiti,2018,1.66046,118428,7100,0.6172,2935,28.94,49.0,6514,532,4843,Our World in Data / UNAIDS,2026-09-30 02:09:07
2342,HTI,Haiti,2019,1.67229,119272,7400,0.6433,2384,24.23,63.0,6560,555,3934,Our World in Data / UNAIDS,2026-09-30 02:09:07
2343,HTI,Haiti,2020,1.67941,119779,7000,0.6085,1754,18.08,77.0,6588,525,2894,Our World in Data / UNAIDS,2026-09-30 02:09:07
2344,HTI,Haiti,2021,1.67887,119741,6600,0.5737,1416,14.77,78.0,6586,495,2337,Our World in Data / UNAIDS,2026-09-30 02:09:07
2345,HTI,Haiti,2022,1.67749,119643,6700,0.5824,1321,14.77,81.0,6580,502,2180,Our World in Data / UNAIDS,2026-09-30 02:09:07
2346,HUN,Hungary,2000,0.24165,14391,1650,0.1718,389,0.15,0.0,792,124,642,Our World in Data / UNAIDS,2026-09-30 02:09:07
2347,HUN,Hungary,2001,0.25329,15084,1700,0.177,363,0.09,0.0,830,128,599,Our World in Data / UNAIDS,2026-09-30 02:09:07
2348,HUN,Hungary,2002,0.27393,16313,1700,0.177,349,0.08,0.0,897,128,575,Our World in Data / UNAIDS,2026-09-30 02:09:07
2349,HUN,Hungary,2003,0.30624,18237,1700,0.177,386,0.08,1.5,1003,128,636,Our World in Data / UNAIDS,2026-09-30 02:09:07
2350,HUN,Hungary,2004,0.31623,18832,1550,0.1614,445,0.12,3.0,1036,116,735,Our World in Data / UNAIDS,2026-09-30 02:09:07
2351,HUN,Hungary,2005,0.31956,19030,1500,0.1562,400,0.06,6.5,1047,112,660,Our World in Data / UNAIDS,2026-09-30 02:09:07
2352,HUN,Hungary,2006,0.32438,19317,1450,0.151,432,0.05,9.5,1062,109,712,Our World in Data / UNAIDS,2026-09-30 02:09:07
2353,HUN,Hungary,2007,0.3304,19676,1300,0.1353,566,0.09,13.0,1082,98,934,Our World in Data / UNAIDS,2026-09-30 02:09:07
2354,HUN,Hungary,2008,0.33243,19797,1250,0.1301,534,0.04,17.0,1089,94,880,Our World in Data / UNAIDS,2026-09-30 02:09:07
2355,HUN,Hungary,2009,0.32959,19627,1300,0.1353,470,0.09,21.0,1079,98,776,Our World in Data / UNAIDS,2026-09-30 02:09:07
2356,HUN,Hungary,2010,0.33193,19767,1300,0.1353,452,0.1,24.9444,1087,98,746,Our World in Data / UNAIDS,2026-09-30 02:09:07
2357,HUN,Hungary,2011,0.34874,20768,1250,0.1301,468,0.12,28.0,1142,94,772,Our World in Data / UNAIDS,2026-09-30 02:09:07
2358,HUN,Hungary,2012,0.36233,21577,1250,0.1301,487,0.08,31.0,1187,94,803,Our World in Data / UNAIDS,2026-09-30 02:09:07
2359,HUN,Hungary,2013,0.36732,21874,1300,0.1353,517,0.07,35.0,1203,98,853,Our World in Data / UNAIDS,2026-09-30 02:09:07
2360,HUN,Hungary,2014,0.36172,21541,1200,0.1249,449,0.15,37.0,1185,90,741,Our World in Data / UNAIDS,2026-09-30 02:09:07
2361,HUN,Hungary,2015,0.36479,21724,1250,0.1301,430,0.11,41.0,1195,94,709,Our World in Data / UNAIDS,2026-09-30 02:09:07
2362,HUN,Hungary,2016,0.37443,22298,1200,0.1249,442,0.09,45.5,1226,90,730,Our World in Data / UNAIDS,2026-09-30 02:09:07
2363,HUN,Hungary,2017,0.36894,21971,1200,0.1249,424,0.08,50.5,1208,90,699,Our World in Data / UNAIDS,2026-09-30 02:09:07
2364,HUN,Hungary,2018,0.36413,21684,1200,0.1249,381,0.09,54.0,1193,90,629,Our World in Data / UNAIDS,2026-09-30 02:09:07
2365,HUN,Hungary,2019,0.37023,22047,1200,0.1249,357,0.14,59.0,1213,90,589,Our World in Data / UNAIDS,2026-09-30 02:09:07
2366,HUN,Hungary,2020,0.39803,23703,1250,0.1301,369,0.06,61.5,1304,94,609,Our World in Data / UNAIDS,2026-09-30 02:09:07
2367,HUN,Hungary,2021,0.40203,23941,1300,0.1353,371,0.1,64.5,1317,98,613,Our World in Data / UNAIDS,2026-09-30 02:09:07
2368,IDN,Indonesia,1990,0.00028,484,17000,0.061,4,0.56,0.0,27,1275,6,Our World in Data / UNAIDS,2026-09-30 02:09:07
2369,IDN,Indonesia,1991,0.0005,864,17000,0.061,7,0.56,0.0,48,1275,11,Our World in Data / UNAIDS,2026-09-30 02:09:07
2370,IDN,Indonesia,1992,0.00088,1521,17000,0.061,13,0.56,0.0,84,1275,21,Our World in Data / UNAIDS,2026-09-30 02:09:07
2371,IDN,Indonesia,1993,0.00148,2559,17000,0.061,23,0.56,0.0,141,1275,38,Our World in Data / UNAIDS,2026-09-30 02:09:07
2372,IDN,Indonesia,1994,0.00244,4218,17000,0.061,41,0.56,0.0,232,1275,67,Our World in Data / UNAIDS,2026-09-30 02:09:07
2373,IDN,Indonesia,1995,0.00395,6829,17000,0.061,70,0.56,0.0,376,1275,116,Our World in Data / UNAIDS,2026-09-30 02:09:07
2374,IDN,Indonesia,1996,0.00623,10770,17000,0.061,118,0.56,0.0,592,1275,194,Our World in Data / UNAIDS,2026-09-30 02:09:07
2375,IDN,Indonesia,1997,0.00964,16665,17000,0.061,194,0.56,0.0,917,1275,319,Our World in Data / UNAIDS,2026-09-30 02:09:07
2376,IDN,Indonesia,1998,0.01459,25222,17000,0.061,311,0.56,0.0,1387,1275,513,Our World in Data / UNAIDS,2026-09-30 02:09:07
2377,IDN,Indonesia,1999,0.02182,37721,17000,0.061,489,0.56,0.0,2075,1275,807,Our World in Data / UNAIDS,2026-09-30 02:09:07
2378,IDN,Indonesia,2000,0.03492,60368,17000,0.061,769,0.56,0.0,3320,1275,1269,Our World in Data / UNAIDS,2026-09-30 02:09:07
2379,IDN,Indonesia,2001,0.06013,103950,33000,0.1184,1237,0.83,0.0,5717,2475,2042,Our World in Data / UNAIDS,2026-09-30 02:09:07
2380,IDN,Indonesia,2002,0.09087,157091,42000,0.1506,1993,1.21,0.0,8640,3150,3288,Our World in Data / UNAIDS,2026-09-30 02:09:07
2381,IDN,Indonesia,2003,0.1195,206586,42000,0.1506,3053,1.72,0.0,11362,3150,5037,Our World in Data / UNAIDS,2026-09-30 02:09:07
2382,IDN,Indonesia,2004,0.14895,257497,46000,0.165,4419,2.35,0.0,14162,3450,7291,Our World in Data / UNAIDS,2026-09-30 02:09:07
2383,IDN,Indonesia,2005,0.17905,309533,50000,0.1793,6065,3.08,0.0,17024,3750,10007,Our World in Data / UNAIDS,2026-09-30 02:09:07
2384,IDN,Indonesia,2006,0.20788,359372,51000,0.1829,7613,3.69,2.0,19765,3825,12561,Our World in Data / UNAIDS,2026-09-30 02:09:07
2385,IDN,Indonesia,2007,0.2339,404354,49000,0.1757,9080,4.28,2.0,22239,3675,14983,Our World in Data / UNAIDS,2026-09-30 02:09:07
2386,IDN,Indonesia,2008,0.25729,444790,49000,0.1757,11001,5.09,3.0,24463,3675,18152,Our World in Data / UNAIDS,2026-09-30 02:09:07
2387,IDN,Indonesia,2009,0.27924,482736,49000,0.1757,12861,5.82,4.0,26550,3675,21221,Our World in Data / UNAIDS,2026-09-30 02:09:07
2388,IDN,Indonesia,2010,0.29935,517501,49000,0.1757,14846,6.59,5.0,28463,3675,24496,Our World in Data / UNAIDS,2026-09-30 02:09:07
2389,IDN,Indonesia,2011,0.31683,547720,49000,0.1757,17418,7.56,6.0,30125,3675,28740,Our World in Data / UNAIDS,2026-09-30 02:09:07
2390,IDN,Indonesia,2012,0.33141,572925,48000,0.1721,19812,8.43,7.0,31511,3600,32690,Our World in Data / UNAIDS,2026-09-30 02:09:07
2391,IDN,Indonesia,2013,0.34281,592633,45000,0.1614,22070,9.22,8.0,32595,3375,36416,Our World in Data / UNAIDS,2026-09-30 02:09:07
2392,IDN,Indonesia,2014,0.35163,607880,43000,0.1542,23913,9.78,10.0,33433,3225,39457,Our World in Data / UNAIDS,2026-09-30 02:09:07
2393,IDN,Indonesia,2015,0.35836,619515,41000,0.147,25052,10.06,12.0,34073,3075,41335,Our World in Data / UNAIDS,2026-09-30 02:09:07
2394,IDN,Indonesia,2016,0.36318,627847,39000,0.1399,25865,10.23,14.0,34532,2925,42678,Our World in Data / UNAIDS,2026-09-30 02:09:07
2395,IDN,Indonesia,2017,0.36657,633708,38000,0.1363,26389,10.32,16.0,34854,2850,43541,Our World in Data / UNAIDS,2026-09-30 02:09:07
2396,IDN,Indonesia,2018,0.36851,637061,36000,0.1291,26754,10.32,19.0,35038,2700,44144,Our World in Data / UNAIDS,2026-09-30 02:09:07
2397,IDN,Indonesia,2019,0.36906,638012,34000,0.1219,26707,10.13,22.0,35091,2550,44066,Our World in Data / UNAIDS,2026-09-30 02:09:07
2398,IDN,Indonesia,2020,0.36835,636785,32000,0.1148,26669,9.88,25.0,35023,2400,44003,Our World in Data / UNAIDS,2026-09-30 02:09:07
2399,IDN,Indonesia,2021,0.36636,633345,31000,0.1112,26987,8.58,27.0,34834,2325,44529,Our World in Data / UNAIDS,2026-09-30 02:09:07
2400,IDN,Indonesia,2022,0.36301,627553,29000,0.104,27160,8.58,29.0,34515,2175,44814,Our World in Data / UNAIDS,2026-09-30 02:09:07
2401,IND,India,2000,0.24165,2135612,1650,0.0012,389,21.05,65.0,117459,124,642,Our World in Data / UNAIDS,2026-09-30 02:09:07
2402,IND,India,2001,0.25329,2238482,1700,0.0012,363,22.63,65.0,123117,128,599,Our World in Data / UNAIDS,2026-09-30 02:09:07
2403,IND,India,2002,0.27393,2420846,1700,0.0012,349,23.77,65.0,133147,128,575,Our World in Data / UNAIDS,2026-09-30 02:09:07
2404,IND,India,2003,0.30624,2706390,1700,0.0012,386,24.59,65.0,148851,128,636,Our World in Data / UNAIDS,2026-09-30 02:09:07
2405,IND,India,2004,0.31623,2794678,1550,0.0011,445,24.81,65.0,153707,116,735,Our World in Data / UNAIDS,2026-09-30 02:09:07
2406,IND,India,2005,0.31956,2824107,1500,0.0011,400,24.14,65.0,155326,112,660,Our World in Data / UNAIDS,2026-09-30 02:09:07
2407,IND,India,2006,0.32438,2866704,1450,0.001,432,22.82,65.0,157669,109,712,Our World in Data / UNAIDS,2026-09-30 02:09:07
2408,IND,India,2007,0.3304,2919907,1300,0.0009,566,20.67,65.0,160595,98,934,Our World in Data / UNAIDS,2026-09-30 02:09:07
2409,IND,India,2008,0.33243,2937891,1250,0.0009,534,18.02,65.0,161584,94,880,Our World in Data / UNAIDS,2026-09-30 02:09:07
2410,IND,India,2009,0.32959,2912748,1300,0.0009,470,15.66,65.0,160201,98,776,Our World in Data / UNAIDS,2026-09-30 02:09:07
2411,IND,India,2010,0.33193,2933428,1300,0.0009,452,13.63,65.0,161339,98,746,Our World in Data / UNAIDS,2026-09-30 02:09:07
2412,IND,India,2011,0.34874,3082033,1250,0.0009,468,11.82,65.0,169512,94,772,Our World in Data / UNAIDS,2026-09-30 02:09:07
2413,IND,India,2012,0.36233,3202092,1250,0.0009,487,10.31,65.0,176115,94,803,Our World in Data / UNAIDS,2026-09-30 02:09:07
2414,IND,India,2013,0.36732,3246236,1300,0.0009,517,8.66,65.0,178543,98,853,Our World in Data / UNAIDS,2026-09-30 02:09:07
2415,IND,India,2014,0.36172,3196701,1200,0.0008,449,7.64,65.0,175819,90,741,Our World in Data / UNAIDS,2026-09-30 02:09:07
2416,IND,India,2015,0.36479,3223877,1250,0.0009,430,7.23,65.0,177313,94,709,Our World in Data / UNAIDS,2026-09-30 02:09:07
2417,IND,India,2016,0.37443,3309072,1200,0.0008,442,6.42,65.0,181999,90,730,Our World in Data / UNAIDS,2026-09-30 02:09:07
2418,IND,India,2017,0.36894,3260509,1200,0.0008,424,5.62,65.0,179328,90,699,Our World in Data / UNAIDS,2026-09-30 02:09:07
2419,IND,India,2018,0.36413,3218000,1200,0.0008,381,4.54,65.0,176990,90,629,Our World in Data / UNAIDS,2026-09-30 02:09:07
2420,IND,India,2019,0.37023,3271909,1200,0.0008,357,3.25,65.0,179955,90,589,Our World in Data / UNAIDS,2026-09-30 02:09:07
2421,IND,India,2020,0.39803,3517639,1250,0.0009,369,2.9,65.0,193470,94,609,Our World in Data / UNAIDS,2026-09-30 02:09:07
2422,IND,India,2021,0.40203,3552946,1300,0.0009,371,3.19,65.0,195412,98,613,Our World in Data / UNAIDS,2026-09-30 02:09:07
2423,IND,India,2022,0.40563,3584805,1200,0.0008,355,3.19,65.0,197164,90,585,Our World in Data / UNAIDS,2026-09-30 02:09:07
2424,IRL,Ireland,1990,0.02693,870,500,0.0959,14,0.18,40.0,48,38,23,Our World in Data / UNAIDS,2026-09-30 02:09:07
2425,IRL,Ireland,1991,0.03264,1055,500,0.0959,19,0.18,40.0,58,38,32,Our World in Data / UNAIDS,2026-09-30 02:09:07
2426,IRL,Ireland,1992,0.0383,1238,500,0.0959,26,0.18,40.0,68,38,42,Our World in Data / UNAIDS,2026-09-30 02:09:07
2427,IRL,Ireland,1993,0.04384,1417,500,0.0959,33,0.18,40.0,78,38,54,Our World in Data / UNAIDS,2026-09-30 02:09:07
2428,IRL,Ireland,1994,0.04932,1594,500,0.0959,40,0.18,40.0,88,38,66,Our World in Data / UNAIDS,2026-09-30 02:09:07
2429,IRL,Ireland,1995,0.05479,1771,500,0.0959,49,0.18,40.0,97,38,81,Our World in Data / UNAIDS,2026-09-30 02:09:07
2430,IRL,Ireland,1996,0.0611,1975,500,0.0959,41,0.18,40.0,109,38,68,Our World in Data / UNAIDS,2026-09-30 02:09:07
2431,IRL,Ireland,1997,0.06824,2205,500,0.0959,27,0.18,40.0,121,38,44,Our World in Data / UNAIDS,2026-09-30 02:09:07
2432,IRL,Ireland,1998,0.07607,2459,500,0.0959,16,0.18,40.0,135,38,27,Our World in Data / UNAIDS,2026-09-30 02:09:07
2433,IRL,Ireland,1999,0.08402,2715,500,0.0959,10,0.18,40.0,149,38,16,Our World in Data / UNAIDS,2026-09-30 02:09:07
2434,IRL,Ireland,2000,0.09192,2971,500,0.0959,8,0.18,40.0,163,38,14,Our World in Data / UNAIDS,2026-09-30 02:09:07
2435,IRL,Ireland,2001,0.09976,3224,500,0.0959,8,0.22,45.0,177,38,14,Our World in Data / UNAIDS,2026-09-30 02:09:07
2436,IRL,Ireland,2002,0.10722,3465,500,0.0959,9,0.26,48.0,191,38,14,Our World in Data / UNAIDS,2026-09-30 02:09:07
2437,IRL,Ireland,2003,0.11459,3704,500,0.0959,9,0.17,52.0,204,38,14,Our World in Data / UNAIDS,2026-09-30 02:09:07
2438,IRL,Ireland,2004,0.12199,3943,500,0.0959,9,0.23,54.0,217,38,15,Our World in Data / UNAIDS,2026-09-30 02:09:07
2439,IRL,Ireland,2005,0.12899,4169,500,0.0959,10,0.23,55.0,229,38,16,Our World in Data / UNAIDS,2026-09-30 02:09:07
2440,IRL,Ireland,2006,0.1354,4376,500,0.0959,11,0.24,56.0,241,38,18,Our World in Data / UNAIDS,2026-09-30 02:09:07
2441,IRL,Ireland,2007,0.14167,4579,500,0.0959,13,0.35,57.0,252,38,21,Our World in Data / UNAIDS,2026-09-30 02:09:07
2442,IRL,Ireland,2008,0.14863,4804,500,0.0959,14,0.32,58.0,264,38,23,Our World in Data / UNAIDS,2026-09-30 02:09:07
2443,IRL,Ireland,2009,0.15634,5053,500,0.0959,15,0.36,59.0,278,38,25,Our World in Data / UNAIDS,2026-09-30 02:09:07
2444,IRL,Ireland,2010,0.16483,5327,500,0.0959,16,0.31,61.0,293,38,26,Our World in Data / UNAIDS,2026-09-30 02:09:07
2445,IRL,Ireland,2011,0.17289,5588,500,0.0959,14,0.31,64.0,307,38,23,Our World in Data / UNAIDS,2026-09-30 02:09:07
2446,IRL,Ireland,2012,0.18126,5858,500,0.0959,11,0.26,67.0,322,38,17,Our World in Data / UNAIDS,2026-09-30 02:09:07
2447,IRL,Ireland,2013,0.18812,6080,500,0.0959,10,0.22,70.0,334,38,16,Our World in Data / UNAIDS,2026-09-30 02:09:07
2448,IRL,Ireland,2014,0.19323,6245,500,0.0959,9,0.17,73.0,343,38,15,Our World in Data / UNAIDS,2026-09-30 02:09:07
2449,IRL,Ireland,2015,0.19775,6391,500,0.0959,9,0.17,75.0,352,38,15,Our World in Data / UNAIDS,2026-09-30 02:09:07
2450,IRL,Ireland,2016,0.20121,6503,500,0.0959,9,0.18,77.0,358,38,15,Our World in Data / UNAIDS,2026-09-30 02:09:07
2451,IRL,Ireland,2017,0.2031,6564,500,0.0959,10,0.17,79.0,361,38,17,Our World in Data / UNAIDS,2026-09-30 02:09:07
2452,IRL,Ireland,2018,0.20434,6604,500,0.0959,11,0.11,80.0,363,38,19,Our World in Data / UNAIDS,2026-09-30 02:09:07
2453,IRL,Ireland,2019,0.20305,6562,500,0.0959,12,0.12,84.0,361,38,19,Our World in Data / UNAIDS,2026-09-30 02:09:07
2454,IRL,Ireland,2020,0.20318,6567,500,0.0959,11,0.14,86.0,361,38,18,Our World in Data / UNAIDS,2026-09-30 02:09:07
2455,IRL,Ireland,2021,0.20135,6508,200,0.0384,11,0.13,86.0,358,15,18,Our World in Data / UNAIDS,2026-09-30 02:09:07
2456,IRL,Ireland,2022,0.20513,6630,200,0.0384,11,0.13,90.0,365,15,19,Our World in Data / UNAIDS,2026-09-30 02:09:07
2457,IRN,Iran,2000,0.24165,134128,1650,0.0184,389,0.67,0.0,7377,124,642,Our World in Data / UNAIDS,2026-09-30 02:09:07
2458,IRN,Iran,2001,0.25329,140589,1700,0.019,363,0.87,0.0,7732,128,599,Our World in Data / UNAIDS,2026-09-30 02:09:07
2459,IRN,Iran,2002,0.27393,152042,1700,0.019,349,1.15,0.0,8362,128,575,Our World in Data / UNAIDS,2026-09-30 02:09:07
2460,IRN,Iran,2003,0.30624,169976,1700,0.019,386,1.45,1.5,9349,128,636,Our World in Data / UNAIDS,2026-09-30 02:09:07
2461,IRN,Iran,2004,0.31623,175521,1550,0.0173,445,1.82,3.0,9654,116,735,Our World in Data / UNAIDS,2026-09-30 02:09:07
2462,IRN,Iran,2005,0.31956,177369,1500,0.0168,400,2.22,6.5,9755,112,660,Our World in Data / UNAIDS,2026-09-30 02:09:07
2463,IRN,Iran,2006,0.32438,180044,1450,0.0162,432,2.63,9.5,9902,109,712,Our World in Data / UNAIDS,2026-09-30 02:09:07
2464,IRN,Iran,2007,0.3304,183386,1300,0.0145,566,3.05,13.0,10086,98,934,Our World in Data / UNAIDS,2026-09-30 02:09:07
2465,IRN,Iran,2008,0.33243,184515,1250,0.014,534,3.42,17.0,10148,94,880,Our World in Data / UNAIDS,2026-09-30 02:09:07
2466,IRN,Iran,2009,0.32959,182936,1300,0.0145,470,3.73,21.0,10061,98,776,Our World in Data / UNAIDS,2026-09-30 02:09:07
2467,IRN,Iran,2010,0.33193,184235,1300,0.0145,452,3.98,24.9444,10133,98,746,Our World in Data / UNAIDS,2026-09-30 02:09:07
2468,IRN,Iran,2011,0.34874,193568,1250,0.014,468,4.18,28.0,10646,94,772,Our World in Data / UNAIDS,2026-09-30 02:09:07
2469,IRN,Iran,2012,0.36233,201109,1250,0.014,487,4.24,31.0,11061,94,803,Our World in Data / UNAIDS,2026-09-30 02:09:07
2470,IRN,Iran,2013,0.36732,203881,1300,0.0145,517,4.18,35.0,11213,98,853,Our World in Data / UNAIDS,2026-09-30 02:09:07
2471,IRN,Iran,2014,0.36172,200770,1200,0.0134,449,4.02,37.0,11042,90,741,Our World in Data / UNAIDS,2026-09-30 02:09:07
2472,IRN,Iran,2015,0.36479,202477,1250,0.014,430,3.81,41.0,11136,94,709,Our World in Data / UNAIDS,2026-09-30 02:09:07
2473,IRN,Iran,2016,0.37443,207827,1200,0.0134,442,3.56,45.5,11430,90,730,Our World in Data / UNAIDS,2026-09-30 02:09:07
2474,IRN,Iran,2017,0.36894,204777,1200,0.0134,424,3.22,50.5,11263,90,699,Our World in Data / UNAIDS,2026-09-30 02:09:07
2475,IRN,Iran,2018,0.36413,202108,1200,0.0134,381,2.91,54.0,11116,90,629,Our World in Data / UNAIDS,2026-09-30 02:09:07
2476,IRN,Iran,2019,0.37023,205494,1200,0.0134,357,2.71,59.0,11302,90,589,Our World in Data / UNAIDS,2026-09-30 02:09:07
2477,IRN,Iran,2020,0.39803,220927,1250,0.014,369,2.66,61.5,12151,94,609,Our World in Data / UNAIDS,2026-09-30 02:09:07
2478,IRN,Iran,2021,0.40203,223144,1300,0.0145,371,2.7,64.5,12273,98,613,Our World in Data / UNAIDS,2026-09-30 02:09:07
2479,IRQ,Iraq,1990,0.00033,90,100,0.0023,1,0.13,37.0,5,8,2,Our World in Data / UNAIDS,2026-09-30 02:09:07
2480,IRQ,Iraq,1991,0.00041,112,100,0.0023,1,0.13,37.0,6,8,2,Our World in Data / UNAIDS,2026-09-30 02:09:07
2481,IRQ,Iraq,1992,0.0005,137,100,0.0023,2,0.13,37.0,8,8,3,Our World in Data / UNAIDS,2026-09-30 02:09:07
2482,IRQ,Iraq,1993,0.00062,169,100,0.0023,2,0.13,37.0,9,8,3,Our World in Data / UNAIDS,2026-09-30 02:09:07
2483,IRQ,Iraq,1994,0.00075,205,100,0.0023,3,0.13,37.0,11,8,5,Our World in Data / UNAIDS,2026-09-30 02:09:07
2484,IRQ,Iraq,1995,0.00092,251,100,0.0023,3,0.13,37.0,14,8,6,Our World in Data / UNAIDS,2026-09-30 02:09:07
2485,IRQ,Iraq,1996,0.0011,301,100,0.0023,4,0.13,37.0,17,8,7,Our World in Data / UNAIDS,2026-09-30 02:09:07
2486,IRQ,Iraq,1997,0.0013,355,100,0.0023,6,0.13,37.0,20,8,9,Our World in Data / UNAIDS,2026-09-30 02:09:07
2487,IRQ,Iraq,1998,0.00153,418,100,0.0023,7,0.13,37.0,23,8,11,Our World in Data / UNAIDS,2026-09-30 02:09:07
2488,IRQ,Iraq,1999,0.00178,486,100,0.0023,8,0.13,37.0,27,8,14,Our World in Data / UNAIDS,2026-09-30 02:09:07
2489,IRQ,Iraq,2000,0.00208,568,100,0.0023,7,0.13,37.0,31,8,12,Our World in Data / UNAIDS,2026-09-30 02:09:07
2490,IRQ,Iraq,2001,0.00241,659,100,0.0023,6,0.12,32.0,36,8,10,Our World in Data / UNAIDS,2026-09-30 02:09:07
2491,IRQ,Iraq,2002,0.00277,757,100,0.0023,6,0.13,29.0,42,8,11,Our World in Data / UNAIDS,2026-09-30 02:09:07
2492,IRQ,Iraq,2003,0.00312,853,100,0.0023,7,0.15,27.0,47,8,12,Our World in Data / UNAIDS,2026-09-30 02:09:07
2493,IRQ,Iraq,2004,0.00346,945,100,0.0023,8,0.17,24.0,52,8,14,Our World in Data / UNAIDS,2026-09-30 02:09:07
2494,IRQ,Iraq,2005,0.00378,1033,100,0.0023,10,0.19,24.0,57,8,16,Our World in Data / UNAIDS,2026-09-30 02:09:07
2495,IRQ,Iraq,2006,0.00406,1109,100,0.0023,11,0.21,23.0,61,8,18,Our World in Data / UNAIDS,2026-09-30 02:09:07
2496,IRQ,Iraq,2007,0.00431,1178,100,0.0023,12,0.22,23.0,65,8,20,Our World in Data / UNAIDS,2026-09-30 02:09:07
2497,IRQ,Iraq,2008,0.00451,1232,100,0.0023,14,0.21,21.0,68,8,23,Our World in Data / UNAIDS,2026-09-30 02:09:07
2498,IRQ,Iraq,2009,0.00466,1273,100,0.0023,18,0.22,21.0,70,8,30,Our World in Data / UNAIDS,2026-09-30 02:09:07
2499,IRQ,Iraq,2010,0.00474,1295,100,0.0023,24,0.22,20.0,71,8,39,Our World in Data / UNAIDS,2026-09-30 02:09:07
2500,IRQ,Iraq,2011,0.00475,1298,100,0.0023,30,0.22,21.0,71,8,49,Our World in Data / UNAIDS,2026-09-30 02:09:07
2501,IRQ,Iraq,2012,0.00472,1290,100,0.0023,35,0.22,21.0,71,8,58,Our World in Data / UNAIDS,2026-09-30 02:09:07
2502,IRQ,Iraq,2013,0.00465,1271,100,0.0023,40,0.22,23.0,70,8,66,Our World in Data / UNAIDS,2026-09-30 02:09:07
2503,IRQ,Iraq,2014,0.00457,1249,100,0.0023,43,0.21,24.0,69,8,72,Our World in Data / UNAIDS,2026-09-30 02:09:07
2504,IRQ,Iraq,2015,0.00452,1235,100,0.0023,45,0.21,27.0,68,8,74,Our World in Data / UNAIDS,2026-09-30 02:09:07
2505,IRQ,Iraq,2016,0.00452,1235,100,0.0023,44,0.21,31.0,68,8,72,Our World in Data / UNAIDS,2026-09-30 02:09:07
2506,IRQ,Iraq,2017,0.00463,1265,200,0.0045,40,0.2,39.0,70,15,66,Our World in Data / UNAIDS,2026-09-30 02:09:07
2507,IRQ,Iraq,2018,0.00487,1331,200,0.0045,36,0.2,42.0,73,15,59,Our World in Data / UNAIDS,2026-09-30 02:09:07
2508,IRQ,Iraq,2019,0.00529,1445,200,0.0045,34,0.21,44.0,79,15,57,Our World in Data / UNAIDS,2026-09-30 02:09:07
2509,IRQ,Iraq,2020,0.00593,1620,500,0.0113,34,0.23,44.0,89,38,56,Our World in Data / UNAIDS,2026-09-30 02:09:07
2510,IRQ,Iraq,2021,0.00688,1880,500,0.0113,36,0.25,49.0,103,38,59,Our World in Data / UNAIDS,2026-09-30 02:09:07
2511,IRQ,Iraq,2022,0.00822,2246,500,0.0113,36,0.25,55.0,124,38,60,Our World in Data / UNAIDS,2026-09-30 02:09:07
2512,ISL,Iceland,1990,0.03996,95,100,0.2618,3,0.47,31.0,5,8,5,Our World in Data / UNAIDS,2026-09-30 02:09:07
2513,ISL,Iceland,1991,0.04217,100,100,0.2618,4,0.47,31.0,6,8,6,Our World in Data / UNAIDS,2026-09-30 02:09:07
2514,ISL,Iceland,1992,0.04434,105,100,0.2618,4,0.47,31.0,6,8,7,Our World in Data / UNAIDS,2026-09-30 02:09:07
2515,ISL,Iceland,1993,0.04637,110,100,0.2618,4,0.47,31.0,6,8,7,Our World in Data / UNAIDS,2026-09-30 02:09:07
2516,ISL,Iceland,1994,0.04818,114,100,0.2618,5,0.47,31.0,6,8,8,Our World in Data / UNAIDS,2026-09-30 02:09:07
2517,ISL,Iceland,1995,0.04987,118,100,0.2618,5,0.47,31.0,6,8,8,Our World in Data / UNAIDS,2026-09-30 02:09:07
2518,ISL,Iceland,1996,0.05155,122,100,0.2618,5,0.47,31.0,7,8,9,Our World in Data / UNAIDS,2026-09-30 02:09:07
2519,ISL,Iceland,1997,0.05316,126,100,0.2618,6,0.47,31.0,7,8,10,Our World in Data / UNAIDS,2026-09-30 02:09:07
2520,ISL,Iceland,1998,0.056,133,100,0.2618,4,0.47,31.0,7,8,7,Our World in Data / UNAIDS,2026-09-30 02:09:07
2521,ISL,Iceland,1999,0.0602,143,100,0.2618,2,0.47,31.0,8,8,4,Our World in Data / UNAIDS,2026-09-30 02:09:07
2522,ISL,Iceland,2000,0.06499,154,100,0.2618,1,0.47,31.0,8,8,2,Our World in Data / UNAIDS,2026-09-30 02:09:07
2523,ISL,Iceland,2001,0.06985,165,100,0.2618,1,0.33,37.0,9,8,1,Our World in Data / UNAIDS,2026-09-30 02:09:07
2524,ISL,Iceland,2002,0.07452,176,100,0.2618,1,0.22,43.0,10,8,1,Our World in Data / UNAIDS,2026-09-30 02:09:07
2525,ISL,Iceland,2003,0.07902,187,100,0.2618,1,0.11,48.0,10,8,1,Our World in Data / UNAIDS,2026-09-30 02:09:07
2526,ISL,Iceland,2004,0.08358,198,100,0.2618,1,0.12,51.0,11,8,1,Our World in Data / UNAIDS,2026-09-30 02:09:07
2527,ISL,Iceland,2005,0.08651,205,100,0.2618,1,0.47,54.0,11,8,1,Our World in Data / UNAIDS,2026-09-30 02:09:07
2528,ISL,Iceland,2006,0.08866,210,100,0.2618,1,0.36,57.0,12,8,1,Our World in Data / UNAIDS,2026-09-30 02:09:07
2529,ISL,Iceland,2007,0.09064,215,100,0.2618,1,0.35,59.0,12,8,1,Our World in Data / UNAIDS,2026-09-30 02:09:07
2530,ISL,Iceland,2008,0.09306,220,100,0.2618,1,0.1,61.0,12,8,1,Our World in Data / UNAIDS,2026-09-30 02:09:07
2531,ISL,Iceland,2009,0.09551,226,100,0.2618,1,0.12,64.0,12,8,1,Our World in Data / UNAIDS,2026-09-30 02:09:07
2532,ISL,Iceland,2010,0.0983,233,100,0.2618,1,0.23,66.0,13,8,1,Our World in Data / UNAIDS,2026-09-30 02:09:07
2533,ISL,Iceland,2011,0.10088,239,100,0.2618,0,0.1,68.0,13,8,1,Our World in Data / UNAIDS,2026-09-30 02:09:07
2534,ISL,Iceland,2012,0.10335,245,100,0.2618,1,0.2,69.0,13,8,1,Our World in Data / UNAIDS,2026-09-30 02:09:07
2535,ISL,Iceland,2013,0.10569,250,100,0.2618,1,0.21,70.0,14,8,1,Our World in Data / UNAIDS,2026-09-30 02:09:07
2536,ISL,Iceland,2014,0.10797,256,100,0.2618,1,0.21,70.0,14,8,1,Our World in Data / UNAIDS,2026-09-30 02:09:07
2537,ISL,Iceland,2015,0.10986,260,100,0.2618,1,0.1,71.0,14,8,1,Our World in Data / UNAIDS,2026-09-30 02:09:07
2538,ISL,Iceland,2016,0.11018,261,100,0.2618,1,0.2876,71.0,14,8,2,Our World in Data / UNAIDS,2026-09-30 02:09:07
2539,ISL,Iceland,2017,0.10832,257,100,0.2618,1,0.263,77.0,14,8,2,Our World in Data / UNAIDS,2026-09-30 02:09:07
2540,ISL,Iceland,2018,0.10754,255,100,0.2618,1,0.09,82.0,14,8,1,Our World in Data / UNAIDS,2026-09-30 02:09:07
2541,ISL,Iceland,2019,0.10707,254,100,0.2618,1,0.18,84.0,14,8,1,Our World in Data / UNAIDS,2026-09-30 02:09:07
2542,ISL,Iceland,2020,0.10861,257,100,0.2618,1,0.31,85.0,14,8,1,Our World in Data / UNAIDS,2026-09-30 02:09:07
2543,ISL,Iceland,2021,0.10992,260,100,0.2618,1,0.29,84.0,14,8,1,Our World in Data / UNAIDS,2026-09-30 02:09:07
2544,ISL,Iceland,2022,0.11045,262,100,0.2618,1,0.29,82.0,14,8,1,Our World in Data / UNAIDS,2026-09-30 02:09:07
2545,ISR,Israel,2000,0.24165,14319,1650,0.1726,389,0.42,0.0,788,124,642,Our World in Data / UNAIDS,2026-09-30 02:09:07
2546,ISR,Israel,2001,0.25329,15009,1700,0.1779,363,0.47,0.0,825,128,599,Our World in Data / UNAIDS,2026-09-30 02:09:07
2547,ISR,Israel,2002,0.27393,16232,1700,0.1779,349,0.42,0.0,893,128,575,Our World in Data / UNAIDS,2026-09-30 02:09:07
2548,ISR,Israel,2003,0.30624,18146,1700,0.1779,386,0.45,1.5,998,128,636,Our World in Data / UNAIDS,2026-09-30 02:09:07
2549,ISR,Israel,2004,0.31623,18738,1550,0.1622,445,0.33,3.0,1031,116,735,Our World in Data / UNAIDS,2026-09-30 02:09:07
2550,ISR,Israel,2005,0.31956,18936,1500,0.1569,400,0.46,6.5,1041,112,660,Our World in Data / UNAIDS,2026-09-30 02:09:07
2551,ISR,Israel,2006,0.32438,19221,1450,0.1517,432,0.38,9.5,1057,109,712,Our World in Data / UNAIDS,2026-09-30 02:09:07
2552,ISR,Israel,2007,0.3304,19578,1300,0.136,566,0.66,13.0,1077,98,934,Our World in Data / UNAIDS,2026-09-30 02:09:07
2553,ISR,Israel,2008,0.33243,19699,1250,0.1308,534,0.39,17.0,1083,94,880,Our World in Data / UNAIDS,2026-09-30 02:09:07
2554,ISR,Israel,2009,0.32959,19530,1300,0.136,470,0.49,21.0,1074,98,776,Our World in Data / UNAIDS,2026-09-30 02:09:07
2555,ISR,Israel,2010,0.33193,19669,1300,0.136,452,0.34,24.9444,1082,98,746,Our World in Data / UNAIDS,2026-09-30 02:09:07
2556,ISR,Israel,2011,0.34874,20665,1250,0.1308,468,0.46,28.0,1137,94,772,Our World in Data / UNAIDS,2026-09-30 02:09:07
2557,ISR,Israel,2012,0.36233,21470,1250,0.1308,487,0.5,31.0,1181,94,803,Our World in Data / UNAIDS,2026-09-30 02:09:07
2558,ISR,Israel,2013,0.36732,21766,1300,0.136,517,0.5,35.0,1197,98,853,Our World in Data / UNAIDS,2026-09-30 02:09:07
2559,ISR,Israel,2014,0.36172,21434,1200,0.1256,449,0.41,37.0,1179,90,741,Our World in Data / UNAIDS,2026-09-30 02:09:07
2560,ISR,Israel,2015,0.36479,21616,1250,0.1308,430,0.42,41.0,1189,94,709,Our World in Data / UNAIDS,2026-09-30 02:09:07
2561,ISR,Israel,2016,0.37443,22187,1200,0.1256,442,0.39,45.5,1220,90,730,Our World in Data / UNAIDS,2026-09-30 02:09:07
2562,ISR,Israel,2017,0.36894,21862,1200,0.1256,424,0.34,50.5,1202,90,699,Our World in Data / UNAIDS,2026-09-30 02:09:07
2563,ISR,Israel,2018,0.36413,21577,1200,0.1256,381,0.18,54.0,1187,90,629,Our World in Data / UNAIDS,2026-09-30 02:09:07
2564,ISR,Israel,2019,0.37023,21938,1200,0.1256,357,0.29,59.0,1207,90,589,Our World in Data / UNAIDS,2026-09-30 02:09:07
2565,ISR,Israel,2020,0.39803,23586,1250,0.1308,369,0.22,61.5,1297,94,609,Our World in Data / UNAIDS,2026-09-30 02:09:07
2566,ISR,Israel,2021,0.40203,23823,1300,0.136,371,0.18,64.5,1310,98,613,Our World in Data / UNAIDS,2026-09-30 02:09:07
2567,ITA,Italy,1990,0.16515,60426,4500,0.0763,1997,1.83,31.0,3323,338,3295,Our World in Data / UNAIDS,2026-09-30 02:09:07
2568,ITA,Italy,1991,0.17048,62376,4500,0.0763,2455,1.83,31.0,3431,338,4051,Our World in Data / UNAIDS,2026-09-30 02:09:07
2569,ITA,Italy,1992,0.1743,63774,4500,0.0763,2923,1.83,31.0,3508,338,4823,Our World in Data / UNAIDS,2026-09-30 02:09:07
2570,ITA,Italy,1993,0.17685,64707,4500,0.0763,3346,1.83,31.0,3559,338,5521,Our World in Data / UNAIDS,2026-09-30 02:09:07
2571,ITA,Italy,1994,0.17837,65263,4500,0.0763,3728,1.83,31.0,3589,338,6151,Our World in Data / UNAIDS,2026-09-30 02:09:07
2572,ITA,Italy,1995,0.17903,65504,4500,0.0763,4059,1.83,31.0,3603,338,6697,Our World in Data / UNAIDS,2026-09-30 02:09:07
2573,ITA,Italy,1996,0.17973,65760,4500,0.0763,4036,1.83,31.0,3617,338,6660,Our World in Data / UNAIDS,2026-09-30 02:09:07
2574,ITA,Italy,1997,0.18242,66745,4500,0.0763,3312,1.83,31.0,3671,338,5464,Our World in Data / UNAIDS,2026-09-30 02:09:07
2575,ITA,Italy,1998,0.18779,68709,4500,0.0763,2299,1.83,31.0,3779,338,3794,Our World in Data / UNAIDS,2026-09-30 02:09:07
2576,ITA,Italy,1999,0.19502,71355,4500,0.0763,1560,1.83,31.0,3925,338,2574,Our World in Data / UNAIDS,2026-09-30 02:09:07
2577,ITA,Italy,2000,0.20319,74344,4500,0.0763,1110,1.83,31.0,4089,338,1832,Our World in Data / UNAIDS,2026-09-30 02:09:07
2578,ITA,Italy,2001,0.21181,77498,4500,0.0763,827,1.401,37.0,4262,338,1364,Our World in Data / UNAIDS,2026-09-30 02:09:07
2579,ITA,Italy,2002,0.22076,80773,4400,0.0746,632,1.0713,42.0,4443,330,1043,Our World in Data / UNAIDS,2026-09-30 02:09:07
2580,ITA,Italy,2003,0.22901,83791,4400,0.0746,513,2.32,46.0,4609,330,847,Our World in Data / UNAIDS,2026-09-30 02:09:07
2581,ITA,Italy,2004,0.23692,86685,4400,0.0746,445,2.01,50.0,4768,330,735,Our World in Data / UNAIDS,2026-09-30 02:09:07
2582,ITA,Italy,2005,0.24416,89334,4500,0.0763,400,1.91,53.0,4913,338,660,Our World in Data / UNAIDS,2026-09-30 02:09:07
2583,ITA,Italy,2006,0.25079,91760,4500,0.0763,363,1.71,57.0,5047,338,598,Our World in Data / UNAIDS,2026-09-30 02:09:07
2584,ITA,Italy,2007,0.25595,93648,4400,0.0746,333,1.8,59.0,5151,330,550,Our World in Data / UNAIDS,2026-09-30 02:09:07
2585,ITA,Italy,2008,0.26067,95375,4500,0.0763,312,1.63,62.0,5246,338,514,Our World in Data / UNAIDS,2026-09-30 02:09:07
2586,ITA,Italy,2009,0.26486,96908,4500,0.0763,304,1.56,64.0,5330,338,501,Our World in Data / UNAIDS,2026-09-30 02:09:07
2587,ITA,Italy,2010,0.26816,98116,4500,0.0763,324,1.47,66.0,5396,338,535,Our World in Data / UNAIDS,2026-09-30 02:09:07
2588,ITA,Italy,2011,0.27034,98913,4500,0.0763,347,1.46,69.0,5440,338,572,Our World in Data / UNAIDS,2026-09-30 02:09:07
2589,ITA,Italy,2012,0.27153,99349,4400,0.0746,372,1.54,71.0,5464,330,614,Our World in Data / UNAIDS,2026-09-30 02:09:07
2590,ITA,Italy,2013,0.27172,99418,4400,0.0746,402,1.33,72.0,5468,330,664,Our World in Data / UNAIDS,2026-09-30 02:09:07
2591,ITA,Italy,2014,0.27093,99129,4400,0.0746,400,1.23,74.0,5452,330,660,Our World in Data / UNAIDS,2026-09-30 02:09:07
2592,ITA,Italy,2015,0.26935,98551,4400,0.0746,412,1.2,75.0,5420,330,680,Our World in Data / UNAIDS,2026-09-30 02:09:07
2593,ITA,Italy,2016,0.2672,97764,4300,0.0729,460,0.76,77.0,5377,322,760,Our World in Data / UNAIDS,2026-09-30 02:09:07
2594,ITA,Italy,2017,0.26466,96835,4300,0.0729,463,0.8,81.0,5326,322,764,Our World in Data / UNAIDS,2026-09-30 02:09:07
2595,ITA,Italy,2018,0.26258,96074,4200,0.0712,390,0.79,85.0,5284,315,644,Our World in Data / UNAIDS,2026-09-30 02:09:07
2596,ITA,Italy,2019,0.26043,95287,4200,0.0712,335,0.71,88.0,5241,315,554,Our World in Data / UNAIDS,2026-09-30 02:09:07
2597,ITA,Italy,2020,0.2584,94545,4100,0.0695,309,0.68,87.0,5200,308,509,Our World in Data / UNAIDS,2026-09-30 02:09:07
2598,ITA,Italy,2021,0.25671,93926,4100,0.0695,325,0.74,87.0,5166,308,537,Our World in Data / UNAIDS,2026-09-30 02:09:07
2599,ITA,Italy,2022,0.25489,93260,4000,0.0678,355,0.74,86.0,5129,300,585,Our World in Data / UNAIDS,2026-09-30 02:09:07
2600,JAM,Jamaica,1990,0.42194,7427,3300,1.1623,65,52.79,0.0,408,248,107,Our World in Data / UNAIDS,2026-09-30 02:09:07
2601,JAM,Jamaica,1991,0.59002,10386,3300,1.1623,97,52.79,0.0,571,248,161,Our World in Data / UNAIDS,2026-09-30 02:09:07
2602,JAM,Jamaica,1992,0.77287,13605,3300,1.1623,142,52.79,0.0,748,248,235,Our World in Data / UNAIDS,2026-09-30 02:09:07
2603,JAM,Jamaica,1993,0.9609,16914,3300,1.1623,180,52.79,0.0,930,248,298,Our World in Data / UNAIDS,2026-09-30 02:09:07
2604,JAM,Jamaica,1994,1.14076,20080,3300,1.1623,227,52.79,0.0,1104,248,374,Our World in Data / UNAIDS,2026-09-30 02:09:07
2605,JAM,Jamaica,1995,1.30543,22979,3300,1.1623,249,52.79,0.0,1264,248,411,Our World in Data / UNAIDS,2026-09-30 02:09:07
2606,JAM,Jamaica,1996,1.44397,25418,3300,1.1623,318,52.79,0.0,1398,248,525,Our World in Data / UNAIDS,2026-09-30 02:09:07
2607,JAM,Jamaica,1997,1.55846,27433,3300,1.1623,259,52.79,0.0,1509,248,427,Our World in Data / UNAIDS,2026-09-30 02:09:07
2608,JAM,Jamaica,1998,1.64364,28932,3300,1.1623,301,52.79,0.0,1591,248,497,Our World in Data / UNAIDS,2026-09-30 02:09:07
2609,JAM,Jamaica,1999,1.70186,29957,3300,1.1623,372,52.79,0.0,1648,248,614,Our World in Data / UNAIDS,2026-09-30 02:09:07
2610,JAM,Jamaica,2000,1.73729,30581,3300,1.1623,389,52.79,0.0,1682,248,642,Our World in Data / UNAIDS,2026-09-30 02:09:07
2611,JAM,Jamaica,2001,1.74398,30699,2900,1.0214,363,54.3,0.0,1688,218,599,Our World in Data / UNAIDS,2026-09-30 02:09:07
2612,JAM,Jamaica,2002,1.73467,30535,2800,0.9862,349,51.93,0.0,1679,210,575,Our World in Data / UNAIDS,2026-09-30 02:09:07
2613,JAM,Jamaica,2003,1.71121,30122,2600,0.9158,386,49.74,0.0,1657,195,636,Our World in Data / UNAIDS,2026-09-30 02:09:07
2614,JAM,Jamaica,2004,1.67973,29568,2500,0.8805,445,46.96,1.0,1626,188,735,Our World in Data / UNAIDS,2026-09-30 02:09:07
2615,JAM,Jamaica,2005,1.64588,28972,2300,0.8101,400,59.6,5.0,1593,172,660,Our World in Data / UNAIDS,2026-09-30 02:09:07
2616,JAM,Jamaica,2006,1.61266,28387,2100,0.7397,432,38.08,7.0,1561,158,712,Our World in Data / UNAIDS,2026-09-30 02:09:07
2617,JAM,Jamaica,2007,1.5796,27805,2100,0.7397,566,53.89,10.0,1529,158,934,Our World in Data / UNAIDS,2026-09-30 02:09:07
2618,JAM,Jamaica,2008,1.54839,27256,1900,0.6692,534,47.86,13.0,1499,142,880,Our World in Data / UNAIDS,2026-09-30 02:09:07
2619,JAM,Jamaica,2009,1.51949,26747,1800,0.634,470,41.07,18.0,1471,135,776,Our World in Data / UNAIDS,2026-09-30 02:09:07
2620,JAM,Jamaica,2010,1.4943,26304,1700,0.5988,452,31.93,20.0,1447,128,746,Our World in Data / UNAIDS,2026-09-30 02:09:07
2621,JAM,Jamaica,2011,1.46608,25807,1700,0.5988,468,38.19,23.0,1419,128,772,Our World in Data / UNAIDS,2026-09-30 02:09:07
2622,JAM,Jamaica,2012,1.43689,25293,1600,0.5636,487,32.95,26.0,1391,120,803,Our World in Data / UNAIDS,2026-09-30 02:09:07
2623,JAM,Jamaica,2013,1.40713,24769,1500,0.5283,517,31.43,30.0,1362,112,853,Our World in Data / UNAIDS,2026-09-30 02:09:07
2624,JAM,Jamaica,2014,1.37675,24235,1300,0.4579,449,34.79,33.0,1333,98,741,Our World in Data / UNAIDS,2026-09-30 02:09:07
2625,JAM,Jamaica,2015,1.34718,23714,1200,0.4227,430,34.49,35.0,1304,90,709,Our World in Data / UNAIDS,2026-09-30 02:09:07
2626,JAM,Jamaica,2016,1.31712,23185,1200,0.4227,442,34.06,38.0,1275,90,730,Our World in Data / UNAIDS,2026-09-30 02:09:07
2627,JAM,Jamaica,2017,1.28855,22682,1200,0.4227,424,33.14,42.0,1248,90,699,Our World in Data / UNAIDS,2026-09-30 02:09:07
2628,JAM,Jamaica,2018,1.26714,22305,1300,0.4579,381,33.35,45.0,1227,98,629,Our World in Data / UNAIDS,2026-09-30 02:09:07
2629,JAM,Jamaica,2019,1.24609,21935,1200,0.4227,357,29.87,50.0,1206,90,589,Our World in Data / UNAIDS,2026-09-30 02:09:07
2630,JAM,Jamaica,2020,1.22193,21509,1200,0.4227,369,31.04,46.0,1183,90,609,Our World in Data / UNAIDS,2026-09-30 02:09:07
2631,JAM,Jamaica,2021,1.19876,21101,1300,0.4579,371,38.06,50.0,1161,98,613,Our World in Data / UNAIDS,2026-09-30 02:09:07
2632,JAM,Jamaica,2022,1.17731,20724,1200,0.4227,355,38.06,52.0,1140,90,585,Our World in Data / UNAIDS,2026-09-30 02:09:07
2633,JOR,Jordan,1990,0.00404,282,100,0.0089,4,0.14,11.0,16,8,7,Our World in Data / UNAIDS,2026-09-30 02:09:07
2634,JOR,Jordan,1991,0.00424,296,100,0.0089,5,0.14,11.0,16,8,9,Our World in Data / UNAIDS,2026-09-30 02:09:07
2635,JOR,Jordan,1992,0.00443,309,100,0.0089,6,0.14,11.0,17,8,10,Our World in Data / UNAIDS,2026-09-30 02:09:07
2636,JOR,Jordan,1993,0.0046,321,100,0.0089,7,0.14,11.0,18,8,11,Our World in Data / UNAIDS,2026-09-30 02:09:07
2637,JOR,Jordan,1994,0.00476,332,100,0.0089,8,0.14,11.0,18,8,13,Our World in Data / UNAIDS,2026-09-30 02:09:07
2638,JOR,Jordan,1995,0.0049,342,100,0.0089,8,0.14,11.0,19,8,14,Our World in Data / UNAIDS,2026-09-30 02:09:07
2639,JOR,Jordan,1996,0.00503,351,100,0.0089,9,0.14,11.0,19,8,15,Our World in Data / UNAIDS,2026-09-30 02:09:07
2640,JOR,Jordan,1997,0.00513,358,100,0.0089,10,0.14,11.0,20,8,16,Our World in Data / UNAIDS,2026-09-30 02:09:07
2641,JOR,Jordan,1998,0.00523,365,100,0.0089,10,0.14,11.0,20,8,17,Our World in Data / UNAIDS,2026-09-30 02:09:07
2642,JOR,Jordan,1999,0.00531,371,100,0.0089,11,0.14,11.0,20,8,18,Our World in Data / UNAIDS,2026-09-30 02:09:07
2643,JOR,Jordan,2000,0.00546,381,100,0.0089,9,0.14,11.0,21,8,15,Our World in Data / UNAIDS,2026-09-30 02:09:07
2644,JOR,Jordan,2001,0.00567,396,100,0.0089,7,0.11,12.0,22,8,11,Our World in Data / UNAIDS,2026-09-30 02:09:07
2645,JOR,Jordan,2002,0.00587,410,100,0.0089,7,0.12,13.0,23,8,12,Our World in Data / UNAIDS,2026-09-30 02:09:07
2646,JOR,Jordan,2003,0.00603,421,100,0.0089,8,0.13,13.0,23,8,14,Our World in Data / UNAIDS,2026-09-30 02:09:07
2647,JOR,Jordan,2004,0.00619,432,100,0.0089,9,0.14,14.0,24,8,14,Our World in Data / UNAIDS,2026-09-30 02:09:07
2648,JOR,Jordan,2005,0.00636,444,100,0.0089,8,0.13,19.0,24,8,14,Our World in Data / UNAIDS,2026-09-30 02:09:07
2649,JOR,Jordan,2006,0.00653,456,100,0.0089,7,0.11,21.0,25,8,12,Our World in Data / UNAIDS,2026-09-30 02:09:07
2650,JOR,Jordan,2007,0.0067,468,100,0.0089,8,0.11,24.0,26,8,14,Our World in Data / UNAIDS,2026-09-30 02:09:07
2651,JOR,Jordan,2008,0.00686,479,100,0.0089,8,0.11,26.0,26,8,14,Our World in Data / UNAIDS,2026-09-30 02:09:07
2652,JOR,Jordan,2009,0.00701,489,100,0.0089,8,0.11,30.0,27,8,14,Our World in Data / UNAIDS,2026-09-30 02:09:07
2653,JOR,Jordan,2010,0.00715,499,100,0.0089,8,0.1,33.0,27,8,14,Our World in Data / UNAIDS,2026-09-30 02:09:07
2654,JOR,Jordan,2011,0.00729,509,100,0.0089,9,0.11,35.0,28,8,14,Our World in Data / UNAIDS,2026-09-30 02:09:07
2655,JOR,Jordan,2012,0.00742,518,100,0.0089,9,0.12,39.0,28,8,15,Our World in Data / UNAIDS,2026-09-30 02:09:07
2656,JOR,Jordan,2013,0.00763,532,100,0.0089,9,0.1,38.0,29,8,16,Our World in Data / UNAIDS,2026-09-30 02:09:07
2657,JOR,Jordan,2014,0.00783,546,100,0.0089,11,0.09,37.0,30,8,17,Our World in Data / UNAIDS,2026-09-30 02:09:07
2658,JOR,Jordan,2015,0.00794,554,100,0.0089,13,0.11,38.0,30,8,22,Our World in Data / UNAIDS,2026-09-30 02:09:07
2659,JOR,Jordan,2016,0.00803,560,100,0.0089,14,0.13,44.0,31,8,24,Our World in Data / UNAIDS,2026-09-30 02:09:07
2660,JOR,Jordan,2017,0.00813,567,100,0.0089,14,0.11,47.0,31,8,22,Our World in Data / UNAIDS,2026-09-30 02:09:07
2661,JOR,Jordan,2018,0.00823,574,100,0.0089,13,0.11,52.0,32,8,21,Our World in Data / UNAIDS,2026-09-30 02:09:07
2662,JOR,Jordan,2019,0.00834,582,100,0.0089,12,0.1,56.0,32,8,20,Our World in Data / UNAIDS,2026-09-30 02:09:07
2663,JOR,Jordan,2020,0.00845,590,100,0.0089,12,0.11,57.0,32,8,19,Our World in Data / UNAIDS,2026-09-30 02:09:07
2664,JOR,Jordan,2021,0.00854,596,100,0.0089,13,0.1,44.0,33,8,21,Our World in Data / UNAIDS,2026-09-30 02:09:07
2665,JOR,Jordan,2022,0.00857,598,100,0.0089,17,0.1,49.0,33,8,28,Our World in Data / UNAIDS,2026-09-30 02:09:07
2666,JPN,Japan,2000,0.24165,187466,1650,0.0132,389,0.04,0.0,10311,124,642,Our World in Data / UNAIDS,2026-09-30 02:09:07
2667,JPN,Japan,2001,0.25329,196496,1700,0.0136,363,0.03,0.0,10807,128,599,Our World in Data / UNAIDS,2026-09-30 02:09:07
2668,JPN,Japan,2002,0.27393,212504,1700,0.0136,349,0.04,0.0,11688,128,575,Our World in Data / UNAIDS,2026-09-30 02:09:07
2669,JPN,Japan,2003,0.30624,237569,1700,0.0136,386,0.05,1.5,13066,128,636,Our World in Data / UNAIDS,2026-09-30 02:09:07
2670,JPN,Japan,2004,0.31623,245319,1550,0.0124,445,0.04,3.0,13493,116,735,Our World in Data / UNAIDS,2026-09-30 02:09:07
2671,JPN,Japan,2005,0.31956,247903,1500,0.012,400,0.06,6.5,13635,112,660,Our World in Data / UNAIDS,2026-09-30 02:09:07
2672,JPN,Japan,2006,0.32438,251642,1450,0.0116,432,0.05,9.5,13840,109,712,Our World in Data / UNAIDS,2026-09-30 02:09:07
2673,JPN,Japan,2007,0.3304,256312,1300,0.0104,566,0.05,13.0,14097,98,934,Our World in Data / UNAIDS,2026-09-30 02:09:07
2674,JPN,Japan,2008,0.33243,257891,1250,0.01,534,0.04,17.0,14184,94,880,Our World in Data / UNAIDS,2026-09-30 02:09:07
2675,JPN,Japan,2009,0.32959,255684,1300,0.0104,470,0.05,21.0,14063,98,776,Our World in Data / UNAIDS,2026-09-30 02:09:07
2676,JPN,Japan,2010,0.33193,257499,1300,0.0104,452,0.05,24.9444,14162,98,746,Our World in Data / UNAIDS,2026-09-30 02:09:07
2677,JPN,Japan,2011,0.34874,270544,1250,0.01,468,0.04,28.0,14880,94,772,Our World in Data / UNAIDS,2026-09-30 02:09:07
2678,JPN,Japan,2012,0.36233,281083,1250,0.01,487,0.04,31.0,15460,94,803,Our World in Data / UNAIDS,2026-09-30 02:09:07
2679,JPN,Japan,2013,0.36732,284958,1300,0.0104,517,0.04,35.0,15673,98,853,Our World in Data / UNAIDS,2026-09-30 02:09:07
2680,JPN,Japan,2014,0.36172,280609,1200,0.0096,449,0.04,37.0,15433,90,741,Our World in Data / UNAIDS,2026-09-30 02:09:07
2681,JPN,Japan,2015,0.36479,282995,1250,0.01,430,0.05,41.0,15565,94,709,Our World in Data / UNAIDS,2026-09-30 02:09:07
2682,JPN,Japan,2016,0.37443,290473,1200,0.0096,442,0.06,45.5,15976,90,730,Our World in Data / UNAIDS,2026-09-30 02:09:07
2683,JPN,Japan,2017,0.36894,286211,1200,0.0096,424,0.03,50.5,15742,90,699,Our World in Data / UNAIDS,2026-09-30 02:09:07
2684,JPN,Japan,2018,0.36413,282479,1200,0.0096,381,0.04,54.0,15536,90,629,Our World in Data / UNAIDS,2026-09-30 02:09:07
2685,JPN,Japan,2019,0.37023,287211,1200,0.0096,357,0.04,59.0,15797,90,589,Our World in Data / UNAIDS,2026-09-30 02:09:07
2686,JPN,Japan,2020,0.39803,308782,1250,0.01,369,0.04,61.5,16983,94,609,Our World in Data / UNAIDS,2026-09-30 02:09:07
2687,JPN,Japan,2021,0.40203,311881,1300,0.0104,371,0.04,64.5,17153,98,613,Our World in Data / UNAIDS,2026-09-30 02:09:07
2688,KAZ,Kazakhstan,1990,0.0004,50,1700,0.0849,65,0.05,0.0,3,128,107,Our World in Data / UNAIDS,2026-09-30 02:09:07
2689,KAZ,Kazakhstan,1991,0.00064,79,1700,0.0849,97,0.05,0.0,4,128,161,Our World in Data / UNAIDS,2026-09-30 02:09:07
2690,KAZ,Kazakhstan,1992,0.00108,134,1700,0.0849,142,0.05,0.0,7,128,235,Our World in Data / UNAIDS,2026-09-30 02:09:07
2691,KAZ,Kazakhstan,1993,0.00182,226,1700,0.0849,180,0.05,0.0,12,128,298,Our World in Data / UNAIDS,2026-09-30 02:09:07
2692,KAZ,Kazakhstan,1994,0.00297,369,1700,0.0849,227,0.05,0.0,20,128,374,Our World in Data / UNAIDS,2026-09-30 02:09:07
2693,KAZ,Kazakhstan,1995,0.00453,563,1700,0.0849,249,0.05,0.0,31,128,411,Our World in Data / UNAIDS,2026-09-30 02:09:07
2694,KAZ,Kazakhstan,1996,0.00687,853,1700,0.0849,318,0.05,0.0,47,128,525,Our World in Data / UNAIDS,2026-09-30 02:09:07
2695,KAZ,Kazakhstan,1997,0.01013,1258,1700,0.0849,259,0.05,0.0,69,128,427,Our World in Data / UNAIDS,2026-09-30 02:09:07
2696,KAZ,Kazakhstan,1998,0.01446,1796,1700,0.0849,301,0.05,0.0,99,128,497,Our World in Data / UNAIDS,2026-09-30 02:09:07
2697,KAZ,Kazakhstan,1999,0.01944,2415,1700,0.0849,372,0.05,0.0,133,128,614,Our World in Data / UNAIDS,2026-09-30 02:09:07
2698,KAZ,Kazakhstan,2000,0.02629,3266,1650,0.0824,389,0.05,0.0,180,124,642,Our World in Data / UNAIDS,2026-09-30 02:09:07
2699,KAZ,Kazakhstan,2001,0.03484,4328,1700,0.0849,363,0.09,0.0,238,128,599,Our World in Data / UNAIDS,2026-09-30 02:09:07
2700,KAZ,Kazakhstan,2002,0.0438,5441,1700,0.0849,349,0.15,0.0,299,128,575,Our World in Data / UNAIDS,2026-09-30 02:09:07
2701,KAZ,Kazakhstan,2003,0.05353,6649,1700,0.0849,386,0.24,0.0,366,128,636,Our World in Data / UNAIDS,2026-09-30 02:09:07
2702,KAZ,Kazakhstan,2004,0.06492,8064,1550,0.0774,445,0.39,0.0,444,116,735,Our World in Data / UNAIDS,2026-09-30 02:09:07
2703,KAZ,Kazakhstan,2005,0.07601,9442,1500,0.0749,400,0.37,3.0,519,112,660,Our World in Data / UNAIDS,2026-09-30 02:09:07
2704,KAZ,Kazakhstan,2006,0.08849,10992,1450,0.0724,432,0.38,3.0,605,109,712,Our World in Data / UNAIDS,2026-09-30 02:09:07
2705,KAZ,Kazakhstan,2007,0.10159,12619,1300,0.0649,566,0.58,4.0,694,98,934,Our World in Data / UNAIDS,2026-09-30 02:09:07
2706,KAZ,Kazakhstan,2008,0.11624,14439,1250,0.0624,534,0.79,5.0,794,94,880,Our World in Data / UNAIDS,2026-09-30 02:09:07
2707,KAZ,Kazakhstan,2009,0.13103,16276,1300,0.0649,470,0.88,7.0,895,98,776,Our World in Data / UNAIDS,2026-09-30 02:09:07
2708,KAZ,Kazakhstan,2010,0.14657,18206,1300,0.0649,452,0.92,8.0,1001,98,746,Our World in Data / UNAIDS,2026-09-30 02:09:07
2709,KAZ,Kazakhstan,2011,0.16312,20262,1250,0.0624,468,0.97,10.0,1114,94,772,Our World in Data / UNAIDS,2026-09-30 02:09:07
2710,KAZ,Kazakhstan,2012,0.181,22483,1250,0.0624,487,0.95,13.0,1237,94,803,Our World in Data / UNAIDS,2026-09-30 02:09:07
2711,KAZ,Kazakhstan,2013,0.19904,24724,1300,0.0649,517,0.91,17.0,1360,98,853,Our World in Data / UNAIDS,2026-09-30 02:09:07
2712,KAZ,Kazakhstan,2014,0.21711,26968,1200,0.0599,449,0.94,20.0,1483,90,741,Our World in Data / UNAIDS,2026-09-30 02:09:07
2713,KAZ,Kazakhstan,2015,0.23485,29172,1250,0.0624,430,0.92,24.0,1604,94,709,Our World in Data / UNAIDS,2026-09-30 02:09:07
2714,KAZ,Kazakhstan,2016,0.25199,31301,1200,0.0599,442,0.87,28.0,1722,90,730,Our World in Data / UNAIDS,2026-09-30 02:09:07
2715,KAZ,Kazakhstan,2017,0.2676,33240,1200,0.0599,424,0.79,38.0,1828,90,699,Our World in Data / UNAIDS,2026-09-30 02:09:07
2716,KAZ,Kazakhstan,2018,0.28139,34953,1200,0.0599,381,0.73,47.0,1922,90,629,Our World in Data / UNAIDS,2026-09-30 02:09:07
2717,KAZ,Kazakhstan,2019,0.29416,36539,1200,0.0599,357,0.75,52.0,2010,90,589,Our World in Data / UNAIDS,2026-09-30 02:09:07
2718,KAZ,Kazakhstan,2020,0.30585,37991,1250,0.0624,369,0.84,56.0,2090,94,609,Our World in Data / UNAIDS,2026-09-30 02:09:07
2719,KAZ,Kazakhstan,2021,0.31444,39058,1300,0.0649,371,0.93,60.0,2148,98,613,Our World in Data / UNAIDS,2026-09-30 02:09:07
2720,KAZ,Kazakhstan,2022,0.31849,39561,1200,0.0599,355,0.93,65.0,2176,90,585,Our World in Data / UNAIDS,2026-09-30 02:09:07
2721,KEN,Kenya,1990,5.51834,1856178,130000,2.3962,26944,367.67,0.0,102090,9750,44457,Our World in Data / UNAIDS,2026-09-30 02:09:07
2722,KEN,Kenya,1991,6.87856,2313710,130000,2.3962,36505,367.67,0.0,127254,9750,60234,Our World in Data / UNAIDS,2026-09-30 02:09:07
2723,KEN,Kenya,1992,8.11669,2730174,130000,2.3962,47374,367.67,0.0,150160,9750,78168,Our World in Data / UNAIDS,2026-09-30 02:09:07
2724,KEN,Kenya,1993,9.10004,3060936,130000,2.3962,59096,367.67,0.0,168351,9750,97508,Our World in Data / UNAIDS,2026-09-30 02:09:07
2725,KEN,Kenya,1994,9.72395,3270797,130000,2.3962,71036,367.67,0.0,179894,9750,117209,Our World in Data / UNAIDS,2026-09-30 02:09:07
2726,KEN,Kenya,1995,10.01287,3367981,130000,2.3962,82751,367.67,0.0,185239,9750,136540,Our World in Data / UNAIDS,2026-09-30 02:09:07
2727,KEN,Kenya,1996,10.05084,3380753,130000,2.3962,93974,367.67,0.0,185941,9750,155057,Our World in Data / UNAIDS,2026-09-30 02:09:07
2728,KEN,Kenya,1997,9.89846,3329498,130000,2.3962,104424,367.67,0.0,183122,9750,172300,Our World in Data / UNAIDS,2026-09-30 02:09:07
2729,KEN,Kenya,1998,9.61903,3235507,130000,2.3962,113824,367.67,0.0,177953,9750,187809,Our World in Data / UNAIDS,2026-09-30 02:09:07
2730,KEN,Kenya,1999,9.249,3111041,130000,2.3962,121886,367.67,0.0,171107,9750,201112,Our World in Data / UNAIDS,2026-09-30 02:09:07
2731,KEN,Kenya,2000,8.80592,2962004,130000,2.3962,128344,367.67,0.0,162910,9750,211768,Our World in Data / UNAIDS,2026-09-30 02:09:07
2732,KEN,Kenya,2001,8.33386,2803221,130000,2.3962,133312,366.25,0.0,154177,9750,219965,Our World in Data / UNAIDS,2026-09-30 02:09:07
2733,KEN,Kenya,2002,7.84742,2639598,120000,2.2119,136810,366.15,0.0,145178,9000,225737,Our World in Data / UNAIDS,2026-09-30 02:09:07
2734,KEN,Kenya,2003,7.36761,2478208,110000,2.0276,138884,346.53,0.0,136301,8250,229159,Our World in Data / UNAIDS,2026-09-30 02:09:07
2735,KEN,Kenya,2004,6.92303,2328666,110000,2.0276,134814,323.05,2.0,128077,8250,222442,Our World in Data / UNAIDS,2026-09-30 02:09:07
2736,KEN,Kenya,2005,6.53997,2199819,100000,1.8432,124602,288.64,4.0,120990,7500,205593,Our World in Data / UNAIDS,2026-09-30 02:09:07
2737,KEN,Kenya,2006,6.2291,2095254,93000,1.7142,110015,244.94,9.0,115239,6975,181525,Our World in Data / UNAIDS,2026-09-30 02:09:07
2738,KEN,Kenya,2007,5.98159,2011998,86000,1.5852,94886,210.52,13.0,110660,6450,156562,Our World in Data / UNAIDS,2026-09-30 02:09:07
2739,KEN,Kenya,2008,5.77452,1942347,76000,1.4009,80725,177.03,18.0,106829,5700,133197,Our World in Data / UNAIDS,2026-09-30 02:09:07
2740,KEN,Kenya,2009,5.60193,1884295,72000,1.3271,68003,142.11,24.0,103636,5400,112204,Our World in Data / UNAIDS,2026-09-30 02:09:07
2741,KEN,Kenya,2010,5.4512,1833594,67000,1.235,58126,117.38,31.0,100848,5025,95908,Our World in Data / UNAIDS,2026-09-30 02:09:07
2742,KEN,Kenya,2011,5.30918,1785825,59000,1.0875,51340,97.76,38.0,98220,4425,84712,Our World in Data / UNAIDS,2026-09-30 02:09:07
2743,KEN,Kenya,2012,5.16541,1737464,57000,1.0506,46423,89.11,43.0,95561,4275,76597,Our World in Data / UNAIDS,2026-09-30 02:09:07
2744,KEN,Kenya,2013,5.01455,1686719,52000,0.9585,43124,81.76,47.0,92770,3900,71154,Our World in Data / UNAIDS,2026-09-30 02:09:07
2745,KEN,Kenya,2014,4.85233,1632154,46000,0.8479,40688,76.61,54.0,89768,3450,67136,Our World in Data / UNAIDS,2026-09-30 02:09:07
2746,KEN,Kenya,2015,4.68101,1574528,38000,0.7004,36436,66.71,65.0,86599,2850,60120,Our World in Data / UNAIDS,2026-09-30 02:09:07
2747,KEN,Kenya,2016,4.50065,1513862,32000,0.5898,31328,55.32,74.0,83262,2400,51692,Our World in Data / UNAIDS,2026-09-30 02:09:07
2748,KEN,Kenya,2017,4.31219,1450470,30000,0.553,28346,48.61,81.0,79776,2250,46771,Our World in Data / UNAIDS,2026-09-30 02:09:07
2749,KEN,Kenya,2018,4.12116,1386213,25000,0.4608,24980,40.39,80.0,76242,1875,41216,Our World in Data / UNAIDS,2026-09-30 02:09:07
2750,KEN,Kenya,2019,3.93081,1322186,25000,0.4608,23972,38.37,78.0,72720,1875,39554,Our World in Data / UNAIDS,2026-09-30 02:09:07
2751,KEN,Kenya,2020,3.74125,1258428,24000,0.4424,24952,39.35,78.0,69214,1800,41171,Our World in Data / UNAIDS,2026-09-30 02:09:07
2752,KEN,Kenya,2021,3.55579,1196043,24000,0.4424,25221,40.32,84.0,65782,1800,41615,Our World in Data / UNAIDS,2026-09-30 02:09:07
2753,KEN,Kenya,2022,3.37951,1136751,23000,0.4239,23089,40.32,85.0,62521,1725,38096,Our World in Data / UNAIDS,2026-09-30 02:09:07
2754,KGZ,Kyrgyzstan,1990,0.0,10,100,0.0143,0,0.0,0.0,1,8,0,Our World in Data / UNAIDS,2026-09-30 02:09:07
2755,KGZ,Kyrgyzstan,1991,0.0,10,100,0.0143,0,0.0,0.0,1,8,0,Our World in Data / UNAIDS,2026-09-30 02:09:07
2756,KGZ,Kyrgyzstan,1992,0.0,10,100,0.0143,0,0.0,0.0,1,8,0,Our World in Data / UNAIDS,2026-09-30 02:09:07
2757,KGZ,Kyrgyzstan,1993,0.0,10,100,0.0143,0,0.0,0.0,1,8,0,Our World in Data / UNAIDS,2026-09-30 02:09:07
2758,KGZ,Kyrgyzstan,1994,0.0,10,100,0.0143,0,0.0,0.0,1,8,0,Our World in Data / UNAIDS,2026-09-30 02:09:07
2759,KGZ,Kyrgyzstan,1995,0.0,10,100,0.0143,0,0.0,0.0,1,8,0,Our World in Data / UNAIDS,2026-09-30 02:09:07
2760,KGZ,Kyrgyzstan,1996,0.0,10,100,0.0143,0,0.0,0.0,1,8,0,Our World in Data / UNAIDS,2026-09-30 02:09:07
2761,KGZ,Kyrgyzstan,1997,0.0,10,100,0.0143,0,0.0,0.0,1,8,0,Our World in Data / UNAIDS,2026-09-30 02:09:07
2762,KGZ,Kyrgyzstan,1998,0.00015,10,100,0.0143,0,0.0,0.0,1,8,0,Our World in Data / UNAIDS,2026-09-30 02:09:07
2763,KGZ,Kyrgyzstan,1999,0.00071,31,100,0.0143,0,0.0014,0.0,2,8,0,Our World in Data / UNAIDS,2026-09-30 02:09:07
2764,KGZ,Kyrgyzstan,2000,0.00426,184,100,0.0143,1,0.0146,0.0,10,8,2,Our World in Data / UNAIDS,2026-09-30 02:09:07
2765,KGZ,Kyrgyzstan,2001,0.02784,1204,650,0.0932,8,0.08,0.0,66,49,13,Our World in Data / UNAIDS,2026-09-30 02:09:07
2766,KGZ,Kyrgyzstan,2002,0.03371,1458,200,0.0287,17,0.17,0.0,80,15,27,Our World in Data / UNAIDS,2026-09-30 02:09:07
2767,KGZ,Kyrgyzstan,2003,0.03494,1511,100,0.0143,25,0.29,0.0,83,8,42,Our World in Data / UNAIDS,2026-09-30 02:09:07
2768,KGZ,Kyrgyzstan,2004,0.03897,1685,200,0.0287,34,0.41,0.0,93,15,55,Our World in Data / UNAIDS,2026-09-30 02:09:07
2769,KGZ,Kyrgyzstan,2005,0.04683,2025,500,0.0717,41,0.57,3.0,111,38,68,Our World in Data / UNAIDS,2026-09-30 02:09:07
2770,KGZ,Kyrgyzstan,2006,0.05837,2524,500,0.0717,52,0.7,3.0,139,38,86,Our World in Data / UNAIDS,2026-09-30 02:09:07
2771,KGZ,Kyrgyzstan,2007,0.07284,3150,570,0.0817,73,1.21,3.0,173,43,120,Our World in Data / UNAIDS,2026-09-30 02:09:07
2772,KGZ,Kyrgyzstan,2008,0.08884,3842,690,0.0989,98,1.75,5.0,211,52,162,Our World in Data / UNAIDS,2026-09-30 02:09:07
2773,KGZ,Kyrgyzstan,2009,0.10515,4547,720,0.1032,116,2.03,7.0,250,54,191,Our World in Data / UNAIDS,2026-09-30 02:09:07
2774,KGZ,Kyrgyzstan,2010,0.12241,5294,750,0.1075,130,2.23,9.0,291,56,214,Our World in Data / UNAIDS,2026-09-30 02:09:07
2775,KGZ,Kyrgyzstan,2011,0.13977,6045,830,0.119,144,2.41,10.0,332,62,238,Our World in Data / UNAIDS,2026-09-30 02:09:07
2776,KGZ,Kyrgyzstan,2012,0.15778,6823,880,0.1262,170,2.71,12.0,375,66,280,Our World in Data / UNAIDS,2026-09-30 02:09:07
2777,KGZ,Kyrgyzstan,2013,0.1748,7559,850,0.1219,184,2.81,18.0,416,64,303,Our World in Data / UNAIDS,2026-09-30 02:09:07
2778,KGZ,Kyrgyzstan,2014,0.19192,8300,860,0.1233,174,2.11,24.0,456,64,288,Our World in Data / UNAIDS,2026-09-30 02:09:07
2779,KGZ,Kyrgyzstan,2015,0.20749,8973,850,0.1219,184,2.09,27.0,494,64,303,Our World in Data / UNAIDS,2026-09-30 02:09:07
2780,KGZ,Kyrgyzstan,2016,0.22005,9516,860,0.1233,196,2.52,32.0,523,64,324,Our World in Data / UNAIDS,2026-09-30 02:09:07
2781,KGZ,Kyrgyzstan,2017,0.22953,9926,830,0.119,208,2.51,36.0,546,62,344,Our World in Data / UNAIDS,2026-09-30 02:09:07
2782,KGZ,Kyrgyzstan,2018,0.24012,10384,850,0.1219,223,2.47,39.0,571,64,368,Our World in Data / UNAIDS,2026-09-30 02:09:07
2783,KGZ,Kyrgyzstan,2019,0.24708,10685,860,0.1233,250,2.74,40.0,588,64,412,Our World in Data / UNAIDS,2026-09-30 02:09:07
2784,KGZ,Kyrgyzstan,2020,0.25165,10883,860,0.1233,278,2.98,41.0,599,64,459,Our World in Data / UNAIDS,2026-09-30 02:09:07
2785,KGZ,Kyrgyzstan,2021,0.25546,11048,870,0.1247,278,2.79,45.0,608,65,459,Our World in Data / UNAIDS,2026-09-30 02:09:07
2786,KGZ,Kyrgyzstan,2022,0.26295,11372,890,0.1276,262,2.79,48.0,625,67,433,Our World in Data / UNAIDS,2026-09-30 02:09:07
2787,KHM,Cambodia,1990,0.00914,975,8600,0.4999,7,29.25,0.0,54,645,11,Our World in Data / UNAIDS,2026-09-30 02:09:07
2788,KHM,Cambodia,1991,0.03073,3277,8600,0.4999,23,29.25,0.0,180,645,39,Our World in Data / UNAIDS,2026-09-30 02:09:07
2789,KHM,Cambodia,1992,0.0879,9375,8600,0.4999,70,29.25,0.0,516,645,115,Our World in Data / UNAIDS,2026-09-30 02:09:07
2790,KHM,Cambodia,1993,0.20044,21377,8600,0.4999,180,29.25,0.0,1176,645,298,Our World in Data / UNAIDS,2026-09-30 02:09:07
2791,KHM,Cambodia,1994,0.36233,38643,8600,0.4999,383,29.25,0.0,2125,645,631,Our World in Data / UNAIDS,2026-09-30 02:09:07
2792,KHM,Cambodia,1995,0.55689,59393,8600,0.4999,659,29.25,0.0,3267,645,1088,Our World in Data / UNAIDS,2026-09-30 02:09:07
2793,KHM,Cambodia,1996,0.75304,80312,8600,0.4999,1076,29.25,0.0,4417,645,1775,Our World in Data / UNAIDS,2026-09-30 02:09:07
2794,KHM,Cambodia,1997,0.91842,97950,8600,0.4999,1577,29.25,0.0,5387,645,2602,Our World in Data / UNAIDS,2026-09-30 02:09:07
2795,KHM,Cambodia,1998,1.05121,112112,8600,0.4999,2160,29.25,0.0,6166,645,3564,Our World in Data / UNAIDS,2026-09-30 02:09:07
2796,KHM,Cambodia,1999,1.12932,120443,8600,0.4999,2730,29.25,0.0,6624,645,4505,Our World in Data / UNAIDS,2026-09-30 02:09:07
2797,KHM,Cambodia,2000,1.15541,123225,8600,0.4999,3321,29.25,0.0,6777,645,5480,Our World in Data / UNAIDS,2026-09-30 02:09:07
2798,KHM,Cambodia,2001,1.14553,122172,6900,0.4011,3894,33.95,0.0,6719,518,6425,Our World in Data / UNAIDS,2026-09-30 02:09:07
2799,KHM,Cambodia,2002,1.11773,119207,6200,0.3604,4401,37.83,0.0,6556,465,7261,Our World in Data / UNAIDS,2026-09-30 02:09:07
2800,KHM,Cambodia,2003,1.0804,115225,5600,0.3255,4670,39.46,3.0,6337,420,7706,Our World in Data / UNAIDS,2026-09-30 02:09:07
2801,KHM,Cambodia,2004,1.0418,111109,5100,0.2965,4523,37.62,8.0,6111,382,7462,Our World in Data / UNAIDS,2026-09-30 02:09:07
2802,KHM,Cambodia,2005,1.00394,107071,4500,0.2616,4089,33.61,12.0,5889,338,6747,Our World in Data / UNAIDS,2026-09-30 02:09:07
2803,KHM,Cambodia,2006,0.97197,103661,3900,0.2267,3437,27.72,22.0,5701,292,5670,Our World in Data / UNAIDS,2026-09-30 02:09:07
2804,KHM,Cambodia,2007,0.94597,100888,3400,0.1977,2654,21.03,30.0,5549,255,4379,Our World in Data / UNAIDS,2026-09-30 02:09:07
2805,KHM,Cambodia,2008,0.91839,97947,3000,0.1744,2118,16.59,37.0,5387,225,3494,Our World in Data / UNAIDS,2026-09-30 02:09:07
2806,KHM,Cambodia,2009,0.89386,95331,2600,0.1511,1701,13.18,44.0,5243,195,2807,Our World in Data / UNAIDS,2026-09-30 02:09:07
2807,KHM,Cambodia,2010,0.87153,92949,2200,0.1279,1421,11.03,50.0,5112,165,2345,Our World in Data / UNAIDS,2026-09-30 02:09:07
2808,KHM,Cambodia,2011,0.85027,90682,2000,0.1163,1318,10.47,54.0,4988,150,2174,Our World in Data / UNAIDS,2026-09-30 02:09:07
2809,KHM,Cambodia,2012,0.83025,88547,1900,0.1105,1399,11.03,57.0,4870,142,2309,Our World in Data / UNAIDS,2026-09-30 02:09:07
2810,KHM,Cambodia,2013,0.8082,86195,1800,0.1046,1564,12.01,60.0,4741,135,2580,Our World in Data / UNAIDS,2026-09-30 02:09:07
2811,KHM,Cambodia,2014,0.78405,83619,1800,0.1046,1716,12.66,63.0,4599,135,2831,Our World in Data / UNAIDS,2026-09-30 02:09:07
2812,KHM,Cambodia,2015,0.7583,80873,1700,0.0988,1784,12.67,66.0,4448,128,2943,Our World in Data / UNAIDS,2026-09-30 02:09:07
2813,KHM,Cambodia,2016,0.73089,77950,1700,0.0988,1745,11.91,69.0,4287,128,2879,Our World in Data / UNAIDS,2026-09-30 02:09:07
2814,KHM,Cambodia,2017,0.70496,75184,1600,0.093,1623,10.74,72.0,4135,120,2678,Our World in Data / UNAIDS,2026-09-30 02:09:07
2815,KHM,Cambodia,2018,0.67815,72325,1600,0.093,1522,9.79,76.0,3978,120,2511,Our World in Data / UNAIDS,2026-09-30 02:09:07
2816,KHM,Cambodia,2019,0.64946,69265,1600,0.093,1412,8.69,79.0,3810,120,2329,Our World in Data / UNAIDS,2026-09-30 02:09:07
2817,KHM,Cambodia,2020,0.61831,65943,1600,0.093,1301,7.71,81.0,3627,120,2146,Our World in Data / UNAIDS,2026-09-30 02:09:07
2818,KHM,Cambodia,2021,0.58893,62810,1600,0.093,1228,7.08,81.0,3455,120,2026,Our World in Data / UNAIDS,2026-09-30 02:09:07
2819,KHM,Cambodia,2022,0.56048,59776,1600,0.093,1180,7.08,84.0,3288,120,1946,Our World in Data / UNAIDS,2026-09-30 02:09:07
2820,KIR,Kiribati,2000,0.24165,195,1650,12.6467,389,298.3027,0.0,11,124,642,Our World in Data / UNAIDS,2026-09-30 02:09:07
2821,KIR,Kiribati,2001,0.25329,205,1700,13.0299,363,278.1239,0.0,11,128,599,Our World in Data / UNAIDS,2026-09-30 02:09:07
2822,KIR,Kiribati,2002,0.27393,222,1700,13.0299,349,267.3251,0.0,12,128,575,Our World in Data / UNAIDS,2026-09-30 02:09:07
2823,KIR,Kiribati,2003,0.30624,248,1700,13.0299,386,295.6616,1.5,14,128,636,Our World in Data / UNAIDS,2026-09-30 02:09:07
2824,KIR,Kiribati,2004,0.31623,256,1550,11.8802,445,341.3865,3.0,14,116,735,Our World in Data / UNAIDS,2026-09-30 02:09:07
2825,KIR,Kiribati,2005,0.31956,258,1500,11.497,400,306.3905,6.5,14,112,660,Our World in Data / UNAIDS,2026-09-30 02:09:07
2826,KIR,Kiribati,2006,0.32438,262,1450,11.1138,432,330.7959,9.5,14,109,712,Our World in Data / UNAIDS,2026-09-30 02:09:07
2827,KIR,Kiribati,2007,0.3304,267,1300,9.9641,566,433.8021,13.0,15,98,934,Our World in Data / UNAIDS,2026-09-30 02:09:07
2828,KIR,Kiribati,2008,0.33243,269,1250,9.5808,534,408.922,17.0,15,94,880,Our World in Data / UNAIDS,2026-09-30 02:09:07
2829,KIR,Kiribati,2009,0.32959,267,1300,9.9641,470,360.3793,21.0,15,98,776,Our World in Data / UNAIDS,2026-09-30 02:09:07
2830,KIR,Kiribati,2010,0.33193,268,1300,9.9641,452,346.6873,24.9444,15,98,746,Our World in Data / UNAIDS,2026-09-30 02:09:07
2831,KIR,Kiribati,2011,0.34874,282,1250,9.5808,468,358.3919,28.0,16,94,772,Our World in Data / UNAIDS,2026-09-30 02:09:07
2832,KIR,Kiribati,2012,0.36233,293,1250,9.5808,487,373.0677,31.0,16,94,803,Our World in Data / UNAIDS,2026-09-30 02:09:07
2833,KIR,Kiribati,2013,0.36732,297,1300,9.9641,517,396.3032,35.0,16,98,853,Our World in Data / UNAIDS,2026-09-30 02:09:07
2834,KIR,Kiribati,2014,0.36172,293,1200,9.1976,449,344.1128,37.0,16,90,741,Our World in Data / UNAIDS,2026-09-30 02:09:07
2835,KIR,Kiribati,2015,0.36479,295,1250,9.5808,430,329.3552,41.0,16,94,709,Our World in Data / UNAIDS,2026-09-30 02:09:07
2836,KIR,Kiribati,2016,0.37443,303,1200,9.1976,442,339.0585,45.5,17,90,730,Our World in Data / UNAIDS,2026-09-30 02:09:07
2837,KIR,Kiribati,2017,0.36894,298,1200,9.1976,424,324.745,50.5,16,90,699,Our World in Data / UNAIDS,2026-09-30 02:09:07
2838,KIR,Kiribati,2018,0.36413,295,1200,9.1976,381,292.2777,54.0,16,90,629,Our World in Data / UNAIDS,2026-09-30 02:09:07
2839,KIR,Kiribati,2019,0.37023,299,1200,9.1976,357,273.5097,59.0,16,90,589,Our World in Data / UNAIDS,2026-09-30 02:09:07
2840,KIR,Kiribati,2020,0.39803,322,1250,9.5808,369,283.0638,61.5,18,94,609,Our World in Data / UNAIDS,2026-09-30 02:09:07
2841,KIR,Kiribati,2021,0.40203,325,1300,9.9641,371,284.7153,64.5,18,98,613,Our World in Data / UNAIDS,2026-09-30 02:09:07
2842,KNA,Saint Kitts and Nevis,1990,0.24706,72,100,2.1409,3,23.05,0.0,4,8,6,Our World in Data / UNAIDS,2026-09-30 02:09:07
2843,KNA,Saint Kitts and Nevis,1991,0.25837,75,100,2.1409,4,23.05,0.0,4,8,6,Our World in Data / UNAIDS,2026-09-30 02:09:07
2844,KNA,Saint Kitts and Nevis,1992,0.26972,78,100,2.1409,4,23.05,0.0,4,8,7,Our World in Data / UNAIDS,2026-09-30 02:09:07
2845,KNA,Saint Kitts and Nevis,1993,0.28183,82,100,2.1409,4,23.05,0.0,5,8,7,Our World in Data / UNAIDS,2026-09-30 02:09:07
2846,KNA,Saint Kitts and Nevis,1994,0.29414,85,100,2.1409,5,23.05,0.0,5,8,8,Our World in Data / UNAIDS,2026-09-30 02:09:07
2847,KNA,Saint Kitts and Nevis,1995,0.30604,89,100,2.1409,5,23.05,0.0,5,8,8,Our World in Data / UNAIDS,2026-09-30 02:09:07
2848,KNA,Saint Kitts and Nevis,1996,0.31714,92,100,2.1409,5,23.05,0.0,5,8,9,Our World in Data / UNAIDS,2026-09-30 02:09:07
2849,KNA,Saint Kitts and Nevis,1997,0.327,95,100,2.1409,6,23.05,0.0,5,8,10,Our World in Data / UNAIDS,2026-09-30 02:09:07
2850,KNA,Saint Kitts and Nevis,1998,0.3366,97,100,2.1409,6,23.05,0.0,5,8,10,Our World in Data / UNAIDS,2026-09-30 02:09:07
2851,KNA,Saint Kitts and Nevis,1999,0.34603,100,100,2.1409,7,23.05,0.0,6,8,11,Our World in Data / UNAIDS,2026-09-30 02:09:07
2852,KNA,Saint Kitts and Nevis,2000,0.35478,103,100,2.1409,7,23.05,0.0,6,8,12,Our World in Data / UNAIDS,2026-09-30 02:09:07
2853,KNA,Saint Kitts and Nevis,2001,0.36289,105,100,2.1409,7,25.23,0.0,6,8,12,Our World in Data / UNAIDS,2026-09-30 02:09:07
2854,KNA,Saint Kitts and Nevis,2002,0.37087,107,100,2.1409,8,27.19,0.0,6,8,13,Our World in Data / UNAIDS,2026-09-30 02:09:07
2855,KNA,Saint Kitts and Nevis,2003,0.38127,110,100,2.1409,7,28.75,1.5,6,8,12,Our World in Data / UNAIDS,2026-09-30 02:09:07
2856,KNA,Saint Kitts and Nevis,2004,0.39485,114,100,2.1409,6,29.88,3.0,6,8,10,Our World in Data / UNAIDS,2026-09-30 02:09:07
2857,KNA,Saint Kitts and Nevis,2005,0.41058,119,100,2.1409,6,30.75,6.5,7,8,10,Our World in Data / UNAIDS,2026-09-30 02:09:07
2858,KNA,Saint Kitts and Nevis,2006,0.42828,124,100,2.1409,6,31.53,9.5,7,8,9,Our World in Data / UNAIDS,2026-09-30 02:09:07
2859,KNA,Saint Kitts and Nevis,2007,0.44763,130,100,2.1409,6,32.71,13.0,7,8,9,Our World in Data / UNAIDS,2026-09-30 02:09:07
2860,KNA,Saint Kitts and Nevis,2008,0.46886,136,100,2.1409,5,32.76,17.0,7,8,8,Our World in Data / UNAIDS,2026-09-30 02:09:07
2861,KNA,Saint Kitts and Nevis,2009,0.49015,142,100,2.1409,5,33.24,21.0,8,8,8,Our World in Data / UNAIDS,2026-09-30 02:09:07
2862,KNA,Saint Kitts and Nevis,2010,0.51116,148,100,2.1409,5,33.67,24.9444,8,8,8,Our World in Data / UNAIDS,2026-09-30 02:09:07
2863,KNA,Saint Kitts and Nevis,2011,0.53142,154,100,2.1409,5,33.29,28.0,8,8,8,Our World in Data / UNAIDS,2026-09-30 02:09:07
2864,KNA,Saint Kitts and Nevis,2012,0.54876,159,100,2.1409,5,32.25,31.0,9,8,9,Our World in Data / UNAIDS,2026-09-30 02:09:07
2865,KNA,Saint Kitts and Nevis,2013,0.56671,164,100,2.1409,5,31.34,35.0,9,8,8,Our World in Data / UNAIDS,2026-09-30 02:09:07
2866,KNA,Saint Kitts and Nevis,2014,0.58703,170,100,2.1409,4,30.74,37.0,9,8,7,Our World in Data / UNAIDS,2026-09-30 02:09:07
2867,KNA,Saint Kitts and Nevis,2015,0.6091,176,100,2.1409,4,30.36,41.0,10,8,7,Our World in Data / UNAIDS,2026-09-30 02:09:07
2868,KNA,Saint Kitts and Nevis,2016,0.62935,182,100,2.1409,5,28.29,45.5,10,8,8,Our World in Data / UNAIDS,2026-09-30 02:09:07
2869,KNA,Saint Kitts and Nevis,2017,0.64887,188,100,2.1409,5,25.89,50.5,10,8,9,Our World in Data / UNAIDS,2026-09-30 02:09:07
2870,KNA,Saint Kitts and Nevis,2018,0.66743,193,100,2.1409,5,24.92,54.0,11,8,9,Our World in Data / UNAIDS,2026-09-30 02:09:07
2871,KNA,Saint Kitts and Nevis,2019,0.68523,198,100,2.1409,6,24.4,59.0,11,8,9,Our World in Data / UNAIDS,2026-09-30 02:09:07
2872,KNA,Saint Kitts and Nevis,2020,0.70515,204,100,2.1409,5,25.33,61.5,11,8,8,Our World in Data / UNAIDS,2026-09-30 02:09:07
2873,KNA,Saint Kitts and Nevis,2021,0.72633,210,100,2.1409,4,25.35,64.5,12,8,6,Our World in Data / UNAIDS,2026-09-30 02:09:07
2874,KNA,Saint Kitts and Nevis,2022,0.74659,216,100,2.1409,4,25.35,67.0,12,8,6,Our World in Data / UNAIDS,2026-09-30 02:09:07
2875,KOR,South Korea,2000,0.24165,77417,1650,0.0319,389,0.07,0.0,4258,124,642,Our World in Data / UNAIDS,2026-09-30 02:09:07
2876,KOR,South Korea,2001,0.25329,81146,1700,0.0329,363,0.09,0.0,4463,128,599,Our World in Data / UNAIDS,2026-09-30 02:09:07
2877,KOR,South Korea,2002,0.27393,87757,1700,0.0329,349,0.14,0.0,4827,128,575,Our World in Data / UNAIDS,2026-09-30 02:09:07
2878,KOR,South Korea,2003,0.30624,98108,1700,0.0329,386,0.14,1.5,5396,128,636,Our World in Data / UNAIDS,2026-09-30 02:09:07
2879,KOR,South Korea,2004,0.31623,101309,1550,0.03,445,0.16,3.0,5572,116,735,Our World in Data / UNAIDS,2026-09-30 02:09:07
2880,KOR,South Korea,2005,0.31956,102376,1500,0.029,400,0.15,6.5,5631,112,660,Our World in Data / UNAIDS,2026-09-30 02:09:07
2881,KOR,South Korea,2006,0.32438,103920,1450,0.0281,432,0.17,9.5,5716,109,712,Our World in Data / UNAIDS,2026-09-30 02:09:07
2882,KOR,South Korea,2007,0.3304,105849,1300,0.0252,566,0.23,13.0,5822,98,934,Our World in Data / UNAIDS,2026-09-30 02:09:07
2883,KOR,South Korea,2008,0.33243,106501,1250,0.0242,534,0.23,17.0,5858,94,880,Our World in Data / UNAIDS,2026-09-30 02:09:07
2884,KOR,South Korea,2009,0.32959,105589,1300,0.0252,470,0.22,21.0,5807,98,776,Our World in Data / UNAIDS,2026-09-30 02:09:07
2885,KOR,South Korea,2010,0.33193,106339,1300,0.0252,452,0.28,24.9444,5849,98,746,Our World in Data / UNAIDS,2026-09-30 02:09:07
2886,KOR,South Korea,2011,0.34874,111726,1250,0.0242,468,0.28,28.0,6145,94,772,Our World in Data / UNAIDS,2026-09-30 02:09:07
2887,KOR,South Korea,2012,0.36233,116078,1250,0.0242,487,0.28,31.0,6384,94,803,Our World in Data / UNAIDS,2026-09-30 02:09:07
2888,KOR,South Korea,2013,0.36732,117678,1300,0.0252,517,0.26,35.0,6472,98,853,Our World in Data / UNAIDS,2026-09-30 02:09:07
2889,KOR,South Korea,2014,0.36172,115883,1200,0.0232,449,0.26,37.0,6374,90,741,Our World in Data / UNAIDS,2026-09-30 02:09:07
2890,KOR,South Korea,2015,0.36479,116868,1250,0.0242,430,0.22,41.0,6428,94,709,Our World in Data / UNAIDS,2026-09-30 02:09:07
2891,KOR,South Korea,2016,0.37443,119956,1200,0.0232,442,0.19,45.5,6598,90,730,Our World in Data / UNAIDS,2026-09-30 02:09:07
2892,KOR,South Korea,2017,0.36894,118196,1200,0.0232,424,0.19,50.5,6501,90,699,Our World in Data / UNAIDS,2026-09-30 02:09:07
2893,KOR,South Korea,2018,0.36413,116655,1200,0.0232,381,0.18,54.0,6416,90,629,Our World in Data / UNAIDS,2026-09-30 02:09:07
2894,KOR,South Korea,2019,0.37023,118609,1200,0.0232,357,0.16,59.0,6523,90,589,Our World in Data / UNAIDS,2026-09-30 02:09:07
2895,KOR,South Korea,2020,0.39803,127517,1250,0.0242,369,0.12,61.5,7013,94,609,Our World in Data / UNAIDS,2026-09-30 02:09:07
2896,KOR,South Korea,2021,0.40203,128797,1300,0.0252,371,0.14,64.5,7084,98,613,Our World in Data / UNAIDS,2026-09-30 02:09:07
2897,KWT,Kuwait,1990,0.00724,206,1700,0.3704,65,0.08,26.0,11,128,107,Our World in Data / UNAIDS,2026-09-30 02:09:07
2898,KWT,Kuwait,1991,0.00766,218,1700,0.3704,97,0.08,26.0,12,128,161,Our World in Data / UNAIDS,2026-09-30 02:09:07
2899,KWT,Kuwait,1992,0.00807,230,1700,0.3704,142,0.08,26.0,13,128,235,Our World in Data / UNAIDS,2026-09-30 02:09:07
2900,KWT,Kuwait,1993,0.00838,238,1700,0.3704,180,0.08,26.0,13,128,298,Our World in Data / UNAIDS,2026-09-30 02:09:07
2901,KWT,Kuwait,1994,0.00894,254,1700,0.3704,227,0.08,26.0,14,128,374,Our World in Data / UNAIDS,2026-09-30 02:09:07
2902,KWT,Kuwait,1995,0.00954,271,1700,0.3704,249,0.08,26.0,15,128,411,Our World in Data / UNAIDS,2026-09-30 02:09:07
2903,KWT,Kuwait,1996,0.01011,288,1700,0.3704,318,0.08,26.0,16,128,525,Our World in Data / UNAIDS,2026-09-30 02:09:07
2904,KWT,Kuwait,1997,0.01071,305,1700,0.3704,259,0.08,26.0,17,128,427,Our World in Data / UNAIDS,2026-09-30 02:09:07
2905,KWT,Kuwait,1998,0.01132,322,1700,0.3704,301,0.08,26.0,18,128,497,Our World in Data / UNAIDS,2026-09-30 02:09:07
2906,KWT,Kuwait,1999,0.01199,341,1700,0.3704,372,0.08,26.0,19,128,614,Our World in Data / UNAIDS,2026-09-30 02:09:07
2907,KWT,Kuwait,2000,0.01269,361,1650,0.3595,389,0.08,26.0,20,124,642,Our World in Data / UNAIDS,2026-09-30 02:09:07
2908,KWT,Kuwait,2001,0.01341,382,1700,0.3704,363,0.09,29.0,21,128,599,Our World in Data / UNAIDS,2026-09-30 02:09:07
2909,KWT,Kuwait,2002,0.01423,405,1700,0.3704,349,0.09,35.0,22,128,575,Our World in Data / UNAIDS,2026-09-30 02:09:07
2910,KWT,Kuwait,2003,0.01515,431,1700,0.3704,386,0.09,35.0,24,128,636,Our World in Data / UNAIDS,2026-09-30 02:09:07
2911,KWT,Kuwait,2004,0.01616,460,1550,0.3377,445,0.09,35.0,25,116,735,Our World in Data / UNAIDS,2026-09-30 02:09:07
2912,KWT,Kuwait,2005,0.01695,482,1500,0.3268,400,0.09,39.0,27,112,660,Our World in Data / UNAIDS,2026-09-30 02:09:07
2913,KWT,Kuwait,2006,0.01768,503,1450,0.3159,432,0.09,36.0,28,109,712,Our World in Data / UNAIDS,2026-09-30 02:09:07
2914,KWT,Kuwait,2007,0.01852,527,1300,0.2832,566,0.11,34.0,29,98,934,Our World in Data / UNAIDS,2026-09-30 02:09:07
2915,KWT,Kuwait,2008,0.01941,552,1250,0.2724,534,0.09,32.0,30,94,880,Our World in Data / UNAIDS,2026-09-30 02:09:07
2916,KWT,Kuwait,2009,0.02034,579,1300,0.2832,470,0.1,31.0,32,98,776,Our World in Data / UNAIDS,2026-09-30 02:09:07
2917,KWT,Kuwait,2010,0.02133,607,1300,0.2832,452,0.11,32.0,33,98,746,Our World in Data / UNAIDS,2026-09-30 02:09:07
2918,KWT,Kuwait,2011,0.02287,651,1250,0.2724,468,0.12,32.0,36,94,772,Our World in Data / UNAIDS,2026-09-30 02:09:07
2919,KWT,Kuwait,2012,0.0241,686,1250,0.2724,487,0.12,31.0,38,94,803,Our World in Data / UNAIDS,2026-09-30 02:09:07
2920,KWT,Kuwait,2013,0.02535,721,1300,0.2832,517,0.14,34.0,40,98,853,Our World in Data / UNAIDS,2026-09-30 02:09:07
2921,KWT,Kuwait,2014,0.02665,758,1200,0.2615,449,0.18,33.0,42,90,741,Our World in Data / UNAIDS,2026-09-30 02:09:07
2922,KWT,Kuwait,2015,0.02795,795,1250,0.2724,430,0.2,32.0,44,94,709,Our World in Data / UNAIDS,2026-09-30 02:09:07
2923,KWT,Kuwait,2016,0.02922,831,1200,0.2615,442,0.29,35.0,46,90,730,Our World in Data / UNAIDS,2026-09-30 02:09:07
2924,KWT,Kuwait,2017,0.03053,869,1200,0.2615,424,0.27,36.0,48,90,699,Our World in Data / UNAIDS,2026-09-30 02:09:07
2925,KWT,Kuwait,2018,0.03174,903,1200,0.2615,381,0.29,38.0,50,90,629,Our World in Data / UNAIDS,2026-09-30 02:09:07
2926,KWT,Kuwait,2019,0.03269,930,1200,0.2615,357,0.31,43.0,51,90,589,Our World in Data / UNAIDS,2026-09-30 02:09:07
2927,KWT,Kuwait,2020,0.03355,955,1250,0.2724,369,0.25,50.0,53,94,609,Our World in Data / UNAIDS,2026-09-30 02:09:07
2928,KWT,Kuwait,2021,0.04061,1156,1300,0.2832,371,0.22,50.0,64,98,613,Our World in Data / UNAIDS,2026-09-30 02:09:07
2929,KWT,Kuwait,2022,0.04224,1202,1200,0.2615,355,0.22,50.0,66,90,585,Our World in Data / UNAIDS,2026-09-30 02:09:07
2930,LAO,Laos,1990,0.00082,38,650,0.086,0,1.24,0.0,2,49,1,Our World in Data / UNAIDS,2026-09-30 02:09:07
2931,LAO,Laos,1991,0.00175,82,650,0.086,1,1.24,0.0,5,49,2,Our World in Data / UNAIDS,2026-09-30 02:09:07
2932,LAO,Laos,1992,0.00318,149,650,0.086,2,1.24,0.0,8,49,3,Our World in Data / UNAIDS,2026-09-30 02:09:07
2933,LAO,Laos,1993,0.00533,250,650,0.086,4,1.24,0.0,14,49,6,Our World in Data / UNAIDS,2026-09-30 02:09:07
2934,LAO,Laos,1994,0.00853,400,650,0.086,6,1.24,0.0,22,49,10,Our World in Data / UNAIDS,2026-09-30 02:09:07
2935,LAO,Laos,1995,0.01319,618,650,0.086,9,1.24,0.0,34,49,15,Our World in Data / UNAIDS,2026-09-30 02:09:07
2936,LAO,Laos,1996,0.02053,962,650,0.086,15,1.24,0.0,53,49,24,Our World in Data / UNAIDS,2026-09-30 02:09:07
2937,LAO,Laos,1997,0.03262,1529,650,0.086,23,1.24,0.0,84,49,38,Our World in Data / UNAIDS,2026-09-30 02:09:07
2938,LAO,Laos,1998,0.04833,2265,650,0.086,35,1.24,0.0,125,49,57,Our World in Data / UNAIDS,2026-09-30 02:09:07
2939,LAO,Laos,1999,0.06433,3015,650,0.086,50,1.24,0.0,166,49,83,Our World in Data / UNAIDS,2026-09-30 02:09:07
2940,LAO,Laos,2000,0.08257,3870,650,0.086,70,1.24,0.0,213,49,115,Our World in Data / UNAIDS,2026-09-30 02:09:07
2941,LAO,Laos,2001,0.10348,4850,790,0.1045,94,1.63,0.0,267,59,155,Our World in Data / UNAIDS,2026-09-30 02:09:07
2942,LAO,Laos,2002,0.12411,5817,850,0.1124,120,2.07,0.0,320,64,198,Our World in Data / UNAIDS,2026-09-30 02:09:07
2943,LAO,Laos,2003,0.14273,6689,870,0.1151,147,2.48,1.0,368,65,242,Our World in Data / UNAIDS,2026-09-30 02:09:07
2944,LAO,Laos,2004,0.15965,7482,890,0.1177,174,3.03,4.0,412,67,287,Our World in Data / UNAIDS,2026-09-30 02:09:07
2945,LAO,Laos,2005,0.17619,8257,920,0.1217,185,3.16,6.0,454,69,306,Our World in Data / UNAIDS,2026-09-30 02:09:07
2946,LAO,Laos,2006,0.19305,9047,960,0.127,191,3.27,8.0,498,72,316,Our World in Data / UNAIDS,2026-09-30 02:09:07
2947,LAO,Laos,2007,0.21001,9842,1000,0.1323,204,3.44,10.0,541,75,336,Our World in Data / UNAIDS,2026-09-30 02:09:07
2948,LAO,Laos,2008,0.22618,10600,1000,0.1323,214,3.52,14.0,583,75,352,Our World in Data / UNAIDS,2026-09-30 02:09:07
2949,LAO,Laos,2009,0.2419,11337,1100,0.1455,218,3.53,17.0,624,82,359,Our World in Data / UNAIDS,2026-09-30 02:09:07
2950,LAO,Laos,2010,0.25716,12052,1100,0.1455,228,3.66,18.0,663,82,376,Our World in Data / UNAIDS,2026-09-30 02:09:07
2951,LAO,Laos,2011,0.27121,12710,1100,0.1455,263,4.13,20.0,699,82,433,Our World in Data / UNAIDS,2026-09-30 02:09:07
2952,LAO,Laos,2012,0.28462,13339,1100,0.1455,299,4.71,22.0,734,82,494,Our World in Data / UNAIDS,2026-09-30 02:09:07
2953,LAO,Laos,2013,0.29761,13948,1200,0.1588,324,5.0,24.0,767,90,535,Our World in Data / UNAIDS,2026-09-30 02:09:07
2954,LAO,Laos,2014,0.31006,14531,1200,0.1588,339,5.17,27.0,799,90,560,Our World in Data / UNAIDS,2026-09-30 02:09:07
2955,LAO,Laos,2015,0.32228,15104,1200,0.1588,343,5.13,29.0,831,90,566,Our World in Data / UNAIDS,2026-09-30 02:09:07
2956,LAO,Laos,2016,0.33463,15683,1200,0.1588,345,5.08,33.0,863,90,570,Our World in Data / UNAIDS,2026-09-30 02:09:07
2957,LAO,Laos,2017,0.34726,16275,1300,0.172,351,5.08,38.0,895,98,579,Our World in Data / UNAIDS,2026-09-30 02:09:07
2958,LAO,Laos,2018,0.35974,16860,1300,0.172,350,4.94,41.0,927,98,578,Our World in Data / UNAIDS,2026-09-30 02:09:07
2959,LAO,Laos,2019,0.37139,17406,1300,0.172,357,4.96,44.0,957,98,588,Our World in Data / UNAIDS,2026-09-30 02:09:07
2960,LAO,Laos,2020,0.38187,17897,1300,0.172,369,4.97,47.0,984,98,609,Our World in Data / UNAIDS,2026-09-30 02:09:07
2961,LAO,Laos,2021,0.39145,18346,1300,0.172,377,4.86,49.0,1009,98,621,Our World in Data / UNAIDS,2026-09-30 02:09:07
2962,LAO,Laos,2022,0.40081,18784,1300,0.172,382,4.86,54.0,1033,98,630,Our World in Data / UNAIDS,2026-09-30 02:09:07
2963,LBN,Lebanon,1990,0.00925,329,1700,0.2959,65,1.03,3.0,18,128,107,Our World in Data / UNAIDS,2026-09-30 02:09:07
2964,LBN,Lebanon,1991,0.01025,365,1700,0.2959,97,1.03,3.0,20,128,161,Our World in Data / UNAIDS,2026-09-30 02:09:07
2965,LBN,Lebanon,1992,0.01126,401,1700,0.2959,142,1.03,3.0,22,128,235,Our World in Data / UNAIDS,2026-09-30 02:09:07
2966,LBN,Lebanon,1993,0.01229,438,1700,0.2959,180,1.03,3.0,24,128,298,Our World in Data / UNAIDS,2026-09-30 02:09:07
2967,LBN,Lebanon,1994,0.01333,475,1700,0.2959,227,1.03,3.0,26,128,374,Our World in Data / UNAIDS,2026-09-30 02:09:07
2968,LBN,Lebanon,1995,0.01439,513,1700,0.2959,249,1.03,3.0,28,128,411,Our World in Data / UNAIDS,2026-09-30 02:09:07
2969,LBN,Lebanon,1996,0.01544,550,1700,0.2959,318,1.03,3.0,30,128,525,Our World in Data / UNAIDS,2026-09-30 02:09:07
2970,LBN,Lebanon,1997,0.01649,587,1700,0.2959,259,1.03,3.0,32,128,427,Our World in Data / UNAIDS,2026-09-30 02:09:07
2971,LBN,Lebanon,1998,0.01753,624,1700,0.2959,301,1.03,3.0,34,128,497,Our World in Data / UNAIDS,2026-09-30 02:09:07
2972,LBN,Lebanon,1999,0.01858,662,1700,0.2959,372,1.03,3.0,36,128,614,Our World in Data / UNAIDS,2026-09-30 02:09:07
2973,LBN,Lebanon,2000,0.01972,702,1650,0.2872,389,1.03,3.0,39,124,642,Our World in Data / UNAIDS,2026-09-30 02:09:07
2974,LBN,Lebanon,2001,0.02103,749,1700,0.2959,363,0.99,7.0,41,128,599,Our World in Data / UNAIDS,2026-09-30 02:09:07
2975,LBN,Lebanon,2002,0.02247,800,1700,0.2959,349,0.91,11.0,44,128,575,Our World in Data / UNAIDS,2026-09-30 02:09:07
2976,LBN,Lebanon,2003,0.024,855,1700,0.2959,386,0.77,14.0,47,128,636,Our World in Data / UNAIDS,2026-09-30 02:09:07
2977,LBN,Lebanon,2004,0.02558,911,1550,0.2698,445,0.76,18.0,50,116,735,Our World in Data / UNAIDS,2026-09-30 02:09:07
2978,LBN,Lebanon,2005,0.02719,968,1500,0.2611,400,0.75,21.0,53,112,660,Our World in Data / UNAIDS,2026-09-30 02:09:07
2979,LBN,Lebanon,2006,0.02879,1025,1450,0.2524,432,0.91,23.0,56,109,712,Our World in Data / UNAIDS,2026-09-30 02:09:07
2980,LBN,Lebanon,2007,0.0304,1083,1300,0.2263,566,0.92,26.0,60,98,934,Our World in Data / UNAIDS,2026-09-30 02:09:07
2981,LBN,Lebanon,2008,0.032,1140,1250,0.2176,534,0.95,29.0,63,94,880,Our World in Data / UNAIDS,2026-09-30 02:09:07
2982,LBN,Lebanon,2009,0.03359,1196,1300,0.2263,470,0.99,33.0,66,98,776,Our World in Data / UNAIDS,2026-09-30 02:09:07
2983,LBN,Lebanon,2010,0.03514,1252,1300,0.2263,452,0.99,37.0,69,98,746,Our World in Data / UNAIDS,2026-09-30 02:09:07
2984,LBN,Lebanon,2011,0.03663,1305,1250,0.2176,468,1.06,42.0,72,94,772,Our World in Data / UNAIDS,2026-09-30 02:09:07
2985,LBN,Lebanon,2012,0.03807,1356,1250,0.2176,487,1.02,44.0,75,94,803,Our World in Data / UNAIDS,2026-09-30 02:09:07
2986,LBN,Lebanon,2013,0.03938,1403,1300,0.2263,517,1.02,43.0,77,98,853,Our World in Data / UNAIDS,2026-09-30 02:09:07
2987,LBN,Lebanon,2014,0.0406,1446,1200,0.2089,449,1.24,45.0,80,90,741,Our World in Data / UNAIDS,2026-09-30 02:09:07
2988,LBN,Lebanon,2015,0.04142,1475,1250,0.2176,430,1.51,52.0,81,94,709,Our World in Data / UNAIDS,2026-09-30 02:09:07
2989,LBN,Lebanon,2016,0.04268,1520,1200,0.2089,442,1.4,61.0,84,90,730,Our World in Data / UNAIDS,2026-09-30 02:09:07
2990,LBN,Lebanon,2017,0.04476,1594,1200,0.2089,424,1.29,70.0,88,90,699,Our World in Data / UNAIDS,2026-09-30 02:09:07
2991,LBN,Lebanon,2018,0.04745,1690,1200,0.2089,381,1.13,76.0,93,90,629,Our World in Data / UNAIDS,2026-09-30 02:09:07
2992,LBN,Lebanon,2019,0.05045,1797,1200,0.2089,357,0.96,86.0,99,90,589,Our World in Data / UNAIDS,2026-09-30 02:09:07
2993,LBN,Lebanon,2020,0.05589,1991,1250,0.2176,369,0.85,85.0,110,94,609,Our World in Data / UNAIDS,2026-09-30 02:09:07
2994,LBN,Lebanon,2021,0.06182,2202,1300,0.2263,371,0.7,81.0,121,98,613,Our World in Data / UNAIDS,2026-09-30 02:09:07
2995,LBN,Lebanon,2022,0.06795,2420,1200,0.2089,355,0.7,79.0,133,90,585,Our World in Data / UNAIDS,2026-09-30 02:09:07
2996,LBR,Liberia,1990,1.78004,59301,1700,0.3164,1075,97.87,0.0,3262,128,1775,Our World in Data / UNAIDS,2026-09-30 02:09:07
2997,LBR,Liberia,1991,2.16086,71988,1700,0.3164,1040,97.87,0.0,3959,128,1716,Our World in Data / UNAIDS,2026-09-30 02:09:07
2998,LBR,Liberia,1992,2.44397,81419,1700,0.3164,1365,97.87,0.0,4478,128,2253,Our World in Data / UNAIDS,2026-09-30 02:09:07
2999,LBR,Liberia,1993,2.65158,88336,1700,0.3164,1699,97.87,0.0,4858,128,2803,Our World in Data / UNAIDS,2026-09-30 02:09:07
3000,LBR,Liberia,1994,2.78101,92648,1700,0.3164,2000,97.87,0.0,5096,128,3301,Our World in Data / UNAIDS,2026-09-30 02:09:07
3001,LBR,Liberia,1995,2.83192,94344,1700,0.3164,2165,97.87,0.0,5189,128,3572,Our World in Data / UNAIDS,2026-09-30 02:09:07
3002,LBR,Liberia,1996,2.85655,95164,1700,0.3164,2487,97.87,0.0,5234,128,4104,Our World in Data / UNAIDS,2026-09-30 02:09:07
3003,LBR,Liberia,1997,2.88227,96021,1700,0.3164,2707,97.87,0.0,5281,128,4466,Our World in Data / UNAIDS,2026-09-30 02:09:07
3004,LBR,Liberia,1998,2.86016,95285,1700,0.3164,3304,97.87,0.0,5241,128,5452,Our World in Data / UNAIDS,2026-09-30 02:09:07
3005,LBR,Liberia,1999,2.80079,93307,1700,0.3164,3670,97.87,0.0,5132,128,6056,Our World in Data / UNAIDS,2026-09-30 02:09:07
3006,LBR,Liberia,2000,2.72293,90713,1650,0.3071,3947,97.87,0.0,4989,124,6512,Our World in Data / UNAIDS,2026-09-30 02:09:07
3007,LBR,Liberia,2001,2.62239,87363,1700,0.3164,4109,100.64,0.0,4805,128,6779,Our World in Data / UNAIDS,2026-09-30 02:09:07
3008,LBR,Liberia,2002,2.50696,83518,1700,0.3164,4237,102.83,0.0,4593,128,6991,Our World in Data / UNAIDS,2026-09-30 02:09:07
3009,LBR,Liberia,2003,2.38701,79522,1700,0.3164,4276,104.84,0.0,4374,128,7056,Our World in Data / UNAIDS,2026-09-30 02:09:07
3010,LBR,Liberia,2004,2.27176,75682,1550,0.2885,4183,103.03,0.0,4163,116,6902,Our World in Data / UNAIDS,2026-09-30 02:09:07
3011,LBR,Liberia,2005,2.1523,71703,1500,0.2792,4199,100.5,0.0,3944,112,6928,Our World in Data / UNAIDS,2026-09-30 02:09:07
3012,LBR,Liberia,2006,2.04677,68187,1450,0.2699,4146,94.27,2.0,3750,109,6840,Our World in Data / UNAIDS,2026-09-30 02:09:07
3013,LBR,Liberia,2007,1.94762,64884,1300,0.2419,3999,87.13,3.0,3569,98,6598,Our World in Data / UNAIDS,2026-09-30 02:09:07
3014,LBR,Liberia,2008,1.85639,61845,1250,0.2326,3926,83.17,4.0,3401,94,6477,Our World in Data / UNAIDS,2026-09-30 02:09:07
3015,LBR,Liberia,2009,1.77304,59068,1300,0.2419,3721,76.9,7.0,3249,98,6140,Our World in Data / UNAIDS,2026-09-30 02:09:07
3016,LBR,Liberia,2010,1.70036,56647,1300,0.2419,3408,68.51,10.0,3116,98,5623,Our World in Data / UNAIDS,2026-09-30 02:09:07
3017,LBR,Liberia,2011,1.63473,54460,1250,0.2326,3150,61.3,13.0,2995,94,5197,Our World in Data / UNAIDS,2026-09-30 02:09:07
3018,LBR,Liberia,2012,1.56747,52219,1250,0.2326,3155,59.77,12.0,2872,94,5206,Our World in Data / UNAIDS,2026-09-30 02:09:07
3019,LBR,Liberia,2013,1.50239,50051,1300,0.2419,3098,57.62,15.0,2753,98,5111,Our World in Data / UNAIDS,2026-09-30 02:09:07
3020,LBR,Liberia,2014,1.43646,47855,1200,0.2233,3038,55.75,16.0,2632,90,5013,Our World in Data / UNAIDS,2026-09-30 02:09:07
3021,LBR,Liberia,2015,1.37253,45725,1250,0.2326,2924,53.59,18.0,2515,94,4824,Our World in Data / UNAIDS,2026-09-30 02:09:07
3022,LBR,Liberia,2016,1.30911,43612,1200,0.2233,2764,49.66,20.0,2399,90,4561,Our World in Data / UNAIDS,2026-09-30 02:09:07
3023,LBR,Liberia,2017,1.25155,41695,1200,0.2233,2410,42.09,30.0,2293,90,3977,Our World in Data / UNAIDS,2026-09-30 02:09:07
3024,LBR,Liberia,2018,1.20383,40105,1200,0.2233,1957,32.58,36.0,2206,90,3230,Our World in Data / UNAIDS,2026-09-30 02:09:07
3025,LBR,Liberia,2019,1.15807,38580,1200,0.2233,1729,27.69,41.0,2122,90,2853,Our World in Data / UNAIDS,2026-09-30 02:09:07
3026,LBR,Liberia,2020,1.11047,36995,1250,0.2326,1585,24.19,49.0,2035,94,2616,Our World in Data / UNAIDS,2026-09-30 02:09:07
3027,LBR,Liberia,2021,1.06417,35452,1300,0.2419,1343,20.17,57.0,1950,98,2217,Our World in Data / UNAIDS,2026-09-30 02:09:07
3028,LBR,Liberia,2022,1.01676,33873,1200,0.2233,1164,20.17,67.0,1863,90,1921,Our World in Data / UNAIDS,2026-09-30 02:09:07
3029,LBY,Libya,1990,0.00102,46,500,0.0692,1,0.43,12.0,3,38,1,Our World in Data / UNAIDS,2026-09-30 02:09:07
3030,LBY,Libya,1991,0.00173,77,500,0.0692,1,0.43,12.0,4,38,2,Our World in Data / UNAIDS,2026-09-30 02:09:07
3031,LBY,Libya,1992,0.00281,126,500,0.0692,2,0.43,12.0,7,38,3,Our World in Data / UNAIDS,2026-09-30 02:09:07
3032,LBY,Libya,1993,0.00438,196,500,0.0692,3,0.43,12.0,11,38,4,Our World in Data / UNAIDS,2026-09-30 02:09:07
3033,LBY,Libya,1994,0.00654,293,500,0.0692,4,0.43,12.0,16,38,7,Our World in Data / UNAIDS,2026-09-30 02:09:07
3034,LBY,Libya,1995,0.00935,419,500,0.0692,7,0.43,12.0,23,38,11,Our World in Data / UNAIDS,2026-09-30 02:09:07
3035,LBY,Libya,1996,0.01289,577,500,0.0692,10,0.43,12.0,32,38,17,Our World in Data / UNAIDS,2026-09-30 02:09:07
3036,LBY,Libya,1997,0.01713,767,500,0.0692,15,0.43,12.0,42,38,25,Our World in Data / UNAIDS,2026-09-30 02:09:07
3037,LBY,Libya,1998,0.02205,988,500,0.0692,21,0.43,12.0,54,38,35,Our World in Data / UNAIDS,2026-09-30 02:09:07
3038,LBY,Libya,1999,0.02751,1232,500,0.0692,29,0.43,12.0,68,38,48,Our World in Data / UNAIDS,2026-09-30 02:09:07
3039,LBY,Libya,2000,0.03341,1496,500,0.0692,28,0.43,12.0,82,38,47,Our World in Data / UNAIDS,2026-09-30 02:09:07
3040,LBY,Libya,2001,0.03935,1762,500,0.0692,28,0.4,13.0,97,38,46,Our World in Data / UNAIDS,2026-09-30 02:09:07
3041,LBY,Libya,2002,0.04538,2032,500,0.0692,32,0.46,15.0,112,38,53,Our World in Data / UNAIDS,2026-09-30 02:09:07
3042,LBY,Libya,2003,0.05152,2307,500,0.0692,37,0.57,13.0,127,38,61,Our World in Data / UNAIDS,2026-09-30 02:09:07
3043,LBY,Libya,2004,0.05779,2588,500,0.0692,45,0.66,18.0,142,38,75,Our World in Data / UNAIDS,2026-09-30 02:09:07
3044,LBY,Libya,2005,0.06392,2863,500,0.0692,51,0.73,20.0,157,38,84,Our World in Data / UNAIDS,2026-09-30 02:09:07
3045,LBY,Libya,2006,0.07021,3145,500,0.0692,56,0.84,23.0,173,38,92,Our World in Data / UNAIDS,2026-09-30 02:09:07
3046,LBY,Libya,2007,0.07645,3424,500,0.0692,59,0.96,27.0,188,38,98,Our World in Data / UNAIDS,2026-09-30 02:09:07
3047,LBY,Libya,2008,0.08261,3700,500,0.0692,60,1.01,32.0,204,38,99,Our World in Data / UNAIDS,2026-09-30 02:09:07
3048,LBY,Libya,2009,0.0886,3968,500,0.0692,60,1.01,38.0,218,38,98,Our World in Data / UNAIDS,2026-09-30 02:09:07
3049,LBY,Libya,2010,0.09403,4211,500,0.0692,71,1.04,44.0,232,38,117,Our World in Data / UNAIDS,2026-09-30 02:09:07
3050,LBY,Libya,2011,0.1001,4483,500,0.0692,66,1.18,50.0,247,38,109,Our World in Data / UNAIDS,2026-09-30 02:09:07
3051,LBY,Libya,2012,0.1045,4680,500,0.0692,61,1.27,52.0,257,38,101,Our World in Data / UNAIDS,2026-09-30 02:09:07
3052,LBY,Libya,2013,0.10862,4865,500,0.0692,59,1.21,51.0,268,38,98,Our World in Data / UNAIDS,2026-09-30 02:09:07
3053,LBY,Libya,2014,0.11263,5044,500,0.0692,65,1.21,55.0,277,38,107,Our World in Data / UNAIDS,2026-09-30 02:09:07
3054,LBY,Libya,2015,0.11628,5208,500,0.0692,66,1.22,59.0,286,38,108,Our World in Data / UNAIDS,2026-09-30 02:09:07
3055,LBY,Libya,2016,0.11941,5348,500,0.0692,66,1.2,61.0,294,38,108,Our World in Data / UNAIDS,2026-09-30 02:09:07
3056,LBY,Libya,2017,0.1221,5469,500,0.0692,66,1.2,62.0,301,38,109,Our World in Data / UNAIDS,2026-09-30 02:09:07
3057,LBY,Libya,2018,0.12432,5568,500,0.0692,74,1.25,68.0,306,38,122,Our World in Data / UNAIDS,2026-09-30 02:09:07
3058,LBY,Libya,2019,0.12589,5638,500,0.0692,73,1.22,53.0,310,38,121,Our World in Data / UNAIDS,2026-09-30 02:09:07
3059,LBY,Libya,2020,0.12738,5705,500,0.0692,89,1.15,50.0,314,38,148,Our World in Data / UNAIDS,2026-09-30 02:09:07
3060,LBY,Libya,2021,0.12858,5759,500,0.0692,123,1.15,49.0,317,38,203,Our World in Data / UNAIDS,2026-09-30 02:09:07
3061,LBY,Libya,2022,0.12964,5806,500,0.0692,166,1.15,47.0,319,38,275,Our World in Data / UNAIDS,2026-09-30 02:09:07
3062,LCA,Saint Lucia,1990,0.13129,146,100,0.5593,6,3.4792,0.0,8,8,10,Our World in Data / UNAIDS,2026-09-30 02:09:07
3063,LCA,Saint Lucia,1991,0.13779,153,100,0.5593,7,3.976,0.0,8,8,12,Our World in Data / UNAIDS,2026-09-30 02:09:07
3064,LCA,Saint Lucia,1992,0.14419,160,100,0.5593,8,4.3323,0.0,9,8,13,Our World in Data / UNAIDS,2026-09-30 02:09:07
3065,LCA,Saint Lucia,1993,0.1503,167,100,0.5593,8,4.6941,0.0,9,8,14,Our World in Data / UNAIDS,2026-09-30 02:09:07
3066,LCA,Saint Lucia,1994,0.15636,173,100,0.5593,9,5.0692,0.0,10,8,15,Our World in Data / UNAIDS,2026-09-30 02:09:07
3067,LCA,Saint Lucia,1995,0.1624,180,100,0.5593,10,5.4604,0.0,10,8,16,Our World in Data / UNAIDS,2026-09-30 02:09:07
3068,LCA,Saint Lucia,1996,0.16953,188,100,0.5593,10,5.838,0.0,10,8,17,Our World in Data / UNAIDS,2026-09-30 02:09:07
3069,LCA,Saint Lucia,1997,0.17763,197,100,0.5593,11,6.3486,0.0,11,8,19,Our World in Data / UNAIDS,2026-09-30 02:09:07
3070,LCA,Saint Lucia,1998,0.1871,207,100,0.5593,11,6.1187,0.0,11,8,18,Our World in Data / UNAIDS,2026-09-30 02:09:07
3071,LCA,Saint Lucia,1999,0.19823,220,100,0.5593,10,5.668,0.0,12,8,17,Our World in Data / UNAIDS,2026-09-30 02:09:07
3072,LCA,Saint Lucia,2000,0.20904,232,100,0.5593,11,5.9153,0.0,13,8,17,Our World in Data / UNAIDS,2026-09-30 02:09:07
3073,LCA,Saint Lucia,2001,0.2196,243,100,0.5593,11,6.1631,0.0,13,8,18,Our World in Data / UNAIDS,2026-09-30 02:09:07
3074,LCA,Saint Lucia,2002,0.23107,256,100,0.5593,12,6.5807,0.0,14,8,19,Our World in Data / UNAIDS,2026-09-30 02:09:07
3075,LCA,Saint Lucia,2003,0.23809,264,100,0.5593,13,7.1045,1.5,15,8,21,Our World in Data / UNAIDS,2026-09-30 02:09:07
3076,LCA,Saint Lucia,2004,0.24469,271,100,0.5593,14,7.5514,3.0,15,8,22,Our World in Data / UNAIDS,2026-09-30 02:09:07
3077,LCA,Saint Lucia,2005,0.25169,279,100,0.5593,14,7.98,6.5,15,8,24,Our World in Data / UNAIDS,2026-09-30 02:09:07
3078,LCA,Saint Lucia,2006,0.26178,290,100,0.5593,13,7.3957,9.5,16,8,22,Our World in Data / UNAIDS,2026-09-30 02:09:07
3079,LCA,Saint Lucia,2007,0.2787,309,100,0.5593,10,5.6269,13.0,17,8,17,Our World in Data / UNAIDS,2026-09-30 02:09:07
3080,LCA,Saint Lucia,2008,0.29808,330,100,0.5593,7,4.0036,17.0,18,8,12,Our World in Data / UNAIDS,2026-09-30 02:09:07
3081,LCA,Saint Lucia,2009,0.31535,350,100,0.5593,6,3.4552,21.0,19,8,10,Our World in Data / UNAIDS,2026-09-30 02:09:07
3082,LCA,Saint Lucia,2010,0.32704,363,100,0.5593,7,4.0157,24.9444,20,8,12,Our World in Data / UNAIDS,2026-09-30 02:09:07
3083,LCA,Saint Lucia,2011,0.34153,379,100,0.5593,8,4.4634,28.0,21,8,13,Our World in Data / UNAIDS,2026-09-30 02:09:07
3084,LCA,Saint Lucia,2012,0.35966,399,100,0.5593,9,4.8654,31.0,22,8,14,Our World in Data / UNAIDS,2026-09-30 02:09:07
3085,LCA,Saint Lucia,2013,0.36866,409,100,0.5593,11,6.039,35.0,22,8,18,Our World in Data / UNAIDS,2026-09-30 02:09:07
3086,LCA,Saint Lucia,2014,0.37713,418,100,0.5593,11,6.2372,37.0,23,8,18,Our World in Data / UNAIDS,2026-09-30 02:09:07
3087,LCA,Saint Lucia,2015,0.38748,429,100,0.5593,12,6.5275,41.0,24,8,19,Our World in Data / UNAIDS,2026-09-30 02:09:07
3088,LCA,Saint Lucia,2016,0.39536,438,100,0.5593,12,6.6002,45.5,24,8,19,Our World in Data / UNAIDS,2026-09-30 02:09:07
3089,LCA,Saint Lucia,2017,0.40463,449,100,0.5593,12,6.8455,50.5,25,8,20,Our World in Data / UNAIDS,2026-09-30 02:09:07
3090,LCA,Saint Lucia,2018,0.4133,458,100,0.5593,12,6.7428,54.0,25,8,20,Our World in Data / UNAIDS,2026-09-30 02:09:07
3091,LCA,Saint Lucia,2019,0.42121,467,100,0.5593,10,5.771,59.0,26,8,17,Our World in Data / UNAIDS,2026-09-30 02:09:07
3092,LCA,Saint Lucia,2020,0.4301,477,100,0.5593,10,5.4745,61.5,26,8,16,Our World in Data / UNAIDS,2026-09-30 02:09:07
3093,LCA,Saint Lucia,2021,0.43766,485,100,0.5593,13,7.353,64.5,27,8,22,Our World in Data / UNAIDS,2026-09-30 02:09:07
3094,LCA,Saint Lucia,2022,0.44132,489,100,0.5593,20,11.1888,67.0,27,8,33,Our World in Data / UNAIDS,2026-09-30 02:09:07
3095,LKA,Sri Lanka,1990,0.0006,83,500,0.0225,1,0.43,0.0,5,38,2,Our World in Data / UNAIDS,2026-09-30 02:09:07
3096,LKA,Sri Lanka,1991,0.0011,151,500,0.0225,2,0.43,0.0,8,38,3,Our World in Data / UNAIDS,2026-09-30 02:09:07
3097,LKA,Sri Lanka,1992,0.00189,260,500,0.0225,4,0.43,0.0,14,38,6,Our World in Data / UNAIDS,2026-09-30 02:09:07
3098,LKA,Sri Lanka,1993,0.00305,419,500,0.0225,6,0.43,0.0,23,38,10,Our World in Data / UNAIDS,2026-09-30 02:09:07
3099,LKA,Sri Lanka,1994,0.00464,638,500,0.0225,11,0.43,0.0,35,38,18,Our World in Data / UNAIDS,2026-09-30 02:09:07
3100,LKA,Sri Lanka,1995,0.00676,930,500,0.0225,17,0.43,0.0,51,38,28,Our World in Data / UNAIDS,2026-09-30 02:09:07
3101,LKA,Sri Lanka,1996,0.00931,1280,500,0.0225,27,0.43,0.0,70,38,44,Our World in Data / UNAIDS,2026-09-30 02:09:07
3102,LKA,Sri Lanka,1997,0.01225,1685,500,0.0225,40,0.43,0.0,93,38,66,Our World in Data / UNAIDS,2026-09-30 02:09:07
3103,LKA,Sri Lanka,1998,0.01538,2115,500,0.0225,56,0.43,0.0,116,38,93,Our World in Data / UNAIDS,2026-09-30 02:09:07
3104,LKA,Sri Lanka,1999,0.01847,2540,500,0.0225,77,0.43,0.0,140,38,127,Our World in Data / UNAIDS,2026-09-30 02:09:07
3105,LKA,Sri Lanka,2000,0.0213,2929,500,0.0225,102,0.43,0.0,161,38,167,Our World in Data / UNAIDS,2026-09-30 02:09:07
3106,LKA,Sri Lanka,2001,0.02384,3279,500,0.0225,129,0.56,0.0,180,38,213,Our World in Data / UNAIDS,2026-09-30 02:09:07
3107,LKA,Sri Lanka,2002,0.02613,3593,500,0.0225,158,0.69,0.0,198,38,261,Our World in Data / UNAIDS,2026-09-30 02:09:07
3108,LKA,Sri Lanka,2003,0.02808,3862,500,0.0225,187,0.81,0.0,212,38,308,Our World in Data / UNAIDS,2026-09-30 02:09:07
3109,LKA,Sri Lanka,2004,0.0296,4071,500,0.0225,213,0.92,0.0,224,38,352,Our World in Data / UNAIDS,2026-09-30 02:09:07
3110,LKA,Sri Lanka,2005,0.03068,4219,500,0.0225,234,1.02,1.0,232,38,386,Our World in Data / UNAIDS,2026-09-30 02:09:07
3111,LKA,Sri Lanka,2006,0.03132,4307,500,0.0225,250,1.08,2.0,237,38,413,Our World in Data / UNAIDS,2026-09-30 02:09:07
3112,LKA,Sri Lanka,2007,0.03154,4337,500,0.0225,267,1.18,3.0,239,38,440,Our World in Data / UNAIDS,2026-09-30 02:09:07
3113,LKA,Sri Lanka,2008,0.0314,4318,500,0.0225,279,1.25,3.0,237,38,460,Our World in Data / UNAIDS,2026-09-30 02:09:07
3114,LKA,Sri Lanka,2009,0.03091,4251,500,0.0225,284,1.24,5.0,234,38,468,Our World in Data / UNAIDS,2026-09-30 02:09:07
3115,LKA,Sri Lanka,2010,0.03018,4150,500,0.0225,284,1.25,7.0,228,38,469,Our World in Data / UNAIDS,2026-09-30 02:09:07
3116,LKA,Sri Lanka,2011,0.0293,4029,500,0.0225,288,1.3,8.0,222,38,475,Our World in Data / UNAIDS,2026-09-30 02:09:07
3117,LKA,Sri Lanka,2012,0.02854,3925,500,0.0225,287,1.3,10.0,216,38,474,Our World in Data / UNAIDS,2026-09-30 02:09:07
3118,LKA,Sri Lanka,2013,0.028,3851,500,0.0225,277,1.25,13.0,212,38,457,Our World in Data / UNAIDS,2026-09-30 02:09:07
3119,LKA,Sri Lanka,2014,0.02778,3820,500,0.0225,264,1.2,16.0,210,38,436,Our World in Data / UNAIDS,2026-09-30 02:09:07
3120,LKA,Sri Lanka,2015,0.0279,3837,500,0.0225,249,1.12,20.0,211,38,411,Our World in Data / UNAIDS,2026-09-30 02:09:07
3121,LKA,Sri Lanka,2016,0.02826,3886,500,0.0225,227,0.96,26.0,214,38,375,Our World in Data / UNAIDS,2026-09-30 02:09:07
3122,LKA,Sri Lanka,2017,0.02872,3950,500,0.0225,205,0.86,31.0,217,38,338,Our World in Data / UNAIDS,2026-09-30 02:09:07
3123,LKA,Sri Lanka,2018,0.02927,4025,500,0.0225,186,0.76,37.0,221,38,307,Our World in Data / UNAIDS,2026-09-30 02:09:07
3124,LKA,Sri Lanka,2019,0.03004,4131,500,0.0225,167,0.64,41.0,227,38,276,Our World in Data / UNAIDS,2026-09-30 02:09:07
3125,LKA,Sri Lanka,2020,0.03098,4260,500,0.0225,152,0.52,47.0,234,38,250,Our World in Data / UNAIDS,2026-09-30 02:09:07
3126,LKA,Sri Lanka,2021,0.03209,4413,500,0.0225,138,0.42,49.0,243,38,228,Our World in Data / UNAIDS,2026-09-30 02:09:07
3127,LKA,Sri Lanka,2022,0.03332,4582,500,0.0225,129,0.42,55.0,252,38,212,Our World in Data / UNAIDS,2026-09-30 02:09:07
3128,LSO,Lesotho,1990,2.3382,33141,27000,11.8105,582,606.43,0.0,1823,2025,961,Our World in Data / UNAIDS,2026-09-30 02:09:07
3129,LSO,Lesotho,1991,3.75857,53274,27000,11.8105,971,606.43,0.0,2930,2025,1602,Our World in Data / UNAIDS,2026-09-30 02:09:07
3130,LSO,Lesotho,1992,5.76094,81655,27000,11.8105,1561,606.43,0.0,4491,2025,2576,Our World in Data / UNAIDS,2026-09-30 02:09:07
3131,LSO,Lesotho,1993,8.27098,117232,27000,11.8105,2392,606.43,0.0,6448,2025,3946,Our World in Data / UNAIDS,2026-09-30 02:09:07
3132,LSO,Lesotho,1994,11.15793,158151,27000,11.8105,3492,606.43,0.0,8698,2025,5763,Our World in Data / UNAIDS,2026-09-30 02:09:07
3133,LSO,Lesotho,1995,14.05848,199263,27000,11.8105,4856,606.43,0.0,10959,2025,8012,Our World in Data / UNAIDS,2026-09-30 02:09:07
3134,LSO,Lesotho,1996,16.59613,235232,27000,11.8105,6422,606.43,0.0,12938,2025,10597,Our World in Data / UNAIDS,2026-09-30 02:09:07
3135,LSO,Lesotho,1997,18.63057,264068,27000,11.8105,8115,606.43,0.0,14524,2025,13390,Our World in Data / UNAIDS,2026-09-30 02:09:07
3136,LSO,Lesotho,1998,20.14219,285493,27000,11.8105,9841,606.43,0.0,15702,2025,16238,Our World in Data / UNAIDS,2026-09-30 02:09:07
3137,LSO,Lesotho,1999,21.24526,301128,27000,11.8105,11583,606.43,0.0,16562,2025,19113,Our World in Data / UNAIDS,2026-09-30 02:09:07
3138,LSO,Lesotho,2000,22.01176,311992,27000,11.8105,13301,606.43,0.0,17160,2025,21946,Our World in Data / UNAIDS,2026-09-30 02:09:07
3139,LSO,Lesotho,2001,22.5236,319247,26000,11.373,14954,605.23,0.0,17559,1950,24674,Our World in Data / UNAIDS,2026-09-30 02:09:07
3140,LSO,Lesotho,2002,22.83311,323634,26000,11.373,16440,609.22,0.0,17800,1950,27127,Our World in Data / UNAIDS,2026-09-30 02:09:07
3141,LSO,Lesotho,2003,23.05424,326768,26000,11.373,17624,718.77,0.0,17972,1950,29080,Our World in Data / UNAIDS,2026-09-30 02:09:07
3142,LSO,Lesotho,2004,23.16673,328362,26000,11.373,18535,823.65,1.0,18060,1950,30583,Our World in Data / UNAIDS,2026-09-30 02:09:07
3143,LSO,Lesotho,2005,23.27878,329951,25000,10.9356,18308,833.01,3.0,18147,1875,30208,Our World in Data / UNAIDS,2026-09-30 02:09:07
3144,LSO,Lesotho,2006,23.48618,332890,25000,10.9356,16928,797.13,7.0,18309,1875,27931,Our World in Data / UNAIDS,2026-09-30 02:09:07
3145,LSO,Lesotho,2007,23.82172,337646,24000,10.4982,14020,652.06,15.0,18571,1800,23132,Our World in Data / UNAIDS,2026-09-30 02:09:07
3146,LSO,Lesotho,2008,24.21792,343262,24000,10.4982,11276,502.23,20.0,18879,1800,18605,Our World in Data / UNAIDS,2026-09-30 02:09:07
3147,LSO,Lesotho,2009,24.56474,348178,22000,9.6233,9379,427.74,27.0,19150,1650,15475,Our World in Data / UNAIDS,2026-09-30 02:09:07
3148,LSO,Lesotho,2010,24.77737,351192,19000,8.3111,8227,372.98,33.0,19316,1425,13575,Our World in Data / UNAIDS,2026-09-30 02:09:07
3149,LSO,Lesotho,2011,24.90431,352991,18000,7.8736,7612,345.7,34.0,19415,1350,12560,Our World in Data / UNAIDS,2026-09-30 02:09:07
3150,LSO,Lesotho,2012,24.92842,353332,17000,7.4362,7718,354.32,37.0,19433,1275,12735,Our World in Data / UNAIDS,2026-09-30 02:09:07
3151,LSO,Lesotho,2013,24.87802,352618,17000,7.4362,7780,354.94,40.0,19394,1275,12837,Our World in Data / UNAIDS,2026-09-30 02:09:07
3152,LSO,Lesotho,2014,24.68756,349919,15000,6.5614,7843,352.52,44.0,19246,1125,12940,Our World in Data / UNAIDS,2026-09-30 02:09:07
3153,LSO,Lesotho,2015,24.34674,345088,13000,5.6865,7631,337.53,51.0,18980,975,12591,Our World in Data / UNAIDS,2026-09-30 02:09:07
3154,LSO,Lesotho,2016,23.79542,337273,11000,4.8117,6973,300.91,61.0,18550,825,11506,Our World in Data / UNAIDS,2026-09-30 02:09:07
3155,LSO,Lesotho,2017,23.08467,327199,9100,3.9806,6322,268.69,68.0,17996,682,10431,Our World in Data / UNAIDS,2026-09-30 02:09:07
3156,LSO,Lesotho,2018,22.30416,316137,7400,3.2369,5617,233.85,71.0,17388,555,9268,Our World in Data / UNAIDS,2026-09-30 02:09:07
3157,LSO,Lesotho,2019,21.50185,304765,6600,2.887,5367,224.1,77.0,16762,495,8856,Our World in Data / UNAIDS,2026-09-30 02:09:07
3158,LSO,Lesotho,2020,20.68541,293193,5800,2.5371,5032,208.32,81.0,16126,435,8303,Our World in Data / UNAIDS,2026-09-30 02:09:07
3159,LSO,Lesotho,2021,19.82391,280982,4800,2.0996,4593,189.77,84.0,15454,360,7579,Our World in Data / UNAIDS,2026-09-30 02:09:07
3160,LSO,Lesotho,2022,18.9062,267974,3900,1.706,4263,189.77,87.0,14739,292,7034,Our World in Data / UNAIDS,2026-09-30 02:09:07
3161,LTU,Lithuania,1990,0.02693,473,200,0.0706,21,0.18,0.0,26,15,35,Our World in Data / UNAIDS,2026-09-30 02:09:07
3162,LTU,Lithuania,1991,0.03012,529,200,0.0706,25,0.18,0.0,29,15,42,Our World in Data / UNAIDS,2026-09-30 02:09:07
3163,LTU,Lithuania,1992,0.03319,583,200,0.0706,30,0.18,0.0,32,15,49,Our World in Data / UNAIDS,2026-09-30 02:09:07
3164,LTU,Lithuania,1993,0.03619,635,200,0.0706,35,0.18,0.0,35,15,57,Our World in Data / UNAIDS,2026-09-30 02:09:07
3165,LTU,Lithuania,1994,0.03922,689,200,0.0706,39,0.18,0.0,38,15,65,Our World in Data / UNAIDS,2026-09-30 02:09:07
3166,LTU,Lithuania,1995,0.04229,742,200,0.0706,44,0.18,0.0,41,15,73,Our World in Data / UNAIDS,2026-09-30 02:09:07
3167,LTU,Lithuania,1996,0.04544,798,200,0.0706,49,0.18,0.0,44,15,81,Our World in Data / UNAIDS,2026-09-30 02:09:07
3168,LTU,Lithuania,1997,0.04874,856,200,0.0706,54,0.18,0.0,47,15,89,Our World in Data / UNAIDS,2026-09-30 02:09:07
3169,LTU,Lithuania,1998,0.05213,915,200,0.0706,59,0.18,0.0,50,15,97,Our World in Data / UNAIDS,2026-09-30 02:09:07
3170,LTU,Lithuania,1999,0.05582,980,200,0.0706,64,0.18,0.0,54,15,105,Our World in Data / UNAIDS,2026-09-30 02:09:07
3171,LTU,Lithuania,2000,0.05991,1052,200,0.0706,69,0.18,0.0,58,15,113,Our World in Data / UNAIDS,2026-09-30 02:09:07
3172,LTU,Lithuania,2001,0.06425,1128,200,0.0706,74,0.15,0.0,62,15,122,Our World in Data / UNAIDS,2026-09-30 02:09:07
3173,LTU,Lithuania,2002,0.06906,1212,200,0.0706,79,0.15,0.0,67,15,131,Our World in Data / UNAIDS,2026-09-30 02:09:07
3174,LTU,Lithuania,2003,0.07462,1310,200,0.0706,77,0.22,2.0,72,15,127,Our World in Data / UNAIDS,2026-09-30 02:09:07
3175,LTU,Lithuania,2004,0.08086,1420,500,0.1766,74,0.22,3.0,78,38,122,Our World in Data / UNAIDS,2026-09-30 02:09:07
3176,LTU,Lithuania,2005,0.08726,1532,500,0.1766,79,0.1,4.0,84,38,131,Our World in Data / UNAIDS,2026-09-30 02:09:07
3177,LTU,Lithuania,2006,0.09367,1644,500,0.1766,84,0.2,4.0,90,38,139,Our World in Data / UNAIDS,2026-09-30 02:09:07
3178,LTU,Lithuania,2007,0.10032,1761,500,0.1766,88,0.37,5.0,97,38,144,Our World in Data / UNAIDS,2026-09-30 02:09:07
3179,LTU,Lithuania,2008,0.10762,1889,500,0.1766,87,0.47,7.0,104,38,144,Our World in Data / UNAIDS,2026-09-30 02:09:07
3180,LTU,Lithuania,2009,0.11496,2018,500,0.1766,91,0.45,7.0,111,38,150,Our World in Data / UNAIDS,2026-09-30 02:09:07
3181,LTU,Lithuania,2010,0.12176,2138,500,0.1766,100,0.64,8.0,118,38,165,Our World in Data / UNAIDS,2026-09-30 02:09:07
3182,LTU,Lithuania,2011,0.12914,2267,500,0.1766,98,0.66,10.0,125,38,161,Our World in Data / UNAIDS,2026-09-30 02:09:07
3183,LTU,Lithuania,2012,0.1373,2410,500,0.1766,88,1.03,12.0,133,38,145,Our World in Data / UNAIDS,2026-09-30 02:09:07
3184,LTU,Lithuania,2013,0.14641,2570,500,0.1766,70,0.96,18.0,141,38,116,Our World in Data / UNAIDS,2026-09-30 02:09:07
3185,LTU,Lithuania,2014,0.15496,2721,500,0.1766,78,0.83,14.0,150,38,129,Our World in Data / UNAIDS,2026-09-30 02:09:07
3186,LTU,Lithuania,2015,0.16289,2860,500,0.1766,85,0.59,22.0,157,38,140,Our World in Data / UNAIDS,2026-09-30 02:09:07
3187,LTU,Lithuania,2016,0.17208,3021,500,0.1766,61,1.27,25.0,166,38,101,Our World in Data / UNAIDS,2026-09-30 02:09:07
3188,LTU,Lithuania,2017,0.18199,3195,200,0.0706,58,1.23,29.0,176,15,95,Our World in Data / UNAIDS,2026-09-30 02:09:07
3189,LTU,Lithuania,2018,0.1924,3378,200,0.0706,41,0.98,38.0,186,15,68,Our World in Data / UNAIDS,2026-09-30 02:09:07
3190,LTU,Lithuania,2019,0.20327,3569,200,0.0706,34,0.8,40.0,196,15,55,Our World in Data / UNAIDS,2026-09-30 02:09:07
3191,LTU,Lithuania,2020,0.2124,3729,200,0.0706,45,1.03,39.0,205,15,75,Our World in Data / UNAIDS,2026-09-30 02:09:07
3192,LTU,Lithuania,2021,0.21694,3809,200,0.0706,64,1.08,39.0,209,15,106,Our World in Data / UNAIDS,2026-09-30 02:09:07
3193,LTU,Lithuania,2022,0.2104,3694,200,0.0706,66,1.08,44.0,203,15,109,Our World in Data / UNAIDS,2026-09-30 02:09:07
3194,LUX,Luxembourg,1990,0.08737,354,100,0.1531,7,0.59,40.0,19,8,12,Our World in Data / UNAIDS,2026-09-30 02:09:07
3195,LUX,Luxembourg,1991,0.09859,399,100,0.1531,9,0.59,40.0,22,8,15,Our World in Data / UNAIDS,2026-09-30 02:09:07
3196,LUX,Luxembourg,1992,0.10716,434,100,0.1531,11,0.59,40.0,24,8,19,Our World in Data / UNAIDS,2026-09-30 02:09:07
3197,LUX,Luxembourg,1993,0.11297,457,100,0.1531,14,0.59,40.0,25,8,22,Our World in Data / UNAIDS,2026-09-30 02:09:07
3198,LUX,Luxembourg,1994,0.11665,472,100,0.1531,16,0.59,40.0,26,8,26,Our World in Data / UNAIDS,2026-09-30 02:09:07
3199,LUX,Luxembourg,1995,0.12152,492,100,0.1531,10,0.59,40.0,27,8,16,Our World in Data / UNAIDS,2026-09-30 02:09:07
3200,LUX,Luxembourg,1996,0.1276,517,100,0.1531,5,0.59,40.0,28,8,7,Our World in Data / UNAIDS,2026-09-30 02:09:07
3201,LUX,Luxembourg,1997,0.1336,541,100,0.1531,3,0.59,40.0,30,8,5,Our World in Data / UNAIDS,2026-09-30 02:09:07
3202,LUX,Luxembourg,1998,0.13942,565,100,0.1531,3,0.59,40.0,31,8,5,Our World in Data / UNAIDS,2026-09-30 02:09:07
3203,LUX,Luxembourg,1999,0.14486,587,100,0.1531,3,0.59,40.0,32,8,5,Our World in Data / UNAIDS,2026-09-30 02:09:07
3204,LUX,Luxembourg,2000,0.14968,606,100,0.1531,3,0.59,40.0,33,8,5,Our World in Data / UNAIDS,2026-09-30 02:09:07
3205,LUX,Luxembourg,2001,0.15527,629,100,0.1531,4,0.58,41.0,35,8,6,Our World in Data / UNAIDS,2026-09-30 02:09:07
3206,LUX,Luxembourg,2002,0.16135,653,100,0.1531,4,0.63,42.0,36,8,7,Our World in Data / UNAIDS,2026-09-30 02:09:07
3207,LUX,Luxembourg,2003,0.16688,676,100,0.1531,5,0.79,41.0,37,8,9,Our World in Data / UNAIDS,2026-09-30 02:09:07
3208,LUX,Luxembourg,2004,0.17261,699,100,0.1531,7,0.54,42.0,38,8,12,Our World in Data / UNAIDS,2026-09-30 02:09:07
3209,LUX,Luxembourg,2005,0.17865,723,100,0.1531,7,0.69,45.0,40,8,12,Our World in Data / UNAIDS,2026-09-30 02:09:07
3210,LUX,Luxembourg,2006,0.18575,752,100,0.1531,5,0.65,48.0,41,8,9,Our World in Data / UNAIDS,2026-09-30 02:09:07
3211,LUX,Luxembourg,2007,0.19291,781,100,0.1531,5,1.05,47.0,43,8,8,Our World in Data / UNAIDS,2026-09-30 02:09:07
3212,LUX,Luxembourg,2008,0.20026,811,100,0.1531,5,0.58,50.0,45,8,8,Our World in Data / UNAIDS,2026-09-30 02:09:07
3213,LUX,Luxembourg,2009,0.2035,824,100,0.1531,5,0.42,51.0,45,8,8,Our World in Data / UNAIDS,2026-09-30 02:09:07
3214,LUX,Luxembourg,2010,0.2106,853,100,0.1531,4,0.34,53.0,47,8,7,Our World in Data / UNAIDS,2026-09-30 02:09:07
3215,LUX,Luxembourg,2011,0.21664,877,100,0.1531,4,0.81,56.0,48,8,7,Our World in Data / UNAIDS,2026-09-30 02:09:07
3216,LUX,Luxembourg,2012,0.22297,903,100,0.1531,4,1.03,59.0,50,8,6,Our World in Data / UNAIDS,2026-09-30 02:09:07
3217,LUX,Luxembourg,2013,0.22922,928,100,0.1531,3,1.02,59.0,51,8,6,Our World in Data / UNAIDS,2026-09-30 02:09:07
3218,LUX,Luxembourg,2014,0.22836,925,100,0.1531,4,0.76,64.0,51,8,6,Our World in Data / UNAIDS,2026-09-30 02:09:07
3219,LUX,Luxembourg,2015,0.23363,946,100,0.1531,3,0.55,66.0,52,8,6,Our World in Data / UNAIDS,2026-09-30 02:09:07
3220,LUX,Luxembourg,2016,0.23811,964,100,0.1531,3,0.42,68.0,53,8,5,Our World in Data / UNAIDS,2026-09-30 02:09:07
3221,LUX,Luxembourg,2017,0.24223,981,100,0.1531,3,0.23,70.0,54,8,6,Our World in Data / UNAIDS,2026-09-30 02:09:07
3222,LUX,Luxembourg,2018,0.24601,996,100,0.1531,4,0.12,70.0,55,8,6,Our World in Data / UNAIDS,2026-09-30 02:09:07
3223,LUX,Luxembourg,2019,0.24873,1007,100,0.1531,4,0.17,71.0,55,8,7,Our World in Data / UNAIDS,2026-09-30 02:09:07
3224,LUX,Luxembourg,2020,0.24778,1003,100,0.1531,5,0.23,72.0,55,8,7,Our World in Data / UNAIDS,2026-09-30 02:09:07
3225,LUX,Luxembourg,2021,0.24972,1011,100,0.1531,5,0.34,75.0,56,8,8,Our World in Data / UNAIDS,2026-09-30 02:09:07
3226,LUX,Luxembourg,2022,0.24492,992,100,0.1531,4,0.34,82.0,55,8,6,Our World in Data / UNAIDS,2026-09-30 02:09:07
3227,LVA,Latvia,1990,0.05192,605,590,0.3139,33,0.13,1.0,33,44,55,Our World in Data / UNAIDS,2026-09-30 02:09:07
3228,LVA,Latvia,1991,0.06035,703,590,0.3139,38,0.13,1.0,39,44,63,Our World in Data / UNAIDS,2026-09-30 02:09:07
3229,LVA,Latvia,1992,0.0688,802,590,0.3139,43,0.13,1.0,44,44,71,Our World in Data / UNAIDS,2026-09-30 02:09:07
3230,LVA,Latvia,1993,0.07808,910,590,0.3139,48,0.13,1.0,50,44,79,Our World in Data / UNAIDS,2026-09-30 02:09:07
3231,LVA,Latvia,1994,0.08824,1028,590,0.3139,53,0.13,1.0,57,44,88,Our World in Data / UNAIDS,2026-09-30 02:09:07
3232,LVA,Latvia,1995,0.09909,1155,590,0.3139,60,0.13,1.0,64,44,99,Our World in Data / UNAIDS,2026-09-30 02:09:07
3233,LVA,Latvia,1996,0.11071,1290,590,0.3139,68,0.13,1.0,71,44,111,Our World in Data / UNAIDS,2026-09-30 02:09:07
3234,LVA,Latvia,1997,0.12773,1488,590,0.3139,76,0.13,1.0,82,44,126,Our World in Data / UNAIDS,2026-09-30 02:09:07
3235,LVA,Latvia,1998,0.16803,1958,590,0.3139,88,0.13,1.0,108,44,145,Our World in Data / UNAIDS,2026-09-30 02:09:07
3236,LVA,Latvia,1999,0.23105,2692,590,0.3139,105,0.13,1.0,148,44,174,Our World in Data / UNAIDS,2026-09-30 02:09:07
3237,LVA,Latvia,2000,0.26678,3109,590,0.3139,122,0.13,1.0,171,44,201,Our World in Data / UNAIDS,2026-09-30 02:09:07
3238,LVA,Latvia,2001,0.29935,3488,580,0.3086,138,0.32,1.0,192,44,227,Our World in Data / UNAIDS,2026-09-30 02:09:07
3239,LVA,Latvia,2002,0.33031,3849,580,0.3086,160,0.23,1.0,212,44,265,Our World in Data / UNAIDS,2026-09-30 02:09:07
3240,LVA,Latvia,2003,0.35942,4188,580,0.3086,185,0.5,2.0,230,44,305,Our World in Data / UNAIDS,2026-09-30 02:09:07
3241,LVA,Latvia,2004,0.38647,4503,580,0.3086,211,0.73,2.0,248,44,348,Our World in Data / UNAIDS,2026-09-30 02:09:07
3242,LVA,Latvia,2005,0.41112,4790,580,0.3086,241,1.2,2.0,263,44,398,Our World in Data / UNAIDS,2026-09-30 02:09:07
3243,LVA,Latvia,2006,0.43453,5063,570,0.3033,268,1.35,3.0,278,43,442,Our World in Data / UNAIDS,2026-09-30 02:09:07
3244,LVA,Latvia,2007,0.45833,5341,570,0.3033,270,1.98,6.0,294,43,446,Our World in Data / UNAIDS,2026-09-30 02:09:07
3245,LVA,Latvia,2008,0.48138,5609,570,0.3033,280,2.86,6.0,308,43,462,Our World in Data / UNAIDS,2026-09-30 02:09:07
3246,LVA,Latvia,2009,0.50304,5862,550,0.2926,293,3.21,8.0,322,41,484,Our World in Data / UNAIDS,2026-09-30 02:09:07
3247,LVA,Latvia,2010,0.52395,6105,540,0.2873,299,2.84,9.0,336,40,493,Our World in Data / UNAIDS,2026-09-30 02:09:07
3248,LVA,Latvia,2011,0.54351,6333,520,0.2767,311,3.62,10.0,348,39,513,Our World in Data / UNAIDS,2026-09-30 02:09:07
3249,LVA,Latvia,2012,0.5614,6542,510,0.2714,323,4.38,11.0,360,38,533,Our World in Data / UNAIDS,2026-09-30 02:09:07
3250,LVA,Latvia,2013,0.57673,6720,500,0.266,337,5.5,13.0,370,38,556,Our World in Data / UNAIDS,2026-09-30 02:09:07
3251,LVA,Latvia,2014,0.58857,6858,500,0.266,350,5.17,14.0,377,38,577,Our World in Data / UNAIDS,2026-09-30 02:09:07
3252,LVA,Latvia,2015,0.59763,6964,500,0.266,363,4.38,15.0,383,38,598,Our World in Data / UNAIDS,2026-09-30 02:09:07
3253,LVA,Latvia,2016,0.6073,7076,500,0.266,306,3.68,28.0,389,38,505,Our World in Data / UNAIDS,2026-09-30 02:09:07
3254,LVA,Latvia,2017,0.61437,7159,500,0.266,242,4.18,34.0,394,38,400,Our World in Data / UNAIDS,2026-09-30 02:09:07
3255,LVA,Latvia,2018,0.61512,7167,500,0.266,231,4.0,40.0,394,38,382,Our World in Data / UNAIDS,2026-09-30 02:09:07
3256,LVA,Latvia,2019,0.612,7131,500,0.266,214,3.8,46.0,392,38,353,Our World in Data / UNAIDS,2026-09-30 02:09:07
3257,LVA,Latvia,2020,0.60452,7044,500,0.266,213,2.68,47.0,387,38,352,Our World in Data / UNAIDS,2026-09-30 02:09:07
3258,LVA,Latvia,2021,0.58879,6861,500,0.266,233,2.71,49.0,377,38,385,Our World in Data / UNAIDS,2026-09-30 02:09:07
3259,LVA,Latvia,2022,0.56833,6622,500,0.266,240,2.71,50.0,364,38,396,Our World in Data / UNAIDS,2026-09-30 02:09:07
3260,MAR,Morocco,1990,0.01663,3849,1700,0.0455,104,2.31,0.0,212,128,172,Our World in Data / UNAIDS,2026-09-30 02:09:07
3261,MAR,Morocco,1991,0.02027,4691,1700,0.0455,131,2.31,0.0,258,128,216,Our World in Data / UNAIDS,2026-09-30 02:09:07
3262,MAR,Morocco,1992,0.02434,5633,1700,0.0455,162,2.31,0.0,310,128,268,Our World in Data / UNAIDS,2026-09-30 02:09:07
3263,MAR,Morocco,1993,0.02866,6633,1700,0.0455,199,2.31,0.0,365,128,329,Our World in Data / UNAIDS,2026-09-30 02:09:07
3264,MAR,Morocco,1994,0.03322,7688,1700,0.0455,243,2.31,0.0,423,128,401,Our World in Data / UNAIDS,2026-09-30 02:09:07
3265,MAR,Morocco,1995,0.03782,8753,1700,0.0455,293,2.31,0.0,481,128,483,Our World in Data / UNAIDS,2026-09-30 02:09:07
3266,MAR,Morocco,1996,0.04236,9804,1700,0.0455,350,2.31,0.0,539,128,577,Our World in Data / UNAIDS,2026-09-30 02:09:07
3267,MAR,Morocco,1997,0.04677,10824,1700,0.0455,412,2.31,0.0,595,128,680,Our World in Data / UNAIDS,2026-09-30 02:09:07
3268,MAR,Morocco,1998,0.05114,11836,1700,0.0455,480,2.31,0.0,651,128,792,Our World in Data / UNAIDS,2026-09-30 02:09:07
3269,MAR,Morocco,1999,0.0556,12868,1700,0.0455,551,2.31,0.0,708,128,909,Our World in Data / UNAIDS,2026-09-30 02:09:07
3270,MAR,Morocco,2000,0.05991,13866,1700,0.0455,626,2.31,0.0,763,128,1033,Our World in Data / UNAIDS,2026-09-30 02:09:07
3271,MAR,Morocco,2001,0.06376,14757,1700,0.0455,704,2.51,0.0,812,128,1162,Our World in Data / UNAIDS,2026-09-30 02:09:07
3272,MAR,Morocco,2002,0.06717,15546,1800,0.0482,784,2.72,0.0,855,135,1293,Our World in Data / UNAIDS,2026-09-30 02:09:07
3273,MAR,Morocco,2003,0.07025,16259,1700,0.0455,779,2.63,4.0,894,128,1286,Our World in Data / UNAIDS,2026-09-30 02:09:07
3274,MAR,Morocco,2004,0.07313,16925,1700,0.0455,745,2.44,6.0,931,128,1229,Our World in Data / UNAIDS,2026-09-30 02:09:07
3275,MAR,Morocco,2005,0.07568,17515,1700,0.0455,781,2.49,7.0,963,128,1289,Our World in Data / UNAIDS,2026-09-30 02:09:07
3276,MAR,Morocco,2006,0.07757,17953,1700,0.0455,838,2.63,8.0,987,128,1382,Our World in Data / UNAIDS,2026-09-30 02:09:07
3277,MAR,Morocco,2007,0.07905,18295,1600,0.0429,890,2.75,9.0,1006,120,1468,Our World in Data / UNAIDS,2026-09-30 02:09:07
3278,MAR,Morocco,2008,0.08032,18589,1600,0.0429,903,2.76,12.0,1022,120,1490,Our World in Data / UNAIDS,2026-09-30 02:09:07
3279,MAR,Morocco,2009,0.08136,18830,1600,0.0429,897,2.7,14.0,1036,120,1480,Our World in Data / UNAIDS,2026-09-30 02:09:07
3280,MAR,Morocco,2010,0.08207,18994,1500,0.0402,920,2.72,16.0,1045,112,1518,Our World in Data / UNAIDS,2026-09-30 02:09:07
3281,MAR,Morocco,2011,0.08249,19092,1500,0.0402,926,2.68,19.0,1050,112,1528,Our World in Data / UNAIDS,2026-09-30 02:09:07
3282,MAR,Morocco,2012,0.08245,19082,1400,0.0375,870,2.46,25.0,1050,105,1435,Our World in Data / UNAIDS,2026-09-30 02:09:07
3283,MAR,Morocco,2013,0.08227,19041,1300,0.0348,795,2.22,29.0,1047,98,1312,Our World in Data / UNAIDS,2026-09-30 02:09:07
3284,MAR,Morocco,2014,0.08189,18953,1200,0.0321,753,2.07,33.0,1042,90,1243,Our World in Data / UNAIDS,2026-09-30 02:09:07
3285,MAR,Morocco,2015,0.08144,18848,1200,0.0321,750,1.95,37.0,1037,90,1238,Our World in Data / UNAIDS,2026-09-30 02:09:07
3286,MAR,Morocco,2016,0.08087,18717,1200,0.0321,753,1.78,41.0,1029,90,1243,Our World in Data / UNAIDS,2026-09-30 02:09:07
3287,MAR,Morocco,2017,0.08044,18617,1200,0.0321,755,1.68,44.0,1024,90,1246,Our World in Data / UNAIDS,2026-09-30 02:09:07
3288,MAR,Morocco,2018,0.08023,18568,1200,0.0321,745,1.59,48.0,1021,90,1228,Our World in Data / UNAIDS,2026-09-30 02:09:07
3289,MAR,Morocco,2019,0.07984,18478,1200,0.0321,724,1.37,51.0,1016,90,1194,Our World in Data / UNAIDS,2026-09-30 02:09:07
3290,MAR,Morocco,2020,0.07922,18335,1200,0.0321,695,1.25,54.0,1008,90,1148,Our World in Data / UNAIDS,2026-09-30 02:09:07
3291,MAR,Morocco,2021,0.07877,18231,1200,0.0321,610,1.11,68.0,1003,90,1007,Our World in Data / UNAIDS,2026-09-30 02:09:07
3292,MAR,Morocco,2022,0.07796,18043,1000,0.0268,478,1.11,70.0,992,75,788,Our World in Data / UNAIDS,2026-09-30 02:09:07
3293,MCO,Monaco,2000,0.24165,58,1650,42.3827,389,0.28,0.0,3,124,642,Our World in Data / UNAIDS,2026-09-30 02:09:07
3294,MCO,Monaco,2001,0.25329,61,1700,43.667,363,0.28,0.0,3,128,599,Our World in Data / UNAIDS,2026-09-30 02:09:07
3295,MCO,Monaco,2002,0.27393,66,1700,43.667,349,0.28,0.0,4,128,575,Our World in Data / UNAIDS,2026-09-30 02:09:07
3296,MCO,Monaco,2003,0.30624,74,1700,43.667,386,0.31,1.5,4,128,636,Our World in Data / UNAIDS,2026-09-30 02:09:07
3297,MCO,Monaco,2004,0.31623,76,1550,39.814,445,0.31,3.0,4,116,735,Our World in Data / UNAIDS,2026-09-30 02:09:07
3298,MCO,Monaco,2005,0.31956,77,1500,38.5297,400,0.31,6.5,4,112,660,Our World in Data / UNAIDS,2026-09-30 02:09:07
3299,MCO,Monaco,2006,0.32438,78,1450,37.2454,432,0.31,9.5,4,109,712,Our World in Data / UNAIDS,2026-09-30 02:09:07
3300,MCO,Monaco,2007,0.3304,80,1300,33.3924,566,0.31,13.0,4,98,934,Our World in Data / UNAIDS,2026-09-30 02:09:07
3301,MCO,Monaco,2008,0.33243,80,1250,32.1081,534,0.31,17.0,4,94,880,Our World in Data / UNAIDS,2026-09-30 02:09:07
3302,MCO,Monaco,2009,0.32959,80,1300,33.3924,470,0.31,21.0,4,98,776,Our World in Data / UNAIDS,2026-09-30 02:09:07
3303,MCO,Monaco,2010,0.33193,80,1300,33.3924,452,0.27,24.9444,4,98,746,Our World in Data / UNAIDS,2026-09-30 02:09:07
3304,MCO,Monaco,2011,0.34874,84,1250,32.1081,468,0.27,28.0,5,94,772,Our World in Data / UNAIDS,2026-09-30 02:09:07
3305,MCO,Monaco,2012,0.36233,87,1250,32.1081,487,0.23,31.0,5,94,803,Our World in Data / UNAIDS,2026-09-30 02:09:07
3306,MCO,Monaco,2013,0.36732,89,1300,33.3924,517,0.23,35.0,5,98,853,Our World in Data / UNAIDS,2026-09-30 02:09:07
3307,MCO,Monaco,2014,0.36172,87,1200,30.8238,449,0.22,37.0,5,90,741,Our World in Data / UNAIDS,2026-09-30 02:09:07
3308,MCO,Monaco,2015,0.36479,88,1250,32.1081,430,0.22,41.0,5,94,709,Our World in Data / UNAIDS,2026-09-30 02:09:07
3309,MCO,Monaco,2016,0.37443,90,1200,30.8238,442,0.22,45.5,5,90,730,Our World in Data / UNAIDS,2026-09-30 02:09:07
3310,MCO,Monaco,2017,0.36894,89,1200,30.8238,424,0.24,50.5,5,90,699,Our World in Data / UNAIDS,2026-09-30 02:09:07
3311,MCO,Monaco,2018,0.36413,88,1200,30.8238,381,0.24,54.0,5,90,629,Our World in Data / UNAIDS,2026-09-30 02:09:07
3312,MCO,Monaco,2019,0.37023,89,1200,30.8238,357,0.24,59.0,5,90,589,Our World in Data / UNAIDS,2026-09-30 02:09:07
3313,MCO,Monaco,2020,0.39803,96,1250,32.1081,369,0.24,61.5,5,94,609,Our World in Data / UNAIDS,2026-09-30 02:09:07
3314,MCO,Monaco,2021,0.40203,97,1300,33.3924,371,0.22,64.5,5,98,613,Our World in Data / UNAIDS,2026-09-30 02:09:07
3315,MDA,Moldova,1990,0.01434,225,2500,0.9887,11,1.41,0.0,12,188,18,Our World in Data / UNAIDS,2026-09-30 02:09:07
3316,MDA,Moldova,1991,0.02159,339,2500,0.9887,15,1.41,0.0,19,188,25,Our World in Data / UNAIDS,2026-09-30 02:09:07
3317,MDA,Moldova,1992,0.03321,521,2500,0.9887,22,1.41,0.0,29,188,36,Our World in Data / UNAIDS,2026-09-30 02:09:07
3318,MDA,Moldova,1993,0.0514,806,2500,0.9887,33,1.41,0.0,44,188,54,Our World in Data / UNAIDS,2026-09-30 02:09:07
3319,MDA,Moldova,1994,0.07817,1226,2500,0.9887,49,1.41,0.0,67,188,81,Our World in Data / UNAIDS,2026-09-30 02:09:07
3320,MDA,Moldova,1995,0.11487,1801,2500,0.9887,74,1.41,0.0,99,188,121,Our World in Data / UNAIDS,2026-09-30 02:09:07
3321,MDA,Moldova,1996,0.16266,2550,2500,0.9887,109,1.41,0.0,140,188,180,Our World in Data / UNAIDS,2026-09-30 02:09:07
3322,MDA,Moldova,1997,0.2211,3466,2500,0.9887,157,1.41,0.0,191,188,259,Our World in Data / UNAIDS,2026-09-30 02:09:07
3323,MDA,Moldova,1998,0.28709,4501,2500,0.9887,220,1.41,0.0,248,188,363,Our World in Data / UNAIDS,2026-09-30 02:09:07
3324,MDA,Moldova,1999,0.35733,5602,2500,0.9887,298,1.41,0.0,308,188,491,Our World in Data / UNAIDS,2026-09-30 02:09:07
3325,MDA,Moldova,2000,0.42804,6711,2500,0.9887,389,1.41,0.0,369,188,642,Our World in Data / UNAIDS,2026-09-30 02:09:07
3326,MDA,Moldova,2001,0.49294,7728,2500,0.9887,491,1.21,0.0,425,188,810,Our World in Data / UNAIDS,2026-09-30 02:09:07
3327,MDA,Moldova,2002,0.55107,8639,2500,0.9887,599,2.89,0.0,475,188,989,Our World in Data / UNAIDS,2026-09-30 02:09:07
3328,MDA,Moldova,2003,0.6029,9452,2500,0.9887,709,4.46,0.0,520,188,1169,Our World in Data / UNAIDS,2026-09-30 02:09:07
3329,MDA,Moldova,2004,0.64931,10180,2400,0.9491,810,3.42,1.0,560,180,1336,Our World in Data / UNAIDS,2026-09-30 02:09:07
3330,MDA,Moldova,2005,0.68933,10807,2300,0.9096,902,5.19,1.0,594,172,1489,Our World in Data / UNAIDS,2026-09-30 02:09:07
3331,MDA,Moldova,2006,0.72434,11356,2300,0.9096,981,5.54,2.0,625,172,1619,Our World in Data / UNAIDS,2026-09-30 02:09:07
3332,MDA,Moldova,2007,0.75504,11837,2200,0.87,1036,6.74,3.0,651,165,1709,Our World in Data / UNAIDS,2026-09-30 02:09:07
3333,MDA,Moldova,2008,0.78152,12252,2100,0.8305,1068,8.59,4.0,674,158,1762,Our World in Data / UNAIDS,2026-09-30 02:09:07
3334,MDA,Moldova,2009,0.80492,12619,2000,0.7909,1094,7.43,5.0,694,150,1805,Our World in Data / UNAIDS,2026-09-30 02:09:07
3335,MDA,Moldova,2010,0.82462,12928,1900,0.7514,1121,9.0,7.0,711,142,1850,Our World in Data / UNAIDS,2026-09-30 02:09:07
3336,MDA,Moldova,2011,0.84205,13201,1800,0.7118,1128,8.77,9.0,726,135,1861,Our World in Data / UNAIDS,2026-09-30 02:09:07
3337,MDA,Moldova,2012,0.85894,13466,1700,0.6723,1107,8.02,11.0,741,128,1827,Our World in Data / UNAIDS,2026-09-30 02:09:07
3338,MDA,Moldova,2013,0.87584,13731,1600,0.6327,1084,9.24,14.0,755,120,1789,Our World in Data / UNAIDS,2026-09-30 02:09:07
3339,MDA,Moldova,2014,0.88828,13926,1400,0.5537,1043,9.8,17.0,766,105,1721,Our World in Data / UNAIDS,2026-09-30 02:09:07
3340,MDA,Moldova,2015,0.89998,14110,1400,0.5537,983,9.46,21.0,776,105,1622,Our World in Data / UNAIDS,2026-09-30 02:09:07
3341,MDA,Moldova,2016,0.91483,14342,1300,0.5141,926,9.33,25.0,789,98,1529,Our World in Data / UNAIDS,2026-09-30 02:09:07
3342,MDA,Moldova,2017,0.92726,14537,1200,0.4746,866,8.68,29.0,800,90,1429,Our World in Data / UNAIDS,2026-09-30 02:09:07
3343,MDA,Moldova,2018,0.93749,14698,1100,0.435,796,8.6,33.0,808,82,1313,Our World in Data / UNAIDS,2026-09-30 02:09:07
3344,MDA,Moldova,2019,0.9432,14787,1000,0.3955,728,7.9,38.0,813,75,1201,Our World in Data / UNAIDS,2026-09-30 02:09:07
3345,MDA,Moldova,2020,0.94496,14815,990,0.3915,719,8.22,39.0,815,74,1186,Our World in Data / UNAIDS,2026-09-30 02:09:07
3346,MDA,Moldova,2021,0.94211,14770,920,0.3638,711,9.26,42.0,812,69,1173,Our World in Data / UNAIDS,2026-09-30 02:09:07
3347,MDA,Moldova,2022,0.93606,14675,840,0.3322,643,9.26,46.0,807,63,1061,Our World in Data / UNAIDS,2026-09-30 02:09:07
3348,MDG,Madagascar,1990,0.00774,1461,1100,0.0361,14,0.5,0.0,80,82,23,Our World in Data / UNAIDS,2026-09-30 02:09:07
3349,MDG,Madagascar,1991,0.00962,1815,1100,0.0361,21,0.5,0.0,100,82,34,Our World in Data / UNAIDS,2026-09-30 02:09:07
3350,MDG,Madagascar,1992,0.01166,2200,1100,0.0361,29,0.5,0.0,121,82,48,Our World in Data / UNAIDS,2026-09-30 02:09:07
3351,MDG,Madagascar,1993,0.01419,2678,1100,0.0361,39,0.5,0.0,147,82,64,Our World in Data / UNAIDS,2026-09-30 02:09:07
3352,MDG,Madagascar,1994,0.01701,3210,1100,0.0361,52,0.5,0.0,177,82,85,Our World in Data / UNAIDS,2026-09-30 02:09:07
3353,MDG,Madagascar,1995,0.02024,3820,1100,0.0361,67,0.5,0.0,210,82,110,Our World in Data / UNAIDS,2026-09-30 02:09:07
3354,MDG,Madagascar,1996,0.02405,4538,1100,0.0361,85,0.5,0.0,250,82,140,Our World in Data / UNAIDS,2026-09-30 02:09:07
3355,MDG,Madagascar,1997,0.02825,5331,1100,0.0361,107,0.5,0.0,293,82,176,Our World in Data / UNAIDS,2026-09-30 02:09:07
3356,MDG,Madagascar,1998,0.03359,6339,1100,0.0361,134,0.5,0.0,349,82,220,Our World in Data / UNAIDS,2026-09-30 02:09:07
3357,MDG,Madagascar,1999,0.04,7548,1100,0.0361,166,0.5,0.0,415,82,273,Our World in Data / UNAIDS,2026-09-30 02:09:07
3358,MDG,Madagascar,2000,0.04806,9069,1100,0.0361,205,0.5,0.0,499,82,338,Our World in Data / UNAIDS,2026-09-30 02:09:07
3359,MDG,Madagascar,2001,0.05793,10932,1300,0.0427,254,0.65,0.0,601,98,418,Our World in Data / UNAIDS,2026-09-30 02:09:07
3360,MDG,Madagascar,2002,0.06972,13157,1600,0.0526,313,0.85,0.0,724,120,517,Our World in Data / UNAIDS,2026-09-30 02:09:07
3361,MDG,Madagascar,2003,0.08384,15822,2000,0.0657,386,1.09,0.0,870,150,636,Our World in Data / UNAIDS,2026-09-30 02:09:07
3362,MDG,Madagascar,2004,0.09959,18794,2300,0.0756,471,1.34,0.0,1034,172,777,Our World in Data / UNAIDS,2026-09-30 02:09:07
3363,MDG,Madagascar,2005,0.11736,22147,2800,0.092,574,1.64,0.0,1218,210,946,Our World in Data / UNAIDS,2026-09-30 02:09:07
3364,MDG,Madagascar,2006,0.13595,25655,3100,0.1018,689,1.99,1.0,1411,232,1137,Our World in Data / UNAIDS,2026-09-30 02:09:07
3365,MDG,Madagascar,2007,0.15484,29220,3500,0.115,819,2.37,1.0,1607,262,1351,Our World in Data / UNAIDS,2026-09-30 02:09:07
3366,MDG,Madagascar,2008,0.17327,32698,3800,0.1248,976,2.82,1.0,1798,285,1611,Our World in Data / UNAIDS,2026-09-30 02:09:07
3367,MDG,Madagascar,2009,0.19053,35955,4000,0.1314,1152,3.34,1.0,1978,300,1900,Our World in Data / UNAIDS,2026-09-30 02:09:07
3368,MDG,Madagascar,2010,0.20598,38871,4200,0.138,1339,3.94,1.0,2138,315,2209,Our World in Data / UNAIDS,2026-09-30 02:09:07
3369,MDG,Madagascar,2011,0.21973,41465,4300,0.1413,1521,4.5,1.0,2281,322,2509,Our World in Data / UNAIDS,2026-09-30 02:09:07
3370,MDG,Madagascar,2012,0.231,43592,4400,0.1446,1721,5.18,1.0,2398,330,2840,Our World in Data / UNAIDS,2026-09-30 02:09:07
3371,MDG,Madagascar,2013,0.24139,45553,4700,0.1544,1935,5.94,2.0,2505,352,3192,Our World in Data / UNAIDS,2026-09-30 02:09:07
3372,MDG,Madagascar,2014,0.25167,47493,5000,0.1643,2123,6.64,2.0,2612,375,3503,Our World in Data / UNAIDS,2026-09-30 02:09:07
3373,MDG,Madagascar,2015,0.26179,49403,5200,0.1708,2294,7.32,3.0,2717,390,3786,Our World in Data / UNAIDS,2026-09-30 02:09:07
3374,MDG,Madagascar,2016,0.2729,51499,5700,0.1873,2473,8.1,4.0,2832,428,4081,Our World in Data / UNAIDS,2026-09-30 02:09:07
3375,MDG,Madagascar,2017,0.28541,53860,6200,0.2037,2658,8.89,5.0,2962,465,4386,Our World in Data / UNAIDS,2026-09-30 02:09:07
3376,MDG,Madagascar,2018,0.2994,56500,6700,0.2201,2787,9.51,7.0,3108,502,4598,Our World in Data / UNAIDS,2026-09-30 02:09:07
3377,MDG,Madagascar,2019,0.31536,59512,7200,0.2366,2871,9.92,10.0,3273,540,4736,Our World in Data / UNAIDS,2026-09-30 02:09:07
3378,MDG,Madagascar,2020,0.33264,62773,7900,0.2596,3046,10.66,10.0,3453,592,5025,Our World in Data / UNAIDS,2026-09-30 02:09:07
3379,MDG,Madagascar,2021,0.35252,66524,8600,0.2825,3143,11.05,15.0,3659,645,5185,Our World in Data / UNAIDS,2026-09-30 02:09:07
3380,MDG,Madagascar,2022,0.37374,70529,9100,0.299,3113,11.05,18.0,3879,682,5136,Our World in Data / UNAIDS,2026-09-30 02:09:07
3381,MDV,Maldives,1990,0.00054,10,100,0.1908,0,0.12,0.0,1,8,0,Our World in Data / UNAIDS,2026-09-30 02:09:07
3382,MDV,Maldives,1991,0.00075,10,100,0.1908,0,0.12,0.0,1,8,0,Our World in Data / UNAIDS,2026-09-30 02:09:07
3383,MDV,Maldives,1992,0.00105,10,100,0.1908,0,0.12,0.0,1,8,0,Our World in Data / UNAIDS,2026-09-30 02:09:07
3384,MDV,Maldives,1993,0.00149,10,100,0.1908,0,0.12,0.0,1,8,0,Our World in Data / UNAIDS,2026-09-30 02:09:07
3385,MDV,Maldives,1994,0.00206,10,100,0.1908,0,0.12,0.0,1,8,0,Our World in Data / UNAIDS,2026-09-30 02:09:07
3386,MDV,Maldives,1995,0.00309,10,100,0.1908,0,0.12,0.0,1,8,0,Our World in Data / UNAIDS,2026-09-30 02:09:07
3387,MDV,Maldives,1996,0.0045,15,100,0.1908,0,0.12,0.0,1,8,0,Our World in Data / UNAIDS,2026-09-30 02:09:07
3388,MDV,Maldives,1997,0.00583,19,100,0.1908,0,0.12,0.0,1,8,0,Our World in Data / UNAIDS,2026-09-30 02:09:07
3389,MDV,Maldives,1998,0.00689,22,100,0.1908,0,0.12,0.0,1,8,1,Our World in Data / UNAIDS,2026-09-30 02:09:07
3390,MDV,Maldives,1999,0.00746,24,100,0.1908,0,0.12,0.0,1,8,1,Our World in Data / UNAIDS,2026-09-30 02:09:07
3391,MDV,Maldives,2000,0.00768,25,100,0.1908,1,0.12,0.0,1,8,1,Our World in Data / UNAIDS,2026-09-30 02:09:07
3392,MDV,Maldives,2001,0.0078,25,100,0.1908,1,0.15,0.0,1,8,1,Our World in Data / UNAIDS,2026-09-30 02:09:07
3393,MDV,Maldives,2002,0.00778,25,100,0.1908,1,0.17,0.0,1,8,1,Our World in Data / UNAIDS,2026-09-30 02:09:07
3394,MDV,Maldives,2003,0.00769,25,100,0.1908,1,0.2,0.0,1,8,1,Our World in Data / UNAIDS,2026-09-30 02:09:07
3395,MDV,Maldives,2004,0.00762,25,100,0.1908,1,0.22,0.0,1,8,2,Our World in Data / UNAIDS,2026-09-30 02:09:07
3396,MDV,Maldives,2005,0.00755,25,100,0.1908,1,0.24,0.0,1,8,2,Our World in Data / UNAIDS,2026-09-30 02:09:07
3397,MDV,Maldives,2006,0.00745,24,100,0.1908,1,0.26,0.0,1,8,2,Our World in Data / UNAIDS,2026-09-30 02:09:07
3398,MDV,Maldives,2007,0.00745,24,100,0.1908,1,0.15,71.0,1,8,1,Our World in Data / UNAIDS,2026-09-30 02:09:07
3399,MDV,Maldives,2008,0.00765,25,100,0.1908,0,0.06,70.0,1,8,1,Our World in Data / UNAIDS,2026-09-30 02:09:07
3400,MDV,Maldives,2009,0.00787,26,100,0.1908,0,0.04,69.0,1,8,1,Our World in Data / UNAIDS,2026-09-30 02:09:07
3401,MDV,Maldives,2010,0.00812,26,100,0.1908,0,0.06,9.0,1,8,1,Our World in Data / UNAIDS,2026-09-30 02:09:07
3402,MDV,Maldives,2011,0.00847,28,100,0.1908,0,0.04,12.0,2,8,1,Our World in Data / UNAIDS,2026-09-30 02:09:07
3403,MDV,Maldives,2012,0.00887,29,100,0.1908,1,0.04,19.0,2,8,1,Our World in Data / UNAIDS,2026-09-30 02:09:07
3404,MDV,Maldives,2013,0.00928,30,100,0.1908,1,0.04,21.0,2,8,1,Our World in Data / UNAIDS,2026-09-30 02:09:07
3405,MDV,Maldives,2014,0.0096,31,100,0.1908,1,0.04,26.0,2,8,2,Our World in Data / UNAIDS,2026-09-30 02:09:07
3406,MDV,Maldives,2015,0.00978,32,100,0.1908,1,0.05,30.0,2,8,2,Our World in Data / UNAIDS,2026-09-30 02:09:07
3407,MDV,Maldives,2016,0.01005,33,100,0.1908,1,0.03,28.0,2,8,2,Our World in Data / UNAIDS,2026-09-30 02:09:07
3408,MDV,Maldives,2017,0.01056,34,100,0.1908,1,0.04,31.0,2,8,2,Our World in Data / UNAIDS,2026-09-30 02:09:07
3409,MDV,Maldives,2018,0.01117,36,100,0.1908,1,0.05,33.0,2,8,2,Our World in Data / UNAIDS,2026-09-30 02:09:07
3410,MDV,Maldives,2019,0.01186,39,100,0.1908,1,0.07,41.0,2,8,2,Our World in Data / UNAIDS,2026-09-30 02:09:07
3411,MDV,Maldives,2020,0.01263,41,100,0.1908,1,0.07,43.0,2,8,2,Our World in Data / UNAIDS,2026-09-30 02:09:07
3412,MDV,Maldives,2021,0.01348,44,100,0.1908,1,0.06,43.0,2,8,2,Our World in Data / UNAIDS,2026-09-30 02:09:07
3413,MDV,Maldives,2022,0.01449,47,100,0.1908,2,0.06,41.0,3,8,3,Our World in Data / UNAIDS,2026-09-30 02:09:07
3414,MEX,Mexico,1990,0.06535,52110,14000,0.1089,718,4.42,9.0,2866,1050,1185,Our World in Data / UNAIDS,2026-09-30 02:09:07
3415,MEX,Mexico,1991,0.08288,66089,14000,0.1089,1059,4.42,9.0,3635,1050,1747,Our World in Data / UNAIDS,2026-09-30 02:09:07
3416,MEX,Mexico,1992,0.09927,79158,14000,0.1089,1476,4.42,9.0,4354,1050,2436,Our World in Data / UNAIDS,2026-09-30 02:09:07
3417,MEX,Mexico,1993,0.11451,91310,14000,0.1089,1964,4.42,9.0,5022,1050,3241,Our World in Data / UNAIDS,2026-09-30 02:09:07
3418,MEX,Mexico,1994,0.12864,102578,14000,0.1089,2510,4.42,9.0,5642,1050,4142,Our World in Data / UNAIDS,2026-09-30 02:09:07
3419,MEX,Mexico,1995,0.14219,113382,14000,0.1089,2819,4.42,9.0,6236,1050,4651,Our World in Data / UNAIDS,2026-09-30 02:09:07
3420,MEX,Mexico,1996,0.15548,123980,14000,0.1089,2976,4.42,9.0,6819,1050,4911,Our World in Data / UNAIDS,2026-09-30 02:09:07
3421,MEX,Mexico,1997,0.16804,133995,14000,0.1089,3418,4.42,9.0,7370,1050,5640,Our World in Data / UNAIDS,2026-09-30 02:09:07
3422,MEX,Mexico,1998,0.1796,143213,14000,0.1089,4026,4.42,9.0,7877,1050,6642,Our World in Data / UNAIDS,2026-09-30 02:09:07
3423,MEX,Mexico,1999,0.19016,151634,14000,0.1089,4654,4.42,9.0,8340,1050,7679,Our World in Data / UNAIDS,2026-09-30 02:09:07
3424,MEX,Mexico,2000,0.20019,159632,14000,0.1089,5007,4.42,9.0,8780,1050,8262,Our World in Data / UNAIDS,2026-09-30 02:09:07
3425,MEX,Mexico,2001,0.21036,167741,14000,0.1089,4957,4.45,11.0,9226,1050,8180,Our World in Data / UNAIDS,2026-09-30 02:09:07
3426,MEX,Mexico,2002,0.22064,175939,14000,0.1089,4915,4.53,14.0,9677,1050,8110,Our World in Data / UNAIDS,2026-09-30 02:09:07
3427,MEX,Mexico,2003,0.2313,184439,15000,0.1166,4690,4.6,18.0,10144,1125,7738,Our World in Data / UNAIDS,2026-09-30 02:09:07
3428,MEX,Mexico,2004,0.24208,193035,15000,0.1166,4608,4.65,19.0,10617,1125,7603,Our World in Data / UNAIDS,2026-09-30 02:09:07
3429,MEX,Mexico,2005,0.25252,201360,16000,0.1244,4797,4.49,21.0,11075,1200,7915,Our World in Data / UNAIDS,2026-09-30 02:09:07
3430,MEX,Mexico,2006,0.26298,209701,16000,0.1244,4740,4.72,24.0,11534,1200,7821,Our World in Data / UNAIDS,2026-09-30 02:09:07
3431,MEX,Mexico,2007,0.27377,218305,16000,0.1244,4513,4.79,26.0,12007,1200,7446,Our World in Data / UNAIDS,2026-09-30 02:09:07
3432,MEX,Mexico,2008,0.28492,227196,17000,0.1322,4444,4.8,28.0,12496,1275,7333,Our World in Data / UNAIDS,2026-09-30 02:09:07
3433,MEX,Mexico,2009,0.29634,236302,17000,0.1322,4497,4.66,30.0,12997,1275,7421,Our World in Data / UNAIDS,2026-09-30 02:09:07
3434,MEX,Mexico,2010,0.30812,245695,18000,0.14,4663,4.36,31.0,13513,1350,7694,Our World in Data / UNAIDS,2026-09-30 02:09:07
3435,MEX,Mexico,2011,0.3194,254690,18000,0.14,4884,4.4,32.0,14008,1350,8058,Our World in Data / UNAIDS,2026-09-30 02:09:07
3436,MEX,Mexico,2012,0.33106,263988,18000,0.14,4805,4.26,36.0,14519,1350,7929,Our World in Data / UNAIDS,2026-09-30 02:09:07
3437,MEX,Mexico,2013,0.34199,272703,19000,0.1477,4750,4.2,36.0,14999,1425,7837,Our World in Data / UNAIDS,2026-09-30 02:09:07
3438,MEX,Mexico,2014,0.35252,281100,19000,0.1477,4944,4.03,37.0,15460,1425,8157,Our World in Data / UNAIDS,2026-09-30 02:09:07
3439,MEX,Mexico,2015,0.36328,289680,19000,0.1477,4796,3.97,43.0,15932,1425,7914,Our World in Data / UNAIDS,2026-09-30 02:09:07
3440,MEX,Mexico,2016,0.37408,298292,20000,0.1555,4631,3.8,46.0,16406,1500,7642,Our World in Data / UNAIDS,2026-09-30 02:09:07
3441,MEX,Mexico,2017,0.3846,306681,20000,0.1555,4982,3.82,47.0,16867,1500,8220,Our World in Data / UNAIDS,2026-09-30 02:09:07
3442,MEX,Mexico,2018,0.39534,315245,20000,0.1555,5036,4.03,53.0,17338,1500,8310,Our World in Data / UNAIDS,2026-09-30 02:09:07
3443,MEX,Mexico,2019,0.40585,323625,21000,0.1633,4869,4.23,53.0,17799,1575,8033,Our World in Data / UNAIDS,2026-09-30 02:09:07
3444,MEX,Mexico,2020,0.41609,331791,21000,0.1633,4772,3.61,59.0,18249,1575,7874,Our World in Data / UNAIDS,2026-09-30 02:09:07
3445,MEX,Mexico,2021,0.42676,340299,21000,0.1633,4207,3.66,62.0,18716,1575,6941,Our World in Data / UNAIDS,2026-09-30 02:09:07
3446,MEX,Mexico,2022,0.43726,348672,21000,0.1633,4139,3.66,62.0,19177,1575,6830,Our World in Data / UNAIDS,2026-09-30 02:09:07
3447,MHL,Marshall Islands,2000,0.24165,60,1650,41.1707,389,0.59,0.0,3,124,642,Our World in Data / UNAIDS,2026-09-30 02:09:07
3448,MHL,Marshall Islands,2001,0.25329,63,1700,42.4183,363,0.66,0.0,3,128,599,Our World in Data / UNAIDS,2026-09-30 02:09:07
3449,MHL,Marshall Islands,2002,0.27393,68,1700,42.4183,349,0.75,0.0,4,128,575,Our World in Data / UNAIDS,2026-09-30 02:09:07
3450,MHL,Marshall Islands,2003,0.30624,76,1700,42.4183,386,0.83,1.5,4,128,636,Our World in Data / UNAIDS,2026-09-30 02:09:07
3451,MHL,Marshall Islands,2004,0.31623,79,1550,38.6755,445,0.7,3.0,4,116,735,Our World in Data / UNAIDS,2026-09-30 02:09:07
3452,MHL,Marshall Islands,2005,0.31956,79,1500,37.428,400,0.64,6.5,4,112,660,Our World in Data / UNAIDS,2026-09-30 02:09:07
3453,MHL,Marshall Islands,2006,0.32438,81,1450,36.1804,432,0.76,9.5,4,109,712,Our World in Data / UNAIDS,2026-09-30 02:09:07
3454,MHL,Marshall Islands,2007,0.3304,82,1300,32.4376,566,0.8,13.0,5,98,934,Our World in Data / UNAIDS,2026-09-30 02:09:07
3455,MHL,Marshall Islands,2008,0.33243,83,1250,31.19,534,0.82,17.0,5,94,880,Our World in Data / UNAIDS,2026-09-30 02:09:07
3456,MHL,Marshall Islands,2009,0.32959,82,1300,32.4376,470,0.86,21.0,5,98,776,Our World in Data / UNAIDS,2026-09-30 02:09:07
3457,MHL,Marshall Islands,2010,0.33193,82,1300,32.4376,452,1.01,24.9444,5,98,746,Our World in Data / UNAIDS,2026-09-30 02:09:07
3458,MHL,Marshall Islands,2011,0.34874,87,1250,31.19,468,1.26,28.0,5,94,772,Our World in Data / UNAIDS,2026-09-30 02:09:07
3459,MHL,Marshall Islands,2012,0.36233,90,1250,31.19,487,1.46,31.0,5,94,803,Our World in Data / UNAIDS,2026-09-30 02:09:07
3460,MHL,Marshall Islands,2013,0.36732,91,1300,32.4376,517,1.62,35.0,5,98,853,Our World in Data / UNAIDS,2026-09-30 02:09:07
3461,MHL,Marshall Islands,2014,0.36172,90,1200,29.9424,449,1.75,37.0,5,90,741,Our World in Data / UNAIDS,2026-09-30 02:09:07
3462,MHL,Marshall Islands,2015,0.36479,91,1250,31.19,430,1.86,41.0,5,94,709,Our World in Data / UNAIDS,2026-09-30 02:09:07
3463,MHL,Marshall Islands,2016,0.37443,93,1200,29.9424,442,2.01,45.5,5,90,730,Our World in Data / UNAIDS,2026-09-30 02:09:07
3464,MHL,Marshall Islands,2017,0.36894,92,1200,29.9424,424,2.2,50.5,5,90,699,Our World in Data / UNAIDS,2026-09-30 02:09:07
3465,MHL,Marshall Islands,2018,0.36413,90,1200,29.9424,381,2.44,54.0,5,90,629,Our World in Data / UNAIDS,2026-09-30 02:09:07
3466,MHL,Marshall Islands,2019,0.37023,92,1200,29.9424,357,2.73,59.0,5,90,589,Our World in Data / UNAIDS,2026-09-30 02:09:07
3467,MHL,Marshall Islands,2020,0.39803,99,1250,31.19,369,3.06,61.5,5,94,609,Our World in Data / UNAIDS,2026-09-30 02:09:07
3468,MHL,Marshall Islands,2021,0.40203,100,1300,32.4376,371,3.59,64.5,6,98,613,Our World in Data / UNAIDS,2026-09-30 02:09:07
3469,MKD,North Macedonia,1990,0.0,10,100,0.0546,0,0.12,7.0,1,8,0,Our World in Data / UNAIDS,2026-09-30 02:09:07
3470,MKD,North Macedonia,1991,0.0,10,100,0.0546,0,0.12,7.0,1,8,0,Our World in Data / UNAIDS,2026-09-30 02:09:07
3471,MKD,North Macedonia,1992,1e-05,10,100,0.0546,0,0.12,7.0,1,8,0,Our World in Data / UNAIDS,2026-09-30 02:09:07
3472,MKD,North Macedonia,1993,5e-05,10,100,0.0546,0,0.12,7.0,1,8,0,Our World in Data / UNAIDS,2026-09-30 02:09:07
3473,MKD,North Macedonia,1994,0.00017,10,100,0.0546,0,0.12,7.0,1,8,0,Our World in Data / UNAIDS,2026-09-30 02:09:07
3474,MKD,North Macedonia,1995,0.00057,10,100,0.0546,0,0.12,7.0,1,8,0,Our World in Data / UNAIDS,2026-09-30 02:09:07
3475,MKD,North Macedonia,1996,0.00162,18,100,0.0546,0,0.12,7.0,1,8,0,Our World in Data / UNAIDS,2026-09-30 02:09:07
3476,MKD,North Macedonia,1997,0.0035,40,100,0.0546,0,0.12,7.0,2,8,1,Our World in Data / UNAIDS,2026-09-30 02:09:07
3477,MKD,North Macedonia,1998,0.00501,57,100,0.0546,1,0.12,7.0,3,8,1,Our World in Data / UNAIDS,2026-09-30 02:09:07
3478,MKD,North Macedonia,1999,0.00549,62,100,0.0546,1,0.12,7.0,3,8,1,Our World in Data / UNAIDS,2026-09-30 02:09:07
3479,MKD,North Macedonia,2000,0.00554,63,100,0.0546,1,0.12,7.0,3,8,2,Our World in Data / UNAIDS,2026-09-30 02:09:07
3480,MKD,North Macedonia,2001,0.00552,63,100,0.0546,1,0.13,8.0,3,8,2,Our World in Data / UNAIDS,2026-09-30 02:09:07
3481,MKD,North Macedonia,2002,0.00553,63,100,0.0546,2,0.14,8.0,3,8,3,Our World in Data / UNAIDS,2026-09-30 02:09:07
3482,MKD,North Macedonia,2003,0.00565,64,100,0.0546,2,0.13,9.0,4,8,4,Our World in Data / UNAIDS,2026-09-30 02:09:07
3483,MKD,North Macedonia,2004,0.00595,68,100,0.0546,3,0.06,3.0,4,8,5,Our World in Data / UNAIDS,2026-09-30 02:09:07
3484,MKD,North Macedonia,2005,0.0065,74,100,0.0546,3,0.03,9.0,4,8,6,Our World in Data / UNAIDS,2026-09-30 02:09:07
3485,MKD,North Macedonia,2006,0.00739,84,100,0.0546,3,0.16,13.0,5,8,5,Our World in Data / UNAIDS,2026-09-30 02:09:07
3486,MKD,North Macedonia,2007,0.00881,100,100,0.0546,3,0.05,16.0,6,8,5,Our World in Data / UNAIDS,2026-09-30 02:09:07
3487,MKD,North Macedonia,2008,0.01057,120,100,0.0546,3,0.11,20.0,7,8,4,Our World in Data / UNAIDS,2026-09-30 02:09:07
3488,MKD,North Macedonia,2009,0.01278,145,100,0.0546,3,0.1387,18.0,8,8,4,Our World in Data / UNAIDS,2026-09-30 02:09:07
3489,MKD,North Macedonia,2010,0.01539,175,100,0.0546,3,0.1605,22.0,10,8,5,Our World in Data / UNAIDS,2026-09-30 02:09:07
3490,MKD,North Macedonia,2011,0.01842,209,100,0.0546,3,0.1516,23.0,11,8,5,Our World in Data / UNAIDS,2026-09-30 02:09:07
3491,MKD,North Macedonia,2012,0.02188,248,100,0.0546,3,0.1483,26.0,14,8,4,Our World in Data / UNAIDS,2026-09-30 02:09:07
3492,MKD,North Macedonia,2013,0.02619,297,100,0.0546,3,0.05,28.0,16,8,5,Our World in Data / UNAIDS,2026-09-30 02:09:07
3493,MKD,North Macedonia,2014,0.03045,346,100,0.0546,3,0.04,30.0,19,8,5,Our World in Data / UNAIDS,2026-09-30 02:09:07
3494,MKD,North Macedonia,2015,0.03496,397,100,0.0546,3,0.1848,37.0,22,8,6,Our World in Data / UNAIDS,2026-09-30 02:09:07
3495,MKD,North Macedonia,2016,0.03978,452,100,0.0546,3,0.21,41.0,25,8,6,Our World in Data / UNAIDS,2026-09-30 02:09:07
3496,MKD,North Macedonia,2017,0.04472,508,100,0.0546,4,0.2057,44.0,28,8,6,Our World in Data / UNAIDS,2026-09-30 02:09:07
3497,MKD,North Macedonia,2018,0.04981,566,100,0.0546,4,0.05,48.0,31,8,7,Our World in Data / UNAIDS,2026-09-30 02:09:07
3498,MKD,North Macedonia,2019,0.05508,626,100,0.0546,5,0.2535,49.0,34,8,8,Our World in Data / UNAIDS,2026-09-30 02:09:07
3499,MKD,North Macedonia,2020,0.0604,686,100,0.0546,5,0.31,53.0,38,8,9,Our World in Data / UNAIDS,2026-09-30 02:09:07
3500,MKD,North Macedonia,2021,0.0656,745,100,0.0546,6,0.4,52.0,41,8,9,Our World in Data / UNAIDS,2026-09-30 02:09:07
3501,MKD,North Macedonia,2022,0.07067,803,100,0.0546,7,0.4,53.0,44,8,11,Our World in Data / UNAIDS,2026-09-30 02:09:07
3502,MLI,Mali,1990,1.00685,144030,11000,0.4768,1988,67.22,0.0,7922,825,3281,Our World in Data / UNAIDS,2026-09-30 02:09:07
3503,MLI,Mali,1991,1.19372,170762,11000,0.4768,2502,67.22,0.0,9392,825,4128,Our World in Data / UNAIDS,2026-09-30 02:09:07
3504,MLI,Mali,1992,1.36104,194697,11000,0.4768,3059,67.22,0.0,10708,825,5047,Our World in Data / UNAIDS,2026-09-30 02:09:07
3505,MLI,Mali,1993,1.50781,215693,11000,0.4768,3655,67.22,0.0,11863,825,6031,Our World in Data / UNAIDS,2026-09-30 02:09:07
3506,MLI,Mali,1994,1.62889,233013,11000,0.4768,4270,67.22,0.0,12816,825,7045,Our World in Data / UNAIDS,2026-09-30 02:09:07
3507,MLI,Mali,1995,1.7138,245160,11000,0.4768,4879,67.22,0.0,13484,825,8050,Our World in Data / UNAIDS,2026-09-30 02:09:07
3508,MLI,Mali,1996,1.75997,251764,11000,0.4768,5462,67.22,0.0,13847,825,9013,Our World in Data / UNAIDS,2026-09-30 02:09:07
3509,MLI,Mali,1997,1.77645,254122,11000,0.4768,6013,67.22,0.0,13977,825,9922,Our World in Data / UNAIDS,2026-09-30 02:09:07
3510,MLI,Mali,1998,1.76878,253025,11000,0.4768,6533,67.22,0.0,13916,825,10780,Our World in Data / UNAIDS,2026-09-30 02:09:07
3511,MLI,Mali,1999,1.74732,249955,11000,0.4768,7037,67.22,0.0,13748,825,11612,Our World in Data / UNAIDS,2026-09-30 02:09:07
3512,MLI,Mali,2000,1.71202,244905,11000,0.4768,7493,67.22,0.0,13470,825,12364,Our World in Data / UNAIDS,2026-09-30 02:09:07
3513,MLI,Mali,2001,1.66391,238023,10000,0.4334,7876,68.56,0.0,13091,750,12995,Our World in Data / UNAIDS,2026-09-30 02:09:07
3514,MLI,Mali,2002,1.61622,231201,10000,0.4334,8158,68.83,0.0,12716,750,13460,Our World in Data / UNAIDS,2026-09-30 02:09:07
3515,MLI,Mali,2003,1.55954,223093,9400,0.4074,8295,67.94,1.0,12270,705,13688,Our World in Data / UNAIDS,2026-09-30 02:09:07
3516,MLI,Mali,2004,1.50971,215965,9400,0.4074,8077,64.22,3.0,11878,705,13327,Our World in Data / UNAIDS,2026-09-30 02:09:07
3517,MLI,Mali,2005,1.46869,210097,9700,0.4204,8062,61.99,3.0,11555,728,13302,Our World in Data / UNAIDS,2026-09-30 02:09:07
3518,MLI,Mali,2006,1.43147,204772,9400,0.4074,7638,57.33,7.0,11262,705,12603,Our World in Data / UNAIDS,2026-09-30 02:09:07
3519,MLI,Mali,2007,1.40713,201290,9100,0.3944,6591,48.05,11.0,11071,682,10875,Our World in Data / UNAIDS,2026-09-30 02:09:07
3520,MLI,Mali,2008,1.38701,198412,9100,0.3944,6114,43.19,15.0,10913,682,10088,Our World in Data / UNAIDS,2026-09-30 02:09:07
3521,MLI,Mali,2009,1.36484,195241,8400,0.3641,5776,39.72,18.0,10738,630,9531,Our World in Data / UNAIDS,2026-09-30 02:09:07
3522,MLI,Mali,2010,1.33793,191391,7800,0.3381,5522,36.98,21.0,10527,585,9111,Our World in Data / UNAIDS,2026-09-30 02:09:07
3523,MLI,Mali,2011,1.31117,187563,7400,0.3207,5213,33.85,25.0,10316,555,8601,Our World in Data / UNAIDS,2026-09-30 02:09:07
3524,MLI,Mali,2012,1.27602,182535,6700,0.2904,5204,32.86,25.0,10039,502,8586,Our World in Data / UNAIDS,2026-09-30 02:09:07
3525,MLI,Mali,2013,1.24108,177537,7500,0.3251,5572,34.41,25.0,9765,562,9193,Our World in Data / UNAIDS,2026-09-30 02:09:07
3526,MLI,Mali,2014,1.19731,171276,6900,0.2991,5758,34.93,27.0,9420,518,9500,Our World in Data / UNAIDS,2026-09-30 02:09:07
3527,MLI,Mali,2015,1.15417,165104,6700,0.2904,5620,32.89,30.0,9081,502,9272,Our World in Data / UNAIDS,2026-09-30 02:09:07
3528,MLI,Mali,2016,1.11034,158835,6500,0.2817,5419,30.34,33.0,8736,488,8941,Our World in Data / UNAIDS,2026-09-30 02:09:07
3529,MLI,Mali,2017,1.0652,152377,6200,0.2687,5321,28.61,36.0,8381,465,8780,Our World in Data / UNAIDS,2026-09-30 02:09:07
3530,MLI,Mali,2018,1.02116,146077,6100,0.2644,5144,27.19,40.0,8034,458,8488,Our World in Data / UNAIDS,2026-09-30 02:09:07
3531,MLI,Mali,2019,0.97426,139368,5700,0.247,5101,26.54,39.0,7665,428,8417,Our World in Data / UNAIDS,2026-09-30 02:09:07
3532,MLI,Mali,2020,0.92688,132591,5300,0.2297,4911,25.17,47.0,7293,398,8103,Our World in Data / UNAIDS,2026-09-30 02:09:07
3533,MLI,Mali,2021,0.88281,126286,5100,0.221,4513,22.8,47.0,6946,382,7446,Our World in Data / UNAIDS,2026-09-30 02:09:07
3534,MLI,Mali,2022,0.83888,120002,4800,0.208,4393,22.8,54.0,6600,360,7249,Our World in Data / UNAIDS,2026-09-30 02:09:07
3535,MLT,Malta,1990,0.02837,93,100,0.1883,3,0.28,22.0,5,8,4,Our World in Data / UNAIDS,2026-09-30 02:09:07
3536,MLT,Malta,1991,0.02831,93,100,0.1883,3,0.28,22.0,5,8,5,Our World in Data / UNAIDS,2026-09-30 02:09:07
3537,MLT,Malta,1992,0.02794,92,100,0.1883,4,0.28,22.0,5,8,6,Our World in Data / UNAIDS,2026-09-30 02:09:07
3538,MLT,Malta,1993,0.02783,92,100,0.1883,4,0.28,22.0,5,8,7,Our World in Data / UNAIDS,2026-09-30 02:09:07
3539,MLT,Malta,1994,0.02824,93,100,0.1883,5,0.28,22.0,5,8,8,Our World in Data / UNAIDS,2026-09-30 02:09:07
3540,MLT,Malta,1995,0.02947,97,100,0.1883,5,0.28,22.0,5,8,8,Our World in Data / UNAIDS,2026-09-30 02:09:07
3541,MLT,Malta,1996,0.03168,104,100,0.1883,5,0.28,22.0,6,8,9,Our World in Data / UNAIDS,2026-09-30 02:09:07
3542,MLT,Malta,1997,0.03485,115,100,0.1883,6,0.28,22.0,6,8,9,Our World in Data / UNAIDS,2026-09-30 02:09:07
3543,MLT,Malta,1998,0.0391,129,100,0.1883,6,0.28,22.0,7,8,10,Our World in Data / UNAIDS,2026-09-30 02:09:07
3544,MLT,Malta,1999,0.0444,146,100,0.1883,6,0.28,22.0,8,8,11,Our World in Data / UNAIDS,2026-09-30 02:09:07
3545,MLT,Malta,2000,0.05218,172,100,0.1883,2,0.28,22.0,9,8,4,Our World in Data / UNAIDS,2026-09-30 02:09:07
3546,MLT,Malta,2001,0.06149,202,100,0.1883,1,0.35,21.0,11,8,2,Our World in Data / UNAIDS,2026-09-30 02:09:07
3547,MLT,Malta,2002,0.07146,235,100,0.1883,1,0.25,20.0,13,8,2,Our World in Data / UNAIDS,2026-09-30 02:09:07
3548,MLT,Malta,2003,0.08178,269,100,0.1883,2,0.42,20.0,15,8,3,Our World in Data / UNAIDS,2026-09-30 02:09:07
3549,MLT,Malta,2004,0.09221,304,100,0.1883,3,0.34,18.0,17,8,5,Our World in Data / UNAIDS,2026-09-30 02:09:07
3550,MLT,Malta,2005,0.1031,339,100,0.1883,3,0.68,21.0,19,8,5,Our World in Data / UNAIDS,2026-09-30 02:09:07
3551,MLT,Malta,2006,0.11439,377,100,0.1883,3,0.58,21.0,21,8,6,Our World in Data / UNAIDS,2026-09-30 02:09:07
3552,MLT,Malta,2007,0.12583,414,100,0.1883,4,0.48,23.0,23,8,7,Our World in Data / UNAIDS,2026-09-30 02:09:07
3553,MLT,Malta,2008,0.1381,455,100,0.1883,3,0.08,27.0,25,8,6,Our World in Data / UNAIDS,2026-09-30 02:09:07
3554,MLT,Malta,2009,0.15112,498,100,0.1883,3,0.08,30.0,27,8,5,Our World in Data / UNAIDS,2026-09-30 02:09:07
3555,MLT,Malta,2010,0.16448,542,100,0.1883,3,0.25,33.0,30,8,4,Our World in Data / UNAIDS,2026-09-30 02:09:07
3556,MLT,Malta,2011,0.17748,584,100,0.1883,3,0.32,34.0,32,8,5,Our World in Data / UNAIDS,2026-09-30 02:09:07
3557,MLT,Malta,2012,0.19046,627,100,0.1883,3,0.31,39.0,34,8,4,Our World in Data / UNAIDS,2026-09-30 02:09:07
3558,MLT,Malta,2013,0.2037,671,100,0.1883,2,0.39,41.0,37,8,4,Our World in Data / UNAIDS,2026-09-30 02:09:07
3559,MLT,Malta,2014,0.21779,717,100,0.1883,2,0.57,44.0,39,8,4,Our World in Data / UNAIDS,2026-09-30 02:09:07
3560,MLT,Malta,2015,0.23209,764,100,0.1883,2,1.0,48.0,42,8,4,Our World in Data / UNAIDS,2026-09-30 02:09:07
3561,MLT,Malta,2016,0.23998,790,100,0.1883,2,0.83,49.0,43,8,4,Our World in Data / UNAIDS,2026-09-30 02:09:07
3562,MLT,Malta,2017,0.24139,795,100,0.1883,3,0.58,51.0,44,8,4,Our World in Data / UNAIDS,2026-09-30 02:09:07
3563,MLT,Malta,2018,0.24083,793,100,0.1883,2,0.36,58.0,44,8,4,Our World in Data / UNAIDS,2026-09-30 02:09:07
3564,MLT,Malta,2019,0.23894,787,100,0.1883,2,0.42,62.0,43,8,3,Our World in Data / UNAIDS,2026-09-30 02:09:07
3565,MLT,Malta,2020,0.24658,812,100,0.1883,2,0.39,65.0,45,8,3,Our World in Data / UNAIDS,2026-09-30 02:09:07
3566,MLT,Malta,2021,0.25911,853,100,0.1883,2,0.19,64.0,47,8,3,Our World in Data / UNAIDS,2026-09-30 02:09:07
3567,MLT,Malta,2022,0.27209,896,100,0.1883,2,0.19,63.0,49,8,3,Our World in Data / UNAIDS,2026-09-30 02:09:07
3568,MMR,Myanmar,1990,0.0827,27563,26000,0.4837,155,12.89,0.0,1516,1950,256,Our World in Data / UNAIDS,2026-09-30 02:09:07
3569,MMR,Myanmar,1991,0.16359,54523,26000,0.4837,348,12.89,0.0,2999,1950,575,Our World in Data / UNAIDS,2026-09-30 02:09:07
3570,MMR,Myanmar,1992,0.23935,79773,26000,0.4837,674,12.89,0.0,4388,1950,1111,Our World in Data / UNAIDS,2026-09-30 02:09:07
3571,MMR,Myanmar,1993,0.29384,97935,26000,0.4837,1111,12.89,0.0,5386,1950,1832,Our World in Data / UNAIDS,2026-09-30 02:09:07
3572,MMR,Myanmar,1994,0.33951,113156,26000,0.4837,1641,12.89,0.0,6224,1950,2708,Our World in Data / UNAIDS,2026-09-30 02:09:07
3573,MMR,Myanmar,1995,0.38224,127398,26000,0.4837,2262,12.89,0.0,7007,1950,3733,Our World in Data / UNAIDS,2026-09-30 02:09:07
3574,MMR,Myanmar,1996,0.42663,142192,26000,0.4837,2974,12.89,0.0,7821,1950,4907,Our World in Data / UNAIDS,2026-09-30 02:09:07
3575,MMR,Myanmar,1997,0.4745,158147,26000,0.4837,3776,12.89,0.0,8698,1950,6231,Our World in Data / UNAIDS,2026-09-30 02:09:07
3576,MMR,Myanmar,1998,0.52702,175652,26000,0.4837,4667,12.89,0.0,9661,1950,7701,Our World in Data / UNAIDS,2026-09-30 02:09:07
3577,MMR,Myanmar,1999,0.58611,195346,26000,0.4837,5645,12.89,0.0,10744,1950,9314,Our World in Data / UNAIDS,2026-09-30 02:09:07
3578,MMR,Myanmar,2000,0.64511,215010,26000,0.4837,6697,12.89,0.0,11826,1950,11051,Our World in Data / UNAIDS,2026-09-30 02:09:07
3579,MMR,Myanmar,2001,0.69782,232578,26000,0.4837,7801,14.99,0.0,12792,1950,12871,Our World in Data / UNAIDS,2026-09-30 02:09:07
3580,MMR,Myanmar,2002,0.74283,247579,25000,0.4651,8927,16.42,0.0,13617,1875,14729,Our World in Data / UNAIDS,2026-09-30 02:09:07
3581,MMR,Myanmar,2003,0.78026,260054,25000,0.4651,10031,18.38,0.0,14303,1875,16552,Our World in Data / UNAIDS,2026-09-30 02:09:07
3582,MMR,Myanmar,2004,0.80996,269953,24000,0.4465,11076,20.78,0.0,14847,1800,18276,Our World in Data / UNAIDS,2026-09-30 02:09:07
3583,MMR,Myanmar,2005,0.83192,277272,23000,0.4279,11959,22.33,1.0,15250,1725,19733,Our World in Data / UNAIDS,2026-09-30 02:09:07
3584,MMR,Myanmar,2006,0.84817,282688,22000,0.4093,12395,23.09,3.0,15548,1650,20452,Our World in Data / UNAIDS,2026-09-30 02:09:07
3585,MMR,Myanmar,2007,0.86055,286814,21000,0.3906,12458,22.85,5.0,15775,1575,20556,Our World in Data / UNAIDS,2026-09-30 02:09:07
3586,MMR,Myanmar,2008,0.8692,289697,19000,0.3534,12362,22.54,6.0,15933,1425,20398,Our World in Data / UNAIDS,2026-09-30 02:09:07
3587,MMR,Myanmar,2009,0.87359,291161,18000,0.3348,12375,22.66,9.0,16014,1350,20419,Our World in Data / UNAIDS,2026-09-30 02:09:07
3588,MMR,Myanmar,2010,0.87587,291921,18000,0.3348,12388,22.35,12.0,16056,1350,20441,Our World in Data / UNAIDS,2026-09-30 02:09:07
3589,MMR,Myanmar,2011,0.87804,292644,17000,0.3162,12056,21.41,16.0,16095,1275,19893,Our World in Data / UNAIDS,2026-09-30 02:09:07
3590,MMR,Myanmar,2012,0.88127,293720,17000,0.3162,11457,19.92,21.0,16155,1275,18904,Our World in Data / UNAIDS,2026-09-30 02:09:07
3591,MMR,Myanmar,2013,0.88603,295307,16000,0.2976,10691,18.3,26.0,16242,1200,17641,Our World in Data / UNAIDS,2026-09-30 02:09:07
3592,MMR,Myanmar,2014,0.89086,296917,16000,0.2976,10098,16.93,33.0,16330,1200,16661,Our World in Data / UNAIDS,2026-09-30 02:09:07
3593,MMR,Myanmar,2015,0.89514,298343,15000,0.279,9425,15.83,40.0,16409,1125,15552,Our World in Data / UNAIDS,2026-09-30 02:09:07
3594,MMR,Myanmar,2016,0.89832,299403,14000,0.2604,8694,14.44,47.0,16467,1050,14345,Our World in Data / UNAIDS,2026-09-30 02:09:07
3595,MMR,Myanmar,2017,0.89971,299866,13000,0.2418,8098,13.27,54.0,16493,975,13362,Our World in Data / UNAIDS,2026-09-30 02:09:07
3596,MMR,Myanmar,2018,0.89952,299803,12000,0.2232,7679,14.02,61.0,16489,900,12671,Our World in Data / UNAIDS,2026-09-30 02:09:07
3597,MMR,Myanmar,2019,0.89805,299313,12000,0.2232,7263,13.32,67.0,16462,900,11984,Our World in Data / UNAIDS,2026-09-30 02:09:07
3598,MMR,Myanmar,2020,0.89588,298590,11000,0.2046,6828,12.48,71.0,16422,825,11266,Our World in Data / UNAIDS,2026-09-30 02:09:07
3599,MMR,Myanmar,2021,0.89571,298533,12000,0.2232,6288,11.02,71.0,16419,900,10376,Our World in Data / UNAIDS,2026-09-30 02:09:07
3600,MMR,Myanmar,2022,0.89512,298336,12000,0.2232,6358,11.02,73.0,16408,900,10491,Our World in Data / UNAIDS,2026-09-30 02:09:07
3601,MNE,Montenegro,1990,0.00815,32,100,0.1604,1,0.17,8.0,2,8,1,Our World in Data / UNAIDS,2026-09-30 02:09:07
3602,MNE,Montenegro,1991,0.01069,41,100,0.1604,1,0.17,8.0,2,8,1,Our World in Data / UNAIDS,2026-09-30 02:09:07
3603,MNE,Montenegro,1992,0.01267,49,100,0.1604,1,0.17,8.0,3,8,2,Our World in Data / UNAIDS,2026-09-30 02:09:07
3604,MNE,Montenegro,1993,0.0135,52,100,0.1604,2,0.17,8.0,3,8,3,Our World in Data / UNAIDS,2026-09-30 02:09:07
3605,MNE,Montenegro,1994,0.01348,52,100,0.1604,2,0.17,8.0,3,8,3,Our World in Data / UNAIDS,2026-09-30 02:09:07
3606,MNE,Montenegro,1995,0.01321,51,100,0.1604,2,0.17,8.0,3,8,4,Our World in Data / UNAIDS,2026-09-30 02:09:07
3607,MNE,Montenegro,1996,0.01302,50,100,0.1604,3,0.17,8.0,3,8,4,Our World in Data / UNAIDS,2026-09-30 02:09:07
3608,MNE,Montenegro,1997,0.01296,50,100,0.1604,3,0.17,8.0,3,8,5,Our World in Data / UNAIDS,2026-09-30 02:09:07
3609,MNE,Montenegro,1998,0.01307,51,100,0.1604,3,0.17,8.0,3,8,5,Our World in Data / UNAIDS,2026-09-30 02:09:07
3610,MNE,Montenegro,1999,0.0137,53,100,0.1604,3,0.17,8.0,3,8,5,Our World in Data / UNAIDS,2026-09-30 02:09:07
3611,MNE,Montenegro,2000,0.01472,57,100,0.1604,3,0.17,8.0,3,8,5,Our World in Data / UNAIDS,2026-09-30 02:09:07
3612,MNE,Montenegro,2001,0.01593,62,100,0.1604,3,0.18,11.0,3,8,4,Our World in Data / UNAIDS,2026-09-30 02:09:07
3613,MNE,Montenegro,2002,0.01757,68,100,0.1604,2,0.18,11.0,4,8,4,Our World in Data / UNAIDS,2026-09-30 02:09:07
3614,MNE,Montenegro,2003,0.01983,77,100,0.1604,3,0.23,13.0,4,8,4,Our World in Data / UNAIDS,2026-09-30 02:09:07
3615,MNE,Montenegro,2004,0.02245,87,100,0.1604,3,0.26,15.0,5,8,5,Our World in Data / UNAIDS,2026-09-30 02:09:07
3616,MNE,Montenegro,2005,0.02567,99,100,0.1604,2,0.19,20.0,5,8,3,Our World in Data / UNAIDS,2026-09-30 02:09:07
3617,MNE,Montenegro,2006,0.02942,114,100,0.1604,2,0.15,21.0,6,8,3,Our World in Data / UNAIDS,2026-09-30 02:09:07
3618,MNE,Montenegro,2007,0.03358,130,100,0.1604,2,0.17,22.0,7,8,3,Our World in Data / UNAIDS,2026-09-30 02:09:07
3619,MNE,Montenegro,2008,0.03818,148,100,0.1604,2,0.2,24.0,8,8,3,Our World in Data / UNAIDS,2026-09-30 02:09:07
3620,MNE,Montenegro,2009,0.04315,167,100,0.1604,2,0.22,25.0,9,8,3,Our World in Data / UNAIDS,2026-09-30 02:09:07
3621,MNE,Montenegro,2010,0.04886,189,100,0.1604,2,0.22,28.0,10,8,3,Our World in Data / UNAIDS,2026-09-30 02:09:07
3622,MNE,Montenegro,2011,0.05458,211,100,0.1604,2,0.26,27.0,12,8,4,Our World in Data / UNAIDS,2026-09-30 02:09:07
3623,MNE,Montenegro,2012,0.06047,234,100,0.1604,3,0.33,28.0,13,8,5,Our World in Data / UNAIDS,2026-09-30 02:09:07
3624,MNE,Montenegro,2013,0.06705,259,100,0.1604,3,0.34,31.0,14,8,5,Our World in Data / UNAIDS,2026-09-30 02:09:07
3625,MNE,Montenegro,2014,0.07347,284,100,0.1604,4,0.32,34.0,16,8,6,Our World in Data / UNAIDS,2026-09-30 02:09:07
3626,MNE,Montenegro,2015,0.0811,314,100,0.1604,4,0.35,34.0,17,8,6,Our World in Data / UNAIDS,2026-09-30 02:09:07
3627,MNE,Montenegro,2016,0.0879,340,100,0.1604,4,0.34,40.0,19,8,7,Our World in Data / UNAIDS,2026-09-30 02:09:07
3628,MNE,Montenegro,2017,0.09506,368,100,0.1604,4,0.28,45.0,20,8,6,Our World in Data / UNAIDS,2026-09-30 02:09:07
3629,MNE,Montenegro,2018,0.1025,396,100,0.1604,3,0.25,49.0,22,8,5,Our World in Data / UNAIDS,2026-09-30 02:09:07
3630,MNE,Montenegro,2019,0.11018,426,100,0.1604,3,0.23,52.0,23,8,5,Our World in Data / UNAIDS,2026-09-30 02:09:07
3631,MNE,Montenegro,2020,0.11806,456,100,0.1604,4,0.25,52.0,25,8,6,Our World in Data / UNAIDS,2026-09-30 02:09:07
3632,MNE,Montenegro,2021,0.1253,484,100,0.1604,5,0.33,52.0,27,8,8,Our World in Data / UNAIDS,2026-09-30 02:09:07
3633,MNE,Montenegro,2022,0.1323,512,100,0.1604,5,0.33,53.0,28,8,8,Our World in Data / UNAIDS,2026-09-30 02:09:07
3634,MNG,Mongolia,1990,0.00011,10,100,0.0291,0,0.04,0.0,1,8,0,Our World in Data / UNAIDS,2026-09-30 02:09:07
3635,MNG,Mongolia,1991,0.00016,10,100,0.0291,0,0.04,0.0,1,8,0,Our World in Data / UNAIDS,2026-09-30 02:09:07
3636,MNG,Mongolia,1992,0.00028,10,100,0.0291,0,0.04,0.0,1,8,0,Our World in Data / UNAIDS,2026-09-30 02:09:07
3637,MNG,Mongolia,1993,0.00045,10,100,0.0291,0,0.04,0.0,1,8,0,Our World in Data / UNAIDS,2026-09-30 02:09:07
3638,MNG,Mongolia,1994,0.00065,14,100,0.0291,0,0.04,0.0,1,8,0,Our World in Data / UNAIDS,2026-09-30 02:09:07
3639,MNG,Mongolia,1995,0.0009,19,100,0.0291,0,0.04,0.0,1,8,0,Our World in Data / UNAIDS,2026-09-30 02:09:07
3640,MNG,Mongolia,1996,0.00126,27,100,0.0291,0,0.04,0.0,1,8,1,Our World in Data / UNAIDS,2026-09-30 02:09:07
3641,MNG,Mongolia,1997,0.00179,38,100,0.0291,1,0.04,0.0,2,8,1,Our World in Data / UNAIDS,2026-09-30 02:09:07
3642,MNG,Mongolia,1998,0.0025,53,100,0.0291,1,0.04,0.0,3,8,1,Our World in Data / UNAIDS,2026-09-30 02:09:07
3643,MNG,Mongolia,1999,0.00341,73,100,0.0291,1,0.04,0.0,4,8,2,Our World in Data / UNAIDS,2026-09-30 02:09:07
3644,MNG,Mongolia,2000,0.00469,100,100,0.0291,2,0.04,0.0,6,8,3,Our World in Data / UNAIDS,2026-09-30 02:09:07
3645,MNG,Mongolia,2001,0.00644,137,100,0.0291,3,0.06,0.0,8,8,4,Our World in Data / UNAIDS,2026-09-30 02:09:07
3646,MNG,Mongolia,2002,0.00864,184,100,0.0291,4,0.09,0.0,10,8,6,Our World in Data / UNAIDS,2026-09-30 02:09:07
3647,MNG,Mongolia,2003,0.0113,241,100,0.0291,5,0.13,1.0,13,8,8,Our World in Data / UNAIDS,2026-09-30 02:09:07
3648,MNG,Mongolia,2004,0.01392,296,100,0.0291,7,0.17,0.0,16,8,11,Our World in Data / UNAIDS,2026-09-30 02:09:07
3649,MNG,Mongolia,2005,0.01577,336,100,0.0291,9,0.21,0.0,18,8,15,Our World in Data / UNAIDS,2026-09-30 02:09:07
3650,MNG,Mongolia,2006,0.01704,363,100,0.0291,11,0.31,1.0,20,8,18,Our World in Data / UNAIDS,2026-09-30 02:09:07
3651,MNG,Mongolia,2007,0.01818,387,100,0.0291,13,0.38,1.0,21,8,22,Our World in Data / UNAIDS,2026-09-30 02:09:07
3652,MNG,Mongolia,2008,0.01935,412,100,0.0291,16,0.48,1.0,23,8,26,Our World in Data / UNAIDS,2026-09-30 02:09:07
3653,MNG,Mongolia,2009,0.02055,437,100,0.0291,18,0.57,3.0,24,8,30,Our World in Data / UNAIDS,2026-09-30 02:09:07
3654,MNG,Mongolia,2010,0.02179,464,100,0.0291,19,0.57,6.0,26,8,31,Our World in Data / UNAIDS,2026-09-30 02:09:07
3655,MNG,Mongolia,2011,0.02302,490,100,0.0291,19,0.6,9.0,27,8,31,Our World in Data / UNAIDS,2026-09-30 02:09:07
3656,MNG,Mongolia,2012,0.02422,516,100,0.0291,19,0.6,12.0,28,8,32,Our World in Data / UNAIDS,2026-09-30 02:09:07
3657,MNG,Mongolia,2013,0.02533,539,100,0.0291,19,0.56,20.0,30,8,31,Our World in Data / UNAIDS,2026-09-30 02:09:07
3658,MNG,Mongolia,2014,0.02621,558,100,0.0291,18,0.52,25.0,31,8,29,Our World in Data / UNAIDS,2026-09-30 02:09:07
3659,MNG,Mongolia,2015,0.02691,573,100,0.0291,18,0.55,28.0,32,8,30,Our World in Data / UNAIDS,2026-09-30 02:09:07
3660,MNG,Mongolia,2016,0.02755,587,100,0.0291,20,0.59,29.0,32,8,33,Our World in Data / UNAIDS,2026-09-30 02:09:07
3661,MNG,Mongolia,2017,0.0281,598,100,0.0291,21,0.67,33.0,33,8,35,Our World in Data / UNAIDS,2026-09-30 02:09:07
3662,MNG,Mongolia,2018,0.02864,610,100,0.0291,22,0.67,34.0,34,8,36,Our World in Data / UNAIDS,2026-09-30 02:09:07
3663,MNG,Mongolia,2019,0.02938,625,100,0.0291,24,0.71,33.0,34,8,39,Our World in Data / UNAIDS,2026-09-30 02:09:07
3664,MNG,Mongolia,2020,0.02995,638,100,0.0291,25,0.7,36.0,35,8,41,Our World in Data / UNAIDS,2026-09-30 02:09:07
3665,MNG,Mongolia,2021,0.03014,642,100,0.0291,24,0.69,38.0,35,8,39,Our World in Data / UNAIDS,2026-09-30 02:09:07
3666,MNG,Mongolia,2022,0.03004,640,100,0.0291,24,0.69,39.0,35,8,40,Our World in Data / UNAIDS,2026-09-30 02:09:07
3667,MOZ,Mozambique,1990,1.80024,364492,160000,4.8995,5245,273.4,0.0,20047,12000,8654,Our World in Data / UNAIDS,2026-09-30 02:09:07
3668,MOZ,Mozambique,1991,2.2934,464342,160000,4.8995,7030,273.4,0.0,25539,12000,11600,Our World in Data / UNAIDS,2026-09-30 02:09:07
3669,MOZ,Mozambique,1992,2.85958,578976,160000,4.8995,9266,273.4,0.0,31844,12000,15290,Our World in Data / UNAIDS,2026-09-30 02:09:07
3670,MOZ,Mozambique,1993,3.48872,706357,160000,4.8995,11934,273.4,0.0,38850,12000,19690,Our World in Data / UNAIDS,2026-09-30 02:09:07
3671,MOZ,Mozambique,1994,4.17886,846088,160000,4.8995,15521,273.4,0.0,46535,12000,25610,Our World in Data / UNAIDS,2026-09-30 02:09:07
3672,MOZ,Mozambique,1995,4.91791,995723,160000,4.8995,20716,273.4,0.0,54765,12000,34182,Our World in Data / UNAIDS,2026-09-30 02:09:07
3673,MOZ,Mozambique,1996,5.70679,1155446,160000,4.8995,25794,273.4,0.0,63550,12000,42560,Our World in Data / UNAIDS,2026-09-30 02:09:07
3674,MOZ,Mozambique,1997,6.50805,1317677,160000,4.8995,31562,273.4,0.0,72472,12000,52077,Our World in Data / UNAIDS,2026-09-30 02:09:07
3675,MOZ,Mozambique,1998,7.30713,1479465,160000,4.8995,37592,273.4,0.0,81371,12000,62027,Our World in Data / UNAIDS,2026-09-30 02:09:07
3676,MOZ,Mozambique,1999,8.08493,1636945,160000,4.8995,44150,273.4,0.0,90032,12000,72847,Our World in Data / UNAIDS,2026-09-30 02:09:07
3677,MOZ,Mozambique,2000,8.79605,1780925,160000,4.8995,50985,273.4,0.0,97951,12000,84125,Our World in Data / UNAIDS,2026-09-30 02:09:07
3678,MOZ,Mozambique,2001,9.41577,1906399,160000,4.8995,58009,305.77,0.0,104852,12000,95715,Our World in Data / UNAIDS,2026-09-30 02:09:07
3679,MOZ,Mozambique,2002,9.9265,2009806,160000,4.8995,65039,337.12,0.0,110539,12000,107314,Our World in Data / UNAIDS,2026-09-30 02:09:07
3680,MOZ,Mozambique,2003,10.32223,2089929,160000,4.8995,71471,364.02,0.0,114946,12000,117927,Our World in Data / UNAIDS,2026-09-30 02:09:07
3681,MOZ,Mozambique,2004,10.64111,2154492,160000,4.8995,77204,385.39,1.0,118497,12000,127386,Our World in Data / UNAIDS,2026-09-30 02:09:07
3682,MOZ,Mozambique,2005,10.89165,2205218,160000,4.8995,81651,399.11,2.0,121287,12000,134724,Our World in Data / UNAIDS,2026-09-30 02:09:07
3683,MOZ,Mozambique,2006,11.11412,2250262,160000,4.8995,82480,396.28,3.0,123764,12000,136091,Our World in Data / UNAIDS,2026-09-30 02:09:07
3684,MOZ,Mozambique,2007,11.3353,2295044,150000,4.5933,77378,374.71,7.0,126227,11250,127674,Our World in Data / UNAIDS,2026-09-30 02:09:07
3685,MOZ,Mozambique,2008,11.57981,2344549,160000,4.8995,72581,331.03,10.0,128950,12000,119759,Our World in Data / UNAIDS,2026-09-30 02:09:07
3686,MOZ,Mozambique,2009,11.8134,2391844,160000,4.8995,71180,316.59,11.0,131551,12000,117447,Our World in Data / UNAIDS,2026-09-30 02:09:07
3687,MOZ,Mozambique,2010,12.03207,2436118,170000,5.2057,72949,312.01,14.0,133986,12750,120367,Our World in Data / UNAIDS,2026-09-30 02:09:07
3688,MOZ,Mozambique,2011,12.2503,2480303,160000,4.8995,72144,302.86,16.0,136417,12000,119038,Our World in Data / UNAIDS,2026-09-30 02:09:07
3689,MOZ,Mozambique,2012,12.43862,2518432,160000,4.8995,74242,305.69,18.0,138514,12000,122499,Our World in Data / UNAIDS,2026-09-30 02:09:07
3690,MOZ,Mozambique,2013,12.60772,2552669,160000,4.8995,72098,285.96,26.0,140397,12000,118962,Our World in Data / UNAIDS,2026-09-30 02:09:07
3691,MOZ,Mozambique,2014,12.73769,2578984,150000,4.5933,63119,239.81,34.0,141844,11250,104147,Our World in Data / UNAIDS,2026-09-30 02:09:07
3692,MOZ,Mozambique,2015,12.83092,2597860,150000,4.5933,55230,200.93,41.0,142882,11250,91130,Our World in Data / UNAIDS,2026-09-30 02:09:07
3693,MOZ,Mozambique,2016,12.8628,2604315,140000,4.2871,50682,175.78,48.0,143237,10500,83626,Our World in Data / UNAIDS,2026-09-30 02:09:07
3694,MOZ,Mozambique,2017,12.83427,2598538,130000,3.9809,48877,169.02,55.0,142920,9750,80647,Our World in Data / UNAIDS,2026-09-30 02:09:07
3695,MOZ,Mozambique,2018,12.77283,2586099,130000,3.9809,46975,159.4,56.0,142235,9750,77509,Our World in Data / UNAIDS,2026-09-30 02:09:07
3696,MOZ,Mozambique,2019,12.68958,2569243,130000,3.9809,48857,162.39,60.0,141308,9750,80614,Our World in Data / UNAIDS,2026-09-30 02:09:07
3697,MOZ,Mozambique,2020,12.55586,2542169,130000,3.9809,50072,154.05,61.0,139819,9750,82619,Our World in Data / UNAIDS,2026-09-30 02:09:07
3698,MOZ,Mozambique,2021,12.37194,2504931,120000,3.6746,49817,156.79,67.0,137771,9000,82198,Our World in Data / UNAIDS,2026-09-30 02:09:07
3699,MOZ,Mozambique,2022,12.12242,2454411,110000,3.3684,48766,156.79,72.0,134993,8250,80465,Our World in Data / UNAIDS,2026-09-30 02:09:07
3700,MRT,Mauritania,1990,0.19328,5843,1400,0.2871,89,17.21,0.0,321,105,146,Our World in Data / UNAIDS,2026-09-30 02:09:07
3701,MRT,Mauritania,1991,0.23642,7147,1400,0.2871,114,17.21,0.0,393,105,189,Our World in Data / UNAIDS,2026-09-30 02:09:07
3702,MRT,Mauritania,1992,0.28616,8650,1400,0.2871,146,17.21,0.0,476,105,241,Our World in Data / UNAIDS,2026-09-30 02:09:07
3703,MRT,Mauritania,1993,0.33681,10181,1400,0.2871,188,17.21,0.0,560,105,311,Our World in Data / UNAIDS,2026-09-30 02:09:07
3704,MRT,Mauritania,1994,0.39328,11888,1400,0.2871,235,17.21,0.0,654,105,388,Our World in Data / UNAIDS,2026-09-30 02:09:07
3705,MRT,Mauritania,1995,0.45,13603,1400,0.2871,288,17.21,0.0,748,105,475,Our World in Data / UNAIDS,2026-09-30 02:09:07
3706,MRT,Mauritania,1996,0.51,15417,1400,0.2871,341,17.21,0.0,848,105,563,Our World in Data / UNAIDS,2026-09-30 02:09:07
3707,MRT,Mauritania,1997,0.56683,17135,1400,0.2871,395,17.21,0.0,942,105,651,Our World in Data / UNAIDS,2026-09-30 02:09:07
3708,MRT,Mauritania,1998,0.61976,18735,1400,0.2871,456,17.21,0.0,1030,105,753,Our World in Data / UNAIDS,2026-09-30 02:09:07
3709,MRT,Mauritania,1999,0.66316,20047,1400,0.2871,520,17.21,0.0,1103,105,858,Our World in Data / UNAIDS,2026-09-30 02:09:07
3710,MRT,Mauritania,2000,0.69702,21070,1400,0.2871,587,17.21,0.0,1159,105,969,Our World in Data / UNAIDS,2026-09-30 02:09:07
3711,MRT,Mauritania,2001,0.71604,21645,1400,0.2871,655,17.28,0.0,1190,105,1081,Our World in Data / UNAIDS,2026-09-30 02:09:07
3712,MRT,Mauritania,2002,0.72245,21839,1300,0.2666,713,18.62,0.0,1201,98,1176,Our World in Data / UNAIDS,2026-09-30 02:09:07
3713,MRT,Mauritania,2003,0.71539,21625,1200,0.2461,764,19.58,0.0,1189,90,1260,Our World in Data / UNAIDS,2026-09-30 02:09:07
3714,MRT,Mauritania,2004,0.69772,21091,1000,0.2051,799,20.29,1.0,1160,75,1319,Our World in Data / UNAIDS,2026-09-30 02:09:07
3715,MRT,Mauritania,2005,0.67197,20313,910,0.1866,794,19.59,2.0,1117,68,1310,Our World in Data / UNAIDS,2026-09-30 02:09:07
3716,MRT,Mauritania,2006,0.64181,19401,790,0.162,754,18.47,5.0,1067,59,1244,Our World in Data / UNAIDS,2026-09-30 02:09:07
3717,MRT,Mauritania,2007,0.60669,18340,640,0.1313,702,18.74,8.0,1009,48,1158,Our World in Data / UNAIDS,2026-09-30 02:09:07
3718,MRT,Mauritania,2008,0.56928,17209,520,0.1067,666,17.7,11.0,946,39,1098,Our World in Data / UNAIDS,2026-09-30 02:09:07
3719,MRT,Mauritania,2009,0.52744,15944,500,0.1026,640,16.72,14.0,877,38,1056,Our World in Data / UNAIDS,2026-09-30 02:09:07
3720,MRT,Mauritania,2010,0.48543,14674,500,0.1026,627,16.16,17.0,807,38,1034,Our World in Data / UNAIDS,2026-09-30 02:09:07
3721,MRT,Mauritania,2011,0.44478,13445,500,0.1026,632,15.97,19.0,739,38,1043,Our World in Data / UNAIDS,2026-09-30 02:09:07
3722,MRT,Mauritania,2012,0.40508,12245,500,0.1026,634,16.14,21.0,673,38,1046,Our World in Data / UNAIDS,2026-09-30 02:09:07
3723,MRT,Mauritania,2013,0.36598,11063,500,0.1026,618,15.31,26.0,608,38,1020,Our World in Data / UNAIDS,2026-09-30 02:09:07
3724,MRT,Mauritania,2014,0.33141,10018,200,0.041,571,14.03,28.0,551,15,942,Our World in Data / UNAIDS,2026-09-30 02:09:07
3725,MRT,Mauritania,2015,0.2991,9041,200,0.041,528,13.01,33.0,497,15,871,Our World in Data / UNAIDS,2026-09-30 02:09:07
3726,MRT,Mauritania,2016,0.26997,8161,500,0.1026,490,12.6,36.0,449,38,808,Our World in Data / UNAIDS,2026-09-30 02:09:07
3727,MRT,Mauritania,2017,0.24486,7402,500,0.1026,435,11.77,44.0,407,38,718,Our World in Data / UNAIDS,2026-09-30 02:09:07
3728,MRT,Mauritania,2018,0.223,6741,200,0.041,381,10.96,45.0,371,15,629,Our World in Data / UNAIDS,2026-09-30 02:09:07
3729,MRT,Mauritania,2019,0.20338,6148,200,0.041,350,10.2,51.0,338,15,578,Our World in Data / UNAIDS,2026-09-30 02:09:07
3730,MRT,Mauritania,2020,0.18628,5631,200,0.041,306,9.34,54.0,310,15,504,Our World in Data / UNAIDS,2026-09-30 02:09:07
3731,MRT,Mauritania,2021,0.17161,5188,200,0.041,275,8.5,59.0,285,15,453,Our World in Data / UNAIDS,2026-09-30 02:09:07
3732,MRT,Mauritania,2022,0.15961,4825,500,0.1026,239,8.5,62.0,265,38,394,Our World in Data / UNAIDS,2026-09-30 02:09:07
3733,MUS,Mauritius,2000,0.24165,1892,1650,1.3069,389,30.8266,0.0,104,124,642,Our World in Data / UNAIDS,2026-09-30 02:09:07
3734,MUS,Mauritius,2001,0.25329,1983,1700,1.3465,363,28.7413,0.0,109,128,599,Our World in Data / UNAIDS,2026-09-30 02:09:07
3735,MUS,Mauritius,2002,0.27393,2144,1700,1.3465,349,27.6254,0.0,118,128,575,Our World in Data / UNAIDS,2026-09-30 02:09:07
3736,MUS,Mauritius,2003,0.30624,2397,1700,1.3465,386,30.5536,1.5,132,128,636,Our World in Data / UNAIDS,2026-09-30 02:09:07
3737,MUS,Mauritius,2004,0.31623,2475,1550,1.2277,445,35.2788,3.0,136,116,735,Our World in Data / UNAIDS,2026-09-30 02:09:07
3738,MUS,Mauritius,2005,0.31956,2501,1500,1.1881,400,1.63,6.5,138,112,660,Our World in Data / UNAIDS,2026-09-30 02:09:07
3739,MUS,Mauritius,2006,0.32438,2539,1450,1.1485,432,2.51,9.5,140,109,712,Our World in Data / UNAIDS,2026-09-30 02:09:07
3740,MUS,Mauritius,2007,0.3304,2586,1300,1.0297,566,4.58,13.0,142,98,934,Our World in Data / UNAIDS,2026-09-30 02:09:07
3741,MUS,Mauritius,2008,0.33243,2602,1250,0.9901,534,4.23,17.0,143,94,880,Our World in Data / UNAIDS,2026-09-30 02:09:07
3742,MUS,Mauritius,2009,0.32959,2580,1300,1.0297,470,2.7,21.0,142,98,776,Our World in Data / UNAIDS,2026-09-30 02:09:07
3743,MUS,Mauritius,2010,0.33193,2598,1300,1.0297,452,5.66,24.9444,143,98,746,Our World in Data / UNAIDS,2026-09-30 02:09:07
3744,MUS,Mauritius,2011,0.34874,2730,1250,0.9901,468,5.03,28.0,150,94,772,Our World in Data / UNAIDS,2026-09-30 02:09:07
3745,MUS,Mauritius,2012,0.36233,2836,1250,0.9901,487,6.42,31.0,156,94,803,Our World in Data / UNAIDS,2026-09-30 02:09:07
3746,MUS,Mauritius,2013,0.36732,2875,1300,1.0297,517,8.66,35.0,158,98,853,Our World in Data / UNAIDS,2026-09-30 02:09:07
3747,MUS,Mauritius,2014,0.36172,2831,1200,0.9505,449,9.34,37.0,156,90,741,Our World in Data / UNAIDS,2026-09-30 02:09:07
3748,MUS,Mauritius,2015,0.36479,2855,1250,0.9901,430,7.02,41.0,157,94,709,Our World in Data / UNAIDS,2026-09-30 02:09:07
3749,MUS,Mauritius,2016,0.37443,2931,1200,0.9505,442,10.71,45.5,161,90,730,Our World in Data / UNAIDS,2026-09-30 02:09:07
3750,MUS,Mauritius,2017,0.36894,2888,1200,0.9505,424,10.69,50.5,159,90,699,Our World in Data / UNAIDS,2026-09-30 02:09:07
3751,MUS,Mauritius,2018,0.36413,2850,1200,0.9505,381,10.33,54.0,157,90,629,Our World in Data / UNAIDS,2026-09-30 02:09:07
3752,MUS,Mauritius,2019,0.37023,2898,1200,0.9505,357,11.86,59.0,159,90,589,Our World in Data / UNAIDS,2026-09-30 02:09:07
3753,MUS,Mauritius,2020,0.39803,3116,1250,0.9901,369,12.11,61.5,171,94,609,Our World in Data / UNAIDS,2026-09-30 02:09:07
3754,MUS,Mauritius,2021,0.40203,3147,1300,1.0297,371,8.27,64.5,173,98,613,Our World in Data / UNAIDS,2026-09-30 02:09:07
3755,MWI,Malawi,1990,8.9786,1145006,96000,4.6673,19562,623.06,0.0,62975,7200,32278,Our World in Data / UNAIDS,2026-09-30 02:09:07
3756,MWI,Malawi,1991,10.59835,1351566,96000,4.6673,25306,623.06,0.0,74336,7200,41755,Our World in Data / UNAIDS,2026-09-30 02:09:07
3757,MWI,Malawi,1992,12.08839,1541585,96000,4.6673,31576,623.06,0.0,84787,7200,52100,Our World in Data / UNAIDS,2026-09-30 02:09:07
3758,MWI,Malawi,1993,13.38216,1706575,96000,4.6673,38398,623.06,0.0,93862,7200,63357,Our World in Data / UNAIDS,2026-09-30 02:09:07
3759,MWI,Malawi,1994,14.43179,1840430,96000,4.6673,44158,623.06,0.0,101224,7200,72860,Our World in Data / UNAIDS,2026-09-30 02:09:07
3760,MWI,Malawi,1995,15.20871,1939508,96000,4.6673,48587,623.06,0.0,106673,7200,80168,Our World in Data / UNAIDS,2026-09-30 02:09:07
3761,MWI,Malawi,1996,15.71643,2004255,96000,4.6673,54687,623.06,0.0,110234,7200,90234,Our World in Data / UNAIDS,2026-09-30 02:09:07
3762,MWI,Malawi,1997,15.98005,2037874,96000,4.6673,60504,623.06,0.0,112083,7200,99832,Our World in Data / UNAIDS,2026-09-30 02:09:07
3763,MWI,Malawi,1998,16.03836,2045310,96000,4.6673,65939,623.06,0.0,112492,7200,108799,Our World in Data / UNAIDS,2026-09-30 02:09:07
3764,MWI,Malawi,1999,15.69112,2001028,96000,4.6673,70794,623.06,0.0,110057,7200,116810,Our World in Data / UNAIDS,2026-09-30 02:09:07
3765,MWI,Malawi,2000,15.32144,1953884,96000,4.6673,74288,623.06,0.0,107464,7200,122574,Our World in Data / UNAIDS,2026-09-30 02:09:07
3766,MWI,Malawi,2001,14.83146,1891398,91000,4.4242,77122,631.82,0.0,104027,6825,127252,Our World in Data / UNAIDS,2026-09-30 02:09:07
3767,MWI,Malawi,2002,14.25074,1817341,86000,4.1811,79196,624.37,0.0,99954,6450,130673,Our World in Data / UNAIDS,2026-09-30 02:09:07
3768,MWI,Malawi,2003,13.59738,1734021,81000,3.938,80487,612.0,0.0,95371,6075,132804,Our World in Data / UNAIDS,2026-09-30 02:09:07
3769,MWI,Malawi,2004,12.94396,1650693,78000,3.7922,79280,594.27,1.0,90788,5850,130812,Our World in Data / UNAIDS,2026-09-30 02:09:07
3770,MWI,Malawi,2005,12.33154,1572593,73000,3.5491,74932,530.76,3.0,86493,5475,123638,Our World in Data / UNAIDS,2026-09-30 02:09:07
3771,MWI,Malawi,2006,11.78895,1503399,69000,3.3546,68512,446.1,6.0,82687,5175,113045,Our World in Data / UNAIDS,2026-09-30 02:09:07
3772,MWI,Malawi,2007,11.34627,1446946,65000,3.1601,60402,376.1,11.0,79582,4875,99663,Our World in Data / UNAIDS,2026-09-30 02:09:07
3773,MWI,Malawi,2008,11.09431,1414814,63000,3.0629,51104,329.43,17.0,77815,4725,84322,Our World in Data / UNAIDS,2026-09-30 02:09:07
3774,MWI,Malawi,2009,10.85235,1383958,57000,2.7712,43499,268.74,22.0,76118,4275,71774,Our World in Data / UNAIDS,2026-09-30 02:09:07
3775,MWI,Malawi,2010,10.65776,1359143,57000,2.7712,38289,226.63,27.0,74753,4275,63177,Our World in Data / UNAIDS,2026-09-30 02:09:07
3776,MWI,Malawi,2011,10.49026,1337782,54000,2.6253,33518,199.5,34.0,73578,4050,55305,Our World in Data / UNAIDS,2026-09-30 02:09:07
3777,MWI,Malawi,2012,10.30894,1314659,51000,2.4795,29454,168.74,42.0,72306,3825,48599,Our World in Data / UNAIDS,2026-09-30 02:09:07
3778,MWI,Malawi,2013,10.11338,1289720,48000,2.3336,25819,144.8,48.0,70935,3600,42602,Our World in Data / UNAIDS,2026-09-30 02:09:07
3779,MWI,Malawi,2014,9.89522,1261899,45000,2.1878,23817,125.97,54.0,69404,3375,39299,Our World in Data / UNAIDS,2026-09-30 02:09:07
3780,MWI,Malawi,2015,9.64925,1230531,40000,1.9447,22236,114.07,59.0,67679,3000,36690,Our World in Data / UNAIDS,2026-09-30 02:09:07
3781,MWI,Malawi,2016,9.36521,1194309,36000,1.7502,21721,105.16,67.0,65687,2700,35839,Our World in Data / UNAIDS,2026-09-30 02:09:07
3782,MWI,Malawi,2017,9.03121,1151715,30000,1.4585,20352,96.24,74.0,63344,2250,33581,Our World in Data / UNAIDS,2026-09-30 02:09:07
3783,MWI,Malawi,2018,8.65788,1104106,25000,1.2154,18787,83.99,80.0,60726,1875,30999,Our World in Data / UNAIDS,2026-09-30 02:09:07
3784,MWI,Malawi,2019,8.26586,1054113,22000,1.0696,17064,72.4,81.0,57976,1650,28155,Our World in Data / UNAIDS,2026-09-30 02:09:07
3785,MWI,Malawi,2020,7.86419,1002890,19000,0.9237,16103,65.72,85.0,55159,1425,26571,Our World in Data / UNAIDS,2026-09-30 02:09:07
3786,MWI,Malawi,2021,7.44884,949922,16000,0.7779,15504,62.06,87.0,52246,1200,25582,Our World in Data / UNAIDS,2026-09-30 02:09:07
3787,MWI,Malawi,2022,7.03897,897652,15000,0.7293,14958,62.06,88.0,49371,1125,24681,Our World in Data / UNAIDS,2026-09-30 02:09:07
3788,MYS,Malaysia,1990,0.23477,50502,5700,0.1643,398,15.21,0.0,2778,428,656,Our World in Data / UNAIDS,2026-09-30 02:09:07
3789,MYS,Malaysia,1991,0.27958,60141,5700,0.1643,640,15.21,0.0,3308,428,1056,Our World in Data / UNAIDS,2026-09-30 02:09:07
3790,MYS,Malaysia,1992,0.30868,66401,5700,0.1643,926,15.21,0.0,3652,428,1529,Our World in Data / UNAIDS,2026-09-30 02:09:07
3791,MYS,Malaysia,1993,0.32901,70774,5700,0.1643,1246,15.21,0.0,3893,428,2056,Our World in Data / UNAIDS,2026-09-30 02:09:07
3792,MYS,Malaysia,1994,0.34451,74108,5700,0.1643,1585,15.21,0.0,4076,428,2616,Our World in Data / UNAIDS,2026-09-30 02:09:07
3793,MYS,Malaysia,1995,0.35652,76692,5700,0.1643,1924,15.21,0.0,4218,428,3175,Our World in Data / UNAIDS,2026-09-30 02:09:07
3794,MYS,Malaysia,1996,0.36577,78682,5700,0.1643,2273,15.21,0.0,4328,428,3751,Our World in Data / UNAIDS,2026-09-30 02:09:07
3795,MYS,Malaysia,1997,0.37281,80196,5700,0.1643,2610,15.21,0.0,4411,428,4306,Our World in Data / UNAIDS,2026-09-30 02:09:07
3796,MYS,Malaysia,1998,0.37805,81323,5700,0.1643,2911,15.21,0.0,4473,428,4803,Our World in Data / UNAIDS,2026-09-30 02:09:07
3797,MYS,Malaysia,1999,0.38175,82119,5700,0.1643,3189,15.21,0.0,4517,428,5261,Our World in Data / UNAIDS,2026-09-30 02:09:07
3798,MYS,Malaysia,2000,0.38328,82448,5700,0.1643,3449,15.21,0.0,4535,428,5691,Our World in Data / UNAIDS,2026-09-30 02:09:07
3799,MYS,Malaysia,2001,0.38292,82371,5800,0.1672,3554,15.26,2.0,4530,435,5863,Our World in Data / UNAIDS,2026-09-30 02:09:07
3800,MYS,Malaysia,2002,0.38244,82267,5700,0.1643,3440,14.46,4.0,4525,428,5677,Our World in Data / UNAIDS,2026-09-30 02:09:07
3801,MYS,Malaysia,2003,0.38187,82145,5600,0.1614,3323,13.66,6.0,4518,420,5482,Our World in Data / UNAIDS,2026-09-30 02:09:07
3802,MYS,Malaysia,2004,0.3815,82065,5600,0.1614,3257,13.12,8.0,4514,420,5374,Our World in Data / UNAIDS,2026-09-30 02:09:07
3803,MYS,Malaysia,2005,0.38114,81988,5600,0.1614,3231,12.75,10.0,4509,420,5332,Our World in Data / UNAIDS,2026-09-30 02:09:07
3804,MYS,Malaysia,2006,0.38087,81930,5600,0.1614,3235,12.53,12.0,4506,420,5338,Our World in Data / UNAIDS,2026-09-30 02:09:07
3805,MYS,Malaysia,2007,0.3805,81850,5700,0.1643,3260,12.41,14.0,4502,428,5379,Our World in Data / UNAIDS,2026-09-30 02:09:07
3806,MYS,Malaysia,2008,0.38034,81816,5700,0.1643,3297,12.32,15.0,4500,428,5439,Our World in Data / UNAIDS,2026-09-30 02:09:07
3807,MYS,Malaysia,2009,0.38004,81751,5700,0.1643,3344,12.28,17.0,4496,428,5518,Our World in Data / UNAIDS,2026-09-30 02:09:07
3808,MYS,Malaysia,2010,0.37902,81532,5700,0.1643,3450,12.44,18.0,4484,428,5692,Our World in Data / UNAIDS,2026-09-30 02:09:07
3809,MYS,Malaysia,2011,0.37683,81061,5700,0.1643,3603,12.73,19.0,4458,428,5946,Our World in Data / UNAIDS,2026-09-30 02:09:07
3810,MYS,Malaysia,2012,0.37353,80351,5600,0.1614,3764,13.16,20.0,4419,420,6211,Our World in Data / UNAIDS,2026-09-30 02:09:07
3811,MYS,Malaysia,2013,0.36884,79342,5400,0.1556,3848,13.3,23.0,4364,405,6350,Our World in Data / UNAIDS,2026-09-30 02:09:07
3812,MYS,Malaysia,2014,0.36308,78103,5000,0.1441,3649,12.4,28.0,4296,375,6020,Our World in Data / UNAIDS,2026-09-30 02:09:07
3813,MYS,Malaysia,2015,0.35677,76746,4600,0.1326,3320,11.15,33.0,4221,345,5479,Our World in Data / UNAIDS,2026-09-30 02:09:07
3814,MYS,Malaysia,2016,0.35023,75339,4100,0.1182,2778,9.3,45.0,4144,308,4583,Our World in Data / UNAIDS,2026-09-30 02:09:07
3815,MYS,Malaysia,2017,0.34349,73889,3600,0.1038,2299,7.71,48.0,4064,270,3793,Our World in Data / UNAIDS,2026-09-30 02:09:07
3816,MYS,Malaysia,2018,0.33574,72222,3400,0.098,2271,7.6,51.0,3972,255,3747,Our World in Data / UNAIDS,2026-09-30 02:09:07
3817,MYS,Malaysia,2019,0.32767,70486,3200,0.0922,2250,7.49,54.0,3877,240,3713,Our World in Data / UNAIDS,2026-09-30 02:09:07
3818,MYS,Malaysia,2020,0.3203,68900,3100,0.0893,2154,7.14,57.0,3790,232,3555,Our World in Data / UNAIDS,2026-09-30 02:09:07
3819,MYS,Malaysia,2021,0.31268,67261,2900,0.0836,2122,7.05,57.0,3699,218,3502,Our World in Data / UNAIDS,2026-09-30 02:09:07
3820,MYS,Malaysia,2022,0.30458,65519,2900,0.0836,2276,7.05,56.0,3604,218,3755,Our World in Data / UNAIDS,2026-09-30 02:09:07
3821,NAM,Namibia,1990,2.16102,38717,20000,6.9212,694,423.91,0.0,2129,1500,1146,Our World in Data / UNAIDS,2026-09-30 02:09:07
3822,NAM,Namibia,1991,2.98712,53517,20000,6.9212,1021,423.91,0.0,2943,1500,1685,Our World in Data / UNAIDS,2026-09-30 02:09:07
3823,NAM,Namibia,1992,4.04625,72492,20000,6.9212,1455,423.91,0.0,3987,1500,2401,Our World in Data / UNAIDS,2026-09-30 02:09:07
3824,NAM,Namibia,1993,5.32878,95470,20000,6.9212,2013,423.91,0.0,5251,1500,3322,Our World in Data / UNAIDS,2026-09-30 02:09:07
3825,NAM,Namibia,1994,6.79396,121720,20000,6.9212,2709,423.91,0.0,6695,1500,4469,Our World in Data / UNAIDS,2026-09-30 02:09:07
3826,NAM,Namibia,1995,8.31728,149012,20000,6.9212,3529,423.91,0.0,8196,1500,5823,Our World in Data / UNAIDS,2026-09-30 02:09:07
3827,NAM,Namibia,1996,9.77418,175113,20000,6.9212,4463,423.91,0.0,9631,1500,7365,Our World in Data / UNAIDS,2026-09-30 02:09:07
3828,NAM,Namibia,1997,11.06938,198318,20000,6.9212,5520,423.91,0.0,10907,1500,9108,Our World in Data / UNAIDS,2026-09-30 02:09:07
3829,NAM,Namibia,1998,12.10712,216910,20000,6.9212,6672,423.91,0.0,11930,1500,11009,Our World in Data / UNAIDS,2026-09-30 02:09:07
3830,NAM,Namibia,1999,12.88972,230931,20000,6.9212,7869,423.91,0.0,12701,1500,12983,Our World in Data / UNAIDS,2026-09-30 02:09:07
3831,NAM,Namibia,2000,13.42023,240436,20000,6.9212,9034,423.91,0.0,13224,1500,14907,Our World in Data / UNAIDS,2026-09-30 02:09:07
3832,NAM,Namibia,2001,13.71094,245644,19000,6.5752,10133,466.73,0.0,13510,1425,16719,Our World in Data / UNAIDS,2026-09-30 02:09:07
3833,NAM,Namibia,2002,13.81128,247442,18000,6.2291,11144,486.48,0.0,13609,1350,18388,Our World in Data / UNAIDS,2026-09-30 02:09:07
3834,NAM,Namibia,2003,13.75541,246441,17000,5.883,12008,514.72,0.0,13554,1275,19813,Our World in Data / UNAIDS,2026-09-30 02:09:07
3835,NAM,Namibia,2004,13.61663,243954,16000,5.537,12003,510.26,3.0,13417,1200,19805,Our World in Data / UNAIDS,2026-09-30 02:09:07
3836,NAM,Namibia,2005,13.42125,240454,15000,5.1909,10850,462.58,8.0,13225,1125,17903,Our World in Data / UNAIDS,2026-09-30 02:09:07
3837,NAM,Namibia,2006,13.27822,237891,14000,4.8449,9080,381.82,15.0,13084,1050,14981,Our World in Data / UNAIDS,2026-09-30 02:09:07
3838,NAM,Namibia,2007,13.1931,236366,13000,4.4988,7064,295.18,25.0,13000,975,11655,Our World in Data / UNAIDS,2026-09-30 02:09:07
3839,NAM,Namibia,2008,13.15101,235612,12000,4.1527,5498,225.55,32.0,12959,900,9071,Our World in Data / UNAIDS,2026-09-30 02:09:07
3840,NAM,Namibia,2009,13.13539,235332,12000,4.1527,4617,183.83,35.0,12943,900,7618,Our World in Data / UNAIDS,2026-09-30 02:09:07
3841,NAM,Namibia,2010,13.12136,235081,12000,4.1527,4229,168.55,41.0,12929,900,6978,Our World in Data / UNAIDS,2026-09-30 02:09:07
3842,NAM,Namibia,2011,13.11679,234999,11000,3.8067,4019,153.17,48.0,12925,825,6631,Our World in Data / UNAIDS,2026-09-30 02:09:07
3843,NAM,Namibia,2012,13.01033,233092,10000,3.4606,3936,146.15,52.0,12820,750,6495,Our World in Data / UNAIDS,2026-09-30 02:09:07
3844,NAM,Namibia,2013,12.83341,229922,9100,3.1492,3670,138.25,56.0,12646,682,6056,Our World in Data / UNAIDS,2026-09-30 02:09:07
3845,NAM,Namibia,2014,12.62454,226180,8400,2.9069,3370,131.08,54.0,12440,630,5561,Our World in Data / UNAIDS,2026-09-30 02:09:07
3846,NAM,Namibia,2015,12.37622,221731,7900,2.7339,3807,145.45,61.0,12195,592,6281,Our World in Data / UNAIDS,2026-09-30 02:09:07
3847,NAM,Namibia,2016,12.10604,216891,7600,2.6301,3887,148.8,61.0,11929,570,6413,Our World in Data / UNAIDS,2026-09-30 02:09:07
3848,NAM,Namibia,2017,11.80248,211452,6900,2.3878,4153,153.4,69.0,11630,518,6852,Our World in Data / UNAIDS,2026-09-30 02:09:07
3849,NAM,Namibia,2018,11.46558,205416,6100,2.111,4054,152.19,73.0,11298,458,6690,Our World in Data / UNAIDS,2026-09-30 02:09:07
3850,NAM,Namibia,2019,11.07181,198361,5100,1.7649,3939,145.84,81.0,10910,382,6499,Our World in Data / UNAIDS,2026-09-30 02:09:07
3851,NAM,Namibia,2020,10.64345,190687,4500,1.5573,3657,125.31,83.0,10488,338,6034,Our World in Data / UNAIDS,2026-09-30 02:09:07
3852,NAM,Namibia,2021,10.2205,183110,4900,1.6957,3475,119.24,86.0,10071,368,5733,Our World in Data / UNAIDS,2026-09-30 02:09:07
3853,NAM,Namibia,2022,9.77783,175179,4400,1.5227,3317,119.24,88.0,9635,330,5473,Our World in Data / UNAIDS,2026-09-30 02:09:07
3854,NER,Niger,1990,0.2421,37994,4900,0.1936,408,32.84,0.0,2090,368,673,Our World in Data / UNAIDS,2026-09-30 02:09:07
3855,NER,Niger,1991,0.32716,51343,4900,0.1936,594,32.84,0.0,2824,368,980,Our World in Data / UNAIDS,2026-09-30 02:09:07
3856,NER,Niger,1992,0.41296,64808,4900,0.1936,832,32.84,0.0,3564,368,1372,Our World in Data / UNAIDS,2026-09-30 02:09:07
3857,NER,Niger,1993,0.49875,78271,4900,0.1936,1120,32.84,0.0,4305,368,1847,Our World in Data / UNAIDS,2026-09-30 02:09:07
3858,NER,Niger,1994,0.57979,90989,4900,0.1936,1455,32.84,0.0,5004,368,2400,Our World in Data / UNAIDS,2026-09-30 02:09:07
3859,NER,Niger,1995,0.64495,101215,4900,0.1936,1819,32.84,0.0,5567,368,3001,Our World in Data / UNAIDS,2026-09-30 02:09:07
3860,NER,Niger,1996,0.68894,108118,4900,0.1936,2194,32.84,0.0,5946,368,3619,Our World in Data / UNAIDS,2026-09-30 02:09:07
3861,NER,Niger,1997,0.7156,112302,4900,0.1936,2560,32.84,0.0,6177,368,4224,Our World in Data / UNAIDS,2026-09-30 02:09:07
3862,NER,Niger,1998,0.72721,114124,4900,0.1936,2908,32.84,0.0,6277,368,4799,Our World in Data / UNAIDS,2026-09-30 02:09:07
3863,NER,Niger,1999,0.72121,113183,4900,0.1936,3226,32.84,0.0,6225,368,5323,Our World in Data / UNAIDS,2026-09-30 02:09:07
3864,NER,Niger,2000,0.7041,110497,4900,0.1936,3502,32.84,0.0,6077,368,5778,Our World in Data / UNAIDS,2026-09-30 02:09:07
3865,NER,Niger,2001,0.67869,106510,4600,0.1817,3734,34.23,0.0,5858,345,6160,Our World in Data / UNAIDS,2026-09-30 02:09:07
3866,NER,Niger,2002,0.64542,101288,4200,0.1659,3916,34.95,0.0,5571,315,6461,Our World in Data / UNAIDS,2026-09-30 02:09:07
3867,NER,Niger,2003,0.60864,95516,4000,0.158,4046,35.07,0.0,5253,300,6677,Our World in Data / UNAIDS,2026-09-30 02:09:07
3868,NER,Niger,2004,0.57207,89777,3800,0.1501,4102,34.42,0.0,4938,285,6768,Our World in Data / UNAIDS,2026-09-30 02:09:07
3869,NER,Niger,2005,0.53298,83643,3400,0.1343,4004,32.65,2.0,4600,255,6606,Our World in Data / UNAIDS,2026-09-30 02:09:07
3870,NER,Niger,2006,0.49627,77882,3000,0.1185,3741,29.67,4.0,4284,225,6173,Our World in Data / UNAIDS,2026-09-30 02:09:07
3871,NER,Niger,2007,0.46117,72373,2700,0.1067,3507,26.95,6.0,3981,202,5786,Our World in Data / UNAIDS,2026-09-30 02:09:07
3872,NER,Niger,2008,0.42777,67132,2500,0.0988,3364,24.8,7.0,3692,188,5551,Our World in Data / UNAIDS,2026-09-30 02:09:07
3873,NER,Niger,2009,0.39874,62576,2000,0.079,2784,19.87,17.0,3442,150,4594,Our World in Data / UNAIDS,2026-09-30 02:09:07
3874,NER,Niger,2010,0.37358,58627,1300,0.0514,2177,15.05,19.0,3224,98,3592,Our World in Data / UNAIDS,2026-09-30 02:09:07
3875,NER,Niger,2011,0.34991,54913,1400,0.0553,2043,13.49,26.0,3020,105,3370,Our World in Data / UNAIDS,2026-09-30 02:09:07
3876,NER,Niger,2012,0.32734,51371,1300,0.0514,1842,11.62,31.0,2825,98,3040,Our World in Data / UNAIDS,2026-09-30 02:09:07
3877,NER,Niger,2013,0.30616,48047,1300,0.0514,1752,10.36,34.0,2643,98,2891,Our World in Data / UNAIDS,2026-09-30 02:09:07
3878,NER,Niger,2014,0.28574,44842,1200,0.0474,1774,9.93,33.0,2466,90,2928,Our World in Data / UNAIDS,2026-09-30 02:09:07
3879,NER,Niger,2015,0.26582,41716,1400,0.0553,1871,10.04,38.0,2294,105,3088,Our World in Data / UNAIDS,2026-09-30 02:09:07
3880,NER,Niger,2016,0.24743,38830,1200,0.0474,1655,8.43,44.0,2136,90,2730,Our World in Data / UNAIDS,2026-09-30 02:09:07
3881,NER,Niger,2017,0.23092,36239,1300,0.0514,1522,7.47,53.0,1993,98,2511,Our World in Data / UNAIDS,2026-09-30 02:09:07
3882,NER,Niger,2018,0.21678,34020,1400,0.0553,1377,6.24,61.0,1871,105,2272,Our World in Data / UNAIDS,2026-09-30 02:09:07
3883,NER,Niger,2019,0.20402,32018,1400,0.0553,1238,5.31,63.0,1761,105,2043,Our World in Data / UNAIDS,2026-09-30 02:09:07
3884,NER,Niger,2020,0.19275,30249,1400,0.0553,1180,5.18,66.0,1664,105,1947,Our World in Data / UNAIDS,2026-09-30 02:09:07
3885,NER,Niger,2021,0.18145,28476,1400,0.0553,1152,4.87,68.0,1566,105,1901,Our World in Data / UNAIDS,2026-09-30 02:09:07
3886,NER,Niger,2022,0.17042,26745,1200,0.0474,1101,4.87,69.0,1471,90,1817,Our World in Data / UNAIDS,2026-09-30 02:09:07
3887,NGA,Nigeria,1990,0.95607,1322757,200000,0.8963,22025,80.8,0.0,72752,15000,36341,Our World in Data / UNAIDS,2026-09-30 02:09:07
3888,NGA,Nigeria,1991,1.14567,1585075,200000,0.8963,28341,80.8,0.0,87179,15000,46763,Our World in Data / UNAIDS,2026-09-30 02:09:07
3889,NGA,Nigeria,1992,1.33934,1853025,200000,0.8963,35627,80.8,0.0,101916,15000,58785,Our World in Data / UNAIDS,2026-09-30 02:09:07
3890,NGA,Nigeria,1993,1.5288,2115149,200000,0.8963,43917,80.8,0.0,116333,15000,72463,Our World in Data / UNAIDS,2026-09-30 02:09:07
3891,NGA,Nigeria,1994,1.70134,2353864,200000,0.8963,52932,80.8,0.0,129463,15000,87338,Our World in Data / UNAIDS,2026-09-30 02:09:07
3892,NGA,Nigeria,1995,1.85724,2569558,200000,0.8963,62591,80.8,0.0,141326,15000,103276,Our World in Data / UNAIDS,2026-09-30 02:09:07
3893,NGA,Nigeria,1996,1.99022,2753540,200000,0.8963,72592,80.8,0.0,151445,15000,119776,Our World in Data / UNAIDS,2026-09-30 02:09:07
3894,NGA,Nigeria,1997,2.09574,2899531,200000,0.8963,82719,80.8,0.0,159474,15000,136486,Our World in Data / UNAIDS,2026-09-30 02:09:07
3895,NGA,Nigeria,1998,2.17233,3005496,200000,0.8963,92728,80.8,0.0,165302,15000,153000,Our World in Data / UNAIDS,2026-09-30 02:09:07
3896,NGA,Nigeria,1999,2.21888,3069899,200000,0.8963,102563,80.8,0.0,168844,15000,169229,Our World in Data / UNAIDS,2026-09-30 02:09:07
3897,NGA,Nigeria,2000,2.2417,3101472,200000,0.8963,112226,80.8,0.0,170581,15000,185173,Our World in Data / UNAIDS,2026-09-30 02:09:07
3898,NGA,Nigeria,2001,2.2428,3102994,190000,0.8514,121366,83.8,0.0,170665,14250,200254,Our World in Data / UNAIDS,2026-09-30 02:09:07
3899,NGA,Nigeria,2002,2.22565,3079266,190000,0.8514,128125,85.63,1.0,169360,14250,211406,Our World in Data / UNAIDS,2026-09-30 02:09:07
3900,NGA,Nigeria,2003,2.19586,3038050,180000,0.8066,133569,85.07,1.0,167093,13500,220389,Our World in Data / UNAIDS,2026-09-30 02:09:07
3901,NGA,Nigeria,2004,2.15846,2986306,180000,0.8066,135205,80.79,2.0,164247,13500,223088,Our World in Data / UNAIDS,2026-09-30 02:09:07
3902,NGA,Nigeria,2005,2.11889,2931560,170000,0.7618,134501,76.5,3.0,161236,12750,221926,Our World in Data / UNAIDS,2026-09-30 02:09:07
3903,NGA,Nigeria,2006,2.08019,2878017,170000,0.7618,128497,68.93,7.0,158291,12750,212019,Our World in Data / UNAIDS,2026-09-30 02:09:07
3904,NGA,Nigeria,2007,2.04353,2827296,160000,0.717,124024,62.81,7.0,155501,12000,204639,Our World in Data / UNAIDS,2026-09-30 02:09:07
3905,NGA,Nigeria,2008,2.01098,2782262,160000,0.717,114818,54.54,12.0,153024,12000,189449,Our World in Data / UNAIDS,2026-09-30 02:09:07
3906,NGA,Nigeria,2009,1.98423,2745253,150000,0.6722,101849,43.58,16.0,150989,11250,168051,Our World in Data / UNAIDS,2026-09-30 02:09:07
3907,NGA,Nigeria,2010,1.95281,2701782,150000,0.6722,101504,40.1,18.0,148598,11250,167481,Our World in Data / UNAIDS,2026-09-30 02:09:07
3908,NGA,Nigeria,2011,1.91559,2650287,140000,0.6274,103281,40.29,20.0,145766,10500,170414,Our World in Data / UNAIDS,2026-09-30 02:09:07
3909,NGA,Nigeria,2012,1.87617,2595748,130000,0.5826,96742,37.93,26.0,142766,9750,159624,Our World in Data / UNAIDS,2026-09-30 02:09:07
3910,NGA,Nigeria,2013,1.8344,2537958,120000,0.5378,86586,32.36,31.0,139588,9000,142866,Our World in Data / UNAIDS,2026-09-30 02:09:07
3911,NGA,Nigeria,2014,1.79067,2477456,110000,0.4929,80016,27.21,35.0,136260,8250,132026,Our World in Data / UNAIDS,2026-09-30 02:09:07
3912,NGA,Nigeria,2015,1.74225,2410465,110000,0.4929,77422,25.84,38.0,132576,8250,127747,Our World in Data / UNAIDS,2026-09-30 02:09:07
3913,NGA,Nigeria,2016,1.68691,2333900,100000,0.4481,73691,27.92,43.0,128364,7500,121591,Our World in Data / UNAIDS,2026-09-30 02:09:07
3914,NGA,Nigeria,2017,1.62747,2251663,96000,0.4302,71096,28.34,46.0,123841,7200,117309,Our World in Data / UNAIDS,2026-09-30 02:09:07
3915,NGA,Nigeria,2018,1.56491,2165109,93000,0.4168,72518,28.07,47.0,119081,6975,119655,Our World in Data / UNAIDS,2026-09-30 02:09:07
3916,NGA,Nigeria,2019,1.50011,2075456,87000,0.3899,71726,27.06,53.0,114150,6525,118348,Our World in Data / UNAIDS,2026-09-30 02:09:07
3917,NGA,Nigeria,2020,1.43434,1984460,78000,0.3495,64099,23.37,59.0,109145,5850,105764,Our World in Data / UNAIDS,2026-09-30 02:09:07
3918,NGA,Nigeria,2021,1.36829,1893078,72000,0.3227,57006,20.09,65.0,104119,5400,94060,Our World in Data / UNAIDS,2026-09-30 02:09:07
3919,NGA,Nigeria,2022,1.29997,1798555,63000,0.2823,51024,20.09,71.0,98921,4725,84189,Our World in Data / UNAIDS,2026-09-30 02:09:07
3920,NIC,Nicaragua,2000,0.24165,10084,1650,0.2451,389,2.3,0.0,555,124,642,Our World in Data / UNAIDS,2026-09-30 02:09:07
3921,NIC,Nicaragua,2001,0.25329,10570,1700,0.2526,363,2.92,0.0,581,128,599,Our World in Data / UNAIDS,2026-09-30 02:09:07
3922,NIC,Nicaragua,2002,0.27393,11431,1700,0.2526,349,3.97,0.0,629,128,575,Our World in Data / UNAIDS,2026-09-30 02:09:07
3923,NIC,Nicaragua,2003,0.30624,12779,1700,0.2526,386,4.03,1.5,703,128,636,Our World in Data / UNAIDS,2026-09-30 02:09:07
3924,NIC,Nicaragua,2004,0.31623,13196,1550,0.2303,445,4.5,3.0,726,116,735,Our World in Data / UNAIDS,2026-09-30 02:09:07
3925,NIC,Nicaragua,2005,0.31956,13335,1500,0.2229,400,5.01,6.5,733,112,660,Our World in Data / UNAIDS,2026-09-30 02:09:07
3926,NIC,Nicaragua,2006,0.32438,13536,1450,0.2154,432,4.51,9.5,744,109,712,Our World in Data / UNAIDS,2026-09-30 02:09:07
3927,NIC,Nicaragua,2007,0.3304,13787,1300,0.1931,566,4.81,13.0,758,98,934,Our World in Data / UNAIDS,2026-09-30 02:09:07
3928,NIC,Nicaragua,2008,0.33243,13872,1250,0.1857,534,4.64,17.0,763,94,880,Our World in Data / UNAIDS,2026-09-30 02:09:07
3929,NIC,Nicaragua,2009,0.32959,13754,1300,0.1931,470,4.39,21.0,756,98,776,Our World in Data / UNAIDS,2026-09-30 02:09:07
3930,NIC,Nicaragua,2010,0.33193,13851,1300,0.1931,452,4.81,24.9444,762,98,746,Our World in Data / UNAIDS,2026-09-30 02:09:07
3931,NIC,Nicaragua,2011,0.34874,14553,1250,0.1857,468,4.67,28.0,800,94,772,Our World in Data / UNAIDS,2026-09-30 02:09:07
3932,NIC,Nicaragua,2012,0.36233,15120,1250,0.1857,487,4.37,31.0,832,94,803,Our World in Data / UNAIDS,2026-09-30 02:09:07
3933,NIC,Nicaragua,2013,0.36732,15328,1300,0.1931,517,4.38,35.0,843,98,853,Our World in Data / UNAIDS,2026-09-30 02:09:07
3934,NIC,Nicaragua,2014,0.36172,15094,1200,0.1783,449,4.3,37.0,830,90,741,Our World in Data / UNAIDS,2026-09-30 02:09:07
3935,NIC,Nicaragua,2015,0.36479,15223,1250,0.1857,430,4.2,41.0,837,94,709,Our World in Data / UNAIDS,2026-09-30 02:09:07
3936,NIC,Nicaragua,2016,0.37443,15625,1200,0.1783,442,4.12,45.5,859,90,730,Our World in Data / UNAIDS,2026-09-30 02:09:07
3937,NIC,Nicaragua,2017,0.36894,15396,1200,0.1783,424,3.92,50.5,847,90,699,Our World in Data / UNAIDS,2026-09-30 02:09:07
3938,NIC,Nicaragua,2018,0.36413,15195,1200,0.1783,381,3.64,54.0,836,90,629,Our World in Data / UNAIDS,2026-09-30 02:09:07
3939,NIC,Nicaragua,2019,0.37023,15450,1200,0.1783,357,3.29,59.0,850,90,589,Our World in Data / UNAIDS,2026-09-30 02:09:07
3940,NIC,Nicaragua,2020,0.39803,16610,1250,0.1857,369,3.52,61.5,914,94,609,Our World in Data / UNAIDS,2026-09-30 02:09:07
3941,NIC,Nicaragua,2021,0.40203,16777,1300,0.1931,371,3.66,64.5,923,98,613,Our World in Data / UNAIDS,2026-09-30 02:09:07
3942,NIU,Niue,2000,0.24165,23,1650,105.7692,389,0.96,0.0,1,124,642,Our World in Data / UNAIDS,2026-09-30 02:09:07
3943,NIU,Niue,2001,0.25329,24,1700,108.9744,363,0.99,0.0,1,128,599,Our World in Data / UNAIDS,2026-09-30 02:09:07
3944,NIU,Niue,2002,0.27393,26,1700,108.9744,349,1.02,0.0,1,128,575,Our World in Data / UNAIDS,2026-09-30 02:09:07
3945,NIU,Niue,2003,0.30624,30,1700,108.9744,386,1.04,1.5,2,128,636,Our World in Data / UNAIDS,2026-09-30 02:09:07
3946,NIU,Niue,2004,0.31623,31,1550,99.359,445,1.06,3.0,2,116,735,Our World in Data / UNAIDS,2026-09-30 02:09:07
3947,NIU,Niue,2005,0.31956,31,1500,96.1538,400,0.54,6.5,2,112,660,Our World in Data / UNAIDS,2026-09-30 02:09:07
3948,NIU,Niue,2006,0.32438,31,1450,92.9487,432,1.09,9.5,2,109,712,Our World in Data / UNAIDS,2026-09-30 02:09:07
3949,NIU,Niue,2007,0.3304,32,1300,83.3333,566,1.1,13.0,2,98,934,Our World in Data / UNAIDS,2026-09-30 02:09:07
3950,NIU,Niue,2008,0.33243,32,1250,80.1282,534,1.1,17.0,2,94,880,Our World in Data / UNAIDS,2026-09-30 02:09:07
3951,NIU,Niue,2009,0.32959,32,1300,83.3333,470,1.1,21.0,2,98,776,Our World in Data / UNAIDS,2026-09-30 02:09:07
3952,NIU,Niue,2010,0.33193,32,1300,83.3333,452,1.1,24.9444,2,98,746,Our World in Data / UNAIDS,2026-09-30 02:09:07
3953,NIU,Niue,2011,0.34874,34,1250,80.1282,468,1.1,28.0,2,94,772,Our World in Data / UNAIDS,2026-09-30 02:09:07
3954,NIU,Niue,2012,0.36233,35,1250,80.1282,487,1.65,31.0,2,94,803,Our World in Data / UNAIDS,2026-09-30 02:09:07
3955,NIU,Niue,2013,0.36732,36,1300,83.3333,517,1.64,35.0,2,98,853,Our World in Data / UNAIDS,2026-09-30 02:09:07
3956,NIU,Niue,2014,0.36172,35,1200,76.9231,449,2.18,37.0,2,90,741,Our World in Data / UNAIDS,2026-09-30 02:09:07
3957,NIU,Niue,2015,0.36479,35,1250,80.1282,430,2.17,41.0,2,94,709,Our World in Data / UNAIDS,2026-09-30 02:09:07
3958,NIU,Niue,2016,0.37443,36,1200,76.9231,442,2.15,45.5,2,90,730,Our World in Data / UNAIDS,2026-09-30 02:09:07
3959,NIU,Niue,2017,0.36894,36,1200,76.9231,424,2.14,50.5,2,90,699,Our World in Data / UNAIDS,2026-09-30 02:09:07
3960,NIU,Niue,2018,0.36413,35,1200,76.9231,381,2.12,54.0,2,90,629,Our World in Data / UNAIDS,2026-09-30 02:09:07
3961,NIU,Niue,2019,0.37023,36,1200,76.9231,357,2.08,59.0,2,90,589,Our World in Data / UNAIDS,2026-09-30 02:09:07
3962,NIU,Niue,2020,0.39803,38,1250,80.1282,369,2.06,61.5,2,94,609,Our World in Data / UNAIDS,2026-09-30 02:09:07
3963,NIU,Niue,2021,0.40203,39,1300,83.3333,371,2.07,64.5,2,98,613,Our World in Data / UNAIDS,2026-09-30 02:09:07
3964,NLD,Netherlands,1990,0.08114,8905,840,0.0475,361,0.92,46.0,490,63,596,Our World in Data / UNAIDS,2026-09-30 02:09:07
3965,NLD,Netherlands,1991,0.08079,8866,840,0.0475,419,0.92,46.0,488,63,692,Our World in Data / UNAIDS,2026-09-30 02:09:07
3966,NLD,Netherlands,1992,0.08023,8805,840,0.0475,472,0.92,46.0,484,63,779,Our World in Data / UNAIDS,2026-09-30 02:09:07
3967,NLD,Netherlands,1993,0.07986,8764,840,0.0475,517,0.92,46.0,482,63,853,Our World in Data / UNAIDS,2026-09-30 02:09:07
3968,NLD,Netherlands,1994,0.07983,8761,840,0.0475,555,0.92,46.0,482,63,915,Our World in Data / UNAIDS,2026-09-30 02:09:07
3969,NLD,Netherlands,1995,0.07997,8776,840,0.0475,583,0.92,46.0,483,63,962,Our World in Data / UNAIDS,2026-09-30 02:09:07
3970,NLD,Netherlands,1996,0.08345,9158,840,0.0475,318,0.92,46.0,504,63,525,Our World in Data / UNAIDS,2026-09-30 02:09:07
3971,NLD,Netherlands,1997,0.08972,9846,840,0.0475,109,0.92,46.0,542,63,180,Our World in Data / UNAIDS,2026-09-30 02:09:07
3972,NLD,Netherlands,1998,0.09676,10619,840,0.0475,73,0.92,46.0,584,63,121,Our World in Data / UNAIDS,2026-09-30 02:09:07
3973,NLD,Netherlands,1999,0.10419,11434,840,0.0475,57,0.92,46.0,629,63,94,Our World in Data / UNAIDS,2026-09-30 02:09:07
3974,NLD,Netherlands,2000,0.11104,12186,840,0.0475,52,0.92,46.0,670,63,86,Our World in Data / UNAIDS,2026-09-30 02:09:07
3975,NLD,Netherlands,2001,0.11751,12896,850,0.048,54,0.9,49.0,709,64,89,Our World in Data / UNAIDS,2026-09-30 02:09:07
3976,NLD,Netherlands,2002,0.12472,13688,910,0.0514,54,0.62,51.0,753,68,89,Our World in Data / UNAIDS,2026-09-30 02:09:07
3977,NLD,Netherlands,2003,0.13245,14536,970,0.0548,55,0.59,52.0,799,73,91,Our World in Data / UNAIDS,2026-09-30 02:09:07
3978,NLD,Netherlands,2004,0.14051,15420,1000,0.0565,58,0.57,53.0,848,75,96,Our World in Data / UNAIDS,2026-09-30 02:09:07
3979,NLD,Netherlands,2005,0.14837,16283,1000,0.0565,68,0.53,53.0,896,75,112,Our World in Data / UNAIDS,2026-09-30 02:09:07
3980,NLD,Netherlands,2006,0.15607,17128,1000,0.0565,85,0.32,54.0,942,75,139,Our World in Data / UNAIDS,2026-09-30 02:09:07
3981,NLD,Netherlands,2007,0.1629,17878,1000,0.0565,100,0.44,56.0,983,75,165,Our World in Data / UNAIDS,2026-09-30 02:09:07
3982,NLD,Netherlands,2008,0.16871,18515,1000,0.0565,102,0.35,59.0,1018,75,169,Our World in Data / UNAIDS,2026-09-30 02:09:07
3983,NLD,Netherlands,2009,0.17387,19082,970,0.0548,87,0.46,62.0,1050,73,144,Our World in Data / UNAIDS,2026-09-30 02:09:07
3984,NLD,Netherlands,2010,0.17836,19574,920,0.052,76,0.32,65.0,1077,69,126,Our World in Data / UNAIDS,2026-09-30 02:09:07
3985,NLD,Netherlands,2011,0.18165,19935,850,0.048,72,0.35,68.0,1096,64,119,Our World in Data / UNAIDS,2026-09-30 02:09:07
3986,NLD,Netherlands,2012,0.18398,20191,770,0.0435,73,0.28,70.0,1111,58,121,Our World in Data / UNAIDS,2026-09-30 02:09:07
3987,NLD,Netherlands,2013,0.18469,20269,690,0.039,74,0.22,74.0,1115,52,122,Our World in Data / UNAIDS,2026-09-30 02:09:07
3988,NLD,Netherlands,2014,0.1838,20171,600,0.0339,73,0.24,77.0,1109,45,120,Our World in Data / UNAIDS,2026-09-30 02:09:07
3989,NLD,Netherlands,2015,0.18126,19893,510,0.0288,70,0.21,80.0,1094,38,115,Our World in Data / UNAIDS,2026-09-30 02:09:07
3990,NLD,Netherlands,2016,0.17735,19463,500,0.0282,70,0.26,82.0,1070,38,115,Our World in Data / UNAIDS,2026-09-30 02:09:07
3991,NLD,Netherlands,2017,0.17352,19043,500,0.0282,72,0.16,84.0,1047,38,118,Our World in Data / UNAIDS,2026-09-30 02:09:07
3992,NLD,Netherlands,2018,0.16927,18577,500,0.0282,75,0.15,85.0,1022,38,123,Our World in Data / UNAIDS,2026-09-30 02:09:07
3993,NLD,Netherlands,2019,0.16489,18096,500,0.0282,73,0.17,87.0,995,38,121,Our World in Data / UNAIDS,2026-09-30 02:09:07
3994,NLD,Netherlands,2020,0.16045,17609,500,0.0282,72,0.14,87.0,968,38,119,Our World in Data / UNAIDS,2026-09-30 02:09:07
3995,NLD,Netherlands,2021,0.15597,17117,500,0.0282,76,0.13,87.0,941,38,125,Our World in Data / UNAIDS,2026-09-30 02:09:07
3996,NLD,Netherlands,2022,0.15226,16710,500,0.0282,74,0.13,88.0,919,38,122,Our World in Data / UNAIDS,2026-09-30 02:09:07
3997,NOR,Norway,1990,0.03566,1207,1700,0.3115,35,0.35,0.0,66,128,57,Our World in Data / UNAIDS,2026-09-30 02:09:07
3998,NOR,Norway,1991,0.03813,1290,1700,0.3115,43,0.35,0.0,71,128,71,Our World in Data / UNAIDS,2026-09-30 02:09:07
3999,NOR,Norway,1992,0.03983,1348,1700,0.3115,52,0.35,0.0,74,128,86,Our World in Data / UNAIDS,2026-09-30 02:09:07
4000,NOR,Norway,1993,0.04085,1382,1700,0.3115,61,0.35,0.0,76,128,100,Our World in Data / UNAIDS,2026-09-30 02:09:07
4001,NOR,Norway,1994,0.04145,1402,1700,0.3115,69,0.35,0.0,77,128,113,Our World in Data / UNAIDS,2026-09-30 02:09:07
4002,NOR,Norway,1995,0.04179,1414,1700,0.3115,76,0.35,0.0,78,128,125,Our World in Data / UNAIDS,2026-09-30 02:09:07
4003,NOR,Norway,1996,0.04307,1457,1700,0.3115,53,0.35,0.0,80,128,87,Our World in Data / UNAIDS,2026-09-30 02:09:07
4004,NOR,Norway,1997,0.04544,1537,1700,0.3115,28,0.35,0.0,85,128,45,Our World in Data / UNAIDS,2026-09-30 02:09:07
4005,NOR,Norway,1998,0.04848,1640,1700,0.3115,18,0.35,0.0,90,128,30,Our World in Data / UNAIDS,2026-09-30 02:09:07
4006,NOR,Norway,1999,0.05214,1764,1700,0.3115,14,0.35,0.0,97,128,24,Our World in Data / UNAIDS,2026-09-30 02:09:07
4007,NOR,Norway,2000,0.05654,1913,1650,0.3024,11,0.35,0.0,105,124,18,Our World in Data / UNAIDS,2026-09-30 02:09:07
4008,NOR,Norway,2001,0.0617,2088,1700,0.3115,9,0.27,0.0,115,128,16,Our World in Data / UNAIDS,2026-09-30 02:09:07
4009,NOR,Norway,2002,0.06743,2281,1700,0.3115,8,0.29,0.0,125,128,13,Our World in Data / UNAIDS,2026-09-30 02:09:07
4010,NOR,Norway,2003,0.07354,2488,1700,0.3115,8,0.38,1.5,137,128,13,Our World in Data / UNAIDS,2026-09-30 02:09:07
4011,NOR,Norway,2004,0.0799,2703,1550,0.284,8,0.54,3.0,149,116,13,Our World in Data / UNAIDS,2026-09-30 02:09:07
4012,NOR,Norway,2005,0.08594,2908,1500,0.2749,8,0.55,6.5,160,112,14,Our World in Data / UNAIDS,2026-09-30 02:09:07
4013,NOR,Norway,2006,0.09171,3103,1450,0.2657,8,0.35,9.5,171,109,14,Our World in Data / UNAIDS,2026-09-30 02:09:07
4014,NOR,Norway,2007,0.09668,3271,1300,0.2382,8,0.2,13.0,180,98,14,Our World in Data / UNAIDS,2026-09-30 02:09:07
4015,NOR,Norway,2008,0.1011,3421,1250,0.2291,8,0.28,17.0,188,94,14,Our World in Data / UNAIDS,2026-09-30 02:09:07
4016,NOR,Norway,2009,0.10515,3558,1300,0.2382,8,0.42,21.0,196,98,13,Our World in Data / UNAIDS,2026-09-30 02:09:07
4017,NOR,Norway,2010,0.10814,3659,1300,0.2382,9,0.23,24.9444,201,98,15,Our World in Data / UNAIDS,2026-09-30 02:09:07
4018,NOR,Norway,2011,0.11012,3726,1250,0.2291,7,0.26,28.0,205,94,12,Our World in Data / UNAIDS,2026-09-30 02:09:07
4019,NOR,Norway,2012,0.11138,3768,1250,0.2291,7,0.22,31.0,207,94,11,Our World in Data / UNAIDS,2026-09-30 02:09:07
4020,NOR,Norway,2013,0.11221,3797,1300,0.2382,7,0.09,35.0,209,98,11,Our World in Data / UNAIDS,2026-09-30 02:09:07
4021,NOR,Norway,2014,0.11236,3802,1200,0.2199,6,0.24,37.0,209,90,10,Our World in Data / UNAIDS,2026-09-30 02:09:07
4022,NOR,Norway,2015,0.11219,3796,1250,0.2291,6,0.19,41.0,209,94,10,Our World in Data / UNAIDS,2026-09-30 02:09:07
4023,NOR,Norway,2016,0.11153,3774,1200,0.2199,6,0.16,45.5,208,90,10,Our World in Data / UNAIDS,2026-09-30 02:09:07
4024,NOR,Norway,2017,0.11041,3736,1200,0.2199,6,0.19,50.5,205,90,11,Our World in Data / UNAIDS,2026-09-30 02:09:07
4025,NOR,Norway,2018,0.10903,3689,1200,0.2199,7,0.26,54.0,203,90,11,Our World in Data / UNAIDS,2026-09-30 02:09:07
4026,NOR,Norway,2019,0.10648,3603,1200,0.2199,7,0.14,59.0,198,90,12,Our World in Data / UNAIDS,2026-09-30 02:09:07
4027,NOR,Norway,2020,0.10417,3525,1250,0.2291,8,0.14,61.5,194,94,13,Our World in Data / UNAIDS,2026-09-30 02:09:07
4028,NOR,Norway,2021,0.10087,3413,1300,0.2382,8,0.15,64.5,188,98,13,Our World in Data / UNAIDS,2026-09-30 02:09:07
4029,NOR,Norway,2022,0.09644,3263,1200,0.2199,8,0.15,67.0,179,90,13,Our World in Data / UNAIDS,2026-09-30 02:09:07
4030,NPL,Nepal,1990,7e-05,13,5600,0.1885,0,2.04,0.0,1,420,0,Our World in Data / UNAIDS,2026-09-30 02:09:07
4031,NPL,Nepal,1991,0.00034,63,5600,0.1885,0,2.04,0.0,3,420,1,Our World in Data / UNAIDS,2026-09-30 02:09:07
4032,NPL,Nepal,1992,0.00137,252,5600,0.1885,1,2.04,0.0,14,420,2,Our World in Data / UNAIDS,2026-09-30 02:09:07
4033,NPL,Nepal,1993,0.00368,678,5600,0.1885,5,2.04,0.0,37,420,8,Our World in Data / UNAIDS,2026-09-30 02:09:07
4034,NPL,Nepal,1994,0.00793,1461,5600,0.1885,12,2.04,0.0,80,420,20,Our World in Data / UNAIDS,2026-09-30 02:09:07
4035,NPL,Nepal,1995,0.01577,2905,5600,0.1885,28,2.04,0.0,160,420,47,Our World in Data / UNAIDS,2026-09-30 02:09:07
4036,NPL,Nepal,1996,0.03061,5639,5600,0.1885,59,2.04,0.0,310,420,98,Our World in Data / UNAIDS,2026-09-30 02:09:07
4037,NPL,Nepal,1997,0.05661,10430,5600,0.1885,118,2.04,0.0,574,420,194,Our World in Data / UNAIDS,2026-09-30 02:09:07
4038,NPL,Nepal,1998,0.09272,17082,5600,0.1885,219,2.04,0.0,940,420,361,Our World in Data / UNAIDS,2026-09-30 02:09:07
4039,NPL,Nepal,1999,0.13301,24505,5600,0.1885,372,2.04,0.0,1348,420,614,Our World in Data / UNAIDS,2026-09-30 02:09:07
4040,NPL,Nepal,2000,0.1699,31302,5600,0.1885,583,2.04,0.0,1722,420,962,Our World in Data / UNAIDS,2026-09-30 02:09:07
4041,NPL,Nepal,2001,0.19968,36788,5300,0.1784,848,2.75,0.0,2023,398,1399,Our World in Data / UNAIDS,2026-09-30 02:09:07
4042,NPL,Nepal,2002,0.22402,41272,5100,0.1716,1143,3.59,0.0,2270,382,1886,Our World in Data / UNAIDS,2026-09-30 02:09:07
4043,NPL,Nepal,2003,0.24312,44791,4900,0.1649,1459,4.5,0.0,2464,368,2408,Our World in Data / UNAIDS,2026-09-30 02:09:07
4044,NPL,Nepal,2004,0.25701,47350,4600,0.1548,1778,5.18,0.0,2604,345,2934,Our World in Data / UNAIDS,2026-09-30 02:09:07
4045,NPL,Nepal,2005,0.2662,49044,4300,0.1447,2070,5.88,0.0,2697,322,3415,Our World in Data / UNAIDS,2026-09-30 02:09:07
4046,NPL,Nepal,2006,0.27007,49757,3800,0.1279,2305,6.57,1.0,2737,285,3803,Our World in Data / UNAIDS,2026-09-30 02:09:07
4047,NPL,Nepal,2007,0.26933,49620,3400,0.1144,2419,6.47,3.0,2729,255,3991,Our World in Data / UNAIDS,2026-09-30 02:09:07
4048,NPL,Nepal,2008,0.26611,49027,3100,0.1043,2396,6.23,6.0,2696,232,3954,Our World in Data / UNAIDS,2026-09-30 02:09:07
4049,NPL,Nepal,2009,0.26144,48167,2800,0.0942,2345,6.51,9.0,2649,210,3869,Our World in Data / UNAIDS,2026-09-30 02:09:07
4050,NPL,Nepal,2010,0.25466,46917,2600,0.0875,2357,6.27,12.0,2580,195,3888,Our World in Data / UNAIDS,2026-09-30 02:09:07
4051,NPL,Nepal,2011,0.24785,45663,2300,0.0774,2332,5.96,16.0,2511,172,3848,Our World in Data / UNAIDS,2026-09-30 02:09:07
4052,NPL,Nepal,2012,0.24054,44316,2100,0.0707,2286,4.86,19.0,2437,158,3772,Our World in Data / UNAIDS,2026-09-30 02:09:07
4053,NPL,Nepal,2013,0.23215,42770,1900,0.0639,2239,5.37,22.0,2352,142,3695,Our World in Data / UNAIDS,2026-09-30 02:09:07
4054,NPL,Nepal,2014,0.22285,41057,1700,0.0572,2151,4.96,26.0,2258,128,3549,Our World in Data / UNAIDS,2026-09-30 02:09:07
4055,NPL,Nepal,2015,0.2124,39132,1600,0.0538,2042,4.49,31.0,2152,120,3369,Our World in Data / UNAIDS,2026-09-30 02:09:07
4056,NPL,Nepal,2016,0.2036,37510,1400,0.0471,1950,4.16,34.0,2063,105,3217,Our World in Data / UNAIDS,2026-09-30 02:09:07
4057,NPL,Nepal,2017,0.19515,35954,1200,0.0404,1811,3.72,41.0,1977,90,2987,Our World in Data / UNAIDS,2026-09-30 02:09:07
4058,NPL,Nepal,2018,0.18609,34284,1100,0.037,1618,3.07,46.0,1886,82,2669,Our World in Data / UNAIDS,2026-09-30 02:09:07
4059,NPL,Nepal,2019,0.17236,31755,1000,0.0337,1425,2.51,51.0,1747,75,2350,Our World in Data / UNAIDS,2026-09-30 02:09:07
4060,NPL,Nepal,2020,0.16019,29513,940,0.0316,1262,1.93,56.0,1623,70,2082,Our World in Data / UNAIDS,2026-09-30 02:09:07
4061,NPL,Nepal,2021,0.14982,27602,840,0.0283,1073,1.42,62.0,1518,63,1771,Our World in Data / UNAIDS,2026-09-30 02:09:07
4062,NPL,Nepal,2022,0.14454,26629,760,0.0256,875,1.42,67.0,1465,57,1443,Our World in Data / UNAIDS,2026-09-30 02:09:07
4063,NRU,Nauru,2000,0.24165,18,1650,139.8187,389,0.67,0.0,1,124,642,Our World in Data / UNAIDS,2026-09-30 02:09:07
4064,NRU,Nauru,2001,0.25329,19,1700,144.0556,363,0.77,0.0,1,128,599,Our World in Data / UNAIDS,2026-09-30 02:09:07
4065,NRU,Nauru,2002,0.27393,20,1700,144.0556,349,0.87,0.0,1,128,575,Our World in Data / UNAIDS,2026-09-30 02:09:07
4066,NRU,Nauru,2003,0.30624,22,1700,144.0556,386,0.87,1.5,1,128,636,Our World in Data / UNAIDS,2026-09-30 02:09:07
4067,NRU,Nauru,2004,0.31623,23,1550,131.3448,445,0.77,3.0,1,116,735,Our World in Data / UNAIDS,2026-09-30 02:09:07
4068,NRU,Nauru,2005,0.31956,23,1500,127.1079,400,0.68,6.5,1,112,660,Our World in Data / UNAIDS,2026-09-30 02:09:07
4069,NRU,Nauru,2006,0.32438,24,1450,122.8709,432,0.78,9.5,1,109,712,Our World in Data / UNAIDS,2026-09-30 02:09:07
4070,NRU,Nauru,2007,0.3304,24,1300,110.1602,566,0.78,13.0,1,98,934,Our World in Data / UNAIDS,2026-09-30 02:09:07
4071,NRU,Nauru,2008,0.33243,24,1250,105.9232,534,0.78,17.0,1,94,880,Our World in Data / UNAIDS,2026-09-30 02:09:07
4072,NRU,Nauru,2009,0.32959,24,1300,110.1602,470,0.78,21.0,1,98,776,Our World in Data / UNAIDS,2026-09-30 02:09:07
4073,NRU,Nauru,2010,0.33193,24,1300,110.1602,452,0.98,24.9444,1,98,746,Our World in Data / UNAIDS,2026-09-30 02:09:07
4074,NRU,Nauru,2011,0.34874,26,1250,105.9232,468,1.26,28.0,1,94,772,Our World in Data / UNAIDS,2026-09-30 02:09:07
4075,NRU,Nauru,2012,0.36233,27,1250,105.9232,487,1.44,31.0,1,94,803,Our World in Data / UNAIDS,2026-09-30 02:09:07
4076,NRU,Nauru,2013,0.36732,27,1300,110.1602,517,1.59,35.0,1,98,853,Our World in Data / UNAIDS,2026-09-30 02:09:07
4077,NRU,Nauru,2014,0.36172,26,1200,101.6863,449,1.65,37.0,1,90,741,Our World in Data / UNAIDS,2026-09-30 02:09:07
4078,NRU,Nauru,2015,0.36479,27,1250,105.9232,430,1.7,41.0,1,94,709,Our World in Data / UNAIDS,2026-09-30 02:09:07
4079,NRU,Nauru,2016,0.37443,27,1200,101.6863,442,1.75,45.5,1,90,730,Our World in Data / UNAIDS,2026-09-30 02:09:07
4080,NRU,Nauru,2017,0.36894,27,1200,101.6863,424,1.8,50.5,1,90,699,Our World in Data / UNAIDS,2026-09-30 02:09:07
4081,NRU,Nauru,2018,0.36413,27,1200,101.6863,381,1.93,54.0,1,90,629,Our World in Data / UNAIDS,2026-09-30 02:09:07
4082,NRU,Nauru,2019,0.37023,27,1200,101.6863,357,1.98,59.0,1,90,589,Our World in Data / UNAIDS,2026-09-30 02:09:07
4083,NRU,Nauru,2020,0.39803,29,1250,105.9232,369,2.11,61.5,2,94,609,Our World in Data / UNAIDS,2026-09-30 02:09:07
4084,NRU,Nauru,2021,0.40203,29,1300,110.1602,371,2.16,64.5,2,98,613,Our World in Data / UNAIDS,2026-09-30 02:09:07
4085,NZL,New Zealand,1990,0.04206,1325,100,0.0197,41,0.57,32.0,73,8,68,Our World in Data / UNAIDS,2026-09-30 02:09:07
4086,NZL,New Zealand,1991,0.0435,1371,100,0.0197,49,0.57,32.0,75,8,81,Our World in Data / UNAIDS,2026-09-30 02:09:07
4087,NZL,New Zealand,1992,0.04415,1391,100,0.0197,56,0.57,32.0,77,8,93,Our World in Data / UNAIDS,2026-09-30 02:09:07
4088,NZL,New Zealand,1993,0.04425,1394,100,0.0197,63,0.57,32.0,77,8,104,Our World in Data / UNAIDS,2026-09-30 02:09:07
4089,NZL,New Zealand,1994,0.04387,1382,100,0.0197,68,0.57,32.0,76,8,113,Our World in Data / UNAIDS,2026-09-30 02:09:07
4090,NZL,New Zealand,1995,0.04479,1411,100,0.0197,36,0.57,32.0,78,8,60,Our World in Data / UNAIDS,2026-09-30 02:09:07
4091,NZL,New Zealand,1996,0.04651,1465,100,0.0197,14,0.57,32.0,81,8,23,Our World in Data / UNAIDS,2026-09-30 02:09:07
4092,NZL,New Zealand,1997,0.04828,1521,100,0.0197,11,0.57,32.0,84,8,19,Our World in Data / UNAIDS,2026-09-30 02:09:07
4093,NZL,New Zealand,1998,0.05004,1577,100,0.0197,13,0.57,32.0,87,8,21,Our World in Data / UNAIDS,2026-09-30 02:09:07
4094,NZL,New Zealand,1999,0.05179,1632,100,0.0197,16,0.57,32.0,90,8,27,Our World in Data / UNAIDS,2026-09-30 02:09:07
4095,NZL,New Zealand,2000,0.05372,1693,100,0.0197,23,0.57,32.0,93,8,38,Our World in Data / UNAIDS,2026-09-30 02:09:07
4096,NZL,New Zealand,2001,0.0555,1749,200,0.0394,25,0.34,36.0,96,15,41,Our World in Data / UNAIDS,2026-09-30 02:09:07
4097,NZL,New Zealand,2002,0.05717,1801,200,0.0394,20,0.28,39.0,99,15,34,Our World in Data / UNAIDS,2026-09-30 02:09:07
4098,NZL,New Zealand,2003,0.05937,1871,200,0.0394,17,0.25,42.0,103,15,28,Our World in Data / UNAIDS,2026-09-30 02:09:07
4099,NZL,New Zealand,2004,0.06227,1962,200,0.0394,14,0.37,45.0,108,15,23,Our World in Data / UNAIDS,2026-09-30 02:09:07
4100,NZL,New Zealand,2005,0.06538,2060,200,0.0394,14,0.32,46.0,113,15,23,Our World in Data / UNAIDS,2026-09-30 02:09:07
4101,NZL,New Zealand,2006,0.06867,2164,200,0.0394,16,0.41,46.0,119,15,26,Our World in Data / UNAIDS,2026-09-30 02:09:07
4102,NZL,New Zealand,2007,0.07212,2272,200,0.0394,16,0.26,47.0,125,15,27,Our World in Data / UNAIDS,2026-09-30 02:09:07
4103,NZL,New Zealand,2008,0.07532,2373,200,0.0394,16,0.14,48.0,131,15,27,Our World in Data / UNAIDS,2026-09-30 02:09:07
4104,NZL,New Zealand,2009,0.07812,2461,200,0.0394,16,0.21,50.0,135,15,26,Our World in Data / UNAIDS,2026-09-30 02:09:07
4105,NZL,New Zealand,2010,0.08073,2544,200,0.0394,14,0.37,53.0,140,15,23,Our World in Data / UNAIDS,2026-09-30 02:09:07
4106,NZL,New Zealand,2011,0.08306,2617,200,0.0394,12,0.18,57.0,144,15,20,Our World in Data / UNAIDS,2026-09-30 02:09:07
4107,NZL,New Zealand,2012,0.08505,2680,200,0.0394,11,0.25,58.0,147,15,18,Our World in Data / UNAIDS,2026-09-30 02:09:07
4108,NZL,New Zealand,2013,0.08681,2735,200,0.0394,10,0.2,59.0,150,15,17,Our World in Data / UNAIDS,2026-09-30 02:09:07
4109,NZL,New Zealand,2014,0.08624,2717,200,0.0394,11,0.38,62.0,149,15,18,Our World in Data / UNAIDS,2026-09-30 02:09:07
4110,NZL,New Zealand,2015,0.08732,2751,200,0.0394,10,0.11,65.0,151,15,16,Our World in Data / UNAIDS,2026-09-30 02:09:07
4111,NZL,New Zealand,2016,0.08825,2780,200,0.0394,9,0.17,68.0,153,15,15,Our World in Data / UNAIDS,2026-09-30 02:09:07
4112,NZL,New Zealand,2017,0.08907,2806,200,0.0394,9,0.23,71.0,154,15,15,Our World in Data / UNAIDS,2026-09-30 02:09:07
4113,NZL,New Zealand,2018,0.08765,2762,200,0.0394,9,0.22,74.0,152,15,15,Our World in Data / UNAIDS,2026-09-30 02:09:07
4114,NZL,New Zealand,2019,0.08753,2758,200,0.0394,9,0.22,74.0,152,15,15,Our World in Data / UNAIDS,2026-09-30 02:09:07
4115,NZL,New Zealand,2020,0.08707,2743,100,0.0197,10,0.21,75.0,151,8,16,Our World in Data / UNAIDS,2026-09-30 02:09:07
4116,NZL,New Zealand,2021,0.0861,2713,100,0.0197,10,0.22,77.0,149,8,17,Our World in Data / UNAIDS,2026-09-30 02:09:07
4117,NZL,New Zealand,2022,0.08387,2642,100,0.0197,11,0.22,77.0,145,8,18,Our World in Data / UNAIDS,2026-09-30 02:09:07
4118,OMN,Oman,1990,0.01469,431,200,0.0423,3,1.36,13.0,24,15,5,Our World in Data / UNAIDS,2026-09-30 02:09:07
4119,OMN,Oman,1991,0.02889,847,200,0.0423,7,1.36,13.0,47,15,11,Our World in Data / UNAIDS,2026-09-30 02:09:07
4120,OMN,Oman,1992,0.04601,1349,200,0.0423,13,1.36,13.0,74,15,21,Our World in Data / UNAIDS,2026-09-30 02:09:07
4121,OMN,Oman,1993,0.05964,1749,200,0.0423,20,1.36,13.0,96,15,33,Our World in Data / UNAIDS,2026-09-30 02:09:07
4122,OMN,Oman,1994,0.06664,1954,200,0.0423,29,1.36,13.0,107,15,48,Our World in Data / UNAIDS,2026-09-30 02:09:07
4123,OMN,Oman,1995,0.06991,2050,200,0.0423,37,1.36,13.0,113,15,61,Our World in Data / UNAIDS,2026-09-30 02:09:07
4124,OMN,Oman,1996,0.07121,2088,200,0.0423,45,1.36,13.0,115,15,74,Our World in Data / UNAIDS,2026-09-30 02:09:07
4125,OMN,Oman,1997,0.0715,2097,200,0.0423,52,1.36,13.0,115,15,86,Our World in Data / UNAIDS,2026-09-30 02:09:07
4126,OMN,Oman,1998,0.07122,2089,200,0.0423,59,1.36,13.0,115,15,98,Our World in Data / UNAIDS,2026-09-30 02:09:07
4127,OMN,Oman,1999,0.07058,2070,200,0.0423,65,1.36,13.0,114,15,108,Our World in Data / UNAIDS,2026-09-30 02:09:07
4128,OMN,Oman,2000,0.07076,2075,200,0.0423,53,1.36,13.0,114,15,87,Our World in Data / UNAIDS,2026-09-30 02:09:07
4129,OMN,Oman,2001,0.07125,2090,100,0.0211,40,0.87,14.0,115,8,66,Our World in Data / UNAIDS,2026-09-30 02:09:07
4130,OMN,Oman,2002,0.07162,2100,200,0.0423,42,0.85,15.0,116,15,70,Our World in Data / UNAIDS,2026-09-30 02:09:07
4131,OMN,Oman,2003,0.07182,2106,200,0.0423,46,0.94,15.0,116,15,76,Our World in Data / UNAIDS,2026-09-30 02:09:07
4132,OMN,Oman,2004,0.07083,2077,200,0.0423,50,0.97,16.0,114,15,82,Our World in Data / UNAIDS,2026-09-30 02:09:07
4133,OMN,Oman,2005,0.06992,2051,200,0.0423,53,1.13,17.0,113,15,87,Our World in Data / UNAIDS,2026-09-30 02:09:07
4134,OMN,Oman,2006,0.06923,2030,200,0.0423,56,1.17,18.0,112,15,92,Our World in Data / UNAIDS,2026-09-30 02:09:07
4135,OMN,Oman,2007,0.06896,2022,200,0.0423,56,1.17,20.0,111,15,92,Our World in Data / UNAIDS,2026-09-30 02:09:07
4136,OMN,Oman,2008,0.06924,2031,200,0.0423,50,1.07,26.0,112,15,83,Our World in Data / UNAIDS,2026-09-30 02:09:07
4137,OMN,Oman,2009,0.06988,2049,200,0.0423,43,0.77,31.0,113,15,71,Our World in Data / UNAIDS,2026-09-30 02:09:07
4138,OMN,Oman,2010,0.07084,2078,200,0.0423,39,0.71,36.0,114,15,65,Our World in Data / UNAIDS,2026-09-30 02:09:07
4139,OMN,Oman,2011,0.07442,2183,200,0.0423,38,0.74,33.0,120,15,62,Our World in Data / UNAIDS,2026-09-30 02:09:07
4140,OMN,Oman,2012,0.07614,2233,200,0.0423,50,0.92,32.0,123,15,82,Our World in Data / UNAIDS,2026-09-30 02:09:07
4141,OMN,Oman,2013,0.07633,2239,200,0.0423,74,1.11,35.0,123,15,122,Our World in Data / UNAIDS,2026-09-30 02:09:07
4142,OMN,Oman,2014,0.07675,2251,200,0.0423,82,1.36,36.0,124,15,136,Our World in Data / UNAIDS,2026-09-30 02:09:07
4143,OMN,Oman,2015,0.07714,2262,200,0.0423,92,1.58,34.0,124,15,152,Our World in Data / UNAIDS,2026-09-30 02:09:07
4144,OMN,Oman,2016,0.07749,2273,200,0.0423,102,1.72,38.0,125,15,168,Our World in Data / UNAIDS,2026-09-30 02:09:07
4145,OMN,Oman,2017,0.07805,2289,200,0.0423,101,1.65,41.0,126,15,167,Our World in Data / UNAIDS,2026-09-30 02:09:07
4146,OMN,Oman,2018,0.07826,2295,200,0.0423,95,1.49,46.0,126,15,157,Our World in Data / UNAIDS,2026-09-30 02:09:07
4147,OMN,Oman,2019,0.07802,2288,200,0.0423,85,1.36,54.0,126,15,140,Our World in Data / UNAIDS,2026-09-30 02:09:07
4148,OMN,Oman,2020,0.07744,2271,200,0.0423,72,1.12,55.0,125,15,119,Our World in Data / UNAIDS,2026-09-30 02:09:07
4149,OMN,Oman,2021,0.07767,2278,200,0.0423,62,0.93,60.0,125,15,102,Our World in Data / UNAIDS,2026-09-30 02:09:07
4150,OMN,Oman,2022,0.0782,2293,200,0.0423,54,0.93,60.0,126,15,89,Our World in Data / UNAIDS,2026-09-30 02:09:07
4151,PAK,Pakistan,1990,0.0,10,1700,0.007,0,0.01,0.0,1,128,0,Our World in Data / UNAIDS,2026-09-30 02:09:07
4152,PAK,Pakistan,1991,3e-05,45,1700,0.007,0,0.01,0.0,2,128,0,Our World in Data / UNAIDS,2026-09-30 02:09:07
4153,PAK,Pakistan,1992,6e-05,91,1700,0.007,0,0.01,0.0,5,128,1,Our World in Data / UNAIDS,2026-09-30 02:09:07
4154,PAK,Pakistan,1993,0.0001,151,1700,0.007,1,0.01,0.0,8,128,2,Our World in Data / UNAIDS,2026-09-30 02:09:07
4155,PAK,Pakistan,1994,0.00015,227,1700,0.007,2,0.01,0.0,12,128,4,Our World in Data / UNAIDS,2026-09-30 02:09:07
4156,PAK,Pakistan,1995,0.00021,317,1700,0.007,4,0.01,0.0,17,128,7,Our World in Data / UNAIDS,2026-09-30 02:09:07
4157,PAK,Pakistan,1996,0.00028,423,1700,0.007,7,0.01,0.0,23,128,11,Our World in Data / UNAIDS,2026-09-30 02:09:07
4158,PAK,Pakistan,1997,0.00037,559,1700,0.007,10,0.01,0.0,31,128,16,Our World in Data / UNAIDS,2026-09-30 02:09:07
4159,PAK,Pakistan,1998,0.00048,725,1700,0.007,14,0.01,0.0,40,128,23,Our World in Data / UNAIDS,2026-09-30 02:09:07
4160,PAK,Pakistan,1999,0.00059,891,1700,0.007,19,0.01,0.0,49,128,31,Our World in Data / UNAIDS,2026-09-30 02:09:07
4161,PAK,Pakistan,2000,0.00074,1118,1650,0.0068,25,0.01,0.0,61,124,41,Our World in Data / UNAIDS,2026-09-30 02:09:07
4162,PAK,Pakistan,2001,0.00094,1420,1700,0.007,32,0.01,0.0,78,128,53,Our World in Data / UNAIDS,2026-09-30 02:09:07
4163,PAK,Pakistan,2002,0.00124,1874,1700,0.007,40,0.02,2.0,103,128,66,Our World in Data / UNAIDS,2026-09-30 02:09:07
4164,PAK,Pakistan,2003,0.00231,3490,1700,0.007,50,0.02,2.0,192,128,83,Our World in Data / UNAIDS,2026-09-30 02:09:07
4165,PAK,Pakistan,2004,0.00894,13508,1550,0.0064,92,0.04,1.0,743,116,152,Our World in Data / UNAIDS,2026-09-30 02:09:07
4166,PAK,Pakistan,2005,0.01957,29569,1500,0.0062,210,0.11,1.0,1626,112,346,Our World in Data / UNAIDS,2026-09-30 02:09:07
4167,PAK,Pakistan,2006,0.03,45328,1450,0.0059,432,0.22,1.0,2493,109,712,Our World in Data / UNAIDS,2026-09-30 02:09:07
4168,PAK,Pakistan,2007,0.04131,62417,1300,0.0053,732,0.36,1.0,3433,98,1208,Our World in Data / UNAIDS,2026-09-30 02:09:07
4169,PAK,Pakistan,2008,0.05344,80745,1250,0.0051,1114,0.53,2.0,4441,94,1839,Our World in Data / UNAIDS,2026-09-30 02:09:07
4170,PAK,Pakistan,2009,0.06444,97365,1300,0.0053,1624,0.76,2.0,5355,98,2679,Our World in Data / UNAIDS,2026-09-30 02:09:07
4171,PAK,Pakistan,2010,0.0742,112112,1300,0.0053,2248,1.03,2.0,6166,98,3709,Our World in Data / UNAIDS,2026-09-30 02:09:07
4172,PAK,Pakistan,2011,0.0836,126315,1250,0.0051,3021,1.38,2.0,6947,94,4985,Our World in Data / UNAIDS,2026-09-30 02:09:07
4173,PAK,Pakistan,2012,0.09335,141047,1250,0.0051,3857,1.72,3.0,7758,94,6364,Our World in Data / UNAIDS,2026-09-30 02:09:07
4174,PAK,Pakistan,2013,0.10327,156035,1300,0.0053,4727,2.08,3.0,8582,98,7800,Our World in Data / UNAIDS,2026-09-30 02:09:07
4175,PAK,Pakistan,2014,0.11323,171084,1200,0.0049,5670,2.46,4.0,9410,90,9355,Our World in Data / UNAIDS,2026-09-30 02:09:07
4176,PAK,Pakistan,2015,0.12333,186345,1250,0.0051,6563,2.8,4.0,10249,94,10829,Our World in Data / UNAIDS,2026-09-30 02:09:07
4177,PAK,Pakistan,2016,0.13342,201590,1200,0.0049,7467,3.14,5.0,11087,90,12321,Our World in Data / UNAIDS,2026-09-30 02:09:07
4178,PAK,Pakistan,2017,0.14314,216277,1200,0.0049,8262,3.4,7.0,11895,90,13633,Our World in Data / UNAIDS,2026-09-30 02:09:07
4179,PAK,Pakistan,2018,0.15358,232051,1200,0.0049,9030,3.65,8.0,12763,90,14900,Our World in Data / UNAIDS,2026-09-30 02:09:07
4180,PAK,Pakistan,2019,0.16525,249684,1200,0.0049,9693,3.82,11.0,13733,90,15994,Our World in Data / UNAIDS,2026-09-30 02:09:07
4181,PAK,Pakistan,2020,0.17733,267936,1250,0.0051,10753,4.21,10.0,14736,94,17742,Our World in Data / UNAIDS,2026-09-30 02:09:07
4182,PAK,Pakistan,2021,0.1897,286626,1300,0.0053,12069,4.79,10.0,15764,98,19914,Our World in Data / UNAIDS,2026-09-30 02:09:07
4183,PAK,Pakistan,2022,0.20387,308036,1200,0.0049,12897,4.79,12.0,16942,90,21281,Our World in Data / UNAIDS,2026-09-30 02:09:07
4184,PAN,Panama,1990,0.3087,8423,1200,0.2727,71,17.51,6.0,463,90,118,Our World in Data / UNAIDS,2026-09-30 02:09:07
4185,PAN,Panama,1991,0.38047,10381,1200,0.2727,108,17.51,6.0,571,90,178,Our World in Data / UNAIDS,2026-09-30 02:09:07
4186,PAN,Panama,1992,0.44441,12126,1200,0.2727,152,17.51,6.0,667,90,251,Our World in Data / UNAIDS,2026-09-30 02:09:07
4187,PAN,Panama,1993,0.50064,13660,1200,0.2727,204,17.51,6.0,751,90,337,Our World in Data / UNAIDS,2026-09-30 02:09:07
4188,PAN,Panama,1994,0.5493,14988,1200,0.2727,262,17.51,6.0,824,90,433,Our World in Data / UNAIDS,2026-09-30 02:09:07
4189,PAN,Panama,1995,0.59075,16118,1200,0.2727,326,17.51,6.0,886,90,538,Our World in Data / UNAIDS,2026-09-30 02:09:07
4190,PAN,Panama,1996,0.62531,17061,1200,0.2727,394,17.51,6.0,938,90,650,Our World in Data / UNAIDS,2026-09-30 02:09:07
4191,PAN,Panama,1997,0.65345,17829,1200,0.2727,464,17.51,6.0,981,90,765,Our World in Data / UNAIDS,2026-09-30 02:09:07
4192,PAN,Panama,1998,0.67579,18439,1200,0.2727,534,17.51,6.0,1014,90,881,Our World in Data / UNAIDS,2026-09-30 02:09:07
4193,PAN,Panama,1999,0.69807,19047,1200,0.2727,522,17.51,6.0,1048,90,862,Our World in Data / UNAIDS,2026-09-30 02:09:07
4194,PAN,Panama,2000,0.72176,19693,1200,0.2727,488,17.51,6.0,1083,90,806,Our World in Data / UNAIDS,2026-09-30 02:09:07
4195,PAN,Panama,2001,0.74365,20290,1200,0.2727,510,16.98,9.0,1116,90,842,Our World in Data / UNAIDS,2026-09-30 02:09:07
4196,PAN,Panama,2002,0.76533,20882,1200,0.2727,510,16.37,11.0,1149,90,842,Our World in Data / UNAIDS,2026-09-30 02:09:07
4197,PAN,Panama,2003,0.78612,21449,1200,0.2727,523,14.63,12.0,1180,90,863,Our World in Data / UNAIDS,2026-09-30 02:09:07
4198,PAN,Panama,2004,0.80544,21976,1200,0.2727,547,14.98,14.0,1209,90,902,Our World in Data / UNAIDS,2026-09-30 02:09:07
4199,PAN,Panama,2005,0.82381,22477,1200,0.2727,557,14.25,16.0,1236,90,920,Our World in Data / UNAIDS,2026-09-30 02:09:07
4200,PAN,Panama,2006,0.84208,22976,1200,0.2727,558,15.26,18.0,1264,90,922,Our World in Data / UNAIDS,2026-09-30 02:09:07
4201,PAN,Panama,2007,0.8599,23462,1200,0.2727,566,14.0,19.0,1290,90,935,Our World in Data / UNAIDS,2026-09-30 02:09:07
4202,PAN,Panama,2008,0.87663,23919,1200,0.2727,585,14.15,21.0,1316,90,965,Our World in Data / UNAIDS,2026-09-30 02:09:07
4203,PAN,Panama,2009,0.89605,24449,1300,0.2954,518,14.59,27.0,1345,98,855,Our World in Data / UNAIDS,2026-09-30 02:09:07
4204,PAN,Panama,2010,0.91772,25040,1300,0.2954,455,15.58,29.0,1377,98,751,Our World in Data / UNAIDS,2026-09-30 02:09:07
4205,PAN,Panama,2011,0.93672,25558,1300,0.2954,495,12.64,31.0,1406,98,816,Our World in Data / UNAIDS,2026-09-30 02:09:07
4206,PAN,Panama,2012,0.95418,26035,1300,0.2954,516,13.5,33.0,1432,98,851,Our World in Data / UNAIDS,2026-09-30 02:09:07
4207,PAN,Panama,2013,0.97083,26489,1300,0.2954,519,14.28,38.0,1457,98,857,Our World in Data / UNAIDS,2026-09-30 02:09:07
4208,PAN,Panama,2014,0.98826,26964,1300,0.2954,484,13.16,40.0,1483,98,799,Our World in Data / UNAIDS,2026-09-30 02:09:07
4209,PAN,Panama,2015,1.00459,27410,1400,0.3181,487,14.61,42.0,1508,105,804,Our World in Data / UNAIDS,2026-09-30 02:09:07
4210,PAN,Panama,2016,1.02117,27862,1400,0.3181,470,14.76,48.0,1532,105,775,Our World in Data / UNAIDS,2026-09-30 02:09:07
4211,PAN,Panama,2017,1.03859,28338,1400,0.3181,424,14.62,53.0,1559,105,699,Our World in Data / UNAIDS,2026-09-30 02:09:07
4212,PAN,Panama,2018,1.05462,28775,1400,0.3181,427,14.35,52.0,1583,105,705,Our World in Data / UNAIDS,2026-09-30 02:09:07
4213,PAN,Panama,2019,1.06684,29109,1400,0.3181,491,13.0,53.0,1601,105,811,Our World in Data / UNAIDS,2026-09-30 02:09:07
4214,PAN,Panama,2020,1.07487,29328,1400,0.3181,581,11.87,52.0,1613,105,959,Our World in Data / UNAIDS,2026-09-30 02:09:07
4215,PAN,Panama,2021,1.07982,29463,1400,0.3181,653,11.84,52.0,1620,105,1078,Our World in Data / UNAIDS,2026-09-30 02:09:07
4216,PAN,Panama,2022,1.0893,29721,1500,0.3408,525,11.84,65.0,1635,112,866,Our World in Data / UNAIDS,2026-09-30 02:09:07
4217,PER,Peru,1990,0.34948,72534,6000,0.1792,1807,19.5,0.0,3989,450,2981,Our World in Data / UNAIDS,2026-09-30 02:09:07
4218,PER,Peru,1991,0.36911,76608,6000,0.1792,2206,19.5,0.0,4213,450,3639,Our World in Data / UNAIDS,2026-09-30 02:09:07
4219,PER,Peru,1992,0.38394,79686,6000,0.1792,2604,19.5,0.0,4383,450,4297,Our World in Data / UNAIDS,2026-09-30 02:09:07
4220,PER,Peru,1993,0.39467,81913,6000,0.1792,2999,19.5,0.0,4505,450,4949,Our World in Data / UNAIDS,2026-09-30 02:09:07
4221,PER,Peru,1994,0.4001,83040,6000,0.1792,3377,19.5,0.0,4567,450,5572,Our World in Data / UNAIDS,2026-09-30 02:09:07
4222,PER,Peru,1995,0.40232,83501,6000,0.1792,3732,19.5,0.0,4593,450,6158,Our World in Data / UNAIDS,2026-09-30 02:09:07
4223,PER,Peru,1996,0.40188,83409,6000,0.1792,4055,19.5,0.0,4587,450,6691,Our World in Data / UNAIDS,2026-09-30 02:09:07
4224,PER,Peru,1997,0.39788,82579,6000,0.1792,4343,19.5,0.0,4542,450,7166,Our World in Data / UNAIDS,2026-09-30 02:09:07
4225,PER,Peru,1998,0.39236,81433,6000,0.1792,4594,19.5,0.0,4479,450,7579,Our World in Data / UNAIDS,2026-09-30 02:09:07
4226,PER,Peru,1999,0.38639,80194,6000,0.1792,4809,19.5,0.0,4411,450,7935,Our World in Data / UNAIDS,2026-09-30 02:09:07
4227,PER,Peru,2000,0.38006,78881,6000,0.1792,4985,19.5,0.0,4338,450,8226,Our World in Data / UNAIDS,2026-09-30 02:09:07
4228,PER,Peru,2001,0.37272,77357,5900,0.1762,5121,19.01,0.0,4255,442,8449,Our World in Data / UNAIDS,2026-09-30 02:09:07
4229,PER,Peru,2002,0.36546,75850,5800,0.1733,5049,18.73,2.0,4172,435,8331,Our World in Data / UNAIDS,2026-09-30 02:09:07
4230,PER,Peru,2003,0.35893,74495,5600,0.1673,4794,18.1,3.0,4097,420,7910,Our World in Data / UNAIDS,2026-09-30 02:09:07
4231,PER,Peru,2004,0.35346,73360,5700,0.1703,4805,17.86,2.0,4035,428,7928,Our World in Data / UNAIDS,2026-09-30 02:09:07
4232,PER,Peru,2005,0.34861,72353,5700,0.1703,4720,17.12,6.0,3979,428,7787,Our World in Data / UNAIDS,2026-09-30 02:09:07
4233,PER,Peru,2006,0.34645,71905,5500,0.1643,4135,18.46,9.0,3955,412,6823,Our World in Data / UNAIDS,2026-09-30 02:09:07
4234,PER,Peru,2007,0.34536,71679,5200,0.1553,3645,15.95,14.0,3942,390,6015,Our World in Data / UNAIDS,2026-09-30 02:09:07
4235,PER,Peru,2008,0.34453,71506,4900,0.1464,3268,13.9,16.0,3933,368,5392,Our World in Data / UNAIDS,2026-09-30 02:09:07
4236,PER,Peru,2009,0.34438,71475,4600,0.1374,2829,11.89,23.0,3931,345,4669,Our World in Data / UNAIDS,2026-09-30 02:09:07
4237,PER,Peru,2010,0.34532,71670,4300,0.1285,2108,8.78,30.0,3942,322,3479,Our World in Data / UNAIDS,2026-09-30 02:09:07
4238,PER,Peru,2011,0.34709,72038,4300,0.1285,1741,7.21,32.0,3962,322,2873,Our World in Data / UNAIDS,2026-09-30 02:09:07
4239,PER,Peru,2012,0.35022,72687,4500,0.1344,1696,6.63,39.0,3998,338,2798,Our World in Data / UNAIDS,2026-09-30 02:09:07
4240,PER,Peru,2013,0.35499,73677,4900,0.1464,1693,6.39,39.0,4052,368,2793,Our World in Data / UNAIDS,2026-09-30 02:09:07
4241,PER,Peru,2014,0.36035,74790,5200,0.1553,1765,6.36,44.0,4113,390,2912,Our World in Data / UNAIDS,2026-09-30 02:09:07
4242,PER,Peru,2015,0.3663,76025,5600,0.1673,1782,6.2,44.0,4181,420,2940,Our World in Data / UNAIDS,2026-09-30 02:09:07
4243,PER,Peru,2016,0.37478,77785,6200,0.1852,1728,5.61,52.0,4278,465,2852,Our World in Data / UNAIDS,2026-09-30 02:09:07
4244,PER,Peru,2017,0.38485,79875,6400,0.1912,1393,4.47,56.0,4393,480,2298,Our World in Data / UNAIDS,2026-09-30 02:09:07
4245,PER,Peru,2018,0.39508,81998,6500,0.1942,1176,3.82,62.0,4510,488,1940,Our World in Data / UNAIDS,2026-09-30 02:09:07
4246,PER,Peru,2019,0.40631,84329,6700,0.2001,975,3.25,68.0,4638,502,1609,Our World in Data / UNAIDS,2026-09-30 02:09:07
4247,PER,Peru,2020,0.41559,86255,6500,0.1942,896,2.88,69.0,4744,488,1478,Our World in Data / UNAIDS,2026-09-30 02:09:07
4248,PER,Peru,2021,0.42567,88347,6900,0.2061,902,2.9,73.0,4859,518,1488,Our World in Data / UNAIDS,2026-09-30 02:09:07
4249,PER,Peru,2022,0.43425,90128,6700,0.2001,890,2.9,77.0,4957,502,1469,Our World in Data / UNAIDS,2026-09-30 02:09:07
4250,PHL,Philippines,1990,0.00046,325,500,0.0044,8,0.03,0.0,18,38,13,Our World in Data / UNAIDS,2026-09-30 02:09:07
4251,PHL,Philippines,1991,0.00053,374,500,0.0044,10,0.03,0.0,21,38,16,Our World in Data / UNAIDS,2026-09-30 02:09:07
4252,PHL,Philippines,1992,0.0006,424,500,0.0044,12,0.03,0.0,23,38,20,Our World in Data / UNAIDS,2026-09-30 02:09:07
4253,PHL,Philippines,1993,0.0007,495,500,0.0044,15,0.03,0.0,27,38,24,Our World in Data / UNAIDS,2026-09-30 02:09:07
4254,PHL,Philippines,1994,0.00083,586,500,0.0044,17,0.03,0.0,32,38,28,Our World in Data / UNAIDS,2026-09-30 02:09:07
4255,PHL,Philippines,1995,0.00102,721,500,0.0044,20,0.03,0.0,40,38,33,Our World in Data / UNAIDS,2026-09-30 02:09:07
4256,PHL,Philippines,1996,0.00124,876,500,0.0044,24,0.03,0.0,48,38,39,Our World in Data / UNAIDS,2026-09-30 02:09:07
4257,PHL,Philippines,1997,0.00151,1067,500,0.0044,28,0.03,0.0,59,38,46,Our World in Data / UNAIDS,2026-09-30 02:09:07
4258,PHL,Philippines,1998,0.00184,1300,500,0.0044,33,0.03,0.0,72,38,55,Our World in Data / UNAIDS,2026-09-30 02:09:07
4259,PHL,Philippines,1999,0.00226,1597,500,0.0044,39,0.03,0.0,88,38,65,Our World in Data / UNAIDS,2026-09-30 02:09:07
4260,PHL,Philippines,2000,0.00282,1993,500,0.0044,47,0.03,0.0,110,38,77,Our World in Data / UNAIDS,2026-09-30 02:09:07
4261,PHL,Philippines,2001,0.00354,2501,500,0.0044,57,0.04,0.0,138,38,93,Our World in Data / UNAIDS,2026-09-30 02:09:07
4262,PHL,Philippines,2002,0.00448,3165,510,0.0045,69,0.04,0.0,174,38,114,Our World in Data / UNAIDS,2026-09-30 02:09:07
4263,PHL,Philippines,2003,0.00572,4042,680,0.006,85,0.04,0.0,222,51,140,Our World in Data / UNAIDS,2026-09-30 02:09:07
4264,PHL,Philippines,2004,0.00733,5179,890,0.0078,106,0.04,0.0,285,67,175,Our World in Data / UNAIDS,2026-09-30 02:09:07
4265,PHL,Philippines,2005,0.0094,6642,1200,0.0105,128,0.04,1.0,365,90,212,Our World in Data / UNAIDS,2026-09-30 02:09:07
4266,PHL,Philippines,2006,0.01211,8557,1500,0.0132,149,0.04,2.0,471,112,247,Our World in Data / UNAIDS,2026-09-30 02:09:07
4267,PHL,Philippines,2007,0.01601,11312,2200,0.0193,175,0.02,3.0,622,165,288,Our World in Data / UNAIDS,2026-09-30 02:09:07
4268,PHL,Philippines,2008,0.02207,15594,3400,0.0298,214,0.04,4.0,858,255,353,Our World in Data / UNAIDS,2026-09-30 02:09:07
4269,PHL,Philippines,2009,0.02915,20597,4100,0.036,275,0.04,4.0,1133,308,454,Our World in Data / UNAIDS,2026-09-30 02:09:07
4270,PHL,Philippines,2010,0.0367,25931,4700,0.0412,340,0.04,5.0,1426,352,561,Our World in Data / UNAIDS,2026-09-30 02:09:07
4271,PHL,Philippines,2011,0.04571,32298,5600,0.0491,399,0.1,7.0,1776,420,659,Our World in Data / UNAIDS,2026-09-30 02:09:07
4272,PHL,Philippines,2012,0.05597,39547,6700,0.0588,487,0.1,8.0,2175,502,803,Our World in Data / UNAIDS,2026-09-30 02:09:07
4273,PHL,Philippines,2013,0.06808,48104,7900,0.0693,556,0.19,14.0,2646,592,918,Our World in Data / UNAIDS,2026-09-30 02:09:07
4274,PHL,Philippines,2014,0.08173,57749,9000,0.079,568,0.24,18.0,3176,675,938,Our World in Data / UNAIDS,2026-09-30 02:09:07
4275,PHL,Philippines,2015,0.09715,68644,10000,0.0877,597,0.41,23.0,3775,750,985,Our World in Data / UNAIDS,2026-09-30 02:09:07
4276,PHL,Philippines,2016,0.11438,80818,12000,0.1053,647,0.4,27.0,4445,900,1068,Our World in Data / UNAIDS,2026-09-30 02:09:07
4277,PHL,Philippines,2017,0.13344,94286,13000,0.1141,741,0.44,31.0,5186,975,1223,Our World in Data / UNAIDS,2026-09-30 02:09:07
4278,PHL,Philippines,2018,0.15431,109032,15000,0.1316,833,0.51,36.0,5997,1125,1375,Our World in Data / UNAIDS,2026-09-30 02:09:07
4279,PHL,Philippines,2019,0.17674,124881,16000,0.1404,938,0.97,40.0,6868,1200,1547,Our World in Data / UNAIDS,2026-09-30 02:09:07
4280,PHL,Philippines,2020,0.20098,142008,18000,0.1579,1072,0.63,38.0,7810,1350,1769,Our World in Data / UNAIDS,2026-09-30 02:09:07
4281,PHL,Philippines,2021,0.22797,161079,21000,0.1843,1324,0.68,39.0,8859,1575,2184,Our World in Data / UNAIDS,2026-09-30 02:09:07
4282,PHL,Philippines,2022,0.25843,182601,24000,0.2106,1625,0.68,41.0,10043,1800,2682,Our World in Data / UNAIDS,2026-09-30 02:09:07
4283,PLW,Palau,2000,0.24165,27,1650,92.9106,389,0.86,0.0,1,124,642,Our World in Data / UNAIDS,2026-09-30 02:09:07
4284,PLW,Palau,2001,0.25329,28,1700,95.7261,363,0.96,0.0,2,128,599,Our World in Data / UNAIDS,2026-09-30 02:09:07
4285,PLW,Palau,2002,0.27393,30,1700,95.7261,349,1.06,0.0,2,128,575,Our World in Data / UNAIDS,2026-09-30 02:09:07
4286,PLW,Palau,2003,0.30624,34,1700,95.7261,386,1.16,1.5,2,128,636,Our World in Data / UNAIDS,2026-09-30 02:09:07
4287,PLW,Palau,2004,0.31623,35,1550,87.2797,445,1.0,3.0,2,116,735,Our World in Data / UNAIDS,2026-09-30 02:09:07
4288,PLW,Palau,2005,0.31956,35,1500,84.4642,400,0.91,6.5,2,112,660,Our World in Data / UNAIDS,2026-09-30 02:09:07
4289,PLW,Palau,2006,0.32438,36,1450,81.6487,432,0.97,9.5,2,109,712,Our World in Data / UNAIDS,2026-09-30 02:09:07
4290,PLW,Palau,2007,0.3304,36,1300,73.2023,566,1.03,13.0,2,98,934,Our World in Data / UNAIDS,2026-09-30 02:09:07
4291,PLW,Palau,2008,0.33243,37,1250,70.3868,534,1.05,17.0,2,94,880,Our World in Data / UNAIDS,2026-09-30 02:09:07
4292,PLW,Palau,2009,0.32959,36,1300,73.2023,470,1.06,21.0,2,98,776,Our World in Data / UNAIDS,2026-09-30 02:09:07
4293,PLW,Palau,2010,0.33193,37,1300,73.2023,452,1.29,24.9444,2,98,746,Our World in Data / UNAIDS,2026-09-30 02:09:07
4294,PLW,Palau,2011,0.34874,38,1250,70.3868,468,1.64,28.0,2,94,772,Our World in Data / UNAIDS,2026-09-30 02:09:07
4295,PLW,Palau,2012,0.36233,40,1250,70.3868,487,1.95,31.0,2,94,803,Our World in Data / UNAIDS,2026-09-30 02:09:07
4296,PLW,Palau,2013,0.36732,40,1300,73.2023,517,2.25,35.0,2,98,853,Our World in Data / UNAIDS,2026-09-30 02:09:07
4297,PLW,Palau,2014,0.36172,40,1200,67.5714,449,2.42,37.0,2,90,741,Our World in Data / UNAIDS,2026-09-30 02:09:07
4298,PLW,Palau,2015,0.36479,40,1250,70.3868,430,2.53,41.0,2,94,709,Our World in Data / UNAIDS,2026-09-30 02:09:07
4299,PLW,Palau,2016,0.37443,41,1200,67.5714,442,2.53,45.5,2,90,730,Our World in Data / UNAIDS,2026-09-30 02:09:07
4300,PLW,Palau,2017,0.36894,41,1200,67.5714,424,2.47,50.5,2,90,699,Our World in Data / UNAIDS,2026-09-30 02:09:07
4301,PLW,Palau,2018,0.36413,40,1200,67.5714,381,2.46,54.0,2,90,629,Our World in Data / UNAIDS,2026-09-30 02:09:07
4302,PLW,Palau,2019,0.37023,41,1200,67.5714,357,2.46,59.0,2,90,589,Our World in Data / UNAIDS,2026-09-30 02:09:07
4303,PLW,Palau,2020,0.39803,44,1250,70.3868,369,2.5,61.5,2,94,609,Our World in Data / UNAIDS,2026-09-30 02:09:07
4304,PLW,Palau,2021,0.40203,44,1300,73.2023,371,2.39,64.5,2,98,613,Our World in Data / UNAIDS,2026-09-30 02:09:07
4305,PNG,Papua New Guinea,1990,0.23105,14616,4100,0.4018,194,9.62,0.0,804,308,321,Our World in Data / UNAIDS,2026-09-30 02:09:07
4306,PNG,Papua New Guinea,1991,0.27955,17684,4100,0.4018,270,9.62,0.0,973,308,445,Our World in Data / UNAIDS,2026-09-30 02:09:07
4307,PNG,Papua New Guinea,1992,0.32406,20500,4100,0.4018,358,9.62,0.0,1128,308,591,Our World in Data / UNAIDS,2026-09-30 02:09:07
4308,PNG,Papua New Guinea,1993,0.36903,23345,4100,0.4018,461,9.62,0.0,1284,308,761,Our World in Data / UNAIDS,2026-09-30 02:09:07
4309,PNG,Papua New Guinea,1994,0.41214,26072,4100,0.4018,577,9.62,0.0,1434,308,952,Our World in Data / UNAIDS,2026-09-30 02:09:07
4310,PNG,Papua New Guinea,1995,0.45745,28938,4100,0.4018,711,9.62,0.0,1592,308,1173,Our World in Data / UNAIDS,2026-09-30 02:09:07
4311,PNG,Papua New Guinea,1996,0.50255,31791,4100,0.4018,860,9.62,0.0,1749,308,1418,Our World in Data / UNAIDS,2026-09-30 02:09:07
4312,PNG,Papua New Guinea,1997,0.54796,34664,4100,0.4018,1023,9.62,0.0,1907,308,1687,Our World in Data / UNAIDS,2026-09-30 02:09:07
4313,PNG,Papua New Guinea,1998,0.59396,37574,4100,0.4018,1197,9.62,0.0,2067,308,1975,Our World in Data / UNAIDS,2026-09-30 02:09:07
4314,PNG,Papua New Guinea,1999,0.63883,40412,4100,0.4018,1384,9.62,0.0,2223,308,2284,Our World in Data / UNAIDS,2026-09-30 02:09:07
4315,PNG,Papua New Guinea,2000,0.68387,43261,4100,0.4018,1582,9.62,0.0,2379,308,2611,Our World in Data / UNAIDS,2026-09-30 02:09:07
4316,PNG,Papua New Guinea,2001,0.72632,45947,4400,0.4312,1791,11.75,0.0,2527,330,2955,Our World in Data / UNAIDS,2026-09-30 02:09:07
4317,PNG,Papua New Guinea,2002,0.76578,48443,4700,0.4606,2006,13.81,0.0,2664,352,3311,Our World in Data / UNAIDS,2026-09-30 02:09:07
4318,PNG,Papua New Guinea,2003,0.80385,50851,5000,0.49,2231,16.65,0.0,2797,375,3681,Our World in Data / UNAIDS,2026-09-30 02:09:07
4319,PNG,Papua New Guinea,2004,0.83539,52846,5100,0.4998,2455,18.85,0.0,2907,382,4050,Our World in Data / UNAIDS,2026-09-30 02:09:07
4320,PNG,Papua New Guinea,2005,0.86592,54778,5300,0.5194,2635,20.37,1.0,3013,398,4348,Our World in Data / UNAIDS,2026-09-30 02:09:07
4321,PNG,Papua New Guinea,2006,0.895,56617,5400,0.5292,2639,19.57,3.0,3114,405,4354,Our World in Data / UNAIDS,2026-09-30 02:09:07
4322,PNG,Papua New Guinea,2007,0.92759,58679,5500,0.539,2432,16.91,8.0,3227,412,4013,Our World in Data / UNAIDS,2026-09-30 02:09:07
4323,PNG,Papua New Guinea,2008,0.95944,60694,5500,0.539,2322,14.64,10.0,3338,412,3831,Our World in Data / UNAIDS,2026-09-30 02:09:07
4324,PNG,Papua New Guinea,2009,0.9909,62684,5700,0.5586,2382,13.75,12.0,3448,428,3930,Our World in Data / UNAIDS,2026-09-30 02:09:07
4325,PNG,Papua New Guinea,2010,1.02038,64549,6000,0.5881,2538,13.71,14.0,3550,450,4188,Our World in Data / UNAIDS,2026-09-30 02:09:07
4326,PNG,Papua New Guinea,2011,1.04803,66298,6100,0.5979,2708,14.04,16.0,3646,458,4468,Our World in Data / UNAIDS,2026-09-30 02:09:07
4327,PNG,Papua New Guinea,2012,1.07408,67946,6200,0.6077,2786,14.57,19.0,3737,465,4597,Our World in Data / UNAIDS,2026-09-30 02:09:07
4328,PNG,Papua New Guinea,2013,1.0981,69465,6300,0.6175,2769,13.15,23.0,3821,472,4569,Our World in Data / UNAIDS,2026-09-30 02:09:07
4329,PNG,Papua New Guinea,2014,1.12007,70855,6300,0.6175,2672,11.11,27.0,3897,472,4410,Our World in Data / UNAIDS,2026-09-30 02:09:07
4330,PNG,Papua New Guinea,2015,1.14414,72378,6600,0.6469,2680,9.99,30.0,3981,495,4422,Our World in Data / UNAIDS,2026-09-30 02:09:07
4331,PNG,Papua New Guinea,2016,1.16684,73814,6800,0.6665,2823,9.89,32.0,4060,510,4658,Our World in Data / UNAIDS,2026-09-30 02:09:07
4332,PNG,Papua New Guinea,2017,1.1927,75450,7300,0.7155,2991,10.09,33.0,4150,548,4935,Our World in Data / UNAIDS,2026-09-30 02:09:07
4333,PNG,Papua New Guinea,2018,1.22861,77721,8100,0.7939,3154,10.31,35.0,4275,608,5204,Our World in Data / UNAIDS,2026-09-30 02:09:07
4334,PNG,Papua New Guinea,2019,1.26556,80059,8500,0.8331,3290,10.34,36.0,4403,638,5429,Our World in Data / UNAIDS,2026-09-30 02:09:07
4335,PNG,Papua New Guinea,2020,1.30692,82675,9200,0.9017,3439,10.62,38.0,4547,690,5675,Our World in Data / UNAIDS,2026-09-30 02:09:07
4336,PNG,Papua New Guinea,2021,1.35008,85406,9600,0.9409,3578,10.86,39.0,4697,720,5904,Our World in Data / UNAIDS,2026-09-30 02:09:07
4337,PNG,Papua New Guinea,2022,1.39626,88327,10000,0.9801,3612,10.86,42.0,4858,750,5960,Our World in Data / UNAIDS,2026-09-30 02:09:07
4338,POL,Poland,2000,0.24165,55167,1650,0.0448,389,0.37,0.0,3034,124,642,Our World in Data / UNAIDS,2026-09-30 02:09:07
4339,POL,Poland,2001,0.25329,57825,1700,0.0462,363,0.32,0.0,3180,128,599,Our World in Data / UNAIDS,2026-09-30 02:09:07
4340,POL,Poland,2002,0.27393,62536,1700,0.0462,349,0.4,0.0,3439,128,575,Our World in Data / UNAIDS,2026-09-30 02:09:07
4341,POL,Poland,2003,0.30624,69912,1700,0.0462,386,0.39,1.5,3845,128,636,Our World in Data / UNAIDS,2026-09-30 02:09:07
4342,POL,Poland,2004,0.31623,72193,1550,0.0421,445,0.39,3.0,3971,116,735,Our World in Data / UNAIDS,2026-09-30 02:09:07
4343,POL,Poland,2005,0.31956,72953,1500,0.0407,400,0.39,6.5,4012,112,660,Our World in Data / UNAIDS,2026-09-30 02:09:07
4344,POL,Poland,2006,0.32438,74053,1450,0.0394,432,0.33,9.5,4073,109,712,Our World in Data / UNAIDS,2026-09-30 02:09:07
4345,POL,Poland,2007,0.3304,75427,1300,0.0353,566,0.41,13.0,4148,98,934,Our World in Data / UNAIDS,2026-09-30 02:09:07
4346,POL,Poland,2008,0.33243,75892,1250,0.0339,534,0.47,17.0,4174,94,880,Our World in Data / UNAIDS,2026-09-30 02:09:07
4347,POL,Poland,2009,0.32959,75243,1300,0.0353,470,0.3,21.0,4138,98,776,Our World in Data / UNAIDS,2026-09-30 02:09:07
4348,POL,Poland,2010,0.33193,75777,1300,0.0353,452,0.42,24.9444,4168,98,746,Our World in Data / UNAIDS,2026-09-30 02:09:07
4349,POL,Poland,2011,0.34874,79616,1250,0.0339,468,0.41,28.0,4379,94,772,Our World in Data / UNAIDS,2026-09-30 02:09:07
4350,POL,Poland,2012,0.36233,82717,1250,0.0339,487,0.37,31.0,4549,94,803,Our World in Data / UNAIDS,2026-09-30 02:09:07
4351,POL,Poland,2013,0.36732,83857,1300,0.0353,517,0.39,35.0,4612,98,853,Our World in Data / UNAIDS,2026-09-30 02:09:07
4352,POL,Poland,2014,0.36172,82578,1200,0.0326,449,0.39,37.0,4542,90,741,Our World in Data / UNAIDS,2026-09-30 02:09:07
4353,POL,Poland,2015,0.36479,83280,1250,0.0339,430,0.46,41.0,4580,94,709,Our World in Data / UNAIDS,2026-09-30 02:09:07
4354,POL,Poland,2016,0.37443,85480,1200,0.0326,442,0.34,45.5,4701,90,730,Our World in Data / UNAIDS,2026-09-30 02:09:07
4355,POL,Poland,2017,0.36894,84226,1200,0.0326,424,0.3,50.5,4632,90,699,Our World in Data / UNAIDS,2026-09-30 02:09:07
4356,POL,Poland,2018,0.36413,83128,1200,0.0326,381,0.33,54.0,4572,90,629,Our World in Data / UNAIDS,2026-09-30 02:09:07
4357,POL,Poland,2019,0.37023,84520,1200,0.0326,357,0.32,59.0,4649,90,589,Our World in Data / UNAIDS,2026-09-30 02:09:07
4358,POL,Poland,2020,0.39803,90868,1250,0.0339,369,0.34,61.5,4998,94,609,Our World in Data / UNAIDS,2026-09-30 02:09:07
4359,POL,Poland,2021,0.40203,91780,1300,0.0353,371,0.33,64.5,5048,98,613,Our World in Data / UNAIDS,2026-09-30 02:09:07
4360,PRK,North Korea,2000,0.24165,39447,1650,0.0627,389,1.66,0.0,2170,124,642,Our World in Data / UNAIDS,2026-09-30 02:09:07
4361,PRK,North Korea,2001,0.25329,41347,1700,0.0646,363,1.75,0.0,2274,128,599,Our World in Data / UNAIDS,2026-09-30 02:09:07
4362,PRK,North Korea,2002,0.27393,44715,1700,0.0646,349,1.91,0.0,2459,128,575,Our World in Data / UNAIDS,2026-09-30 02:09:07
4363,PRK,North Korea,2003,0.30624,49989,1700,0.0646,386,2.01,1.5,2749,128,636,Our World in Data / UNAIDS,2026-09-30 02:09:07
4364,PRK,North Korea,2004,0.31623,51620,1550,0.0589,445,2.11,3.0,2839,116,735,Our World in Data / UNAIDS,2026-09-30 02:09:07
4365,PRK,North Korea,2005,0.31956,52164,1500,0.057,400,2.23,6.5,2869,112,660,Our World in Data / UNAIDS,2026-09-30 02:09:07
4366,PRK,North Korea,2006,0.32438,52951,1450,0.0551,432,2.35,9.5,2912,109,712,Our World in Data / UNAIDS,2026-09-30 02:09:07
4367,PRK,North Korea,2007,0.3304,53933,1300,0.0494,566,2.6,13.0,2966,98,934,Our World in Data / UNAIDS,2026-09-30 02:09:07
4368,PRK,North Korea,2008,0.33243,54265,1250,0.0475,534,2.74,17.0,2985,94,880,Our World in Data / UNAIDS,2026-09-30 02:09:07
4369,PRK,North Korea,2009,0.32959,53801,1300,0.0494,470,2.86,21.0,2959,98,776,Our World in Data / UNAIDS,2026-09-30 02:09:07
4370,PRK,North Korea,2010,0.33193,54183,1300,0.0494,452,2.98,24.9444,2980,98,746,Our World in Data / UNAIDS,2026-09-30 02:09:07
4371,PRK,North Korea,2011,0.34874,56928,1250,0.0475,468,3.11,28.0,3131,94,772,Our World in Data / UNAIDS,2026-09-30 02:09:07
4372,PRK,North Korea,2012,0.36233,59146,1250,0.0475,487,3.25,31.0,3253,94,803,Our World in Data / UNAIDS,2026-09-30 02:09:07
4373,PRK,North Korea,2013,0.36732,59961,1300,0.0494,517,3.38,35.0,3298,98,853,Our World in Data / UNAIDS,2026-09-30 02:09:07
4374,PRK,North Korea,2014,0.36172,59046,1200,0.0456,449,3.51,37.0,3248,90,741,Our World in Data / UNAIDS,2026-09-30 02:09:07
4375,PRK,North Korea,2015,0.36479,59548,1250,0.0475,430,3.64,41.0,3275,94,709,Our World in Data / UNAIDS,2026-09-30 02:09:07
4376,PRK,North Korea,2016,0.37443,61122,1200,0.0456,442,2.52,45.5,3362,90,730,Our World in Data / UNAIDS,2026-09-30 02:09:07
4377,PRK,North Korea,2017,0.36894,60225,1200,0.0456,424,1.96,50.5,3312,90,699,Our World in Data / UNAIDS,2026-09-30 02:09:07
4378,PRK,North Korea,2018,0.36413,59439,1200,0.0456,381,2.1,54.0,3269,90,629,Our World in Data / UNAIDS,2026-09-30 02:09:07
4379,PRK,North Korea,2019,0.37023,60435,1200,0.0456,357,2.5,59.0,3324,90,589,Our World in Data / UNAIDS,2026-09-30 02:09:07
4380,PRK,North Korea,2020,0.39803,64974,1250,0.0475,369,2.93,61.5,3574,94,609,Our World in Data / UNAIDS,2026-09-30 02:09:07
4381,PRK,North Korea,2021,0.40203,65626,1300,0.0494,371,3.34,64.5,3609,98,613,Our World in Data / UNAIDS,2026-09-30 02:09:07
4382,PRT,Portugal,1990,0.24294,15716,2400,0.23,306,12.92,16.0,864,180,505,Our World in Data / UNAIDS,2026-09-30 02:09:07
4383,PRT,Portugal,1991,0.29359,18993,2400,0.23,423,12.92,16.0,1045,180,698,Our World in Data / UNAIDS,2026-09-30 02:09:07
4384,PRT,Portugal,1992,0.33898,21930,2400,0.23,559,12.92,16.0,1206,180,923,Our World in Data / UNAIDS,2026-09-30 02:09:07
4385,PRT,Portugal,1993,0.37916,24529,2400,0.23,714,12.92,16.0,1349,180,1178,Our World in Data / UNAIDS,2026-09-30 02:09:07
4386,PRT,Portugal,1994,0.41382,26771,2400,0.23,882,12.92,16.0,1472,180,1456,Our World in Data / UNAIDS,2026-09-30 02:09:07
4387,PRT,Portugal,1995,0.44262,28634,2400,0.23,1060,12.92,16.0,1575,180,1749,Our World in Data / UNAIDS,2026-09-30 02:09:07
4388,PRT,Portugal,1996,0.466,30147,2400,0.23,1231,12.92,16.0,1658,180,2032,Our World in Data / UNAIDS,2026-09-30 02:09:07
4389,PRT,Portugal,1997,0.48675,31489,2400,0.23,1232,12.92,16.0,1732,180,2033,Our World in Data / UNAIDS,2026-09-30 02:09:07
4390,PRT,Portugal,1998,0.50728,32817,2400,0.23,1134,12.92,16.0,1805,180,1871,Our World in Data / UNAIDS,2026-09-30 02:09:07
4391,PRT,Portugal,1999,0.5258,34016,2400,0.23,1115,12.92,16.0,1871,180,1841,Our World in Data / UNAIDS,2026-09-30 02:09:07
4392,PRT,Portugal,2000,0.53852,34838,2400,0.23,1085,12.92,16.0,1916,180,1791,Our World in Data / UNAIDS,2026-09-30 02:09:07
4393,PRT,Portugal,2001,0.55542,35932,2300,0.2204,1021,11.88,20.0,1976,172,1685,Our World in Data / UNAIDS,2026-09-30 02:09:07
4394,PRT,Portugal,2002,0.56975,36859,2200,0.2108,991,10.51,24.0,2027,165,1635,Our World in Data / UNAIDS,2026-09-30 02:09:07
4395,PRT,Portugal,2003,0.58203,37653,2100,0.2013,965,10.4,28.0,2071,158,1592,Our World in Data / UNAIDS,2026-09-30 02:09:07
4396,PRT,Portugal,2004,0.59236,38321,2000,0.1917,940,10.1,32.0,2108,150,1551,Our World in Data / UNAIDS,2026-09-30 02:09:07
4397,PRT,Portugal,2005,0.6003,38835,1900,0.1821,925,9.83,35.0,2136,142,1527,Our World in Data / UNAIDS,2026-09-30 02:09:07
4398,PRT,Portugal,2006,0.60549,39171,1800,0.1725,921,8.89,38.0,2154,135,1519,Our World in Data / UNAIDS,2026-09-30 02:09:07
4399,PRT,Portugal,2007,0.60825,39349,1700,0.1629,909,9.37,41.0,2164,128,1500,Our World in Data / UNAIDS,2026-09-30 02:09:07
4400,PRT,Portugal,2008,0.60921,39412,1600,0.1533,889,8.41,43.0,2168,120,1466,Our World in Data / UNAIDS,2026-09-30 02:09:07
4401,PRT,Portugal,2009,0.60862,39373,1600,0.1533,866,7.62,46.0,2166,120,1429,Our World in Data / UNAIDS,2026-09-30 02:09:07
4402,PRT,Portugal,2010,0.60703,39271,1500,0.1438,802,7.49,51.0,2160,112,1324,Our World in Data / UNAIDS,2026-09-30 02:09:07
4403,PRT,Portugal,2011,0.60687,39260,1400,0.1342,686,6.48,55.0,2159,105,1132,Our World in Data / UNAIDS,2026-09-30 02:09:07
4404,PRT,Portugal,2012,0.60605,39207,1300,0.1246,591,5.88,59.0,2156,98,975,Our World in Data / UNAIDS,2026-09-30 02:09:07
4405,PRT,Portugal,2013,0.60346,39040,1300,0.1246,525,5.24,63.0,2147,98,867,Our World in Data / UNAIDS,2026-09-30 02:09:07
4406,PRT,Portugal,2014,0.59789,38679,1200,0.115,470,4.27,67.0,2127,90,776,Our World in Data / UNAIDS,2026-09-30 02:09:07
4407,PRT,Portugal,2015,0.58824,38055,1100,0.1054,430,4.0,70.0,2093,82,709,Our World in Data / UNAIDS,2026-09-30 02:09:07
4408,PRT,Portugal,2016,0.57782,37381,1100,0.1054,410,3.42,73.0,2056,82,677,Our World in Data / UNAIDS,2026-09-30 02:09:07
4409,PRT,Portugal,2017,0.56675,36665,1000,0.0958,287,3.02,82.0,2017,75,474,Our World in Data / UNAIDS,2026-09-30 02:09:07
4410,PRT,Portugal,2018,0.55536,35928,1000,0.0958,176,3.26,82.0,1976,75,290,Our World in Data / UNAIDS,2026-09-30 02:09:07
4411,PRT,Portugal,2019,0.5424,35089,960,0.092,172,2.62,82.0,1930,72,284,Our World in Data / UNAIDS,2026-09-30 02:09:07
4412,PRT,Portugal,2020,0.52957,34259,920,0.0882,173,2.83,82.0,1884,69,285,Our World in Data / UNAIDS,2026-09-30 02:09:07
4413,PRT,Portugal,2021,0.50884,32918,890,0.0853,170,2.75,82.0,1810,67,280,Our World in Data / UNAIDS,2026-09-30 02:09:07
4414,PRT,Portugal,2022,0.49297,31892,860,0.0824,164,2.75,82.0,1754,64,270,Our World in Data / UNAIDS,2026-09-30 02:09:07
4415,PRY,Paraguay,1990,0.00825,346,810,0.1198,14,2.46,0.0,19,61,24,Our World in Data / UNAIDS,2026-09-30 02:09:07
4416,PRY,Paraguay,1991,0.01094,459,810,0.1198,15,2.46,0.0,25,61,25,Our World in Data / UNAIDS,2026-09-30 02:09:07
4417,PRY,Paraguay,1992,0.01584,664,810,0.1198,17,2.46,0.0,37,61,28,Our World in Data / UNAIDS,2026-09-30 02:09:07
4418,PRY,Paraguay,1993,0.02363,990,810,0.1198,20,2.46,0.0,54,61,33,Our World in Data / UNAIDS,2026-09-30 02:09:07
4419,PRY,Paraguay,1994,0.03505,1469,810,0.1198,26,2.46,0.0,81,61,43,Our World in Data / UNAIDS,2026-09-30 02:09:07
4420,PRY,Paraguay,1995,0.05093,2135,810,0.1198,35,2.46,0.0,117,61,58,Our World in Data / UNAIDS,2026-09-30 02:09:07
4421,PRY,Paraguay,1996,0.07148,2996,810,0.1198,50,2.46,0.0,165,61,82,Our World in Data / UNAIDS,2026-09-30 02:09:07
4422,PRY,Paraguay,1997,0.0921,3860,810,0.1198,69,2.46,0.0,212,61,113,Our World in Data / UNAIDS,2026-09-30 02:09:07
4423,PRY,Paraguay,1998,0.11235,4709,810,0.1198,92,2.46,0.0,259,61,153,Our World in Data / UNAIDS,2026-09-30 02:09:07
4424,PRY,Paraguay,1999,0.13206,5535,810,0.1198,121,2.46,0.0,304,61,200,Our World in Data / UNAIDS,2026-09-30 02:09:07
4425,PRY,Paraguay,2000,0.15106,6332,810,0.1198,154,2.46,0.0,348,61,255,Our World in Data / UNAIDS,2026-09-30 02:09:07
4426,PRY,Paraguay,2001,0.16918,7091,870,0.1287,192,3.06,0.0,390,65,316,Our World in Data / UNAIDS,2026-09-30 02:09:07
4427,PRY,Paraguay,2002,0.18634,7810,920,0.1361,232,4.13,0.0,430,69,382,Our World in Data / UNAIDS,2026-09-30 02:09:07
4428,PRY,Paraguay,2003,0.20279,8500,960,0.142,274,5.03,0.0,468,72,453,Our World in Data / UNAIDS,2026-09-30 02:09:07
4429,PRY,Paraguay,2004,0.21832,9151,1000,0.1479,320,5.55,0.0,503,75,528,Our World in Data / UNAIDS,2026-09-30 02:09:07
4430,PRY,Paraguay,2005,0.23487,9845,1100,0.1627,304,5.55,7.0,541,82,502,Our World in Data / UNAIDS,2026-09-30 02:09:07
4431,PRY,Paraguay,2006,0.25292,10601,1100,0.1627,253,4.34,10.0,583,82,418,Our World in Data / UNAIDS,2026-09-30 02:09:07
4432,PRY,Paraguay,2007,0.27134,11373,1100,0.1627,239,3.66,12.0,626,82,394,Our World in Data / UNAIDS,2026-09-30 02:09:07
4433,PRY,Paraguay,2008,0.29048,12175,1100,0.1627,210,3.27,17.0,670,82,347,Our World in Data / UNAIDS,2026-09-30 02:09:07
4434,PRY,Paraguay,2009,0.31027,13005,1200,0.1775,183,2.57,21.0,715,90,302,Our World in Data / UNAIDS,2026-09-30 02:09:07
4435,PRY,Paraguay,2010,0.33008,13835,1200,0.1775,171,2.42,26.0,761,90,283,Our World in Data / UNAIDS,2026-09-30 02:09:07
4436,PRY,Paraguay,2011,0.34866,14614,1200,0.1775,201,2.57,26.0,804,90,331,Our World in Data / UNAIDS,2026-09-30 02:09:07
4437,PRY,Paraguay,2012,0.36499,15299,1200,0.1775,272,3.58,27.0,841,90,449,Our World in Data / UNAIDS,2026-09-30 02:09:07
4438,PRY,Paraguay,2013,0.37987,15922,1300,0.1923,319,4.23,30.0,876,98,526,Our World in Data / UNAIDS,2026-09-30 02:09:07
4439,PRY,Paraguay,2014,0.39392,16511,1300,0.1923,336,4.55,33.0,908,98,555,Our World in Data / UNAIDS,2026-09-30 02:09:07
4440,PRY,Paraguay,2015,0.40731,17072,1300,0.1923,359,4.79,35.0,939,98,593,Our World in Data / UNAIDS,2026-09-30 02:09:07
4441,PRY,Paraguay,2016,0.42015,17611,1300,0.1923,373,4.82,39.0,969,98,615,Our World in Data / UNAIDS,2026-09-30 02:09:07
4442,PRY,Paraguay,2017,0.43291,18145,1300,0.1923,353,4.9,45.0,998,98,583,Our World in Data / UNAIDS,2026-09-30 02:09:07
4443,PRY,Paraguay,2018,0.44513,18658,1300,0.1923,344,4.49,47.0,1026,98,568,Our World in Data / UNAIDS,2026-09-30 02:09:07
4444,PRY,Paraguay,2019,0.45605,19115,1300,0.1923,351,4.74,50.0,1051,98,580,Our World in Data / UNAIDS,2026-09-30 02:09:07
4445,PRY,Paraguay,2020,0.46545,19509,1300,0.1923,366,4.88,49.0,1073,98,604,Our World in Data / UNAIDS,2026-09-30 02:09:07
4446,PRY,Paraguay,2021,0.47322,19835,1300,0.1923,371,4.82,52.0,1091,98,613,Our World in Data / UNAIDS,2026-09-30 02:09:07
4447,PRY,Paraguay,2022,0.48046,20138,1300,0.1923,350,4.82,56.0,1108,98,577,Our World in Data / UNAIDS,2026-09-30 02:09:07
4448,PSE,Palestine,1990,0.01903,595,1700,0.3371,2,4.42,0.0,33,128,4,Our World in Data / UNAIDS,2026-09-30 02:09:07
4449,PSE,Palestine,1991,0.02372,742,1700,0.3371,3,4.42,0.0,41,128,5,Our World in Data / UNAIDS,2026-09-30 02:09:07
4450,PSE,Palestine,1992,0.02977,931,1700,0.3371,4,4.42,0.0,51,128,6,Our World in Data / UNAIDS,2026-09-30 02:09:07
4451,PSE,Palestine,1993,0.03718,1163,1700,0.3371,4,4.42,0.0,64,128,7,Our World in Data / UNAIDS,2026-09-30 02:09:07
4452,PSE,Palestine,1994,0.04657,1456,1700,0.3371,6,4.42,0.0,80,128,9,Our World in Data / UNAIDS,2026-09-30 02:09:07
4453,PSE,Palestine,1995,0.0582,1820,1700,0.3371,7,4.42,0.0,100,128,12,Our World in Data / UNAIDS,2026-09-30 02:09:07
4454,PSE,Palestine,1996,0.07269,2273,1700,0.3371,9,4.42,0.0,125,128,15,Our World in Data / UNAIDS,2026-09-30 02:09:07
4455,PSE,Palestine,1997,0.09101,2846,1700,0.3371,12,4.42,0.0,157,128,19,Our World in Data / UNAIDS,2026-09-30 02:09:07
4456,PSE,Palestine,1998,0.11356,3551,1700,0.3371,15,4.42,0.0,195,128,24,Our World in Data / UNAIDS,2026-09-30 02:09:07
4457,PSE,Palestine,1999,0.14192,4438,1700,0.3371,18,4.42,0.0,244,128,30,Our World in Data / UNAIDS,2026-09-30 02:09:07
4458,PSE,Palestine,2000,0.17628,5512,1650,0.3271,23,1.795,0.0,303,124,38,Our World in Data / UNAIDS,2026-09-30 02:09:07
4459,PSE,Palestine,2001,0.21668,6776,1700,0.3371,29,1.805,0.0,373,128,48,Our World in Data / UNAIDS,2026-09-30 02:09:07
4460,PSE,Palestine,2002,0.26279,8218,1700,0.3371,36,1.925,0.0,452,128,60,Our World in Data / UNAIDS,2026-09-30 02:09:07
4461,PSE,Palestine,2003,0.31688,9909,1700,0.3371,44,2.29,1.5,545,128,73,Our World in Data / UNAIDS,2026-09-30 02:09:07
4462,PSE,Palestine,2004,0.37792,11818,1550,0.3073,52,2.395,3.0,650,116,86,Our World in Data / UNAIDS,2026-09-30 02:09:07
4463,PSE,Palestine,2005,0.44541,13928,1500,0.2974,59,2.535,6.5,766,112,97,Our World in Data / UNAIDS,2026-09-30 02:09:07
4464,PSE,Palestine,2006,0.51657,16153,1450,0.2875,69,2.94,9.5,888,109,114,Our World in Data / UNAIDS,2026-09-30 02:09:07
4465,PSE,Palestine,2007,0.58955,18435,1300,0.2578,71,3.1,13.0,1014,98,116,Our World in Data / UNAIDS,2026-09-30 02:09:07
4466,PSE,Palestine,2008,0.66128,20678,1250,0.2478,68,3.05,17.0,1137,94,112,Our World in Data / UNAIDS,2026-09-30 02:09:07
4467,PSE,Palestine,2009,0.7316,22877,1300,0.2578,71,3.17,21.0,1258,98,116,Our World in Data / UNAIDS,2026-09-30 02:09:07
4468,PSE,Palestine,2010,0.79868,24975,1300,0.2578,76,3.145,24.9444,1374,98,126,Our World in Data / UNAIDS,2026-09-30 02:09:07
4469,PSE,Palestine,2011,0.86224,26963,1250,0.2478,82,3.565,28.0,1483,94,135,Our World in Data / UNAIDS,2026-09-30 02:09:07
4470,PSE,Palestine,2012,0.91956,28755,1250,0.2478,87,3.61,31.0,1582,94,143,Our World in Data / UNAIDS,2026-09-30 02:09:07
4471,PSE,Palestine,2013,0.97243,30408,1300,0.2578,85,3.605,35.0,1672,98,140,Our World in Data / UNAIDS,2026-09-30 02:09:07
4472,PSE,Palestine,2014,1.01895,31863,1200,0.2379,84,3.595,37.0,1752,90,139,Our World in Data / UNAIDS,2026-09-30 02:09:07
4473,PSE,Palestine,2015,1.06112,33182,1250,0.2478,81,3.57,41.0,1825,94,134,Our World in Data / UNAIDS,2026-09-30 02:09:07
4474,PSE,Palestine,2016,1.09799,34335,1200,0.2379,80,3.525,45.5,1888,90,132,Our World in Data / UNAIDS,2026-09-30 02:09:07
4475,PSE,Palestine,2017,1.13008,35338,1200,0.2379,78,3.345,50.5,1944,90,129,Our World in Data / UNAIDS,2026-09-30 02:09:07
4476,PSE,Palestine,2018,1.1569,36177,1200,0.2379,73,3.3,54.0,1990,90,121,Our World in Data / UNAIDS,2026-09-30 02:09:07
4477,PSE,Palestine,2019,1.17872,36859,1200,0.2379,67,3.015,59.0,2027,90,110,Our World in Data / UNAIDS,2026-09-30 02:09:07
4478,PSE,Palestine,2020,1.19583,37394,1250,0.2478,66,2.855,61.5,2057,94,109,Our World in Data / UNAIDS,2026-09-30 02:09:07
4479,PSE,Palestine,2021,1.20863,37794,1300,0.2578,69,2.8,64.5,2079,98,114,Our World in Data / UNAIDS,2026-09-30 02:09:07
4480,PSE,Palestine,2022,1.2176,38075,1200,0.2379,70,3.81,67.0,2094,90,116,Our World in Data / UNAIDS,2026-09-30 02:09:07
4481,QAT,Qatar,1990,0.00044,10,100,0.0376,0,0.08,0.0,1,8,0,Our World in Data / UNAIDS,2026-09-30 02:09:07
4482,QAT,Qatar,1991,0.00064,11,100,0.0376,0,0.08,0.0,1,8,0,Our World in Data / UNAIDS,2026-09-30 02:09:07
4483,QAT,Qatar,1992,0.00092,15,100,0.0376,0,0.08,0.0,1,8,0,Our World in Data / UNAIDS,2026-09-30 02:09:07
4484,QAT,Qatar,1993,0.00131,22,100,0.0376,0,0.08,0.0,1,8,0,Our World in Data / UNAIDS,2026-09-30 02:09:07
4485,QAT,Qatar,1994,0.00186,31,100,0.0376,0,0.08,0.0,2,8,0,Our World in Data / UNAIDS,2026-09-30 02:09:07
4486,QAT,Qatar,1995,0.00261,43,100,0.0376,0,0.08,0.0,2,8,0,Our World in Data / UNAIDS,2026-09-30 02:09:07
4487,QAT,Qatar,1996,0.00366,60,100,0.0376,0,0.08,0.0,3,8,1,Our World in Data / UNAIDS,2026-09-30 02:09:07
4488,QAT,Qatar,1997,0.00498,82,100,0.0376,1,0.08,0.0,5,8,1,Our World in Data / UNAIDS,2026-09-30 02:09:07
4489,QAT,Qatar,1998,0.00675,111,100,0.0376,1,0.08,0.0,6,8,1,Our World in Data / UNAIDS,2026-09-30 02:09:07
4490,QAT,Qatar,1999,0.00787,130,100,0.0376,1,0.08,0.0,7,8,2,Our World in Data / UNAIDS,2026-09-30 02:09:07
4491,QAT,Qatar,2000,0.00741,122,100,0.0376,2,0.08,0.0,7,8,3,Our World in Data / UNAIDS,2026-09-30 02:09:07
4492,QAT,Qatar,2001,0.00694,114,100,0.0376,2,0.09,0.0,6,8,3,Our World in Data / UNAIDS,2026-09-30 02:09:07
4493,QAT,Qatar,2002,0.00647,107,100,0.0376,2,0.1,0.0,6,8,4,Our World in Data / UNAIDS,2026-09-30 02:09:07
4494,QAT,Qatar,2003,0.00603,99,100,0.0376,3,0.12,0.0,5,8,4,Our World in Data / UNAIDS,2026-09-30 02:09:07
4495,QAT,Qatar,2004,0.00555,91,100,0.0376,3,0.13,0.0,5,8,5,Our World in Data / UNAIDS,2026-09-30 02:09:07
4496,QAT,Qatar,2005,0.00508,84,100,0.0376,3,0.14,0.0,5,8,5,Our World in Data / UNAIDS,2026-09-30 02:09:07
4497,QAT,Qatar,2006,0.00448,74,100,0.0376,3,0.15,0.0,4,8,5,Our World in Data / UNAIDS,2026-09-30 02:09:07
4498,QAT,Qatar,2007,0.00409,67,100,0.0376,4,0.18,6.2222,4,8,6,Our World in Data / UNAIDS,2026-09-30 02:09:07
4499,QAT,Qatar,2008,0.00402,66,100,0.0376,4,0.2,12.4444,4,8,7,Our World in Data / UNAIDS,2026-09-30 02:09:07
4500,QAT,Qatar,2009,0.00419,69,100,0.0376,5,0.23,18.6667,4,8,7,Our World in Data / UNAIDS,2026-09-30 02:09:07
4501,QAT,Qatar,2010,0.00436,72,100,0.0376,5,0.24,24.8889,4,8,8,Our World in Data / UNAIDS,2026-09-30 02:09:07
4502,QAT,Qatar,2011,0.00467,77,100,0.0376,4,0.23,31.1111,4,8,7,Our World in Data / UNAIDS,2026-09-30 02:09:07
4503,QAT,Qatar,2012,0.00522,86,100,0.0376,4,0.23,37.3333,5,8,6,Our World in Data / UNAIDS,2026-09-30 02:09:07
4504,QAT,Qatar,2013,0.006,99,100,0.0376,4,0.23,43.5556,5,8,6,Our World in Data / UNAIDS,2026-09-30 02:09:07
4505,QAT,Qatar,2014,0.00702,116,100,0.0376,4,0.23,49.7778,6,8,6,Our World in Data / UNAIDS,2026-09-30 02:09:07
4506,QAT,Qatar,2015,0.00834,137,100,0.0376,4,0.22,56.0,8,8,6,Our World in Data / UNAIDS,2026-09-30 02:09:07
4507,QAT,Qatar,2016,0.00997,164,100,0.0376,3,0.24,48.0,9,8,5,Our World in Data / UNAIDS,2026-09-30 02:09:07
4508,QAT,Qatar,2017,0.01195,197,100,0.0376,3,0.33,44.0,11,8,5,Our World in Data / UNAIDS,2026-09-30 02:09:07
4509,QAT,Qatar,2018,0.01432,236,100,0.0376,4,0.38,44.0,13,8,7,Our World in Data / UNAIDS,2026-09-30 02:09:07
4510,QAT,Qatar,2019,0.01709,282,100,0.0376,5,0.39,44.0,16,8,8,Our World in Data / UNAIDS,2026-09-30 02:09:07
4511,QAT,Qatar,2020,0.02023,333,100,0.0376,5,0.42,46.0,18,8,9,Our World in Data / UNAIDS,2026-09-30 02:09:07
4512,QAT,Qatar,2021,0.0239,394,100,0.0376,6,0.44,49.0,22,8,10,Our World in Data / UNAIDS,2026-09-30 02:09:07
4513,QAT,Qatar,2022,0.02822,465,200,0.0753,7,0.44,46.0,26,15,11,Our World in Data / UNAIDS,2026-09-30 02:09:07
4514,ROU,Romania,1990,0.00985,1163,700,0.0367,65,2.2,32.0,64,52,107,Our World in Data / UNAIDS,2026-09-30 02:09:07
4515,ROU,Romania,1991,0.01551,1832,700,0.0367,279,2.2,32.0,101,52,461,Our World in Data / UNAIDS,2026-09-30 02:09:07
4516,ROU,Romania,1992,0.02213,2614,700,0.0367,466,2.2,32.0,144,52,769,Our World in Data / UNAIDS,2026-09-30 02:09:07
4517,ROU,Romania,1993,0.02894,3418,700,0.0367,554,2.2,32.0,188,52,914,Our World in Data / UNAIDS,2026-09-30 02:09:07
4518,ROU,Romania,1994,0.03527,4165,700,0.0367,592,2.2,32.0,229,52,976,Our World in Data / UNAIDS,2026-09-30 02:09:07
4519,ROU,Romania,1995,0.04072,4809,700,0.0367,636,2.2,32.0,264,52,1050,Our World in Data / UNAIDS,2026-09-30 02:09:07
4520,ROU,Romania,1996,0.04523,5342,700,0.0367,608,2.2,32.0,294,52,1003,Our World in Data / UNAIDS,2026-09-30 02:09:07
4521,ROU,Romania,1997,0.04893,5779,700,0.0367,596,2.2,32.0,318,52,984,Our World in Data / UNAIDS,2026-09-30 02:09:07
4522,ROU,Romania,1998,0.05234,6181,700,0.0367,554,2.2,32.0,340,52,914,Our World in Data / UNAIDS,2026-09-30 02:09:07
4523,ROU,Romania,1999,0.05541,6544,700,0.0367,492,2.2,32.0,360,52,813,Our World in Data / UNAIDS,2026-09-30 02:09:07
4524,ROU,Romania,2000,0.05849,6908,700,0.0367,494,2.2,32.0,380,52,815,Our World in Data / UNAIDS,2026-09-30 02:09:07
4525,ROU,Romania,2001,0.06318,7462,680,0.0357,363,2.25,38.0,410,51,599,Our World in Data / UNAIDS,2026-09-30 02:09:07
4526,ROU,Romania,2002,0.06993,8259,680,0.0357,332,1.68,43.0,454,51,548,Our World in Data / UNAIDS,2026-09-30 02:09:07
4527,ROU,Romania,2003,0.07831,9248,690,0.0362,293,1.22,44.0,509,52,484,Our World in Data / UNAIDS,2026-09-30 02:09:07
4528,ROU,Romania,2004,0.08756,10341,710,0.0373,264,1.16,46.0,569,53,435,Our World in Data / UNAIDS,2026-09-30 02:09:07
4529,ROU,Romania,2005,0.09714,11472,620,0.0325,251,1.08,48.0,631,46,414,Our World in Data / UNAIDS,2026-09-30 02:09:07
4530,ROU,Romania,2006,0.10538,12445,620,0.0325,245,0.96,49.0,684,46,404,Our World in Data / UNAIDS,2026-09-30 02:09:07
4531,ROU,Romania,2007,0.11188,13213,620,0.0325,251,0.79,48.0,727,46,415,Our World in Data / UNAIDS,2026-09-30 02:09:07
4532,ROU,Romania,2008,0.11673,13786,620,0.0325,271,0.72,49.0,758,46,447,Our World in Data / UNAIDS,2026-09-30 02:09:07
4533,ROU,Romania,2009,0.12049,14230,620,0.0325,276,0.62,50.0,783,46,456,Our World in Data / UNAIDS,2026-09-30 02:09:07
4534,ROU,Romania,2010,0.12366,14604,620,0.0325,272,0.64,52.0,803,46,449,Our World in Data / UNAIDS,2026-09-30 02:09:07
4535,ROU,Romania,2011,0.12651,14941,610,0.032,275,0.95,53.0,822,46,454,Our World in Data / UNAIDS,2026-09-30 02:09:07
4536,ROU,Romania,2012,0.12906,15242,610,0.032,280,0.98,54.0,838,46,462,Our World in Data / UNAIDS,2026-09-30 02:09:07
4537,ROU,Romania,2013,0.13182,15568,630,0.0331,272,0.91,59.0,856,47,449,Our World in Data / UNAIDS,2026-09-30 02:09:07
4538,ROU,Romania,2014,0.13486,15927,650,0.0341,252,1.22,62.0,876,49,416,Our World in Data / UNAIDS,2026-09-30 02:09:07
4539,ROU,Romania,2015,0.13811,16311,640,0.0336,220,1.09,67.0,897,48,363,Our World in Data / UNAIDS,2026-09-30 02:09:07
4540,ROU,Romania,2016,0.14179,16746,610,0.032,198,1.32,68.0,921,46,327,Our World in Data / UNAIDS,2026-09-30 02:09:07
4541,ROU,Romania,2017,0.14579,17218,590,0.031,196,1.13,71.0,947,44,324,Our World in Data / UNAIDS,2026-09-30 02:09:07
4542,ROU,Romania,2018,0.14862,17552,560,0.0294,182,1.07,73.0,965,42,301,Our World in Data / UNAIDS,2026-09-30 02:09:07
4543,ROU,Romania,2019,0.15188,17937,530,0.0278,168,0.81,76.0,987,40,277,Our World in Data / UNAIDS,2026-09-30 02:09:07
4544,ROU,Romania,2020,0.15348,18126,500,0.0262,162,0.97,76.0,997,38,267,Our World in Data / UNAIDS,2026-09-30 02:09:07
4545,ROU,Romania,2021,0.15481,18283,500,0.0262,164,0.92,78.0,1006,38,270,Our World in Data / UNAIDS,2026-09-30 02:09:07
4546,ROU,Romania,2022,0.15544,18358,500,0.0262,155,0.92,79.0,1010,38,256,Our World in Data / UNAIDS,2026-09-30 02:09:07
4547,RUS,Russia,2000,0.24165,216100,1650,0.0114,389,5.9,0.0,11886,124,642,Our World in Data / UNAIDS,2026-09-30 02:09:07
4548,RUS,Russia,2001,0.25329,226509,1700,0.0118,363,6.27,0.0,12458,128,599,Our World in Data / UNAIDS,2026-09-30 02:09:07
4549,RUS,Russia,2002,0.27393,244963,1700,0.0118,349,6.79,0.0,13473,128,575,Our World in Data / UNAIDS,2026-09-30 02:09:07
4550,RUS,Russia,2003,0.30624,273856,1700,0.0118,386,7.42,1.5,15062,128,636,Our World in Data / UNAIDS,2026-09-30 02:09:07
4551,RUS,Russia,2004,0.31623,282790,1550,0.0107,445,8.13,3.0,15553,116,735,Our World in Data / UNAIDS,2026-09-30 02:09:07
4552,RUS,Russia,2005,0.31956,285768,1500,0.0104,400,8.97,6.5,15717,112,660,Our World in Data / UNAIDS,2026-09-30 02:09:07
4553,RUS,Russia,2006,0.32438,290079,1450,0.0101,432,8.68,9.5,15954,109,712,Our World in Data / UNAIDS,2026-09-30 02:09:07
4554,RUS,Russia,2007,0.3304,295462,1300,0.009,566,7.42,13.0,16250,98,934,Our World in Data / UNAIDS,2026-09-30 02:09:07
4555,RUS,Russia,2008,0.33243,297282,1250,0.0087,534,6.98,17.0,16351,94,880,Our World in Data / UNAIDS,2026-09-30 02:09:07
4556,RUS,Russia,2009,0.32959,294738,1300,0.009,470,7.77,21.0,16211,98,776,Our World in Data / UNAIDS,2026-09-30 02:09:07
4557,RUS,Russia,2010,0.33193,296830,1300,0.009,452,9.45,24.9444,16326,98,746,Our World in Data / UNAIDS,2026-09-30 02:09:07
4558,RUS,Russia,2011,0.34874,311867,1250,0.0087,468,11.14,28.0,17153,94,772,Our World in Data / UNAIDS,2026-09-30 02:09:07
4559,RUS,Russia,2012,0.36233,324016,1250,0.0087,487,12.68,31.0,17821,94,803,Our World in Data / UNAIDS,2026-09-30 02:09:07
4560,RUS,Russia,2013,0.36732,328483,1300,0.009,517,14.08,35.0,18067,98,853,Our World in Data / UNAIDS,2026-09-30 02:09:07
4561,RUS,Russia,2014,0.36172,323471,1200,0.0083,449,14.86,37.0,17791,90,741,Our World in Data / UNAIDS,2026-09-30 02:09:07
4562,RUS,Russia,2015,0.36479,326220,1250,0.0087,430,15.3,41.0,17942,94,709,Our World in Data / UNAIDS,2026-09-30 02:09:07
4563,RUS,Russia,2016,0.37443,334841,1200,0.0083,442,14.95,45.5,18416,90,730,Our World in Data / UNAIDS,2026-09-30 02:09:07
4564,RUS,Russia,2017,0.36894,329927,1200,0.0083,424,15.23,50.5,18146,90,699,Our World in Data / UNAIDS,2026-09-30 02:09:07
4565,RUS,Russia,2018,0.36413,325626,1200,0.0083,381,17.07,54.0,17909,90,629,Our World in Data / UNAIDS,2026-09-30 02:09:07
4566,RUS,Russia,2019,0.37023,331081,1200,0.0083,357,18.98,59.0,18209,90,589,Our World in Data / UNAIDS,2026-09-30 02:09:07
4567,RUS,Russia,2020,0.39803,355946,1250,0.0087,369,20.33,61.5,19577,94,609,Our World in Data / UNAIDS,2026-09-30 02:09:07
4568,RUS,Russia,2021,0.40203,359518,1300,0.009,371,21.49,64.5,19773,98,613,Our World in Data / UNAIDS,2026-09-30 02:09:07
4569,RWA,Rwanda,1990,2.66866,225866,25000,1.8314,4400,203.69,0.0,12423,1875,7260,Our World in Data / UNAIDS,2026-09-30 02:09:07
4570,RWA,Rwanda,1991,3.22018,272544,25000,1.8314,5641,203.69,0.0,14990,1875,9307,Our World in Data / UNAIDS,2026-09-30 02:09:07
4571,RWA,Rwanda,1992,3.74809,317225,25000,1.8314,7025,203.69,0.0,17447,1875,11591,Our World in Data / UNAIDS,2026-09-30 02:09:07
4572,RWA,Rwanda,1993,4.19139,354744,25000,1.8314,8566,203.69,0.0,19511,1875,14134,Our World in Data / UNAIDS,2026-09-30 02:09:07
4573,RWA,Rwanda,1994,4.42427,374454,25000,1.8314,8936,203.69,0.0,20595,1875,14745,Our World in Data / UNAIDS,2026-09-30 02:09:07
4574,RWA,Rwanda,1995,4.71943,399435,25000,1.8314,7292,203.69,0.0,21969,1875,12032,Our World in Data / UNAIDS,2026-09-30 02:09:07
4575,RWA,Rwanda,1996,4.87058,412228,25000,1.8314,8954,203.69,0.0,22673,1875,14775,Our World in Data / UNAIDS,2026-09-30 02:09:07
4576,RWA,Rwanda,1997,4.90458,415106,25000,1.8314,12258,203.69,0.0,22831,1875,20226,Our World in Data / UNAIDS,2026-09-30 02:09:07
4577,RWA,Rwanda,1998,4.95732,419570,25000,1.8314,14285,203.69,0.0,23076,1875,23570,Our World in Data / UNAIDS,2026-09-30 02:09:07
4578,RWA,Rwanda,1999,4.93154,417388,25000,1.8314,15589,203.69,0.0,22956,1875,25721,Our World in Data / UNAIDS,2026-09-30 02:09:07
4579,RWA,Rwanda,2000,4.85855,411210,25000,1.8314,16754,203.69,0.0,22617,1875,27645,Our World in Data / UNAIDS,2026-09-30 02:09:07
4580,RWA,Rwanda,2001,4.7667,403436,25000,1.8314,17773,210.93,0.0,22189,1875,29325,Our World in Data / UNAIDS,2026-09-30 02:09:07
4581,RWA,Rwanda,2002,4.61324,390448,22000,1.6116,18611,215.27,0.0,21475,1650,30709,Our World in Data / UNAIDS,2026-09-30 02:09:07
4582,RWA,Rwanda,2003,4.39043,371590,19000,1.3918,19263,216.93,0.0,20437,1425,31784,Our World in Data / UNAIDS,2026-09-30 02:09:07
4583,RWA,Rwanda,2004,4.20773,356127,18000,1.3186,18547,203.05,2.0,19587,1350,30602,Our World in Data / UNAIDS,2026-09-30 02:09:07
4584,RWA,Rwanda,2005,4.06669,344190,17000,1.2453,15995,168.57,8.0,18930,1275,26391,Our World in Data / UNAIDS,2026-09-30 02:09:07
4585,RWA,Rwanda,2006,3.96839,335870,16000,1.1721,13067,132.3,14.0,18473,1200,21560,Our World in Data / UNAIDS,2026-09-30 02:09:07
4586,RWA,Rwanda,2007,3.8881,329075,14000,1.0256,11058,108.02,19.0,18099,1050,18245,Our World in Data / UNAIDS,2026-09-30 02:09:07
4587,RWA,Rwanda,2008,3.81699,323056,13000,0.9523,9620,90.87,26.0,17768,975,15872,Our World in Data / UNAIDS,2026-09-30 02:09:07
4588,RWA,Rwanda,2009,3.74238,316742,12000,0.8791,8462,77.52,32.0,17421,900,13962,Our World in Data / UNAIDS,2026-09-30 02:09:07
4589,RWA,Rwanda,2010,3.6702,310632,11000,0.8058,7592,67.18,37.0,17085,825,12527,Our World in Data / UNAIDS,2026-09-30 02:09:07
4590,RWA,Rwanda,2011,3.59065,303900,9700,0.7106,6700,57.71,41.0,16714,728,11056,Our World in Data / UNAIDS,2026-09-30 02:09:07
4591,RWA,Rwanda,2012,3.51061,297125,9400,0.6886,5978,50.82,47.0,16342,705,9864,Our World in Data / UNAIDS,2026-09-30 02:09:07
4592,RWA,Rwanda,2013,3.43845,291018,9100,0.6666,5380,44.01,52.0,16006,682,8878,Our World in Data / UNAIDS,2026-09-30 02:09:07
4593,RWA,Rwanda,2014,3.34506,283114,7500,0.5494,4936,39.26,58.0,15571,562,8145,Our World in Data / UNAIDS,2026-09-30 02:09:07
4594,RWA,Rwanda,2015,3.24488,274635,6900,0.5055,4523,35.61,64.0,15105,518,7462,Our World in Data / UNAIDS,2026-09-30 02:09:07
4595,RWA,Rwanda,2016,3.12774,264721,5800,0.4249,4235,32.25,71.0,14560,435,6988,Our World in Data / UNAIDS,2026-09-30 02:09:07
4596,RWA,Rwanda,2017,2.99749,253697,4900,0.3589,3836,28.44,74.0,13953,368,6330,Our World in Data / UNAIDS,2026-09-30 02:09:07
4597,RWA,Rwanda,2018,2.86343,242350,4500,0.3296,3598,25.79,77.0,13329,338,5936,Our World in Data / UNAIDS,2026-09-30 02:09:07
4598,RWA,Rwanda,2019,2.72236,230411,3700,0.271,3498,24.24,80.0,12673,278,5772,Our World in Data / UNAIDS,2026-09-30 02:09:07
4599,RWA,Rwanda,2020,2.57816,218206,3200,0.2344,3339,21.79,84.0,12001,240,5510,Our World in Data / UNAIDS,2026-09-30 02:09:07
4600,RWA,Rwanda,2021,2.43558,206139,3400,0.2491,3172,20.3,87.0,11338,255,5234,Our World in Data / UNAIDS,2026-09-30 02:09:07
4601,RWA,Rwanda,2022,2.29349,194113,3100,0.2271,3022,20.3,89.0,10676,232,4986,Our World in Data / UNAIDS,2026-09-30 02:09:07
4602,SAU,Saudi Arabia,1990,0.04024,8027,540,0.0168,114,1.51,15.0,441,40,188,Our World in Data / UNAIDS,2026-09-30 02:09:07
4603,SAU,Saudi Arabia,1991,0.04598,9172,540,0.0168,137,1.51,15.0,504,40,226,Our World in Data / UNAIDS,2026-09-30 02:09:07
4604,SAU,Saudi Arabia,1992,0.05196,10365,540,0.0168,164,1.51,15.0,570,40,270,Our World in Data / UNAIDS,2026-09-30 02:09:07
4605,SAU,Saudi Arabia,1993,0.05798,11566,540,0.0168,193,1.51,15.0,636,40,318,Our World in Data / UNAIDS,2026-09-30 02:09:07
4606,SAU,Saudi Arabia,1994,0.06375,12717,540,0.0168,227,1.51,15.0,699,40,374,Our World in Data / UNAIDS,2026-09-30 02:09:07
4607,SAU,Saudi Arabia,1995,0.06941,13846,540,0.0168,232,1.51,15.0,762,40,382,Our World in Data / UNAIDS,2026-09-30 02:09:07
4608,SAU,Saudi Arabia,1996,0.07475,14912,540,0.0168,221,1.51,15.0,820,40,364,Our World in Data / UNAIDS,2026-09-30 02:09:07
4609,SAU,Saudi Arabia,1997,0.07917,15793,540,0.0168,230,1.51,15.0,869,40,379,Our World in Data / UNAIDS,2026-09-30 02:09:07
4610,SAU,Saudi Arabia,1998,0.08225,16408,540,0.0168,247,1.51,15.0,902,40,407,Our World in Data / UNAIDS,2026-09-30 02:09:07
4611,SAU,Saudi Arabia,1999,0.08371,16699,540,0.0168,270,1.51,15.0,918,40,445,Our World in Data / UNAIDS,2026-09-30 02:09:07
4612,SAU,Saudi Arabia,2000,0.08247,16452,540,0.0168,296,1.51,15.0,905,40,488,Our World in Data / UNAIDS,2026-09-30 02:09:07
4613,SAU,Saudi Arabia,2001,0.07965,15889,500,0.0155,318,1.59,17.0,874,38,525,Our World in Data / UNAIDS,2026-09-30 02:09:07
4614,SAU,Saudi Arabia,2002,0.07557,15075,500,0.0155,335,1.61,19.0,829,38,553,Our World in Data / UNAIDS,2026-09-30 02:09:07
4615,SAU,Saudi Arabia,2003,0.07066,14096,500,0.0155,350,1.62,22.0,775,38,577,Our World in Data / UNAIDS,2026-09-30 02:09:07
4616,SAU,Saudi Arabia,2004,0.06541,13048,200,0.0062,361,1.62,24.0,718,15,596,Our World in Data / UNAIDS,2026-09-30 02:09:07
4617,SAU,Saudi Arabia,2005,0.06019,12007,100,0.0031,371,1.6,27.0,660,8,612,Our World in Data / UNAIDS,2026-09-30 02:09:07
4618,SAU,Saudi Arabia,2006,0.05525,11022,100,0.0031,379,1.56,30.0,606,8,625,Our World in Data / UNAIDS,2026-09-30 02:09:07
4619,SAU,Saudi Arabia,2007,0.05074,10122,100,0.0031,383,1.51,33.0,557,8,631,Our World in Data / UNAIDS,2026-09-30 02:09:07
4620,SAU,Saudi Arabia,2008,0.04671,9318,100,0.0031,381,1.44,36.0,512,8,629,Our World in Data / UNAIDS,2026-09-30 02:09:07
4621,SAU,Saudi Arabia,2009,0.04312,8602,100,0.0031,384,1.37,38.0,473,8,634,Our World in Data / UNAIDS,2026-09-30 02:09:07
4622,SAU,Saudi Arabia,2010,0.03987,7954,100,0.0031,402,1.36,39.0,437,8,663,Our World in Data / UNAIDS,2026-09-30 02:09:07
4623,SAU,Saudi Arabia,2011,0.03692,7365,200,0.0062,426,1.35,40.0,405,15,704,Our World in Data / UNAIDS,2026-09-30 02:09:07
4624,SAU,Saudi Arabia,2012,0.03426,6834,200,0.0062,449,1.31,41.0,376,15,740,Our World in Data / UNAIDS,2026-09-30 02:09:07
4625,SAU,Saudi Arabia,2013,0.03194,6372,200,0.0062,455,1.27,43.0,350,15,751,Our World in Data / UNAIDS,2026-09-30 02:09:07
4626,SAU,Saudi Arabia,2014,0.03018,6020,500,0.0155,416,1.1,49.0,331,38,686,Our World in Data / UNAIDS,2026-09-30 02:09:07
4627,SAU,Saudi Arabia,2015,0.02916,5817,500,0.0155,330,0.82,58.0,320,38,545,Our World in Data / UNAIDS,2026-09-30 02:09:07
4628,SAU,Saudi Arabia,2016,0.0286,5705,500,0.0155,248,0.55,69.0,314,38,410,Our World in Data / UNAIDS,2026-09-30 02:09:07
4629,SAU,Saudi Arabia,2017,0.02973,5931,500,0.0155,186,0.41,74.0,326,38,307,Our World in Data / UNAIDS,2026-09-30 02:09:07
4630,SAU,Saudi Arabia,2018,0.03136,6256,500,0.0155,157,0.34,79.0,344,38,259,Our World in Data / UNAIDS,2026-09-30 02:09:07
4631,SAU,Saudi Arabia,2019,0.03187,6358,580,0.018,149,0.3,87.0,350,44,245,Our World in Data / UNAIDS,2026-09-30 02:09:07
4632,SAU,Saudi Arabia,2020,0.03347,6677,720,0.0224,132,0.28,88.0,367,54,218,Our World in Data / UNAIDS,2026-09-30 02:09:07
4633,SAU,Saudi Arabia,2021,0.0357,7122,880,0.0274,122,0.27,88.0,392,66,201,Our World in Data / UNAIDS,2026-09-30 02:09:07
4634,SAU,Saudi Arabia,2022,0.03739,7459,1100,0.0342,126,0.27,90.0,410,82,208,Our World in Data / UNAIDS,2026-09-30 02:09:07
4635,SDN,Sudan,1990,0.04974,15229,2500,0.0506,282,5.03,0.0,838,188,465,Our World in Data / UNAIDS,2026-09-30 02:09:07
4636,SDN,Sudan,1991,0.05781,17700,2500,0.0506,344,5.03,0.0,974,188,567,Our World in Data / UNAIDS,2026-09-30 02:09:07
4637,SDN,Sudan,1992,0.06693,20492,2500,0.0506,414,5.03,0.0,1127,188,684,Our World in Data / UNAIDS,2026-09-30 02:09:07
4638,SDN,Sudan,1993,0.07529,23052,2500,0.0506,491,5.03,0.0,1268,188,810,Our World in Data / UNAIDS,2026-09-30 02:09:07
4639,SDN,Sudan,1994,0.08259,25287,2500,0.0506,574,5.03,0.0,1391,188,948,Our World in Data / UNAIDS,2026-09-30 02:09:07
4640,SDN,Sudan,1995,0.08956,27421,2500,0.0506,664,5.03,0.0,1508,188,1096,Our World in Data / UNAIDS,2026-09-30 02:09:07
4641,SDN,Sudan,1996,0.09518,29142,2500,0.0506,757,5.03,0.0,1603,188,1249,Our World in Data / UNAIDS,2026-09-30 02:09:07
4642,SDN,Sudan,1997,0.10058,30795,2500,0.0506,848,5.03,0.0,1694,188,1400,Our World in Data / UNAIDS,2026-09-30 02:09:07
4643,SDN,Sudan,1998,0.10581,32397,2500,0.0506,948,5.03,0.0,1782,188,1563,Our World in Data / UNAIDS,2026-09-30 02:09:07
4644,SDN,Sudan,1999,0.11082,33931,2500,0.0506,1050,5.03,0.0,1866,188,1733,Our World in Data / UNAIDS,2026-09-30 02:09:07
4645,SDN,Sudan,2000,0.11518,35265,2500,0.0506,1154,5.03,0.0,1940,188,1904,Our World in Data / UNAIDS,2026-09-30 02:09:07
4646,SDN,Sudan,2001,0.11839,36248,2500,0.0506,1256,5.33,0.0,1994,188,2072,Our World in Data / UNAIDS,2026-09-30 02:09:07
4647,SDN,Sudan,2002,0.12077,36977,2500,0.0506,1353,5.56,0.0,2034,188,2233,Our World in Data / UNAIDS,2026-09-30 02:09:07
4648,SDN,Sudan,2003,0.12277,37589,2600,0.0526,1445,5.73,0.0,2067,195,2384,Our World in Data / UNAIDS,2026-09-30 02:09:07
4649,SDN,Sudan,2004,0.1238,37905,2600,0.0526,1525,5.91,0.0,2085,195,2517,Our World in Data / UNAIDS,2026-09-30 02:09:07
4650,SDN,Sudan,2005,0.12468,38174,2600,0.0526,1543,6.05,0.0,2100,195,2547,Our World in Data / UNAIDS,2026-09-30 02:09:07
4651,SDN,Sudan,2006,0.1253,38364,2600,0.0526,1540,6.19,0.0,2110,195,2541,Our World in Data / UNAIDS,2026-09-30 02:09:07
4652,SDN,Sudan,2007,0.12615,38624,2600,0.0526,1540,6.3,0.0,2124,195,2540,Our World in Data / UNAIDS,2026-09-30 02:09:07
4653,SDN,Sudan,2008,0.12586,38535,2500,0.0506,1572,5.83,5.0,2119,188,2594,Our World in Data / UNAIDS,2026-09-30 02:09:07
4654,SDN,Sudan,2009,0.12718,38940,2800,0.0567,1532,5.08,8.0,2142,210,2527,Our World in Data / UNAIDS,2026-09-30 02:09:07
4655,SDN,Sudan,2010,0.12855,39359,2900,0.0587,1521,4.92,8.0,2165,218,2509,Our World in Data / UNAIDS,2026-09-30 02:09:07
4656,SDN,Sudan,2011,0.1299,39772,3000,0.0607,1629,5.12,9.0,2187,225,2688,Our World in Data / UNAIDS,2026-09-30 02:09:07
4657,SDN,Sudan,2012,0.13041,39929,3000,0.0607,1719,5.27,9.0,2196,225,2836,Our World in Data / UNAIDS,2026-09-30 02:09:07
4658,SDN,Sudan,2013,0.13111,40143,3100,0.0628,1781,5.28,12.0,2208,232,2938,Our World in Data / UNAIDS,2026-09-30 02:09:07
4659,SDN,Sudan,2014,0.13274,40642,3300,0.0668,1796,5.13,13.0,2235,248,2963,Our World in Data / UNAIDS,2026-09-30 02:09:07
4660,SDN,Sudan,2015,0.13441,41153,3500,0.0709,1866,5.07,14.0,2263,262,3078,Our World in Data / UNAIDS,2026-09-30 02:09:07
4661,SDN,Sudan,2016,0.13612,41677,3600,0.0729,1855,4.81,17.0,2292,270,3060,Our World in Data / UNAIDS,2026-09-30 02:09:07
4662,SDN,Sudan,2017,0.13803,42262,3500,0.0709,1780,4.34,22.0,2324,262,2937,Our World in Data / UNAIDS,2026-09-30 02:09:07
4663,SDN,Sudan,2018,0.13975,42788,3700,0.0749,1776,4.09,24.0,2353,278,2930,Our World in Data / UNAIDS,2026-09-30 02:09:07
4664,SDN,Sudan,2019,0.14179,43413,3800,0.0769,1792,3.9,27.0,2388,285,2957,Our World in Data / UNAIDS,2026-09-30 02:09:07
4665,SDN,Sudan,2020,0.1458,44641,4400,0.0891,1799,3.73,28.0,2455,330,2968,Our World in Data / UNAIDS,2026-09-30 02:09:07
4666,SDN,Sudan,2021,0.15074,46153,4900,0.0992,1926,3.84,25.0,2538,368,3178,Our World in Data / UNAIDS,2026-09-30 02:09:07
4667,SDN,Sudan,2022,0.15816,48425,5900,0.1195,2141,3.84,24.0,2663,442,3533,Our World in Data / UNAIDS,2026-09-30 02:09:07
4668,SEN,Senegal,1990,0.14768,16162,6600,0.3739,299,23.57,0.0,889,495,493,Our World in Data / UNAIDS,2026-09-30 02:09:07
4669,SEN,Senegal,1991,0.18092,19799,6600,0.3739,374,23.57,0.0,1089,495,618,Our World in Data / UNAIDS,2026-09-30 02:09:07
4670,SEN,Senegal,1992,0.22276,24378,6600,0.3739,471,23.57,0.0,1341,495,777,Our World in Data / UNAIDS,2026-09-30 02:09:07
4671,SEN,Senegal,1993,0.26909,29448,6600,0.3739,589,23.57,0.0,1620,495,972,Our World in Data / UNAIDS,2026-09-30 02:09:07
4672,SEN,Senegal,1994,0.31939,34953,6600,0.3739,730,23.57,0.0,1922,495,1205,Our World in Data / UNAIDS,2026-09-30 02:09:07
4673,SEN,Senegal,1995,0.37573,41119,6600,0.3739,898,23.57,0.0,2262,495,1482,Our World in Data / UNAIDS,2026-09-30 02:09:07
4674,SEN,Senegal,1996,0.43699,47823,6600,0.3739,1095,23.57,0.0,2630,495,1806,Our World in Data / UNAIDS,2026-09-30 02:09:07
4675,SEN,Senegal,1997,0.50439,55199,6600,0.3739,1323,23.57,0.0,3036,495,2183,Our World in Data / UNAIDS,2026-09-30 02:09:07
4676,SEN,Senegal,1998,0.57177,62573,6600,0.3739,1582,23.57,0.0,3442,495,2610,Our World in Data / UNAIDS,2026-09-30 02:09:07
4677,SEN,Senegal,1999,0.63461,69450,6600,0.3739,1869,23.57,0.0,3820,495,3083,Our World in Data / UNAIDS,2026-09-30 02:09:07
4678,SEN,Senegal,2000,0.68465,74926,6600,0.3739,2172,23.57,0.0,4121,495,3584,Our World in Data / UNAIDS,2026-09-30 02:09:07
4679,SEN,Senegal,2001,0.7126,77985,5900,0.3343,2449,26.01,0.0,4289,442,4041,Our World in Data / UNAIDS,2026-09-30 02:09:07
4680,SEN,Senegal,2002,0.71977,78769,5200,0.2946,2706,28.11,0.0,4332,390,4464,Our World in Data / UNAIDS,2026-09-30 02:09:07
4681,SEN,Senegal,2003,0.70925,77618,4500,0.2549,2964,30.11,0.0,4269,338,4891,Our World in Data / UNAIDS,2026-09-30 02:09:07
4682,SEN,Senegal,2004,0.68647,75125,3900,0.2209,3187,31.65,0.0,4132,292,5258,Our World in Data / UNAIDS,2026-09-30 02:09:07
4683,SEN,Senegal,2005,0.65496,71677,3500,0.1983,3359,32.68,0.0,3942,262,5543,Our World in Data / UNAIDS,2026-09-30 02:09:07
4684,SEN,Senegal,2006,0.62076,67934,3300,0.187,3479,33.15,1.0,3736,248,5740,Our World in Data / UNAIDS,2026-09-30 02:09:07
4685,SEN,Senegal,2007,0.5944,65049,2800,0.1586,2609,24.75,18.0,3578,210,4306,Our World in Data / UNAIDS,2026-09-30 02:09:07
4686,SEN,Senegal,2008,0.57391,62807,2300,0.1303,1858,17.64,21.0,3454,172,3065,Our World in Data / UNAIDS,2026-09-30 02:09:07
4687,SEN,Senegal,2009,0.55546,60788,2200,0.1246,1730,16.23,25.0,3343,165,2854,Our World in Data / UNAIDS,2026-09-30 02:09:07
4688,SEN,Senegal,2010,0.53607,58666,2200,0.1246,1722,15.89,28.0,3227,165,2841,Our World in Data / UNAIDS,2026-09-30 02:09:07
4689,SEN,Senegal,2011,0.51544,56408,2100,0.119,1754,15.87,31.0,3102,158,2895,Our World in Data / UNAIDS,2026-09-30 02:09:07
4690,SEN,Senegal,2012,0.49109,53743,1900,0.1076,1876,16.55,29.0,2956,142,3095,Our World in Data / UNAIDS,2026-09-30 02:09:07
4691,SEN,Senegal,2013,0.464,50779,1600,0.0906,1940,16.97,33.0,2793,120,3201,Our World in Data / UNAIDS,2026-09-30 02:09:07
4692,SEN,Senegal,2014,0.43762,47892,1600,0.0906,1866,15.66,40.0,2634,120,3079,Our World in Data / UNAIDS,2026-09-30 02:09:07
4693,SEN,Senegal,2015,0.41297,45194,1500,0.085,1750,14.07,46.0,2486,112,2887,Our World in Data / UNAIDS,2026-09-30 02:09:07
4694,SEN,Senegal,2016,0.39099,42789,1600,0.0906,1636,12.52,53.0,2353,120,2699,Our World in Data / UNAIDS,2026-09-30 02:09:07
4695,SEN,Senegal,2017,0.3713,40634,1600,0.0906,1528,11.26,58.0,2235,120,2520,Our World in Data / UNAIDS,2026-09-30 02:09:07
4696,SEN,Senegal,2018,0.35592,38951,1700,0.0963,1335,10.06,66.0,2142,128,2203,Our World in Data / UNAIDS,2026-09-30 02:09:07
4697,SEN,Senegal,2019,0.34255,37488,1700,0.0963,1190,8.37,71.0,2062,128,1963,Our World in Data / UNAIDS,2026-09-30 02:09:07
4698,SEN,Senegal,2020,0.33176,36307,1900,0.1076,1059,7.14,74.0,1997,142,1748,Our World in Data / UNAIDS,2026-09-30 02:09:07
4699,SEN,Senegal,2021,0.32515,35583,2300,0.1303,996,6.34,75.0,1957,172,1644,Our World in Data / UNAIDS,2026-09-30 02:09:07
4700,SEN,Senegal,2022,0.32732,35821,3100,0.1756,978,6.34,76.0,1970,232,1614,Our World in Data / UNAIDS,2026-09-30 02:09:07
4701,SGP,Singapore,1990,0.00791,276,500,0.0887,7,0.1236,8.0,15,38,11,Our World in Data / UNAIDS,2026-09-30 02:09:07
4702,SGP,Singapore,1991,0.00946,331,500,0.0887,9,0.153,8.0,18,38,14,Our World in Data / UNAIDS,2026-09-30 02:09:07
4703,SGP,Singapore,1992,0.01135,397,500,0.0887,11,0.1896,8.0,22,38,18,Our World in Data / UNAIDS,2026-09-30 02:09:07
4704,SGP,Singapore,1993,0.0135,472,500,0.0887,13,0.2351,8.0,26,38,22,Our World in Data / UNAIDS,2026-09-30 02:09:07
4705,SGP,Singapore,1994,0.01589,555,500,0.0887,16,0.2907,8.0,31,38,27,Our World in Data / UNAIDS,2026-09-30 02:09:07
4706,SGP,Singapore,1995,0.01843,644,500,0.0887,20,0.3581,8.0,35,38,33,Our World in Data / UNAIDS,2026-09-30 02:09:07
4707,SGP,Singapore,1996,0.02126,743,500,0.0887,24,0.4345,8.0,41,38,40,Our World in Data / UNAIDS,2026-09-30 02:09:07
4708,SGP,Singapore,1997,0.02457,859,500,0.0887,29,0.5141,8.0,47,38,48,Our World in Data / UNAIDS,2026-09-30 02:09:07
4709,SGP,Singapore,1998,0.02881,1007,500,0.0887,34,0.6102,8.0,55,38,57,Our World in Data / UNAIDS,2026-09-30 02:09:07
4710,SGP,Singapore,1999,0.0338,1181,500,0.0887,41,0.7298,8.0,65,38,68,Our World in Data / UNAIDS,2026-09-30 02:09:07
4711,SGP,Singapore,2000,0.03871,1353,500,0.0887,48,0.8546,8.0,74,38,79,Our World in Data / UNAIDS,2026-09-30 02:09:07
4712,SGP,Singapore,2001,0.04458,1558,500,0.0887,50,0.8806,8.0,86,38,82,Our World in Data / UNAIDS,2026-09-30 02:09:07
4713,SGP,Singapore,2002,0.05215,1823,500,0.0887,51,0.9029,9.0,100,38,84,Our World in Data / UNAIDS,2026-09-30 02:09:07
4714,SGP,Singapore,2003,0.05977,2089,500,0.0887,59,1.0423,10.0,115,38,97,Our World in Data / UNAIDS,2026-09-30 02:09:07
4715,SGP,Singapore,2004,0.06624,2315,500,0.0887,69,1.2242,10.0,127,38,114,Our World in Data / UNAIDS,2026-09-30 02:09:07
4716,SGP,Singapore,2005,0.07182,2510,500,0.0887,78,1.3837,14.0,138,38,129,Our World in Data / UNAIDS,2026-09-30 02:09:07
4717,SGP,Singapore,2006,0.07667,2680,500,0.0887,78,1.3758,20.0,147,38,128,Our World in Data / UNAIDS,2026-09-30 02:09:07
4718,SGP,Singapore,2007,0.08046,2812,500,0.0887,72,1.2696,28.0,155,38,118,Our World in Data / UNAIDS,2026-09-30 02:09:07
4719,SGP,Singapore,2008,0.08513,2975,500,0.0887,68,1.1999,36.0,164,38,112,Our World in Data / UNAIDS,2026-09-30 02:09:07
4720,SGP,Singapore,2009,0.09225,3224,500,0.0887,54,0.9535,46.0,177,38,89,Our World in Data / UNAIDS,2026-09-30 02:09:07
4721,SGP,Singapore,2010,0.09948,3477,500,0.0887,59,1.0425,50.0,191,38,97,Our World in Data / UNAIDS,2026-09-30 02:09:07
4722,SGP,Singapore,2011,0.10598,3704,500,0.0887,51,0.9032,56.0,204,38,84,Our World in Data / UNAIDS,2026-09-30 02:09:07
4723,SGP,Singapore,2012,0.1123,3925,500,0.0887,45,1.16,61.0,216,38,74,Our World in Data / UNAIDS,2026-09-30 02:09:07
4724,SGP,Singapore,2013,0.1187,4149,500,0.0887,49,1.22,66.0,228,38,82,Our World in Data / UNAIDS,2026-09-30 02:09:07
4725,SGP,Singapore,2014,0.12459,4354,500,0.0887,50,1.28,72.0,239,38,82,Our World in Data / UNAIDS,2026-09-30 02:09:07
4726,SGP,Singapore,2015,0.12931,4519,500,0.0887,51,0.84,75.0,249,38,85,Our World in Data / UNAIDS,2026-09-30 02:09:07
4727,SGP,Singapore,2016,0.13438,4697,500,0.0887,49,0.65,76.0,258,38,81,Our World in Data / UNAIDS,2026-09-30 02:09:07
4728,SGP,Singapore,2017,0.13888,4854,500,0.0887,51,0.86,80.0,267,38,84,Our World in Data / UNAIDS,2026-09-30 02:09:07
4729,SGP,Singapore,2018,0.14073,4918,500,0.0887,49,0.45,80.0,270,38,80,Our World in Data / UNAIDS,2026-09-30 02:09:07
4730,SGP,Singapore,2019,0.14172,4953,500,0.0887,47,0.31,83.0,272,38,78,Our World in Data / UNAIDS,2026-09-30 02:09:07
4731,SGP,Singapore,2020,0.1462,5110,500,0.0887,48,0.35,85.0,281,38,80,Our World in Data / UNAIDS,2026-09-30 02:09:07
4732,SGP,Singapore,2021,0.14593,5100,500,0.0887,45,0.18,84.0,280,38,74,Our World in Data / UNAIDS,2026-09-30 02:09:07
4733,SGP,Singapore,2022,0.13591,4750,200,0.0355,43,0.18,85.0,261,15,72,Our World in Data / UNAIDS,2026-09-30 02:09:07
4734,SLB,Solomon Islands,2000,0.24165,1170,100,0.128,389,49.8284,0.0,64,8,642,Our World in Data / UNAIDS,2026-09-30 02:09:07
4735,SLB,Solomon Islands,2001,0.25329,1227,100,0.128,363,46.4577,0.0,67,8,599,Our World in Data / UNAIDS,2026-09-30 02:09:07
4736,SLB,Solomon Islands,2002,0.27393,1327,100,0.128,349,44.6539,0.0,73,8,575,Our World in Data / UNAIDS,2026-09-30 02:09:07
4737,SLB,Solomon Islands,2003,0.30624,1483,100,0.128,386,49.3872,1.5,82,8,636,Our World in Data / UNAIDS,2026-09-30 02:09:07
4738,SLB,Solomon Islands,2004,0.31623,1531,100,0.128,445,57.0251,3.0,84,8,735,Our World in Data / UNAIDS,2026-09-30 02:09:07
4739,SLB,Solomon Islands,2005,0.31956,1547,100,0.128,400,51.1794,6.5,85,8,660,Our World in Data / UNAIDS,2026-09-30 02:09:07
4740,SLB,Solomon Islands,2006,0.32438,1571,100,0.128,432,55.256,9.5,86,8,712,Our World in Data / UNAIDS,2026-09-30 02:09:07
4741,SLB,Solomon Islands,2007,0.3304,1600,100,0.128,566,72.4622,13.0,88,8,934,Our World in Data / UNAIDS,2026-09-30 02:09:07
4742,SLB,Solomon Islands,2008,0.33243,1610,100,0.128,534,68.3062,17.0,89,8,880,Our World in Data / UNAIDS,2026-09-30 02:09:07
4743,SLB,Solomon Islands,2009,0.32959,1596,100,0.128,470,60.1976,21.0,88,8,776,Our World in Data / UNAIDS,2026-09-30 02:09:07
4744,SLB,Solomon Islands,2010,0.33193,1607,100,0.128,452,57.9105,24.9444,88,8,746,Our World in Data / UNAIDS,2026-09-30 02:09:07
4745,SLB,Solomon Islands,2011,0.34874,1689,100,0.128,468,59.8657,28.0,93,8,772,Our World in Data / UNAIDS,2026-09-30 02:09:07
4746,SLB,Solomon Islands,2012,0.36233,1755,100,0.128,487,62.3171,31.0,97,8,803,Our World in Data / UNAIDS,2026-09-30 02:09:07
4747,SLB,Solomon Islands,2013,0.36732,1779,100,0.128,517,66.1984,35.0,98,8,853,Our World in Data / UNAIDS,2026-09-30 02:09:07
4748,SLB,Solomon Islands,2014,0.36172,1752,100,0.128,449,57.4805,37.0,96,8,741,Our World in Data / UNAIDS,2026-09-30 02:09:07
4749,SLB,Solomon Islands,2015,0.36479,1767,100,0.128,430,55.0154,41.0,97,8,709,Our World in Data / UNAIDS,2026-09-30 02:09:07
4750,SLB,Solomon Islands,2016,0.37443,1813,100,0.128,442,56.6362,45.5,100,8,730,Our World in Data / UNAIDS,2026-09-30 02:09:07
4751,SLB,Solomon Islands,2017,0.36894,1787,100,0.128,424,54.2453,50.5,98,8,699,Our World in Data / UNAIDS,2026-09-30 02:09:07
4752,SLB,Solomon Islands,2018,0.36413,1763,100,0.128,381,48.822,54.0,97,8,629,Our World in Data / UNAIDS,2026-09-30 02:09:07
4753,SLB,Solomon Islands,2019,0.37023,1793,100,0.128,357,45.687,59.0,99,8,589,Our World in Data / UNAIDS,2026-09-30 02:09:07
4754,SLB,Solomon Islands,2020,0.39803,1928,100,0.128,369,47.2829,61.5,106,8,609,Our World in Data / UNAIDS,2026-09-30 02:09:07
4755,SLB,Solomon Islands,2021,0.40203,1947,100,0.128,371,47.5588,64.5,107,8,613,Our World in Data / UNAIDS,2026-09-30 02:09:07
4756,SLB,Solomon Islands,2022,0.40563,1964,100,0.128,355,45.4035,67.0,108,8,585,Our World in Data / UNAIDS,2026-09-30 02:09:07
4757,SLE,Sierra Leone,1990,0.60427,31009,6000,0.7249,681,69.24,0.0,1705,450,1124,Our World in Data / UNAIDS,2026-09-30 02:09:07
4758,SLE,Sierra Leone,1991,0.7266,37286,6000,0.7249,897,69.24,0.0,2051,450,1480,Our World in Data / UNAIDS,2026-09-30 02:09:07
4759,SLE,Sierra Leone,1992,0.85082,43661,6000,0.7249,1062,69.24,0.0,2401,450,1752,Our World in Data / UNAIDS,2026-09-30 02:09:07
4760,SLE,Sierra Leone,1993,0.98471,50532,6000,0.7249,1268,69.24,0.0,2779,450,2092,Our World in Data / UNAIDS,2026-09-30 02:09:07
4761,SLE,Sierra Leone,1994,1.11728,57335,6000,0.7249,1498,69.24,0.0,3153,450,2471,Our World in Data / UNAIDS,2026-09-30 02:09:07
4762,SLE,Sierra Leone,1995,1.23441,63345,6000,0.7249,1739,69.24,0.0,3484,450,2869,Our World in Data / UNAIDS,2026-09-30 02:09:07
4763,SLE,Sierra Leone,1996,1.34313,68924,6000,0.7249,1972,69.24,0.0,3791,450,3254,Our World in Data / UNAIDS,2026-09-30 02:09:07
4764,SLE,Sierra Leone,1997,1.43931,73860,6000,0.7249,2233,69.24,0.0,4062,450,3685,Our World in Data / UNAIDS,2026-09-30 02:09:07
4765,SLE,Sierra Leone,1998,1.51655,77824,6000,0.7249,2494,69.24,0.0,4280,450,4115,Our World in Data / UNAIDS,2026-09-30 02:09:07
4766,SLE,Sierra Leone,1999,1.57887,81022,6000,0.7249,2727,69.24,0.0,4456,450,4499,Our World in Data / UNAIDS,2026-09-30 02:09:07
4767,SLE,Sierra Leone,2000,1.62255,83263,6000,0.7249,2943,69.24,0.0,4579,450,4856,Our World in Data / UNAIDS,2026-09-30 02:09:07
4768,SLE,Sierra Leone,2001,1.6511,84728,6100,0.737,3258,72.05,0.0,4660,458,5375,Our World in Data / UNAIDS,2026-09-30 02:09:07
4769,SLE,Sierra Leone,2002,1.66815,85603,6400,0.7732,3672,76.67,0.0,4708,480,6059,Our World in Data / UNAIDS,2026-09-30 02:09:07
4770,SLE,Sierra Leone,2003,1.67237,85820,6400,0.7732,3972,79.3,0.0,4720,480,6554,Our World in Data / UNAIDS,2026-09-30 02:09:07
4771,SLE,Sierra Leone,2004,1.66964,85680,6500,0.7853,4239,81.39,0.0,4712,488,6995,Our World in Data / UNAIDS,2026-09-30 02:09:07
4772,SLE,Sierra Leone,2005,1.65921,85144,6400,0.7732,4401,81.65,1.0,4683,480,7261,Our World in Data / UNAIDS,2026-09-30 02:09:07
4773,SLE,Sierra Leone,2006,1.64882,84611,6400,0.7732,4457,80.22,1.0,4654,480,7355,Our World in Data / UNAIDS,2026-09-30 02:09:07
4774,SLE,Sierra Leone,2007,1.63766,84038,6400,0.7732,4496,78.45,2.0,4622,480,7418,Our World in Data / UNAIDS,2026-09-30 02:09:07
4775,SLE,Sierra Leone,2008,1.62886,83587,6100,0.737,4387,74.22,3.0,4597,458,7239,Our World in Data / UNAIDS,2026-09-30 02:09:07
4776,SLE,Sierra Leone,2009,1.62173,83221,6000,0.7249,4139,67.67,6.0,4577,450,6830,Our World in Data / UNAIDS,2026-09-30 02:09:07
4777,SLE,Sierra Leone,2010,1.61892,83077,5900,0.7128,3882,61.53,9.0,4569,442,6405,Our World in Data / UNAIDS,2026-09-30 02:09:07
4778,SLE,Sierra Leone,2011,1.61586,82920,5700,0.6887,3715,56.99,12.0,4561,428,6129,Our World in Data / UNAIDS,2026-09-30 02:09:07
4779,SLE,Sierra Leone,2012,1.61073,82657,5600,0.6766,3651,53.67,12.0,4546,420,6024,Our World in Data / UNAIDS,2026-09-30 02:09:07
4780,SLE,Sierra Leone,2013,1.59771,81988,5500,0.6645,3783,54.14,13.0,4509,412,6242,Our World in Data / UNAIDS,2026-09-30 02:09:07
4781,SLE,Sierra Leone,2014,1.58528,81351,5800,0.7008,3908,54.28,15.0,4474,435,6448,Our World in Data / UNAIDS,2026-09-30 02:09:07
4782,SLE,Sierra Leone,2015,1.57896,81026,5800,0.7008,3760,51.92,20.0,4456,435,6204,Our World in Data / UNAIDS,2026-09-30 02:09:07
4783,SLE,Sierra Leone,2016,1.57386,80765,5700,0.6887,3483,47.08,25.0,4442,428,5747,Our World in Data / UNAIDS,2026-09-30 02:09:07
4784,SLE,Sierra Leone,2017,1.56654,80389,5400,0.6524,3230,42.29,32.0,4421,405,5330,Our World in Data / UNAIDS,2026-09-30 02:09:07
4785,SLE,Sierra Leone,2018,1.55479,79786,5000,0.6041,3008,37.82,37.0,4388,375,4964,Our World in Data / UNAIDS,2026-09-30 02:09:07
4786,SLE,Sierra Leone,2019,1.53839,78944,4800,0.5799,2879,34.99,43.0,4342,360,4750,Our World in Data / UNAIDS,2026-09-30 02:09:07
4787,SLE,Sierra Leone,2020,1.52185,78096,4800,0.5799,2781,33.09,48.0,4295,360,4589,Our World in Data / UNAIDS,2026-09-30 02:09:07
4788,SLE,Sierra Leone,2021,1.49607,76773,4100,0.4954,2581,29.54,60.0,4223,308,4259,Our World in Data / UNAIDS,2026-09-30 02:09:07
4789,SLE,Sierra Leone,2022,1.46054,74949,3500,0.4229,2315,29.54,70.0,4122,262,3820,Our World in Data / UNAIDS,2026-09-30 02:09:07
4790,SLV,El Salvador,1990,0.06211,2418,2600,0.414,42,10.54,0.0,133,195,69,Our World in Data / UNAIDS,2026-09-30 02:09:07
4791,SLV,El Salvador,1991,0.08969,3492,2600,0.414,64,10.54,0.0,192,195,105,Our World in Data / UNAIDS,2026-09-30 02:09:07
4792,SLV,El Salvador,1992,0.12388,4824,2600,0.414,94,10.54,0.0,265,195,156,Our World in Data / UNAIDS,2026-09-30 02:09:07
4793,SLV,El Salvador,1993,0.16395,6384,2600,0.414,135,10.54,0.0,351,195,222,Our World in Data / UNAIDS,2026-09-30 02:09:07
4794,SLV,El Salvador,1994,0.2087,8126,2600,0.414,186,10.54,0.0,447,195,307,Our World in Data / UNAIDS,2026-09-30 02:09:07
4795,SLV,El Salvador,1995,0.25675,9997,2600,0.414,249,10.54,0.0,550,195,411,Our World in Data / UNAIDS,2026-09-30 02:09:07
4796,SLV,El Salvador,1996,0.30655,11936,2600,0.414,323,10.54,0.0,656,195,534,Our World in Data / UNAIDS,2026-09-30 02:09:07
4797,SLV,El Salvador,1997,0.35659,13885,2600,0.414,409,10.54,0.0,764,195,675,Our World in Data / UNAIDS,2026-09-30 02:09:07
4798,SLV,El Salvador,1998,0.40526,15780,2600,0.414,504,10.54,0.0,868,195,832,Our World in Data / UNAIDS,2026-09-30 02:09:07
4799,SLV,El Salvador,1999,0.45091,17558,2600,0.414,607,10.54,0.0,966,195,1001,Our World in Data / UNAIDS,2026-09-30 02:09:07
4800,SLV,El Salvador,2000,0.49175,19148,2600,0.414,713,10.54,0.0,1053,195,1177,Our World in Data / UNAIDS,2026-09-30 02:09:07
4801,SLV,El Salvador,2001,0.52626,20492,2500,0.3981,810,11.62,0.0,1127,188,1336,Our World in Data / UNAIDS,2026-09-30 02:09:07
4802,SLV,El Salvador,2002,0.55305,21535,2400,0.3821,872,12.2,1.0,1184,180,1438,Our World in Data / UNAIDS,2026-09-30 02:09:07
4803,SLV,El Salvador,2003,0.57215,22278,2200,0.3503,896,12.05,3.0,1225,165,1478,Our World in Data / UNAIDS,2026-09-30 02:09:07
4804,SLV,El Salvador,2004,0.58485,22773,2000,0.3185,838,10.85,7.0,1253,150,1382,Our World in Data / UNAIDS,2026-09-30 02:09:07
4805,SLV,El Salvador,2005,0.59234,23065,1700,0.2707,714,8.82,12.0,1269,128,1178,Our World in Data / UNAIDS,2026-09-30 02:09:07
4806,SLV,El Salvador,2006,0.59339,23105,1500,0.2388,614,7.25,19.0,1271,112,1014,Our World in Data / UNAIDS,2026-09-30 02:09:07
4807,SLV,El Salvador,2007,0.58836,22910,1200,0.1911,566,6.61,23.0,1260,90,934,Our World in Data / UNAIDS,2026-09-30 02:09:07
4808,SLV,El Salvador,2008,0.57715,22473,950,0.1513,534,6.28,29.0,1236,71,880,Our World in Data / UNAIDS,2026-09-30 02:09:07
4809,SLV,El Salvador,2009,0.56241,21899,790,0.1258,470,5.68,36.0,1204,59,776,Our World in Data / UNAIDS,2026-09-30 02:09:07
4810,SLV,El Salvador,2010,0.54628,21271,680,0.1083,388,4.88,43.0,1170,51,641,Our World in Data / UNAIDS,2026-09-30 02:09:07
4811,SLV,El Salvador,2011,0.52965,20623,620,0.0987,338,4.58,45.0,1134,46,558,Our World in Data / UNAIDS,2026-09-30 02:09:07
4812,SLV,El Salvador,2012,0.51224,19946,580,0.0924,358,5.31,48.0,1097,44,590,Our World in Data / UNAIDS,2026-09-30 02:09:07
4813,SLV,El Salvador,2013,0.49514,19280,590,0.0939,367,6.15,53.0,1060,44,606,Our World in Data / UNAIDS,2026-09-30 02:09:07
4814,SLV,El Salvador,2014,0.4802,18698,620,0.0987,346,6.43,55.0,1028,46,572,Our World in Data / UNAIDS,2026-09-30 02:09:07
4815,SLV,El Salvador,2015,0.46682,18177,650,0.1035,344,6.89,57.0,1000,49,568,Our World in Data / UNAIDS,2026-09-30 02:09:07
4816,SLV,El Salvador,2016,0.45525,17727,670,0.1067,335,7.19,60.0,975,50,553,Our World in Data / UNAIDS,2026-09-30 02:09:07
4817,SLV,El Salvador,2017,0.44516,17334,700,0.1115,342,7.78,62.0,953,52,564,Our World in Data / UNAIDS,2026-09-30 02:09:07
4818,SLV,El Salvador,2018,0.4362,16985,730,0.1162,356,8.57,62.0,934,55,587,Our World in Data / UNAIDS,2026-09-30 02:09:07
4819,SLV,El Salvador,2019,0.42955,16726,750,0.1194,302,7.73,69.0,920,56,499,Our World in Data / UNAIDS,2026-09-30 02:09:07
4820,SLV,El Salvador,2020,0.42481,16541,790,0.1258,245,6.6,71.0,910,59,405,Our World in Data / UNAIDS,2026-09-30 02:09:07
4821,SLV,El Salvador,2021,0.42094,16391,810,0.129,226,6.39,74.0,902,61,373,Our World in Data / UNAIDS,2026-09-30 02:09:07
4822,SLV,El Salvador,2022,0.41826,16286,850,0.1353,209,6.39,75.0,896,64,344,Our World in Data / UNAIDS,2026-09-30 02:09:07
4823,SMR,San Marino,2000,0.24165,51,1650,48.8816,389,0.34,0.0,3,124,642,Our World in Data / UNAIDS,2026-09-30 02:09:07
4824,SMR,San Marino,2001,0.25329,53,1700,50.3629,363,0.33,0.0,3,128,599,Our World in Data / UNAIDS,2026-09-30 02:09:07
4825,SMR,San Marino,2002,0.27393,57,1700,50.3629,349,0.32,0.0,3,128,575,Our World in Data / UNAIDS,2026-09-30 02:09:07
4826,SMR,San Marino,2003,0.30624,64,1700,50.3629,386,0.35,1.5,4,128,636,Our World in Data / UNAIDS,2026-09-30 02:09:07
4827,SMR,San Marino,2004,0.31623,66,1550,45.9191,445,0.34,3.0,4,116,735,Our World in Data / UNAIDS,2026-09-30 02:09:07
4828,SMR,San Marino,2005,0.31956,67,1500,44.4379,400,0.34,6.5,4,112,660,Our World in Data / UNAIDS,2026-09-30 02:09:07
4829,SMR,San Marino,2006,0.32438,68,1450,42.9566,432,0.33,9.5,4,109,712,Our World in Data / UNAIDS,2026-09-30 02:09:07
4830,SMR,San Marino,2007,0.3304,69,1300,38.5128,566,0.33,13.0,4,98,934,Our World in Data / UNAIDS,2026-09-30 02:09:07
4831,SMR,San Marino,2008,0.33243,70,1250,37.0316,534,0.33,17.0,4,94,880,Our World in Data / UNAIDS,2026-09-30 02:09:07
4832,SMR,San Marino,2009,0.32959,69,1300,38.5128,470,0.32,21.0,4,98,776,Our World in Data / UNAIDS,2026-09-30 02:09:07
4833,SMR,San Marino,2010,0.33193,69,1300,38.5128,452,0.32,24.9444,4,98,746,Our World in Data / UNAIDS,2026-09-30 02:09:07
4834,SMR,San Marino,2011,0.34874,73,1250,37.0316,468,0.28,28.0,4,94,772,Our World in Data / UNAIDS,2026-09-30 02:09:07
4835,SMR,San Marino,2012,0.36233,76,1250,37.0316,487,0.27,31.0,4,94,803,Our World in Data / UNAIDS,2026-09-30 02:09:07
4836,SMR,San Marino,2013,0.36732,77,1300,38.5128,517,0.24,35.0,4,98,853,Our World in Data / UNAIDS,2026-09-30 02:09:07
4837,SMR,San Marino,2014,0.36172,76,1200,35.5503,449,0.24,37.0,4,90,741,Our World in Data / UNAIDS,2026-09-30 02:09:07
4838,SMR,San Marino,2015,0.36479,76,1250,37.0316,430,0.24,41.0,4,94,709,Our World in Data / UNAIDS,2026-09-30 02:09:07
4839,SMR,San Marino,2016,0.37443,78,1200,35.5503,442,0.24,45.5,4,90,730,Our World in Data / UNAIDS,2026-09-30 02:09:07
4840,SMR,San Marino,2017,0.36894,77,1200,35.5503,424,0.23,50.5,4,90,699,Our World in Data / UNAIDS,2026-09-30 02:09:07
4841,SMR,San Marino,2018,0.36413,76,1200,35.5503,381,0.2,54.0,4,90,629,Our World in Data / UNAIDS,2026-09-30 02:09:07
4842,SMR,San Marino,2019,0.37023,77,1200,35.5503,357,0.2,59.0,4,90,589,Our World in Data / UNAIDS,2026-09-30 02:09:07
4843,SMR,San Marino,2020,0.39803,83,1250,37.0316,369,0.24,61.5,5,94,609,Our World in Data / UNAIDS,2026-09-30 02:09:07
4844,SMR,San Marino,2021,0.40203,84,1300,38.5128,371,0.24,64.5,5,98,613,Our World in Data / UNAIDS,2026-09-30 02:09:07
4845,SOM,Somalia,1990,0.22826,25193,1300,0.073,475,16.0,0.0,1386,98,784,Our World in Data / UNAIDS,2026-09-30 02:09:07
4846,SOM,Somalia,1991,0.25466,28107,1300,0.073,536,16.0,0.0,1546,98,885,Our World in Data / UNAIDS,2026-09-30 02:09:07
4847,SOM,Somalia,1992,0.27501,30353,1300,0.073,568,16.0,0.0,1669,98,937,Our World in Data / UNAIDS,2026-09-30 02:09:07
4848,SOM,Somalia,1993,0.28934,31935,1300,0.073,643,16.0,0.0,1756,98,1061,Our World in Data / UNAIDS,2026-09-30 02:09:07
4849,SOM,Somalia,1994,0.29826,32919,1300,0.073,757,16.0,0.0,1811,98,1249,Our World in Data / UNAIDS,2026-09-30 02:09:07
4850,SOM,Somalia,1995,0.30337,33483,1300,0.073,835,16.0,0.0,1842,98,1378,Our World in Data / UNAIDS,2026-09-30 02:09:07
4851,SOM,Somalia,1996,0.30428,33584,1300,0.073,923,16.0,0.0,1847,98,1523,Our World in Data / UNAIDS,2026-09-30 02:09:07
4852,SOM,Somalia,1997,0.29973,33082,1300,0.073,989,16.0,0.0,1820,98,1631,Our World in Data / UNAIDS,2026-09-30 02:09:07
4853,SOM,Somalia,1998,0.29164,32189,1300,0.073,1057,16.0,0.0,1770,98,1744,Our World in Data / UNAIDS,2026-09-30 02:09:07
4854,SOM,Somalia,1999,0.28308,31244,1300,0.073,1118,16.0,0.0,1718,98,1844,Our World in Data / UNAIDS,2026-09-30 02:09:07
4855,SOM,Somalia,2000,0.27143,29958,1300,0.073,1165,16.0,0.0,1648,98,1923,Our World in Data / UNAIDS,2026-09-30 02:09:07
4856,SOM,Somalia,2001,0.2586,28542,1300,0.073,1204,16.08,0.0,1570,98,1987,Our World in Data / UNAIDS,2026-09-30 02:09:07
4857,SOM,Somalia,2002,0.24513,27055,1200,0.0674,1230,16.03,0.0,1488,90,2030,Our World in Data / UNAIDS,2026-09-30 02:09:07
4858,SOM,Somalia,2003,0.23146,25547,1100,0.0618,1242,15.71,0.0,1405,82,2049,Our World in Data / UNAIDS,2026-09-30 02:09:07
4859,SOM,Somalia,2004,0.21815,24078,1100,0.0618,1246,15.31,0.0,1324,82,2057,Our World in Data / UNAIDS,2026-09-30 02:09:07
4860,SOM,Somalia,2005,0.20535,22665,1000,0.0562,1230,14.67,0.0,1247,75,2029,Our World in Data / UNAIDS,2026-09-30 02:09:07
4861,SOM,Somalia,2006,0.19324,21328,940,0.0528,1193,13.91,1.0,1173,70,1968,Our World in Data / UNAIDS,2026-09-30 02:09:07
4862,SOM,Somalia,2007,0.18081,19956,880,0.0494,1138,12.98,2.0,1098,66,1878,Our World in Data / UNAIDS,2026-09-30 02:09:07
4863,SOM,Somalia,2008,0.16872,18622,840,0.0472,1069,11.94,4.0,1024,63,1764,Our World in Data / UNAIDS,2026-09-30 02:09:07
4864,SOM,Somalia,2009,0.15735,17367,770,0.0433,991,10.83,5.0,955,58,1635,Our World in Data / UNAIDS,2026-09-30 02:09:07
4865,SOM,Somalia,2010,0.14692,16216,710,0.0399,913,9.76,8.0,892,53,1506,Our World in Data / UNAIDS,2026-09-30 02:09:07
4866,SOM,Somalia,2011,0.13726,15150,650,0.0365,828,8.9,11.0,833,49,1366,Our World in Data / UNAIDS,2026-09-30 02:09:07
4867,SOM,Somalia,2012,0.12821,14151,570,0.032,740,7.84,15.0,778,43,1222,Our World in Data / UNAIDS,2026-09-30 02:09:07
4868,SOM,Somalia,2013,0.12002,13247,550,0.0309,682,6.95,18.0,729,41,1126,Our World in Data / UNAIDS,2026-09-30 02:09:07
4869,SOM,Somalia,2014,0.11209,12372,510,0.0286,656,6.39,21.0,680,38,1083,Our World in Data / UNAIDS,2026-09-30 02:09:07
4870,SOM,Somalia,2015,0.10481,11568,500,0.0281,613,5.75,25.0,636,38,1011,Our World in Data / UNAIDS,2026-09-30 02:09:07
4871,SOM,Somalia,2016,0.09842,10863,500,0.0281,554,4.99,30.0,597,38,913,Our World in Data / UNAIDS,2026-09-30 02:09:07
4872,SOM,Somalia,2017,0.09246,10205,500,0.0281,517,4.54,34.0,561,38,853,Our World in Data / UNAIDS,2026-09-30 02:09:07
4873,SOM,Somalia,2018,0.08676,9576,500,0.0281,484,3.96,37.0,527,38,798,Our World in Data / UNAIDS,2026-09-30 02:09:07
4874,SOM,Somalia,2019,0.08166,9013,500,0.0281,455,3.57,40.0,496,38,751,Our World in Data / UNAIDS,2026-09-30 02:09:07
4875,SOM,Somalia,2020,0.0768,8477,500,0.0281,425,3.18,43.0,466,38,701,Our World in Data / UNAIDS,2026-09-30 02:09:07
4876,SOM,Somalia,2021,0.07225,7974,500,0.0281,397,2.81,46.0,439,38,655,Our World in Data / UNAIDS,2026-09-30 02:09:07
4877,SOM,Somalia,2022,0.06807,7513,500,0.0281,363,2.81,49.0,413,38,599,Our World in Data / UNAIDS,2026-09-30 02:09:07
4878,SRB,Serbia,1990,0.01525,630,200,0.03,30,0.66,0.0,35,15,49,Our World in Data / UNAIDS,2026-09-30 02:09:07
4879,SRB,Serbia,1991,0.01695,700,200,0.03,37,0.66,0.0,38,15,61,Our World in Data / UNAIDS,2026-09-30 02:09:07
4880,SRB,Serbia,1992,0.01839,760,200,0.03,44,0.66,0.0,42,15,73,Our World in Data / UNAIDS,2026-09-30 02:09:07
4881,SRB,Serbia,1993,0.01956,808,200,0.03,52,0.66,0.0,44,15,85,Our World in Data / UNAIDS,2026-09-30 02:09:07
4882,SRB,Serbia,1994,0.02048,846,200,0.03,59,0.66,0.0,47,15,97,Our World in Data / UNAIDS,2026-09-30 02:09:07
4883,SRB,Serbia,1995,0.02119,876,200,0.03,65,0.66,0.0,48,15,108,Our World in Data / UNAIDS,2026-09-30 02:09:07
4884,SRB,Serbia,1996,0.02172,897,200,0.03,71,0.66,0.0,49,15,117,Our World in Data / UNAIDS,2026-09-30 02:09:07
4885,SRB,Serbia,1997,0.02214,915,200,0.03,76,0.66,0.0,50,15,126,Our World in Data / UNAIDS,2026-09-30 02:09:07
4886,SRB,Serbia,1998,0.02251,930,200,0.03,81,0.66,0.0,51,15,133,Our World in Data / UNAIDS,2026-09-30 02:09:07
4887,SRB,Serbia,1999,0.0229,946,200,0.03,84,0.66,0.0,52,15,139,Our World in Data / UNAIDS,2026-09-30 02:09:07
4888,SRB,Serbia,2000,0.02336,965,200,0.03,87,0.66,0.0,53,15,144,Our World in Data / UNAIDS,2026-09-30 02:09:07
4889,SRB,Serbia,2001,0.02396,990,200,0.03,89,0.91,0.0,54,15,147,Our World in Data / UNAIDS,2026-09-30 02:09:07
4890,SRB,Serbia,2002,0.02478,1024,200,0.03,91,0.51,0.0,56,15,150,Our World in Data / UNAIDS,2026-09-30 02:09:07
4891,SRB,Serbia,2003,0.02662,1100,200,0.03,49,0.45,28.0,60,15,81,Our World in Data / UNAIDS,2026-09-30 02:09:07
4892,SRB,Serbia,2004,0.0291,1202,200,0.03,24,0.45,35.0,66,15,40,Our World in Data / UNAIDS,2026-09-30 02:09:07
4893,SRB,Serbia,2005,0.03189,1318,200,0.03,17,0.39,42.0,72,15,28,Our World in Data / UNAIDS,2026-09-30 02:09:07
4894,SRB,Serbia,2006,0.03485,1440,200,0.03,15,0.37,41.0,79,15,25,Our World in Data / UNAIDS,2026-09-30 02:09:07
4895,SRB,Serbia,2007,0.03799,1570,200,0.03,15,0.22,41.0,86,15,24,Our World in Data / UNAIDS,2026-09-30 02:09:07
4896,SRB,Serbia,2008,0.04128,1706,200,0.03,15,0.24,42.0,94,15,25,Our World in Data / UNAIDS,2026-09-30 02:09:07
4897,SRB,Serbia,2009,0.04472,1848,200,0.03,16,0.5,42.0,102,15,26,Our World in Data / UNAIDS,2026-09-30 02:09:07
4898,SRB,Serbia,2010,0.04833,1997,200,0.03,17,0.54,44.0,110,15,27,Our World in Data / UNAIDS,2026-09-30 02:09:07
4899,SRB,Serbia,2011,0.0521,2153,200,0.03,17,0.57,45.0,118,15,28,Our World in Data / UNAIDS,2026-09-30 02:09:07
4900,SRB,Serbia,2012,0.05601,2314,200,0.03,18,0.36,45.0,127,15,29,Our World in Data / UNAIDS,2026-09-30 02:09:07
4901,SRB,Serbia,2013,0.06002,2480,200,0.03,19,0.43,46.0,136,15,31,Our World in Data / UNAIDS,2026-09-30 02:09:07
4902,SRB,Serbia,2014,0.06438,2660,200,0.03,20,0.2,48.0,146,15,32,Our World in Data / UNAIDS,2026-09-30 02:09:07
4903,SRB,Serbia,2015,0.06844,2828,200,0.03,20,0.4,50.0,156,15,33,Our World in Data / UNAIDS,2026-09-30 02:09:07
4904,SRB,Serbia,2016,0.07286,3011,200,0.03,20,0.19,53.0,166,15,33,Our World in Data / UNAIDS,2026-09-30 02:09:07
4905,SRB,Serbia,2017,0.0769,3177,200,0.03,20,0.24,57.0,175,15,33,Our World in Data / UNAIDS,2026-09-30 02:09:07
4906,SRB,Serbia,2018,0.08091,3343,200,0.03,19,0.58,61.0,184,15,32,Our World in Data / UNAIDS,2026-09-30 02:09:07
4907,SRB,Serbia,2019,0.08494,3510,200,0.03,18,0.42,62.0,193,15,30,Our World in Data / UNAIDS,2026-09-30 02:09:07
4908,SRB,Serbia,2020,0.089,3677,200,0.03,18,0.45,62.0,202,15,30,Our World in Data / UNAIDS,2026-09-30 02:09:07
4909,SRB,Serbia,2021,0.09305,3845,200,0.03,19,0.37,63.0,211,15,32,Our World in Data / UNAIDS,2026-09-30 02:09:07
4910,SRB,Serbia,2022,0.0972,4016,200,0.03,20,0.37,64.0,221,15,34,Our World in Data / UNAIDS,2026-09-30 02:09:07
4911,SSD,South Sudan,1990,0.78769,53824,14000,1.2703,1195,111.86,0.0,2960,1050,1972,Our World in Data / UNAIDS,2026-09-30 02:09:07
4912,SSD,South Sudan,1991,0.9844,67265,14000,1.2703,1573,111.86,0.0,3700,1050,2595,Our World in Data / UNAIDS,2026-09-30 02:09:07
4913,SSD,South Sudan,1992,1.19062,81357,14000,1.2703,1994,111.86,0.0,4475,1050,3291,Our World in Data / UNAIDS,2026-09-30 02:09:07
4914,SSD,South Sudan,1993,1.40673,96124,14000,1.2703,2470,111.86,0.0,5287,1050,4075,Our World in Data / UNAIDS,2026-09-30 02:09:07
4915,SSD,South Sudan,1994,1.63512,111730,14000,1.2703,3079,111.86,0.0,6145,1050,5081,Our World in Data / UNAIDS,2026-09-30 02:09:07
4916,SSD,South Sudan,1995,1.82365,124612,14000,1.2703,3694,111.86,0.0,6854,1050,6095,Our World in Data / UNAIDS,2026-09-30 02:09:07
4917,SSD,South Sudan,1996,1.9787,135207,14000,1.2703,4328,111.86,0.0,7436,1050,7141,Our World in Data / UNAIDS,2026-09-30 02:09:07
4918,SSD,South Sudan,1997,2.12265,145043,14000,1.2703,4974,111.86,0.0,7977,1050,8206,Our World in Data / UNAIDS,2026-09-30 02:09:07
4919,SSD,South Sudan,1998,2.24682,153528,14000,1.2703,5525,111.86,0.0,8444,1050,9116,Our World in Data / UNAIDS,2026-09-30 02:09:07
4920,SSD,South Sudan,1999,2.3288,159130,14000,1.2703,6275,111.86,0.0,8752,1050,10354,Our World in Data / UNAIDS,2026-09-30 02:09:07
4921,SSD,South Sudan,2000,2.39306,163521,14000,1.2703,7042,111.86,0.0,8994,1050,11619,Our World in Data / UNAIDS,2026-09-30 02:09:07
4922,SSD,South Sudan,2001,2.42671,165820,13000,1.1795,7770,118.7,0.0,9120,975,12821,Our World in Data / UNAIDS,2026-09-30 02:09:07
4923,SSD,South Sudan,2002,2.45035,167436,13000,1.1795,8482,124.37,0.0,9209,975,13995,Our World in Data / UNAIDS,2026-09-30 02:09:07
4924,SSD,South Sudan,2003,2.46078,168148,14000,1.2703,9174,129.53,0.0,9248,1050,15138,Our World in Data / UNAIDS,2026-09-30 02:09:07
4925,SSD,South Sudan,2004,2.45648,167854,15000,1.361,9861,133.5,0.0,9232,1125,16270,Our World in Data / UNAIDS,2026-09-30 02:09:07
4926,SSD,South Sudan,2005,2.41656,165127,14000,1.2703,10508,136.4,0.0,9082,1050,17338,Our World in Data / UNAIDS,2026-09-30 02:09:07
4927,SSD,South Sudan,2006,2.37267,162128,14000,1.2703,11141,138.33,0.0,8917,1050,18383,Our World in Data / UNAIDS,2026-09-30 02:09:07
4928,SSD,South Sudan,2007,2.32704,159010,14000,1.2703,11730,139.61,0.0,8746,1050,19355,Our World in Data / UNAIDS,2026-09-30 02:09:07
4929,SSD,South Sudan,2008,2.27607,155527,14000,1.2703,12251,139.96,0.0,8554,1050,20214,Our World in Data / UNAIDS,2026-09-30 02:09:07
4930,SSD,South Sudan,2009,2.22682,152161,15000,1.361,12483,132.17,1.0,8369,1125,20597,Our World in Data / UNAIDS,2026-09-30 02:09:07
4931,SSD,South Sudan,2010,2.1734,148511,14000,1.2703,12635,133.88,1.0,8168,1050,20847,Our World in Data / UNAIDS,2026-09-30 02:09:07
4932,SSD,South Sudan,2011,2.12506,145208,15000,1.361,13139,118.18,2.0,7986,1125,21679,Our World in Data / UNAIDS,2026-09-30 02:09:07
4933,SSD,South Sudan,2012,2.0851,142478,15000,1.361,13408,115.88,3.0,7836,1125,22123,Our World in Data / UNAIDS,2026-09-30 02:09:07
4934,SSD,South Sudan,2013,2.04675,139857,15000,1.361,13425,112.17,4.0,7692,1125,22151,Our World in Data / UNAIDS,2026-09-30 02:09:07
4935,SSD,South Sudan,2014,2.01556,137726,16000,1.4518,12987,109.28,7.0,7575,1200,21428,Our World in Data / UNAIDS,2026-09-30 02:09:07
4936,SSD,South Sudan,2015,1.97741,135119,13000,1.1795,11371,99.86,11.0,7432,975,18763,Our World in Data / UNAIDS,2026-09-30 02:09:07
4937,SSD,South Sudan,2016,1.94354,132805,14000,1.2703,10793,111.53,13.0,7304,1050,17809,Our World in Data / UNAIDS,2026-09-30 02:09:07
4938,SSD,South Sudan,2017,1.89637,129581,11000,0.9981,9642,105.97,17.0,7127,825,15909,Our World in Data / UNAIDS,2026-09-30 02:09:07
4939,SSD,South Sudan,2018,1.84083,125786,9100,0.8257,8053,93.16,22.0,6918,682,13287,Our World in Data / UNAIDS,2026-09-30 02:09:07
4940,SSD,South Sudan,2019,1.78614,122049,9400,0.8529,7815,84.41,24.0,6713,705,12895,Our World in Data / UNAIDS,2026-09-30 02:09:07
4941,SSD,South Sudan,2020,1.72912,118153,8900,0.8075,7504,79.45,29.0,6498,668,12381,Our World in Data / UNAIDS,2026-09-30 02:09:07
4942,SSD,South Sudan,2021,1.67241,114278,8800,0.7985,7214,72.91,31.0,6285,660,11903,Our World in Data / UNAIDS,2026-09-30 02:09:07
4943,SSD,South Sudan,2022,1.61968,110675,8300,0.7531,6550,72.91,38.0,6087,622,10808,Our World in Data / UNAIDS,2026-09-30 02:09:07
4944,STP,Sao Tome and Principe,2000,0.24165,339,1650,7.291,389,81.32,0.0,19,124,642,Our World in Data / UNAIDS,2026-09-30 02:09:07
4945,STP,Sao Tome and Principe,2001,0.25329,355,1700,7.512,363,77.75,0.0,20,128,599,Our World in Data / UNAIDS,2026-09-30 02:09:07
4946,STP,Sao Tome and Principe,2002,0.27393,384,1700,7.512,349,73.22,0.0,21,128,575,Our World in Data / UNAIDS,2026-09-30 02:09:07
4947,STP,Sao Tome and Principe,2003,0.30624,430,1700,7.512,386,75.33,1.5,24,128,636,Our World in Data / UNAIDS,2026-09-30 02:09:07
4948,STP,Sao Tome and Principe,2004,0.31623,444,1550,6.8492,445,71.99,3.0,24,116,735,Our World in Data / UNAIDS,2026-09-30 02:09:07
4949,STP,Sao Tome and Principe,2005,0.31956,448,1500,6.6282,400,71.09,6.5,25,112,660,Our World in Data / UNAIDS,2026-09-30 02:09:07
4950,STP,Sao Tome and Principe,2006,0.32438,455,1450,6.4073,432,63.39,9.5,25,109,712,Our World in Data / UNAIDS,2026-09-30 02:09:07
4951,STP,Sao Tome and Principe,2007,0.3304,464,1300,5.7445,566,62.76,13.0,26,98,934,Our World in Data / UNAIDS,2026-09-30 02:09:07
4952,STP,Sao Tome and Principe,2008,0.33243,466,1250,5.5235,534,57.51,17.0,26,94,880,Our World in Data / UNAIDS,2026-09-30 02:09:07
4953,STP,Sao Tome and Principe,2009,0.32959,462,1300,5.7445,470,51.84,21.0,25,98,776,Our World in Data / UNAIDS,2026-09-30 02:09:07
4954,STP,Sao Tome and Principe,2010,0.33193,466,1300,5.7445,452,47.09,24.9444,26,98,746,Our World in Data / UNAIDS,2026-09-30 02:09:07
4955,STP,Sao Tome and Principe,2011,0.34874,489,1250,5.5235,468,42.67,28.0,27,94,772,Our World in Data / UNAIDS,2026-09-30 02:09:07
4956,STP,Sao Tome and Principe,2012,0.36233,508,1250,5.5235,487,41.79,31.0,28,94,803,Our World in Data / UNAIDS,2026-09-30 02:09:07
4957,STP,Sao Tome and Principe,2013,0.36732,515,1300,5.7445,517,38.88,35.0,28,98,853,Our World in Data / UNAIDS,2026-09-30 02:09:07
4958,STP,Sao Tome and Principe,2014,0.36172,508,1200,5.3026,449,39.66,37.0,28,90,741,Our World in Data / UNAIDS,2026-09-30 02:09:07
4959,STP,Sao Tome and Principe,2015,0.36479,512,1250,5.5235,430,31.62,41.0,28,94,709,Our World in Data / UNAIDS,2026-09-30 02:09:07
4960,STP,Sao Tome and Principe,2016,0.37443,525,1200,5.3026,442,26.04,45.5,29,90,730,Our World in Data / UNAIDS,2026-09-30 02:09:07
4961,STP,Sao Tome and Principe,2017,0.36894,518,1200,5.3026,424,22.6,50.5,28,90,699,Our World in Data / UNAIDS,2026-09-30 02:09:07
4962,STP,Sao Tome and Principe,2018,0.36413,511,1200,5.3026,381,18.93,54.0,28,90,629,Our World in Data / UNAIDS,2026-09-30 02:09:07
4963,STP,Sao Tome and Principe,2019,0.37023,519,1200,5.3026,357,15.69,59.0,29,90,589,Our World in Data / UNAIDS,2026-09-30 02:09:07
4964,STP,Sao Tome and Principe,2020,0.39803,558,1250,5.5235,369,13.14,61.5,31,94,609,Our World in Data / UNAIDS,2026-09-30 02:09:07
4965,STP,Sao Tome and Principe,2021,0.40203,564,1300,5.7445,371,11.66,64.5,31,98,613,Our World in Data / UNAIDS,2026-09-30 02:09:07
4966,SUR,Suriname,1990,0.32962,1274,550,0.8826,38,48.96,0.0,70,41,62,Our World in Data / UNAIDS,2026-09-30 02:09:07
4967,SUR,Suriname,1991,0.38285,1479,550,0.8826,45,48.96,0.0,81,41,75,Our World in Data / UNAIDS,2026-09-30 02:09:07
4968,SUR,Suriname,1992,0.44486,1719,550,0.8826,54,48.96,0.0,95,41,89,Our World in Data / UNAIDS,2026-09-30 02:09:07
4969,SUR,Suriname,1993,0.51446,1988,550,0.8826,63,48.96,0.0,109,41,105,Our World in Data / UNAIDS,2026-09-30 02:09:07
4970,SUR,Suriname,1994,0.5924,2289,550,0.8826,74,48.96,0.0,126,41,122,Our World in Data / UNAIDS,2026-09-30 02:09:07
4971,SUR,Suriname,1995,0.6788,2623,550,0.8826,87,48.96,0.0,144,41,143,Our World in Data / UNAIDS,2026-09-30 02:09:07
4972,SUR,Suriname,1996,0.76858,2969,550,0.8826,103,48.96,0.0,163,41,170,Our World in Data / UNAIDS,2026-09-30 02:09:07
4973,SUR,Suriname,1997,0.86046,3324,550,0.8826,122,48.96,0.0,183,41,201,Our World in Data / UNAIDS,2026-09-30 02:09:07
4974,SUR,Suriname,1998,0.94937,3668,550,0.8826,143,48.96,0.0,202,41,235,Our World in Data / UNAIDS,2026-09-30 02:09:07
4975,SUR,Suriname,1999,1.0364,4004,550,0.8826,166,48.96,0.0,220,41,274,Our World in Data / UNAIDS,2026-09-30 02:09:07
4976,SUR,Suriname,2000,1.12023,4328,550,0.8826,190,48.96,0.0,238,41,314,Our World in Data / UNAIDS,2026-09-30 02:09:07
4977,SUR,Suriname,2001,1.19305,4609,550,0.8826,216,52.12,0.0,253,41,357,Our World in Data / UNAIDS,2026-09-30 02:09:07
4978,SUR,Suriname,2002,1.25863,4863,550,0.8826,238,53.76,1.0,267,41,393,Our World in Data / UNAIDS,2026-09-30 02:09:07
4979,SUR,Suriname,2003,1.31625,5085,540,0.8665,247,52.75,3.0,280,40,408,Our World in Data / UNAIDS,2026-09-30 02:09:07
4980,SUR,Suriname,2004,1.36003,5255,510,0.8184,251,50.32,5.0,289,38,415,Our World in Data / UNAIDS,2026-09-30 02:09:07
4981,SUR,Suriname,2005,1.39916,5406,500,0.8024,251,47.66,7.0,297,38,414,Our World in Data / UNAIDS,2026-09-30 02:09:07
4982,SUR,Suriname,2006,1.43249,5535,500,0.8024,246,45.0,10.0,304,38,406,Our World in Data / UNAIDS,2026-09-30 02:09:07
4983,SUR,Suriname,2007,1.46127,5646,500,0.8024,236,41.43,13.0,311,38,389,Our World in Data / UNAIDS,2026-09-30 02:09:07
4984,SUR,Suriname,2008,1.48856,5751,500,0.8024,225,38.12,16.0,316,38,372,Our World in Data / UNAIDS,2026-09-30 02:09:07
4985,SUR,Suriname,2009,1.51262,5844,500,0.8024,221,35.65,18.0,321,38,364,Our World in Data / UNAIDS,2026-09-30 02:09:07
4986,SUR,Suriname,2010,1.53346,5925,500,0.8024,224,35.26,20.0,326,38,369,Our World in Data / UNAIDS,2026-09-30 02:09:07
4987,SUR,Suriname,2011,1.54863,5983,500,0.8024,226,33.39,22.0,329,38,372,Our World in Data / UNAIDS,2026-09-30 02:09:07
4988,SUR,Suriname,2012,1.56117,6032,500,0.8024,209,31.8,28.0,332,38,345,Our World in Data / UNAIDS,2026-09-30 02:09:07
4989,SUR,Suriname,2013,1.56856,6060,500,0.8024,188,26.01,31.0,333,38,311,Our World in Data / UNAIDS,2026-09-30 02:09:07
4990,SUR,Suriname,2014,1.57175,6073,500,0.8024,184,24.36,34.0,334,38,304,Our World in Data / UNAIDS,2026-09-30 02:09:07
4991,SUR,Suriname,2015,1.57079,6069,500,0.8024,187,25.82,36.0,334,38,308,Our World in Data / UNAIDS,2026-09-30 02:09:07
4992,SUR,Suriname,2016,1.56941,6064,500,0.8024,190,26.27,39.0,334,38,314,Our World in Data / UNAIDS,2026-09-30 02:09:07
4993,SUR,Suriname,2017,1.57047,6068,500,0.8024,186,26.09,40.0,334,38,308,Our World in Data / UNAIDS,2026-09-30 02:09:07
4994,SUR,Suriname,2018,1.5724,6075,500,0.8024,196,28.43,41.0,334,38,323,Our World in Data / UNAIDS,2026-09-30 02:09:07
4995,SUR,Suriname,2019,1.57719,6094,500,0.8024,219,32.06,40.0,335,38,361,Our World in Data / UNAIDS,2026-09-30 02:09:07
4996,SUR,Suriname,2020,1.58889,6139,500,0.8024,221,31.59,47.0,338,38,364,Our World in Data / UNAIDS,2026-09-30 02:09:07
4997,SUR,Suriname,2021,1.59311,6155,500,0.8024,223,30.49,45.0,339,38,367,Our World in Data / UNAIDS,2026-09-30 02:09:07
4998,SUR,Suriname,2022,1.59009,6143,500,0.8024,271,30.49,41.0,338,38,448,Our World in Data / UNAIDS,2026-09-30 02:09:07
4999,SVK,Slovakia,1990,0.00086,29,100,0.0184,1,0.04,7.0,2,8,1,Our World in Data / UNAIDS,2026-09-30 02:09:07
5000,SVK,Slovakia,1991,0.00106,36,100,0.0184,1,0.04,7.0,2,8,2,Our World in Data / UNAIDS,2026-09-30 02:09:07
5001,SVK,Slovakia,1992,0.00131,44,100,0.0184,1,0.04,7.0,2,8,2,Our World in Data / UNAIDS,2026-09-30 02:09:07
5002,SVK,Slovakia,1993,0.00158,53,100,0.0184,2,0.04,7.0,3,8,3,Our World in Data / UNAIDS,2026-09-30 02:09:07
5003,SVK,Slovakia,1994,0.0019,64,100,0.0184,2,0.04,7.0,4,8,3,Our World in Data / UNAIDS,2026-09-30 02:09:07
5004,SVK,Slovakia,1995,0.00227,76,100,0.0184,2,0.04,7.0,4,8,4,Our World in Data / UNAIDS,2026-09-30 02:09:07
5005,SVK,Slovakia,1996,0.00269,91,100,0.0184,3,0.04,7.0,5,8,5,Our World in Data / UNAIDS,2026-09-30 02:09:07
5006,SVK,Slovakia,1997,0.00317,107,100,0.0184,3,0.04,7.0,6,8,5,Our World in Data / UNAIDS,2026-09-30 02:09:07
5007,SVK,Slovakia,1998,0.0037,125,100,0.0184,3,0.04,7.0,7,8,5,Our World in Data / UNAIDS,2026-09-30 02:09:07
5008,SVK,Slovakia,1999,0.00428,144,100,0.0184,4,0.04,7.0,8,8,6,Our World in Data / UNAIDS,2026-09-30 02:09:07
5009,SVK,Slovakia,2000,0.00488,164,100,0.0184,4,0.04,7.0,9,8,7,Our World in Data / UNAIDS,2026-09-30 02:09:07
5010,SVK,Slovakia,2001,0.00551,186,100,0.0184,5,0.06,8.0,10,8,8,Our World in Data / UNAIDS,2026-09-30 02:09:07
5011,SVK,Slovakia,2002,0.00613,206,100,0.0184,6,0.02,8.0,11,8,10,Our World in Data / UNAIDS,2026-09-30 02:09:07
5012,SVK,Slovakia,2003,0.00675,227,100,0.0184,7,0.1218,10.0,12,8,11,Our World in Data / UNAIDS,2026-09-30 02:09:07
5013,SVK,Slovakia,2004,0.00746,251,100,0.0184,3,0.06,28.0,14,8,6,Our World in Data / UNAIDS,2026-09-30 02:09:07
5014,SVK,Slovakia,2005,0.00822,277,100,0.0184,1,0.026,25.0,15,8,2,Our World in Data / UNAIDS,2026-09-30 02:09:07
5015,SVK,Slovakia,2006,0.00898,302,100,0.0184,1,0.05,34.0,17,8,2,Our World in Data / UNAIDS,2026-09-30 02:09:07
5016,SVK,Slovakia,2007,0.00979,330,100,0.0184,1,0.02,32.0,18,8,2,Our World in Data / UNAIDS,2026-09-30 02:09:07
5017,SVK,Slovakia,2008,0.01063,358,100,0.0184,3,0.02,29.0,20,8,5,Our World in Data / UNAIDS,2026-09-30 02:09:07
5018,SVK,Slovakia,2009,0.01159,390,100,0.0184,4,0.07,31.0,21,8,7,Our World in Data / UNAIDS,2026-09-30 02:09:07
5019,SVK,Slovakia,2010,0.01272,428,100,0.0184,5,0.04,33.0,24,8,8,Our World in Data / UNAIDS,2026-09-30 02:09:07
5020,SVK,Slovakia,2011,0.01406,473,100,0.0184,6,0.05,34.0,26,8,9,Our World in Data / UNAIDS,2026-09-30 02:09:07
5021,SVK,Slovakia,2012,0.0157,529,100,0.0184,5,0.06,39.0,29,8,9,Our World in Data / UNAIDS,2026-09-30 02:09:07
5022,SVK,Slovakia,2013,0.01766,595,100,0.0184,4,0.04,44.0,33,8,7,Our World in Data / UNAIDS,2026-09-30 02:09:07
5023,SVK,Slovakia,2014,0.01991,671,100,0.0184,3,0.02,49.0,37,8,5,Our World in Data / UNAIDS,2026-09-30 02:09:07
5024,SVK,Slovakia,2015,0.0224,754,100,0.0184,3,0.07,55.0,41,8,4,Our World in Data / UNAIDS,2026-09-30 02:09:07
5025,SVK,Slovakia,2016,0.02512,846,100,0.0184,3,0.05,57.0,47,8,4,Our World in Data / UNAIDS,2026-09-30 02:09:07
5026,SVK,Slovakia,2017,0.028,943,100,0.0184,2,0.09,72.0,52,8,4,Our World in Data / UNAIDS,2026-09-30 02:09:07
5027,SVK,Slovakia,2018,0.03096,1043,200,0.0368,2,0.15,65.0,57,15,4,Our World in Data / UNAIDS,2026-09-30 02:09:07
5028,SVK,Slovakia,2019,0.03391,1142,200,0.0368,3,0.16,65.0,63,15,6,Our World in Data / UNAIDS,2026-09-30 02:09:07
5029,SVK,Slovakia,2020,0.0368,1239,200,0.0368,4,0.1,65.0,68,15,7,Our World in Data / UNAIDS,2026-09-30 02:09:07
5030,SVK,Slovakia,2021,0.03966,1336,200,0.0368,4,0.12,65.0,73,15,7,Our World in Data / UNAIDS,2026-09-30 02:09:07
5031,SVK,Slovakia,2022,0.04588,1545,200,0.0368,4,0.12,65.0,85,15,7,Our World in Data / UNAIDS,2026-09-30 02:09:07
5032,SVN,Slovenia,1990,0.00692,91,100,0.0473,3,0.22,27.0,5,8,5,Our World in Data / UNAIDS,2026-09-30 02:09:07
5033,SVN,Slovenia,1991,0.00775,101,100,0.0473,3,0.22,27.0,6,8,6,Our World in Data / UNAIDS,2026-09-30 02:09:07
5034,SVN,Slovenia,1992,0.00855,112,100,0.0473,4,0.22,27.0,6,8,7,Our World in Data / UNAIDS,2026-09-30 02:09:07
5035,SVN,Slovenia,1993,0.00931,122,100,0.0473,5,0.22,27.0,7,8,8,Our World in Data / UNAIDS,2026-09-30 02:09:07
5036,SVN,Slovenia,1994,0.01002,131,100,0.0473,5,0.22,27.0,7,8,9,Our World in Data / UNAIDS,2026-09-30 02:09:07
5037,SVN,Slovenia,1995,0.01081,142,100,0.0473,6,0.22,27.0,8,8,10,Our World in Data / UNAIDS,2026-09-30 02:09:07
5038,SVN,Slovenia,1996,0.01145,150,100,0.0473,7,0.22,27.0,8,8,11,Our World in Data / UNAIDS,2026-09-30 02:09:07
5039,SVN,Slovenia,1997,0.012,157,100,0.0473,8,0.22,27.0,9,8,13,Our World in Data / UNAIDS,2026-09-30 02:09:07
5040,SVN,Slovenia,1998,0.01264,166,100,0.0473,6,0.22,27.0,9,8,10,Our World in Data / UNAIDS,2026-09-30 02:09:07
5041,SVN,Slovenia,1999,0.01351,177,100,0.0473,4,0.22,27.0,10,8,7,Our World in Data / UNAIDS,2026-09-30 02:09:07
5042,SVN,Slovenia,2000,0.01444,189,100,0.0473,4,0.22,27.0,10,8,6,Our World in Data / UNAIDS,2026-09-30 02:09:07
5043,SVN,Slovenia,2001,0.01554,203,100,0.0473,3,0.43,30.0,11,8,4,Our World in Data / UNAIDS,2026-09-30 02:09:07
5044,SVN,Slovenia,2002,0.01678,220,100,0.0473,2,0.16,32.0,12,8,4,Our World in Data / UNAIDS,2026-09-30 02:09:07
5045,SVN,Slovenia,2003,0.01827,239,100,0.0473,2,0.05,34.0,13,8,4,Our World in Data / UNAIDS,2026-09-30 02:09:07
5046,SVN,Slovenia,2004,0.02004,262,100,0.0473,2,0.11,37.0,14,8,4,Our World in Data / UNAIDS,2026-09-30 02:09:07
5047,SVN,Slovenia,2005,0.02222,291,100,0.0473,2,0.16,38.0,16,8,4,Our World in Data / UNAIDS,2026-09-30 02:09:07
5048,SVN,Slovenia,2006,0.02475,324,100,0.0473,3,0.1233,52.0,18,8,4,Our World in Data / UNAIDS,2026-09-30 02:09:07
5049,SVN,Slovenia,2007,0.02784,365,100,0.0473,2,0.16,50.0,20,8,4,Our World in Data / UNAIDS,2026-09-30 02:09:07
5050,SVN,Slovenia,2008,0.03096,405,100,0.0473,2,0.25,46.0,22,8,4,Our World in Data / UNAIDS,2026-09-30 02:09:07
5051,SVN,Slovenia,2009,0.03449,452,100,0.0473,3,0.05,45.0,25,8,4,Our World in Data / UNAIDS,2026-09-30 02:09:07
5052,SVN,Slovenia,2010,0.03797,497,100,0.0473,3,0.1619,60.0,27,8,6,Our World in Data / UNAIDS,2026-09-30 02:09:07
5053,SVN,Slovenia,2011,0.04171,546,100,0.0473,3,0.06,60.0,30,8,5,Our World in Data / UNAIDS,2026-09-30 02:09:07
5054,SVN,Slovenia,2012,0.04563,598,100,0.0473,3,0.11,60.0,33,8,5,Our World in Data / UNAIDS,2026-09-30 02:09:07
5055,SVN,Slovenia,2013,0.04973,651,100,0.0473,3,0.28,64.0,36,8,5,Our World in Data / UNAIDS,2026-09-30 02:09:07
5056,SVN,Slovenia,2014,0.05383,705,100,0.0473,3,0.21,69.0,39,8,6,Our World in Data / UNAIDS,2026-09-30 02:09:07
5057,SVN,Slovenia,2015,0.05787,758,100,0.0473,3,0.1,72.0,42,8,6,Our World in Data / UNAIDS,2026-09-30 02:09:07
5058,SVN,Slovenia,2016,0.0619,811,100,0.0473,4,0.1659,78.0,45,8,6,Our World in Data / UNAIDS,2026-09-30 02:09:07
5059,SVN,Slovenia,2017,0.06583,862,100,0.0473,4,0.2,82.0,47,8,6,Our World in Data / UNAIDS,2026-09-30 02:09:07
5060,SVN,Slovenia,2018,0.06889,902,100,0.0473,3,0.05,83.0,50,8,6,Our World in Data / UNAIDS,2026-09-30 02:09:07
5061,SVN,Slovenia,2019,0.07126,933,100,0.0473,3,0.1511,81.0,51,8,5,Our World in Data / UNAIDS,2026-09-30 02:09:07
5062,SVN,Slovenia,2020,0.07244,949,100,0.0473,3,0.1628,84.0,52,8,6,Our World in Data / UNAIDS,2026-09-30 02:09:07
5063,SVN,Slovenia,2021,0.07511,984,100,0.0473,4,0.01,82.0,54,8,6,Our World in Data / UNAIDS,2026-09-30 02:09:07
5064,SVN,Slovenia,2022,0.07751,1015,100,0.0473,4,0.01,83.0,56,8,6,Our World in Data / UNAIDS,2026-09-30 02:09:07
5065,SWE,Sweden,1990,0.03346,2176,1700,0.1621,65,0.3,31.0,120,128,107,Our World in Data / UNAIDS,2026-09-30 02:09:07
5066,SWE,Sweden,1991,0.03682,2394,1700,0.1621,97,0.3,31.0,132,128,161,Our World in Data / UNAIDS,2026-09-30 02:09:07
5067,SWE,Sweden,1992,0.03989,2594,1700,0.1621,142,0.3,31.0,143,128,235,Our World in Data / UNAIDS,2026-09-30 02:09:07
5068,SWE,Sweden,1993,0.04255,2767,1700,0.1621,180,0.3,31.0,152,128,298,Our World in Data / UNAIDS,2026-09-30 02:09:07
5069,SWE,Sweden,1994,0.04475,2910,1700,0.1621,227,0.3,31.0,160,128,374,Our World in Data / UNAIDS,2026-09-30 02:09:07
5070,SWE,Sweden,1995,0.04689,3049,1700,0.1621,249,0.3,31.0,168,128,411,Our World in Data / UNAIDS,2026-09-30 02:09:07
5071,SWE,Sweden,1996,0.04978,3237,1700,0.1621,318,0.3,31.0,178,128,525,Our World in Data / UNAIDS,2026-09-30 02:09:07
5072,SWE,Sweden,1997,0.05344,3475,1700,0.1621,259,0.3,31.0,191,128,427,Our World in Data / UNAIDS,2026-09-30 02:09:07
5073,SWE,Sweden,1998,0.05721,3720,1700,0.1621,301,0.3,31.0,205,128,497,Our World in Data / UNAIDS,2026-09-30 02:09:07
5074,SWE,Sweden,1999,0.06088,3958,1700,0.1621,372,0.3,31.0,218,128,614,Our World in Data / UNAIDS,2026-09-30 02:09:07
5075,SWE,Sweden,2000,0.06482,4215,1650,0.1573,389,0.3,31.0,232,124,642,Our World in Data / UNAIDS,2026-09-30 02:09:07
5076,SWE,Sweden,2001,0.06836,4445,1700,0.1621,363,0.41,33.0,244,128,599,Our World in Data / UNAIDS,2026-09-30 02:09:07
5077,SWE,Sweden,2002,0.07141,4643,1700,0.1621,349,0.31,34.0,255,128,575,Our World in Data / UNAIDS,2026-09-30 02:09:07
5078,SWE,Sweden,2003,0.07443,4839,1700,0.1621,386,0.33,43.0,266,128,636,Our World in Data / UNAIDS,2026-09-30 02:09:07
5079,SWE,Sweden,2004,0.07741,5033,1550,0.1478,445,0.23,46.0,277,116,735,Our World in Data / UNAIDS,2026-09-30 02:09:07
5080,SWE,Sweden,2005,0.08003,5203,1500,0.143,400,0.35,48.0,286,112,660,Our World in Data / UNAIDS,2026-09-30 02:09:07
5081,SWE,Sweden,2006,0.08214,5341,1450,0.1383,432,0.28,50.0,294,109,712,Our World in Data / UNAIDS,2026-09-30 02:09:07
5082,SWE,Sweden,2007,0.08412,5469,1300,0.124,566,0.31,59.0,301,98,934,Our World in Data / UNAIDS,2026-09-30 02:09:07
5083,SWE,Sweden,2008,0.08597,5590,1250,0.1192,534,0.2,70.0,307,94,880,Our World in Data / UNAIDS,2026-09-30 02:09:07
5084,SWE,Sweden,2009,0.0875,5689,1300,0.124,470,0.31,76.0,313,98,776,Our World in Data / UNAIDS,2026-09-30 02:09:07
5085,SWE,Sweden,2010,0.08894,5783,1300,0.124,452,0.13,81.0,318,98,746,Our World in Data / UNAIDS,2026-09-30 02:09:07
5086,SWE,Sweden,2011,0.09029,5871,1250,0.1192,468,0.26,83.0,323,94,772,Our World in Data / UNAIDS,2026-09-30 02:09:07
5087,SWE,Sweden,2012,0.09106,5921,1250,0.1192,487,0.15,86.0,326,94,803,Our World in Data / UNAIDS,2026-09-30 02:09:07
5088,SWE,Sweden,2013,0.0919,5975,1300,0.124,517,0.16,90.0,329,98,853,Our World in Data / UNAIDS,2026-09-30 02:09:07
5089,SWE,Sweden,2014,0.09216,5992,1200,0.1144,449,0.1,93.0,330,90,741,Our World in Data / UNAIDS,2026-09-30 02:09:07
5090,SWE,Sweden,2015,0.09174,5965,1250,0.1192,430,0.16,95.0,328,94,709,Our World in Data / UNAIDS,2026-09-30 02:09:07
5091,SWE,Sweden,2016,0.09075,5900,1200,0.1144,442,0.14,96.0,324,90,730,Our World in Data / UNAIDS,2026-09-30 02:09:07
5092,SWE,Sweden,2017,0.08992,5847,1200,0.1144,424,0.14,97.0,322,90,699,Our World in Data / UNAIDS,2026-09-30 02:09:07
5093,SWE,Sweden,2018,0.0895,5819,1200,0.1144,381,0.1,97.0,320,90,629,Our World in Data / UNAIDS,2026-09-30 02:09:07
5094,SWE,Sweden,2019,0.08967,5830,1200,0.1144,357,0.08,97.0,321,90,589,Our World in Data / UNAIDS,2026-09-30 02:09:07
5095,SWE,Sweden,2020,0.08894,5783,1250,0.1192,369,0.09,96.0,318,94,609,Our World in Data / UNAIDS,2026-09-30 02:09:07
5096,SWE,Sweden,2021,0.08717,5668,1300,0.124,371,0.09,95.0,312,98,613,Our World in Data / UNAIDS,2026-09-30 02:09:07
5097,SWE,Sweden,2022,0.08712,5664,1200,0.1144,355,0.09,95.0,312,90,585,Our World in Data / UNAIDS,2026-09-30 02:09:07
5098,SWZ,Eswatini,1990,1.20927,9139,21000,17.2284,124,608.66,0.0,503,1575,204,Our World in Data / UNAIDS,2026-09-30 02:09:07
5099,SWZ,Eswatini,1991,2.33252,17628,21000,17.2284,267,608.66,0.0,970,1575,441,Our World in Data / UNAIDS,2026-09-30 02:09:07
5100,SWZ,Eswatini,1992,4.0871,30887,21000,17.2284,527,608.66,0.0,1699,1575,870,Our World in Data / UNAIDS,2026-09-30 02:09:07
5101,SWZ,Eswatini,1993,6.51072,49203,21000,17.2284,950,608.66,0.0,2706,1575,1568,Our World in Data / UNAIDS,2026-09-30 02:09:07
5102,SWZ,Eswatini,1994,9.31018,70360,21000,17.2284,1536,608.66,0.0,3870,1575,2534,Our World in Data / UNAIDS,2026-09-30 02:09:07
5103,SWZ,Eswatini,1995,12.62505,95411,21000,17.2284,2154,608.66,0.0,5248,1575,3555,Our World in Data / UNAIDS,2026-09-30 02:09:07
5104,SWZ,Eswatini,1996,15.80222,119422,21000,17.2284,3012,608.66,0.0,6568,1575,4970,Our World in Data / UNAIDS,2026-09-30 02:09:07
5105,SWZ,Eswatini,1997,18.64861,140933,21000,17.2284,3998,608.66,0.0,7751,1575,6596,Our World in Data / UNAIDS,2026-09-30 02:09:07
5106,SWZ,Eswatini,1998,20.95878,158391,21000,17.2284,5079,608.66,0.0,8712,1575,8380,Our World in Data / UNAIDS,2026-09-30 02:09:07
5107,SWZ,Eswatini,1999,22.82359,172484,21000,17.2284,6240,608.66,0.0,9487,1575,10296,Our World in Data / UNAIDS,2026-09-30 02:09:07
5108,SWZ,Eswatini,2000,24.20568,182929,21000,17.2284,7448,608.66,0.0,10061,1575,12290,Our World in Data / UNAIDS,2026-09-30 02:09:07
5109,SWZ,Eswatini,2001,25.20228,190461,21000,17.2284,8550,690.7,1.0,10475,1575,14107,Our World in Data / UNAIDS,2026-09-30 02:09:07
5110,SWZ,Eswatini,2002,25.87362,195534,20000,16.408,9433,756.53,1.0,10754,1500,15564,Our World in Data / UNAIDS,2026-09-30 02:09:07
5111,SWZ,Eswatini,2003,26.33589,199028,19000,15.5876,10244,815.59,2.0,10947,1425,16902,Our World in Data / UNAIDS,2026-09-30 02:09:07
5112,SWZ,Eswatini,2004,26.62652,201224,19000,15.5876,10829,859.64,3.0,11067,1425,17867,Our World in Data / UNAIDS,2026-09-30 02:09:07
5113,SWZ,Eswatini,2005,26.7913,202470,18000,14.7672,10760,854.44,6.0,11136,1350,17754,Our World in Data / UNAIDS,2026-09-30 02:09:07
5114,SWZ,Eswatini,2006,26.99873,204037,17000,13.9468,9715,780.44,10.0,11222,1275,16029,Our World in Data / UNAIDS,2026-09-30 02:09:07
5115,SWZ,Eswatini,2007,27.21436,205667,17000,13.9468,8799,697.79,13.0,11312,1275,14518,Our World in Data / UNAIDS,2026-09-30 02:09:07
5116,SWZ,Eswatini,2008,27.46366,207551,17000,13.9468,8209,642.54,17.0,11415,1275,13546,Our World in Data / UNAIDS,2026-09-30 02:09:07
5117,SWZ,Eswatini,2009,27.72765,209546,16000,13.1264,7487,579.47,22.0,11525,1200,12353,Our World in Data / UNAIDS,2026-09-30 02:09:07
5118,SWZ,Eswatini,2010,28.03664,211881,14000,11.4856,6520,513.14,31.0,11653,1050,10757,Our World in Data / UNAIDS,2026-09-30 02:09:07
5119,SWZ,Eswatini,2011,28.41971,214776,14000,11.4856,5415,419.56,34.0,11813,1050,8935,Our World in Data / UNAIDS,2026-09-30 02:09:07
5120,SWZ,Eswatini,2012,28.79841,217638,14000,11.4856,5135,393.65,38.0,11970,1050,8474,Our World in Data / UNAIDS,2026-09-30 02:09:07
5121,SWZ,Eswatini,2013,29.17014,220447,13000,10.6652,4856,371.59,43.0,12125,975,8013,Our World in Data / UNAIDS,2026-09-30 02:09:07
5122,SWZ,Eswatini,2014,29.40869,222250,13000,10.6652,4672,360.8,52.0,12224,975,7709,Our World in Data / UNAIDS,2026-09-30 02:09:07
5123,SWZ,Eswatini,2015,29.34391,221760,11000,9.0244,4420,360.57,67.0,12197,825,7294,Our World in Data / UNAIDS,2026-09-30 02:09:07
5124,SWZ,Eswatini,2016,28.9998,219160,8400,6.8914,3970,329.48,77.0,12054,630,6551,Our World in Data / UNAIDS,2026-09-30 02:09:07
5125,SWZ,Eswatini,2017,28.57319,215936,7200,5.9069,3316,278.71,78.0,11876,540,5472,Our World in Data / UNAIDS,2026-09-30 02:09:07
5126,SWZ,Eswatini,2018,28.13938,212657,6900,5.6608,3032,249.83,78.0,11696,518,5002,Our World in Data / UNAIDS,2026-09-30 02:09:07
5127,SWZ,Eswatini,2019,27.59498,208543,6300,5.1685,3293,264.49,84.0,11470,472,5433,Our World in Data / UNAIDS,2026-09-30 02:09:07
5128,SWZ,Eswatini,2020,26.89184,203229,5300,4.3481,3296,263.59,90.0,11178,398,5438,Our World in Data / UNAIDS,2026-09-30 02:09:07
5129,SWZ,Eswatini,2021,26.14575,197591,5300,4.3481,2943,225.13,88.0,10868,398,4856,Our World in Data / UNAIDS,2026-09-30 02:09:07
5130,SWZ,Eswatini,2022,25.20576,190487,4400,3.6098,2916,225.13,89.0,10477,330,4812,Our World in Data / UNAIDS,2026-09-30 02:09:07
5131,SYC,Seychelles,2000,0.24165,180,1650,13.764,389,324.6572,0.0,10,124,642,Our World in Data / UNAIDS,2026-09-30 02:09:07
5132,SYC,Seychelles,2001,0.25329,188,1700,14.1811,363,302.6956,0.0,10,128,599,Our World in Data / UNAIDS,2026-09-30 02:09:07
5133,SYC,Seychelles,2002,0.27393,204,1700,14.1811,349,290.9428,0.0,11,128,575,Our World in Data / UNAIDS,2026-09-30 02:09:07
5134,SYC,Seychelles,2003,0.30624,228,1700,14.1811,386,321.7828,1.5,13,128,636,Our World in Data / UNAIDS,2026-09-30 02:09:07
5135,SYC,Seychelles,2004,0.31623,235,1550,12.9298,445,371.5473,3.0,13,116,735,Our World in Data / UNAIDS,2026-09-30 02:09:07
5136,SYC,Seychelles,2005,0.31956,238,1500,12.5127,400,333.4595,6.5,13,112,660,Our World in Data / UNAIDS,2026-09-30 02:09:07
5137,SYC,Seychelles,2006,0.32438,241,1450,12.0956,432,360.0211,9.5,13,109,712,Our World in Data / UNAIDS,2026-09-30 02:09:07
5138,SYC,Seychelles,2007,0.3304,246,1300,10.8444,566,472.1277,13.0,14,98,934,Our World in Data / UNAIDS,2026-09-30 02:09:07
5139,SYC,Seychelles,2008,0.33243,247,1250,10.4273,534,445.0496,17.0,14,94,880,Our World in Data / UNAIDS,2026-09-30 02:09:07
5140,SYC,Seychelles,2009,0.32959,245,1300,10.8444,470,392.2181,21.0,13,98,776,Our World in Data / UNAIDS,2026-09-30 02:09:07
5141,SYC,Seychelles,2010,0.33193,247,1300,10.8444,452,377.3165,24.9444,14,98,746,Our World in Data / UNAIDS,2026-09-30 02:09:07
5142,SYC,Seychelles,2011,0.34874,259,1250,10.4273,468,390.0551,28.0,14,94,772,Our World in Data / UNAIDS,2026-09-30 02:09:07
5143,SYC,Seychelles,2012,0.36233,269,1250,10.4273,487,406.0276,31.0,15,94,803,Our World in Data / UNAIDS,2026-09-30 02:09:07
5144,SYC,Seychelles,2013,0.36732,273,1300,10.8444,517,431.3159,35.0,15,98,853,Our World in Data / UNAIDS,2026-09-30 02:09:07
5145,SYC,Seychelles,2014,0.36172,269,1200,10.0102,449,374.5146,37.0,15,90,741,Our World in Data / UNAIDS,2026-09-30 02:09:07
5146,SYC,Seychelles,2015,0.36479,271,1250,10.4273,430,358.4531,41.0,15,94,709,Our World in Data / UNAIDS,2026-09-30 02:09:07
5147,SYC,Seychelles,2016,0.37443,278,1200,10.0102,442,369.0136,45.5,15,90,730,Our World in Data / UNAIDS,2026-09-30 02:09:07
5148,SYC,Seychelles,2017,0.36894,274,1200,10.0102,424,353.4356,50.5,15,90,699,Our World in Data / UNAIDS,2026-09-30 02:09:07
5149,SYC,Seychelles,2018,0.36413,271,1200,10.0102,381,318.0999,54.0,15,90,629,Our World in Data / UNAIDS,2026-09-30 02:09:07
5150,SYC,Seychelles,2019,0.37023,275,1200,10.0102,357,297.6738,59.0,15,90,589,Our World in Data / UNAIDS,2026-09-30 02:09:07
5151,SYC,Seychelles,2020,0.39803,296,1250,10.4273,369,308.0719,61.5,16,94,609,Our World in Data / UNAIDS,2026-09-30 02:09:07
5152,SYC,Seychelles,2021,0.40203,299,1300,10.8444,371,309.8694,64.5,16,98,613,Our World in Data / UNAIDS,2026-09-30 02:09:07
5153,SYR,Syria,1990,0.00058,81,100,0.0045,1,0.07,0.0,4,8,2,Our World in Data / UNAIDS,2026-09-30 02:09:07
5154,SYR,Syria,1991,0.0007,97,100,0.0045,2,0.07,0.0,5,8,3,Our World in Data / UNAIDS,2026-09-30 02:09:07
5155,SYR,Syria,1992,0.00084,117,100,0.0045,2,0.07,0.0,6,8,4,Our World in Data / UNAIDS,2026-09-30 02:09:07
5156,SYR,Syria,1993,0.00099,138,100,0.0045,3,0.07,0.0,8,8,5,Our World in Data / UNAIDS,2026-09-30 02:09:07
5157,SYR,Syria,1994,0.00115,160,100,0.0045,4,0.07,0.0,9,8,6,Our World in Data / UNAIDS,2026-09-30 02:09:07
5158,SYR,Syria,1995,0.00132,184,100,0.0045,5,0.07,0.0,10,8,8,Our World in Data / UNAIDS,2026-09-30 02:09:07
5159,SYR,Syria,1996,0.00149,208,100,0.0045,6,0.07,0.0,11,8,9,Our World in Data / UNAIDS,2026-09-30 02:09:07
5160,SYR,Syria,1997,0.00167,233,100,0.0045,7,0.07,0.0,13,8,11,Our World in Data / UNAIDS,2026-09-30 02:09:07
5161,SYR,Syria,1998,0.00184,256,100,0.0045,8,0.07,0.0,14,8,13,Our World in Data / UNAIDS,2026-09-30 02:09:07
5162,SYR,Syria,1999,0.00202,281,100,0.0045,9,0.07,0.0,15,8,15,Our World in Data / UNAIDS,2026-09-30 02:09:07
5163,SYR,Syria,2000,0.00219,305,100,0.0045,11,0.07,0.0,17,8,18,Our World in Data / UNAIDS,2026-09-30 02:09:07
5164,SYR,Syria,2001,0.00237,330,100,0.0045,12,0.07,0.0,18,8,20,Our World in Data / UNAIDS,2026-09-30 02:09:07
5165,SYR,Syria,2002,0.00254,354,100,0.0045,14,0.08,0.0,19,8,23,Our World in Data / UNAIDS,2026-09-30 02:09:07
5166,SYR,Syria,2003,0.00272,379,100,0.0045,15,0.08,1.0,21,8,25,Our World in Data / UNAIDS,2026-09-30 02:09:07
5167,SYR,Syria,2004,0.0029,404,100,0.0045,15,0.07,4.0,22,8,25,Our World in Data / UNAIDS,2026-09-30 02:09:07
5168,SYR,Syria,2005,0.00307,428,100,0.0045,16,0.07,4.0,24,8,27,Our World in Data / UNAIDS,2026-09-30 02:09:07
5169,SYR,Syria,2006,0.00326,454,100,0.0045,19,0.07,4.0,25,8,31,Our World in Data / UNAIDS,2026-09-30 02:09:07
5170,SYR,Syria,2007,0.00344,479,100,0.0045,22,0.08,5.0,26,8,36,Our World in Data / UNAIDS,2026-09-30 02:09:07
5171,SYR,Syria,2008,0.00361,503,100,0.0045,25,0.09,5.0,28,8,41,Our World in Data / UNAIDS,2026-09-30 02:09:07
5172,SYR,Syria,2009,0.00379,528,100,0.0045,26,0.09,7.0,29,8,43,Our World in Data / UNAIDS,2026-09-30 02:09:07
5173,SYR,Syria,2010,0.00396,551,100,0.0045,27,0.1,9.0,30,8,45,Our World in Data / UNAIDS,2026-09-30 02:09:07
5174,SYR,Syria,2011,0.00412,574,100,0.0045,28,0.1,12.0,32,8,47,Our World in Data / UNAIDS,2026-09-30 02:09:07
5175,SYR,Syria,2012,0.00428,596,100,0.0045,29,0.09,15.0,33,8,47,Our World in Data / UNAIDS,2026-09-30 02:09:07
5176,SYR,Syria,2013,0.00441,614,100,0.0045,29,0.09,17.0,34,8,48,Our World in Data / UNAIDS,2026-09-30 02:09:07
5177,SYR,Syria,2014,0.0045,627,100,0.0045,26,0.09,20.0,34,8,43,Our World in Data / UNAIDS,2026-09-30 02:09:07
5178,SYR,Syria,2015,0.00455,634,100,0.0045,24,0.09,21.0,35,8,40,Our World in Data / UNAIDS,2026-09-30 02:09:07
5179,SYR,Syria,2016,0.00459,639,100,0.0045,23,0.09,23.0,35,8,38,Our World in Data / UNAIDS,2026-09-30 02:09:07
5180,SYR,Syria,2017,0.00463,645,100,0.0045,22,0.09,29.0,35,8,37,Our World in Data / UNAIDS,2026-09-30 02:09:07
5181,SYR,Syria,2018,0.00469,653,100,0.0045,19,0.06,35.0,36,8,31,Our World in Data / UNAIDS,2026-09-30 02:09:07
5182,SYR,Syria,2019,0.00476,663,100,0.0045,17,0.05,42.0,36,8,29,Our World in Data / UNAIDS,2026-09-30 02:09:07
5183,SYR,Syria,2020,0.00481,670,100,0.0045,17,0.05,44.0,37,8,28,Our World in Data / UNAIDS,2026-09-30 02:09:07
5184,SYR,Syria,2021,0.00485,675,100,0.0045,18,0.06,45.0,37,8,30,Our World in Data / UNAIDS,2026-09-30 02:09:07
5185,SYR,Syria,2022,0.00489,681,100,0.0045,19,0.06,46.0,37,8,32,Our World in Data / UNAIDS,2026-09-30 02:09:07
5186,TCD,Chad,1990,1.15282,131909,12000,0.6502,1594,80.22,0.0,7255,900,2630,Our World in Data / UNAIDS,2026-09-30 02:09:07
5187,TCD,Chad,1991,1.42794,163389,12000,0.6502,2075,80.22,0.0,8986,900,3424,Our World in Data / UNAIDS,2026-09-30 02:09:07
5188,TCD,Chad,1992,1.67018,191107,12000,0.6502,2715,80.22,0.0,10511,900,4480,Our World in Data / UNAIDS,2026-09-30 02:09:07
5189,TCD,Chad,1993,1.8851,215699,12000,0.6502,3381,80.22,0.0,11863,900,5579,Our World in Data / UNAIDS,2026-09-30 02:09:07
5190,TCD,Chad,1994,2.07529,237461,12000,0.6502,3939,80.22,0.0,13060,900,6500,Our World in Data / UNAIDS,2026-09-30 02:09:07
5191,TCD,Chad,1995,2.24372,256733,12000,0.6502,4616,80.22,0.0,14120,900,7616,Our World in Data / UNAIDS,2026-09-30 02:09:07
5192,TCD,Chad,1996,2.34336,268134,12000,0.6502,5461,80.22,0.0,14747,900,9011,Our World in Data / UNAIDS,2026-09-30 02:09:07
5193,TCD,Chad,1997,2.43574,278705,12000,0.6502,6194,80.22,0.0,15329,900,10221,Our World in Data / UNAIDS,2026-09-30 02:09:07
5194,TCD,Chad,1998,2.47741,283473,12000,0.6502,6904,80.22,0.0,15591,900,11391,Our World in Data / UNAIDS,2026-09-30 02:09:07
5195,TCD,Chad,1999,2.46667,282244,12000,0.6502,7552,80.22,0.0,15523,900,12461,Our World in Data / UNAIDS,2026-09-30 02:09:07
5196,TCD,Chad,2000,2.42702,277707,12000,0.6502,8149,80.22,0.0,15274,900,13446,Our World in Data / UNAIDS,2026-09-30 02:09:07
5197,TCD,Chad,2001,2.38106,272448,12000,0.6502,8657,82.15,0.0,14985,900,14284,Our World in Data / UNAIDS,2026-09-30 02:09:07
5198,TCD,Chad,2002,2.31782,265212,12000,0.6502,9092,83.15,0.0,14587,900,15002,Our World in Data / UNAIDS,2026-09-30 02:09:07
5199,TCD,Chad,2003,2.24437,256807,11000,0.596,9457,83.71,0.0,14124,825,15605,Our World in Data / UNAIDS,2026-09-30 02:09:07
5200,TCD,Chad,2004,2.1518,246215,11000,0.596,9853,83.41,0.0,13542,825,16257,Our World in Data / UNAIDS,2026-09-30 02:09:07
5201,TCD,Chad,2005,2.05702,235370,10000,0.5418,10025,79.87,1.0,12945,750,16541,Our World in Data / UNAIDS,2026-09-30 02:09:07
5202,TCD,Chad,2006,1.97546,226038,10000,0.5418,9468,70.92,4.0,12432,750,15622,Our World in Data / UNAIDS,2026-09-30 02:09:07
5203,TCD,Chad,2007,1.90505,217981,10000,0.5418,8709,63.06,7.0,11989,750,14370,Our World in Data / UNAIDS,2026-09-30 02:09:07
5204,TCD,Chad,2008,1.83977,210512,9400,0.5093,8115,51.2,10.0,11578,705,13390,Our World in Data / UNAIDS,2026-09-30 02:09:07
5205,TCD,Chad,2009,1.77801,203445,8800,0.4768,7675,38.69,13.0,11189,660,12663,Our World in Data / UNAIDS,2026-09-30 02:09:07
5206,TCD,Chad,2010,1.72262,197107,8500,0.4606,7298,34.45,16.0,10841,638,12041,Our World in Data / UNAIDS,2026-09-30 02:09:07
5207,TCD,Chad,2011,1.6633,190320,8100,0.4389,7108,33.97,19.0,10468,608,11729,Our World in Data / UNAIDS,2026-09-30 02:09:07
5208,TCD,Chad,2012,1.60429,183568,7700,0.4172,6855,32.47,22.0,10096,578,11311,Our World in Data / UNAIDS,2026-09-30 02:09:07
5209,TCD,Chad,2013,1.54599,176897,7100,0.3847,6527,31.14,25.0,9729,532,10770,Our World in Data / UNAIDS,2026-09-30 02:09:07
5210,TCD,Chad,2014,1.4834,169735,6200,0.3359,6286,30.82,28.0,9335,465,10371,Our World in Data / UNAIDS,2026-09-30 02:09:07
5211,TCD,Chad,2015,1.4221,162721,6600,0.3576,6165,30.39,31.0,8950,495,10172,Our World in Data / UNAIDS,2026-09-30 02:09:07
5212,TCD,Chad,2016,1.36222,155869,6400,0.3468,5871,28.28,34.0,8573,480,9687,Our World in Data / UNAIDS,2026-09-30 02:09:07
5213,TCD,Chad,2017,1.29989,148737,5700,0.3089,5615,26.42,37.0,8181,428,9266,Our World in Data / UNAIDS,2026-09-30 02:09:07
5214,TCD,Chad,2018,1.24114,142015,5400,0.2926,5308,24.01,40.0,7811,405,8758,Our World in Data / UNAIDS,2026-09-30 02:09:07
5215,TCD,Chad,2019,1.18333,135400,5100,0.2763,5068,21.71,42.0,7447,382,8363,Our World in Data / UNAIDS,2026-09-30 02:09:07
5216,TCD,Chad,2020,1.12469,128690,4700,0.2547,4727,19.64,47.0,7078,352,7800,Our World in Data / UNAIDS,2026-09-30 02:09:07
5217,TCD,Chad,2021,1.06763,122161,4300,0.233,4275,17.43,51.0,6719,322,7053,Our World in Data / UNAIDS,2026-09-30 02:09:07
5218,TCD,Chad,2022,1.01337,115953,4400,0.2384,4024,17.43,54.0,6377,330,6640,Our World in Data / UNAIDS,2026-09-30 02:09:07
5219,TGO,Togo,1990,0.87472,43758,12000,1.4872,655,139.72,0.0,2407,900,1080,Our World in Data / UNAIDS,2026-09-30 02:09:07
5220,TGO,Togo,1991,1.13971,57014,12000,1.4872,897,139.72,0.0,3136,900,1479,Our World in Data / UNAIDS,2026-09-30 02:09:07
5221,TGO,Togo,1992,1.45042,72558,12000,1.4872,1207,139.72,0.0,3991,900,1991,Our World in Data / UNAIDS,2026-09-30 02:09:07
5222,TGO,Togo,1993,1.81032,90562,12000,1.4872,1597,139.72,0.0,4981,900,2635,Our World in Data / UNAIDS,2026-09-30 02:09:07
5223,TGO,Togo,1994,2.19134,109623,12000,1.4872,1902,139.72,0.0,6029,900,3138,Our World in Data / UNAIDS,2026-09-30 02:09:07
5224,TGO,Togo,1995,2.59016,129574,12000,1.4872,2466,139.72,0.0,7127,900,4068,Our World in Data / UNAIDS,2026-09-30 02:09:07
5225,TGO,Togo,1996,2.96668,148409,12000,1.4872,3093,139.72,0.0,8162,900,5104,Our World in Data / UNAIDS,2026-09-30 02:09:07
5226,TGO,Togo,1997,3.29126,164647,12000,1.4872,3770,139.72,0.0,9056,900,6220,Our World in Data / UNAIDS,2026-09-30 02:09:07
5227,TGO,Togo,1998,3.51738,175958,12000,1.4872,4450,139.72,0.0,9678,900,7342,Our World in Data / UNAIDS,2026-09-30 02:09:07
5228,TGO,Togo,1999,3.6535,182768,12000,1.4872,5138,139.72,0.0,10052,900,8478,Our World in Data / UNAIDS,2026-09-30 02:09:07
5229,TGO,Togo,2000,3.715,185844,12000,1.4872,5814,139.72,0.0,10221,900,9593,Our World in Data / UNAIDS,2026-09-30 02:09:07
5230,TGO,Togo,2001,3.69789,184988,11000,1.3633,6446,150.55,0.0,10174,825,10636,Our World in Data / UNAIDS,2026-09-30 02:09:07
5231,TGO,Togo,2002,3.62424,181304,9600,1.1898,6984,158.89,0.0,9972,720,11523,Our World in Data / UNAIDS,2026-09-30 02:09:07
5232,TGO,Togo,2003,3.52004,176091,9000,1.1154,7294,162.12,1.0,9685,675,12035,Our World in Data / UNAIDS,2026-09-30 02:09:07
5233,TGO,Togo,2004,3.40055,170114,8500,1.0535,7424,161.21,2.0,9356,638,12250,Our World in Data / UNAIDS,2026-09-30 02:09:07
5234,TGO,Togo,2005,3.2801,164088,8000,0.9915,7163,153.09,5.0,9025,600,11819,Our World in Data / UNAIDS,2026-09-30 02:09:07
5235,TGO,Togo,2006,3.15919,158040,7400,0.9171,6901,144.01,6.0,8692,555,11387,Our World in Data / UNAIDS,2026-09-30 02:09:07
5236,TGO,Togo,2007,3.03747,151951,7400,0.9171,7127,144.19,7.0,8357,555,11759,Our World in Data / UNAIDS,2026-09-30 02:09:07
5237,TGO,Togo,2008,2.92003,146076,7000,0.8676,6981,137.45,10.0,8034,525,11519,Our World in Data / UNAIDS,2026-09-30 02:09:07
5238,TGO,Togo,2009,2.81725,140934,6600,0.818,6396,122.89,15.0,7751,495,10553,Our World in Data / UNAIDS,2026-09-30 02:09:07
5239,TGO,Togo,2010,2.73807,136973,6300,0.7808,5466,103.27,22.0,7534,472,9018,Our World in Data / UNAIDS,2026-09-30 02:09:07
5240,TGO,Togo,2011,2.66136,133136,4900,0.6073,4574,86.3,27.0,7322,368,7547,Our World in Data / UNAIDS,2026-09-30 02:09:07
5241,TGO,Togo,2012,2.58043,129087,4300,0.5329,4305,79.71,30.0,7100,322,7103,Our World in Data / UNAIDS,2026-09-30 02:09:07
5242,TGO,Togo,2013,2.49445,124786,3900,0.4834,4176,75.26,34.0,6863,292,6891,Our World in Data / UNAIDS,2026-09-30 02:09:07
5243,TGO,Togo,2014,2.40608,120365,3900,0.4834,4064,71.05,37.0,6620,292,6706,Our World in Data / UNAIDS,2026-09-30 02:09:07
5244,TGO,Togo,2015,2.31691,115904,3800,0.471,3775,67.11,44.0,6375,285,6228,Our World in Data / UNAIDS,2026-09-30 02:09:07
5245,TGO,Togo,2016,2.23194,111654,3600,0.4462,3370,57.86,52.0,6141,270,5561,Our World in Data / UNAIDS,2026-09-30 02:09:07
5246,TGO,Togo,2017,2.15679,107894,4000,0.4957,3223,52.56,60.0,5934,300,5318,Our World in Data / UNAIDS,2026-09-30 02:09:07
5247,TGO,Togo,2018,2.08024,104065,3500,0.4338,2874,44.89,66.0,5724,262,4742,Our World in Data / UNAIDS,2026-09-30 02:09:07
5248,TGO,Togo,2019,2.0082,100461,3300,0.409,2494,37.57,76.0,5525,248,4116,Our World in Data / UNAIDS,2026-09-30 02:09:07
5249,TGO,Togo,2020,1.93328,96713,3200,0.3966,2250,32.5,80.0,5319,240,3712,Our World in Data / UNAIDS,2026-09-30 02:09:07
5250,TGO,Togo,2021,1.85908,93001,3300,0.409,2030,28.85,81.0,5115,248,3350,Our World in Data / UNAIDS,2026-09-30 02:09:07
5251,TGO,Togo,2022,1.7857,89330,3200,0.3966,1844,28.85,80.0,4913,240,3042,Our World in Data / UNAIDS,2026-09-30 02:09:07
5252,THA,Thailand,1990,0.91378,406412,51000,0.7109,2673,86.64,0.0,22353,3825,4411,Our World in Data / UNAIDS,2026-09-30 02:09:07
5253,THA,Thailand,1991,1.39328,619674,51000,0.7109,5707,86.64,0.0,34082,3825,9417,Our World in Data / UNAIDS,2026-09-30 02:09:07
5254,THA,Thailand,1992,1.79774,799561,51000,0.7109,9984,86.64,0.0,43976,3825,16474,Our World in Data / UNAIDS,2026-09-30 02:09:07
5255,THA,Thailand,1993,2.09286,930818,51000,0.7109,15290,86.64,0.0,51195,3825,25228,Our World in Data / UNAIDS,2026-09-30 02:09:07
5256,THA,Thailand,1994,2.29863,1022336,51000,0.7109,21386,86.64,0.0,56228,3825,35288,Our World in Data / UNAIDS,2026-09-30 02:09:07
5257,THA,Thailand,1995,2.42924,1080426,51000,0.7109,27698,86.64,0.0,59423,3825,45701,Our World in Data / UNAIDS,2026-09-30 02:09:07
5258,THA,Thailand,1996,2.49898,1111444,51000,0.7109,34731,86.64,0.0,61129,3825,57306,Our World in Data / UNAIDS,2026-09-30 02:09:07
5259,THA,Thailand,1997,2.52281,1122043,51000,0.7109,41793,86.64,0.0,61712,3825,68958,Our World in Data / UNAIDS,2026-09-30 02:09:07
5260,THA,Thailand,1998,2.51199,1117230,51000,0.7109,48588,86.64,0.0,61448,3825,80171,Our World in Data / UNAIDS,2026-09-30 02:09:07
5261,THA,Thailand,1999,2.47409,1100374,51000,0.7109,54797,86.64,0.0,60521,3825,90416,Our World in Data / UNAIDS,2026-09-30 02:09:07
5262,THA,Thailand,2000,2.40963,1071705,51000,0.7109,60152,86.64,0.0,58944,3825,99252,Our World in Data / UNAIDS,2026-09-30 02:09:07
5263,THA,Thailand,2001,2.32542,1034252,46000,0.6412,64473,80.22,1.0,56884,3450,106381,Our World in Data / UNAIDS,2026-09-30 02:09:07
5264,THA,Thailand,2002,2.22952,991599,41000,0.5715,66417,79.08,2.0,54538,3075,109588,Our World in Data / UNAIDS,2026-09-30 02:09:07
5265,THA,Thailand,2003,2.12886,946830,37000,0.5158,65979,77.11,3.0,52076,2775,108865,Our World in Data / UNAIDS,2026-09-30 02:09:07
5266,THA,Thailand,2004,2.03074,903190,31000,0.4321,61793,70.95,7.0,49675,2325,101958,Our World in Data / UNAIDS,2026-09-30 02:09:07
5267,THA,Thailand,2005,1.94743,866137,28000,0.3903,53160,72.25,13.0,47638,2100,87714,Our World in Data / UNAIDS,2026-09-30 02:09:07
5268,THA,Thailand,2006,1.87669,834675,25000,0.3485,45184,62.08,17.0,45907,1875,74554,Our World in Data / UNAIDS,2026-09-30 02:09:07
5269,THA,Thailand,2007,1.8115,805681,22000,0.3067,40724,57.05,21.0,44312,1650,67194,Our World in Data / UNAIDS,2026-09-30 02:09:07
5270,THA,Thailand,2008,1.7511,778818,20000,0.2788,37028,52.69,24.0,42835,1500,61097,Our World in Data / UNAIDS,2026-09-30 02:09:07
5271,THA,Thailand,2009,1.695,753867,19000,0.2649,33946,49.11,28.0,41463,1425,56012,Our World in Data / UNAIDS,2026-09-30 02:09:07
5272,THA,Thailand,2010,1.64635,732229,18000,0.2509,30887,45.5,32.0,40273,1350,50964,Our World in Data / UNAIDS,2026-09-30 02:09:07
5273,THA,Thailand,2011,1.60181,712419,17000,0.237,27750,40.74,36.0,39183,1275,45788,Our World in Data / UNAIDS,2026-09-30 02:09:07
5274,THA,Thailand,2012,1.5582,693024,16000,0.223,25590,37.45,40.0,38116,1200,42223,Our World in Data / UNAIDS,2026-09-30 02:09:07
5275,THA,Thailand,2013,1.51427,673485,15000,0.2091,24472,35.33,44.0,37042,1125,40379,Our World in Data / UNAIDS,2026-09-30 02:09:07
5276,THA,Thailand,2014,1.47229,654814,15000,0.2091,22843,32.63,48.0,36015,1125,37691,Our World in Data / UNAIDS,2026-09-30 02:09:07
5277,THA,Thailand,2015,1.43055,636250,14000,0.1952,20895,29.75,55.0,34994,1050,34477,Our World in Data / UNAIDS,2026-09-30 02:09:07
5278,THA,Thailand,2016,1.38507,616022,12000,0.1673,18826,26.8,60.0,33881,900,31063,Our World in Data / UNAIDS,2026-09-30 02:09:07
5279,THA,Thailand,2017,1.3397,595844,12000,0.1673,17102,24.19,65.0,32771,900,28218,Our World in Data / UNAIDS,2026-09-30 02:09:07
5280,THA,Thailand,2018,1.294,575518,11000,0.1533,15692,22.24,68.0,31653,825,25892,Our World in Data / UNAIDS,2026-09-30 02:09:07
5281,THA,Thailand,2019,1.24599,554165,10000,0.1394,14464,20.75,72.0,30479,750,23865,Our World in Data / UNAIDS,2026-09-30 02:09:07
5282,THA,Thailand,2020,1.19668,532234,9900,0.138,13279,18.77,76.0,29273,742,21911,Our World in Data / UNAIDS,2026-09-30 02:09:07
5283,THA,Thailand,2021,1.14844,510779,9500,0.1324,11871,16.67,78.0,28093,712,19587,Our World in Data / UNAIDS,2026-09-30 02:09:07
5284,THA,Thailand,2022,1.0997,489102,9100,0.1269,10765,16.67,81.0,26901,682,17762,Our World in Data / UNAIDS,2026-09-30 02:09:07
5285,TJK,Tajikistan,1990,0.00027,17,680,0.0668,0,0.0014,0.0,1,51,0,Our World in Data / UNAIDS,2026-09-30 02:09:07
5286,TJK,Tajikistan,1991,0.00049,31,680,0.0668,0,0.0026,0.0,2,51,0,Our World in Data / UNAIDS,2026-09-30 02:09:07
5287,TJK,Tajikistan,1992,0.00088,56,680,0.0668,0,0.0048,0.0,3,51,1,Our World in Data / UNAIDS,2026-09-30 02:09:07
5288,TJK,Tajikistan,1993,0.00158,100,680,0.0668,1,0.0087,0.0,6,51,1,Our World in Data / UNAIDS,2026-09-30 02:09:07
5289,TJK,Tajikistan,1994,0.01462,923,680,0.0668,9,0.0896,0.0,51,51,15,Our World in Data / UNAIDS,2026-09-30 02:09:07
5290,TJK,Tajikistan,1995,0.01967,1242,680,0.0668,17,0.1638,0.0,68,51,28,Our World in Data / UNAIDS,2026-09-30 02:09:07
5291,TJK,Tajikistan,1996,0.02666,1683,680,0.0668,25,0.2471,0.0,93,51,42,Our World in Data / UNAIDS,2026-09-30 02:09:07
5292,TJK,Tajikistan,1997,0.03515,2219,680,0.0668,35,0.3436,0.0,122,51,58,Our World in Data / UNAIDS,2026-09-30 02:09:07
5293,TJK,Tajikistan,1998,0.04556,2876,680,0.0668,49,0.485,0.0,158,51,81,Our World in Data / UNAIDS,2026-09-30 02:09:07
5294,TJK,Tajikistan,1999,0.0578,3649,680,0.0668,67,0.6627,0.0,201,51,111,Our World in Data / UNAIDS,2026-09-30 02:09:07
5295,TJK,Tajikistan,2000,0.07225,4561,680,0.0668,89,0.8764,0.0,251,51,147,Our World in Data / UNAIDS,2026-09-30 02:09:07
5296,TJK,Tajikistan,2001,0.08745,5521,790,0.0776,118,1.1576,0.0,304,59,194,Our World in Data / UNAIDS,2026-09-30 02:09:07
5297,TJK,Tajikistan,2002,0.10311,6509,900,0.0884,152,0.01,0.0,358,68,251,Our World in Data / UNAIDS,2026-09-30 02:09:07
5298,TJK,Tajikistan,2003,0.11757,7422,950,0.0933,192,0.02,0.0,408,71,316,Our World in Data / UNAIDS,2026-09-30 02:09:07
5299,TJK,Tajikistan,2004,0.13137,8293,990,0.0972,236,0.07,0.0,456,74,390,Our World in Data / UNAIDS,2026-09-30 02:09:07
5300,TJK,Tajikistan,2005,0.14172,8947,980,0.0962,284,0.15,0.0,492,74,468,Our World in Data / UNAIDS,2026-09-30 02:09:07
5301,TJK,Tajikistan,2006,0.15294,9655,1000,0.0982,326,0.18,1.0,531,75,538,Our World in Data / UNAIDS,2026-09-30 02:09:07
5302,TJK,Tajikistan,2007,0.16205,10230,1000,0.0982,367,0.22,1.0,563,75,605,Our World in Data / UNAIDS,2026-09-30 02:09:07
5303,TJK,Tajikistan,2008,0.17077,10781,1000,0.0982,408,0.32,2.0,593,75,673,Our World in Data / UNAIDS,2026-09-30 02:09:07
5304,TJK,Tajikistan,2009,0.17913,11308,1100,0.108,435,0.35,3.0,622,82,717,Our World in Data / UNAIDS,2026-09-30 02:09:07
5305,TJK,Tajikistan,2010,0.18649,11773,1100,0.108,452,0.41,5.0,648,82,746,Our World in Data / UNAIDS,2026-09-30 02:09:07
5306,TJK,Tajikistan,2011,0.19343,12211,1000,0.0982,477,0.62,7.0,672,75,786,Our World in Data / UNAIDS,2026-09-30 02:09:07
5307,TJK,Tajikistan,2012,0.19684,12426,1000,0.0982,503,0.76,9.0,683,75,829,Our World in Data / UNAIDS,2026-09-30 02:09:07
5308,TJK,Tajikistan,2013,0.20112,12697,1100,0.108,517,0.85,12.0,698,82,853,Our World in Data / UNAIDS,2026-09-30 02:09:07
5309,TJK,Tajikistan,2014,0.20441,12904,1000,0.0982,475,0.83,18.0,710,75,784,Our World in Data / UNAIDS,2026-09-30 02:09:07
5310,TJK,Tajikistan,2015,0.20666,13046,950,0.0933,399,0.79,26.0,718,71,659,Our World in Data / UNAIDS,2026-09-30 02:09:07
5311,TJK,Tajikistan,2016,0.209,13194,920,0.0904,335,0.84,33.0,726,69,553,Our World in Data / UNAIDS,2026-09-30 02:09:07
5312,TJK,Tajikistan,2017,0.21006,13261,830,0.0815,298,0.89,40.0,729,62,491,Our World in Data / UNAIDS,2026-09-30 02:09:07
5313,TJK,Tajikistan,2018,0.2111,13327,790,0.0776,264,0.84,47.0,733,59,435,Our World in Data / UNAIDS,2026-09-30 02:09:07
5314,TJK,Tajikistan,2019,0.21248,13414,820,0.0805,250,0.92,54.0,738,62,412,Our World in Data / UNAIDS,2026-09-30 02:09:07
5315,TJK,Tajikistan,2020,0.20959,13231,580,0.057,251,1.1,60.0,728,44,415,Our World in Data / UNAIDS,2026-09-30 02:09:07
5316,TJK,Tajikistan,2021,0.20644,13033,560,0.055,239,1.39,64.0,717,42,395,Our World in Data / UNAIDS,2026-09-30 02:09:07
5317,TJK,Tajikistan,2022,0.20215,12762,500,0.0491,223,1.39,70.0,702,38,367,Our World in Data / UNAIDS,2026-09-30 02:09:07
5318,TKM,Turkmenistan,2000,0.24165,10832,1650,0.2282,389,2.57,0.0,596,124,642,Our World in Data / UNAIDS,2026-09-30 02:09:07
5319,TKM,Turkmenistan,2001,0.25329,11354,1700,0.2351,363,3.48,0.0,624,128,599,Our World in Data / UNAIDS,2026-09-30 02:09:07
5320,TKM,Turkmenistan,2002,0.27393,12279,1700,0.2351,349,4.78,0.0,675,128,575,Our World in Data / UNAIDS,2026-09-30 02:09:07
5321,TKM,Turkmenistan,2003,0.30624,13728,1700,0.2351,386,6.49,1.5,755,128,636,Our World in Data / UNAIDS,2026-09-30 02:09:07
5322,TKM,Turkmenistan,2004,0.31623,14175,1550,0.2144,445,8.69,3.0,780,116,735,Our World in Data / UNAIDS,2026-09-30 02:09:07
5323,TKM,Turkmenistan,2005,0.31956,14325,1500,0.2075,400,11.36,6.5,788,112,660,Our World in Data / UNAIDS,2026-09-30 02:09:07
5324,TKM,Turkmenistan,2006,0.32438,14541,1450,0.2005,432,14.62,9.5,800,109,712,Our World in Data / UNAIDS,2026-09-30 02:09:07
5325,TKM,Turkmenistan,2007,0.3304,14811,1300,0.1798,566,18.33,13.0,815,98,934,Our World in Data / UNAIDS,2026-09-30 02:09:07
5326,TKM,Turkmenistan,2008,0.33243,14902,1250,0.1729,534,22.72,17.0,820,94,880,Our World in Data / UNAIDS,2026-09-30 02:09:07
5327,TKM,Turkmenistan,2009,0.32959,14774,1300,0.1798,470,27.55,21.0,813,98,776,Our World in Data / UNAIDS,2026-09-30 02:09:07
5328,TKM,Turkmenistan,2010,0.33193,14879,1300,0.1798,452,32.71,24.9444,818,98,746,Our World in Data / UNAIDS,2026-09-30 02:09:07
5329,TKM,Turkmenistan,2011,0.34874,15633,1250,0.1729,468,38.35,28.0,860,94,772,Our World in Data / UNAIDS,2026-09-30 02:09:07
5330,TKM,Turkmenistan,2012,0.36233,16242,1250,0.1729,487,44.17,31.0,893,94,803,Our World in Data / UNAIDS,2026-09-30 02:09:07
5331,TKM,Turkmenistan,2013,0.36732,16466,1300,0.1798,517,50.12,35.0,906,98,853,Our World in Data / UNAIDS,2026-09-30 02:09:07
5332,TKM,Turkmenistan,2014,0.36172,16215,1200,0.166,449,42.71,37.0,892,90,741,Our World in Data / UNAIDS,2026-09-30 02:09:07
5333,TKM,Turkmenistan,2015,0.36479,16353,1250,0.1729,430,45.83,41.0,899,94,709,Our World in Data / UNAIDS,2026-09-30 02:09:07
5334,TKM,Turkmenistan,2016,0.37443,16785,1200,0.166,442,48.07,45.5,923,90,730,Our World in Data / UNAIDS,2026-09-30 02:09:07
5335,TKM,Turkmenistan,2017,0.36894,16538,1200,0.166,424,49.83,50.5,910,90,699,Our World in Data / UNAIDS,2026-09-30 02:09:07
5336,TKM,Turkmenistan,2018,0.36413,16323,1200,0.166,381,51.57,54.0,898,90,629,Our World in Data / UNAIDS,2026-09-30 02:09:07
5337,TKM,Turkmenistan,2019,0.37023,16596,1200,0.166,357,53.27,59.0,913,90,589,Our World in Data / UNAIDS,2026-09-30 02:09:07
5338,TKM,Turkmenistan,2020,0.39803,17843,1250,0.1729,369,53.83,61.5,981,94,609,Our World in Data / UNAIDS,2026-09-30 02:09:07
5339,TKM,Turkmenistan,2021,0.40203,18022,1300,0.1798,371,57.92,64.5,991,98,613,Our World in Data / UNAIDS,2026-09-30 02:09:07
5340,TLS,East Timor,1990,0.03966,337,100,0.073,6,2.87,0.0,19,8,9,Our World in Data / UNAIDS,2026-09-30 02:09:07
5341,TLS,East Timor,1991,0.04731,402,100,0.073,8,2.87,0.0,22,8,12,Our World in Data / UNAIDS,2026-09-30 02:09:07
5342,TLS,East Timor,1992,0.05512,468,100,0.073,10,2.87,0.0,26,8,16,Our World in Data / UNAIDS,2026-09-30 02:09:07
5343,TLS,East Timor,1993,0.06373,541,100,0.073,12,2.87,0.0,30,8,20,Our World in Data / UNAIDS,2026-09-30 02:09:07
5344,TLS,East Timor,1994,0.07166,608,100,0.073,15,2.87,0.0,33,8,24,Our World in Data / UNAIDS,2026-09-30 02:09:07
5345,TLS,East Timor,1995,0.07983,678,100,0.073,18,2.87,0.0,37,8,29,Our World in Data / UNAIDS,2026-09-30 02:09:07
5346,TLS,East Timor,1996,0.08644,734,100,0.073,21,2.87,0.0,40,8,35,Our World in Data / UNAIDS,2026-09-30 02:09:07
5347,TLS,East Timor,1997,0.09338,793,100,0.073,24,2.87,0.0,44,8,40,Our World in Data / UNAIDS,2026-09-30 02:09:07
5348,TLS,East Timor,1998,0.09999,849,100,0.073,28,2.87,0.0,47,8,46,Our World in Data / UNAIDS,2026-09-30 02:09:07
5349,TLS,East Timor,1999,0.10541,895,100,0.073,32,2.87,0.0,49,8,53,Our World in Data / UNAIDS,2026-09-30 02:09:07
5350,TLS,East Timor,2000,0.10947,929,100,0.073,26,2.87,0.0,51,8,43,Our World in Data / UNAIDS,2026-09-30 02:09:07
5351,TLS,East Timor,2001,0.11424,970,100,0.073,31,3.1,0.0,53,8,51,Our World in Data / UNAIDS,2026-09-30 02:09:07
5352,TLS,East Timor,2002,0.11974,1017,100,0.073,36,3.32,0.0,56,8,59,Our World in Data / UNAIDS,2026-09-30 02:09:07
5353,TLS,East Timor,2003,0.12431,1055,100,0.073,41,3.74,0.0,58,8,68,Our World in Data / UNAIDS,2026-09-30 02:09:07
5354,TLS,East Timor,2004,0.12881,1094,100,0.073,44,3.83,0.0,60,8,72,Our World in Data / UNAIDS,2026-09-30 02:09:07
5355,TLS,East Timor,2005,0.13274,1127,100,0.073,46,3.98,0.0,62,8,76,Our World in Data / UNAIDS,2026-09-30 02:09:07
5356,TLS,East Timor,2006,0.13654,1159,100,0.073,47,3.92,1.0,64,8,77,Our World in Data / UNAIDS,2026-09-30 02:09:07
5357,TLS,East Timor,2007,0.13997,1188,100,0.073,49,3.87,2.0,65,8,80,Our World in Data / UNAIDS,2026-09-30 02:09:07
5358,TLS,East Timor,2008,0.14279,1212,100,0.073,50,3.93,3.0,67,8,83,Our World in Data / UNAIDS,2026-09-30 02:09:07
5359,TLS,East Timor,2009,0.14531,1234,200,0.1461,52,4.17,4.0,68,15,85,Our World in Data / UNAIDS,2026-09-30 02:09:07
5360,TLS,East Timor,2010,0.14873,1263,200,0.1461,53,4.11,6.0,69,15,88,Our World in Data / UNAIDS,2026-09-30 02:09:07
5361,TLS,East Timor,2011,0.15214,1292,200,0.1461,55,4.39,6.0,71,15,91,Our World in Data / UNAIDS,2026-09-30 02:09:07
5362,TLS,East Timor,2012,0.15523,1318,200,0.1461,56,4.58,9.0,72,15,93,Our World in Data / UNAIDS,2026-09-30 02:09:07
5363,TLS,East Timor,2013,0.15897,1350,200,0.1461,53,4.2,14.0,74,15,87,Our World in Data / UNAIDS,2026-09-30 02:09:07
5364,TLS,East Timor,2014,0.16453,1397,200,0.1461,52,3.68,16.0,77,15,85,Our World in Data / UNAIDS,2026-09-30 02:09:07
5365,TLS,East Timor,2015,0.16968,1441,200,0.1461,52,3.97,17.0,79,15,86,Our World in Data / UNAIDS,2026-09-30 02:09:07
5366,TLS,East Timor,2016,0.17436,1480,200,0.1461,53,3.83,20.0,81,15,87,Our World in Data / UNAIDS,2026-09-30 02:09:07
5367,TLS,East Timor,2017,0.17881,1518,200,0.1461,54,3.69,22.0,83,15,90,Our World in Data / UNAIDS,2026-09-30 02:09:07
5368,TLS,East Timor,2018,0.18403,1562,200,0.1461,53,3.72,28.0,86,15,88,Our World in Data / UNAIDS,2026-09-30 02:09:07
5369,TLS,East Timor,2019,0.18957,1609,200,0.1461,48,2.99,35.0,88,15,79,Our World in Data / UNAIDS,2026-09-30 02:09:07
5370,TLS,East Timor,2020,0.19473,1653,200,0.1461,44,2.74,39.0,91,15,73,Our World in Data / UNAIDS,2026-09-30 02:09:07
5371,TLS,East Timor,2021,0.20082,1705,200,0.1461,41,2.68,46.0,94,15,68,Our World in Data / UNAIDS,2026-09-30 02:09:07
5372,TLS,East Timor,2022,0.2064,1752,200,0.1461,37,2.68,57.0,96,15,61,Our World in Data / UNAIDS,2026-09-30 02:09:07
5373,TON,Tonga,2000,0.24165,157,1650,15.708,389,370.5113,0.0,9,124,642,Our World in Data / UNAIDS,2026-09-30 02:09:07
5374,TON,Tonga,2001,0.25329,165,1700,16.184,363,345.448,0.0,9,128,599,Our World in Data / UNAIDS,2026-09-30 02:09:07
5375,TON,Tonga,2002,0.27393,178,1700,16.184,349,332.0352,0.0,10,128,575,Our World in Data / UNAIDS,2026-09-30 02:09:07
5376,TON,Tonga,2003,0.30624,199,1700,16.184,386,367.231,1.5,11,128,636,Our World in Data / UNAIDS,2026-09-30 02:09:07
5377,TON,Tonga,2004,0.31623,206,1550,14.756,445,424.0242,3.0,11,116,735,Our World in Data / UNAIDS,2026-09-30 02:09:07
5378,TON,Tonga,2005,0.31956,208,1500,14.28,400,380.5569,6.5,11,112,660,Our World in Data / UNAIDS,2026-09-30 02:09:07
5379,TON,Tonga,2006,0.32438,211,1450,13.804,432,410.8701,9.5,12,109,712,Our World in Data / UNAIDS,2026-09-30 02:09:07
5380,TON,Tonga,2007,0.3304,215,1300,12.376,566,538.8104,13.0,12,98,934,Our World in Data / UNAIDS,2026-09-30 02:09:07
5381,TON,Tonga,2008,0.33243,216,1250,11.9,534,507.9078,17.0,12,94,880,Our World in Data / UNAIDS,2026-09-30 02:09:07
5382,TON,Tonga,2009,0.32959,215,1300,12.376,470,447.6145,21.0,12,98,776,Our World in Data / UNAIDS,2026-09-30 02:09:07
5383,TON,Tonga,2010,0.33193,216,1300,12.376,452,430.6082,24.9444,12,98,746,Our World in Data / UNAIDS,2026-09-30 02:09:07
5384,TON,Tonga,2011,0.34874,227,1250,11.9,468,445.146,28.0,12,94,772,Our World in Data / UNAIDS,2026-09-30 02:09:07
5385,TON,Tonga,2012,0.36233,236,1250,11.9,487,463.3744,31.0,13,94,803,Our World in Data / UNAIDS,2026-09-30 02:09:07
5386,TON,Tonga,2013,0.36732,239,1300,12.376,517,492.2344,35.0,13,98,853,Our World in Data / UNAIDS,2026-09-30 02:09:07
5387,TON,Tonga,2014,0.36172,236,1200,11.424,449,427.4105,37.0,13,90,741,Our World in Data / UNAIDS,2026-09-30 02:09:07
5388,TON,Tonga,2015,0.36479,238,1250,11.9,430,409.0806,41.0,13,94,709,Our World in Data / UNAIDS,2026-09-30 02:09:07
5389,TON,Tonga,2016,0.37443,244,1200,11.424,442,421.1327,45.5,13,90,730,Our World in Data / UNAIDS,2026-09-30 02:09:07
5390,TON,Tonga,2017,0.36894,240,1200,11.424,424,403.3544,50.5,13,90,699,Our World in Data / UNAIDS,2026-09-30 02:09:07
5391,TON,Tonga,2018,0.36413,237,1200,11.424,381,363.0279,54.0,13,90,629,Our World in Data / UNAIDS,2026-09-30 02:09:07
5392,TON,Tonga,2019,0.37023,241,1200,11.424,357,339.7168,59.0,13,90,589,Our World in Data / UNAIDS,2026-09-30 02:09:07
5393,TON,Tonga,2020,0.39803,259,1250,11.9,369,351.5836,61.5,14,94,609,Our World in Data / UNAIDS,2026-09-30 02:09:07
5394,TON,Tonga,2021,0.40203,262,1300,12.376,371,353.635,64.5,14,98,613,Our World in Data / UNAIDS,2026-09-30 02:09:07
5395,TTO,Trinidad and Tobago,2000,0.24165,2046,1650,1.2081,389,37.28,0.0,113,124,642,Our World in Data / UNAIDS,2026-09-30 02:09:07
5396,TTO,Trinidad and Tobago,2001,0.25329,2145,1700,1.2447,363,41.85,0.0,118,128,599,Our World in Data / UNAIDS,2026-09-30 02:09:07
5397,TTO,Trinidad and Tobago,2002,0.27393,2320,1700,1.2447,349,43.54,0.0,128,128,575,Our World in Data / UNAIDS,2026-09-30 02:09:07
5398,TTO,Trinidad and Tobago,2003,0.30624,2593,1700,1.2447,386,40.94,1.5,143,128,636,Our World in Data / UNAIDS,2026-09-30 02:09:07
5399,TTO,Trinidad and Tobago,2004,0.31623,2678,1550,1.1349,445,38.38,3.0,147,116,735,Our World in Data / UNAIDS,2026-09-30 02:09:07
5400,TTO,Trinidad and Tobago,2005,0.31956,2706,1500,1.0983,400,36.0,6.5,149,112,660,Our World in Data / UNAIDS,2026-09-30 02:09:07
5401,TTO,Trinidad and Tobago,2006,0.32438,2747,1450,1.0616,432,35.36,9.5,151,109,712,Our World in Data / UNAIDS,2026-09-30 02:09:07
5402,TTO,Trinidad and Tobago,2007,0.3304,2798,1300,0.9518,566,34.0,13.0,154,98,934,Our World in Data / UNAIDS,2026-09-30 02:09:07
5403,TTO,Trinidad and Tobago,2008,0.33243,2815,1250,0.9152,534,33.24,17.0,155,94,880,Our World in Data / UNAIDS,2026-09-30 02:09:07
5404,TTO,Trinidad and Tobago,2009,0.32959,2791,1300,0.9518,470,28.96,21.0,154,98,776,Our World in Data / UNAIDS,2026-09-30 02:09:07
5405,TTO,Trinidad and Tobago,2010,0.33193,2811,1300,0.9518,452,21.63,24.9444,155,98,746,Our World in Data / UNAIDS,2026-09-30 02:09:07
5406,TTO,Trinidad and Tobago,2011,0.34874,2953,1250,0.9152,468,18.86,28.0,162,94,772,Our World in Data / UNAIDS,2026-09-30 02:09:07
5407,TTO,Trinidad and Tobago,2012,0.36233,3068,1250,0.9152,487,18.02,31.0,169,94,803,Our World in Data / UNAIDS,2026-09-30 02:09:07
5408,TTO,Trinidad and Tobago,2013,0.36732,3110,1300,0.9518,517,15.92,35.0,171,98,853,Our World in Data / UNAIDS,2026-09-30 02:09:07
5409,TTO,Trinidad and Tobago,2014,0.36172,3063,1200,0.8786,449,15.33,37.0,168,90,741,Our World in Data / UNAIDS,2026-09-30 02:09:07
5410,TTO,Trinidad and Tobago,2015,0.36479,3089,1250,0.9152,430,15.79,41.0,170,94,709,Our World in Data / UNAIDS,2026-09-30 02:09:07
5411,TTO,Trinidad and Tobago,2016,0.37443,3171,1200,0.8786,442,17.21,45.5,174,90,730,Our World in Data / UNAIDS,2026-09-30 02:09:07
5412,TTO,Trinidad and Tobago,2017,0.36894,3124,1200,0.8786,424,18.82,50.5,172,90,699,Our World in Data / UNAIDS,2026-09-30 02:09:07
5413,TTO,Trinidad and Tobago,2018,0.36413,3083,1200,0.8786,381,18.2,54.0,170,90,629,Our World in Data / UNAIDS,2026-09-30 02:09:07
5414,TTO,Trinidad and Tobago,2019,0.37023,3135,1200,0.8786,357,16.37,59.0,172,90,589,Our World in Data / UNAIDS,2026-09-30 02:09:07
5415,TTO,Trinidad and Tobago,2020,0.39803,3371,1250,0.9152,369,15.14,61.5,185,94,609,Our World in Data / UNAIDS,2026-09-30 02:09:07
5416,TTO,Trinidad and Tobago,2021,0.40203,3404,1300,0.9518,371,17.87,64.5,187,98,613,Our World in Data / UNAIDS,2026-09-30 02:09:07
5417,TUN,Tunisia,1990,0.00435,327,500,0.0413,7,0.65,0.0,18,38,11,Our World in Data / UNAIDS,2026-09-30 02:09:07
5418,TUN,Tunisia,1991,0.00551,414,500,0.0413,9,0.65,0.0,23,38,15,Our World in Data / UNAIDS,2026-09-30 02:09:07
5419,TUN,Tunisia,1992,0.00694,521,500,0.0413,12,0.65,0.0,29,38,20,Our World in Data / UNAIDS,2026-09-30 02:09:07
5420,TUN,Tunisia,1993,0.00861,647,500,0.0413,16,0.65,0.0,36,38,26,Our World in Data / UNAIDS,2026-09-30 02:09:07
5421,TUN,Tunisia,1994,0.01059,796,500,0.0413,20,0.65,0.0,44,38,34,Our World in Data / UNAIDS,2026-09-30 02:09:07
5422,TUN,Tunisia,1995,0.01286,966,500,0.0413,26,0.65,0.0,53,38,43,Our World in Data / UNAIDS,2026-09-30 02:09:07
5423,TUN,Tunisia,1996,0.01534,1153,500,0.0413,32,0.65,0.0,63,38,53,Our World in Data / UNAIDS,2026-09-30 02:09:07
5424,TUN,Tunisia,1997,0.01794,1348,500,0.0413,40,0.65,0.0,74,38,66,Our World in Data / UNAIDS,2026-09-30 02:09:07
5425,TUN,Tunisia,1998,0.02069,1555,500,0.0413,48,0.65,0.0,86,38,80,Our World in Data / UNAIDS,2026-09-30 02:09:07
5426,TUN,Tunisia,1999,0.02363,1776,500,0.0413,58,0.65,0.0,98,38,96,Our World in Data / UNAIDS,2026-09-30 02:09:07
5427,TUN,Tunisia,2000,0.02687,2019,500,0.0413,69,0.65,0.0,111,38,115,Our World in Data / UNAIDS,2026-09-30 02:09:07
5428,TUN,Tunisia,2001,0.03031,2277,500,0.0413,77,0.69,2.0,125,38,127,Our World in Data / UNAIDS,2026-09-30 02:09:07
5429,TUN,Tunisia,2002,0.0339,2547,500,0.0413,85,0.72,2.0,140,38,140,Our World in Data / UNAIDS,2026-09-30 02:09:07
5430,TUN,Tunisia,2003,0.03773,2835,500,0.0413,97,0.8,3.0,156,38,160,Our World in Data / UNAIDS,2026-09-30 02:09:07
5431,TUN,Tunisia,2004,0.04208,3162,500,0.0413,110,0.9,3.0,174,38,182,Our World in Data / UNAIDS,2026-09-30 02:09:07
5432,TUN,Tunisia,2005,0.04654,3497,500,0.0413,126,1.01,4.0,192,38,208,Our World in Data / UNAIDS,2026-09-30 02:09:07
5433,TUN,Tunisia,2006,0.05082,3819,500,0.0413,141,1.13,5.0,210,38,233,Our World in Data / UNAIDS,2026-09-30 02:09:07
5434,TUN,Tunisia,2007,0.05498,4131,500,0.0413,156,1.26,6.0,227,38,257,Our World in Data / UNAIDS,2026-09-30 02:09:07
5435,TUN,Tunisia,2008,0.05871,4411,500,0.0413,171,1.36,6.0,243,38,282,Our World in Data / UNAIDS,2026-09-30 02:09:07
5436,TUN,Tunisia,2009,0.06226,4678,510,0.0421,181,1.46,8.0,257,38,298,Our World in Data / UNAIDS,2026-09-30 02:09:07
5437,TUN,Tunisia,2010,0.06551,4922,500,0.0413,195,1.65,9.0,271,38,322,Our World in Data / UNAIDS,2026-09-30 02:09:07
5438,TUN,Tunisia,2011,0.0686,5155,520,0.0429,218,1.86,10.0,284,39,359,Our World in Data / UNAIDS,2026-09-30 02:09:07
5439,TUN,Tunisia,2012,0.07113,5345,510,0.0421,244,2.12,9.0,294,38,403,Our World in Data / UNAIDS,2026-09-30 02:09:07
5440,TUN,Tunisia,2013,0.07375,5542,540,0.0446,273,2.41,10.0,305,40,450,Our World in Data / UNAIDS,2026-09-30 02:09:07
5441,TUN,Tunisia,2014,0.0765,5748,540,0.0446,284,2.55,12.0,316,40,469,Our World in Data / UNAIDS,2026-09-30 02:09:07
5442,TUN,Tunisia,2015,0.07879,5920,530,0.0437,297,2.66,13.0,326,40,490,Our World in Data / UNAIDS,2026-09-30 02:09:07
5443,TUN,Tunisia,2016,0.08123,6104,550,0.0454,309,2.77,15.0,336,41,509,Our World in Data / UNAIDS,2026-09-30 02:09:07
5444,TUN,Tunisia,2017,0.08339,6266,540,0.0446,321,2.86,15.0,345,40,530,Our World in Data / UNAIDS,2026-09-30 02:09:07
5445,TUN,Tunisia,2018,0.08578,6445,580,0.0479,332,2.92,17.0,354,44,549,Our World in Data / UNAIDS,2026-09-30 02:09:07
5446,TUN,Tunisia,2019,0.08819,6627,590,0.0487,332,2.89,20.0,364,44,547,Our World in Data / UNAIDS,2026-09-30 02:09:07
5447,TUN,Tunisia,2020,0.09081,6823,610,0.0503,331,2.81,22.0,375,46,546,Our World in Data / UNAIDS,2026-09-30 02:09:07
5448,TUN,Tunisia,2021,0.09333,7013,610,0.0503,338,2.66,23.0,386,46,557,Our World in Data / UNAIDS,2026-09-30 02:09:07
5449,TUN,Tunisia,2022,0.09618,7227,640,0.0528,335,2.66,26.0,397,48,553,Our World in Data / UNAIDS,2026-09-30 02:09:07
5450,TUR,Turkey,2000,0.24165,127319,1650,0.0194,389,0.08,0.0,7003,124,642,Our World in Data / UNAIDS,2026-09-30 02:09:07
5451,TUR,Turkey,2001,0.25329,133452,1700,0.02,363,0.09,0.0,7340,128,599,Our World in Data / UNAIDS,2026-09-30 02:09:07
5452,TUR,Turkey,2002,0.27393,144324,1700,0.02,349,0.1,0.0,7938,128,575,Our World in Data / UNAIDS,2026-09-30 02:09:07
5453,TUR,Turkey,2003,0.30624,161348,1700,0.02,386,0.11,1.5,8874,128,636,Our World in Data / UNAIDS,2026-09-30 02:09:07
5454,TUR,Turkey,2004,0.31623,166611,1550,0.0182,445,0.13,3.0,9164,116,735,Our World in Data / UNAIDS,2026-09-30 02:09:07
5455,TUR,Turkey,2005,0.31956,168366,1500,0.0177,400,0.12,6.5,9260,112,660,Our World in Data / UNAIDS,2026-09-30 02:09:07
5456,TUR,Turkey,2006,0.32438,170905,1450,0.0171,432,0.09,9.5,9400,109,712,Our World in Data / UNAIDS,2026-09-30 02:09:07
5457,TUR,Turkey,2007,0.3304,174077,1300,0.0153,566,0.09,13.0,9574,98,934,Our World in Data / UNAIDS,2026-09-30 02:09:07
5458,TUR,Turkey,2008,0.33243,175149,1250,0.0147,534,0.09,17.0,9633,94,880,Our World in Data / UNAIDS,2026-09-30 02:09:07
5459,TUR,Turkey,2009,0.32959,173650,1300,0.0153,470,0.13,21.0,9551,98,776,Our World in Data / UNAIDS,2026-09-30 02:09:07
5460,TUR,Turkey,2010,0.33193,174883,1300,0.0153,452,0.18,24.9444,9619,98,746,Our World in Data / UNAIDS,2026-09-30 02:09:07
5461,TUR,Turkey,2011,0.34874,183743,1250,0.0147,468,0.18,28.0,10106,94,772,Our World in Data / UNAIDS,2026-09-30 02:09:07
5462,TUR,Turkey,2012,0.36233,190900,1250,0.0147,487,0.17,31.0,10500,94,803,Our World in Data / UNAIDS,2026-09-30 02:09:07
5463,TUR,Turkey,2013,0.36732,193532,1300,0.0153,517,0.14,35.0,10644,98,853,Our World in Data / UNAIDS,2026-09-30 02:09:07
5464,TUR,Turkey,2014,0.36172,190579,1200,0.0141,449,0.16,37.0,10482,90,741,Our World in Data / UNAIDS,2026-09-30 02:09:07
5465,TUR,Turkey,2015,0.36479,192199,1250,0.0147,430,0.18,41.0,10571,94,709,Our World in Data / UNAIDS,2026-09-30 02:09:07
5466,TUR,Turkey,2016,0.37443,197278,1200,0.0141,442,0.19,45.5,10850,90,730,Our World in Data / UNAIDS,2026-09-30 02:09:07
5467,TUR,Turkey,2017,0.36894,194383,1200,0.0141,424,0.21,50.5,10691,90,699,Our World in Data / UNAIDS,2026-09-30 02:09:07
5468,TUR,Turkey,2018,0.36413,191849,1200,0.0141,381,0.23,54.0,10552,90,629,Our World in Data / UNAIDS,2026-09-30 02:09:07
5469,TUR,Turkey,2019,0.37023,195062,1200,0.0141,357,0.29,59.0,10728,90,589,Our World in Data / UNAIDS,2026-09-30 02:09:07
5470,TUR,Turkey,2020,0.39803,209712,1250,0.0147,369,0.33,61.5,11534,94,609,Our World in Data / UNAIDS,2026-09-30 02:09:07
5471,TUR,Turkey,2021,0.40203,211817,1300,0.0153,371,0.37,64.5,11650,98,613,Our World in Data / UNAIDS,2026-09-30 02:09:07
5472,TUV,Tuvalu,2000,0.24165,15,100,10.008,389,0.73,0.0,1,8,642,Our World in Data / UNAIDS,2026-09-30 02:09:07
5473,TUV,Tuvalu,2001,0.25329,16,100,10.008,363,0.83,0.0,1,8,599,Our World in Data / UNAIDS,2026-09-30 02:09:07
5474,TUV,Tuvalu,2002,0.27393,17,100,10.008,349,0.94,0.0,1,8,575,Our World in Data / UNAIDS,2026-09-30 02:09:07
5475,TUV,Tuvalu,2003,0.30624,19,100,10.008,386,0.93,1.5,1,8,636,Our World in Data / UNAIDS,2026-09-30 02:09:07
5476,TUV,Tuvalu,2004,0.31623,20,100,10.008,445,0.82,3.0,1,8,735,Our World in Data / UNAIDS,2026-09-30 02:09:07
5477,TUV,Tuvalu,2005,0.31956,20,100,10.008,400,0.71,6.5,1,8,660,Our World in Data / UNAIDS,2026-09-30 02:09:07
5478,TUV,Tuvalu,2006,0.32438,20,100,10.008,432,0.8,9.5,1,8,712,Our World in Data / UNAIDS,2026-09-30 02:09:07
5479,TUV,Tuvalu,2007,0.3304,20,100,10.008,566,0.79,13.0,1,8,934,Our World in Data / UNAIDS,2026-09-30 02:09:07
5480,TUV,Tuvalu,2008,0.33243,21,100,10.008,534,0.88,17.0,1,8,880,Our World in Data / UNAIDS,2026-09-30 02:09:07
5481,TUV,Tuvalu,2009,0.32959,20,100,10.008,470,0.86,21.0,1,8,776,Our World in Data / UNAIDS,2026-09-30 02:09:07
5482,TUV,Tuvalu,2010,0.33193,21,100,10.008,452,1.04,24.9444,1,8,746,Our World in Data / UNAIDS,2026-09-30 02:09:07
5483,TUV,Tuvalu,2011,0.34874,22,100,10.008,468,1.31,28.0,1,8,772,Our World in Data / UNAIDS,2026-09-30 02:09:07
5484,TUV,Tuvalu,2012,0.36233,22,100,10.008,487,1.47,31.0,1,8,803,Our World in Data / UNAIDS,2026-09-30 02:09:07
5485,TUV,Tuvalu,2013,0.36732,23,100,10.008,517,1.56,35.0,1,8,853,Our World in Data / UNAIDS,2026-09-30 02:09:07
5486,TUV,Tuvalu,2014,0.36172,22,100,10.008,449,1.56,37.0,1,8,741,Our World in Data / UNAIDS,2026-09-30 02:09:07
5487,TUV,Tuvalu,2015,0.36479,23,100,10.008,430,1.56,41.0,1,8,709,Our World in Data / UNAIDS,2026-09-30 02:09:07
5488,TUV,Tuvalu,2016,0.37443,23,100,10.008,442,1.47,45.5,1,8,730,Our World in Data / UNAIDS,2026-09-30 02:09:07
5489,TUV,Tuvalu,2017,0.36894,23,100,10.008,424,1.57,50.5,1,8,699,Our World in Data / UNAIDS,2026-09-30 02:09:07
5490,TUV,Tuvalu,2018,0.36413,23,100,10.008,381,1.66,54.0,1,8,629,Our World in Data / UNAIDS,2026-09-30 02:09:07
5491,TUV,Tuvalu,2019,0.37023,23,100,10.008,357,1.73,59.0,1,8,589,Our World in Data / UNAIDS,2026-09-30 02:09:07
5492,TUV,Tuvalu,2020,0.39803,25,100,10.008,369,3.07,61.5,1,8,609,Our World in Data / UNAIDS,2026-09-30 02:09:07
5493,TUV,Tuvalu,2021,0.40203,25,100,10.008,371,2.05,64.5,1,8,613,Our World in Data / UNAIDS,2026-09-30 02:09:07
5494,TUV,Tuvalu,2022,0.40563,25,100,10.008,355,2.05,67.0,1,8,585,Our World in Data / UNAIDS,2026-09-30 02:09:07
5495,TZA,Tanzania,1990,4.77106,1914213,110000,1.6998,30292,290.75,0.0,105282,8250,49981,Our World in Data / UNAIDS,2026-09-30 02:09:07
5496,TZA,Tanzania,1991,5.33547,2140661,110000,1.6998,37354,290.75,0.0,117736,8250,61634,Our World in Data / UNAIDS,2026-09-30 02:09:07
5497,TZA,Tanzania,1992,5.79997,2327025,110000,1.6998,44758,290.75,0.0,127986,8250,73851,Our World in Data / UNAIDS,2026-09-30 02:09:07
5498,TZA,Tanzania,1993,6.17321,2476774,110000,1.6998,52351,290.75,0.0,136223,8250,86380,Our World in Data / UNAIDS,2026-09-30 02:09:07
5499,TZA,Tanzania,1994,6.41298,2572973,110000,1.6998,60981,290.75,0.0,141514,8250,100618,Our World in Data / UNAIDS,2026-09-30 02:09:07
5500,TZA,Tanzania,1995,6.52649,2618515,110000,1.6998,69882,290.75,0.0,144018,8250,115306,Our World in Data / UNAIDS,2026-09-30 02:09:07
5501,TZA,Tanzania,1996,6.53122,2620412,110000,1.6998,77033,290.75,0.0,144123,8250,127104,Our World in Data / UNAIDS,2026-09-30 02:09:07
5502,TZA,Tanzania,1997,6.50173,2608580,110000,1.6998,82116,290.75,0.0,143472,8250,135492,Our World in Data / UNAIDS,2026-09-30 02:09:07
5503,TZA,Tanzania,1998,6.394,2565358,110000,1.6998,88043,290.75,0.0,141095,8250,145271,Our World in Data / UNAIDS,2026-09-30 02:09:07
5504,TZA,Tanzania,1999,6.25583,2509922,110000,1.6998,92812,290.75,0.0,138046,8250,153139,Our World in Data / UNAIDS,2026-09-30 02:09:07
5505,TZA,Tanzania,2000,6.08212,2440227,110000,1.6998,97239,290.75,0.0,134212,8250,160444,Our World in Data / UNAIDS,2026-09-30 02:09:07
5506,TZA,Tanzania,2001,5.88286,2360282,110000,1.6998,100883,292.32,0.0,129816,8250,166458,Our World in Data / UNAIDS,2026-09-30 02:09:07
5507,TZA,Tanzania,2002,5.67819,2278165,110000,1.6998,103099,288.93,0.0,125299,8250,170114,Our World in Data / UNAIDS,2026-09-30 02:09:07
5508,TZA,Tanzania,2003,5.46591,2192996,110000,1.6998,104609,289.79,0.0,120615,8250,172605,Our World in Data / UNAIDS,2026-09-30 02:09:07
5509,TZA,Tanzania,2004,5.24799,2105563,100000,1.5453,105399,281.09,1.0,115806,7500,173909,Our World in Data / UNAIDS,2026-09-30 02:09:07
5510,TZA,Tanzania,2005,5.04587,2024470,99000,1.5299,103153,266.05,2.0,111346,7425,170203,Our World in Data / UNAIDS,2026-09-30 02:09:07
5511,TZA,Tanzania,2006,4.88239,1958880,96000,1.4835,93703,234.78,5.0,107738,7200,154610,Our World in Data / UNAIDS,2026-09-30 02:09:07
5512,TZA,Tanzania,2007,4.77222,1914678,88000,1.3599,76014,190.28,12.0,105307,6600,125423,Our World in Data / UNAIDS,2026-09-30 02:09:07
5513,TZA,Tanzania,2008,4.6938,1883215,87000,1.3444,65182,162.45,13.0,103577,6525,107550,Our World in Data / UNAIDS,2026-09-30 02:09:07
5514,TZA,Tanzania,2009,4.636,1860025,88000,1.3599,60558,151.02,17.0,102301,6600,99921,Our World in Data / UNAIDS,2026-09-30 02:09:07
5515,TZA,Tanzania,2010,4.59386,1843118,89000,1.3753,53883,139.79,20.0,101371,6675,88907,Our World in Data / UNAIDS,2026-09-30 02:09:07
5516,TZA,Tanzania,2011,4.56119,1830010,93000,1.4371,51942,129.13,21.0,100651,6975,85704,Our World in Data / UNAIDS,2026-09-30 02:09:07
5517,TZA,Tanzania,2012,4.53327,1818808,91000,1.4062,47550,114.19,31.0,100034,6825,78458,Our World in Data / UNAIDS,2026-09-30 02:09:07
5518,TZA,Tanzania,2013,4.51482,1811406,94000,1.4526,40472,91.72,35.0,99627,7050,66778,Our World in Data / UNAIDS,2026-09-30 02:09:07
5519,TZA,Tanzania,2014,4.4927,1802531,98000,1.5144,37921,78.95,40.0,99139,7350,62570,Our World in Data / UNAIDS,2026-09-30 02:09:07
5520,TZA,Tanzania,2015,4.46057,1789640,100000,1.5453,36564,69.66,43.0,98430,7500,60330,Our World in Data / UNAIDS,2026-09-30 02:09:07
5521,TZA,Tanzania,2016,4.42797,1776560,110000,1.6998,37310,63.36,45.0,97711,8250,61562,Our World in Data / UNAIDS,2026-09-30 02:09:07
5522,TZA,Tanzania,2017,4.37888,1756865,100000,1.5453,37746,61.08,52.0,96628,7500,62281,Our World in Data / UNAIDS,2026-09-30 02:09:07
5523,TZA,Tanzania,2018,4.32368,1734718,99000,1.5299,36074,53.62,55.0,95409,7425,59522,Our World in Data / UNAIDS,2026-09-30 02:09:07
5524,TZA,Tanzania,2019,4.24588,1703503,91000,1.4062,35695,50.64,61.0,93693,6825,58896,Our World in Data / UNAIDS,2026-09-30 02:09:07
5525,TZA,Tanzania,2020,4.13642,1659587,77000,1.1899,33367,46.27,67.0,91277,5775,55056,Our World in Data / UNAIDS,2026-09-30 02:09:07
5526,TZA,Tanzania,2021,4.01401,1610474,71000,1.0972,30023,38.64,70.0,88576,5325,49538,Our World in Data / UNAIDS,2026-09-30 02:09:07
5527,TZA,Tanzania,2022,3.87527,1554810,62000,0.9581,28776,38.64,74.0,85515,4650,47480,Our World in Data / UNAIDS,2026-09-30 02:09:07
5528,UGA,Uganda,1990,10.91081,3200565,100000,2.1136,56763,345.0,0.0,176031,7500,93658,Our World in Data / UNAIDS,2026-09-30 02:09:07
5529,UGA,Uganda,1991,10.85131,3183111,100000,2.1136,63468,345.0,0.0,175071,7500,104721,Our World in Data / UNAIDS,2026-09-30 02:09:07
5530,UGA,Uganda,1992,10.71683,3143663,100000,2.1136,69450,345.0,0.0,172901,7500,114592,Our World in Data / UNAIDS,2026-09-30 02:09:07
5531,UGA,Uganda,1993,10.5154,3084575,100000,2.1136,74692,345.0,0.0,169652,7500,123241,Our World in Data / UNAIDS,2026-09-30 02:09:07
5532,UGA,Uganda,1994,10.25602,3008489,100000,2.1136,79079,345.0,0.0,165467,7500,130481,Our World in Data / UNAIDS,2026-09-30 02:09:07
5533,UGA,Uganda,1995,9.97651,2926498,100000,2.1136,82609,345.0,0.0,160957,7500,136305,Our World in Data / UNAIDS,2026-09-30 02:09:07
5534,UGA,Uganda,1996,9.67356,2837631,100000,2.1136,85417,345.0,0.0,156070,7500,140939,Our World in Data / UNAIDS,2026-09-30 02:09:07
5535,UGA,Uganda,1997,9.3614,2746062,100000,2.1136,87542,345.0,0.0,151033,7500,144444,Our World in Data / UNAIDS,2026-09-30 02:09:07
5536,UGA,Uganda,1998,9.05128,2655092,100000,2.1136,89073,345.0,0.0,146030,7500,146970,Our World in Data / UNAIDS,2026-09-30 02:09:07
5537,UGA,Uganda,1999,8.74591,2565515,100000,2.1136,90107,345.0,0.0,141103,7500,148676,Our World in Data / UNAIDS,2026-09-30 02:09:07
5538,UGA,Uganda,2000,8.45161,2479186,100000,2.1136,90851,345.0,0.0,136355,7500,149904,Our World in Data / UNAIDS,2026-09-30 02:09:07
5539,UGA,Uganda,2001,8.18392,2400662,100000,2.1136,90512,333.89,1.0,132036,7500,149346,Our World in Data / UNAIDS,2026-09-30 02:09:07
5540,UGA,Uganda,2002,7.95092,2332314,100000,2.1136,88967,317.88,1.0,128277,7500,146796,Our World in Data / UNAIDS,2026-09-30 02:09:07
5541,UGA,Uganda,2003,7.74265,2271220,100000,2.1136,87333,302.11,2.0,124917,7500,144100,Our World in Data / UNAIDS,2026-09-30 02:09:07
5542,UGA,Uganda,2004,7.57496,2222030,100000,2.1136,81888,273.2,5.0,122212,7500,135116,Our World in Data / UNAIDS,2026-09-30 02:09:07
5543,UGA,Uganda,2005,7.45624,2187205,100000,2.1136,72689,232.91,8.0,120296,7500,119937,Our World in Data / UNAIDS,2026-09-30 02:09:07
5544,UGA,Uganda,2006,7.36158,2159437,100000,2.1136,70046,216.7,8.0,118769,7500,115576,Our World in Data / UNAIDS,2026-09-30 02:09:07
5545,UGA,Uganda,2007,7.27987,2135469,100000,2.1136,70951,212.84,10.0,117451,7500,117068,Our World in Data / UNAIDS,2026-09-30 02:09:07
5546,UGA,Uganda,2008,7.23176,2121356,99000,2.0925,65478,188.97,14.0,116675,7425,108039,Our World in Data / UNAIDS,2026-09-30 02:09:07
5547,UGA,Uganda,2009,7.20533,2113603,99000,2.0925,60147,167.01,16.0,116248,7425,99242,Our World in Data / UNAIDS,2026-09-30 02:09:07
5548,UGA,Uganda,2010,7.17959,2106053,96000,2.0291,55577,147.94,20.0,115833,7200,91702,Our World in Data / UNAIDS,2026-09-30 02:09:07
5549,UGA,Uganda,2011,7.14979,2097311,92000,1.9445,50621,131.15,23.0,115352,6900,83525,Our World in Data / UNAIDS,2026-09-30 02:09:07
5550,UGA,Uganda,2012,7.09489,2081207,84000,1.7754,46414,113.75,30.0,114466,6300,76583,Our World in Data / UNAIDS,2026-09-30 02:09:07
5551,UGA,Uganda,2013,7.01433,2057576,80000,1.6909,40581,94.82,40.0,113167,6000,66959,Our World in Data / UNAIDS,2026-09-30 02:09:07
5552,UGA,Uganda,2014,6.90564,2025693,74000,1.5641,35810,81.3,49.0,111413,5550,59087,Our World in Data / UNAIDS,2026-09-30 02:09:07
5553,UGA,Uganda,2015,6.7802,1988896,71000,1.5007,31981,69.66,53.0,109389,5325,52769,Our World in Data / UNAIDS,2026-09-30 02:09:07
5554,UGA,Uganda,2016,6.63691,1946864,69000,1.4584,30140,62.53,59.0,107078,5175,49730,Our World in Data / UNAIDS,2026-09-30 02:09:07
5555,UGA,Uganda,2017,6.45821,1894444,61000,1.2893,28142,57.54,67.0,104194,4575,46434,Our World in Data / UNAIDS,2026-09-30 02:09:07
5556,UGA,Uganda,2018,6.25677,1835354,53000,1.1202,25130,50.12,71.0,100944,3975,41464,Our World in Data / UNAIDS,2026-09-30 02:09:07
5557,UGA,Uganda,2019,6.05079,1774932,50000,1.0568,22914,43.4,74.0,97621,3750,37809,Our World in Data / UNAIDS,2026-09-30 02:09:07
5558,UGA,Uganda,2020,5.83956,1712970,48000,1.0145,22149,39.31,76.0,94213,3600,36545,Our World in Data / UNAIDS,2026-09-30 02:09:07
5559,UGA,Uganda,2021,5.62794,1650893,48000,1.0145,21707,37.7,78.0,90799,3600,35817,Our World in Data / UNAIDS,2026-09-30 02:09:07
5560,UGA,Uganda,2022,5.40336,1585015,45000,0.9511,21995,37.7,80.0,87176,3375,36291,Our World in Data / UNAIDS,2026-09-30 02:09:07
5561,UKR,Ukraine,2000,0.24165,61500,1650,0.0402,389,15.59,0.0,3382,124,642,Our World in Data / UNAIDS,2026-09-30 02:09:07
5562,UKR,Ukraine,2001,0.25329,64463,1700,0.0414,363,19.25,0.0,3545,128,599,Our World in Data / UNAIDS,2026-09-30 02:09:07
5563,UKR,Ukraine,2002,0.27393,69715,1700,0.0414,349,23.0,0.0,3834,128,575,Our World in Data / UNAIDS,2026-09-30 02:09:07
5564,UKR,Ukraine,2003,0.30624,77938,1700,0.0414,386,26.77,1.5,4287,128,636,Our World in Data / UNAIDS,2026-09-30 02:09:07
5565,UKR,Ukraine,2004,0.31623,80480,1550,0.0378,445,29.94,3.0,4426,116,735,Our World in Data / UNAIDS,2026-09-30 02:09:07
5566,UKR,Ukraine,2005,0.31956,81327,1500,0.0365,400,32.21,6.5,4473,112,660,Our World in Data / UNAIDS,2026-09-30 02:09:07
5567,UKR,Ukraine,2006,0.32438,82554,1450,0.0353,432,34.11,9.5,4540,109,712,Our World in Data / UNAIDS,2026-09-30 02:09:07
5568,UKR,Ukraine,2007,0.3304,84086,1300,0.0317,566,35.42,13.0,4625,98,934,Our World in Data / UNAIDS,2026-09-30 02:09:07
5569,UKR,Ukraine,2008,0.33243,84604,1250,0.0305,534,35.55,17.0,4653,94,880,Our World in Data / UNAIDS,2026-09-30 02:09:07
5570,UKR,Ukraine,2009,0.32959,83880,1300,0.0317,470,34.57,21.0,4613,98,776,Our World in Data / UNAIDS,2026-09-30 02:09:07
5571,UKR,Ukraine,2010,0.33193,84476,1300,0.0317,452,33.18,24.9444,4646,98,746,Our World in Data / UNAIDS,2026-09-30 02:09:07
5572,UKR,Ukraine,2011,0.34874,88755,1250,0.0305,468,33.06,28.0,4882,94,772,Our World in Data / UNAIDS,2026-09-30 02:09:07
5573,UKR,Ukraine,2012,0.36233,92213,1250,0.0305,487,30.41,31.0,5072,94,803,Our World in Data / UNAIDS,2026-09-30 02:09:07
5574,UKR,Ukraine,2013,0.36732,93484,1300,0.0317,517,25.63,35.0,5142,98,853,Our World in Data / UNAIDS,2026-09-30 02:09:07
5575,UKR,Ukraine,2014,0.36172,92057,1200,0.0292,449,22.76,37.0,5063,90,741,Our World in Data / UNAIDS,2026-09-30 02:09:07
5576,UKR,Ukraine,2015,0.36479,92840,1250,0.0305,430,23.58,41.0,5106,94,709,Our World in Data / UNAIDS,2026-09-30 02:09:07
5577,UKR,Ukraine,2016,0.37443,95293,1200,0.0292,442,20.66,45.5,5241,90,730,Our World in Data / UNAIDS,2026-09-30 02:09:07
5578,UKR,Ukraine,2017,0.36894,93895,1200,0.0292,424,15.55,50.5,5164,90,699,Our World in Data / UNAIDS,2026-09-30 02:09:07
5579,UKR,Ukraine,2018,0.36413,92671,1200,0.0292,381,13.11,54.0,5097,90,629,Our World in Data / UNAIDS,2026-09-30 02:09:07
5580,UKR,Ukraine,2019,0.37023,94223,1200,0.0292,357,10.92,59.0,5182,90,589,Our World in Data / UNAIDS,2026-09-30 02:09:07
5581,UKR,Ukraine,2020,0.39803,101300,1250,0.0305,369,9.98,61.5,5572,94,609,Our World in Data / UNAIDS,2026-09-30 02:09:07
5582,UKR,Ukraine,2021,0.40203,102316,1300,0.0317,371,9.7,64.5,5627,98,613,Our World in Data / UNAIDS,2026-09-30 02:09:07
5583,URY,Uruguay,2000,0.24165,5080,1650,0.4866,389,4.56,0.0,279,124,642,Our World in Data / UNAIDS,2026-09-30 02:09:07
5584,URY,Uruguay,2001,0.25329,5325,1700,0.5013,363,5.09,0.0,293,128,599,Our World in Data / UNAIDS,2026-09-30 02:09:07
5585,URY,Uruguay,2002,0.27393,5759,1700,0.5013,349,4.83,0.0,317,128,575,Our World in Data / UNAIDS,2026-09-30 02:09:07
5586,URY,Uruguay,2003,0.30624,6438,1700,0.5013,386,5.57,1.5,354,128,636,Our World in Data / UNAIDS,2026-09-30 02:09:07
5587,URY,Uruguay,2004,0.31623,6648,1550,0.4571,445,5.01,3.0,366,116,735,Our World in Data / UNAIDS,2026-09-30 02:09:07
5588,URY,Uruguay,2005,0.31956,6718,1500,0.4424,400,5.89,6.5,369,112,660,Our World in Data / UNAIDS,2026-09-30 02:09:07
5589,URY,Uruguay,2006,0.32438,6820,1450,0.4276,432,4.54,9.5,375,109,712,Our World in Data / UNAIDS,2026-09-30 02:09:07
5590,URY,Uruguay,2007,0.3304,6946,1300,0.3834,566,5.74,13.0,382,98,934,Our World in Data / UNAIDS,2026-09-30 02:09:07
5591,URY,Uruguay,2008,0.33243,6989,1250,0.3686,534,5.81,17.0,384,94,880,Our World in Data / UNAIDS,2026-09-30 02:09:07
5592,URY,Uruguay,2009,0.32959,6929,1300,0.3834,470,5.95,21.0,381,98,776,Our World in Data / UNAIDS,2026-09-30 02:09:07
5593,URY,Uruguay,2010,0.33193,6978,1300,0.3834,452,6.17,24.9444,384,98,746,Our World in Data / UNAIDS,2026-09-30 02:09:07
5594,URY,Uruguay,2011,0.34874,7332,1250,0.3686,468,5.71,28.0,403,94,772,Our World in Data / UNAIDS,2026-09-30 02:09:07
5595,URY,Uruguay,2012,0.36233,7617,1250,0.3686,487,6.49,31.0,419,94,803,Our World in Data / UNAIDS,2026-09-30 02:09:07
5596,URY,Uruguay,2013,0.36732,7722,1300,0.3834,517,5.77,35.0,425,98,853,Our World in Data / UNAIDS,2026-09-30 02:09:07
5597,URY,Uruguay,2014,0.36172,7605,1200,0.3539,449,5.92,37.0,418,90,741,Our World in Data / UNAIDS,2026-09-30 02:09:07
5598,URY,Uruguay,2015,0.36479,7669,1250,0.3686,430,5.55,41.0,422,94,709,Our World in Data / UNAIDS,2026-09-30 02:09:07
5599,URY,Uruguay,2016,0.37443,7872,1200,0.3539,442,5.64,45.5,433,90,730,Our World in Data / UNAIDS,2026-09-30 02:09:07
5600,URY,Uruguay,2017,0.36894,7756,1200,0.3539,424,5.12,50.5,427,90,699,Our World in Data / UNAIDS,2026-09-30 02:09:07
5601,URY,Uruguay,2018,0.36413,7655,1200,0.3539,381,5.92,54.0,421,90,629,Our World in Data / UNAIDS,2026-09-30 02:09:07
5602,URY,Uruguay,2019,0.37023,7783,1200,0.3539,357,5.25,59.0,428,90,589,Our World in Data / UNAIDS,2026-09-30 02:09:07
5603,URY,Uruguay,2020,0.39803,8368,1250,0.3686,369,5.19,61.5,460,94,609,Our World in Data / UNAIDS,2026-09-30 02:09:07
5604,URY,Uruguay,2021,0.40203,8452,1300,0.3834,371,5.85,64.5,465,98,613,Our World in Data / UNAIDS,2026-09-30 02:09:07
5605,USA,United States,2000,0.24165,500403,1650,0.0049,389,5.38,0.0,27522,124,642,Our World in Data / UNAIDS,2026-09-30 02:09:07
5606,USA,United States,2001,0.25329,524507,1700,0.0051,363,5.21,0.0,28848,128,599,Our World in Data / UNAIDS,2026-09-30 02:09:07
5607,USA,United States,2002,0.27393,567238,1700,0.0051,349,5.07,0.0,31198,128,575,Our World in Data / UNAIDS,2026-09-30 02:09:07
5608,USA,United States,2003,0.30624,634144,1700,0.0051,386,4.87,1.5,34878,128,636,Our World in Data / UNAIDS,2026-09-30 02:09:07
5609,USA,United States,2004,0.31623,654831,1550,0.0046,445,4.58,3.0,36016,116,735,Our World in Data / UNAIDS,2026-09-30 02:09:07
5610,USA,United States,2005,0.31956,661727,1500,0.0045,400,4.36,6.5,36395,112,660,Our World in Data / UNAIDS,2026-09-30 02:09:07
5611,USA,United States,2006,0.32438,671708,1450,0.0043,432,4.15,9.5,36944,109,712,Our World in Data / UNAIDS,2026-09-30 02:09:07
5612,USA,United States,2007,0.3304,684174,1300,0.0039,566,3.83,13.0,37630,98,934,Our World in Data / UNAIDS,2026-09-30 02:09:07
5613,USA,United States,2008,0.33243,688388,1250,0.0037,534,3.46,17.0,37861,94,880,Our World in Data / UNAIDS,2026-09-30 02:09:07
5614,USA,United States,2009,0.32959,682497,1300,0.0039,470,3.15,21.0,37537,98,776,Our World in Data / UNAIDS,2026-09-30 02:09:07
5615,USA,United States,2010,0.33193,687343,1300,0.0039,452,2.75,24.9444,37804,98,746,Our World in Data / UNAIDS,2026-09-30 02:09:07
5616,USA,United States,2011,0.34874,722163,1250,0.0037,468,2.5,28.0,39719,94,772,Our World in Data / UNAIDS,2026-09-30 02:09:07
5617,USA,United States,2012,0.36233,750294,1250,0.0037,487,2.34,31.0,41266,94,803,Our World in Data / UNAIDS,2026-09-30 02:09:07
5618,USA,United States,2013,0.36732,760638,1300,0.0039,517,2.23,35.0,41835,98,853,Our World in Data / UNAIDS,2026-09-30 02:09:07
5619,USA,United States,2014,0.36172,749031,1200,0.0036,449,2.14,37.0,41197,90,741,Our World in Data / UNAIDS,2026-09-30 02:09:07
5620,USA,United States,2015,0.36479,755399,1250,0.0037,430,2.04,41.0,41547,94,709,Our World in Data / UNAIDS,2026-09-30 02:09:07
5621,USA,United States,2016,0.37443,775361,1200,0.0036,442,1.93,45.5,42645,90,730,Our World in Data / UNAIDS,2026-09-30 02:09:07
5622,USA,United States,2017,0.36894,763982,1200,0.0036,424,1.77,50.5,42019,90,699,Our World in Data / UNAIDS,2026-09-30 02:09:07
5623,USA,United States,2018,0.36413,754022,1200,0.0036,381,1.67,54.0,41471,90,629,Our World in Data / UNAIDS,2026-09-30 02:09:07
5624,USA,United States,2019,0.37023,766653,1200,0.0036,357,1.56,59.0,42166,90,589,Our World in Data / UNAIDS,2026-09-30 02:09:07
5625,USA,United States,2020,0.39803,824231,1250,0.0037,369,1.57,61.5,45333,94,609,Our World in Data / UNAIDS,2026-09-30 02:09:07
5626,USA,United States,2021,0.40203,832504,1300,0.0039,371,1.51,64.5,45788,98,613,Our World in Data / UNAIDS,2026-09-30 02:09:07
5627,UZB,Uzbekistan,2000,0.24165,52347,1650,0.0472,389,0.11,0.0,2879,124,642,Our World in Data / UNAIDS,2026-09-30 02:09:07
5628,UZB,Uzbekistan,2001,0.25329,54868,1700,0.0487,363,0.16,0.0,3018,128,599,Our World in Data / UNAIDS,2026-09-30 02:09:07
5629,UZB,Uzbekistan,2002,0.27393,59338,1700,0.0487,349,0.24,0.0,3264,128,575,Our World in Data / UNAIDS,2026-09-30 02:09:07
5630,UZB,Uzbekistan,2003,0.30624,66337,1700,0.0487,386,0.36,1.5,3649,128,636,Our World in Data / UNAIDS,2026-09-30 02:09:07
5631,UZB,Uzbekistan,2004,0.31623,68501,1550,0.0444,445,0.51,3.0,3768,116,735,Our World in Data / UNAIDS,2026-09-30 02:09:07
5632,UZB,Uzbekistan,2005,0.31956,69222,1500,0.0429,400,0.88,6.5,3807,112,660,Our World in Data / UNAIDS,2026-09-30 02:09:07
5633,UZB,Uzbekistan,2006,0.32438,70267,1450,0.0415,432,0.96,9.5,3865,109,712,Our World in Data / UNAIDS,2026-09-30 02:09:07
5634,UZB,Uzbekistan,2007,0.3304,71571,1300,0.0372,566,0.97,13.0,3936,98,934,Our World in Data / UNAIDS,2026-09-30 02:09:07
5635,UZB,Uzbekistan,2008,0.33243,72011,1250,0.0358,534,1.07,17.0,3961,94,880,Our World in Data / UNAIDS,2026-09-30 02:09:07
5636,UZB,Uzbekistan,2009,0.32959,71395,1300,0.0372,470,1.24,21.0,3927,98,776,Our World in Data / UNAIDS,2026-09-30 02:09:07
5637,UZB,Uzbekistan,2010,0.33193,71902,1300,0.0372,452,1.45,24.9444,3955,98,746,Our World in Data / UNAIDS,2026-09-30 02:09:07
5638,UZB,Uzbekistan,2011,0.34874,75545,1250,0.0358,468,1.68,28.0,4155,94,772,Our World in Data / UNAIDS,2026-09-30 02:09:07
5639,UZB,Uzbekistan,2012,0.36233,78487,1250,0.0358,487,2.21,31.0,4317,94,803,Our World in Data / UNAIDS,2026-09-30 02:09:07
5640,UZB,Uzbekistan,2013,0.36732,79569,1300,0.0372,517,3.41,35.0,4376,98,853,Our World in Data / UNAIDS,2026-09-30 02:09:07
5641,UZB,Uzbekistan,2014,0.36172,78355,1200,0.0343,449,3.42,37.0,4310,90,741,Our World in Data / UNAIDS,2026-09-30 02:09:07
5642,UZB,Uzbekistan,2015,0.36479,79021,1250,0.0358,430,3.18,41.0,4346,94,709,Our World in Data / UNAIDS,2026-09-30 02:09:07
5643,UZB,Uzbekistan,2016,0.37443,81110,1200,0.0343,442,2.75,45.5,4461,90,730,Our World in Data / UNAIDS,2026-09-30 02:09:07
5644,UZB,Uzbekistan,2017,0.36894,79919,1200,0.0343,424,2.49,50.5,4396,90,699,Our World in Data / UNAIDS,2026-09-30 02:09:07
5645,UZB,Uzbekistan,2018,0.36413,78877,1200,0.0343,381,2.32,54.0,4338,90,629,Our World in Data / UNAIDS,2026-09-30 02:09:07
5646,UZB,Uzbekistan,2019,0.37023,80199,1200,0.0343,357,2.23,59.0,4411,90,589,Our World in Data / UNAIDS,2026-09-30 02:09:07
5647,UZB,Uzbekistan,2020,0.39803,86222,1250,0.0358,369,2.58,61.5,4742,94,609,Our World in Data / UNAIDS,2026-09-30 02:09:07
5648,UZB,Uzbekistan,2021,0.40203,87087,1300,0.0372,371,2.97,64.5,4790,98,613,Our World in Data / UNAIDS,2026-09-30 02:09:07
5649,VCT,Saint Vincent and the Grenadines,1990,0.37758,239,1700,16.6592,9,38.41,0.0,13,128,15,Our World in Data / UNAIDS,2026-09-30 02:09:07
5650,VCT,Saint Vincent and the Grenadines,1991,0.44164,279,1700,16.6592,11,38.41,0.0,15,128,19,Our World in Data / UNAIDS,2026-09-30 02:09:07
5651,VCT,Saint Vincent and the Grenadines,1992,0.50846,322,1700,16.6592,14,38.41,0.0,18,128,23,Our World in Data / UNAIDS,2026-09-30 02:09:07
5652,VCT,Saint Vincent and the Grenadines,1993,0.57548,364,1700,16.6592,17,38.41,0.0,20,128,28,Our World in Data / UNAIDS,2026-09-30 02:09:07
5653,VCT,Saint Vincent and the Grenadines,1994,0.64117,406,1700,16.6592,20,38.41,0.0,22,128,33,Our World in Data / UNAIDS,2026-09-30 02:09:07
5654,VCT,Saint Vincent and the Grenadines,1995,0.70411,445,1700,16.6592,23,38.41,0.0,24,128,38,Our World in Data / UNAIDS,2026-09-30 02:09:07
5655,VCT,Saint Vincent and the Grenadines,1996,0.76019,481,1700,16.6592,27,38.41,0.0,26,128,44,Our World in Data / UNAIDS,2026-09-30 02:09:07
5656,VCT,Saint Vincent and the Grenadines,1997,0.8082,511,1700,16.6592,30,38.41,0.0,28,128,50,Our World in Data / UNAIDS,2026-09-30 02:09:07
5657,VCT,Saint Vincent and the Grenadines,1998,0.84885,537,1700,16.6592,34,38.41,0.0,30,128,55,Our World in Data / UNAIDS,2026-09-30 02:09:07
5658,VCT,Saint Vincent and the Grenadines,1999,0.88266,558,1700,16.6592,37,38.41,0.0,31,128,61,Our World in Data / UNAIDS,2026-09-30 02:09:07
5659,VCT,Saint Vincent and the Grenadines,2000,0.90909,575,1650,16.1692,40,38.41,0.0,32,124,66,Our World in Data / UNAIDS,2026-09-30 02:09:07
5660,VCT,Saint Vincent and the Grenadines,2001,0.93343,591,1700,16.6592,41,31.12,0.0,33,128,67,Our World in Data / UNAIDS,2026-09-30 02:09:07
5661,VCT,Saint Vincent and the Grenadines,2002,0.95689,605,1700,16.6592,40,32.08,0.0,33,128,66,Our World in Data / UNAIDS,2026-09-30 02:09:07
5662,VCT,Saint Vincent and the Grenadines,2003,0.97782,619,1700,16.6592,39,32.23,1.5,34,128,64,Our World in Data / UNAIDS,2026-09-30 02:09:07
5663,VCT,Saint Vincent and the Grenadines,2004,0.99576,630,1550,15.1892,38,27.94,3.0,35,116,63,Our World in Data / UNAIDS,2026-09-30 02:09:07
5664,VCT,Saint Vincent and the Grenadines,2005,1.01037,639,1500,14.6993,37,29.87,6.5,35,112,61,Our World in Data / UNAIDS,2026-09-30 02:09:07
5665,VCT,Saint Vincent and the Grenadines,2006,1.02095,646,1450,14.2093,36,27.14,9.5,36,109,59,Our World in Data / UNAIDS,2026-09-30 02:09:07
5666,VCT,Saint Vincent and the Grenadines,2007,1.02721,650,1300,12.7394,34,24.37,13.0,36,98,56,Our World in Data / UNAIDS,2026-09-30 02:09:07
5667,VCT,Saint Vincent and the Grenadines,2008,1.02866,651,1250,12.2494,33,17.83,17.0,36,94,54,Our World in Data / UNAIDS,2026-09-30 02:09:07
5668,VCT,Saint Vincent and the Grenadines,2009,1.02957,651,1300,12.7394,29,12.64,21.0,36,98,47,Our World in Data / UNAIDS,2026-09-30 02:09:07
5669,VCT,Saint Vincent and the Grenadines,2010,1.02883,651,1300,12.7394,25,13.2,24.9444,36,98,42,Our World in Data / UNAIDS,2026-09-30 02:09:07
5670,VCT,Saint Vincent and the Grenadines,2011,1.02485,648,1250,12.2494,24,12.33,28.0,36,94,39,Our World in Data / UNAIDS,2026-09-30 02:09:07
5671,VCT,Saint Vincent and the Grenadines,2012,1.02086,646,1250,12.2494,23,15.04,31.0,36,94,38,Our World in Data / UNAIDS,2026-09-30 02:09:07
5672,VCT,Saint Vincent and the Grenadines,2013,1.01539,642,1300,12.7394,22,19.57,35.0,35,98,36,Our World in Data / UNAIDS,2026-09-30 02:09:07
5673,VCT,Saint Vincent and the Grenadines,2014,1.00662,637,1200,11.7594,22,20.76,37.0,35,90,37,Our World in Data / UNAIDS,2026-09-30 02:09:07
5674,VCT,Saint Vincent and the Grenadines,2015,0.99321,628,1250,12.2494,24,20.4,41.0,35,94,40,Our World in Data / UNAIDS,2026-09-30 02:09:07
5675,VCT,Saint Vincent and the Grenadines,2016,0.97945,620,1200,11.7594,22,18.72,45.5,34,90,37,Our World in Data / UNAIDS,2026-09-30 02:09:07
5676,VCT,Saint Vincent and the Grenadines,2017,0.96384,610,1200,11.7594,22,16.94,50.5,34,90,37,Our World in Data / UNAIDS,2026-09-30 02:09:07
5677,VCT,Saint Vincent and the Grenadines,2018,0.94788,600,1200,11.7594,21,16.38,54.0,33,90,35,Our World in Data / UNAIDS,2026-09-30 02:09:07
5678,VCT,Saint Vincent and the Grenadines,2019,0.93233,590,1200,11.7594,20,15.69,59.0,32,90,33,Our World in Data / UNAIDS,2026-09-30 02:09:07
5679,VCT,Saint Vincent and the Grenadines,2020,0.91504,579,1250,12.2494,18,13.67,61.5,32,94,29,Our World in Data / UNAIDS,2026-09-30 02:09:07
5680,VCT,Saint Vincent and the Grenadines,2021,0.89253,565,1300,12.7394,18,11.16,64.5,31,98,29,Our World in Data / UNAIDS,2026-09-30 02:09:07
5681,VCT,Saint Vincent and the Grenadines,2022,0.86816,549,1200,11.7594,17,11.16,67.0,30,90,28,Our World in Data / UNAIDS,2026-09-30 02:09:07
5682,VEN,Venezuela,1990,0.05663,9906,9400,0.3332,253,7.61,2.0,545,705,418,Our World in Data / UNAIDS,2026-09-30 02:09:07
5683,VEN,Venezuela,1991,0.06805,11903,9400,0.3332,314,7.61,2.0,655,705,518,Our World in Data / UNAIDS,2026-09-30 02:09:07
5684,VEN,Venezuela,1992,0.08156,14267,9400,0.3332,388,7.61,2.0,785,705,640,Our World in Data / UNAIDS,2026-09-30 02:09:07
5685,VEN,Venezuela,1993,0.09749,17053,9400,0.3332,478,7.61,2.0,938,705,788,Our World in Data / UNAIDS,2026-09-30 02:09:07
5686,VEN,Venezuela,1994,0.11623,20331,9400,0.3332,586,7.61,2.0,1118,705,967,Our World in Data / UNAIDS,2026-09-30 02:09:07
5687,VEN,Venezuela,1995,0.13822,24178,9400,0.3332,717,7.61,2.0,1330,705,1183,Our World in Data / UNAIDS,2026-09-30 02:09:07
5688,VEN,Venezuela,1996,0.16396,28680,9400,0.3332,875,7.61,2.0,1577,705,1444,Our World in Data / UNAIDS,2026-09-30 02:09:07
5689,VEN,Venezuela,1997,0.194,33935,9400,0.3332,1065,7.61,2.0,1866,705,1758,Our World in Data / UNAIDS,2026-09-30 02:09:07
5690,VEN,Venezuela,1998,0.22891,40041,9400,0.3332,1293,7.61,2.0,2202,705,2133,Our World in Data / UNAIDS,2026-09-30 02:09:07
5691,VEN,Venezuela,1999,0.26935,47115,9400,0.3332,1564,7.61,2.0,2591,705,2581,Our World in Data / UNAIDS,2026-09-30 02:09:07
5692,VEN,Venezuela,2000,0.31681,55417,9400,0.3332,1767,7.61,2.0,3048,705,2916,Our World in Data / UNAIDS,2026-09-30 02:09:07
5693,VEN,Venezuela,2001,0.37324,65287,11000,0.3899,1777,7.37,6.0,3591,825,2932,Our World in Data / UNAIDS,2026-09-30 02:09:07
5694,VEN,Venezuela,2002,0.43897,76785,13000,0.4608,1803,7.27,8.0,4223,975,2976,Our World in Data / UNAIDS,2026-09-30 02:09:07
5695,VEN,Venezuela,2003,0.51132,89440,15000,0.5317,1941,7.6,10.0,4919,1125,3203,Our World in Data / UNAIDS,2026-09-30 02:09:07
5696,VEN,Venezuela,2004,0.57915,101305,15000,0.5317,2196,8.4,11.0,5572,1125,3623,Our World in Data / UNAIDS,2026-09-30 02:09:07
5697,VEN,Venezuela,2005,0.61636,107814,11000,0.3899,2517,9.62,12.0,5930,825,4154,Our World in Data / UNAIDS,2026-09-30 02:09:07
5698,VEN,Venezuela,2006,0.61364,107338,5000,0.1772,2436,9.32,20.0,5904,375,4020,Our World in Data / UNAIDS,2026-09-30 02:09:07
5699,VEN,Venezuela,2007,0.59749,104513,2700,0.0957,2133,8.17,23.0,5748,202,3520,Our World in Data / UNAIDS,2026-09-30 02:09:07
5700,VEN,Venezuela,2008,0.5802,101489,2500,0.0886,2195,8.2,28.0,5582,188,3623,Our World in Data / UNAIDS,2026-09-30 02:09:07
5701,VEN,Venezuela,2009,0.56411,98675,2600,0.0922,2287,8.38,34.0,5427,195,3773,Our World in Data / UNAIDS,2026-09-30 02:09:07
5702,VEN,Venezuela,2010,0.55022,96245,2900,0.1028,2224,8.03,40.0,5293,218,3670,Our World in Data / UNAIDS,2026-09-30 02:09:07
5703,VEN,Venezuela,2011,0.53854,94202,3100,0.1099,2153,7.73,42.0,5181,232,3552,Our World in Data / UNAIDS,2026-09-30 02:09:07
5704,VEN,Venezuela,2012,0.52842,92432,3400,0.1205,2284,8.14,45.0,5084,255,3768,Our World in Data / UNAIDS,2026-09-30 02:09:07
5705,VEN,Venezuela,2013,0.51955,90880,3700,0.1311,2493,8.79,44.0,4998,278,4113,Our World in Data / UNAIDS,2026-09-30 02:09:07
5706,VEN,Venezuela,2014,0.51113,89407,4100,0.1453,2854,9.87,45.0,4917,308,4709,Our World in Data / UNAIDS,2026-09-30 02:09:07
5707,VEN,Venezuela,2015,0.50727,88732,4500,0.1595,2489,8.42,58.0,4880,338,4107,Our World in Data / UNAIDS,2026-09-30 02:09:07
5708,VEN,Venezuela,2016,0.50779,88823,4900,0.1737,2111,7.03,52.0,4885,368,3483,Our World in Data / UNAIDS,2026-09-30 02:09:07
5709,VEN,Venezuela,2017,0.5077,88807,5400,0.1914,3058,9.79,41.0,4884,405,5046,Our World in Data / UNAIDS,2026-09-30 02:09:07
5710,VEN,Venezuela,2018,0.50473,88288,5700,0.202,4559,14.83,30.0,4856,428,7523,Our World in Data / UNAIDS,2026-09-30 02:09:07
5711,VEN,Venezuela,2019,0.50294,87975,5800,0.2056,4516,15.17,49.0,4839,435,7452,Our World in Data / UNAIDS,2026-09-30 02:09:07
5712,VEN,Venezuela,2020,0.51147,89467,6000,0.2127,2454,8.42,60.0,4921,450,4049,Our World in Data / UNAIDS,2026-09-30 02:09:07
5713,VEN,Venezuela,2021,0.52401,91660,6400,0.2268,1823,6.27,60.0,5041,480,3009,Our World in Data / UNAIDS,2026-09-30 02:09:07
5714,VEN,Venezuela,2022,0.53875,94239,6800,0.241,1799,6.27,59.0,5183,510,2968,Our World in Data / UNAIDS,2026-09-30 02:09:07
5715,VNM,Vietnam,1990,0.00551,3405,18000,0.1806,23,6.52,0.0,187,1350,38,Our World in Data / UNAIDS,2026-09-30 02:09:07
5716,VNM,Vietnam,1991,0.01104,6823,18000,0.1806,45,6.52,0.0,375,1350,74,Our World in Data / UNAIDS,2026-09-30 02:09:07
5717,VNM,Vietnam,1992,0.02112,13053,18000,0.1806,87,6.52,0.0,718,1350,144,Our World in Data / UNAIDS,2026-09-30 02:09:07
5718,VNM,Vietnam,1993,0.03771,23306,18000,0.1806,166,6.52,0.0,1282,1350,274,Our World in Data / UNAIDS,2026-09-30 02:09:07
5719,VNM,Vietnam,1994,0.06158,38058,18000,0.1806,301,6.52,0.0,2093,1350,496,Our World in Data / UNAIDS,2026-09-30 02:09:07
5720,VNM,Vietnam,1995,0.09112,56314,18000,0.1806,513,6.52,0.0,3097,1350,846,Our World in Data / UNAIDS,2026-09-30 02:09:07
5721,VNM,Vietnam,1996,0.12306,76054,18000,0.1806,816,6.52,0.0,4183,1350,1347,Our World in Data / UNAIDS,2026-09-30 02:09:07
5722,VNM,Vietnam,1997,0.15449,95478,18000,0.1806,1222,6.52,0.0,5251,1350,2016,Our World in Data / UNAIDS,2026-09-30 02:09:07
5723,VNM,Vietnam,1998,0.18424,113864,18000,0.1806,1731,6.52,0.0,6263,1350,2856,Our World in Data / UNAIDS,2026-09-30 02:09:07
5724,VNM,Vietnam,1999,0.2129,131576,18000,0.1806,2344,6.52,0.0,7237,1350,3867,Our World in Data / UNAIDS,2026-09-30 02:09:07
5725,VNM,Vietnam,2000,0.23998,148312,18000,0.1806,3059,6.52,0.0,8157,1350,5047,Our World in Data / UNAIDS,2026-09-30 02:09:07
5726,VNM,Vietnam,2001,0.26512,163849,18000,0.1806,3864,7.87,0.0,9012,1350,6376,Our World in Data / UNAIDS,2026-09-30 02:09:07
5727,VNM,Vietnam,2002,0.28936,178830,19000,0.1906,4740,9.26,0.0,9836,1425,7821,Our World in Data / UNAIDS,2026-09-30 02:09:07
5728,VNM,Vietnam,2003,0.31067,192000,19000,0.1906,5649,10.59,0.0,10560,1425,9321,Our World in Data / UNAIDS,2026-09-30 02:09:07
5729,VNM,Vietnam,2004,0.32834,202921,18000,0.1806,6560,11.85,0.0,11161,1350,10824,Our World in Data / UNAIDS,2026-09-30 02:09:07
5730,VNM,Vietnam,2005,0.34196,211338,17000,0.1705,7249,12.62,2.0,11624,1275,11961,Our World in Data / UNAIDS,2026-09-30 02:09:07
5731,VNM,Vietnam,2006,0.34932,215887,16000,0.1605,7357,12.43,5.0,11874,1200,12139,Our World in Data / UNAIDS,2026-09-30 02:09:07
5732,VNM,Vietnam,2007,0.35664,220411,16000,0.1605,6850,11.3,10.0,12123,1200,11303,Our World in Data / UNAIDS,2026-09-30 02:09:07
5733,VNM,Vietnam,2008,0.36456,225305,15000,0.1505,5939,9.51,16.0,12392,1125,9800,Our World in Data / UNAIDS,2026-09-30 02:09:07
5734,VNM,Vietnam,2009,0.37585,232283,15000,0.1505,5068,7.76,21.0,12776,1125,8363,Our World in Data / UNAIDS,2026-09-30 02:09:07
5735,VNM,Vietnam,2010,0.38735,239390,14000,0.1404,4609,6.87,26.0,13166,1050,7605,Our World in Data / UNAIDS,2026-09-30 02:09:07
5736,VNM,Vietnam,2011,0.39752,245675,14000,0.1404,4668,6.76,31.0,13512,1050,7703,Our World in Data / UNAIDS,2026-09-30 02:09:07
5737,VNM,Vietnam,2012,0.4076,251905,13000,0.1304,4730,6.48,36.0,13855,975,7805,Our World in Data / UNAIDS,2026-09-30 02:09:07
5738,VNM,Vietnam,2013,0.41757,258067,13000,0.1304,4609,6.06,40.0,14194,975,7605,Our World in Data / UNAIDS,2026-09-30 02:09:07
5739,VNM,Vietnam,2014,0.42756,264241,12000,0.1204,4446,5.68,42.0,14533,900,7336,Our World in Data / UNAIDS,2026-09-30 02:09:07
5740,VNM,Vietnam,2015,0.43638,269692,12000,0.1204,4325,5.21,48.0,14833,900,7136,Our World in Data / UNAIDS,2026-09-30 02:09:07
5741,VNM,Vietnam,2016,0.44433,274605,11000,0.1104,4076,4.97,51.0,15103,825,6725,Our World in Data / UNAIDS,2026-09-30 02:09:07
5742,VNM,Vietnam,2017,0.4511,278789,11000,0.1104,4147,5.39,53.0,15333,825,6842,Our World in Data / UNAIDS,2026-09-30 02:09:07
5743,VNM,Vietnam,2018,0.45615,281910,10000,0.1003,4359,5.53,58.0,15505,750,7192,Our World in Data / UNAIDS,2026-09-30 02:09:07
5744,VNM,Vietnam,2019,0.45898,283659,9800,0.0983,4265,5.18,61.0,15601,735,7037,Our World in Data / UNAIDS,2026-09-30 02:09:07
5745,VNM,Vietnam,2020,0.46,284289,9000,0.0903,4236,4.82,65.0,15636,675,6989,Our World in Data / UNAIDS,2026-09-30 02:09:07
5746,VNM,Vietnam,2021,0.45853,283381,8200,0.0823,4217,4.4,67.0,15586,615,6958,Our World in Data / UNAIDS,2026-09-30 02:09:07
5747,VNM,Vietnam,2022,0.45489,281131,7600,0.0762,4248,4.4,69.0,15462,570,7010,Our World in Data / UNAIDS,2026-09-30 02:09:07
5748,VUT,Vanuatu,2000,0.24165,469,100,0.3194,389,124.3244,0.0,26,8,642,Our World in Data / UNAIDS,2026-09-30 02:09:07
5749,VUT,Vanuatu,2001,0.25329,492,100,0.3194,363,115.9144,0.0,27,8,599,Our World in Data / UNAIDS,2026-09-30 02:09:07
5750,VUT,Vanuatu,2002,0.27393,532,100,0.3194,349,111.4138,0.0,29,8,575,Our World in Data / UNAIDS,2026-09-30 02:09:07
5751,VUT,Vanuatu,2003,0.30624,594,100,0.3194,386,123.2237,1.5,33,8,636,Our World in Data / UNAIDS,2026-09-30 02:09:07
5752,VUT,Vanuatu,2004,0.31623,614,100,0.3194,445,142.2805,3.0,34,8,735,Our World in Data / UNAIDS,2026-09-30 02:09:07
5753,VUT,Vanuatu,2005,0.31956,620,100,0.3194,400,127.6952,6.5,34,8,660,Our World in Data / UNAIDS,2026-09-30 02:09:07
5754,VUT,Vanuatu,2006,0.32438,630,100,0.3194,432,137.8667,9.5,35,8,712,Our World in Data / UNAIDS,2026-09-30 02:09:07
5755,VUT,Vanuatu,2007,0.3304,641,100,0.3194,566,180.7968,13.0,35,8,934,Our World in Data / UNAIDS,2026-09-30 02:09:07
5756,VUT,Vanuatu,2008,0.33243,645,100,0.3194,534,170.4275,17.0,35,8,880,Our World in Data / UNAIDS,2026-09-30 02:09:07
5757,VUT,Vanuatu,2009,0.32959,640,100,0.3194,470,150.1962,21.0,35,8,776,Our World in Data / UNAIDS,2026-09-30 02:09:07
5758,VUT,Vanuatu,2010,0.33193,644,100,0.3194,452,144.4898,24.9444,35,8,746,Our World in Data / UNAIDS,2026-09-30 02:09:07
5759,VUT,Vanuatu,2011,0.34874,677,100,0.3194,468,149.3679,28.0,37,8,772,Our World in Data / UNAIDS,2026-09-30 02:09:07
5760,VUT,Vanuatu,2012,0.36233,703,100,0.3194,487,155.4844,31.0,39,8,803,Our World in Data / UNAIDS,2026-09-30 02:09:07
5761,VUT,Vanuatu,2013,0.36732,713,100,0.3194,517,165.1683,35.0,39,8,853,Our World in Data / UNAIDS,2026-09-30 02:09:07
5762,VUT,Vanuatu,2014,0.36172,702,100,0.3194,449,143.4168,37.0,39,8,741,Our World in Data / UNAIDS,2026-09-30 02:09:07
5763,VUT,Vanuatu,2015,0.36479,708,100,0.3194,430,137.2662,41.0,39,8,709,Our World in Data / UNAIDS,2026-09-30 02:09:07
5764,VUT,Vanuatu,2016,0.37443,727,100,0.3194,442,141.3103,45.5,40,8,730,Our World in Data / UNAIDS,2026-09-30 02:09:07
5765,VUT,Vanuatu,2017,0.36894,716,100,0.3194,424,135.3448,50.5,39,8,699,Our World in Data / UNAIDS,2026-09-30 02:09:07
5766,VUT,Vanuatu,2018,0.36413,707,100,0.3194,381,121.8133,54.0,39,8,629,Our World in Data / UNAIDS,2026-09-30 02:09:07
5767,VUT,Vanuatu,2019,0.37023,719,100,0.3194,357,113.9913,59.0,40,8,589,Our World in Data / UNAIDS,2026-09-30 02:09:07
5768,VUT,Vanuatu,2020,0.39803,773,100,0.3194,369,117.9732,61.5,43,8,609,Our World in Data / UNAIDS,2026-09-30 02:09:07
5769,VUT,Vanuatu,2021,0.40203,780,100,0.3194,371,118.6616,64.5,43,8,613,Our World in Data / UNAIDS,2026-09-30 02:09:07
5770,VUT,Vanuatu,2022,0.40563,787,100,0.3194,355,113.284,67.0,43,8,585,Our World in Data / UNAIDS,2026-09-30 02:09:07
5771,WSM,Samoa,2000,0.24165,323,1650,7.6651,389,180.8003,0.0,18,124,642,Our World in Data / UNAIDS,2026-09-30 02:09:07
5772,WSM,Samoa,2001,0.25329,338,1700,7.8974,363,168.57,0.0,19,128,599,Our World in Data / UNAIDS,2026-09-30 02:09:07
5773,WSM,Samoa,2002,0.27393,366,1700,7.8974,349,162.0249,0.0,20,128,575,Our World in Data / UNAIDS,2026-09-30 02:09:07
5774,WSM,Samoa,2003,0.30624,409,1700,7.8974,386,179.1996,1.5,22,128,636,Our World in Data / UNAIDS,2026-09-30 02:09:07
5775,WSM,Samoa,2004,0.31623,422,1550,7.2006,445,206.9132,3.0,23,116,735,Our World in Data / UNAIDS,2026-09-30 02:09:07
5776,WSM,Samoa,2005,0.31956,426,1500,6.9683,400,185.7023,6.5,23,112,660,Our World in Data / UNAIDS,2026-09-30 02:09:07
5777,WSM,Samoa,2006,0.32438,433,1450,6.736,432,200.4944,9.5,24,109,712,Our World in Data / UNAIDS,2026-09-30 02:09:07
5778,WSM,Samoa,2007,0.3304,441,1300,6.0392,566,262.926,13.0,24,98,934,Our World in Data / UNAIDS,2026-09-30 02:09:07
5779,WSM,Samoa,2008,0.33243,444,1250,5.8069,534,247.8463,17.0,24,94,880,Our World in Data / UNAIDS,2026-09-30 02:09:07
5780,WSM,Samoa,2009,0.32959,440,1300,6.0392,470,218.4247,21.0,24,98,776,Our World in Data / UNAIDS,2026-09-30 02:09:07
5781,WSM,Samoa,2010,0.33193,443,1300,6.0392,452,210.1261,24.9444,24,98,746,Our World in Data / UNAIDS,2026-09-30 02:09:07
5782,WSM,Samoa,2011,0.34874,465,1250,5.8069,468,217.2202,28.0,26,94,772,Our World in Data / UNAIDS,2026-09-30 02:09:07
5783,WSM,Samoa,2012,0.36233,484,1250,5.8069,487,226.1152,31.0,27,94,803,Our World in Data / UNAIDS,2026-09-30 02:09:07
5784,WSM,Samoa,2013,0.36732,490,1300,6.0392,517,240.1981,35.0,27,98,853,Our World in Data / UNAIDS,2026-09-30 02:09:07
5785,WSM,Samoa,2014,0.36172,483,1200,5.5746,449,208.5657,37.0,27,90,741,Our World in Data / UNAIDS,2026-09-30 02:09:07
5786,WSM,Samoa,2015,0.36479,487,1250,5.8069,430,199.6211,41.0,27,94,709,Our World in Data / UNAIDS,2026-09-30 02:09:07
5787,WSM,Samoa,2016,0.37443,500,1200,5.5746,442,205.5022,45.5,28,90,730,Our World in Data / UNAIDS,2026-09-30 02:09:07
5788,WSM,Samoa,2017,0.36894,492,1200,5.5746,424,196.8269,50.5,27,90,699,Our World in Data / UNAIDS,2026-09-30 02:09:07
5789,WSM,Samoa,2018,0.36413,486,1200,5.5746,381,177.1486,54.0,27,90,629,Our World in Data / UNAIDS,2026-09-30 02:09:07
5790,WSM,Samoa,2019,0.37023,494,1200,5.5746,357,165.7733,59.0,27,90,589,Our World in Data / UNAIDS,2026-09-30 02:09:07
5791,WSM,Samoa,2020,0.39803,531,1250,5.8069,369,171.564,61.5,29,94,609,Our World in Data / UNAIDS,2026-09-30 02:09:07
5792,WSM,Samoa,2021,0.40203,537,1300,6.0392,371,172.565,64.5,30,98,613,Our World in Data / UNAIDS,2026-09-30 02:09:07
5793,YEM,Yemen,1990,0.00474,1123,500,0.0131,17,0.76,0.0,62,38,29,Our World in Data / UNAIDS,2026-09-30 02:09:07
5794,YEM,Yemen,1991,0.00536,1270,500,0.0131,20,0.76,0.0,70,38,34,Our World in Data / UNAIDS,2026-09-30 02:09:07
5795,YEM,Yemen,1992,0.00607,1438,500,0.0131,24,0.76,0.0,79,38,39,Our World in Data / UNAIDS,2026-09-30 02:09:07
5796,YEM,Yemen,1993,0.00687,1628,500,0.0131,28,0.76,0.0,90,38,46,Our World in Data / UNAIDS,2026-09-30 02:09:07
5797,YEM,Yemen,1994,0.00777,1841,500,0.0131,33,0.76,0.0,101,38,54,Our World in Data / UNAIDS,2026-09-30 02:09:07
5798,YEM,Yemen,1995,0.00881,2088,500,0.0131,38,0.76,0.0,115,38,63,Our World in Data / UNAIDS,2026-09-30 02:09:07
5799,YEM,Yemen,1996,0.00999,2367,500,0.0131,44,0.76,0.0,130,38,73,Our World in Data / UNAIDS,2026-09-30 02:09:07
5800,YEM,Yemen,1997,0.01133,2685,500,0.0131,51,0.76,0.0,148,38,85,Our World in Data / UNAIDS,2026-09-30 02:09:07
5801,YEM,Yemen,1998,0.01287,3050,500,0.0131,59,0.76,0.0,168,38,98,Our World in Data / UNAIDS,2026-09-30 02:09:07
5802,YEM,Yemen,1999,0.01463,3467,500,0.0131,69,0.76,0.0,191,38,114,Our World in Data / UNAIDS,2026-09-30 02:09:07
5803,YEM,Yemen,2000,0.01665,3946,500,0.0131,80,0.76,0.0,217,38,132,Our World in Data / UNAIDS,2026-09-30 02:09:07
5804,YEM,Yemen,2001,0.01894,4488,500,0.0131,93,0.78,0.0,247,38,154,Our World in Data / UNAIDS,2026-09-30 02:09:07
5805,YEM,Yemen,2002,0.02153,5102,500,0.0131,108,0.85,0.0,281,38,178,Our World in Data / UNAIDS,2026-09-30 02:09:07
5806,YEM,Yemen,2003,0.02447,5799,550,0.0144,125,0.88,0.0,319,41,207,Our World in Data / UNAIDS,2026-09-30 02:09:07
5807,YEM,Yemen,2004,0.02777,6581,640,0.0167,146,0.92,0.0,362,48,240,Our World in Data / UNAIDS,2026-09-30 02:09:07
5808,YEM,Yemen,2005,0.03146,7455,740,0.0194,169,0.95,0.0,410,56,279,Our World in Data / UNAIDS,2026-09-30 02:09:07
5809,YEM,Yemen,2006,0.03544,8399,850,0.0222,198,1.01,0.0,462,64,327,Our World in Data / UNAIDS,2026-09-30 02:09:07
5810,YEM,Yemen,2007,0.03959,9382,940,0.0246,220,0.99,1.0,516,70,364,Our World in Data / UNAIDS,2026-09-30 02:09:07
5811,YEM,Yemen,2008,0.04361,10335,990,0.0259,231,0.91,3.0,568,74,382,Our World in Data / UNAIDS,2026-09-30 02:09:07
5812,YEM,Yemen,2009,0.04683,11098,950,0.0249,250,0.86,4.0,610,71,412,Our World in Data / UNAIDS,2026-09-30 02:09:07
5813,YEM,Yemen,2010,0.04868,11536,820,0.0215,267,0.81,7.0,634,62,441,Our World in Data / UNAIDS,2026-09-30 02:09:07
5814,YEM,Yemen,2011,0.04946,11721,700,0.0183,283,0.76,8.0,645,52,466,Our World in Data / UNAIDS,2026-09-30 02:09:07
5815,YEM,Yemen,2012,0.04986,11816,700,0.0183,320,0.83,9.0,650,52,529,Our World in Data / UNAIDS,2026-09-30 02:09:07
5816,YEM,Yemen,2013,0.0505,11968,780,0.0204,356,0.87,11.0,658,58,587,Our World in Data / UNAIDS,2026-09-30 02:09:07
5817,YEM,Yemen,2014,0.05154,12214,880,0.023,382,0.87,14.0,672,66,630,Our World in Data / UNAIDS,2026-09-30 02:09:07
5818,YEM,Yemen,2015,0.05287,12529,990,0.0259,413,0.88,15.0,689,74,681,Our World in Data / UNAIDS,2026-09-30 02:09:07
5819,YEM,Yemen,2016,0.05447,12908,1100,0.0288,442,0.91,18.0,710,82,730,Our World in Data / UNAIDS,2026-09-30 02:09:07
5820,YEM,Yemen,2017,0.05627,13335,1200,0.0314,464,0.88,19.0,733,90,766,Our World in Data / UNAIDS,2026-09-30 02:09:07
5821,YEM,Yemen,2018,0.05812,13773,1200,0.0314,492,0.96,21.0,758,90,811,Our World in Data / UNAIDS,2026-09-30 02:09:07
5822,YEM,Yemen,2019,0.06003,14226,1300,0.034,515,0.94,22.0,782,98,850,Our World in Data / UNAIDS,2026-09-30 02:09:07
5823,YEM,Yemen,2020,0.0619,14669,1400,0.0366,543,0.94,23.0,807,105,896,Our World in Data / UNAIDS,2026-09-30 02:09:07
5824,YEM,Yemen,2021,0.06368,15091,1400,0.0366,575,0.97,24.0,830,105,948,Our World in Data / UNAIDS,2026-09-30 02:09:07
5825,YEM,Yemen,2022,0.06546,15513,1500,0.0392,594,0.97,26.0,853,112,980,Our World in Data / UNAIDS,2026-09-30 02:09:07
5826,ZAF,South Africa,1990,1.46384,566134,530000,8.4965,9732,304.77,0.0,31137,39750,16059,Our World in Data / UNAIDS,2026-09-30 02:09:07
5827,ZAF,South Africa,1991,2.25885,873602,530000,8.4965,15195,304.77,0.0,48048,39750,25071,Our World in Data / UNAIDS,2026-09-30 02:09:07
5828,ZAF,South Africa,1992,3.29568,1274592,530000,8.4965,23215,304.77,0.0,70103,39750,38304,Our World in Data / UNAIDS,2026-09-30 02:09:07
5829,ZAF,South Africa,1993,4.55149,1760271,530000,8.4965,34403,304.77,0.0,96815,39750,56765,Our World in Data / UNAIDS,2026-09-30 02:09:07
5830,ZAF,South Africa,1994,5.97377,2310333,530000,8.4965,49019,304.77,0.0,127068,39750,80881,Our World in Data / UNAIDS,2026-09-30 02:09:07
5831,ZAF,South Africa,1995,7.48291,2893987,530000,8.4965,67148,304.77,0.0,159169,39750,110793,Our World in Data / UNAIDS,2026-09-30 02:09:07
5832,ZAF,South Africa,1996,9.00645,3483210,530000,8.4965,88747,304.77,0.0,191577,39750,146432,Our World in Data / UNAIDS,2026-09-30 02:09:07
5833,ZAF,South Africa,1997,10.44059,4037858,530000,8.4965,113084,304.77,0.0,222082,39750,186589,Our World in Data / UNAIDS,2026-09-30 02:09:07
5834,ZAF,South Africa,1998,11.73982,4540330,530000,8.4965,139808,304.77,0.0,249718,39750,230683,Our World in Data / UNAIDS,2026-09-30 02:09:07
5835,ZAF,South Africa,1999,12.86037,4973698,530000,8.4965,168385,304.77,0.0,273553,39750,277835,Our World in Data / UNAIDS,2026-09-30 02:09:07
5836,ZAF,South Africa,2000,13.80045,5337271,530000,8.4965,192610,304.77,0.0,293550,39750,317806,Our World in Data / UNAIDS,2026-09-30 02:09:07
5837,ZAF,South Africa,2001,14.53112,5619855,520000,8.3362,217579,343.02,0.0,309092,39000,359005,Our World in Data / UNAIDS,2026-09-30 02:09:07
5838,ZAF,South Africa,2002,15.0936,5837392,500000,8.0156,242369,395.5,1.0,321057,37500,399908,Our World in Data / UNAIDS,2026-09-30 02:09:07
5839,ZAF,South Africa,2003,15.50248,5995524,490000,7.8553,266434,419.03,1.0,329754,36750,439616,Our World in Data / UNAIDS,2026-09-30 02:09:07
5840,ZAF,South Africa,2004,15.81486,6116336,470000,7.5347,279122,456.67,2.0,336398,35250,460551,Our World in Data / UNAIDS,2026-09-30 02:09:07
5841,ZAF,South Africa,2005,16.07592,6217300,460000,7.3743,277065,447.87,4.0,341952,34500,457157,Our World in Data / UNAIDS,2026-09-30 02:09:07
5842,ZAF,South Africa,2006,16.30832,6307180,440000,7.0537,272105,435.32,6.0,346895,33000,448973,Our World in Data / UNAIDS,2026-09-30 02:09:07
5843,ZAF,South Africa,2007,16.56039,6404667,420000,6.7331,241854,395.99,10.0,352257,31500,399059,Our World in Data / UNAIDS,2026-09-30 02:09:07
5844,ZAF,South Africa,2008,16.84496,6514723,400000,6.4125,206950,355.8,14.0,358310,30000,341467,Our World in Data / UNAIDS,2026-09-30 02:09:07
5845,ZAF,South Africa,2009,17.1223,6621983,370000,5.9315,185889,323.08,19.0,364209,27750,306717,Our World in Data / UNAIDS,2026-09-30 02:09:07
5846,ZAF,South Africa,2010,17.38975,6725419,350000,5.6109,161127,282.23,25.0,369898,26250,265860,Our World in Data / UNAIDS,2026-09-30 02:09:07
5847,ZAF,South Africa,2011,17.65505,6828022,330000,5.2903,131210,223.68,33.0,375541,24750,216496,Our World in Data / UNAIDS,2026-09-30 02:09:07
5848,ZAF,South Africa,2012,17.888,6918115,310000,4.9697,107158,190.46,40.0,380496,23250,176811,Our World in Data / UNAIDS,2026-09-30 02:09:07
5849,ZAF,South Africa,2013,18.12491,7009739,300000,4.8094,90900,160.56,45.0,385536,22500,149984,Our World in Data / UNAIDS,2026-09-30 02:09:07
5850,ZAF,South Africa,2014,18.33454,7090813,280000,4.4887,80744,140.11,49.0,389995,21000,133228,Our World in Data / UNAIDS,2026-09-30 02:09:07
5851,ZAF,South Africa,2015,18.50169,7155457,270000,4.3284,78000,128.83,54.0,393550,20250,128701,Our World in Data / UNAIDS,2026-09-30 02:09:07
5852,ZAF,South Africa,2016,18.6064,7195953,260000,4.1681,77051,121.16,60.0,395777,19500,127134,Our World in Data / UNAIDS,2026-09-30 02:09:07
5853,ZAF,South Africa,2017,18.63932,7208685,240000,3.8475,71759,108.19,66.0,396478,18000,118402,Our World in Data / UNAIDS,2026-09-30 02:09:07
5854,ZAF,South Africa,2018,18.62567,7203406,220000,3.5269,66562,95.88,70.0,396187,16500,109827,Our World in Data / UNAIDS,2026-09-30 02:09:07
5855,ZAF,South Africa,2019,18.54612,7172640,210000,3.3665,61957,87.28,73.0,394495,15750,102230,Our World in Data / UNAIDS,2026-09-30 02:09:07
5856,ZAF,South Africa,2020,18.38679,7111020,200000,3.2062,58058,80.52,75.0,391106,15000,95796,Our World in Data / UNAIDS,2026-09-30 02:09:07
5857,ZAF,South Africa,2021,18.16829,7026516,190000,3.0459,56202,75.78,77.0,386458,14250,92734,Our World in Data / UNAIDS,2026-09-30 02:09:07
5858,ZAF,South Africa,2022,17.89548,6921008,180000,2.8856,55171,75.78,78.0,380655,13500,91032,Our World in Data / UNAIDS,2026-09-30 02:09:07
5859,ZMB,Zambia,1990,9.43451,1178825,77000,3.8208,16598,578.04,0.0,64835,5775,27386,Our World in Data / UNAIDS,2026-09-30 02:09:07
5860,ZMB,Zambia,1991,10.74314,1342336,77000,3.8208,20717,578.04,0.0,73828,5775,34183,Our World in Data / UNAIDS,2026-09-30 02:09:07
5861,ZMB,Zambia,1992,11.83561,1478838,77000,3.8208,25062,578.04,0.0,81336,5775,41352,Our World in Data / UNAIDS,2026-09-30 02:09:07
5862,ZMB,Zambia,1993,12.66371,1582308,77000,3.8208,29505,578.04,0.0,87027,5775,48683,Our World in Data / UNAIDS,2026-09-30 02:09:07
5863,ZMB,Zambia,1994,13.27076,1658158,77000,3.8208,33950,578.04,0.0,91199,5775,56017,Our World in Data / UNAIDS,2026-09-30 02:09:07
5864,ZMB,Zambia,1995,13.68254,1709609,77000,3.8208,38324,578.04,0.0,94028,5775,63235,Our World in Data / UNAIDS,2026-09-30 02:09:07
5865,ZMB,Zambia,1996,13.91251,1738343,77000,3.8208,42488,578.04,0.0,95609,5775,70105,Our World in Data / UNAIDS,2026-09-30 02:09:07
5866,ZMB,Zambia,1997,13.96938,1745449,77000,3.8208,46406,578.04,0.0,96000,5775,76570,Our World in Data / UNAIDS,2026-09-30 02:09:07
5867,ZMB,Zambia,1998,13.90138,1736953,77000,3.8208,50078,578.04,0.0,95532,5775,82628,Our World in Data / UNAIDS,2026-09-30 02:09:07
5868,ZMB,Zambia,1999,13.73595,1716282,77000,3.8208,53333,578.04,0.0,94396,5775,87999,Our World in Data / UNAIDS,2026-09-30 02:09:07
5869,ZMB,Zambia,2000,13.49475,1686145,77000,3.8208,56311,578.04,0.0,92738,5775,92914,Our World in Data / UNAIDS,2026-09-30 02:09:07
5870,ZMB,Zambia,2001,13.20146,1649499,75000,3.7215,59000,566.96,0.0,90722,5625,97349,Our World in Data / UNAIDS,2026-09-30 02:09:07
5871,ZMB,Zambia,2002,12.87668,1608918,75000,3.7215,61576,598.11,0.0,88490,5625,101601,Our World in Data / UNAIDS,2026-09-30 02:09:07
5872,ZMB,Zambia,2003,12.57061,1570675,74000,3.6719,60983,589.05,2.0,86387,5550,100622,Our World in Data / UNAIDS,2026-09-30 02:09:07
5873,ZMB,Zambia,2004,12.29354,1536056,71000,3.5231,57990,531.53,4.0,84483,5325,95684,Our World in Data / UNAIDS,2026-09-30 02:09:07
5874,ZMB,Zambia,2005,12.05736,1506546,68000,3.3742,54749,485.63,7.0,82860,5100,90336,Our World in Data / UNAIDS,2026-09-30 02:09:07
5875,ZMB,Zambia,2006,11.86476,1482481,66000,3.275,50458,420.77,10.0,81536,4950,83256,Our World in Data / UNAIDS,2026-09-30 02:09:07
5876,ZMB,Zambia,2007,11.7439,1467379,64000,3.1757,42208,352.83,19.0,80706,4800,69643,Our World in Data / UNAIDS,2026-09-30 02:09:07
5877,ZMB,Zambia,2008,11.67852,1459210,59000,2.9276,32987,277.92,26.0,80257,4425,54429,Our World in Data / UNAIDS,2026-09-30 02:09:07
5878,ZMB,Zambia,2009,11.65989,1456882,60000,2.9772,27452,239.3,31.0,80129,4500,45296,Our World in Data / UNAIDS,2026-09-30 02:09:07
5879,ZMB,Zambia,2010,11.67477,1458742,63000,3.1261,25550,214.54,37.0,80231,4725,42157,Our World in Data / UNAIDS,2026-09-30 02:09:07
5880,ZMB,Zambia,2011,11.70754,1462836,65000,3.2253,24655,199.32,43.0,80456,4875,40680,Our World in Data / UNAIDS,2026-09-30 02:09:07
5881,ZMB,Zambia,2012,11.76282,1469743,68000,3.3742,23304,177.19,47.0,80836,5100,38452,Our World in Data / UNAIDS,2026-09-30 02:09:07
5882,ZMB,Zambia,2013,11.83873,1479228,71000,3.5231,22392,164.8,53.0,81358,5325,36947,Our World in Data / UNAIDS,2026-09-30 02:09:07
5883,ZMB,Zambia,2014,11.8713,1483298,72000,3.5727,21846,152.63,59.0,81581,5400,36046,Our World in Data / UNAIDS,2026-09-30 02:09:07
5884,ZMB,Zambia,2015,11.86012,1481901,74000,3.6719,21893,142.77,65.0,81505,5550,36124,Our World in Data / UNAIDS,2026-09-30 02:09:07
5885,ZMB,Zambia,2016,11.82018,1476910,75000,3.7215,20470,131.32,66.0,81230,5625,33776,Our World in Data / UNAIDS,2026-09-30 02:09:07
5886,ZMB,Zambia,2017,11.78851,1472953,75000,3.7215,19905,127.31,67.0,81012,5625,32844,Our World in Data / UNAIDS,2026-09-30 02:09:07
5887,ZMB,Zambia,2018,11.70282,1462246,70000,3.4734,22090,135.63,74.0,80424,5250,36448,Our World in Data / UNAIDS,2026-09-30 02:09:07
5888,ZMB,Zambia,2019,11.48721,1435306,59000,2.9276,22708,132.7,80.0,78942,4425,37469,Our World in Data / UNAIDS,2026-09-30 02:09:07
5889,ZMB,Zambia,2020,11.14541,1392599,48000,2.3818,22405,121.2,87.0,76593,3600,36968,Our World in Data / UNAIDS,2026-09-30 02:09:07
5890,ZMB,Zambia,2021,10.73916,1341839,42000,2.0841,19738,102.6,87.0,73801,3150,32567,Our World in Data / UNAIDS,2026-09-30 02:09:07
5891,ZMB,Zambia,2022,10.30327,1287375,38000,1.8856,18493,102.6,92.0,70806,2850,30514,Our World in Data / UNAIDS,2026-09-30 02:09:07
5892,ZWE,Zimbabwe,1990,19.90958,1983555,130000,8.0901,40074,878.54,2.0,109096,9750,66122,Our World in Data / UNAIDS,2026-09-30 02:09:07
5893,ZWE,Zimbabwe,1991,23.37271,2328580,130000,8.0901,52678,878.54,2.0,128072,9750,86919,Our World in Data / UNAIDS,2026-09-30 02:09:07
5894,ZWE,Zimbabwe,1992,26.09763,2600059,130000,8.0901,66055,878.54,2.0,143003,9750,108990,Our World in Data / UNAIDS,2026-09-30 02:09:07
5895,ZWE,Zimbabwe,1993,28.01934,2791515,130000,8.0901,79675,878.54,2.0,153533,9750,131463,Our World in Data / UNAIDS,2026-09-30 02:09:07
5896,ZWE,Zimbabwe,1994,29.20267,2909408,130000,8.0901,93257,878.54,2.0,160017,9750,153873,Our World in Data / UNAIDS,2026-09-30 02:09:07
5897,ZWE,Zimbabwe,1995,29.64893,2953868,130000,8.0901,105438,878.54,2.0,162463,9750,173973,Our World in Data / UNAIDS,2026-09-30 02:09:07
5898,ZWE,Zimbabwe,1996,29.51803,2940827,130000,8.0901,118049,878.54,2.0,161745,9750,194780,Our World in Data / UNAIDS,2026-09-30 02:09:07
5899,ZWE,Zimbabwe,1997,28.96918,2886146,130000,8.0901,125555,878.54,2.0,158738,9750,207166,Our World in Data / UNAIDS,2026-09-30 02:09:07
5900,ZWE,Zimbabwe,1998,28.10065,2799616,130000,8.0901,133459,878.54,2.0,153979,9750,220207,Our World in Data / UNAIDS,2026-09-30 02:09:07
5901,ZWE,Zimbabwe,1999,27.01836,2691789,130000,8.0901,142472,878.54,2.0,148048,9750,235079,Our World in Data / UNAIDS,2026-09-30 02:09:07
5902,ZWE,Zimbabwe,2000,25.7756,2567975,130000,8.0901,148508,878.54,2.0,141239,9750,245038,Our World in Data / UNAIDS,2026-09-30 02:09:07
5903,ZWE,Zimbabwe,2001,24.48447,2439342,120000,7.4678,151003,891.85,2.0,134164,9000,249154,Our World in Data / UNAIDS,2026-09-30 02:09:07
5904,ZWE,Zimbabwe,2002,23.16172,2307559,110000,6.8455,151475,898.86,2.0,126916,8250,249934,Our World in Data / UNAIDS,2026-09-30 02:09:07
5905,ZWE,Zimbabwe,2003,21.8608,2177951,110000,6.8455,149705,856.04,2.0,119787,8250,247014,Our World in Data / UNAIDS,2026-09-30 02:09:07
5906,ZWE,Zimbabwe,2004,20.64552,2056875,100000,6.2231,145666,834.35,3.0,113128,7500,240348,Our World in Data / UNAIDS,2026-09-30 02:09:07
5907,ZWE,Zimbabwe,2005,19.54829,1947560,96000,5.9742,137261,786.63,3.0,107116,7200,226480,Our World in Data / UNAIDS,2026-09-30 02:09:07
5908,ZWE,Zimbabwe,2006,18.60381,1853463,93000,5.7875,124750,722.57,4.0,101940,6975,205838,Our World in Data / UNAIDS,2026-09-30 02:09:07
5909,ZWE,Zimbabwe,2007,17.79469,1772852,88000,5.4764,113652,648.67,7.0,97507,6600,187526,Our World in Data / UNAIDS,2026-09-30 02:09:07
5910,ZWE,Zimbabwe,2008,17.13694,1707322,83000,5.1652,101609,584.41,11.0,93903,6225,167656,Our World in Data / UNAIDS,2026-09-30 02:09:07
5911,ZWE,Zimbabwe,2009,16.63017,1656833,81000,5.0407,89809,551.97,16.0,91126,6075,148184,Our World in Data / UNAIDS,2026-09-30 02:09:07
5912,ZWE,Zimbabwe,2010,16.31632,1625565,76000,4.7296,74554,438.56,26.0,89406,5700,123014,Our World in Data / UNAIDS,2026-09-30 02:09:07
5913,ZWE,Zimbabwe,2011,15.95751,1589817,63000,3.9206,57886,344.28,35.0,87440,4725,95512,Our World in Data / UNAIDS,2026-09-30 02:09:07
5914,ZWE,Zimbabwe,2012,15.64017,1558201,56000,3.485,46271,286.58,41.0,85701,4200,76347,Our World in Data / UNAIDS,2026-09-30 02:09:07
5915,ZWE,Zimbabwe,2013,15.29757,1524069,52000,3.236,39000,251.41,48.0,83824,3900,64351,Our World in Data / UNAIDS,2026-09-30 02:09:07
5916,ZWE,Zimbabwe,2014,14.9162,1486073,45000,2.8004,34400,220.96,55.0,81734,3375,56759,Our World in Data / UNAIDS,2026-09-30 02:09:07
5917,ZWE,Zimbabwe,2015,14.51391,1445994,42000,2.6137,32619,207.64,61.0,79530,3150,53821,Our World in Data / UNAIDS,2026-09-30 02:09:07
5918,ZWE,Zimbabwe,2016,14.08537,1403299,39000,2.427,29941,193.6,67.0,77181,2925,49403,Our World in Data / UNAIDS,2026-09-30 02:09:07
5919,ZWE,Zimbabwe,2017,13.5901,1353956,31000,1.9292,28091,184.51,76.0,74468,2325,46350,Our World in Data / UNAIDS,2026-09-30 02:09:07
5920,ZWE,Zimbabwe,2018,13.06194,1301337,24000,1.4936,24566,165.4,79.0,71574,1800,40535,Our World in Data / UNAIDS,2026-09-30 02:09:07
5921,ZWE,Zimbabwe,2019,12.53706,1249044,21000,1.3069,22971,153.73,85.0,68697,1575,37902,Our World in Data / UNAIDS,2026-09-30 02:09:07
5922,ZWE,Zimbabwe,2020,12.00607,1196143,18000,1.1202,22090,145.59,88.0,65788,1350,36449,Our World in Data / UNAIDS,2026-09-30 02:09:07
5923,ZWE,Zimbabwe,2021,11.49095,1144822,21000,1.3069,20129,130.15,89.0,62965,1575,33213,Our World in Data / UNAIDS,2026-09-30 02:09:07
5924,ZWE,Zimbabwe,2022,10.92395,1088333,17000,1.0579,19502,130.15,93.0,59858,1275,32178,Our World in Data / UNAIDS,2026-09-30 02:09:07
