id,country_code,country_name,year,life_expectancy_total,life_expectancy_male,life_expectancy_female,infant_mortality_per_1000,under5_mortality_per_1000,adult_mortality_male_per_1000,adult_mortality_female_per_1000,neonatal_mortality_per_1000,physicians_per_1000,hospital_beds_per_1000,health_expenditure_pct_gdp,data_source,loaded_at
1,ABW,Aruba,1990,72.546,69.543,75.701,37.7,45.1,186.223,90.328,21.0,1.12,2.76,4.865,World Bank API,2026-09-30 02:09:10
2,ABW,Aruba,1991,72.592,69.589,75.697,36.4,43.3,185.653,90.023,20.1,1.12,2.76,4.865,World Bank API,2026-09-30 02:09:10
3,ABW,Aruba,1992,72.717,69.724,75.7,34.9,42.5,183.51,89.63,19.7,1.12,2.84,4.865,World Bank API,2026-09-30 02:09:10
4,ABW,Aruba,1993,72.777,69.813,75.714,33.4,42.6,182.088,89.134,19.2,1.12,2.76,4.865,World Bank API,2026-09-30 02:09:10
5,ABW,Aruba,1994,72.796,69.827,75.731,32.9,39.6,181.867,88.608,18.9,1.12,2.76,4.865,World Bank API,2026-09-30 02:09:10
6,ABW,Aruba,1995,72.832,69.87,75.753,31.6,38.4,181.237,88.083,18.6,1.12,2.745,4.865,World Bank API,2026-09-30 02:09:10
7,ABW,Aruba,1996,72.856,69.895,75.768,30.4,37.2,181.003,87.653,18.0,1.12,2.64,4.865,World Bank API,2026-09-30 02:09:10
8,ABW,Aruba,1997,72.904,69.963,75.787,29.0,35.3,180.068,87.246,17.3,1.12,2.579,4.865,World Bank API,2026-09-30 02:09:10
9,ABW,Aruba,1998,72.94,69.996,75.823,28.2,33.4,179.73,86.736,16.7,1.12,2.583,4.865,World Bank API,2026-09-30 02:09:10
10,ABW,Aruba,1999,72.857,70.063,75.573,27.2,31.8,178.851,89.027,16.3,1.12,2.587,4.865,World Bank API,2026-09-30 02:09:10
11,ABW,Aruba,2000,72.939,70.149,75.651,26.3,30.5,177.639,88.188,16.0,1.12,2.508,4.865,World Bank API,2026-09-30 02:09:10
12,ABW,Aruba,2001,73.044,70.251,75.758,25.4,29.1,176.119,87.262,15.2,1.12,2.5,4.959,World Bank API,2026-09-30 02:09:10
13,ABW,Aruba,2002,73.135,70.364,75.825,23.6,28.1,174.307,86.431,14.5,1.12,2.429,5.33,World Bank API,2026-09-30 02:09:10
14,ABW,Aruba,2003,73.236,70.488,75.898,22.9,26.9,172.183,85.752,14.1,1.12,2.35,5.209,World Bank API,2026-09-30 02:09:10
15,ABW,Aruba,2004,73.223,70.487,75.872,21.1,26.1,171.848,85.962,13.7,1.12,2.361,5.336,World Bank API,2026-09-30 02:09:10
16,ABW,Aruba,2005,73.415,70.741,75.992,19.8,24.0,167.526,84.799,13.2,1.12,2.29,5.294,World Bank API,2026-09-30 02:09:10
17,ABW,Aruba,2006,73.498,70.791,76.109,19.3,22.8,166.301,83.589,13.0,1.12,2.297,5.405,World Bank API,2026-09-30 02:09:10
18,ABW,Aruba,2007,73.642,70.93,76.252,18.5,21.8,163.521,82.112,12.5,1.12,2.27,5.317,World Bank API,2026-09-30 02:09:10
19,ABW,Aruba,2008,73.783,71.058,76.404,17.9,20.9,161.095,80.554,12.1,1.12,2.26,5.444,World Bank API,2026-09-30 02:09:10
20,ABW,Aruba,2009,73.974,71.201,76.64,17.4,21.2,158.457,78.153,11.7,1.12,2.269,5.749,World Bank API,2026-09-30 02:09:10
21,ABW,Aruba,2010,74.297,70.997,77.57,16.7,19.3,160.929,70.056,11.4,1.12,2.25,5.49,World Bank API,2026-09-30 02:09:10
22,ABW,Aruba,2011,74.578,71.378,77.709,16.6,19.3,155.019,68.648,10.9,1.12,2.25,5.749,World Bank API,2026-09-30 02:09:10
23,ABW,Aruba,2012,74.841,71.685,77.899,16.2,18.9,150.283,66.917,11.0,1.12,2.27,5.776,World Bank API,2026-09-30 02:09:10
24,ABW,Aruba,2013,75.072,72.043,77.961,16.0,18.9,144.893,66.304,10.9,1.12,2.29,5.737,World Bank API,2026-09-30 02:09:10
25,ABW,Aruba,2014,75.261,72.245,78.124,15.8,18.5,141.756,64.901,10.8,1.12,2.34,5.838,World Bank API,2026-09-30 02:09:10
26,ABW,Aruba,2015,75.405,72.496,78.139,15.5,18.2,137.81,64.764,10.6,1.12,2.37,6.065,World Bank API,2026-09-30 02:09:10
27,ABW,Aruba,2016,75.54,72.691,78.203,15.0,17.8,134.527,64.298,10.2,1.12,2.36,6.172,World Bank API,2026-09-30 02:09:10
28,ABW,Aruba,2017,75.62,72.802,78.25,14.5,17.3,132.157,63.978,9.9,1.12,2.34,6.136,World Bank API,2026-09-30 02:09:10
29,ABW,Aruba,2018,75.88,72.88,78.708,14.1,16.4,130.119,60.625,9.8,1.12,2.3,5.932,World Bank API,2026-09-30 02:09:10
30,ABW,Aruba,2019,76.019,73.047,78.814,14.1,15.9,126.903,59.787,9.6,1.12,2.25,5.745,World Bank API,2026-09-30 02:09:10
31,ABW,Aruba,2020,75.406,72.344,78.333,13.6,15.6,134.254,62.616,9.3,1.12,2.35,6.646,World Bank API,2026-09-30 02:09:10
32,ABW,Aruba,2021,73.655,70.794,76.417,13.3,15.3,159.045,85.706,9.3,1.12,2.39,6.64,World Bank API,2026-09-30 02:09:10
33,ABW,Aruba,2022,76.226,73.537,78.691,13.0,15.1,118.505,60.053,9.0,1.12,2.36,6.573,World Bank API,2026-09-30 02:09:10
34,AFG,Afghanistan,1990,45.118,42.712,47.703,145.9,181.4,528.528,390.157,75.8,0.109,0.25,9.443,World Bank API,2026-09-30 02:09:10
35,AFG,Afghanistan,1991,45.521,42.959,48.282,141.4,175.2,529.557,384.266,74.2,0.12,0.259,9.443,World Bank API,2026-09-30 02:09:10
36,AFG,Afghanistan,1992,46.569,43.765,49.607,137.2,169.1,525.207,370.928,72.7,0.132,0.269,9.443,World Bank API,2026-09-30 02:09:10
37,AFG,Afghanistan,1993,51.021,49.755,52.296,133.1,163.5,400.507,338.063,71.2,0.143,0.278,9.443,World Bank API,2026-09-30 02:09:10
38,AFG,Afghanistan,1994,50.969,48.883,53.135,129.4,158.3,434.56,330.926,69.8,0.135,0.288,9.443,World Bank API,2026-09-30 02:09:10
39,AFG,Afghanistan,1995,52.103,50.536,53.694,126.0,153.4,398.636,324.083,68.4,0.126,0.297,9.443,World Bank API,2026-09-30 02:09:10
40,AFG,Afghanistan,1996,52.83,51.26,54.426,122.7,148.8,388.713,315.967,67.1,0.118,0.307,9.443,World Bank API,2026-09-30 02:09:10
41,AFG,Afghanistan,1997,53.212,51.725,54.72,119.6,144.4,381.171,312.924,65.9,0.11,0.317,9.443,World Bank API,2026-09-30 02:09:10
42,AFG,Afghanistan,1998,52.487,50.636,54.392,116.6,140.2,409.242,320.852,64.7,0.133,0.326,9.443,World Bank API,2026-09-30 02:09:10
43,AFG,Afghanistan,1999,54.532,53.102,55.966,113.6,136.0,361.413,299.431,63.4,0.156,0.336,9.443,World Bank API,2026-09-30 02:09:10
44,AFG,Afghanistan,2000,55.005,53.463,56.555,110.6,131.7,359.824,293.378,62.2,0.179,0.345,9.443,World Bank API,2026-09-30 02:09:10
45,AFG,Afghanistan,2001,55.511,53.941,57.089,107.5,127.5,354.541,287.685,60.9,0.202,0.355,9.443,World Bank API,2026-09-30 02:09:10
46,AFG,Afghanistan,2002,56.225,54.986,57.442,104.3,123.1,334.545,284.743,59.6,0.195,0.364,9.443,World Bank API,2026-09-30 02:09:10
47,AFG,Afghanistan,2003,57.171,55.849,58.472,100.8,118.5,324.327,272.589,58.2,0.188,0.374,8.941,World Bank API,2026-09-30 02:09:10
48,AFG,Afghanistan,2004,57.81,56.519,59.073,97.4,113.9,315.266,266.296,56.8,0.18,0.383,9.808,World Bank API,2026-09-30 02:09:10
49,AFG,Afghanistan,2005,58.247,56.88,59.588,93.8,109.3,312.852,261.04,55.4,0.173,0.393,9.948,World Bank API,2026-09-30 02:09:10
50,AFG,Afghanistan,2006,58.553,56.974,60.123,90.3,104.8,317.457,255.842,53.9,0.166,0.402,10.623,World Bank API,2026-09-30 02:09:10
51,AFG,Afghanistan,2007,58.956,57.122,60.804,86.8,100.4,322.159,249.208,52.4,0.182,0.412,9.905,World Bank API,2026-09-30 02:09:10
52,AFG,Afghanistan,2008,59.708,57.984,61.428,83.4,96.1,308.469,242.417,50.9,0.183,0.421,10.256,World Bank API,2026-09-30 02:09:10
53,AFG,Afghanistan,2009,60.248,58.681,61.791,80.1,91.9,295.661,238.015,49.4,0.22,0.431,9.818,World Bank API,2026-09-30 02:09:10
54,AFG,Afghanistan,2010,60.702,59.097,62.283,76.9,88.0,291.206,232.873,48.0,0.244,0.44,8.57,World Bank API,2026-09-30 02:09:10
55,AFG,Afghanistan,2011,61.25,59.625,62.852,74.0,84.3,285.304,227.039,46.5,0.258,0.45,8.562,World Bank API,2026-09-30 02:09:10
56,AFG,Afghanistan,2012,61.735,60.099,63.344,71.2,80.8,279.795,221.981,45.2,0.246,0.46,7.897,World Bank API,2026-09-30 02:09:10
57,AFG,Afghanistan,2013,62.188,60.534,63.814,68.6,77.6,274.813,217.098,43.9,0.29,0.46,8.806,World Bank API,2026-09-30 02:09:10
58,AFG,Afghanistan,2014,62.26,60.495,64.009,66.2,74.6,277.937,215.039,42.7,0.304,0.46,9.529,World Bank API,2026-09-30 02:09:10
59,AFG,Afghanistan,2015,62.27,60.363,64.178,64.0,71.9,283.387,213.685,41.5,0.29,0.44,10.105,World Bank API,2026-09-30 02:09:10
60,AFG,Afghanistan,2016,62.646,60.661,64.64,61.9,69.4,280.475,208.853,40.4,0.284,0.45,11.819,World Bank API,2026-09-30 02:09:10
61,AFG,Afghanistan,2017,62.406,59.388,65.606,60.1,67.1,322.115,201.809,39.4,0.245,0.42,12.621,World Bank API,2026-09-30 02:09:10
62,AFG,Afghanistan,2018,62.443,59.175,65.942,58.3,64.8,330.952,198.86,38.4,0.303,0.4,14.208,World Bank API,2026-09-30 02:09:10
63,AFG,Afghanistan,2019,62.941,59.91,66.144,56.6,62.7,315.945,196.012,37.4,0.214,0.38,14.831,World Bank API,2026-09-30 02:09:10
64,AFG,Afghanistan,2020,61.454,58.455,64.656,54.9,60.7,344.792,221.302,36.5,0.253,0.33,15.534,World Bank API,2026-09-30 02:09:10
65,AFG,Afghanistan,2021,60.417,57.052,64.079,53.2,58.7,388.257,239.896,35.6,0.253,0.36,21.508,World Bank API,2026-09-30 02:09:10
66,AFG,Afghanistan,2022,65.617,63.941,67.236,51.6,56.8,233.392,181.84,34.7,0.253,0.36,23.088,World Bank API,2026-09-30 02:09:10
67,AGO,Angola,1990,41.854,38.639,45.43,118.1,212.7,562.008,390.952,45.8,0.042,1.291,1.685,World Bank API,2026-09-30 02:09:10
68,AGO,Angola,1991,43.812,40.991,46.844,118.5,212.6,511.21,371.624,45.7,0.045,1.273,1.685,World Bank API,2026-09-30 02:09:10
69,AGO,Angola,1992,42.267,39.243,45.563,119.0,212.4,546.007,388.712,45.6,0.047,1.254,1.685,World Bank API,2026-09-30 02:09:10
70,AGO,Angola,1993,42.19,38.227,46.723,119.3,212.1,590.18,378.846,45.5,0.05,1.235,1.685,World Bank API,2026-09-30 02:09:10
71,AGO,Angola,1994,43.567,39.819,47.745,119.5,211.4,557.381,365.686,45.2,0.052,1.217,1.685,World Bank API,2026-09-30 02:09:10
72,AGO,Angola,1995,46.139,44.145,48.16,119.4,209.9,438.457,355.38,44.8,0.055,1.198,1.685,World Bank API,2026-09-30 02:09:10
73,AGO,Angola,1996,46.418,44.457,48.402,118.7,207.3,433.886,353.366,44.1,0.057,1.179,1.685,World Bank API,2026-09-30 02:09:10
74,AGO,Angola,1997,46.688,44.716,48.684,117.2,203.5,431.997,351.406,43.0,0.06,1.161,1.685,World Bank API,2026-09-30 02:09:10
75,AGO,Angola,1998,45.452,42.954,48.047,114.8,198.4,476.406,361.678,41.7,0.06,1.142,1.685,World Bank API,2026-09-30 02:09:10
76,AGO,Angola,1999,45.808,42.799,49.003,111.9,192.2,495.854,353.729,40.3,0.061,1.123,1.685,World Bank API,2026-09-30 02:09:10
77,AGO,Angola,2000,46.501,43.963,49.132,108.3,185.0,466.917,352.037,39.1,0.061,1.105,1.685,World Bank API,2026-09-30 02:09:10
78,AGO,Angola,2001,47.032,44.162,50.047,103.8,176.3,477.543,345.851,38.1,0.062,1.086,3.959,World Bank API,2026-09-30 02:09:10
79,AGO,Angola,2002,47.874,45.446,50.367,98.4,166.4,449.934,343.889,37.0,0.062,1.067,2.94,World Bank API,2026-09-30 02:09:10
80,AGO,Angola,2003,50.218,48.258,52.181,92.5,155.5,399.261,324.731,35.9,0.063,1.049,3.107,World Bank API,2026-09-30 02:09:10
81,AGO,Angola,2004,51.123,49.17,53.074,85.8,143.7,390.405,317.443,34.5,0.063,1.03,3.461,World Bank API,2026-09-30 02:09:10
82,AGO,Angola,2005,52.13,50.203,54.051,78.9,131.5,379.203,309.176,33.0,0.077,1.011,2.547,World Bank API,2026-09-30 02:09:10
83,AGO,Angola,2006,52.965,51.107,54.811,72.2,119.8,370.681,304.396,31.4,0.091,0.993,2.398,World Bank API,2026-09-30 02:09:10
84,AGO,Angola,2007,54.2,52.345,56.041,66.0,109.0,357.591,292.601,30.0,0.104,0.974,2.658,World Bank API,2026-09-30 02:09:10
85,AGO,Angola,2008,55.281,53.386,57.162,60.3,99.2,348.072,282.153,28.7,0.118,0.955,2.978,World Bank API,2026-09-30 02:09:10
86,AGO,Angola,2009,56.225,54.308,58.129,55.4,90.7,341.122,274.574,27.3,0.132,0.937,3.307,World Bank API,2026-09-30 02:09:10
87,AGO,Angola,2010,57.242,55.253,59.221,51.1,83.4,332.529,263.504,26.1,0.142,0.918,2.364,World Bank API,2026-09-30 02:09:10
88,AGO,Angola,2011,58.093,55.976,60.21,47.6,77.2,328.921,253.571,24.8,0.152,0.899,2.356,World Bank API,2026-09-30 02:09:10
89,AGO,Angola,2012,58.916,56.677,61.157,44.6,72.0,325.282,244.237,23.6,0.162,0.881,2.137,World Bank API,2026-09-30 02:09:10
90,AGO,Angola,2013,59.705,57.404,62.009,42.2,67.9,319.374,235.948,22.5,0.172,0.862,2.43,World Bank API,2026-09-30 02:09:10
91,AGO,Angola,2014,60.396,58.068,62.728,40.3,64.5,313.312,229.149,21.6,0.182,0.843,2.157,World Bank API,2026-09-30 02:09:10
92,AGO,Angola,2015,61.042,58.68,63.412,38.8,61.8,307.183,222.12,20.9,0.192,0.825,2.3,World Bank API,2026-09-30 02:09:10
93,AGO,Angola,2016,61.619,59.237,64.009,37.6,59.6,301.441,216.301,20.4,0.202,0.806,2.391,World Bank API,2026-09-30 02:09:10
94,AGO,Angola,2017,62.122,59.727,64.527,36.7,57.9,296.81,211.516,20.0,0.212,0.787,2.438,World Bank API,2026-09-30 02:09:10
95,AGO,Angola,2018,62.622,60.199,65.057,36.0,56.5,291.681,205.85,19.7,0.211,0.769,2.299,World Bank API,2026-09-30 02:09:10
96,AGO,Angola,2019,63.051,60.609,65.506,35.5,55.3,287.423,201.372,19.4,0.219,0.75,2.204,World Bank API,2026-09-30 02:09:10
97,AGO,Angola,2020,63.116,60.509,65.774,34.9,54.2,290.013,199.029,19.2,0.227,0.75,2.817,World Bank API,2026-09-30 02:09:10
98,AGO,Angola,2021,62.958,60.498,65.441,34.4,53.2,303.165,213.749,19.0,0.236,0.75,2.74,World Bank API,2026-09-30 02:09:10
99,AGO,Angola,2022,64.246,61.748,66.753,33.7,51.9,275.098,188.629,18.7,0.244,0.75,2.6,World Bank API,2026-09-30 02:09:10
100,ALB,Albania,1990,72.71,69.412,76.195,27.3,40.6,130.071,69.156,12.5,1.378,4.025,5.874,World Bank API,2026-09-30 02:09:10
101,ALB,Albania,1991,73.001,69.705,76.452,26.0,38.8,129.876,68.473,12.4,1.46,3.999,5.874,World Bank API,2026-09-30 02:09:10
102,ALB,Albania,1992,73.303,70.014,76.72,24.9,37.3,129.266,67.28,12.3,1.604,4.013,5.874,World Bank API,2026-09-30 02:09:10
103,ALB,Albania,1993,73.638,70.38,77.0,23.9,36.0,127.227,65.734,12.3,1.377,3.831,5.874,World Bank API,2026-09-30 02:09:10
104,ALB,Albania,1994,73.837,70.566,77.206,23.0,34.7,128.919,64.702,12.3,1.294,3.017,5.874,World Bank API,2026-09-30 02:09:10
105,ALB,Albania,1995,74.022,70.734,77.407,22.2,33.5,131.06,63.183,12.3,1.302,3.19,5.874,World Bank API,2026-09-30 02:09:10
106,ALB,Albania,1996,74.113,70.798,77.533,21.3,32.2,135.159,62.915,12.4,1.318,3.14,5.874,World Bank API,2026-09-30 02:09:10
107,ALB,Albania,1997,73.383,69.866,77.052,20.4,30.9,154.963,68.048,12.4,1.333,3.05,5.874,World Bank API,2026-09-30 02:09:10
108,ALB,Albania,1998,74.357,71.092,77.725,19.5,29.6,138.104,63.179,12.4,1.347,3.05,5.874,World Bank API,2026-09-30 02:09:10
109,ALB,Albania,1999,74.568,71.405,77.822,18.7,28.3,135.356,63.089,12.3,1.356,3.03,5.874,World Bank API,2026-09-30 02:09:10
110,ALB,Albania,2000,74.826,71.804,77.926,17.8,27.0,130.704,63.313,12.1,1.366,3.21,5.874,World Bank API,2026-09-30 02:09:10
111,ALB,Albania,2001,75.083,72.204,78.031,17.0,25.6,126.05,63.266,11.8,1.303,3.17,5.856,World Bank API,2026-09-30 02:09:10
112,ALB,Albania,2002,75.299,72.529,78.142,16.1,24.3,123.711,63.585,11.5,1.167,3.09,5.598,World Bank API,2026-09-30 02:09:10
113,ALB,Albania,2003,75.557,72.864,78.329,15.2,22.9,122.223,63.434,11.2,1.186,3.05,5.842,World Bank API,2026-09-30 02:09:10
114,ALB,Albania,2004,75.951,73.242,78.753,14.4,21.4,118.888,62.409,10.9,1.194,3.04,5.824,World Bank API,2026-09-30 02:09:10
115,ALB,Albania,2005,76.427,73.663,79.303,13.5,20.0,115.32,60.478,10.5,1.192,3.02,5.662,World Bank API,2026-09-30 02:09:10
116,ALB,Albania,2006,76.994,74.183,79.943,12.7,18.5,110.595,57.635,10.0,1.189,3.06,5.566,World Bank API,2026-09-30 02:09:10
117,ALB,Albania,2007,77.691,74.922,80.584,11.9,17.1,105.593,54.595,9.2,1.2,3.04,5.856,World Bank API,2026-09-30 02:09:10
118,ALB,Albania,2008,78.248,75.531,81.076,11.1,15.8,102.402,52.132,8.3,1.218,3.04,5.444,World Bank API,2026-09-30 02:09:10
119,ALB,Albania,2009,78.509,75.842,81.282,10.3,14.5,101.917,51.201,7.3,1.235,2.97,5.758,World Bank API,2026-09-30 02:09:10
120,ALB,Albania,2010,78.414,75.825,81.108,9.6,13.3,104.61,52.225,6.7,1.243,2.97,6.163,World Bank API,2026-09-30 02:09:10
121,ALB,Albania,2011,78.303,75.792,80.916,9.0,12.2,107.27,53.731,6.3,1.229,2.88,6.11,World Bank API,2026-09-30 02:09:10
122,ALB,Albania,2012,78.084,75.66,80.589,8.5,11.2,110.97,55.665,6.1,1.27,2.87,6.085,World Bank API,2026-09-30 02:09:10
123,ALB,Albania,2013,77.995,75.666,80.387,8.0,10.5,112.729,56.799,5.9,1.276,2.88,6.209,World Bank API,2026-09-30 02:09:10
124,ALB,Albania,2014,78.029,75.83,80.267,7.8,9.9,112.689,56.726,5.9,1.255,2.86,6.359,World Bank API,2026-09-30 02:09:10
125,ALB,Albania,2015,78.358,76.281,80.451,7.6,9.6,108.939,54.809,6.0,1.233,2.84,6.388,World Bank API,2026-09-30 02:09:10
126,ALB,Albania,2016,78.643,76.662,80.625,7.6,9.4,105.184,52.774,6.3,1.212,2.82,6.65,World Bank API,2026-09-30 02:09:10
127,ALB,Albania,2017,78.9,76.997,80.795,7.7,9.3,100.915,50.802,6.7,1.356,2.82,6.501,World Bank API,2026-09-30 02:09:10
128,ALB,Albania,2018,79.238,77.448,81.001,7.8,9.3,98.063,48.859,7.0,1.501,2.83,6.59,World Bank API,2026-09-30 02:09:10
129,ALB,Albania,2019,79.467,77.834,81.06,8.0,9.4,94.919,47.96,7.1,1.645,2.84,6.781,World Bank API,2026-09-30 02:09:10
130,ALB,Albania,2020,77.824,75.429,80.345,8.1,9.4,114.038,51.494,7.2,1.879,2.9,7.465,World Bank API,2026-09-30 02:09:10
131,ALB,Albania,2021,76.844,74.742,79.002,8.3,9.5,120.33,62.678,7.1,1.879,2.9,7.358,World Bank API,2026-09-30 02:09:10
132,ALB,Albania,2022,78.769,76.751,80.781,8.3,9.4,106.504,52.443,7.0,1.879,2.9,7.536,World Bank API,2026-09-30 02:09:10
133,AND,Andorra,1990,78.961,75.815,83.387,9.1,13.0,88.246,39.298,6.3,2.238,3.18,5.933,World Bank API,2026-09-30 02:09:10
134,AND,Andorra,1991,79.346,76.367,83.471,8.8,12.3,83.058,38.885,6.0,2.238,3.18,5.933,World Bank API,2026-09-30 02:09:10
135,AND,Andorra,1992,79.794,77.021,83.609,8.6,11.6,77.165,38.207,5.7,2.238,3.18,5.933,World Bank API,2026-09-30 02:09:10
136,AND,Andorra,1993,80.186,77.549,83.823,8.3,11.0,72.615,37.177,5.4,2.238,3.18,5.933,World Bank API,2026-09-30 02:09:10
137,AND,Andorra,1994,80.587,78.071,84.085,8.1,10.3,68.511,35.942,5.0,2.238,3.18,5.933,World Bank API,2026-09-30 02:09:10
138,AND,Andorra,1995,80.804,78.207,84.294,7.8,9.8,67.47,34.98,4.8,2.238,3.18,5.933,World Bank API,2026-09-30 02:09:10
139,AND,Andorra,1996,81.009,78.392,84.51,7.6,9.3,66.075,34.004,4.5,2.34,3.18,5.933,World Bank API,2026-09-30 02:09:10
140,AND,Andorra,1997,81.145,78.479,84.713,7.3,8.8,65.43,33.107,4.2,2.442,3.0,5.933,World Bank API,2026-09-30 02:09:10
141,AND,Andorra,1998,81.28,78.577,84.864,7.1,8.4,64.706,32.45,4.0,2.477,3.09,5.933,World Bank API,2026-09-30 02:09:10
142,AND,Andorra,1999,81.55,78.856,85.068,6.8,8.0,62.677,31.577,3.7,2.517,3.2,5.933,World Bank API,2026-09-30 02:09:10
143,AND,Andorra,2000,81.863,79.353,85.098,6.6,7.6,59.185,31.451,3.5,2.557,3.21,5.933,World Bank API,2026-09-30 02:09:10
144,AND,Andorra,2001,82.162,79.778,85.167,6.3,7.2,56.303,31.162,3.3,2.656,2.6,5.864,World Bank API,2026-09-30 02:09:10
145,AND,Andorra,2002,82.448,80.266,85.13,6.1,6.8,53.153,31.315,3.1,3.053,3.68,5.996,World Bank API,2026-09-30 02:09:10
146,AND,Andorra,2003,82.718,80.734,85.116,5.8,6.5,50.257,31.376,2.9,3.511,3.35,5.543,World Bank API,2026-09-30 02:09:10
147,AND,Andorra,2004,82.815,80.99,84.979,5.6,6.2,48.729,31.956,2.8,3.217,2.77,5.28,World Bank API,2026-09-30 02:09:10
148,AND,Andorra,2005,83.086,81.24,85.272,5.3,5.9,47.274,30.72,2.7,3.295,2.66,5.583,World Bank API,2026-09-30 02:09:10
149,AND,Andorra,2006,83.374,81.501,85.593,5.1,5.6,45.784,29.411,2.6,3.065,2.59,4.951,World Bank API,2026-09-30 02:09:10
150,AND,Andorra,2007,83.632,81.676,85.976,4.9,5.3,44.808,27.899,2.5,3.04,2.63,4.941,World Bank API,2026-09-30 02:09:10
151,AND,Andorra,2008,83.855,81.846,86.292,4.6,5.0,43.873,26.696,2.4,3.105,2.56,5.679,World Bank API,2026-09-30 02:09:10
152,AND,Andorra,2009,84.1,82.037,86.611,4.4,4.8,42.838,25.524,2.3,3.17,2.56,6.094,World Bank API,2026-09-30 02:09:10
153,AND,Andorra,2010,84.197,82.138,86.684,4.2,4.5,42.302,25.258,2.2,2.949,2.56,7.688,World Bank API,2026-09-30 02:09:10
154,AND,Andorra,2011,84.296,82.188,86.692,4.0,4.3,42.038,25.23,2.1,3.136,2.56,7.621,World Bank API,2026-09-30 02:09:10
155,AND,Andorra,2012,84.334,82.271,86.669,3.9,4.1,41.599,25.312,2.0,3.112,2.56,6.72,World Bank API,2026-09-30 02:09:10
156,AND,Andorra,2013,84.406,82.361,86.652,3.7,3.9,41.133,25.374,1.9,3.165,2.56,6.798,World Bank API,2026-09-30 02:09:10
157,AND,Andorra,2014,84.485,82.493,86.626,3.5,3.7,40.449,25.466,1.9,3.297,2.56,6.773,World Bank API,2026-09-30 02:09:10
158,AND,Andorra,2015,84.532,82.581,86.584,3.3,3.5,39.998,25.62,1.8,3.754,2.56,6.914,World Bank API,2026-09-30 02:09:10
159,AND,Andorra,2016,84.489,82.569,86.468,3.2,3.4,40.059,26.042,1.7,4.058,2.56,6.942,World Bank API,2026-09-30 02:09:10
160,AND,Andorra,2017,84.359,82.462,86.322,3.1,3.2,40.611,26.583,1.6,4.119,2.56,7.072,World Bank API,2026-09-30 02:09:10
161,AND,Andorra,2018,84.242,82.359,86.196,3.0,3.1,41.141,27.058,1.6,4.535,2.56,7.378,World Bank API,2026-09-30 02:09:10
162,AND,Andorra,2019,84.098,82.183,86.101,2.9,3.0,42.064,27.419,1.5,4.392,2.56,7.322,World Bank API,2026-09-30 02:09:10
163,AND,Andorra,2020,79.418,75.823,83.84,2.8,2.9,103.161,51.602,1.5,4.587,2.56,8.785,World Bank API,2026-09-30 02:09:10
164,AND,Andorra,2021,82.331,80.216,84.678,2.7,2.8,52.295,32.326,1.4,4.758,2.56,8.647,World Bank API,2026-09-30 02:09:10
165,AND,Andorra,2022,84.016,82.083,86.075,2.6,2.7,42.596,27.518,1.3,5.157,2.56,7.521,World Bank API,2026-09-30 02:09:10
166,ARE,United Arab Emirates,1990,71.074,69.671,73.787,11.8,15.1,177.354,124.928,7.9,1.616,2.64,2.395,World Bank API,2026-09-30 02:09:10
167,ARE,United Arab Emirates,1991,71.144,69.78,73.793,11.2,14.3,176.631,126.38,7.6,1.616,2.85,2.395,World Bank API,2026-09-30 02:09:10
168,ARE,United Arab Emirates,1992,71.166,69.84,73.761,10.7,13.7,178.001,128.73,7.3,1.616,3.06,2.395,World Bank API,2026-09-30 02:09:10
169,ARE,United Arab Emirates,1993,71.159,69.87,73.713,10.2,13.1,181.325,131.679,7.0,1.616,2.955,2.395,World Bank API,2026-09-30 02:09:10
170,ARE,United Arab Emirates,1994,71.204,69.952,73.721,9.8,12.6,184.669,133.797,6.7,1.616,2.85,2.395,World Bank API,2026-09-30 02:09:10
171,ARE,United Arab Emirates,1995,71.392,70.18,73.866,9.5,12.1,185.726,133.415,6.4,1.616,2.745,2.395,World Bank API,2026-09-30 02:09:10
172,ARE,United Arab Emirates,1996,71.82,70.65,74.238,9.2,11.8,182.195,128.959,6.2,1.616,2.64,2.395,World Bank API,2026-09-30 02:09:10
173,ARE,United Arab Emirates,1997,72.559,71.451,74.903,9.0,11.5,172.154,119.324,6.1,1.616,2.473,2.395,World Bank API,2026-09-30 02:09:10
174,ARE,United Arab Emirates,1998,73.66,72.617,75.88,8.8,11.2,155.1,104.65,6.1,1.616,2.305,2.395,World Bank API,2026-09-30 02:09:10
175,ARE,United Arab Emirates,1999,74.982,74.006,77.038,8.6,11.0,134.308,87.802,6.0,1.616,2.138,2.395,World Bank API,2026-09-30 02:09:10
176,ARE,United Arab Emirates,2000,76.347,75.437,78.229,8.5,10.7,113.525,71.684,5.9,1.616,1.97,2.395,World Bank API,2026-09-30 02:09:10
177,ARE,United Arab Emirates,2001,77.621,76.768,79.343,8.3,10.5,95.202,57.964,5.7,1.759,1.98,2.484,World Bank API,2026-09-30 02:09:10
178,ARE,United Arab Emirates,2002,78.721,77.915,80.315,8.2,10.3,80.556,47.268,5.6,1.761,1.95,2.718,World Bank API,2026-09-30 02:09:10
179,ARE,United Arab Emirates,2003,79.6,78.825,81.11,8.0,10.2,69.934,39.564,5.6,1.838,1.95,2.646,World Bank API,2026-09-30 02:09:10
180,ARE,United Arab Emirates,2004,80.272,79.518,81.737,7.9,10.0,62.631,34.232,5.5,1.762,1.76,2.462,World Bank API,2026-09-30 02:09:10
181,ARE,United Arab Emirates,2005,80.779,80.035,82.222,7.7,9.8,57.585,30.548,5.4,1.494,1.31,2.32,World Bank API,2026-09-30 02:09:10
182,ARE,United Arab Emirates,2006,81.155,80.42,82.585,7.6,9.6,54.061,28.035,5.3,1.407,1.395,2.325,World Bank API,2026-09-30 02:09:10
183,ARE,United Arab Emirates,2007,81.438,80.708,82.837,7.4,9.4,51.533,26.385,5.0,1.541,1.48,2.566,World Bank API,2026-09-30 02:09:10
184,ARE,United Arab Emirates,2008,81.591,80.918,82.986,7.3,9.2,49.6,25.392,4.6,1.845,1.4,2.929,World Bank API,2026-09-30 02:09:10
185,ARE,United Arab Emirates,2009,81.679,81.063,83.044,7.1,9.0,48.008,24.886,4.1,1.792,1.37,4.05,World Bank API,2026-09-30 02:09:10
186,ARE,United Arab Emirates,2010,81.886,81.157,83.044,7.0,8.8,46.692,24.675,3.6,1.749,1.27,3.744,World Bank API,2026-09-30 02:09:10
187,ARE,United Arab Emirates,2011,81.898,81.215,83.021,6.8,8.6,45.587,24.575,3.4,1.786,1.26,3.567,World Bank API,2026-09-30 02:09:10
188,ARE,United Arab Emirates,2012,81.913,81.249,83.01,6.7,8.4,44.668,24.419,3.6,1.801,1.29,3.336,World Bank API,2026-09-30 02:09:10
189,ARE,United Arab Emirates,2013,81.95,81.272,83.046,6.5,8.2,43.882,24.035,3.9,2.045,1.25,3.502,World Bank API,2026-09-30 02:09:10
190,ARE,United Arab Emirates,2014,81.99,81.298,83.157,6.3,7.9,43.187,23.307,4.1,2.232,1.29,3.534,World Bank API,2026-09-30 02:09:10
191,ARE,United Arab Emirates,2015,82.076,81.333,83.328,6.1,7.6,42.54,22.34,4.2,2.361,1.43,3.466,World Bank API,2026-09-30 02:09:10
192,ARE,United Arab Emirates,2016,82.195,81.378,83.529,5.8,7.3,41.909,21.293,4.1,2.458,1.39,3.896,World Bank API,2026-09-30 02:09:10
193,ARE,United Arab Emirates,2017,82.388,81.434,83.732,5.6,7.0,41.26,20.302,3.9,2.502,1.46,4.009,World Bank API,2026-09-30 02:09:10
194,ARE,United Arab Emirates,2018,82.449,81.504,83.912,5.3,6.7,40.565,19.474,3.6,2.605,1.6,4.099,World Bank API,2026-09-30 02:09:10
195,ARE,United Arab Emirates,2019,82.596,81.588,84.047,5.0,6.3,39.807,18.895,3.3,2.71,1.83,4.403,World Bank API,2026-09-30 02:09:10
196,ARE,United Arab Emirates,2020,81.936,80.797,83.9,4.7,5.9,52.925,21.295,3.0,2.83,1.91,5.825,World Bank API,2026-09-30 02:09:10
197,ARE,United Arab Emirates,2021,79.083,77.872,80.926,4.4,5.6,48.364,25.244,2.8,2.786,1.88,5.305,World Bank API,2026-09-30 02:09:10
198,ARE,United Arab Emirates,2022,80.487,79.381,82.115,4.2,5.3,49.012,24.329,2.6,2.915,1.87,4.565,World Bank API,2026-09-30 02:09:10
199,ARG,Argentina,1990,71.615,68.347,74.878,24.8,28.8,197.468,109.945,14.9,2.68,4.594,8.22,World Bank API,2026-09-30 02:09:10
200,ARG,Argentina,1991,72.02,68.681,75.344,24.5,28.3,195.844,107.596,14.7,2.658,4.596,8.22,World Bank API,2026-09-30 02:09:10
201,ARG,Argentina,1992,72.096,68.691,75.496,23.8,27.6,198.356,106.381,14.6,2.636,4.598,8.22,World Bank API,2026-09-30 02:09:10
202,ARG,Argentina,1993,72.303,68.892,75.707,23.0,26.6,191.089,104.332,14.6,2.695,4.6,8.22,World Bank API,2026-09-30 02:09:10
203,ARG,Argentina,1994,72.732,69.501,75.909,22.0,25.4,188.486,104.299,14.2,2.754,4.163,8.22,World Bank API,2026-09-30 02:09:10
204,ARG,Argentina,1995,72.864,69.521,76.17,20.9,24.2,186.042,102.954,13.4,2.814,3.727,8.22,World Bank API,2026-09-30 02:09:10
205,ARG,Argentina,1996,73.056,69.656,76.433,19.9,23.0,188.86,101.617,12.4,2.873,3.29,8.22,World Bank API,2026-09-30 02:09:10
206,ARG,Argentina,1997,73.407,69.95,76.838,18.9,21.9,185.569,100.511,11.6,2.932,3.363,8.22,World Bank API,2026-09-30 02:09:10
207,ARG,Argentina,1998,73.412,69.935,76.876,18.0,20.9,183.181,98.953,11.1,2.991,3.435,8.22,World Bank API,2026-09-30 02:09:10
208,ARG,Argentina,1999,73.683,70.263,77.075,17.3,20.0,179.405,97.844,11.0,3.077,3.508,8.22,World Bank API,2026-09-30 02:09:10
209,ARG,Argentina,2000,73.91,70.498,77.288,16.7,19.4,176.022,96.592,11.0,3.162,3.581,8.22,World Bank API,2026-09-30 02:09:10
210,ARG,Argentina,2001,74.154,70.637,77.642,16.2,18.8,174.468,95.668,11.0,3.248,3.653,8.27,World Bank API,2026-09-30 02:09:10
211,ARG,Argentina,2002,74.312,70.704,77.911,15.8,18.3,174.56,93.468,10.8,3.227,3.726,7.332,World Bank API,2026-09-30 02:09:10
212,ARG,Argentina,2003,74.307,70.796,77.808,15.3,17.8,170.033,94.855,10.2,3.206,3.799,6.927,World Bank API,2026-09-30 02:09:10
213,ARG,Argentina,2004,74.871,71.5,78.177,14.9,17.3,161.164,90.606,9.6,3.186,3.871,7.095,World Bank API,2026-09-30 02:09:10
214,ARG,Argentina,2005,75.231,71.767,78.632,14.4,16.7,158.217,87.198,9.1,3.39,3.944,7.734,World Bank API,2026-09-30 02:09:10
215,ARG,Argentina,2006,75.279,72.021,78.437,14.0,16.2,157.634,90.282,8.8,3.595,4.017,7.709,World Bank API,2026-09-30 02:09:10
216,ARG,Argentina,2007,74.783,71.574,77.925,13.6,15.8,162.191,93.691,8.5,3.8,4.089,7.862,World Bank API,2026-09-30 02:09:10
217,ARG,Argentina,2008,75.428,72.192,78.577,13.2,15.4,158.909,91.105,8.1,4.004,4.162,8.241,World Bank API,2026-09-30 02:09:10
218,ARG,Argentina,2009,75.577,72.449,78.593,12.8,15.0,157.021,94.267,7.8,4.209,4.235,9.569,World Bank API,2026-09-30 02:09:10
219,ARG,Argentina,2010,75.68,72.542,78.732,12.4,14.4,151.509,88.861,7.6,4.414,4.307,9.485,World Bank API,2026-09-30 02:09:10
220,ARG,Argentina,2011,76.1,72.739,79.402,11.9,13.9,150.593,83.781,7.5,4.618,4.38,9.51,World Bank API,2026-09-30 02:09:10
221,ARG,Argentina,2012,75.802,72.851,78.672,11.4,13.3,150.709,90.617,7.4,4.823,4.58,9.885,World Bank API,2026-09-30 02:09:10
222,ARG,Argentina,2013,75.829,72.963,78.623,10.9,12.7,149.82,90.083,7.3,4.884,4.77,9.921,World Bank API,2026-09-30 02:09:10
223,ARG,Argentina,2014,76.268,73.303,79.15,10.4,12.2,145.574,86.625,7.1,4.925,4.84,9.798,World Bank API,2026-09-30 02:09:10
224,ARG,Argentina,2015,76.6,73.367,79.795,10.0,11.7,142.693,81.387,6.8,4.98,4.95,10.274,World Bank API,2026-09-30 02:09:10
225,ARG,Argentina,2016,76.105,73.044,79.131,9.7,11.4,146.239,85.937,6.5,5.024,4.94,10.054,World Bank API,2026-09-30 02:09:10
226,ARG,Argentina,2017,76.543,73.791,79.204,9.4,11.0,135.684,84.87,6.3,5.094,4.99,10.261,World Bank API,2026-09-30 02:09:10
227,ARG,Argentina,2018,76.77,73.951,79.505,9.1,10.7,135.063,84.603,6.2,5.167,3.69,10.173,World Bank API,2026-09-30 02:09:10
228,ARG,Argentina,2019,76.847,74.163,79.439,8.9,10.5,130.712,84.846,6.1,5.25,3.69,10.119,World Bank API,2026-09-30 02:09:10
229,ARG,Argentina,2020,75.878,72.981,78.783,8.7,10.3,143.598,90.386,6.0,5.304,3.19,10.672,World Bank API,2026-09-30 02:09:10
230,ARG,Argentina,2021,73.948,71.113,76.86,8.5,10.1,181.32,116.431,5.9,5.384,3.34,11.009,World Bank API,2026-09-30 02:09:10
231,ARG,Argentina,2022,75.806,73.249,78.318,8.4,9.9,136.818,89.706,5.7,5.437,3.36,10.16,World Bank API,2026-09-30 02:09:10
232,ARM,Armenia,1990,67.549,63.824,71.461,45.6,48.7,242.523,113.977,22.7,2.652,9.095,4.196,World Bank API,2026-09-30 02:09:10
233,ARM,Armenia,1991,67.627,63.749,71.699,43.6,46.6,248.85,113.171,22.3,2.652,8.529,4.196,World Bank API,2026-09-30 02:09:10
234,ARM,Armenia,1992,67.719,63.74,71.896,41.6,44.6,254.203,112.745,21.7,2.652,8.368,4.196,World Bank API,2026-09-30 02:09:10
235,ARM,Armenia,1993,67.973,64.001,72.144,39.6,42.6,254.696,111.737,21.2,2.652,8.215,4.196,World Bank API,2026-09-30 02:09:10
236,ARM,Armenia,1994,68.272,64.364,72.375,37.7,40.7,253.051,110.82,20.6,2.652,7.766,4.196,World Bank API,2026-09-30 02:09:10
237,ARM,Armenia,1995,68.628,64.828,72.619,35.9,38.8,249.038,109.669,20.0,2.652,7.64,4.196,World Bank API,2026-09-30 02:09:10
238,ARM,Armenia,1996,69.006,65.331,72.865,34.2,37.0,243.625,108.355,19.3,2.652,7.13,4.196,World Bank API,2026-09-30 02:09:10
239,ARM,Armenia,1997,69.394,65.847,73.118,32.5,35.3,237.158,106.793,18.5,2.652,6.75,4.196,World Bank API,2026-09-30 02:09:10
240,ARM,Armenia,1998,69.799,66.373,73.397,30.9,33.7,229.764,104.83,17.6,2.652,6.66,4.196,World Bank API,2026-09-30 02:09:10
241,ARM,Armenia,1999,70.199,66.877,73.687,29.3,32.1,222.203,102.59,16.8,2.652,6.2,4.196,World Bank API,2026-09-30 02:09:10
242,ARM,Armenia,2000,72.88,70.1,75.8,27.8,30.6,215.181,100.167,16.0,2.652,6.65,4.196,World Bank API,2026-09-30 02:09:10
243,ARM,Armenia,2001,72.976,70.0,76.1,26.3,29.1,209.36,97.671,15.2,2.59,5.24,4.646,World Bank API,2026-09-30 02:09:10
244,ARM,Armenia,2002,72.827,69.9,75.9,25.0,27.7,205.354,95.203,14.5,2.545,4.57,7.614,World Bank API,2026-09-30 02:09:10
245,ARM,Armenia,2003,72.827,69.9,75.9,23.6,26.4,203.723,92.855,13.8,2.439,4.68,7.179,World Bank API,2026-09-30 02:09:10
246,ARM,Armenia,2004,73.027,70.1,76.1,22.4,25.1,204.293,90.653,13.2,2.443,4.72,6.055,World Bank API,2026-09-30 02:09:10
247,ARM,Armenia,2005,73.076,70.1,76.2,21.2,23.9,206.222,88.552,12.6,2.543,4.77,5.862,World Bank API,2026-09-30 02:09:10
248,ARM,Armenia,2006,72.824,69.8,76.0,20.1,22.7,208.677,86.531,12.0,2.562,4.77,5.85,World Bank API,2026-09-30 02:09:10
249,ARM,Armenia,2007,72.873,69.8,76.1,19.1,21.6,210.721,84.538,11.4,2.635,4.41,5.498,World Bank API,2026-09-30 02:09:10
250,ARM,Armenia,2008,73.073,70.0,76.3,18.1,20.6,211.519,82.572,10.9,2.695,4.18,6.64,World Bank API,2026-09-30 02:09:10
251,ARM,Armenia,2009,73.073,70.0,76.3,17.2,19.6,210.528,80.603,10.3,2.714,4.1,8.444,World Bank API,2026-09-30 02:09:10
252,ARM,Armenia,2010,73.173,70.1,76.4,16.3,18.7,208.132,78.626,9.8,2.79,4.15,9.235,World Bank API,2026-09-30 02:09:10
253,ARM,Armenia,2011,73.817,70.5,77.3,15.5,17.8,204.84,76.635,9.4,2.822,4.19,9.376,World Bank API,2026-09-30 02:09:10
254,ARM,Armenia,2012,74.12,70.9,77.5,14.8,16.9,201.299,74.671,8.9,2.859,4.19,9.135,World Bank API,2026-09-30 02:09:10
255,ARM,Armenia,2013,74.622,71.5,77.9,14.1,16.1,197.561,72.6,8.5,2.878,4.2,10.323,World Bank API,2026-09-30 02:09:10
256,ARM,Armenia,2014,74.873,71.8,78.1,13.4,15.4,194.414,70.545,8.1,2.883,4.28,10.178,World Bank API,2026-09-30 02:09:10
257,ARM,Armenia,2015,74.871,71.7,78.2,12.8,14.7,192.047,68.579,7.7,2.919,4.29,10.118,World Bank API,2026-09-30 02:09:10
258,ARM,Armenia,2016,74.868,71.6,78.3,12.2,14.0,189.616,66.503,7.3,2.887,4.28,9.952,World Bank API,2026-09-30 02:09:10
259,ARM,Armenia,2017,75.217,71.9,78.7,11.7,13.3,187.611,64.526,7.0,2.903,4.27,10.363,World Bank API,2026-09-30 02:09:10
260,ARM,Armenia,2018,75.62,72.4,79.0,11.2,12.7,185.984,62.661,6.7,2.893,4.18,10.005,World Bank API,2026-09-30 02:09:10
261,ARM,Armenia,2019,76.222,73.1,79.5,10.7,12.1,184.204,60.884,6.4,3.026,4.06,11.38,World Bank API,2026-09-30 02:09:10
262,ARM,Armenia,2020,73.376,68.4,78.6,10.2,11.6,332.94,79.237,6.1,3.163,4.45,12.241,World Bank API,2026-09-30 02:09:10
263,ARM,Armenia,2021,72.278,67.4,77.4,9.7,11.0,209.01,82.033,5.8,3.255,4.43,12.323,World Bank API,2026-09-30 02:09:10
264,ARM,Armenia,2022,74.766,71.4,78.3,9.3,10.5,201.989,62.806,5.6,3.36,4.2,9.962,World Bank API,2026-09-30 02:09:10
265,ASM,American Samoa,1990,71.107,67.772,75.242,37.7,45.1,236.647,106.013,21.0,0.781,2.76,4.865,World Bank API,2026-09-30 02:09:10
266,ASM,American Samoa,1991,71.312,67.883,75.551,36.4,43.3,235.103,94.432,20.1,0.781,2.76,4.865,World Bank API,2026-09-30 02:09:10
267,ASM,American Samoa,1992,71.511,68.034,75.784,34.9,42.5,232.691,82.758,19.7,0.781,2.84,4.865,World Bank API,2026-09-30 02:09:10
268,ASM,American Samoa,1993,71.54,68.161,75.662,33.4,42.6,230.532,80.962,19.2,0.781,2.76,4.865,World Bank API,2026-09-30 02:09:10
269,ASM,American Samoa,1994,71.569,68.285,75.554,32.9,39.6,228.648,79.034,18.9,0.781,2.76,4.865,World Bank API,2026-09-30 02:09:10
270,ASM,American Samoa,1995,71.565,68.375,75.422,31.6,38.4,226.905,77.397,18.6,0.781,2.745,4.865,World Bank API,2026-09-30 02:09:10
271,ASM,American Samoa,1996,71.576,68.468,75.322,30.4,37.2,224.515,76.242,18.0,0.781,2.64,4.865,World Bank API,2026-09-30 02:09:10
272,ASM,American Samoa,1997,71.606,68.571,75.246,29.0,35.3,220.12,75.442,17.3,0.781,2.579,4.865,World Bank API,2026-09-30 02:09:10
273,ASM,American Samoa,1998,71.542,68.713,74.89,28.2,33.4,215.709,93.433,16.7,0.781,2.583,4.865,World Bank API,2026-09-30 02:09:10
274,ASM,American Samoa,1999,71.484,68.822,74.591,27.2,31.8,212.176,110.713,16.3,0.781,2.587,4.865,World Bank API,2026-09-30 02:09:10
275,ASM,American Samoa,2000,71.443,68.911,74.351,26.3,30.5,209.908,127.04,16.0,0.781,2.508,4.865,World Bank API,2026-09-30 02:09:10
276,ASM,American Samoa,2001,71.573,69.041,74.483,25.4,29.1,205.71,124.255,15.2,0.781,2.5,4.959,World Bank API,2026-09-30 02:09:10
277,ASM,American Samoa,2002,71.755,69.231,74.657,23.6,28.1,200.807,120.183,14.5,0.781,2.429,5.33,World Bank API,2026-09-30 02:09:10
278,ASM,American Samoa,2003,71.698,69.183,74.59,22.9,26.9,197.504,115.727,14.1,0.781,2.35,5.209,World Bank API,2026-09-30 02:09:10
279,ASM,American Samoa,2004,72.277,69.791,75.125,21.1,26.1,188.595,108.46,13.7,0.781,2.361,5.336,World Bank API,2026-09-30 02:09:10
280,ASM,American Samoa,2005,72.382,69.973,75.125,19.8,24.0,186.752,109.875,13.2,0.781,2.29,5.294,World Bank API,2026-09-30 02:09:10
281,ASM,American Samoa,2006,72.397,70.061,75.043,19.3,22.8,187.408,113.953,13.0,0.781,2.297,5.405,World Bank API,2026-09-30 02:09:10
282,ASM,American Samoa,2007,72.365,70.072,74.947,18.5,21.8,190.268,118.703,12.5,0.781,2.27,5.317,World Bank API,2026-09-30 02:09:10
283,ASM,American Samoa,2008,72.43,70.116,75.03,17.9,20.9,190.804,117.985,12.1,0.781,2.26,5.444,World Bank API,2026-09-30 02:09:10
284,ASM,American Samoa,2009,70.839,68.789,73.123,17.4,21.2,206.581,141.823,11.7,0.781,2.269,5.749,World Bank API,2026-09-30 02:09:10
285,ASM,American Samoa,2010,72.587,70.24,75.199,16.7,19.3,189.963,116.19,11.4,0.781,2.25,5.49,World Bank API,2026-09-30 02:09:10
286,ASM,American Samoa,2011,72.662,70.296,75.286,16.6,19.3,189.35,114.998,10.9,0.781,2.25,5.749,World Bank API,2026-09-30 02:09:10
287,ASM,American Samoa,2012,72.709,70.309,75.372,16.2,18.9,190.087,114.003,11.0,0.781,2.27,5.776,World Bank API,2026-09-30 02:09:10
288,ASM,American Samoa,2013,72.769,70.379,75.418,16.0,18.9,189.164,114.166,10.9,0.781,2.29,5.737,World Bank API,2026-09-30 02:09:10
289,ASM,American Samoa,2014,72.687,70.33,75.296,15.8,18.5,192.505,120.588,10.8,0.781,2.34,5.838,World Bank API,2026-09-30 02:09:10
290,ASM,American Samoa,2015,72.654,70.294,75.268,15.5,18.2,195.586,123.952,10.6,0.781,2.37,6.065,World Bank API,2026-09-30 02:09:10
291,ASM,American Samoa,2016,72.64,70.24,75.305,15.0,17.8,199.441,125.4,10.2,0.781,2.36,6.172,World Bank API,2026-09-30 02:09:10
292,ASM,American Samoa,2017,72.801,70.304,75.588,14.5,17.3,199.21,118.223,9.9,0.781,2.34,6.136,World Bank API,2026-09-30 02:09:10
293,ASM,American Samoa,2018,72.794,70.211,75.687,14.1,16.4,203.412,117.357,9.8,0.781,2.3,5.932,World Bank API,2026-09-30 02:09:10
294,ASM,American Samoa,2019,72.751,70.105,75.723,14.1,15.9,207.73,118.327,9.6,0.781,2.25,5.745,World Bank API,2026-09-30 02:09:10
295,ASM,American Samoa,2020,72.672,69.995,75.682,13.6,15.6,212.13,121.672,9.3,0.781,2.35,6.646,World Bank API,2026-09-30 02:09:10
296,ASM,American Samoa,2021,72.708,70.023,75.73,13.3,15.3,212.478,121.485,9.3,0.781,2.39,6.64,World Bank API,2026-09-30 02:09:10
297,ASM,American Samoa,2022,72.752,70.055,75.794,13.0,15.1,212.382,120.872,9.0,0.781,2.36,6.573,World Bank API,2026-09-30 02:09:10
298,ATG,Antigua and Barbuda,1990,73.602,70.796,76.338,11.1,13.6,173.174,100.953,8.5,0.76,6.6,4.324,World Bank API,2026-09-30 02:09:10
299,ATG,Antigua and Barbuda,1991,73.472,70.695,76.22,11.4,13.9,174.237,101.971,9.0,0.919,6.435,4.324,World Bank API,2026-09-30 02:09:10
300,ATG,Antigua and Barbuda,1992,73.386,70.622,76.128,11.7,14.3,175.468,102.786,9.4,1.974,6.27,4.324,World Bank API,2026-09-30 02:09:10
301,ATG,Antigua and Barbuda,1993,73.39,70.594,76.168,12.0,14.7,176.189,102.193,9.9,3.03,6.105,4.324,World Bank API,2026-09-30 02:09:10
302,ATG,Antigua and Barbuda,1994,73.493,70.621,76.347,12.3,15.1,176.257,100.575,10.3,1.895,5.363,4.324,World Bank API,2026-09-30 02:09:10
303,ATG,Antigua and Barbuda,1995,73.576,70.607,76.526,12.6,15.4,175.996,99.399,10.7,0.76,4.622,4.324,World Bank API,2026-09-30 02:09:10
304,ATG,Antigua and Barbuda,1996,73.839,70.718,76.949,12.7,15.5,175.076,96.336,10.9,1.141,3.88,4.324,World Bank API,2026-09-30 02:09:10
305,ATG,Antigua and Barbuda,1997,74.045,70.782,77.304,12.7,15.5,174.432,94.226,11.0,0.815,3.764,4.324,World Bank API,2026-09-30 02:09:10
306,ATG,Antigua and Barbuda,1998,74.187,70.826,77.517,12.6,15.4,177.144,93.671,11.1,0.489,3.648,4.324,World Bank API,2026-09-30 02:09:10
307,ATG,Antigua and Barbuda,1999,74.456,70.991,77.864,12.4,15.2,176.265,91.954,11.0,0.163,3.532,4.324,World Bank API,2026-09-30 02:09:10
308,ATG,Antigua and Barbuda,2000,74.819,71.259,78.295,12.1,14.9,174.622,92.815,11.0,0.363,3.416,4.324,World Bank API,2026-09-30 02:09:10
309,ATG,Antigua and Barbuda,2001,75.108,71.531,78.592,11.9,14.6,169.488,92.001,10.9,0.563,3.3,4.959,World Bank API,2026-09-30 02:09:10
310,ATG,Antigua and Barbuda,2002,75.237,71.818,78.519,11.6,14.3,165.655,91.695,10.7,0.763,3.184,4.795,World Bank API,2026-09-30 02:09:10
311,ATG,Antigua and Barbuda,2003,75.313,72.153,78.276,11.3,13.9,161.28,88.74,10.4,0.963,3.068,5.041,World Bank API,2026-09-30 02:09:10
312,ATG,Antigua and Barbuda,2004,75.329,72.272,78.179,11.0,13.6,158.157,86.799,10.0,1.163,2.952,4.585,World Bank API,2026-09-30 02:09:10
313,ATG,Antigua and Barbuda,2005,75.364,72.236,78.298,10.7,13.3,157.905,86.155,9.6,1.363,2.836,4.463,World Bank API,2026-09-30 02:09:10
314,ATG,Antigua and Barbuda,2006,75.506,72.254,78.575,10.5,13.0,157.244,85.081,9.2,1.563,2.72,4.112,World Bank API,2026-09-30 02:09:10
315,ATG,Antigua and Barbuda,2007,75.72,72.432,78.817,10.2,12.7,154.536,85.65,8.7,1.763,2.604,3.924,World Bank API,2026-09-30 02:09:10
316,ATG,Antigua and Barbuda,2008,76.075,72.778,79.165,10.0,12.5,149.293,84.863,8.3,0.543,2.488,3.694,World Bank API,2026-09-30 02:09:10
317,ATG,Antigua and Barbuda,2009,76.386,73.049,79.509,9.7,12.2,143.91,84.207,7.9,0.807,2.372,3.7,World Bank API,2026-09-30 02:09:10
318,ATG,Antigua and Barbuda,2010,76.701,73.305,79.879,9.5,12.0,138.705,83.553,7.5,1.071,2.256,4.758,World Bank API,2026-09-30 02:09:10
319,ATG,Antigua and Barbuda,2011,77.023,73.579,80.234,9.3,11.8,134.363,81.389,7.3,1.334,2.14,4.81,World Bank API,2026-09-30 02:09:10
320,ATG,Antigua and Barbuda,2012,77.1,73.588,80.379,9.1,11.6,134.57,80.991,7.0,1.598,3.07,4.818,World Bank API,2026-09-30 02:09:10
321,ATG,Antigua and Barbuda,2013,77.05,73.537,80.325,8.9,11.4,134.93,81.899,6.8,1.862,4.0,4.91,World Bank API,2026-09-30 02:09:10
322,ATG,Antigua and Barbuda,2014,76.912,73.438,80.138,8.7,11.2,135.449,84.263,6.6,2.126,3.95,5.322,World Bank API,2026-09-30 02:09:10
323,ATG,Antigua and Barbuda,2015,76.892,73.536,79.973,8.6,11.0,132.706,86.282,6.5,2.389,4.04,4.91,World Bank API,2026-09-30 02:09:10
324,ATG,Antigua and Barbuda,2016,76.968,73.711,79.923,8.4,10.8,130.783,87.047,6.3,2.653,3.38,4.94,World Bank API,2026-09-30 02:09:10
325,ATG,Antigua and Barbuda,2017,77.03,73.859,79.88,8.3,10.7,129.66,88.2,6.2,2.917,3.26,4.663,World Bank API,2026-09-30 02:09:10
326,ATG,Antigua and Barbuda,2018,77.132,74.04,79.887,8.1,10.5,129.854,89.248,6.1,2.917,3.28,4.687,World Bank API,2026-09-30 02:09:10
327,ATG,Antigua and Barbuda,2019,77.168,74.143,79.844,8.0,10.3,130.309,90.746,6.0,2.917,3.3,4.277,World Bank API,2026-09-30 02:09:10
328,ATG,Antigua and Barbuda,2020,77.161,74.157,79.813,7.8,10.1,131.471,92.521,5.8,2.917,3.32,5.684,World Bank API,2026-09-30 02:09:10
329,ATG,Antigua and Barbuda,2021,77.197,74.295,79.757,7.6,9.8,129.593,92.622,5.7,2.917,3.16,4.813,World Bank API,2026-09-30 02:09:10
330,ATG,Antigua and Barbuda,2022,77.483,74.461,80.154,7.4,9.6,127.204,91.199,5.5,2.917,3.44,4.431,World Bank API,2026-09-30 02:09:10
331,AUS,Australia,1990,76.995,73.98,80.16,7.6,9.2,123.906,66.314,4.6,2.16,9.2,7.589,World Bank API,2026-09-30 02:09:10
332,AUS,Australia,1991,77.276,74.3,80.4,7.1,8.7,118.763,65.316,4.4,2.325,9.2,7.589,World Bank API,2026-09-30 02:09:10
333,AUS,Australia,1992,77.378,74.5,80.4,6.7,8.2,116.61,64.999,4.2,2.363,8.9,7.589,World Bank API,2026-09-30 02:09:10
334,AUS,Australia,1993,77.878,75.0,80.9,6.3,7.7,112.772,61.603,4.0,2.387,8.9,7.589,World Bank API,2026-09-30 02:09:10
335,AUS,Australia,1994,77.878,75.0,80.9,6.0,7.3,112.33,62.04,3.9,2.425,8.7,7.589,World Bank API,2026-09-30 02:09:10
336,AUS,Australia,1995,77.829,75.0,80.8,5.7,7.0,108.979,60.378,3.7,2.464,8.7,7.589,World Bank API,2026-09-30 02:09:10
337,AUS,Australia,1996,78.078,75.2,81.1,5.6,6.8,107.832,60.117,3.7,2.39,8.5,7.589,World Bank API,2026-09-30 02:09:10
338,AUS,Australia,1997,78.48,75.7,81.4,5.4,6.6,104.411,59.605,3.6,2.388,8.3,7.589,World Bank API,2026-09-30 02:09:10
339,AUS,Australia,1998,78.632,75.9,81.5,5.3,6.4,103.662,57.991,3.6,2.389,8.2,7.589,World Bank API,2026-09-30 02:09:10
340,AUS,Australia,1999,78.932,76.2,81.8,5.2,6.3,101.033,55.876,3.5,2.433,7.9,7.589,World Bank API,2026-09-30 02:09:10
341,AUS,Australia,2000,79.234,76.6,82.0,5.1,6.2,97.967,56.11,3.5,2.476,4.02,7.589,World Bank API,2026-09-30 02:09:10
342,AUS,Australia,2001,79.634,77.0,82.4,5.0,6.1,93.793,53.636,3.5,2.551,3.94,7.674,World Bank API,2026-09-30 02:09:10
343,AUS,Australia,2002,79.937,77.4,82.6,4.9,6.0,90.801,53.059,3.4,2.546,3.91,7.872,World Bank API,2026-09-30 02:09:10
344,AUS,Australia,2003,80.239,77.8,82.8,4.9,5.9,89.052,50.706,3.4,2.615,3.95,7.877,World Bank API,2026-09-30 02:09:10
345,AUS,Australia,2004,80.49,78.1,83.0,4.8,5.8,86.332,49.508,3.3,2.692,3.97,8.083,World Bank API,2026-09-30 02:09:10
346,AUS,Australia,2005,80.841,78.5,83.3,4.8,5.7,85.447,47.595,3.3,2.764,3.88,7.965,World Bank API,2026-09-30 02:09:10
347,AUS,Australia,2006,81.041,78.7,83.5,4.7,5.6,82.945,48.235,3.2,2.825,3.9,7.972,World Bank API,2026-09-30 02:09:10
348,AUS,Australia,2007,81.293,79.0,83.7,4.5,5.4,84.719,48.119,3.1,2.99,3.85,8.052,World Bank API,2026-09-30 02:09:10
349,AUS,Australia,2008,81.395,79.2,83.7,4.4,5.2,82.004,46.643,3.0,3.0,3.8,8.247,World Bank API,2026-09-30 02:09:10
350,AUS,Australia,2009,81.544,79.3,83.9,4.2,5.0,81.768,47.91,2.9,3.104,3.76,8.543,World Bank API,2026-09-30 02:09:10
351,AUS,Australia,2010,81.695,79.5,84.0,4.0,4.8,78.634,45.704,2.8,3.345,3.76,8.419,World Bank API,2026-09-30 02:09:10
352,AUS,Australia,2011,81.895,79.7,84.2,3.8,4.5,78.281,46.069,2.6,3.296,3.76,8.534,World Bank API,2026-09-30 02:09:10
353,AUS,Australia,2012,82.046,79.9,84.3,3.6,4.3,75.751,44.464,2.5,3.293,3.73,8.67,World Bank API,2026-09-30 02:09:10
354,AUS,Australia,2013,82.149,80.1,84.3,3.5,4.1,75.516,45.018,2.4,3.356,3.72,8.747,World Bank API,2026-09-30 02:09:10
355,AUS,Australia,2014,82.3,80.3,84.4,3.4,4.0,76.934,44.842,2.4,3.432,3.77,9.828,World Bank API,2026-09-30 02:09:10
356,AUS,Australia,2015,82.4,80.4,84.5,3.3,3.9,78.367,45.231,2.4,3.486,3.79,10.136,World Bank API,2026-09-30 02:09:10
357,AUS,Australia,2016,82.449,80.4,84.6,3.2,3.8,76.101,44.785,2.3,3.557,3.82,10.09,World Bank API,2026-09-30 02:09:10
358,AUS,Australia,2017,82.5,80.5,84.6,3.2,3.8,77.31,44.614,2.3,3.656,3.82,10.109,World Bank API,2026-09-30 02:09:10
359,AUS,Australia,2018,82.749,80.7,84.9,3.2,3.8,74.055,43.127,2.3,3.726,3.82,10.089,World Bank API,2026-09-30 02:09:10
360,AUS,Australia,2019,82.9,80.9,85.0,3.2,3.8,75.203,42.391,2.4,3.808,3.82,10.254,World Bank API,2026-09-30 02:09:10
361,AUS,Australia,2020,83.2,81.2,85.3,3.2,3.8,73.018,41.652,2.4,3.895,3.82,10.703,World Bank API,2026-09-30 02:09:10
362,AUS,Australia,2021,83.3,81.3,85.4,3.2,3.7,72.64,41.647,2.4,3.976,3.82,10.516,World Bank API,2026-09-30 02:09:10
363,AUS,Australia,2022,83.2,81.2,85.3,3.2,3.7,72.64,41.647,2.3,4.086,3.82,9.892,World Bank API,2026-09-30 02:09:10
364,AUT,Austria,1990,75.568,72.3,79.0,8.0,9.5,155.102,74.578,4.6,3.008,10.2,9.389,World Bank API,2026-09-30 02:09:10
365,AUT,Austria,1991,75.617,72.3,79.1,7.5,9.0,157.686,73.139,4.4,3.088,9.9,9.389,World Bank API,2026-09-30 02:09:10
366,AUT,Austria,1992,75.817,72.5,79.3,7.1,8.5,152.976,71.612,4.2,3.213,9.7,9.389,World Bank API,2026-09-30 02:09:10
367,AUT,Austria,1993,76.068,72.8,79.5,6.6,7.9,149.83,72.481,4.0,3.295,9.4,9.389,World Bank API,2026-09-30 02:09:10
368,AUT,Austria,1994,76.42,73.2,79.8,6.1,7.4,145.837,70.497,3.7,3.407,9.5,9.389,World Bank API,2026-09-30 02:09:10
369,AUT,Austria,1995,76.668,73.4,80.1,5.7,6.8,145.169,67.848,3.5,3.512,9.4,9.389,World Bank API,2026-09-30 02:09:10
370,AUT,Austria,1996,76.871,73.7,80.2,5.3,6.4,140.538,67.426,3.4,3.589,9.3,9.389,World Bank API,2026-09-30 02:09:10
371,AUT,Austria,1997,77.32,74.1,80.7,5.0,6.0,135.068,61.964,3.3,3.668,9.2,9.389,World Bank API,2026-09-30 02:09:10
372,AUT,Austria,1998,77.671,74.5,81.0,4.8,5.8,131.611,62.274,3.2,3.795,9.0,9.389,World Bank API,2026-09-30 02:09:10
373,AUT,Austria,1999,77.876,74.9,81.0,4.7,5.6,125.913,63.636,3.1,3.789,8.9,9.389,World Bank API,2026-09-30 02:09:10
374,AUT,Austria,2000,78.127,75.2,81.2,4.6,5.5,126.568,63.196,3.1,3.876,7.95,9.389,World Bank API,2026-09-30 02:09:10
375,AUT,Austria,2001,78.576,75.6,81.7,4.5,5.4,122.892,60.139,3.1,3.989,7.85,9.452,World Bank API,2026-09-30 02:09:10
376,AUT,Austria,2002,78.678,75.8,81.7,4.4,5.3,120.026,58.829,3.0,4.06,7.81,9.591,World Bank API,2026-09-30 02:09:10
377,AUT,Austria,2003,78.632,75.9,81.5,4.3,5.2,115.817,59.49,3.0,4.144,7.73,9.698,World Bank API,2026-09-30 02:09:10
378,AUT,Austria,2004,79.18,76.4,82.1,4.2,5.0,114.612,55.035,2.9,4.232,7.73,9.815,World Bank API,2026-09-30 02:09:10
379,AUT,Austria,2005,79.332,76.6,82.2,4.1,4.9,111.759,55.201,2.8,4.348,7.69,9.718,World Bank API,2026-09-30 02:09:10
380,AUT,Austria,2006,79.88,77.1,82.8,4.0,4.8,105.344,51.442,2.8,4.477,7.66,9.641,World Bank API,2026-09-30 02:09:10
381,AUT,Austria,2007,80.18,77.4,83.1,3.9,4.6,104.253,51.858,2.7,4.562,7.75,9.605,World Bank API,2026-09-30 02:09:10
382,AUT,Austria,2008,80.432,77.7,83.3,3.8,4.5,99.617,50.262,2.6,4.627,7.69,9.834,World Bank API,2026-09-30 02:09:10
383,AUT,Austria,2009,80.332,77.6,83.2,3.7,4.4,103.061,50.079,2.6,4.722,7.68,10.312,World Bank API,2026-09-30 02:09:10
384,AUT,Austria,2010,80.58,77.8,83.5,3.6,4.3,100.315,48.689,2.5,4.827,7.65,10.316,World Bank API,2026-09-30 02:09:10
385,AUT,Austria,2011,80.983,78.3,83.8,3.5,4.2,94.356,49.353,2.4,4.875,7.67,10.137,World Bank API,2026-09-30 02:09:10
386,AUT,Austria,2012,80.937,78.4,83.6,3.4,4.0,91.335,46.708,2.4,4.927,7.67,10.302,World Bank API,2026-09-30 02:09:10
387,AUT,Austria,2013,81.137,78.6,83.8,3.3,3.9,89.369,45.326,2.3,5.018,7.64,10.406,World Bank API,2026-09-30 02:09:10
388,AUT,Austria,2014,81.49,79.1,84.0,3.2,3.8,85.621,46.009,2.3,5.076,7.58,10.512,World Bank API,2026-09-30 02:09:10
389,AUT,Austria,2015,81.19,78.8,83.7,3.1,3.7,84.688,44.687,2.3,5.124,7.54,10.517,World Bank API,2026-09-30 02:09:10
390,AUT,Austria,2016,81.641,79.3,84.1,3.0,3.6,80.37,43.796,2.2,5.129,7.42,10.517,World Bank API,2026-09-30 02:09:10
391,AUT,Austria,2017,81.644,79.4,84.0,3.0,3.6,79.032,41.779,2.2,5.182,7.37,10.571,World Bank API,2026-09-30 02:09:10
392,AUT,Austria,2018,81.693,79.4,84.1,2.9,3.5,79.401,43.991,2.2,5.241,7.27,10.516,World Bank API,2026-09-30 02:09:10
393,AUT,Austria,2019,81.895,79.7,84.2,2.9,3.5,75.489,40.952,2.2,5.318,7.19,10.625,World Bank API,2026-09-30 02:09:10
394,AUT,Austria,2020,81.193,78.9,83.6,2.9,3.4,76.787,40.594,2.2,5.344,7.05,11.413,World Bank API,2026-09-30 02:09:10
395,AUT,Austria,2021,81.19,78.8,83.7,2.8,3.4,81.483,40.817,2.2,5.432,6.91,12.185,World Bank API,2026-09-30 02:09:10
396,AUT,Austria,2022,81.295,79.1,83.6,2.8,3.3,77.305,40.045,2.2,5.432,6.7,11.225,World Bank API,2026-09-30 02:09:10
397,AZE,Azerbaijan,1990,62.75,59.182,66.145,75.1,95.4,302.369,141.683,29.5,3.802,10.099,2.949,World Bank API,2026-09-30 02:09:10
398,AZE,Azerbaijan,1991,62.544,58.92,66.013,75.8,95.4,312.279,143.926,31.0,3.846,10.021,2.949,World Bank API,2026-09-30 02:09:10
399,AZE,Azerbaijan,1992,60.773,56.139,65.484,76.5,95.5,364.301,155.737,32.7,3.805,10.543,2.949,World Bank API,2026-09-30 02:09:10
400,AZE,Azerbaijan,1993,61.426,57.078,65.788,77.2,95.6,348.846,152.306,34.3,3.842,10.488,2.949,World Bank API,2026-09-30 02:09:10
401,AZE,Azerbaijan,1994,60.277,54.886,65.981,77.3,95.1,398.397,149.783,35.5,3.788,10.071,2.949,World Bank API,2026-09-30 02:09:10
402,AZE,Azerbaijan,1995,61.931,58.052,65.756,76.6,93.8,343.221,154.29,36.4,3.785,10.02,2.949,World Bank API,2026-09-30 02:09:10
403,AZE,Azerbaijan,1996,62.66,58.776,66.477,75.0,91.5,325.371,145.242,37.0,3.729,9.81,2.949,World Bank API,2026-09-30 02:09:10
404,AZE,Azerbaijan,1997,62.953,59.157,66.653,72.4,88.1,311.96,144.664,37.1,3.638,9.61,2.949,World Bank API,2026-09-30 02:09:10
405,AZE,Azerbaijan,1998,63.75,60.053,67.341,69.1,84.0,296.411,135.677,36.8,3.548,9.06,2.949,World Bank API,2026-09-30 02:09:10
406,AZE,Azerbaijan,1999,64.733,61.449,67.877,65.3,79.3,267.424,132.202,35.9,3.516,8.9,2.949,World Bank API,2026-09-30 02:09:10
407,AZE,Azerbaijan,2000,65.377,62.035,68.595,61.1,74.3,261.08,124.847,34.7,3.552,7.64,2.949,World Bank API,2026-09-30 02:09:10
408,AZE,Azerbaijan,2001,66.043,63.024,68.906,56.8,69.3,244.879,126.575,33.3,3.525,7.48,2.774,World Bank API,2026-09-30 02:09:10
409,AZE,Azerbaijan,2002,66.769,63.762,69.618,52.7,64.4,234.113,119.868,31.8,3.541,7.36,2.731,World Bank API,2026-09-30 02:09:10
410,AZE,Azerbaijan,2003,67.036,63.982,69.939,48.9,59.9,237.362,120.638,30.2,3.534,7.23,2.727,World Bank API,2026-09-30 02:09:10
411,AZE,Azerbaijan,2004,67.488,64.447,70.371,45.4,55.8,232.065,121.026,28.7,3.54,7.19,2.659,World Bank API,2026-09-30 02:09:10
412,AZE,Azerbaijan,2005,67.71,64.566,70.712,42.2,52.1,236.472,119.436,27.2,3.557,7.15,2.23,World Bank API,2026-09-30 02:09:10
413,AZE,Azerbaijan,2006,68.489,65.23,71.603,39.2,48.7,230.564,106.994,25.8,3.532,7.0,2.071,World Bank API,2026-09-30 02:09:10
414,AZE,Azerbaijan,2007,68.659,65.378,71.789,36.6,45.7,230.765,110.739,24.6,3.669,6.87,1.994,World Bank API,2026-09-30 02:09:10
415,AZE,Azerbaijan,2008,69.355,66.226,72.318,34.1,42.9,215.832,105.946,23.4,3.635,6.75,2.048,World Bank API,2026-09-30 02:09:10
416,AZE,Azerbaijan,2009,69.874,66.949,72.61,31.8,40.2,203.699,105.758,22.3,3.626,6.63,2.765,World Bank API,2026-09-30 02:09:10
417,AZE,Azerbaijan,2010,70.309,67.324,73.101,29.7,37.8,199.309,100.487,21.2,3.617,4.5,2.646,World Bank API,2026-09-30 02:09:10
418,AZE,Azerbaijan,2011,70.565,67.425,73.517,27.7,35.5,202.224,96.821,20.0,3.397,4.12,2.595,World Bank API,2026-09-30 02:09:10
419,AZE,Azerbaijan,2012,71.08,68.064,73.888,25.9,33.4,192.887,96.12,18.7,3.449,4.15,3.157,World Bank API,2026-09-30 02:09:10
420,AZE,Azerbaijan,2013,71.485,68.243,74.52,24.2,31.4,192.283,86.872,17.7,3.413,4.18,3.226,World Bank API,2026-09-30 02:09:10
421,AZE,Azerbaijan,2014,71.93,68.818,74.818,22.6,29.6,181.077,86.231,16.7,3.401,4.33,3.587,World Bank API,2026-09-30 02:09:10
422,AZE,Azerbaijan,2015,72.349,69.126,75.344,21.1,27.9,180.769,80.425,16.0,3.328,4.13,4.341,World Bank API,2026-09-30 02:09:10
423,AZE,Azerbaijan,2016,72.568,69.546,75.342,19.8,26.5,174.364,83.875,15.3,3.262,4.12,4.422,World Bank API,2026-09-30 02:09:10
424,AZE,Azerbaijan,2017,72.694,69.564,75.622,18.6,25.1,178.338,83.023,14.9,3.197,3.98,4.074,World Bank API,2026-09-30 02:09:10
425,AZE,Azerbaijan,2018,73.016,69.92,75.946,17.5,23.8,172.541,79.918,14.5,3.236,3.95,3.837,World Bank API,2026-09-30 02:09:10
426,AZE,Azerbaijan,2019,73.29,70.217,76.235,16.5,22.7,165.759,76.984,14.2,3.148,3.94,4.182,World Bank API,2026-09-30 02:09:10
427,AZE,Azerbaijan,2020,70.312,66.846,73.799,15.6,21.5,218.878,101.885,14.0,3.125,4.35,5.848,World Bank API,2026-09-30 02:09:10
428,AZE,Azerbaijan,2021,70.999,68.184,73.744,14.7,20.5,195.424,104.284,13.7,3.123,4.35,4.685,World Bank API,2026-09-30 02:09:10
429,AZE,Azerbaijan,2022,74.125,71.462,76.674,13.9,19.6,167.949,80.195,13.3,3.185,3.8,3.415,World Bank API,2026-09-30 02:09:10
430,BDI,Burundi,1990,45.184,43.398,46.962,92.2,168.6,498.244,418.673,39.1,0.058,0.663,4.222,World Bank API,2026-09-30 02:09:10
431,BDI,Burundi,1991,44.66,42.843,46.477,93.2,169.3,511.79,428.696,39.0,0.059,0.663,4.222,World Bank API,2026-09-30 02:09:10
432,BDI,Burundi,1992,44.469,42.748,46.18,94.0,169.7,513.324,434.729,38.9,0.057,0.679,4.222,World Bank API,2026-09-30 02:09:10
433,BDI,Burundi,1993,37.221,35.14,39.418,99.7,192.2,662.725,568.069,39.1,0.056,0.694,4.222,World Bank API,2026-09-30 02:09:10
434,BDI,Burundi,1994,44.515,42.76,46.226,95.0,169.4,514.646,434.916,38.6,0.056,0.71,4.222,World Bank API,2026-09-30 02:09:10
435,BDI,Burundi,1995,44.589,42.751,46.428,94.9,168.2,515.739,430.941,38.4,0.055,0.725,4.222,World Bank API,2026-09-30 02:09:10
436,BDI,Burundi,1996,44.807,42.864,46.76,103.7,189.6,515.307,425.214,38.5,0.054,0.741,4.222,World Bank API,2026-09-30 02:09:10
437,BDI,Burundi,1997,45.721,43.763,47.671,93.7,164.1,500.44,412.231,37.8,0.054,0.757,4.222,World Bank API,2026-09-30 02:09:10
438,BDI,Burundi,1998,46.678,44.664,48.676,92.3,160.8,485.397,397.319,37.3,0.053,0.772,4.222,World Bank API,2026-09-30 02:09:10
439,BDI,Burundi,1999,47.627,45.733,49.486,90.5,156.9,465.495,385.696,36.8,0.053,0.788,4.222,World Bank API,2026-09-30 02:09:10
440,BDI,Burundi,2000,47.617,45.335,49.914,88.4,152.4,483.699,381.306,36.3,0.052,0.803,4.222,World Bank API,2026-09-30 02:09:10
441,BDI,Burundi,2001,48.509,46.166,50.868,86.1,147.5,473.057,369.538,35.7,0.046,0.819,5.682,World Bank API,2026-09-30 02:09:10
442,BDI,Burundi,2002,49.924,47.936,51.879,83.5,142.3,438.589,356.821,35.1,0.04,0.834,5.35,World Bank API,2026-09-30 02:09:10
443,BDI,Burundi,2003,50.997,49.207,52.735,80.6,136.6,417.708,347.185,34.4,0.033,0.85,5.272,World Bank API,2026-09-30 02:09:10
444,BDI,Burundi,2004,52.217,50.567,53.805,77.4,130.4,396.55,335.342,33.7,0.027,0.865,7.096,World Bank API,2026-09-30 02:09:10
445,BDI,Burundi,2005,53.053,51.458,54.589,73.8,123.7,386.264,327.888,32.8,0.03,0.881,7.56,World Bank API,2026-09-30 02:09:10
446,BDI,Burundi,2006,53.962,52.395,55.47,69.9,116.6,375.467,319.636,31.9,0.033,0.897,8.713,World Bank API,2026-09-30 02:09:10
447,BDI,Burundi,2007,54.832,53.296,56.308,66.0,109.5,365.842,312.126,31.0,0.036,0.912,9.186,World Bank API,2026-09-30 02:09:10
448,BDI,Burundi,2008,55.581,54.003,57.104,62.1,102.6,360.011,305.002,30.0,0.039,0.928,7.741,World Bank API,2026-09-30 02:09:10
449,BDI,Burundi,2009,56.422,54.874,57.917,58.4,96.1,350.555,297.573,29.0,0.042,0.943,9.232,World Bank API,2026-09-30 02:09:10
450,BDI,Burundi,2010,57.088,55.599,58.532,55.1,90.2,343.77,292.864,27.9,0.045,0.959,11.282,World Bank API,2026-09-30 02:09:10
451,BDI,Burundi,2011,57.804,56.313,59.251,52.0,84.7,336.939,286.337,26.9,0.037,0.974,10.07,World Bank API,2026-09-30 02:09:10
452,BDI,Burundi,2012,58.501,57.008,59.95,49.1,79.6,329.951,279.716,25.9,0.049,0.99,8.638,World Bank API,2026-09-30 02:09:10
453,BDI,Burundi,2013,59.179,57.628,60.689,46.4,74.9,323.957,272.227,25.1,0.053,0.71,8.628,World Bank API,2026-09-30 02:09:10
454,BDI,Burundi,2014,59.764,58.162,61.33,43.9,70.6,319.147,265.651,24.2,0.056,0.69,7.211,World Bank API,2026-09-30 02:09:10
455,BDI,Burundi,2015,60.107,58.318,61.874,41.8,66.9,321.905,260.208,23.5,0.046,0.69,6.29,World Bank API,2026-09-30 02:09:10
456,BDI,Burundi,2016,60.789,59.039,62.502,40.0,63.7,311.776,253.315,22.8,0.07,0.69,7.061,World Bank API,2026-09-30 02:09:10
457,BDI,Burundi,2017,61.345,59.531,63.124,38.4,60.9,306.464,246.502,22.3,0.094,0.69,6.952,World Bank API,2026-09-30 02:09:10
458,BDI,Burundi,2018,61.806,59.965,63.615,37.0,58.5,302.079,241.305,21.7,0.094,0.69,7.294,World Bank API,2026-09-30 02:09:10
459,BDI,Burundi,2019,62.18,60.31,64.028,35.7,56.2,298.92,237.042,21.2,0.082,0.69,9.059,World Bank API,2026-09-30 02:09:10
460,BDI,Burundi,2020,62.569,60.545,64.58,34.6,54.3,294.057,229.645,20.7,0.069,0.69,10.708,World Bank API,2026-09-30 02:09:10
461,BDI,Burundi,2021,62.101,60.089,64.111,33.5,52.3,314.51,246.135,20.3,0.076,0.69,8.942,World Bank API,2026-09-30 02:09:10
462,BDI,Burundi,2022,62.882,60.844,64.916,32.4,50.3,299.967,232.118,19.8,0.078,0.69,8.669,World Bank API,2026-09-30 02:09:10
463,BEL,Belgium,1990,76.052,72.73,79.54,8.3,10.0,138.666,75.087,4.6,3.267,8.0,7.999,World Bank API,2026-09-30 02:09:10
464,BEL,Belgium,1991,76.192,72.88,79.67,8.0,9.6,138.318,72.279,4.4,3.327,7.9,7.999,World Bank API,2026-09-30 02:09:10
465,BEL,Belgium,1992,76.351,73.0,79.87,7.7,9.2,135.539,73.418,4.2,3.391,7.7,7.999,World Bank API,2026-09-30 02:09:10
466,BEL,Belgium,1993,76.345,72.96,79.9,7.3,8.7,136.689,71.674,4.1,3.444,7.7,7.999,World Bank API,2026-09-30 02:09:10
467,BEL,Belgium,1994,76.692,73.36,80.19,6.8,8.2,136.48,73.275,3.9,3.508,7.6,7.999,World Bank API,2026-09-30 02:09:10
468,BEL,Belgium,1995,76.841,73.47,80.38,6.4,7.6,136.967,71.387,3.8,3.543,7.467,7.999,World Bank API,2026-09-30 02:09:10
469,BEL,Belgium,1996,77.187,73.88,80.66,5.9,7.2,132.434,70.658,3.7,3.608,7.333,7.999,World Bank API,2026-09-30 02:09:10
470,BEL,Belgium,1997,77.371,74.2,80.7,5.6,6.7,131.229,70.724,3.5,3.678,7.2,7.999,World Bank API,2026-09-30 02:09:10
471,BEL,Belgium,1998,77.473,74.4,80.7,5.3,6.4,129.023,70.916,3.3,3.735,7.2,7.999,World Bank API,2026-09-30 02:09:10
472,BEL,Belgium,1999,77.62,74.4,81.0,5.0,6.1,131.877,67.493,3.1,2.801,7.1,7.999,World Bank API,2026-09-30 02:09:10
473,BEL,Belgium,2000,77.722,74.6,81.0,4.8,5.9,130.497,68.703,3.0,2.829,6.72,7.999,World Bank API,2026-09-30 02:09:10
474,BEL,Belgium,2001,77.973,74.9,81.2,4.7,5.7,128.037,67.722,2.9,2.849,6.62,8.15,World Bank API,2026-09-30 02:09:10
475,BEL,Belgium,2002,78.076,75.1,81.2,4.5,5.5,124.715,66.905,2.8,2.859,6.54,8.318,World Bank API,2026-09-30 02:09:10
476,BEL,Belgium,2003,78.129,75.3,81.1,4.4,5.3,122.423,65.357,2.7,2.857,6.53,9.189,World Bank API,2026-09-30 02:09:10
477,BEL,Belgium,2004,78.878,76.0,81.9,4.2,5.2,116.535,62.807,2.7,2.868,6.48,9.355,World Bank API,2026-09-30 02:09:10
478,BEL,Belgium,2005,78.98,76.2,81.9,4.1,5.0,114.317,62.164,2.6,2.871,6.43,9.25,World Bank API,2026-09-30 02:09:10
479,BEL,Belgium,2006,79.38,76.6,82.3,4.0,4.9,110.936,61.11,2.6,2.886,6.35,9.133,World Bank API,2026-09-30 02:09:10
480,BEL,Belgium,2007,79.783,77.1,82.6,3.9,4.8,109.303,63.08,2.5,2.905,6.27,9.139,World Bank API,2026-09-30 02:09:10
481,BEL,Belgium,2008,79.68,76.9,82.6,3.8,4.7,111.648,61.634,2.5,2.921,6.25,9.6,World Bank API,2026-09-30 02:09:10
482,BEL,Belgium,2009,80.034,77.4,82.8,3.8,4.6,107.237,61.099,2.4,2.92,6.14,10.544,World Bank API,2026-09-30 02:09:10
483,BEL,Belgium,2010,80.183,77.5,83.0,3.7,4.5,102.286,59.3,2.3,2.909,6.09,10.413,World Bank API,2026-09-30 02:09:10
484,BEL,Belgium,2011,80.585,78.0,83.3,3.6,4.4,100.409,59.462,2.3,2.915,6.05,10.413,World Bank API,2026-09-30 02:09:10
485,BEL,Belgium,2012,80.385,77.8,83.1,3.5,4.3,99.119,57.054,2.3,2.933,5.98,10.587,World Bank API,2026-09-30 02:09:10
486,BEL,Belgium,2013,80.588,78.1,83.2,3.5,4.2,94.41,57.509,2.3,3.131,5.93,10.638,World Bank API,2026-09-30 02:09:10
487,BEL,Belgium,2014,81.288,78.8,83.9,3.4,4.1,91.495,53.263,2.3,3.16,5.85,10.62,World Bank API,2026-09-30 02:09:10
488,BEL,Belgium,2015,80.993,78.7,83.4,3.4,4.1,89.437,53.983,2.3,3.221,5.83,10.884,World Bank API,2026-09-30 02:09:10
489,BEL,Belgium,2016,81.439,79.0,84.0,3.4,4.1,86.252,51.297,2.3,3.28,5.76,10.898,World Bank API,2026-09-30 02:09:10
490,BEL,Belgium,2017,81.493,79.2,83.9,3.3,4.0,82.997,49.351,2.3,3.292,5.66,10.94,World Bank API,2026-09-30 02:09:10
491,BEL,Belgium,2018,81.595,79.4,83.9,3.3,4.0,80.464,49.315,2.3,3.355,5.62,10.994,World Bank API,2026-09-30 02:09:10
492,BEL,Belgium,2019,81.995,79.8,84.3,3.3,3.9,77.72,46.994,2.3,3.424,5.57,10.858,World Bank API,2026-09-30 02:09:10
493,BEL,Belgium,2020,80.695,78.5,83.0,3.2,3.9,82.326,47.78,2.3,3.506,5.53,11.463,World Bank API,2026-09-30 02:09:10
494,BEL,Belgium,2021,81.79,79.4,84.3,3.2,3.8,80.57,47.183,2.2,3.537,5.5,11.288,World Bank API,2026-09-30 02:09:10
495,BEL,Belgium,2022,81.749,79.7,83.9,3.2,3.8,77.708,46.889,2.2,3.574,5.46,10.74,World Bank API,2026-09-30 02:09:10
496,BEN,Benin,1990,53.02,50.114,55.899,98.1,171.2,352.771,249.643,44.5,0.051,0.834,2.959,World Bank API,2026-09-30 02:09:10
497,BEN,Benin,1991,53.441,50.601,56.247,96.1,167.0,347.49,247.444,43.7,0.042,0.501,2.959,World Bank API,2026-09-30 02:09:10
498,BEN,Benin,1992,54.137,51.367,56.863,94.1,163.0,337.151,240.998,43.0,0.055,0.223,2.959,World Bank API,2026-09-30 02:09:10
499,BEN,Benin,1993,54.612,52.042,57.119,92.1,159.0,328.308,240.772,42.3,0.057,0.239,2.959,World Bank API,2026-09-30 02:09:10
500,BEN,Benin,1994,54.988,52.581,57.331,90.2,155.2,322.134,241.191,41.7,0.061,0.234,2.959,World Bank API,2026-09-30 02:09:10
501,BEN,Benin,1995,55.366,53.099,57.552,88.4,151.5,316.42,241.343,41.1,0.058,0.246,2.959,World Bank API,2026-09-30 02:09:10
502,BEN,Benin,1996,55.648,53.593,57.613,86.7,148.1,310.897,244.101,40.6,0.056,0.258,2.959,World Bank API,2026-09-30 02:09:10
503,BEN,Benin,1997,55.986,53.974,57.91,85.0,144.8,307.939,243.019,40.0,0.054,0.27,2.959,World Bank API,2026-09-30 02:09:10
504,BEN,Benin,1998,56.154,54.209,58.015,83.3,141.5,307.564,244.921,39.5,0.051,0.283,2.959,World Bank API,2026-09-30 02:09:10
505,BEN,Benin,1999,56.336,54.422,58.169,81.5,138.3,307.496,245.8,38.9,0.049,0.295,2.959,World Bank API,2026-09-30 02:09:10
506,BEN,Benin,2000,56.594,54.823,58.286,79.7,135.0,303.716,247.342,38.2,0.047,0.307,2.959,World Bank API,2026-09-30 02:09:10
507,BEN,Benin,2001,56.654,54.982,58.249,77.8,131.7,304.513,251.429,37.4,0.045,0.32,3.304,World Bank API,2026-09-30 02:09:10
508,BEN,Benin,2002,56.851,55.335,58.292,76.0,128.5,301.629,254.109,36.7,0.042,0.332,3.096,World Bank API,2026-09-30 02:09:10
509,BEN,Benin,2003,57.092,55.705,58.409,74.3,125.4,298.42,255.57,36.0,0.04,0.344,3.117,World Bank API,2026-09-30 02:09:10
510,BEN,Benin,2004,57.346,56.061,58.565,72.6,122.5,295.12,256.256,35.5,0.038,0.356,3.233,World Bank API,2026-09-30 02:09:10
511,BEN,Benin,2005,57.738,56.511,58.903,71.0,119.7,290.01,253.666,35.0,0.043,0.369,3.223,World Bank API,2026-09-30 02:09:10
512,BEN,Benin,2006,57.966,56.741,59.13,69.4,117.0,288.549,252.906,34.7,0.048,0.381,3.288,World Bank API,2026-09-30 02:09:10
513,BEN,Benin,2007,58.249,57.075,59.365,67.9,114.4,285.404,251.869,34.3,0.054,0.393,2.937,World Bank API,2026-09-30 02:09:10
514,BEN,Benin,2008,58.099,57.051,59.095,66.5,112.0,288.991,259.287,34.0,0.059,0.405,2.652,World Bank API,2026-09-30 02:09:10
515,BEN,Benin,2009,58.258,57.29,59.178,65.1,109.7,287.485,260.563,33.8,0.055,0.418,2.9,World Bank API,2026-09-30 02:09:10
516,BEN,Benin,2010,58.387,57.466,59.265,63.8,107.4,287.521,261.763,33.4,0.052,0.43,3.018,World Bank API,2026-09-30 02:09:10
517,BEN,Benin,2011,58.462,57.552,59.33,62.4,105.1,288.789,263.306,33.0,0.054,0.47,2.999,World Bank API,2026-09-30 02:09:10
518,BEN,Benin,2012,58.559,57.629,59.45,61.1,102.9,290.16,263.748,32.6,0.052,0.46,3.076,World Bank API,2026-09-30 02:09:10
519,BEN,Benin,2013,58.863,57.895,59.798,59.8,100.6,288.037,260.174,32.2,0.05,0.46,2.869,World Bank API,2026-09-30 02:09:10
520,BEN,Benin,2014,59.008,58.026,59.96,58.4,98.4,288.357,259.876,31.8,0.049,0.44,2.691,World Bank API,2026-09-30 02:09:10
521,BEN,Benin,2015,59.123,58.123,60.096,57.0,96.1,289.265,260.009,31.4,0.047,0.43,2.728,World Bank API,2026-09-30 02:09:10
522,BEN,Benin,2016,59.283,58.251,60.291,55.8,94.0,289.781,259.144,31.1,0.045,0.42,3.62,World Bank API,2026-09-30 02:09:10
523,BEN,Benin,2017,59.528,58.404,60.632,54.4,91.8,289.345,255.9,30.6,0.059,0.42,3.674,World Bank API,2026-09-30 02:09:10
524,BEN,Benin,2018,59.71,58.648,60.752,53.1,89.4,287.678,256.343,30.2,0.073,0.44,3.436,World Bank API,2026-09-30 02:09:10
525,BEN,Benin,2019,59.888,58.694,61.069,51.8,87.0,289.777,253.55,29.7,0.06,0.4,3.002,World Bank API,2026-09-30 02:09:10
526,BEN,Benin,2020,60.154,58.734,61.569,50.4,84.6,288.059,246.675,29.2,0.132,0.45,3.051,World Bank API,2026-09-30 02:09:10
527,BEN,Benin,2021,59.61,58.392,60.825,49.1,82.2,306.699,267.971,28.7,0.205,0.43,2.916,World Bank API,2026-09-30 02:09:10
528,BEN,Benin,2022,60.475,59.198,61.75,47.8,79.6,289.327,249.569,28.2,0.19,0.43,2.982,World Bank API,2026-09-30 02:09:10
529,BFA,Burkina Faso,1990,49.315,48.33,50.232,102.8,196.6,357.63,310.57,45.2,0.034,0.299,4.021,World Bank API,2026-09-30 02:09:10
530,BFA,Burkina Faso,1991,49.33,48.305,50.283,102.3,195.7,359.906,310.853,44.5,0.034,0.499,4.021,World Bank API,2026-09-30 02:09:10
531,BFA,Burkina Faso,1992,49.378,48.299,50.381,102.1,195.3,361.619,310.499,44.1,0.034,0.7,4.021,World Bank API,2026-09-30 02:09:10
532,BFA,Burkina Faso,1993,49.412,48.277,50.467,101.8,194.6,363.689,310.301,43.6,0.034,0.9,4.021,World Bank API,2026-09-30 02:09:10
533,BFA,Burkina Faso,1994,49.469,48.278,50.577,101.3,193.7,365.532,309.852,43.2,0.034,1.1,4.021,World Bank API,2026-09-30 02:09:10
534,BFA,Burkina Faso,1995,49.554,48.308,50.714,100.5,192.0,367.284,309.406,42.8,0.034,1.3,4.021,World Bank API,2026-09-30 02:09:10
535,BFA,Burkina Faso,1996,49.693,48.388,50.909,99.2,189.6,368.539,308.251,42.4,0.035,1.42,4.021,World Bank API,2026-09-30 02:09:10
536,BFA,Burkina Faso,1997,49.56,48.212,50.814,97.7,186.7,374.844,312.192,41.9,0.038,1.369,4.021,World Bank API,2026-09-30 02:09:10
537,BFA,Burkina Faso,1998,50.163,48.757,51.473,96.1,183.4,368.413,304.144,41.4,0.038,1.318,4.021,World Bank API,2026-09-30 02:09:10
538,BFA,Burkina Faso,1999,50.463,49.014,51.819,94.3,179.8,367.497,301.442,40.8,0.039,1.267,4.021,World Bank API,2026-09-30 02:09:10
539,BFA,Burkina Faso,2000,50.808,49.32,52.205,92.4,176.0,365.981,298.431,40.1,0.04,1.217,4.021,World Bank API,2026-09-30 02:09:10
540,BFA,Burkina Faso,2001,51.188,49.68,52.609,90.4,171.9,363.873,295.539,39.3,0.04,1.166,3.96,World Bank API,2026-09-30 02:09:10
541,BFA,Burkina Faso,2002,51.447,49.95,52.857,88.2,167.3,363.776,295.473,38.5,0.044,1.115,4.18,World Bank API,2026-09-30 02:09:10
542,BFA,Burkina Faso,2003,51.959,50.465,53.361,85.8,162.3,359.612,291.818,37.7,0.048,1.064,4.423,World Bank API,2026-09-30 02:09:10
543,BFA,Burkina Faso,2004,52.6,51.127,53.977,83.1,156.8,353.402,286.764,36.6,0.052,1.013,5.231,World Bank API,2026-09-30 02:09:10
544,BFA,Burkina Faso,2005,53.271,51.79,54.656,80.2,150.8,347.457,281.001,35.5,0.047,0.962,4.838,World Bank API,2026-09-30 02:09:10
545,BFA,Burkina Faso,2006,53.784,52.255,55.218,77.1,144.4,345.111,277.432,34.3,0.041,0.912,5.17,World Bank API,2026-09-30 02:09:10
546,BFA,Burkina Faso,2007,54.377,52.85,55.808,74.1,138.1,340.425,273.348,33.2,0.036,0.861,5.775,World Bank API,2026-09-30 02:09:10
547,BFA,Burkina Faso,2008,55.199,53.652,56.646,71.2,132.1,332.267,265.423,32.3,0.031,0.81,4.967,World Bank API,2026-09-30 02:09:10
548,BFA,Burkina Faso,2009,55.791,54.25,57.229,68.5,126.5,327.384,261.194,31.5,0.043,0.759,5.197,World Bank API,2026-09-30 02:09:10
549,BFA,Burkina Faso,2010,56.343,54.79,57.791,66.0,121.3,322.943,256.962,30.8,0.044,0.708,5.29,World Bank API,2026-09-30 02:09:10
550,BFA,Burkina Faso,2011,57.001,55.401,58.494,63.8,116.6,317.001,250.431,30.2,0.037,0.657,4.649,World Bank API,2026-09-30 02:09:10
551,BFA,Burkina Faso,2012,57.457,55.853,58.954,61.7,112.3,313.475,247.25,29.6,0.046,0.607,4.603,World Bank API,2026-09-30 02:09:10
552,BFA,Burkina Faso,2013,57.903,56.283,59.416,59.8,108.2,310.067,243.874,29.1,0.045,0.556,5.563,World Bank API,2026-09-30 02:09:10
553,BFA,Burkina Faso,2014,58.331,56.682,59.874,58.0,104.3,307.028,240.328,28.6,0.047,0.505,5.0,World Bank API,2026-09-30 02:09:10
554,BFA,Burkina Faso,2015,58.778,57.087,60.364,56.3,100.8,303.667,236.15,28.1,0.063,0.454,5.132,World Bank API,2026-09-30 02:09:10
555,BFA,Burkina Faso,2016,59.173,57.476,60.768,54.7,97.4,300.499,233.03,27.6,0.062,0.403,5.953,World Bank API,2026-09-30 02:09:10
556,BFA,Burkina Faso,2017,59.578,57.861,61.195,53.1,94.1,297.25,229.534,27.0,0.082,0.352,6.121,World Bank API,2026-09-30 02:09:10
557,BFA,Burkina Faso,2018,59.972,58.243,61.604,51.7,91.0,293.988,226.174,26.6,0.082,0.302,4.944,World Bank API,2026-09-30 02:09:10
558,BFA,Burkina Faso,2019,60.184,58.335,61.948,50.2,88.1,296.865,223.516,26.1,0.091,0.251,5.35,World Bank API,2026-09-30 02:09:10
559,BFA,Burkina Faso,2020,60.454,58.504,62.314,48.7,85.1,295.263,220.096,25.6,0.096,0.2,6.895,World Bank API,2026-09-30 02:09:10
560,BFA,Burkina Faso,2021,60.046,58.19,61.831,47.4,82.4,315.177,237.911,25.1,0.101,0.2,7.087,World Bank API,2026-09-30 02:09:10
561,BFA,Burkina Faso,2022,60.7,58.773,62.558,46.1,79.8,303.989,225.147,24.7,0.148,0.2,7.414,World Bank API,2026-09-30 02:09:10
562,BGD,Bangladesh,1990,55.822,56.05,55.574,96.3,146.5,261.069,276.628,65.7,0.177,0.304,1.805,World Bank API,2026-09-30 02:09:10
563,BGD,Bangladesh,1991,53.781,54.431,53.102,92.6,140.3,277.389,316.566,63.4,0.188,0.308,1.805,World Bank API,2026-09-30 02:09:10
564,BGD,Bangladesh,1992,56.592,56.77,56.404,89.0,134.1,264.008,276.73,61.1,0.191,0.307,1.805,World Bank API,2026-09-30 02:09:10
565,BGD,Bangladesh,1993,57.073,57.185,56.959,85.2,127.8,263.947,273.247,58.7,0.194,0.306,1.805,World Bank API,2026-09-30 02:09:10
566,BGD,Bangladesh,1994,57.64,57.655,57.633,81.5,121.6,262.713,267.307,56.3,0.198,0.305,1.805,World Bank API,2026-09-30 02:09:10
567,BGD,Bangladesh,1995,58.244,58.146,58.362,77.9,115.5,260.525,259.911,54.0,0.201,0.304,1.805,World Bank API,2026-09-30 02:09:10
568,BGD,Bangladesh,1996,58.94,58.719,59.194,74.2,109.4,256.815,250.9,51.8,0.2,0.303,1.805,World Bank API,2026-09-30 02:09:10
569,BGD,Bangladesh,1997,59.671,59.326,60.064,70.6,103.3,252.076,241.12,49.6,0.2,0.302,1.805,World Bank API,2026-09-30 02:09:10
570,BGD,Bangladesh,1998,60.429,59.963,60.954,66.9,97.1,246.394,230.949,47.5,0.21,0.301,1.805,World Bank API,2026-09-30 02:09:10
571,BGD,Bangladesh,1999,61.244,60.67,61.893,63.3,91.2,239.571,220.442,45.4,0.219,0.3,1.805,World Bank API,2026-09-30 02:09:10
572,BGD,Bangladesh,2000,62.049,61.377,62.813,59.8,85.5,232.533,210.166,43.4,0.228,0.306,1.805,World Bank API,2026-09-30 02:09:10
573,BGD,Bangladesh,2001,62.836,62.077,63.703,56.6,80.2,225.462,200.319,41.3,0.238,0.313,1.772,World Bank API,2026-09-30 02:09:10
574,BGD,Bangladesh,2002,63.591,62.753,64.548,53.6,75.3,218.712,191.024,39.5,0.249,0.319,1.934,World Bank API,2026-09-30 02:09:10
575,BGD,Bangladesh,2003,64.288,63.378,65.321,50.8,70.8,212.621,182.501,37.8,0.26,0.325,1.962,World Bank API,2026-09-30 02:09:10
576,BGD,Bangladesh,2004,64.912,63.94,66.01,48.3,66.8,207.362,174.903,36.3,0.269,0.331,1.999,World Bank API,2026-09-30 02:09:10
577,BGD,Bangladesh,2005,65.509,64.476,66.668,46.0,63.0,202.65,167.874,34.9,0.296,0.338,2.059,World Bank API,2026-09-30 02:09:10
578,BGD,Bangladesh,2006,66.048,64.951,67.273,43.8,59.6,198.922,161.645,33.5,0.305,0.344,2.106,World Bank API,2026-09-30 02:09:10
579,BGD,Bangladesh,2007,66.458,65.305,67.743,41.8,56.5,196.69,157.325,32.3,0.317,0.35,2.173,World Bank API,2026-09-30 02:09:10
580,BGD,Bangladesh,2008,67.047,65.789,68.451,40.0,53.6,194.201,151.107,31.1,0.33,0.37,2.119,World Bank API,2026-09-30 02:09:10
581,BGD,Bangladesh,2009,67.527,66.161,69.058,38.3,51.1,193.232,146.754,29.9,0.343,0.49,2.183,World Bank API,2026-09-30 02:09:10
582,BGD,Bangladesh,2010,68.009,66.521,69.687,36.8,48.7,192.852,142.809,28.8,0.352,0.54,2.288,World Bank API,2026-09-30 02:09:10
583,BGD,Bangladesh,2011,68.499,66.891,70.323,35.3,46.5,192.405,139.262,27.7,0.373,0.53,2.364,World Bank API,2026-09-30 02:09:10
584,BGD,Bangladesh,2012,68.989,67.275,70.944,33.9,44.4,191.543,136.09,26.6,0.39,0.61,2.354,World Bank API,2026-09-30 02:09:10
585,BGD,Bangladesh,2013,69.487,67.684,71.538,32.6,42.4,190.106,133.177,25.6,0.412,0.58,2.296,World Bank API,2026-09-30 02:09:10
586,BGD,Bangladesh,2014,70.016,68.167,72.095,31.2,40.5,187.013,130.381,24.6,0.478,0.6,2.279,World Bank API,2026-09-30 02:09:10
587,BGD,Bangladesh,2015,70.543,68.682,72.597,29.8,38.5,183.044,127.822,23.5,0.476,0.76,2.272,World Bank API,2026-09-30 02:09:10
588,BGD,Bangladesh,2016,71.075,69.233,73.066,28.5,36.7,178.237,125.318,22.4,0.489,0.79,2.389,World Bank API,2026-09-30 02:09:10
589,BGD,Bangladesh,2017,71.606,69.803,73.51,27.3,35.0,172.886,122.9,21.2,0.535,0.84,2.367,World Bank API,2026-09-30 02:09:10
590,BGD,Bangladesh,2018,72.122,70.379,73.953,26.2,33.5,167.322,120.44,20.1,0.573,0.88,2.316,World Bank API,2026-09-30 02:09:10
591,BGD,Bangladesh,2019,72.625,70.933,74.399,25.4,32.3,161.882,118.025,19.3,0.63,0.89,2.127,World Bank API,2026-09-30 02:09:10
592,BGD,Bangladesh,2020,71.421,69.584,73.428,24.8,31.4,162.579,121.394,18.6,0.661,0.97,2.183,World Bank API,2026-09-30 02:09:10
593,BGD,Bangladesh,2021,71.103,69.484,72.847,24.5,30.9,181.104,138.106,18.2,0.677,0.94,2.267,World Bank API,2026-09-30 02:09:10
594,BGD,Bangladesh,2022,74.265,72.566,76.051,24.4,30.7,144.838,113.419,18.0,0.717,1.01,2.215,World Bank API,2026-09-30 02:09:10
595,BGR,Bulgaria,1990,71.641,68.3,75.15,14.6,18.4,219.412,98.081,8.0,3.23,9.791,5.83,World Bank API,2026-09-30 02:09:10
596,BGR,Bulgaria,1991,71.561,68.4,74.88,15.0,18.8,212.446,96.629,8.4,3.077,9.768,5.83,World Bank API,2026-09-30 02:09:10
597,BGR,Bulgaria,1992,71.494,68.07,75.09,15.3,19.1,229.642,99.086,8.6,3.159,10.206,5.83,World Bank API,2026-09-30 02:09:10
598,BGR,Bulgaria,1993,71.347,67.62,75.26,15.4,19.3,240.227,94.867,8.8,3.361,10.494,5.83,World Bank API,2026-09-30 02:09:10
599,BGR,Bulgaria,1994,71.209,67.36,75.25,15.4,19.2,246.715,98.232,8.6,3.338,10.196,5.83,World Bank API,2026-09-30 02:09:10
600,BGR,Bulgaria,1995,71.053,67.39,74.9,15.5,19.2,245.658,100.065,8.4,3.478,10.37,5.83,World Bank API,2026-09-30 02:09:10
601,BGR,Bulgaria,1996,70.897,67.39,74.58,15.6,19.3,238.023,99.791,8.4,3.569,10.47,5.83,World Bank API,2026-09-30 02:09:10
602,BGR,Bulgaria,1997,70.351,67.0,73.87,15.6,19.3,244.071,106.49,8.4,3.487,10.28,5.83,World Bank API,2026-09-30 02:09:10
603,BGR,Bulgaria,1998,71.061,67.5,74.8,15.4,19.0,241.483,98.497,8.3,3.499,8.41,5.83,World Bank API,2026-09-30 02:09:10
604,BGR,Bulgaria,1999,71.412,67.9,75.1,14.9,18.3,222.457,99.048,8.1,3.503,7.49,5.83,World Bank API,2026-09-30 02:09:10
605,BGR,Bulgaria,2000,71.663,68.2,75.3,14.3,17.5,225.005,98.817,7.9,3.441,7.57,5.83,World Bank API,2026-09-30 02:09:10
606,BGR,Bulgaria,2001,71.768,68.5,75.2,13.7,16.7,222.768,95.108,7.6,3.429,7.19,6.86,World Bank API,2026-09-30 02:09:10
607,BGR,Bulgaria,2002,71.866,68.5,75.4,13.2,16.0,218.165,93.926,7.2,3.522,6.49,7.081,World Bank API,2026-09-30 02:09:10
608,BGR,Bulgaria,2003,72.066,68.7,75.6,12.5,15.1,215.846,91.42,6.8,3.604,6.3,7.2,World Bank API,2026-09-30 02:09:10
609,BGR,Bulgaria,2004,72.563,69.1,76.2,11.8,14.2,215.996,92.267,6.4,3.537,6.16,6.891,World Bank API,2026-09-30 02:09:10
610,BGR,Bulgaria,2005,72.561,69.0,76.3,11.0,13.3,219.427,92.247,6.0,3.661,6.45,6.89,World Bank API,2026-09-30 02:09:10
611,BGR,Bulgaria,2006,72.612,69.1,76.3,10.4,12.5,218.686,93.389,5.6,3.676,6.25,6.525,World Bank API,2026-09-30 02:09:10
612,BGR,Bulgaria,2007,72.663,69.2,76.3,9.9,11.9,212.03,91.31,5.3,3.675,6.43,6.157,World Bank API,2026-09-30 02:09:10
613,BGR,Bulgaria,2008,72.963,69.5,76.6,9.5,11.4,208.154,88.735,5.2,3.643,6.57,6.283,World Bank API,2026-09-30 02:09:10
614,BGR,Bulgaria,2009,73.412,69.9,77.1,9.3,11.1,203.75,87.304,5.1,3.733,6.68,6.596,World Bank API,2026-09-30 02:09:10
615,BGR,Bulgaria,2010,73.512,70.0,77.2,9.1,10.9,196.902,87.933,5.1,3.747,6.58,7.095,World Bank API,2026-09-30 02:09:10
616,BGR,Bulgaria,2011,74.163,70.7,77.8,8.7,10.4,194.111,85.702,5.0,3.838,6.42,7.103,World Bank API,2026-09-30 02:09:10
617,BGR,Bulgaria,2012,74.315,70.9,77.9,8.3,9.9,187.916,82.257,4.7,3.868,6.6,7.539,World Bank API,2026-09-30 02:09:10
618,BGR,Bulgaria,2013,74.861,71.3,78.6,7.8,9.3,184.811,82.085,4.5,3.953,6.82,7.142,World Bank API,2026-09-30 02:09:10
619,BGR,Bulgaria,2014,74.466,71.1,78.0,7.3,8.7,190.232,88.291,4.3,3.978,7.13,7.683,World Bank API,2026-09-30 02:09:10
620,BGR,Bulgaria,2015,74.615,71.2,78.2,6.8,8.2,185.528,86.607,4.1,4.041,7.24,7.394,World Bank API,2026-09-30 02:09:10
621,BGR,Bulgaria,2016,74.812,71.3,78.5,6.4,7.7,187.257,86.466,3.9,4.107,7.27,7.46,World Bank API,2026-09-30 02:09:10
622,BGR,Bulgaria,2017,74.815,71.4,78.4,6.1,7.3,183.956,86.496,3.7,4.184,7.45,7.496,World Bank API,2026-09-30 02:09:10
623,BGR,Bulgaria,2018,74.963,71.5,78.6,5.8,7.0,183.928,86.31,3.4,4.217,7.57,7.341,World Bank API,2026-09-30 02:09:10
624,BGR,Bulgaria,2019,75.112,71.6,78.8,5.5,6.7,182.115,81.732,3.2,4.236,7.74,7.118,World Bank API,2026-09-30 02:09:10
625,BGR,Bulgaria,2020,73.356,69.6,77.3,5.3,6.5,206.104,95.17,3.0,4.277,7.82,8.441,World Bank API,2026-09-30 02:09:10
626,BGR,Bulgaria,2021,71.212,67.7,74.9,5.2,6.3,234.351,118.345,2.9,4.296,7.92,8.58,World Bank API,2026-09-30 02:09:10
627,BGR,Bulgaria,2022,74.161,70.6,77.9,5.0,6.1,234.351,118.345,2.8,4.328,8.01,7.638,World Bank API,2026-09-30 02:09:10
628,BHR,Bahrain,1990,72.587,71.943,73.397,20.0,23.0,125.094,116.052,15.4,1.315,2.9,3.2,World Bank API,2026-09-30 02:09:10
629,BHR,Bahrain,1991,72.668,72.03,73.457,19.7,22.7,123.006,114.775,14.7,1.315,2.9,3.2,World Bank API,2026-09-30 02:09:10
630,BHR,Bahrain,1992,72.785,72.123,73.599,19.1,22.1,121.294,112.747,13.8,1.262,2.9,3.2,World Bank API,2026-09-30 02:09:10
631,BHR,Bahrain,1993,72.939,72.228,73.837,18.1,21.0,119.948,109.893,12.5,1.21,2.9,3.2,World Bank API,2026-09-30 02:09:10
632,BHR,Bahrain,1994,73.134,72.351,74.15,16.9,19.7,118.782,106.395,11.1,1.158,2.9,3.2,World Bank API,2026-09-30 02:09:10
633,BHR,Bahrain,1995,73.361,72.497,74.51,15.6,18.2,117.592,102.463,9.7,1.105,2.9,3.2,World Bank API,2026-09-30 02:09:10
634,BHR,Bahrain,1996,73.61,72.666,74.888,14.2,16.6,116.182,98.295,8.3,1.052,2.9,3.2,World Bank API,2026-09-30 02:09:10
635,BHR,Bahrain,1997,73.872,72.862,75.253,13.0,15.2,114.367,94.069,7.2,1.0,2.9,3.2,World Bank API,2026-09-30 02:09:10
636,BHR,Bahrain,1998,74.138,73.087,75.585,11.9,14.1,112.013,89.94,6.2,1.004,2.837,3.2,World Bank API,2026-09-30 02:09:10
637,BHR,Bahrain,1999,74.405,73.332,75.88,11.1,13.2,109.219,86.048,5.5,1.009,2.773,3.2,World Bank API,2026-09-30 02:09:10
638,BHR,Bahrain,2000,74.673,73.591,76.149,10.5,12.5,106.154,82.512,5.0,1.013,2.71,3.2,World Bank API,2026-09-30 02:09:10
639,BHR,Bahrain,2001,74.942,73.86,76.404,10.0,12.0,102.977,79.433,4.6,1.06,2.64,3.343,World Bank API,2026-09-30 02:09:10
640,BHR,Bahrain,2002,75.209,74.135,76.658,9.7,11.6,99.822,76.894,4.3,1.053,2.56,3.529,World Bank API,2026-09-30 02:09:10
641,BHR,Bahrain,2003,75.486,74.417,76.926,9.4,11.3,96.806,74.965,4.0,1.006,2.35,3.728,World Bank API,2026-09-30 02:09:10
642,BHR,Bahrain,2004,75.787,74.714,77.222,9.1,11.0,93.931,73.548,3.8,0.922,2.19,3.355,World Bank API,2026-09-30 02:09:10
643,BHR,Bahrain,2005,76.125,75.045,77.551,8.8,10.6,91.116,72.416,3.6,0.995,2.18,3.126,World Bank API,2026-09-30 02:09:10
644,BHR,Bahrain,2006,76.51,75.425,77.918,8.5,10.3,88.284,71.347,3.4,0.977,2.05,2.981,World Bank API,2026-09-30 02:09:10
645,BHR,Bahrain,2007,76.952,75.87,78.326,8.1,9.8,85.371,70.134,3.3,0.995,1.93,3.161,World Bank API,2026-09-30 02:09:10
646,BHR,Bahrain,2008,77.457,76.396,78.772,7.8,9.4,82.324,68.579,3.2,0.984,1.88,3.073,World Bank API,2026-09-30 02:09:10
647,BHR,Bahrain,2009,78.016,76.997,79.25,7.4,9.0,79.187,66.613,3.2,0.971,1.77,4.151,World Bank API,2026-09-30 02:09:10
648,BHR,Bahrain,2010,78.593,77.63,79.733,7.1,8.6,76.156,64.4,3.1,0.971,1.76,3.923,World Bank API,2026-09-30 02:09:10
649,BHR,Bahrain,2011,79.141,78.242,80.196,6.8,8.3,73.405,62.117,3.2,1.001,2.06,3.718,World Bank API,2026-09-30 02:09:10
650,BHR,Bahrain,2012,79.622,78.78,80.611,6.6,8.1,71.069,59.92,3.2,1.023,2.02,3.951,World Bank API,2026-09-30 02:09:10
651,BHR,Bahrain,2013,79.998,79.191,80.95,6.5,7.9,69.257,57.947,3.2,0.998,2.02,4.145,World Bank API,2026-09-30 02:09:10
652,BHR,Bahrain,2014,80.214,79.434,81.19,6.4,7.8,68.026,56.296,3.3,0.974,1.95,4.237,World Bank API,2026-09-30 02:09:10
653,BHR,Bahrain,2015,80.338,79.54,81.344,6.3,7.7,67.212,54.927,3.4,0.927,1.89,4.751,World Bank API,2026-09-30 02:09:10
654,BHR,Bahrain,2016,80.407,79.558,81.432,6.3,7.6,66.601,53.767,3.5,0.83,1.81,4.624,World Bank API,2026-09-30 02:09:10
655,BHR,Bahrain,2017,80.407,79.543,81.478,6.3,7.7,65.988,52.75,3.6,0.76,1.74,4.302,World Bank API,2026-09-30 02:09:10
656,BHR,Bahrain,2018,80.412,79.546,81.507,6.4,7.7,65.17,51.814,3.8,0.729,1.81,3.943,World Bank API,2026-09-30 02:09:10
657,BHR,Bahrain,2019,80.471,79.615,81.54,6.5,7.8,63.961,50.907,4.0,0.687,1.93,3.784,World Bank API,2026-09-30 02:09:10
658,BHR,Bahrain,2020,78.683,77.195,80.954,6.6,8.0,89.162,43.914,4.1,0.741,1.99,4.557,World Bank API,2026-09-30 02:09:10
659,BHR,Bahrain,2021,78.083,77.46,78.844,6.8,8.2,80.704,70.642,4.2,0.741,2.13,4.328,World Bank API,2026-09-30 02:09:10
660,BHR,Bahrain,2022,80.992,80.304,81.809,7.0,8.4,57.898,48.145,4.3,0.741,1.84,3.891,World Bank API,2026-09-30 02:09:10
661,BHS,"Bahamas, The",1990,70.945,67.587,74.634,19.6,23.3,251.782,143.391,13.5,1.29,4.0,3.805,World Bank API,2026-09-30 02:09:10
662,BHS,"Bahamas, The",1991,71.183,67.849,74.826,18.7,22.3,250.241,144.549,12.6,1.342,3.961,3.805,World Bank API,2026-09-30 02:09:10
663,BHS,"Bahamas, The",1992,71.298,67.978,74.913,17.8,21.2,250.442,146.693,11.7,1.394,3.923,3.805,World Bank API,2026-09-30 02:09:10
664,BHS,"Bahamas, The",1993,71.42,68.082,75.046,17.0,20.2,251.572,148.037,10.9,1.446,3.884,3.805,World Bank API,2026-09-30 02:09:10
665,BHS,"Bahamas, The",1994,71.429,68.052,75.099,16.2,19.3,254.19,149.667,10.1,1.468,3.742,3.805,World Bank API,2026-09-30 02:09:10
666,BHS,"Bahamas, The",1995,71.422,68.0,75.147,15.5,18.4,257.13,150.705,9.4,1.49,3.6,3.805,World Bank API,2026-09-30 02:09:10
667,BHS,"Bahamas, The",1996,71.464,68.01,75.219,14.8,17.6,259.317,150.848,8.7,1.518,3.94,3.805,World Bank API,2026-09-30 02:09:10
668,BHS,"Bahamas, The",1997,71.597,68.145,75.332,14.3,16.9,259.541,149.903,8.2,1.254,3.765,3.805,World Bank API,2026-09-30 02:09:10
669,BHS,"Bahamas, The",1998,71.84,68.446,75.478,13.9,16.4,256.653,148.518,7.9,0.989,3.59,3.805,World Bank API,2026-09-30 02:09:10
670,BHS,"Bahamas, The",1999,72.147,68.83,75.666,13.7,16.2,251.612,146.275,7.8,1.155,3.415,3.805,World Bank API,2026-09-30 02:09:10
671,BHS,"Bahamas, The",2000,72.481,69.233,75.899,13.7,16.2,245.359,143.34,7.9,1.32,3.24,3.805,World Bank API,2026-09-30 02:09:10
672,BHS,"Bahamas, The",2001,72.765,69.557,76.121,13.9,16.3,239.029,140.189,8.0,1.486,3.25,3.924,World Bank API,2026-09-30 02:09:10
673,BHS,"Bahamas, The",2002,73.023,69.834,76.35,14.1,16.5,232.807,137.198,8.2,1.651,3.21,3.813,World Bank API,2026-09-30 02:09:10
674,BHS,"Bahamas, The",2003,73.213,70.019,76.538,14.3,16.7,228.195,134.652,8.4,1.817,3.24,4.02,World Bank API,2026-09-30 02:09:10
675,BHS,"Bahamas, The",2004,73.235,70.055,76.542,14.4,16.8,225.827,134.266,8.6,1.983,3.2,4.046,World Bank API,2026-09-30 02:09:10
676,BHS,"Bahamas, The",2005,73.413,70.189,76.767,14.5,16.9,224.011,132.149,8.7,2.148,3.1,4.032,World Bank API,2026-09-30 02:09:10
677,BHS,"Bahamas, The",2006,73.456,70.177,76.873,14.4,16.8,224.262,131.621,8.7,2.314,3.06,4.309,World Bank API,2026-09-30 02:09:10
678,BHS,"Bahamas, The",2007,73.463,70.129,76.939,14.2,16.5,225.012,131.656,8.7,2.479,3.05,4.496,World Bank API,2026-09-30 02:09:10
679,BHS,"Bahamas, The",2008,73.445,70.035,77.008,14.0,16.2,226.484,131.696,8.6,2.645,3.01,4.863,World Bank API,2026-09-30 02:09:10
680,BHS,"Bahamas, The",2009,73.455,70.002,77.061,13.7,15.8,226.781,131.873,8.4,2.508,3.0,5.15,World Bank API,2026-09-30 02:09:10
681,BHS,"Bahamas, The",2010,73.449,69.99,77.05,13.4,15.4,226.391,131.535,8.2,2.37,2.92,5.256,World Bank API,2026-09-30 02:09:10
682,BHS,"Bahamas, The",2011,73.571,70.112,77.151,13.1,15.1,224.434,130.563,8.1,2.233,2.89,5.324,World Bank API,2026-09-30 02:09:10
683,BHS,"Bahamas, The",2012,73.707,70.219,77.301,12.9,14.7,222.963,129.237,8.1,2.177,2.86,5.319,World Bank API,2026-09-30 02:09:10
684,BHS,"Bahamas, The",2013,73.93,70.374,77.586,12.6,14.4,220.94,127.559,8.2,2.12,2.83,5.684,World Bank API,2026-09-30 02:09:10
685,BHS,"Bahamas, The",2014,74.029,70.407,77.749,12.4,14.2,219.856,126.245,8.4,2.064,2.76,5.641,World Bank API,2026-09-30 02:09:10
686,BHS,"Bahamas, The",2015,73.805,70.255,77.443,12.3,14.0,218.431,129.238,8.7,2.008,2.84,5.245,World Bank API,2026-09-30 02:09:10
687,BHS,"Bahamas, The",2016,74.042,70.425,77.757,12.2,13.8,216.127,126.393,9.0,1.951,2.915,5.655,World Bank API,2026-09-30 02:09:10
688,BHS,"Bahamas, The",2017,74.031,70.43,77.725,12.1,13.7,214.973,126.917,9.2,1.895,2.99,6.604,World Bank API,2026-09-30 02:09:10
689,BHS,"Bahamas, The",2018,74.062,70.468,77.731,12.0,13.5,214.439,126.644,9.4,1.895,2.78,5.839,World Bank API,2026-09-30 02:09:10
690,BHS,"Bahamas, The",2019,71.408,68.617,74.176,16.0,24.3,224.115,160.326,9.8,1.895,2.77,5.705,World Bank API,2026-09-30 02:09:10
691,BHS,"Bahamas, The",2020,72.994,69.35,76.788,11.9,13.3,225.316,132.177,9.6,1.895,2.76,7.398,World Bank API,2026-09-30 02:09:10
692,BHS,"Bahamas, The",2021,70.752,67.463,74.145,11.7,13.1,260.776,166.002,9.5,1.895,2.75,6.785,World Bank API,2026-09-30 02:09:10
693,BHS,"Bahamas, The",2022,74.491,70.883,78.09,11.6,12.9,208.3,122.501,9.4,1.895,2.21,7.043,World Bank API,2026-09-30 02:09:10
694,BIH,Bosnia and Herzegovina,1990,71.509,67.621,75.511,16.1,18.2,208.092,96.402,11.3,1.581,4.459,7.962,World Bank API,2026-09-30 02:09:10
695,BIH,Bosnia and Herzegovina,1991,71.813,67.851,75.927,14.9,16.9,205.598,93.014,11.0,1.576,4.378,7.962,World Bank API,2026-09-30 02:09:10
696,BIH,Bosnia and Herzegovina,1992,51.967,43.329,64.822,32.4,62.3,681.741,218.874,11.4,1.547,4.298,7.962,World Bank API,2026-09-30 02:09:10
697,BIH,Bosnia and Herzegovina,1993,50.894,41.878,64.522,32.4,63.4,711.24,224.324,11.0,1.517,4.219,7.962,World Bank API,2026-09-30 02:09:10
698,BIH,Bosnia and Herzegovina,1994,66.603,58.717,75.864,12.3,14.0,415.492,105.809,9.6,1.488,4.139,7.962,World Bank API,2026-09-30 02:09:10
699,BIH,Bosnia and Herzegovina,1995,70.188,65.267,75.032,14.3,20.1,260.706,104.035,9.2,1.459,4.059,7.962,World Bank API,2026-09-30 02:09:10
700,BIH,Bosnia and Herzegovina,1996,73.454,69.473,77.052,10.9,12.4,183.401,85.051,8.6,1.429,3.979,7.962,World Bank API,2026-09-30 02:09:10
701,BIH,Bosnia and Herzegovina,1997,73.895,69.942,77.455,10.2,11.7,176.689,82.383,8.1,1.4,3.9,7.962,World Bank API,2026-09-30 02:09:10
702,BIH,Bosnia and Herzegovina,1998,74.472,70.642,77.84,9.6,10.9,166.36,79.342,7.6,1.371,3.82,7.962,World Bank API,2026-09-30 02:09:10
703,BIH,Bosnia and Herzegovina,1999,74.946,71.234,78.136,8.9,10.2,158.065,76.882,7.0,1.341,3.8,7.962,World Bank API,2026-09-30 02:09:10
704,BIH,Bosnia and Herzegovina,2000,75.292,71.666,78.37,8.3,9.5,152.516,75.057,6.5,1.312,1.95,7.962,World Bank API,2026-09-30 02:09:10
705,BIH,Bosnia and Herzegovina,2001,75.573,71.892,78.7,7.8,8.9,149.844,73.015,6.1,1.303,1.92,7.573,World Bank API,2026-09-30 02:09:10
706,BIH,Bosnia and Herzegovina,2002,75.994,72.194,79.233,7.3,8.4,146.493,70.086,5.8,1.3,1.93,7.399,World Bank API,2026-09-30 02:09:10
707,BIH,Bosnia and Herzegovina,2003,76.449,72.701,79.594,6.9,8.0,140.139,68.364,5.6,1.33,1.93,8.281,World Bank API,2026-09-30 02:09:10
708,BIH,Bosnia and Herzegovina,2004,76.489,72.594,79.819,6.6,7.6,141.75,67.433,5.4,1.372,1.98,9.063,World Bank API,2026-09-30 02:09:10
709,BIH,Bosnia and Herzegovina,2005,76.424,72.491,79.816,6.4,7.4,143.496,67.987,5.2,1.409,2.0,8.82,World Bank API,2026-09-30 02:09:10
710,BIH,Bosnia and Herzegovina,2006,76.028,72.004,79.607,6.3,7.2,150.56,69.702,5.1,1.46,2.0,8.884,World Bank API,2026-09-30 02:09:10
711,BIH,Bosnia and Herzegovina,2007,76.162,72.185,79.683,6.2,7.1,148.664,68.969,5.0,1.54,2.03,9.255,World Bank API,2026-09-30 02:09:10
712,BIH,Bosnia and Herzegovina,2008,76.3,72.317,79.833,6.1,7.0,146.504,68.135,5.0,1.59,2.05,9.486,World Bank API,2026-09-30 02:09:10
713,BIH,Bosnia and Herzegovina,2009,76.701,72.752,80.159,6.0,6.9,140.16,65.732,4.9,1.674,2.17,9.015,World Bank API,2026-09-30 02:09:10
714,BIH,Bosnia and Herzegovina,2010,76.827,72.949,80.214,6.0,6.8,137.042,65.834,4.9,1.749,2.26,9.012,World Bank API,2026-09-30 02:09:10
715,BIH,Bosnia and Herzegovina,2011,76.963,73.183,80.246,5.9,6.8,133.738,65.102,4.9,1.839,2.3,9.171,World Bank API,2026-09-30 02:09:10
716,BIH,Bosnia and Herzegovina,2012,77.037,73.273,80.324,5.9,6.7,132.696,64.445,4.8,1.914,2.33,9.479,World Bank API,2026-09-30 02:09:10
717,BIH,Bosnia and Herzegovina,2013,77.129,73.439,80.35,5.9,6.7,131.018,64.688,4.8,1.997,2.27,9.436,World Bank API,2026-09-30 02:09:10
718,BIH,Bosnia and Herzegovina,2014,77.089,73.535,80.19,5.9,6.7,129.893,65.704,4.8,2.083,2.35,9.471,World Bank API,2026-09-30 02:09:10
719,BIH,Bosnia and Herzegovina,2015,77.073,73.547,80.177,5.9,6.7,129.05,65.541,4.8,2.107,2.37,9.241,World Bank API,2026-09-30 02:09:10
720,BIH,Bosnia and Herzegovina,2016,77.124,73.739,80.089,5.9,6.8,126.361,65.397,4.8,2.146,2.39,9.139,World Bank API,2026-09-30 02:09:10
721,BIH,Bosnia and Herzegovina,2017,77.385,74.241,80.086,6.0,6.8,120.896,65.516,4.7,2.163,2.39,8.818,World Bank API,2026-09-30 02:09:10
722,BIH,Bosnia and Herzegovina,2018,77.942,74.077,81.435,6.0,6.8,122.765,58.727,4.7,2.457,2.39,8.761,World Bank API,2026-09-30 02:09:10
723,BIH,Bosnia and Herzegovina,2019,77.394,73.961,80.463,5.9,6.7,124.708,63.181,4.7,2.584,2.35,8.925,World Bank API,2026-09-30 02:09:10
724,BIH,Bosnia and Herzegovina,2020,76.04,72.512,79.393,5.8,6.6,137.386,67.127,4.7,2.584,2.35,9.703,World Bank API,2026-09-30 02:09:10
725,BIH,Bosnia and Herzegovina,2021,74.567,71.403,77.649,5.7,6.4,147.443,77.308,4.7,2.584,2.35,9.555,World Bank API,2026-09-30 02:09:10
726,BIH,Bosnia and Herzegovina,2022,76.777,72.716,80.728,5.5,6.2,134.428,67.481,4.6,2.584,2.35,8.716,World Bank API,2026-09-30 02:09:10
727,BLR,Belarus,1990,70.837,66.3,75.6,12.1,15.2,281.951,107.204,10.0,2.911,13.226,5.281,World Bank API,2026-09-30 02:09:10
728,BLR,Belarus,1991,70.378,65.5,75.5,12.1,15.2,294.245,110.0,9.8,2.896,13.205,5.281,World Bank API,2026-09-30 02:09:10
729,BLR,Belarus,1992,70.022,64.9,75.4,12.2,15.3,310.855,115.421,9.8,2.941,12.691,5.281,World Bank API,2026-09-30 02:09:10
730,BLR,Belarus,1993,68.971,63.8,74.4,12.3,15.5,343.266,125.075,9.7,2.957,12.476,5.281,World Bank API,2026-09-30 02:09:10
731,BLR,Belarus,1994,68.768,63.5,74.3,12.4,15.7,348.399,125.783,9.6,2.987,12.464,5.281,World Bank API,2026-09-30 02:09:10
732,BLR,Belarus,1995,68.461,62.9,74.3,12.4,15.7,363.728,131.093,9.4,3.018,12.38,5.281,World Bank API,2026-09-30 02:09:10
733,BLR,Belarus,1996,68.512,63.0,74.3,12.2,15.5,358.553,128.347,9.1,3.084,12.27,5.281,World Bank API,2026-09-30 02:09:10
734,BLR,Belarus,1997,68.461,62.9,74.3,11.9,15.1,360.641,130.648,8.4,3.133,12.36,5.281,World Bank API,2026-09-30 02:09:10
735,BLR,Belarus,1998,68.407,62.7,74.4,11.4,14.5,370.602,130.858,7.5,3.193,12.42,5.281,World Bank API,2026-09-30 02:09:10
736,BLR,Belarus,1999,67.907,62.2,73.9,10.7,13.7,375.925,134.812,6.3,3.259,12.64,5.281,World Bank API,2026-09-30 02:09:10
737,BLR,Belarus,2000,68.912,63.4,74.7,9.9,12.8,354.094,125.338,5.2,3.268,12.01,5.281,World Bank API,2026-09-30 02:09:10
738,BLR,Belarus,2001,68.507,62.8,74.5,9.2,11.8,369.56,130.326,4.4,3.252,11.99,5.706,World Bank API,2026-09-30 02:09:10
739,BLR,Belarus,2002,68.056,62.3,74.1,8.5,10.9,383.421,137.368,3.9,3.275,11.4,5.624,World Bank API,2026-09-30 02:09:10
740,BLR,Belarus,2003,68.554,62.7,74.7,7.8,10.1,372.783,130.887,3.6,3.303,10.83,5.771,World Bank API,2026-09-30 02:09:10
741,BLR,Belarus,2004,68.956,63.2,75.0,7.2,9.4,362.612,128.963,3.4,3.299,10.26,5.737,World Bank API,2026-09-30 02:09:10
742,BLR,Belarus,2005,68.851,62.9,75.1,6.7,8.7,369.192,127.967,3.2,3.326,10.69,6.07,World Bank API,2026-09-30 02:09:10
743,BLR,Belarus,2006,69.405,63.6,75.5,6.1,8.0,355.849,122.46,2.9,3.393,10.76,5.574,World Bank API,2026-09-30 02:09:10
744,BLR,Belarus,2007,70.207,64.5,76.2,5.6,7.3,332.936,115.608,2.6,3.55,10.82,5.692,World Bank API,2026-09-30 02:09:10
745,BLR,Belarus,2008,70.456,64.7,76.5,5.1,6.6,334.107,111.707,2.2,3.578,10.72,5.294,World Bank API,2026-09-30 02:09:10
746,BLR,Belarus,2009,70.407,64.7,76.4,4.6,6.1,330.003,113.28,2.0,3.713,10.68,5.391,World Bank API,2026-09-30 02:09:10
747,BLR,Belarus,2010,70.405,64.6,76.5,4.2,5.6,334.194,112.143,1.8,3.511,10.88,5.657,World Bank API,2026-09-30 02:09:10
748,BLR,Belarus,2011,70.554,64.7,76.7,3.9,5.2,336.426,114.383,1.7,3.794,10.68,4.875,World Bank API,2026-09-30 02:09:10
749,BLR,Belarus,2012,71.966,66.6,77.6,3.7,4.9,287.27,97.548,1.7,3.885,10.71,5.245,World Bank API,2026-09-30 02:09:10
750,BLR,Belarus,2013,72.471,67.3,77.9,3.5,4.6,273.671,95.272,1.7,3.939,10.49,5.696,World Bank API,2026-09-30 02:09:10
751,BLR,Belarus,2014,72.971,67.8,78.4,3.3,4.3,261.217,89.986,1.6,4.082,10.31,5.388,World Bank API,2026-09-30 02:09:10
752,BLR,Belarus,2015,73.624,68.6,78.9,3.1,4.1,245.384,82.36,1.6,4.255,10.25,6.065,World Bank API,2026-09-30 02:09:10
753,BLR,Belarus,2016,73.827,68.9,79.0,2.9,3.9,234.903,82.559,1.5,4.372,10.06,5.911,World Bank API,2026-09-30 02:09:10
754,BLR,Belarus,2017,74.129,69.3,79.2,2.8,3.6,227.765,77.933,1.4,4.427,10.0,5.76,World Bank API,2026-09-30 02:09:10
755,BLR,Belarus,2018,74.176,69.2,79.4,2.6,3.4,231.323,79.839,1.2,4.486,9.93,5.527,World Bank API,2026-09-30 02:09:10
756,BLR,Belarus,2019,74.227,69.3,79.4,2.4,3.1,231.323,79.839,1.1,4.546,9.93,5.861,World Bank API,2026-09-30 02:09:10
757,BLR,Belarus,2020,72.139,67.101,77.428,2.2,2.9,231.323,79.839,1.0,4.605,10.09,6.406,World Bank API,2026-09-30 02:09:10
758,BLR,Belarus,2021,72.071,67.21,77.176,2.1,2.7,231.323,79.839,0.9,4.686,10.02,6.565,World Bank API,2026-09-30 02:09:10
759,BLR,Belarus,2022,74.103,69.438,79.002,2.0,2.6,231.323,79.839,0.8,4.669,9.93,6.578,World Bank API,2026-09-30 02:09:10
760,BLZ,Belize,1990,69.569,67.566,71.82,31.0,39.4,197.533,134.212,18.8,0.639,2.7,2.939,World Bank API,2026-09-30 02:09:10
761,BLZ,Belize,1991,69.645,67.661,71.886,29.2,37.1,200.873,137.625,18.0,0.59,2.733,2.939,World Bank API,2026-09-30 02:09:10
762,BLZ,Belize,1992,69.601,67.632,71.836,27.6,34.9,204.898,141.753,17.0,0.542,2.767,2.939,World Bank API,2026-09-30 02:09:10
763,BLZ,Belize,1993,69.595,67.579,71.864,26.1,33.0,210.595,144.531,16.1,0.493,2.8,2.939,World Bank API,2026-09-30 02:09:10
764,BLZ,Belize,1994,69.585,67.531,71.877,24.9,31.4,215.344,147.452,15.3,0.546,2.65,2.939,World Bank API,2026-09-30 02:09:10
765,BLZ,Belize,1995,69.484,67.357,71.854,23.8,29.9,223.011,150.832,14.6,0.6,2.5,2.939,World Bank API,2026-09-30 02:09:10
766,BLZ,Belize,1996,69.363,67.165,71.821,22.8,28.6,231.104,154.463,14.0,0.548,2.13,2.939,World Bank API,2026-09-30 02:09:10
767,BLZ,Belize,1997,69.183,66.93,71.728,21.9,27.5,239.858,158.87,13.4,0.672,2.048,2.939,World Bank API,2026-09-30 02:09:10
768,BLZ,Belize,1998,68.906,66.618,71.522,21.1,26.4,248.842,163.523,13.0,0.795,1.965,2.939,World Bank API,2026-09-30 02:09:10
769,BLZ,Belize,1999,68.976,66.646,71.668,20.3,25.4,252.344,164.677,12.5,0.919,1.883,2.939,World Bank API,2026-09-30 02:09:10
770,BLZ,Belize,2000,68.911,66.576,71.627,19.6,24.5,254.428,164.931,12.1,1.042,1.8,2.939,World Bank API,2026-09-30 02:09:10
771,BLZ,Belize,2001,68.944,66.619,71.66,18.9,23.6,253.176,163.514,11.7,1.012,1.718,3.454,World Bank API,2026-09-30 02:09:10
772,BLZ,Belize,2002,69.528,67.112,72.364,18.4,22.8,247.31,154.768,11.3,0.982,1.635,3.555,World Bank API,2026-09-30 02:09:10
773,BLZ,Belize,2003,69.819,67.444,72.599,17.9,22.1,240.984,151.37,10.9,0.952,1.553,3.529,World Bank API,2026-09-30 02:09:10
774,BLZ,Belize,2004,70.152,67.765,72.954,17.4,21.5,234.811,145.432,10.5,0.922,1.47,3.418,World Bank API,2026-09-30 02:09:10
775,BLZ,Belize,2005,70.335,68.02,73.042,17.1,21.0,229.729,144.288,10.0,0.891,1.388,3.437,World Bank API,2026-09-30 02:09:10
776,BLZ,Belize,2006,70.535,68.227,73.233,16.8,20.6,226.67,141.903,9.7,0.861,1.305,3.549,World Bank API,2026-09-30 02:09:10
777,BLZ,Belize,2007,70.652,68.341,73.359,16.5,20.2,225.317,140.465,9.6,0.831,1.223,4.053,World Bank API,2026-09-30 02:09:10
778,BLZ,Belize,2008,70.665,68.353,73.376,16.2,19.7,225.266,140.252,9.7,0.801,1.14,4.513,World Bank API,2026-09-30 02:09:10
779,BLZ,Belize,2009,70.806,68.445,73.584,15.9,19.3,225.221,138.091,10.0,0.771,1.12,4.505,World Bank API,2026-09-30 02:09:10
780,BLZ,Belize,2010,70.875,68.466,73.715,15.5,18.8,226.317,136.579,10.4,0.9,1.12,4.477,World Bank API,2026-09-30 02:09:10
781,BLZ,Belize,2011,70.975,68.512,73.874,15.1,18.3,226.635,134.624,10.8,1.028,1.1,4.529,World Bank API,2026-09-30 02:09:10
782,BLZ,Belize,2012,71.134,68.583,74.142,14.7,17.7,226.376,131.286,11.0,1.157,1.09,4.343,World Bank API,2026-09-30 02:09:10
783,BLZ,Belize,2013,71.276,68.67,74.34,14.2,17.0,225.937,128.87,11.0,1.152,1.09,4.421,World Bank API,2026-09-30 02:09:10
784,BLZ,Belize,2014,71.437,68.779,74.552,13.6,16.3,225.092,126.049,10.8,1.147,1.04,4.871,World Bank API,2026-09-30 02:09:10
785,BLZ,Belize,2015,71.647,68.948,74.803,13.1,15.6,222.867,123.272,10.5,1.141,0.97,4.66,World Bank API,2026-09-30 02:09:10
786,BLZ,Belize,2016,71.843,69.136,74.986,12.6,15.0,220.35,120.483,10.2,1.136,0.95,4.772,World Bank API,2026-09-30 02:09:10
787,BLZ,Belize,2017,72.062,69.339,75.217,12.1,14.4,217.41,117.362,9.9,1.131,1.04,4.622,World Bank API,2026-09-30 02:09:10
788,BLZ,Belize,2018,72.322,69.605,75.45,11.7,13.9,212.994,114.485,9.8,1.086,1.04,4.755,World Bank API,2026-09-30 02:09:10
789,BLZ,Belize,2019,72.577,69.871,75.668,11.4,13.5,208.514,111.89,9.6,1.086,1.01,4.816,World Bank API,2026-09-30 02:09:10
790,BLZ,Belize,2020,71.58,69.047,74.463,11.1,13.2,221.663,128.918,9.5,1.086,0.98,5.339,World Bank API,2026-09-30 02:09:10
791,BLZ,Belize,2021,70.917,68.383,73.796,11.0,13.0,238.215,142.405,9.5,1.086,1.09,5.046,World Bank API,2026-09-30 02:09:10
792,BLZ,Belize,2022,72.19,69.587,75.104,10.9,12.8,215.083,122.614,9.4,1.086,1.07,4.216,World Bank API,2026-09-30 02:09:10
793,BMU,Bermuda,1990,73.952,70.123,78.091,37.7,45.1,193.39,90.38,21.0,1.2,6.3,4.865,World Bank API,2026-09-30 02:09:10
794,BMU,Bermuda,1991,74.204,70.507,78.168,36.4,43.3,187.411,92.194,20.1,1.2,6.3,4.865,World Bank API,2026-09-30 02:09:10
795,BMU,Bermuda,1992,74.446,70.764,78.366,34.9,42.5,183.892,93.642,19.7,1.2,6.3,4.865,World Bank API,2026-09-30 02:09:10
796,BMU,Bermuda,1993,74.766,71.049,78.703,33.4,42.6,179.9,92.948,19.2,1.2,6.3,4.865,World Bank API,2026-09-30 02:09:10
797,BMU,Bermuda,1994,75.276,71.394,79.392,32.9,39.6,175.223,87.547,18.9,1.2,6.3,4.865,World Bank API,2026-09-30 02:09:10
798,BMU,Bermuda,1995,75.92,71.896,80.179,31.6,38.4,167.791,81.004,18.6,1.2,6.3,4.865,World Bank API,2026-09-30 02:09:10
799,BMU,Bermuda,1996,76.52,72.498,80.728,30.4,37.2,159.279,78.11,18.0,1.483,6.3,4.865,World Bank API,2026-09-30 02:09:10
800,BMU,Bermuda,1997,76.972,73.021,81.047,29.0,35.3,152.411,77.61,17.3,1.766,6.3,4.865,World Bank API,2026-09-30 02:09:10
801,BMU,Bermuda,1998,77.389,73.489,81.401,28.2,33.4,146.514,76.011,16.7,1.766,6.3,4.865,World Bank API,2026-09-30 02:09:10
802,BMU,Bermuda,1999,77.854,73.948,81.876,27.2,31.8,140.311,71.881,16.3,1.766,6.3,4.865,World Bank API,2026-09-30 02:09:10
803,BMU,Bermuda,2000,78.251,74.395,82.221,26.3,30.5,132.888,68.262,16.0,1.766,6.3,4.865,World Bank API,2026-09-30 02:09:10
804,BMU,Bermuda,2001,78.637,74.882,82.443,25.4,29.1,125.058,65.936,15.2,1.766,6.3,4.959,World Bank API,2026-09-30 02:09:10
805,BMU,Bermuda,2002,78.841,75.102,82.61,23.6,28.1,121.247,63.765,14.5,1.766,6.3,5.33,World Bank API,2026-09-30 02:09:10
806,BMU,Bermuda,2003,78.715,74.938,82.533,22.9,26.9,122.187,63.158,14.1,1.766,6.3,5.209,World Bank API,2026-09-30 02:09:10
807,BMU,Bermuda,2004,78.898,74.859,83.052,21.1,26.1,124.934,57.023,13.7,1.766,6.3,5.336,World Bank API,2026-09-30 02:09:10
808,BMU,Bermuda,2005,78.874,74.658,83.264,19.8,24.0,128.211,53.71,13.2,1.766,6.3,5.294,World Bank API,2026-09-30 02:09:10
809,BMU,Bermuda,2006,78.87,74.534,83.42,19.3,22.8,130.322,51.455,13.0,1.766,6.3,5.405,World Bank API,2026-09-30 02:09:10
810,BMU,Bermuda,2007,79.006,74.685,83.526,18.5,21.8,127.782,50.228,12.5,1.766,6.3,5.317,World Bank API,2026-09-30 02:09:10
811,BMU,Bermuda,2008,79.101,74.865,83.572,17.9,20.9,125.065,50.139,12.1,1.766,6.3,5.444,World Bank API,2026-09-30 02:09:10
812,BMU,Bermuda,2009,79.229,75.084,83.64,17.4,21.2,121.979,49.851,11.7,1.766,6.3,5.749,World Bank API,2026-09-30 02:09:10
813,BMU,Bermuda,2010,79.414,75.305,83.835,16.7,19.3,119.178,48.282,11.4,1.766,6.3,5.49,World Bank API,2026-09-30 02:09:10
814,BMU,Bermuda,2011,79.651,75.474,84.138,16.6,19.3,117.357,45.634,10.9,1.766,6.3,5.749,World Bank API,2026-09-30 02:09:10
815,BMU,Bermuda,2012,79.847,75.636,84.353,16.2,18.9,115.779,44.006,11.0,1.766,6.3,5.776,World Bank API,2026-09-30 02:09:10
816,BMU,Bermuda,2013,80.016,75.849,84.439,16.0,18.9,113.326,43.927,10.9,1.766,6.3,5.737,World Bank API,2026-09-30 02:09:10
817,BMU,Bermuda,2014,80.199,76.133,84.535,15.8,18.5,109.796,44.214,10.8,1.766,6.3,5.838,World Bank API,2026-09-30 02:09:10
818,BMU,Bermuda,2015,80.338,76.412,84.543,15.5,18.2,106.64,45.613,10.6,1.766,6.3,6.065,World Bank API,2026-09-30 02:09:10
819,BMU,Bermuda,2016,80.476,76.68,84.562,15.0,17.8,103.944,47.127,10.2,1.766,6.3,6.172,World Bank API,2026-09-30 02:09:10
820,BMU,Bermuda,2017,80.686,76.96,84.647,14.5,17.3,101.253,47.98,9.9,1.766,6.3,6.136,World Bank API,2026-09-30 02:09:10
821,BMU,Bermuda,2018,80.986,77.311,84.842,14.1,16.4,97.605,47.527,9.8,1.766,6.3,5.932,World Bank API,2026-09-30 02:09:10
822,BMU,Bermuda,2019,81.251,77.607,85.033,14.1,15.9,94.965,47.211,9.6,1.766,6.3,5.745,World Bank API,2026-09-30 02:09:10
823,BMU,Bermuda,2020,81.456,77.823,85.195,13.6,15.6,93.696,47.457,9.3,1.766,6.3,6.646,World Bank API,2026-09-30 02:09:10
824,BMU,Bermuda,2021,81.745,78.166,85.385,13.3,15.3,90.341,47.126,9.3,1.766,6.3,6.64,World Bank API,2026-09-30 02:09:10
825,BMU,Bermuda,2022,82.062,78.565,85.566,13.0,15.1,86.581,46.87,9.0,1.766,6.3,6.573,World Bank API,2026-09-30 02:09:10
826,BOL,Bolivia,1990,56.797,55.221,58.379,89.0,117.8,294.405,234.417,40.1,0.45,1.318,4.396,World Bank API,2026-09-30 02:09:10
827,BOL,Bolivia,1991,57.439,55.856,59.025,85.9,113.0,289.05,229.071,38.9,0.442,1.411,4.396,World Bank API,2026-09-30 02:09:10
828,BOL,Bolivia,1992,57.923,56.257,59.597,82.8,108.2,287.971,224.7,37.8,0.434,1.405,4.396,World Bank API,2026-09-30 02:09:10
829,BOL,Bolivia,1993,58.66,56.939,60.394,79.7,103.5,281.684,217.153,36.7,0.426,1.4,4.396,World Bank API,2026-09-30 02:09:10
830,BOL,Bolivia,1994,59.282,57.467,61.132,76.7,98.8,279.015,210.876,35.5,0.383,1.49,4.396,World Bank API,2026-09-30 02:09:10
831,BOL,Bolivia,1995,59.787,57.907,61.722,73.6,94.1,277.906,207.173,34.3,0.34,1.58,4.396,World Bank API,2026-09-30 02:09:10
832,BOL,Bolivia,1996,60.287,58.427,62.21,70.4,89.4,275.232,205.338,33.0,0.48,1.67,4.396,World Bank API,2026-09-30 02:09:10
833,BOL,Bolivia,1997,60.745,58.896,62.668,67.1,84.6,273.247,203.85,31.7,0.62,1.602,4.396,World Bank API,2026-09-30 02:09:10
834,BOL,Bolivia,1998,61.227,59.346,63.2,63.8,79.9,271.509,200.917,30.4,0.76,1.534,4.396,World Bank API,2026-09-30 02:09:10
835,BOL,Bolivia,1999,61.655,59.712,63.709,60.5,75.3,271.23,198.417,29.1,0.9,1.467,4.396,World Bank API,2026-09-30 02:09:10
836,BOL,Bolivia,2000,62.057,60.098,64.14,57.2,70.7,270.101,196.687,27.9,1.04,1.399,4.396,World Bank API,2026-09-30 02:09:10
837,BOL,Bolivia,2001,62.538,60.486,64.74,54.0,66.3,268.663,191.817,26.7,1.18,1.331,4.825,World Bank API,2026-09-30 02:09:10
838,BOL,Bolivia,2002,63.068,60.931,65.377,50.9,62.1,265.712,185.85,25.6,1.038,1.263,4.896,World Bank API,2026-09-30 02:09:10
839,BOL,Bolivia,2003,63.455,61.303,65.782,48.0,58.2,263.894,183.78,24.6,0.896,1.196,5.197,World Bank API,2026-09-30 02:09:10
840,BOL,Bolivia,2004,63.819,61.675,66.134,45.2,54.5,261.655,182.285,23.6,0.754,1.128,4.863,World Bank API,2026-09-30 02:09:10
841,BOL,Bolivia,2005,64.182,62.015,66.523,42.6,51.0,259.928,179.956,22.6,0.611,1.06,5.074,World Bank API,2026-09-30 02:09:10
842,BOL,Bolivia,2006,64.529,62.399,66.825,40.1,47.7,257.166,178.692,21.7,0.469,1.09,4.661,World Bank API,2026-09-30 02:09:10
843,BOL,Bolivia,2007,64.939,62.749,67.303,37.7,44.7,254.761,174.702,20.7,0.327,1.09,4.697,World Bank API,2026-09-30 02:09:10
844,BOL,Bolivia,2008,65.299,63.13,67.636,35.5,41.8,251.786,172.829,19.8,0.362,1.08,4.607,World Bank API,2026-09-30 02:09:10
845,BOL,Bolivia,2009,65.656,63.51,67.964,33.4,39.1,248.802,170.805,18.9,0.398,1.05,5.174,World Bank API,2026-09-30 02:09:10
846,BOL,Bolivia,2010,66.003,63.846,68.323,31.5,36.7,246.321,168.375,18.0,0.433,1.06,5.202,World Bank API,2026-09-30 02:09:10
847,BOL,Bolivia,2011,66.282,64.134,68.588,29.7,34.4,244.215,166.76,16.8,0.461,1.04,5.173,World Bank API,2026-09-30 02:09:10
848,BOL,Bolivia,2012,66.586,64.447,68.879,28.0,32.3,241.682,164.929,15.7,0.683,1.07,5.254,World Bank API,2026-09-30 02:09:10
849,BOL,Bolivia,2013,66.777,64.609,69.105,26.4,30.3,241.053,163.531,14.7,0.904,1.09,5.575,World Bank API,2026-09-30 02:09:10
850,BOL,Bolivia,2014,66.97,64.797,69.3,24.9,28.4,239.76,162.558,13.8,1.126,1.12,5.896,World Bank API,2026-09-30 02:09:10
851,BOL,Bolivia,2015,67.205,65.016,69.552,23.5,26.7,237.775,160.551,12.8,1.347,1.18,6.551,World Bank API,2026-09-30 02:09:10
852,BOL,Bolivia,2016,67.392,65.186,69.757,22.1,25.0,236.315,159.145,12.0,1.569,1.23,6.833,World Bank API,2026-09-30 02:09:10
853,BOL,Bolivia,2017,67.536,65.284,69.951,20.8,23.4,235.856,157.682,11.2,1.016,1.26,6.49,World Bank API,2026-09-30 02:09:10
854,BOL,Bolivia,2018,67.699,65.43,70.132,19.6,22.0,234.62,156.313,10.4,1.052,1.26,6.604,World Bank API,2026-09-30 02:09:10
855,BOL,Bolivia,2019,67.82,65.537,70.266,18.4,20.6,233.892,155.563,9.7,1.088,1.28,6.888,World Bank API,2026-09-30 02:09:10
856,BOL,Bolivia,2020,62.906,59.654,67.126,17.4,19.3,346.551,207.562,9.1,0.961,1.37,8.023,World Bank API,2026-09-30 02:09:10
857,BOL,Bolivia,2021,61.427,58.374,65.25,16.4,18.2,396.606,253.68,8.6,1.284,1.37,8.16,World Bank API,2026-09-30 02:09:10
858,BOL,Bolivia,2022,67.434,64.788,70.255,15.6,17.3,250.367,161.147,8.1,1.284,1.39,7.159,World Bank API,2026-09-30 02:09:10
859,BRA,Brazil,1990,65.862,63.133,68.706,51.9,62.8,243.868,155.485,25.1,1.085,3.345,8.335,World Bank API,2026-09-30 02:09:10
860,BRA,Brazil,1991,66.203,63.348,69.187,49.8,60.1,243.818,149.827,24.1,1.112,3.397,8.335,World Bank API,2026-09-30 02:09:10
861,BRA,Brazil,1992,66.539,63.557,69.667,47.4,57.1,244.167,144.68,23.2,1.14,3.448,8.335,World Bank API,2026-09-30 02:09:10
862,BRA,Brazil,1993,66.892,63.831,70.108,44.9,53.9,243.755,140.591,22.4,1.168,3.5,8.335,World Bank API,2026-09-30 02:09:10
863,BRA,Brazil,1994,67.293,64.21,70.527,42.4,50.8,241.78,138.623,21.7,1.197,3.37,8.335,World Bank API,2026-09-30 02:09:10
864,BRA,Brazil,1995,67.701,64.6,70.947,39.9,47.7,239.567,136.665,21.1,1.227,3.24,8.335,World Bank API,2026-09-30 02:09:10
865,BRA,Brazil,1996,68.108,64.992,71.367,37.5,44.7,237.328,134.672,20.6,1.259,3.11,8.335,World Bank API,2026-09-30 02:09:10
866,BRA,Brazil,1997,68.505,65.37,71.779,35.2,41.9,235.259,132.698,20.1,1.295,3.035,8.335,World Bank API,2026-09-30 02:09:10
867,BRA,Brazil,1998,68.848,65.683,72.152,33.1,39.3,232.781,129.932,19.5,1.281,2.96,8.335,World Bank API,2026-09-30 02:09:10
868,BRA,Brazil,1999,69.211,66.014,72.546,31.1,36.8,230.898,126.503,18.9,1.379,2.885,8.335,World Bank API,2026-09-30 02:09:10
869,BRA,Brazil,2000,69.584,66.347,72.96,29.1,34.4,229.109,122.93,18.1,1.42,2.81,8.335,World Bank API,2026-09-30 02:09:10
870,BRA,Brazil,2001,69.98,66.699,73.4,27.3,32.2,227.021,119.158,17.2,1.461,2.78,8.55,World Bank API,2026-09-30 02:09:10
871,BRA,Brazil,2002,70.396,67.085,73.843,25.6,30.1,224.399,115.476,16.3,1.502,2.59,8.697,World Bank API,2026-09-30 02:09:10
872,BRA,Brazil,2003,70.884,67.558,74.337,24.0,28.2,221.926,112.573,15.4,1.543,2.42,8.189,World Bank API,2026-09-30 02:09:10
873,BRA,Brazil,2004,71.361,68.019,74.824,22.4,26.3,218.643,110.184,14.6,1.584,2.47,8.125,World Bank API,2026-09-30 02:09:10
874,BRA,Brazil,2005,71.832,68.485,75.292,21.0,24.6,215.12,107.909,13.9,1.624,2.52,8.035,World Bank API,2026-09-30 02:09:10
875,BRA,Brazil,2006,72.296,68.953,75.744,19.7,23.1,211.381,105.708,13.2,1.665,2.48,8.25,World Bank API,2026-09-30 02:09:10
876,BRA,Brazil,2007,72.73,69.368,76.191,18.6,21.7,208.863,103.648,12.6,1.706,2.5,8.202,World Bank API,2026-09-30 02:09:10
877,BRA,Brazil,2008,73.111,69.733,76.585,17.6,20.5,206.623,101.627,12.0,1.747,2.6,8.011,World Bank API,2026-09-30 02:09:10
878,BRA,Brazil,2009,73.457,70.076,76.93,16.7,19.5,204.448,99.983,11.5,1.788,2.58,8.395,World Bank API,2026-09-30 02:09:10
879,BRA,Brazil,2010,73.779,70.392,77.257,16.0,18.6,202.356,98.236,11.1,1.829,2.59,7.945,World Bank API,2026-09-30 02:09:10
880,BRA,Brazil,2011,74.047,70.654,77.532,15.3,17.9,200.627,96.762,10.7,1.87,2.55,7.788,World Bank API,2026-09-30 02:09:10
881,BRA,Brazil,2012,74.335,70.945,77.816,14.8,17.2,197.533,94.646,10.3,1.888,2.51,7.736,World Bank API,2026-09-30 02:09:10
882,BRA,Brazil,2013,74.609,71.246,78.062,14.4,16.7,193.843,92.895,10.0,1.906,2.49,7.977,World Bank API,2026-09-30 02:09:10
883,BRA,Brazil,2014,74.823,71.462,78.273,14.0,16.3,190.816,91.345,9.7,1.979,2.48,8.396,World Bank API,2026-09-30 02:09:10
884,BRA,Brazil,2015,75.106,71.818,78.472,13.7,16.0,185.465,89.318,9.5,2.052,2.39,8.909,World Bank API,2026-09-30 02:09:10
885,BRA,Brazil,2016,75.081,71.716,78.539,14.6,16.8,185.917,89.504,10.1,2.125,2.36,9.169,World Bank API,2026-09-30 02:09:10
886,BRA,Brazil,2017,75.383,72.069,78.781,13.3,15.4,178.99,85.377,9.2,2.198,2.34,9.471,World Bank API,2026-09-30 02:09:10
887,BRA,Brazil,2018,75.633,72.365,78.977,13.1,15.2,173.671,83.265,9.1,2.274,2.3,9.465,World Bank API,2026-09-30 02:09:10
888,BRA,Brazil,2019,75.809,72.653,79.023,12.9,15.0,167.856,82.86,9.2,2.351,2.29,9.614,World Bank API,2026-09-30 02:09:10
889,BRA,Brazil,2020,74.506,71.537,77.599,12.8,14.9,183.092,93.221,9.2,2.271,2.49,9.623,World Bank API,2026-09-30 02:09:10
890,BRA,Brazil,2021,73.038,69.81,76.401,12.7,14.7,220.459,122.951,8.9,2.191,2.52,9.636,World Bank API,2026-09-30 02:09:10
891,BRA,Brazil,2022,74.872,71.73,78.094,12.6,14.6,183.793,95.437,8.3,2.191,2.52,9.387,World Bank API,2026-09-30 02:09:10
892,BRB,Barbados,1990,73.463,70.965,75.754,16.2,18.1,173.869,101.726,11.8,1.14,8.4,4.926,World Bank API,2026-09-30 02:09:10
893,BRB,Barbados,1991,73.543,70.995,75.891,15.5,17.3,177.153,101.473,11.1,1.178,6.023,4.926,World Bank API,2026-09-30 02:09:10
894,BRB,Barbados,1992,73.61,70.963,76.066,14.8,16.6,180.256,101.695,10.5,1.216,3.645,4.926,World Bank API,2026-09-30 02:09:10
895,BRB,Barbados,1993,73.739,70.996,76.3,14.3,15.9,183.489,98.402,10.1,1.254,1.268,4.926,World Bank API,2026-09-30 02:09:10
896,BRB,Barbados,1994,73.755,70.913,76.427,13.8,15.3,188.56,98.255,9.7,1.31,4.334,4.926,World Bank API,2026-09-30 02:09:10
897,BRB,Barbados,1995,73.88,70.979,76.616,13.4,14.9,187.904,99.261,9.5,1.366,7.4,4.926,World Bank API,2026-09-30 02:09:10
898,BRB,Barbados,1996,74.065,71.162,76.804,13.1,14.5,187.709,99.533,9.2,1.371,7.56,4.926,World Bank API,2026-09-30 02:09:10
899,BRB,Barbados,1997,73.988,71.048,76.775,12.9,14.3,191.705,100.873,9.1,1.377,7.511,4.926,World Bank API,2026-09-30 02:09:10
900,BRB,Barbados,1998,74.465,71.629,77.134,12.8,14.2,181.188,96.95,9.0,1.382,7.461,4.926,World Bank API,2026-09-30 02:09:10
901,BRB,Barbados,1999,74.587,71.782,77.225,12.9,14.3,178.914,95.567,8.9,1.388,7.412,4.926,World Bank API,2026-09-30 02:09:10
902,BRB,Barbados,2000,74.58,71.966,77.018,13.0,14.4,173.799,99.463,9.0,1.393,7.363,4.926,World Bank API,2026-09-30 02:09:10
903,BRB,Barbados,2001,74.707,72.246,76.983,13.1,14.5,167.147,100.754,9.1,1.601,7.314,5.104,World Bank API,2026-09-30 02:09:10
904,BRB,Barbados,2002,74.82,72.465,76.99,13.3,14.7,162.215,98.608,9.2,1.656,7.264,5.413,World Bank API,2026-09-30 02:09:10
905,BRB,Barbados,2003,74.865,72.512,77.036,13.4,14.8,158.87,96.835,9.4,1.711,7.215,6.173,World Bank API,2026-09-30 02:09:10
906,BRB,Barbados,2004,75.15,72.821,77.295,13.5,14.9,151.5,92.746,9.6,1.765,7.166,6.711,World Bank API,2026-09-30 02:09:10
907,BRB,Barbados,2005,74.96,72.561,77.184,13.5,14.8,155.325,94.995,9.8,1.82,7.116,6.143,World Bank API,2026-09-30 02:09:10
908,BRB,Barbados,2006,75.049,72.691,77.229,13.4,14.7,153.984,96.496,9.9,1.88,7.067,5.905,World Bank API,2026-09-30 02:09:10
909,BRB,Barbados,2007,75.263,72.838,77.513,13.2,14.5,152.316,92.423,9.9,1.94,7.018,5.369,World Bank API,2026-09-30 02:09:10
910,BRB,Barbados,2008,75.3,72.893,77.537,13.0,14.3,151.65,93.063,9.8,2.0,6.969,5.738,World Bank API,2026-09-30 02:09:10
911,BRB,Barbados,2009,75.458,73.02,77.728,12.9,14.1,150.134,92.07,9.7,2.06,6.919,6.301,World Bank API,2026-09-30 02:09:10
912,BRB,Barbados,2010,75.488,73.163,77.642,12.7,13.9,148.381,94.169,9.6,2.12,6.87,5.97,World Bank API,2026-09-30 02:09:10
913,BRB,Barbados,2011,75.599,73.274,77.752,12.5,13.7,147.05,93.049,9.4,2.18,6.66,6.059,World Bank API,2026-09-30 02:09:10
914,BRB,Barbados,2012,75.737,73.443,77.86,12.4,13.5,144.813,92.034,9.3,2.241,6.45,6.852,World Bank API,2026-09-30 02:09:10
915,BRB,Barbados,2013,75.816,73.51,77.952,12.2,13.3,144.202,91.215,9.1,2.301,6.45,6.483,World Bank API,2026-09-30 02:09:10
916,BRB,Barbados,2014,75.926,73.629,78.055,12.0,13.1,142.834,90.286,9.0,2.361,6.03,6.097,World Bank API,2026-09-30 02:09:10
917,BRB,Barbados,2015,76.055,73.784,78.157,11.7,12.8,140.95,88.955,8.8,2.421,6.01,6.092,World Bank API,2026-09-30 02:09:10
918,BRB,Barbados,2016,76.168,73.898,78.271,11.5,12.4,139.768,87.976,8.5,2.481,6.0,6.195,World Bank API,2026-09-30 02:09:10
919,BRB,Barbados,2017,76.237,74.009,78.296,11.2,12.1,138.618,88.268,8.3,2.541,6.09,6.002,World Bank API,2026-09-30 02:09:10
920,BRB,Barbados,2018,76.378,74.163,78.427,10.9,11.8,137.05,87.219,8.0,2.566,6.03,5.83,World Bank API,2026-09-30 02:09:10
921,BRB,Barbados,2019,76.495,74.287,78.536,10.6,11.4,135.747,86.426,7.8,2.591,5.72,5.675,World Bank API,2026-09-30 02:09:10
922,BRB,Barbados,2020,76.647,74.477,78.649,10.2,11.1,133.62,85.634,7.5,2.616,5.64,6.727,World Bank API,2026-09-30 02:09:10
923,BRB,Barbados,2021,76.58,74.284,78.72,9.9,10.7,134.297,84.247,7.3,2.871,6.42,7.443,World Bank API,2026-09-30 02:09:10
924,BRB,Barbados,2022,75.676,73.046,78.274,9.6,10.4,137.941,83.47,7.1,2.958,6.27,5.874,World Bank API,2026-09-30 02:09:10
925,BRN,Brunei Darussalam,1990,71.629,70.031,73.773,10.3,13.3,190.122,147.582,6.0,0.746,2.84,2.548,World Bank API,2026-09-30 02:09:10
926,BRN,Brunei Darussalam,1991,71.858,70.2,74.059,10.3,13.2,187.264,142.936,5.9,0.746,2.84,2.548,World Bank API,2026-09-30 02:09:10
927,BRN,Brunei Darussalam,1992,72.09,70.374,74.345,10.2,13.1,184.272,138.306,5.8,0.766,2.84,2.548,World Bank API,2026-09-30 02:09:10
928,BRN,Brunei Darussalam,1993,72.333,70.561,74.64,10.1,12.9,181.123,133.731,5.7,0.787,2.84,2.548,World Bank API,2026-09-30 02:09:10
929,BRN,Brunei Darussalam,1994,72.571,70.76,74.904,10.0,12.7,177.843,129.688,5.6,0.807,2.84,2.548,World Bank API,2026-09-30 02:09:10
930,BRN,Brunei Darussalam,1995,72.838,70.994,75.191,9.7,12.3,174.182,125.637,5.4,0.828,2.84,2.548,World Bank API,2026-09-30 02:09:10
931,BRN,Brunei Darussalam,1996,73.079,71.193,75.465,9.4,11.9,171.091,121.95,5.2,0.848,2.84,2.548,World Bank API,2026-09-30 02:09:10
932,BRN,Brunei Darussalam,1997,73.326,71.414,75.721,9.1,11.4,167.796,118.685,5.1,0.893,2.84,2.548,World Bank API,2026-09-30 02:09:10
933,BRN,Brunei Darussalam,1998,73.584,71.657,75.971,8.8,11.0,164.311,115.647,5.0,0.938,2.84,2.548,World Bank API,2026-09-30 02:09:10
934,BRN,Brunei Darussalam,1999,73.806,71.869,76.181,8.5,10.6,161.302,113.162,5.0,0.984,2.84,2.548,World Bank API,2026-09-30 02:09:10
935,BRN,Brunei Darussalam,2000,74.017,72.066,76.386,8.3,10.3,158.544,110.828,5.0,1.029,2.84,2.548,World Bank API,2026-09-30 02:09:10
936,BRN,Brunei Darussalam,2001,74.209,72.248,76.569,8.1,10.0,156.001,108.814,5.0,1.102,2.72,2.547,World Bank API,2026-09-30 02:09:10
937,BRN,Brunei Darussalam,2002,74.365,72.402,76.708,8.0,9.8,153.828,107.288,5.1,1.176,2.66,2.534,World Bank API,2026-09-30 02:09:10
938,BRN,Brunei Darussalam,2003,74.509,72.553,76.823,7.9,9.7,151.684,106.04,5.1,1.244,2.7,2.603,World Bank API,2026-09-30 02:09:10
939,BRN,Brunei Darussalam,2004,74.603,72.641,76.912,7.8,9.6,150.325,105.076,5.1,1.312,2.67,2.552,World Bank API,2026-09-30 02:09:10
940,BRN,Brunei Darussalam,2005,74.683,72.723,76.976,7.8,9.5,149.026,104.355,5.0,1.087,3.22,2.234,World Bank API,2026-09-30 02:09:10
941,BRN,Brunei Darussalam,2006,74.753,72.799,77.03,7.8,9.5,147.811,103.723,5.0,1.094,2.91,1.907,World Bank API,2026-09-30 02:09:10
942,BRN,Brunei Darussalam,2007,74.793,72.841,77.06,7.9,9.6,147.01,103.287,4.9,1.06,2.87,1.941,World Bank API,2026-09-30 02:09:10
943,BRN,Brunei Darussalam,2008,74.814,72.868,77.08,8.0,9.6,146.407,102.923,4.9,1.493,2.97,1.876,World Bank API,2026-09-30 02:09:10
944,BRN,Brunei Darussalam,2009,74.814,72.867,77.087,8.1,9.7,146.159,102.651,4.9,1.156,2.91,2.393,World Bank API,2026-09-30 02:09:10
945,BRN,Brunei Darussalam,2010,74.82,72.876,77.082,8.2,9.9,145.813,102.465,4.9,1.435,2.81,2.278,World Bank API,2026-09-30 02:09:10
946,BRN,Brunei Darussalam,2011,74.835,72.881,77.097,8.4,10.0,145.529,102.094,4.9,1.522,2.84,1.864,World Bank API,2026-09-30 02:09:10
947,BRN,Brunei Darussalam,2012,74.843,72.884,77.092,8.6,10.2,145.291,101.906,4.9,1.469,2.7,1.851,World Bank API,2026-09-30 02:09:10
948,BRN,Brunei Darussalam,2013,74.854,72.887,77.107,8.7,10.4,145.06,101.545,4.9,1.595,2.77,1.898,World Bank API,2026-09-30 02:09:10
949,BRN,Brunei Darussalam,2014,74.862,72.896,77.107,8.9,10.6,144.783,101.321,5.0,1.485,2.69,1.914,World Bank API,2026-09-30 02:09:10
950,BRN,Brunei Darussalam,2015,74.88,72.911,77.124,9.0,10.7,144.419,100.941,5.1,1.75,3.06,2.387,World Bank API,2026-09-30 02:09:10
951,BRN,Brunei Darussalam,2016,74.905,72.935,77.145,9.1,10.7,143.941,100.497,5.3,1.664,3.1,2.548,World Bank API,2026-09-30 02:09:10
952,BRN,Brunei Darussalam,2017,74.943,72.969,77.181,9.1,10.7,143.31,99.88,5.4,1.578,3.34,2.27,World Bank API,2026-09-30 02:09:10
953,BRN,Brunei Darussalam,2018,74.992,73.014,77.23,9.1,10.6,142.533,99.117,5.5,1.763,3.42,2.416,World Bank API,2026-09-30 02:09:10
954,BRN,Brunei Darussalam,2019,75.049,73.068,77.286,9.0,10.5,141.614,98.257,5.5,1.804,3.66,2.231,World Bank API,2026-09-30 02:09:10
955,BRN,Brunei Darussalam,2020,75.114,73.128,77.35,8.9,10.4,140.616,97.309,5.5,1.845,3.84,2.454,World Bank API,2026-09-30 02:09:10
956,BRN,Brunei Darussalam,2021,74.869,72.935,77.032,8.8,10.3,146.409,102.773,5.6,1.886,3.82,2.147,World Bank API,2026-09-30 02:09:10
957,BRN,Brunei Darussalam,2022,72.917,71.216,74.813,8.7,10.2,194.348,147.529,5.6,1.886,4.19,1.77,World Bank API,2026-09-30 02:09:10
958,BTN,Bhutan,1990,55.811,54.717,57.141,95.4,128.0,333.669,286.214,42.3,0.333,0.847,4.139,World Bank API,2026-09-30 02:09:10
959,BTN,Bhutan,1991,56.451,55.34,57.8,91.6,122.4,327.084,279.576,41.3,0.292,1.039,4.139,World Bank API,2026-09-30 02:09:10
960,BTN,Bhutan,1992,57.208,56.079,58.578,87.9,117.2,318.521,271.375,40.2,0.252,1.231,4.139,World Bank API,2026-09-30 02:09:10
961,BTN,Bhutan,1993,57.906,56.761,59.293,84.4,112.1,310.672,263.879,39.1,0.211,1.423,4.139,World Bank API,2026-09-30 02:09:10
962,BTN,Bhutan,1994,58.395,57.245,59.785,80.7,107.0,304.746,258.527,37.9,0.17,1.615,4.139,World Bank API,2026-09-30 02:09:10
963,BTN,Bhutan,1995,59.277,58.089,60.711,77.1,102.0,295.543,249.068,36.8,0.16,1.612,4.139,World Bank API,2026-09-30 02:09:10
964,BTN,Bhutan,1996,59.982,58.772,61.441,73.4,96.9,287.752,241.385,35.6,0.133,1.609,4.139,World Bank API,2026-09-30 02:09:10
965,BTN,Bhutan,1997,60.639,59.403,62.13,69.9,92.0,280.664,234.128,34.4,0.106,1.606,4.139,World Bank API,2026-09-30 02:09:10
966,BTN,Bhutan,1998,61.322,60.054,62.848,66.3,87.1,273.013,226.654,33.2,0.078,1.603,4.139,World Bank API,2026-09-30 02:09:10
967,BTN,Bhutan,1999,62.032,60.749,63.573,62.8,82.2,265.185,219.251,32.1,0.051,1.6,4.139,World Bank API,2026-09-30 02:09:10
968,BTN,Bhutan,2000,61.842,60.513,63.446,59.4,77.7,266.391,216.82,31.0,0.077,1.71,4.139,World Bank API,2026-09-30 02:09:10
969,BTN,Bhutan,2001,63.323,62.023,64.891,56.0,73.2,250.66,205.641,29.9,0.103,1.67,4.6,World Bank API,2026-09-30 02:09:10
970,BTN,Bhutan,2002,63.984,62.635,65.617,52.8,68.8,243.691,198.219,28.9,0.129,1.64,3.952,World Bank API,2026-09-30 02:09:10
971,BTN,Bhutan,2003,64.662,63.305,66.31,49.7,64.6,236.226,191.081,27.8,0.155,1.71,3.835,World Bank API,2026-09-30 02:09:10
972,BTN,Bhutan,2004,65.29,63.927,66.949,46.6,60.6,229.2,184.445,26.7,0.181,1.71,4.264,World Bank API,2026-09-30 02:09:10
973,BTN,Bhutan,2005,65.875,64.503,67.547,43.7,56.7,222.624,178.172,25.6,0.191,1.63,3.833,World Bank API,2026-09-30 02:09:10
974,BTN,Bhutan,2006,66.499,65.056,68.258,40.9,52.9,216.233,170.636,24.6,0.202,1.69,4.085,World Bank API,2026-09-30 02:09:10
975,BTN,Bhutan,2007,67.152,65.724,68.886,38.3,49.5,208.375,163.929,23.5,0.212,1.71,3.838,World Bank API,2026-09-30 02:09:10
976,BTN,Bhutan,2008,67.733,66.323,69.44,35.8,46.2,201.275,157.967,22.6,0.249,1.7,3.148,World Bank API,2026-09-30 02:09:10
977,BTN,Bhutan,2009,68.156,66.782,69.816,33.6,43.3,195.644,154.04,21.5,0.254,1.71,3.297,World Bank API,2026-09-30 02:09:10
978,BTN,Bhutan,2010,68.765,67.319,70.512,31.5,40.5,189.361,146.23,20.5,0.26,1.69,3.258,World Bank API,2026-09-30 02:09:10
979,BTN,Bhutan,2011,69.28,67.814,71.052,29.5,37.9,183.27,140.25,19.4,0.266,1.8,3.021,World Bank API,2026-09-30 02:09:10
980,BTN,Bhutan,2012,69.759,68.305,71.513,27.7,35.5,177.122,135.137,18.1,0.271,1.78,3.26,World Bank API,2026-09-30 02:09:10
981,BTN,Bhutan,2013,70.161,68.724,71.894,26.0,33.2,171.884,130.927,16.6,0.28,1.76,3.349,World Bank API,2026-09-30 02:09:10
982,BTN,Bhutan,2014,70.504,69.081,72.215,24.4,31.2,167.389,127.386,15.3,0.333,1.74,3.232,World Bank API,2026-09-30 02:09:10
983,BTN,Bhutan,2015,70.797,69.39,72.487,22.9,29.2,163.505,124.388,14.1,0.339,1.72,3.437,World Bank API,2026-09-30 02:09:10
984,BTN,Bhutan,2016,71.119,69.659,72.876,21.6,27.4,160.121,120.232,13.0,0.4,1.71,3.278,World Bank API,2026-09-30 02:09:10
985,BTN,Bhutan,2017,71.413,69.891,73.246,20.3,25.8,157.185,116.342,11.9,0.31,1.69,3.112,World Bank API,2026-09-30 02:09:10
986,BTN,Bhutan,2018,71.711,70.153,73.585,19.1,24.2,153.888,112.811,11.0,0.421,1.72,3.069,World Bank API,2026-09-30 02:09:10
987,BTN,Bhutan,2019,72.005,70.427,73.898,17.9,22.7,150.434,109.585,10.1,0.336,2.09,3.375,World Bank API,2026-09-30 02:09:10
988,BTN,Bhutan,2020,72.253,70.636,74.191,16.9,21.3,148.528,106.598,9.2,0.486,2.13,4.085,World Bank API,2026-09-30 02:09:10
989,BTN,Bhutan,2021,72.448,70.84,74.365,15.9,20.0,145.269,104.909,8.6,0.561,2.21,4.786,World Bank API,2026-09-30 02:09:10
990,BTN,Bhutan,2022,72.754,71.105,74.722,15.1,19.0,141.902,101.274,8.1,0.553,2.19,3.918,World Bank API,2026-09-30 02:09:10
991,BWA,Botswana,1990,60.104,56.655,63.728,40.0,51.5,454.898,293.575,21.6,0.194,1.575,6.108,World Bank API,2026-09-30 02:09:10
992,BWA,Botswana,1991,58.911,55.52,62.503,39.8,53.6,487.555,321.182,19.6,0.194,1.631,6.108,World Bank API,2026-09-30 02:09:10
993,BWA,Botswana,1992,58.19,55.23,61.257,40.5,57.1,480.995,348.139,17.7,0.194,1.686,6.108,World Bank API,2026-09-30 02:09:10
994,BWA,Botswana,1993,57.316,54.712,59.983,41.2,61.5,487.995,374.642,15.9,0.194,1.742,6.108,World Bank API,2026-09-30 02:09:10
995,BWA,Botswana,1994,55.97,53.303,58.725,42.0,66.2,519.627,400.301,14.1,0.238,1.797,6.108,World Bank API,2026-09-30 02:09:10
996,BWA,Botswana,1995,54.713,51.888,57.663,40.6,66.4,553.222,419.958,12.3,0.244,1.853,6.108,World Bank API,2026-09-30 02:09:10
997,BWA,Botswana,1996,54.284,51.952,56.664,40.7,70.4,544.791,440.622,10.7,0.251,1.908,6.108,World Bank API,2026-09-30 02:09:10
998,BWA,Botswana,1997,53.594,51.48,55.733,40.4,73.4,553.565,460.081,9.6,0.258,1.964,6.108,World Bank API,2026-09-30 02:09:10
999,BWA,Botswana,1998,52.968,50.998,54.953,39.8,75.4,563.893,476.845,8.8,0.264,2.019,6.108,World Bank API,2026-09-30 02:09:10
1000,BWA,Botswana,1999,52.499,50.656,54.345,39.9,78.5,569.576,490.332,8.7,0.309,2.075,6.108,World Bank API,2026-09-30 02:09:10
1001,BWA,Botswana,2000,52.263,50.504,54.023,39.4,79.8,575.114,498.019,9.1,0.298,2.13,6.108,World Bank API,2026-09-30 02:09:10
1002,BWA,Botswana,2001,52.21,50.465,53.957,39.0,79.3,577.041,500.245,10.2,0.298,2.16,6.366,World Bank API,2026-09-30 02:09:10
1003,BWA,Botswana,2002,52.373,50.585,54.167,39.7,77.9,576.001,496.814,11.8,0.307,2.2,6.665,World Bank API,2026-09-30 02:09:10
1004,BWA,Botswana,2003,52.851,51.042,54.66,41.4,76.7,566.628,487.425,14.0,0.296,2.09,6.409,World Bank API,2026-09-30 02:09:10
1005,BWA,Botswana,2004,53.573,51.758,55.38,44.0,75.7,550.657,472.994,16.6,0.396,2.05,6.091,World Bank API,2026-09-30 02:09:10
1006,BWA,Botswana,2005,54.386,52.487,56.279,43.6,70.8,535.052,454.835,19.4,0.253,2.16,5.265,World Bank API,2026-09-30 02:09:10
1007,BWA,Botswana,2006,55.112,53.469,56.709,45.8,66.0,506.171,442.049,22.1,0.315,2.17,4.876,World Bank API,2026-09-30 02:09:10
1008,BWA,Botswana,2007,56.735,55.023,58.395,50.3,64.3,473.095,410.465,23.9,0.371,2.17,5.521,World Bank API,2026-09-30 02:09:10
1009,BWA,Botswana,2008,57.661,55.892,59.376,52.8,63.7,453.122,390.877,25.0,0.367,2.17,5.897,World Bank API,2026-09-30 02:09:10
1010,BWA,Botswana,2009,58.297,56.106,60.481,52.5,60.6,453.604,367.532,25.5,0.348,2.29,6.621,World Bank API,2026-09-30 02:09:10
1011,BWA,Botswana,2010,59.137,56.793,61.487,53.3,58.4,439.582,346.693,25.5,0.403,2.47,6.267,World Bank API,2026-09-30 02:09:10
1012,BWA,Botswana,2011,59.715,57.508,61.903,54.3,58.8,423.852,340.736,25.2,0.395,2.55,5.869,World Bank API,2026-09-30 02:09:10
1013,BWA,Botswana,2012,60.384,58.313,62.417,49.5,53.9,406.166,332.57,24.5,0.388,2.5,6.35,World Bank API,2026-09-30 02:09:10
1014,BWA,Botswana,2013,61.217,59.213,63.176,47.0,50.3,385.13,318.148,23.5,0.384,2.59,6.499,World Bank API,2026-09-30 02:09:10
1015,BWA,Botswana,2014,62.167,60.203,64.087,46.2,49.0,363.005,299.516,22.6,0.38,2.57,5.88,World Bank API,2026-09-30 02:09:10
1016,BWA,Botswana,2015,63.215,61.209,65.183,44.2,46.7,340.507,276.191,22.0,0.375,2.61,6.103,World Bank API,2026-09-30 02:09:10
1017,BWA,Botswana,2016,64.32,62.228,66.387,42.8,45.1,317.62,250.608,21.3,0.371,2.57,5.768,World Bank API,2026-09-30 02:09:10
1018,BWA,Botswana,2017,65.42,63.221,67.612,40.0,42.1,295.151,225.327,20.7,0.386,2.54,6.63,World Bank API,2026-09-30 02:09:10
1019,BWA,Botswana,2018,66.371,64.057,68.696,38.7,41.2,276.17,203.63,20.3,0.402,2.5,6.04,World Bank API,2026-09-30 02:09:10
1020,BWA,Botswana,2019,67.167,64.775,69.585,37.4,40.0,260.564,187.28,19.8,0.395,2.47,6.122,World Bank API,2026-09-30 02:09:10
1021,BWA,Botswana,2020,67.643,65.04,70.358,36.5,38.9,246.874,171.097,19.3,0.433,2.43,6.121,World Bank API,2026-09-30 02:09:10
1022,BWA,Botswana,2021,63.303,61.206,65.511,35.4,37.1,336.849,252.58,18.9,0.422,2.39,6.303,World Bank API,2026-09-30 02:09:10
1023,BWA,Botswana,2022,68.749,66.291,71.247,34.3,35.7,231.26,158.936,18.5,0.407,2.36,5.737,World Bank API,2026-09-30 02:09:10
1024,CAF,Central African Republic,1990,49.854,48.285,51.667,109.0,178.6,414.726,344.846,50.9,0.038,0.873,4.381,World Bank API,2026-09-30 02:09:10
1025,CAF,Central African Republic,1991,49.575,48.012,51.375,108.5,178.1,424.771,355.26,50.2,0.044,0.894,4.381,World Bank API,2026-09-30 02:09:10
1026,CAF,Central African Republic,1992,49.213,47.66,50.999,107.7,177.4,436.936,367.995,49.4,0.049,0.914,4.381,World Bank API,2026-09-30 02:09:10
1027,CAF,Central African Republic,1993,48.899,47.334,50.698,106.9,176.7,449.289,379.335,48.7,0.055,0.934,4.381,World Bank API,2026-09-30 02:09:10
1028,CAF,Central African Republic,1994,48.509,46.968,50.272,106.2,175.9,462.785,394.07,48.0,0.045,0.955,4.381,World Bank API,2026-09-30 02:09:10
1029,CAF,Central African Republic,1995,48.109,46.609,49.818,105.5,175.0,476.442,409.896,47.1,0.035,0.975,4.381,World Bank API,2026-09-30 02:09:10
1030,CAF,Central African Republic,1996,47.7,46.224,49.368,104.5,173.7,490.792,426.327,46.3,0.04,0.996,4.381,World Bank API,2026-09-30 02:09:10
1031,CAF,Central African Republic,1997,47.284,45.886,48.85,103.5,172.1,504.039,444.288,45.4,0.045,1.016,4.381,World Bank API,2026-09-30 02:09:10
1032,CAF,Central African Republic,1998,47.089,45.829,48.491,102.3,170.1,510.291,458.959,44.5,0.05,1.037,4.381,World Bank API,2026-09-30 02:09:10
1033,CAF,Central African Republic,1999,46.91,45.766,48.169,101.1,168.0,516.946,473.372,43.7,0.055,1.057,4.381,World Bank API,2026-09-30 02:09:10
1034,CAF,Central African Republic,2000,46.609,45.659,47.647,99.6,165.5,523.217,492.248,42.9,0.059,1.077,4.381,World Bank API,2026-09-30 02:09:10
1035,CAF,Central African Republic,2001,46.734,45.83,47.716,97.9,162.5,524.305,495.45,42.2,0.064,1.098,4.01,World Bank API,2026-09-30 02:09:10
1036,CAF,Central African Republic,2002,46.84,45.905,47.848,96.1,159.0,528.227,499.342,41.5,0.069,1.118,4.236,World Bank API,2026-09-30 02:09:10
1037,CAF,Central African Republic,2003,47.306,46.565,48.105,94.3,155.6,517.642,499.57,40.8,0.074,1.139,4.186,World Bank API,2026-09-30 02:09:10
1038,CAF,Central African Republic,2004,47.696,46.988,48.459,92.2,151.8,512.537,496.832,40.1,0.079,1.159,4.144,World Bank API,2026-09-30 02:09:10
1039,CAF,Central African Republic,2005,48.207,47.489,48.979,90.0,147.9,505.968,490.385,39.4,0.069,1.18,4.229,World Bank API,2026-09-30 02:09:10
1040,CAF,Central African Republic,2006,48.687,47.881,49.553,87.4,143.5,501.599,482.032,38.7,0.06,1.2,4.311,World Bank API,2026-09-30 02:09:10
1041,CAF,Central African Republic,2007,49.327,48.529,50.184,85.3,139.3,490.857,471.903,38.0,0.05,1.16,4.634,World Bank API,2026-09-30 02:09:10
1042,CAF,Central African Republic,2008,49.873,49.102,50.701,83.4,135.5,482.259,467.953,37.3,0.04,1.12,4.026,World Bank API,2026-09-30 02:09:10
1043,CAF,Central African Republic,2009,14.665,12.383,20.006,239.9,489.3,995.058,841.557,42.6,0.045,1.08,4.683,World Bank API,2026-09-30 02:09:10
1044,CAF,Central African Republic,2010,46.871,44.487,49.364,88.5,150.7,571.503,470.225,36.4,0.049,1.04,3.567,World Bank API,2026-09-30 02:09:10
1045,CAF,Central African Republic,2011,50.107,48.445,51.809,77.7,125.1,499.162,438.968,35.5,0.053,1.0,3.676,World Bank API,2026-09-30 02:09:10
1046,CAF,Central African Republic,2012,51.336,49.861,52.838,76.1,121.9,474.162,425.915,35.0,0.058,1.0,3.918,World Bank API,2026-09-30 02:09:10
1047,CAF,Central African Republic,2013,49.487,46.878,52.2,81.0,134.2,533.953,424.879,34.8,0.062,1.0,4.767,World Bank API,2026-09-30 02:09:10
1048,CAF,Central African Republic,2014,40.265,35.706,45.664,101.7,186.8,734.33,496.135,35.4,0.066,1.0,4.566,World Bank API,2026-09-30 02:09:10
1049,CAF,Central African Republic,2015,51.934,49.682,54.187,72.0,113.7,480.133,392.347,33.9,0.07,1.0,5.034,World Bank API,2026-09-30 02:09:10
1050,CAF,Central African Republic,2016,50.999,48.189,53.853,77.1,126.8,509.758,392.37,33.8,0.07,1.0,5.444,World Bank API,2026-09-30 02:09:10
1051,CAF,Central African Republic,2017,45.231,40.86,50.067,88.4,155.2,646.835,433.317,34.0,0.069,1.0,6.665,World Bank API,2026-09-30 02:09:10
1052,CAF,Central African Republic,2018,52.297,49.403,55.201,73.9,120.2,490.96,372.681,33.1,0.069,1.0,10.995,World Bank API,2026-09-30 02:09:10
1053,CAF,Central African Republic,2019,31.53,26.386,38.771,128.9,254.7,881.247,573.291,35.0,0.053,1.0,7.761,World Bank API,2026-09-30 02:09:10
1054,CAF,Central African Republic,2020,50.596,47.219,54.011,74.7,124.2,539.431,394.253,32.4,0.038,1.0,8.985,World Bank API,2026-09-30 02:09:10
1055,CAF,Central African Republic,2021,40.279,35.327,46.032,96.3,178.7,761.637,507.246,32.9,0.022,1.0,9.151,World Bank API,2026-09-30 02:09:10
1056,CAF,Central African Republic,2022,18.818,15.387,25.552,206.8,424.6,985.908,752.531,36.5,0.029,1.0,9.95,World Bank API,2026-09-30 02:09:10
1057,CAN,Canada,1990,77.437,74.3,80.73,6.8,8.3,127.319,69.678,4.4,2.1,6.0,8.248,World Bank API,2026-09-30 02:09:10
1058,CAN,Canada,1991,77.593,74.53,80.81,6.6,8.0,124.704,69.012,4.3,2.1,5.8,8.248,World Bank API,2026-09-30 02:09:10
1059,CAN,Canada,1992,77.838,74.76,81.07,6.4,7.7,123.387,68.42,4.2,2.1,5.5,8.248,World Bank API,2026-09-30 02:09:10
1060,CAN,Canada,1993,77.705,74.7,80.86,6.2,7.4,123.68,67.366,4.1,2.2,5.4,8.248,World Bank API,2026-09-30 02:09:10
1061,CAN,Canada,1994,77.872,74.94,80.95,6.0,7.2,119.16,67.584,4.1,2.1,5.2,8.248,World Bank API,2026-09-30 02:09:10
1062,CAN,Canada,1995,77.977,75.07,81.03,5.8,6.9,118.543,66.92,4.0,2.1,5.0,8.248,World Bank API,2026-09-30 02:09:10
1063,CAN,Canada,1996,78.22,75.43,81.15,5.6,6.7,113.675,66.074,4.0,2.1,4.6,8.248,World Bank API,2026-09-30 02:09:10
1064,CAN,Canada,1997,78.412,75.71,81.25,5.5,6.5,109.35,63.241,3.9,2.1,4.4,8.248,World Bank API,2026-09-30 02:09:10
1065,CAN,Canada,1998,78.624,75.97,81.41,5.4,6.4,105.573,62.681,3.8,1.861,4.2,8.248,World Bank API,2026-09-30 02:09:10
1066,CAN,Canada,1999,78.839,76.2,81.61,5.3,6.3,104.145,61.623,3.7,2.1,3.9,8.248,World Bank API,2026-09-30 02:09:10
1067,CAN,Canada,2000,79.167,76.64,81.82,5.3,6.2,100.915,61.046,3.7,1.994,3.75,8.248,World Bank API,2026-09-30 02:09:10
1068,CAN,Canada,2001,79.398,76.92,82.0,5.3,6.2,99.426,59.364,3.8,1.887,3.66,8.625,World Bank API,2026-09-30 02:09:10
1069,CAN,Canada,2002,79.531,77.16,82.02,5.3,6.2,96.835,59.492,3.9,1.897,3.62,8.857,World Bank API,2026-09-30 02:09:10
1070,CAN,Canada,2003,79.715,77.32,82.23,5.3,6.2,96.936,58.315,3.9,1.897,3.48,9.011,World Bank API,2026-09-30 02:09:10
1071,CAN,Canada,2004,79.992,77.68,82.42,5.3,6.1,94.71,57.049,4.0,1.897,3.42,9.066,World Bank API,2026-09-30 02:09:10
1072,CAN,Canada,2005,80.113,77.82,82.52,5.2,6.1,94.342,57.113,3.9,1.903,3.08,9.035,World Bank API,2026-09-30 02:09:10
1073,CAN,Canada,2006,80.544,78.29,82.91,5.2,6.0,91.811,55.878,3.9,1.909,3.0,9.332,World Bank API,2026-09-30 02:09:10
1074,CAN,Canada,2007,80.544,78.29,82.91,5.2,6.0,91.755,55.476,3.8,1.934,2.95,9.435,World Bank API,2026-09-30 02:09:10
1075,CAN,Canada,2008,80.725,78.51,83.05,5.1,5.9,89.926,55.899,3.8,1.959,2.83,9.594,World Bank API,2026-09-30 02:09:10
1076,CAN,Canada,2009,81.066,78.91,83.33,5.0,5.8,87.755,54.782,3.8,1.999,2.79,10.704,World Bank API,2026-09-30 02:09:10
1077,CAN,Canada,2010,81.322,79.21,83.54,5.0,5.7,85.399,52.66,3.8,2.038,2.77,10.701,World Bank API,2026-09-30 02:09:10
1078,CAN,Canada,2011,81.483,79.39,83.68,4.9,5.6,82.916,52.671,3.7,2.217,2.78,10.405,World Bank API,2026-09-30 02:09:10
1079,CAN,Canada,2012,81.664,79.61,83.82,4.8,5.6,82.45,52.44,3.7,2.396,2.77,10.541,World Bank API,2026-09-30 02:09:10
1080,CAN,Canada,2013,81.745,79.74,83.85,4.8,5.5,81.208,50.975,3.6,2.451,2.7,10.436,World Bank API,2026-09-30 02:09:10
1081,CAN,Canada,2014,81.784,79.76,83.91,4.7,5.4,81.436,51.4,3.6,2.496,2.66,10.281,World Bank API,2026-09-30 02:09:10
1082,CAN,Canada,2015,81.826,79.86,83.89,4.6,5.3,81.203,50.736,3.5,2.539,2.6,10.764,World Bank API,2026-09-30 02:09:10
1083,CAN,Canada,2016,81.94,79.94,84.04,4.6,5.3,82.791,51.593,3.5,2.31,2.58,11.056,World Bank API,2026-09-30 02:09:10
1084,CAN,Canada,2017,81.808,79.72,84.0,4.5,5.2,86.016,51.591,3.5,2.61,2.51,10.924,World Bank API,2026-09-30 02:09:10
1085,CAN,Canada,2018,81.804,79.75,83.96,4.5,5.2,86.141,51.157,3.5,2.411,2.54,10.923,World Bank API,2026-09-30 02:09:10
1086,CAN,Canada,2019,82.159,80.1,84.32,4.5,5.2,82.726,49.818,3.5,2.418,2.51,11.048,World Bank API,2026-09-30 02:09:10
1087,CAN,Canada,2020,81.53,79.33,83.84,4.5,5.2,94.407,54.033,3.5,2.415,2.54,13.017,World Bank API,2026-09-30 02:09:10
1088,CAN,Canada,2021,81.451,79.11,83.91,4.6,5.2,101.204,55.95,3.5,2.444,2.57,12.381,World Bank API,2026-09-30 02:09:10
1089,CAN,Canada,2022,81.095,78.89,83.41,4.6,5.3,97.612,56.131,3.4,2.814,2.54,11.081,World Bank API,2026-09-30 02:09:10
1090,CHE,Switzerland,1990,77.242,73.94,80.71,6.6,8.2,126.484,62.312,3.9,2.984,19.9,9.134,World Bank API,2026-09-30 02:09:10
1091,CHE,Switzerland,1991,77.515,74.1,81.1,6.4,7.8,129.704,62.39,3.8,3.03,19.9,9.134,World Bank API,2026-09-30 02:09:10
1092,CHE,Switzerland,1992,77.806,74.45,81.33,6.1,7.5,126.173,61.222,3.7,3.012,18.388,9.134,World Bank API,2026-09-30 02:09:10
1093,CHE,Switzerland,1993,78.085,74.9,81.43,5.8,7.1,119.107,60.83,3.6,3.061,16.876,9.134,World Bank API,2026-09-30 02:09:10
1094,CHE,Switzerland,1994,78.35,75.15,81.71,5.5,6.7,118.902,61.027,3.5,3.115,15.363,9.134,World Bank API,2026-09-30 02:09:10
1095,CHE,Switzerland,1995,78.417,75.3,81.69,5.2,6.4,117.692,61.514,3.4,3.164,13.851,9.134,World Bank API,2026-09-30 02:09:10
1096,CHE,Switzerland,1996,78.896,75.94,82.0,5.0,6.2,108.872,57.374,3.4,3.584,12.339,9.134,World Bank API,2026-09-30 02:09:10
1097,CHE,Switzerland,1997,79.08,76.26,82.04,4.9,6.0,107.232,57.52,3.4,3.265,10.827,9.134,World Bank API,2026-09-30 02:09:10
1098,CHE,Switzerland,1998,79.324,76.3,82.5,4.8,5.8,103.954,55.17,3.4,3.33,9.314,9.134,World Bank API,2026-09-30 02:09:10
1099,CHE,Switzerland,1999,79.58,76.8,82.5,4.7,5.7,97.252,53.69,3.5,3.363,7.802,9.134,World Bank API,2026-09-30 02:09:10
1100,CHE,Switzerland,2000,79.68,76.9,82.6,4.7,5.6,99.439,53.915,3.5,3.51,6.29,9.134,World Bank API,2026-09-30 02:09:10
1101,CHE,Switzerland,2001,80.18,77.4,83.1,4.6,5.5,94.505,51.67,3.4,3.514,6.04,9.46,World Bank API,2026-09-30 02:09:10
1102,CHE,Switzerland,2002,80.385,77.8,83.1,4.5,5.4,91.8,51.977,3.4,3.561,5.95,9.88,World Bank API,2026-09-30 02:09:10
1103,CHE,Switzerland,2003,80.537,78.0,83.2,4.5,5.3,90.441,50.145,3.4,3.658,5.83,10.137,World Bank API,2026-09-30 02:09:10
1104,CHE,Switzerland,2004,81.088,78.6,83.7,4.4,5.2,87.49,47.738,3.3,3.696,5.67,10.226,World Bank API,2026-09-30 02:09:10
1105,CHE,Switzerland,2005,81.237,78.7,83.9,4.3,5.1,84.241,46.004,3.3,3.74,5.54,10.058,World Bank API,2026-09-30 02:09:10
1106,CHE,Switzerland,2006,81.49,79.1,84.0,4.2,4.9,79.749,46.738,3.3,3.79,5.4,9.58,World Bank API,2026-09-30 02:09:10
1107,CHE,Switzerland,2007,81.741,79.4,84.2,4.1,4.8,78.545,45.549,3.2,3.788,5.36,9.417,World Bank API,2026-09-30 02:09:10
1108,CHE,Switzerland,2008,81.993,79.7,84.4,4.0,4.7,75.467,42.969,3.2,3.82,5.22,9.532,World Bank API,2026-09-30 02:09:10
1109,CHE,Switzerland,2009,82.044,79.8,84.4,4.0,4.6,75.903,42.165,3.2,3.836,5.11,10.142,World Bank API,2026-09-30 02:09:10
1110,CHE,Switzerland,2010,82.246,80.1,84.5,3.9,4.6,71.146,42.675,3.2,3.808,5.19,9.991,World Bank API,2026-09-30 02:09:10
1111,CHE,Switzerland,2011,82.695,80.5,85.0,3.9,4.5,68.348,40.045,3.1,3.832,5.05,10.104,World Bank API,2026-09-30 02:09:10
1112,CHE,Switzerland,2012,82.698,80.6,84.9,3.8,4.4,66.999,39.904,3.1,3.915,4.97,10.335,World Bank API,2026-09-30 02:09:10
1113,CHE,Switzerland,2013,82.798,80.7,85.0,3.8,4.4,66.885,38.848,3.0,4.039,4.85,10.594,World Bank API,2026-09-30 02:09:10
1114,CHE,Switzerland,2014,83.198,81.1,85.4,3.8,4.3,63.344,36.652,3.0,4.125,4.73,10.675,World Bank API,2026-09-30 02:09:10
1115,CHE,Switzerland,2015,82.898,80.8,85.1,3.7,4.3,62.284,36.484,3.0,4.196,4.73,10.98,World Bank API,2026-09-30 02:09:10
1116,CHE,Switzerland,2016,83.602,81.7,85.6,3.7,4.2,58.204,35.896,2.9,4.25,4.69,11.202,World Bank API,2026-09-30 02:09:10
1117,CHE,Switzerland,2017,83.551,81.6,85.6,3.6,4.1,60.213,34.265,2.9,4.297,4.65,11.375,World Bank API,2026-09-30 02:09:10
1118,CHE,Switzerland,2018,83.754,81.9,85.7,3.6,4.1,57.573,35.152,2.9,4.338,4.63,11.199,World Bank API,2026-09-30 02:09:10
1119,CHE,Switzerland,2019,83.905,82.1,85.8,3.5,4.0,54.626,32.207,2.8,4.349,4.59,11.426,World Bank API,2026-09-30 02:09:10
1120,CHE,Switzerland,2020,83.0,81.0,85.1,3.5,4.0,56.763,32.498,2.8,4.388,4.48,11.99,World Bank API,2026-09-30 02:09:10
1121,CHE,Switzerland,2021,83.751,81.8,85.8,3.5,4.0,56.868,33.004,2.8,4.435,4.43,11.959,World Bank API,2026-09-30 02:09:10
1122,CHE,Switzerland,2022,83.605,81.8,85.5,3.5,3.9,56.128,32.418,2.8,4.477,4.41,11.599,World Bank API,2026-09-30 02:09:10
1123,CHL,Chile,1990,73.675,70.481,76.837,15.9,19.0,170.876,90.621,8.6,1.1,3.159,7.0,World Bank API,2026-09-30 02:09:10
1124,CHL,Chile,1991,74.082,70.866,77.253,14.7,17.6,167.866,88.889,8.0,1.066,3.139,7.0,World Bank API,2026-09-30 02:09:10
1125,CHL,Chile,1992,74.367,71.162,77.526,13.6,16.3,165.058,87.298,7.5,0.983,3.12,7.0,World Bank API,2026-09-30 02:09:10
1126,CHL,Chile,1993,74.679,71.5,77.807,12.5,15.0,161.711,85.649,7.1,0.973,3.1,7.0,World Bank API,2026-09-30 02:09:10
1127,CHL,Chile,1994,74.973,71.8,78.095,11.6,13.9,158.899,83.964,6.7,0.963,2.957,7.0,World Bank API,2026-09-30 02:09:10
1128,CHL,Chile,1995,75.298,72.114,78.432,10.9,13.1,155.918,81.895,6.5,0.953,2.813,7.0,World Bank API,2026-09-30 02:09:10
1129,CHL,Chile,1996,75.555,72.436,78.626,10.5,12.6,154.237,80.352,6.4,0.943,2.67,7.0,World Bank API,2026-09-30 02:09:10
1130,CHL,Chile,1997,75.826,72.699,78.908,10.3,12.2,151.93,78.341,6.3,0.932,2.678,7.0,World Bank API,2026-09-30 02:09:10
1131,CHL,Chile,1998,76.324,73.219,79.365,10.0,11.9,146.585,75.667,6.2,0.922,2.685,7.0,World Bank API,2026-09-30 02:09:10
1132,CHL,Chile,1999,76.738,73.624,79.776,9.6,11.4,143.056,73.885,6.0,0.912,2.693,7.0,World Bank API,2026-09-30 02:09:10
1133,CHL,Chile,2000,77.128,74.021,80.149,9.2,10.9,139.187,71.847,5.7,0.902,2.7,7.0,World Bank API,2026-09-30 02:09:10
1134,CHL,Chile,2001,77.58,74.491,80.567,8.7,10.3,134.987,70.049,5.5,0.892,2.59,7.097,World Bank API,2026-09-30 02:09:10
1135,CHL,Chile,2002,77.84,74.682,80.905,8.3,9.8,133.835,68.426,5.3,0.882,2.52,7.208,World Bank API,2026-09-30 02:09:10
1136,CHL,Chile,2003,77.884,74.978,80.758,8.0,9.4,130.67,66.688,5.3,0.936,2.48,7.25,World Bank API,2026-09-30 02:09:10
1137,CHL,Chile,2004,78.276,75.415,81.103,7.8,9.2,126.038,64.688,5.4,0.974,2.38,6.91,World Bank API,2026-09-30 02:09:10
1138,CHL,Chile,2005,78.459,75.589,81.262,7.7,9.1,124.584,65.303,5.4,0.97,2.29,6.624,World Bank API,2026-09-30 02:09:10
1139,CHL,Chile,2006,78.533,75.797,81.205,7.7,9.0,122.644,65.715,5.5,1.031,2.31,6.072,World Bank API,2026-09-30 02:09:10
1140,CHL,Chile,2007,78.652,75.996,81.252,7.6,8.9,120.837,65.463,5.4,1.028,2.27,6.213,World Bank API,2026-09-30 02:09:10
1141,CHL,Chile,2008,78.752,76.165,81.292,7.6,8.8,119.354,65.264,5.4,1.031,2.26,6.74,World Bank API,2026-09-30 02:09:10
1142,CHL,Chile,2009,78.89,76.424,81.299,7.5,8.8,117.22,66.174,5.3,1.022,2.25,7.25,World Bank API,2026-09-30 02:09:10
1143,CHL,Chile,2010,79.095,76.607,81.536,7.5,8.7,116.578,64.797,5.3,1.423,2.03,6.82,World Bank API,2026-09-30 02:09:10
1144,CHL,Chile,2011,79.236,76.882,81.543,7.4,8.6,113.262,64.173,5.3,1.575,2.21,6.799,World Bank API,2026-09-30 02:09:10
1145,CHL,Chile,2012,79.221,76.901,81.508,7.3,8.4,112.371,63.316,5.3,1.735,2.16,7.02,World Bank API,2026-09-30 02:09:10
1146,CHL,Chile,2013,79.551,77.302,81.763,7.1,8.3,109.713,62.713,5.3,1.868,2.16,7.476,World Bank API,2026-09-30 02:09:10
1147,CHL,Chile,2014,79.714,77.414,81.983,6.9,8.1,109.257,61.921,5.2,2.016,2.11,7.842,World Bank API,2026-09-30 02:09:10
1148,CHL,Chile,2015,80.008,77.689,82.297,6.8,7.9,107.535,60.75,5.2,2.138,2.13,8.351,World Bank API,2026-09-30 02:09:10
1149,CHL,Chile,2016,80.295,78.008,82.549,6.7,7.7,105.275,59.591,5.2,2.286,2.11,8.558,World Bank API,2026-09-30 02:09:10
1150,CHL,Chile,2017,80.61,78.401,82.783,6.5,7.6,102.645,58.877,5.2,2.43,2.09,9.091,World Bank API,2026-09-30 02:09:10
1151,CHL,Chile,2018,80.559,78.323,82.776,6.3,7.3,103.499,58.945,5.0,2.569,2.05,9.15,World Bank API,2026-09-30 02:09:10
1152,CHL,Chile,2019,80.324,78.098,82.549,6.0,7.0,107.386,60.507,4.7,2.627,2.02,9.31,World Bank API,2026-09-30 02:09:10
1153,CHL,Chile,2020,79.349,76.76,82.031,5.8,6.8,112.593,62.227,4.5,2.798,2.02,9.697,World Bank API,2026-09-30 02:09:10
1154,CHL,Chile,2021,78.876,76.348,81.486,5.8,6.7,127.874,68.237,4.5,2.979,1.98,9.725,World Bank API,2026-09-30 02:09:10
1155,CHL,Chile,2022,79.176,76.828,81.566,5.9,6.8,123.827,67.4,4.5,3.178,1.95,10.005,World Bank API,2026-09-30 02:09:10
1156,CHN,China,1990,68.155,65.861,70.561,43.3,53.6,190.86,125.386,29.6,1.13,2.58,4.454,World Bank API,2026-09-30 02:09:10
1157,CHN,China,1991,68.61,66.288,71.049,43.0,53.0,184.982,119.693,29.4,1.142,2.6,4.454,World Bank API,2026-09-30 02:09:10
1158,CHN,China,1992,69.059,66.755,71.476,42.3,52.1,178.897,115.025,29.1,1.155,2.62,4.454,World Bank API,2026-09-30 02:09:10
1159,CHN,China,1993,69.492,67.108,72.01,41.3,50.8,174.725,109.491,28.5,1.167,2.63,4.454,World Bank API,2026-09-30 02:09:10
1160,CHN,China,1994,69.835,67.409,72.41,40.1,49.2,171.639,105.754,27.7,1.18,2.63,4.454,World Bank API,2026-09-30 02:09:10
1161,CHN,China,1995,70.363,67.866,73.02,38.7,47.4,166.604,100.107,26.7,1.192,2.61,4.454,World Bank API,2026-09-30 02:09:10
1162,CHN,China,1996,70.823,68.323,73.483,37.2,45.5,161.655,96.249,25.7,1.199,2.55,4.454,World Bank API,2026-09-30 02:09:10
1163,CHN,China,1997,71.227,68.731,73.887,35.5,43.5,157.825,93.136,24.6,1.213,2.55,4.454,World Bank API,2026-09-30 02:09:10
1164,CHN,China,1998,71.601,69.124,74.242,33.8,41.4,154.395,90.68,23.5,1.21,2.53,4.454,World Bank API,2026-09-30 02:09:10
1165,CHN,China,1999,71.952,69.522,74.54,31.9,39.1,151.135,88.882,22.4,1.239,2.52,4.454,World Bank API,2026-09-30 02:09:10
1166,CHN,China,2000,72.288,69.85,74.895,29.9,36.6,148.896,86.709,21.4,1.263,1.71,4.454,World Bank API,2026-09-30 02:09:10
1167,CHN,China,2001,72.675,70.235,75.287,27.8,34.1,146.095,84.386,19.9,1.28,1.69,4.198,World Bank API,2026-09-30 02:09:10
1168,CHN,China,2002,73.034,70.587,75.657,25.6,31.4,143.85,82.333,18.4,1.137,1.73,4.322,World Bank API,2026-09-30 02:09:10
1169,CHN,China,2003,73.385,70.931,76.022,23.4,28.8,141.796,80.443,16.8,1.185,1.75,4.355,World Bank API,2026-09-30 02:09:10
1170,CHN,China,2004,73.727,71.27,76.37,21.3,26.3,139.817,78.688,15.3,1.215,1.82,4.229,World Bank API,2026-09-30 02:09:10
1171,CHN,China,2005,74.085,71.595,76.769,19.4,24.0,138.01,76.559,13.9,1.239,1.87,4.112,World Bank API,2026-09-30 02:09:10
1172,CHN,China,2006,74.404,71.904,77.1,17.7,21.9,136.346,74.942,12.5,1.273,1.94,3.887,World Bank API,2026-09-30 02:09:10
1173,CHN,China,2007,74.789,72.326,77.436,16.1,20.1,133.268,73.205,11.3,1.294,2.02,3.617,World Bank API,2026-09-30 02:09:10
1174,CHN,China,2008,74.833,72.361,77.498,14.8,18.5,134.56,74.313,10.2,1.343,2.16,3.836,World Bank API,2026-09-30 02:09:10
1175,CHN,China,2009,75.317,72.801,78.033,13.5,17.1,130.415,69.963,9.2,1.419,2.32,4.276,World Bank API,2026-09-30 02:09:10
1176,CHN,China,2010,75.668,73.191,78.329,12.4,15.7,127.481,68.828,8.4,1.46,2.51,4.158,World Bank API,2026-09-30 02:09:10
1177,CHN,China,2011,75.889,73.334,78.65,11.4,14.6,127.107,67.374,7.6,1.485,2.72,4.267,World Bank API,2026-09-30 02:09:10
1178,CHN,China,2012,76.2,73.624,78.981,10.5,13.5,124.948,65.855,7.0,1.562,3.04,4.49,World Bank API,2026-09-30 02:09:10
1179,CHN,China,2013,76.452,73.881,79.223,9.7,12.5,122.974,64.887,6.4,1.658,3.32,4.639,World Bank API,2026-09-30 02:09:10
1180,CHN,China,2014,76.714,74.119,79.51,8.9,11.6,121.058,63.521,5.8,1.711,3.57,4.699,World Bank API,2026-09-30 02:09:10
1181,CHN,China,2015,76.975,74.365,79.785,8.2,10.7,119.046,62.188,5.3,1.797,3.82,4.854,World Bank API,2026-09-30 02:09:10
1182,CHN,China,2016,77.214,74.575,80.052,7.6,10.0,117.26,60.855,4.9,1.888,4.05,4.883,World Bank API,2026-09-30 02:09:10
1183,CHN,China,2017,77.235,74.448,80.27,7.0,9.3,118.975,59.79,4.5,2.003,4.33,4.97,World Bank API,2026-09-30 02:09:10
1184,CHN,China,2018,77.709,75.034,80.573,6.4,8.6,113.085,58.145,4.1,2.122,4.59,5.069,World Bank API,2026-09-30 02:09:10
1185,CHN,China,2019,77.94,75.303,80.747,6.0,8.0,110.506,57.27,3.8,2.255,4.82,5.265,World Bank API,2026-09-30 02:09:10
1186,CHN,China,2020,78.019,75.245,80.999,5.5,7.5,112.888,55.87,3.5,2.385,5.0,5.504,World Bank API,2026-09-30 02:09:10
1187,CHN,China,2021,78.117,75.486,80.912,5.1,7.0,110.958,57.385,3.2,2.517,5.2,5.256,World Bank API,2026-09-30 02:09:10
1188,CHN,China,2022,78.202,75.467,81.133,4.8,6.6,107.752,54.831,3.0,3.112,5.38,5.881,World Bank API,2026-09-30 02:09:10
1189,CIV,Cote d'Ivoire,1990,52.796,50.736,55.154,101.2,153.6,383.84,311.09,47.6,0.088,0.812,3.615,World Bank API,2026-09-30 02:09:10
1190,CIV,Cote d'Ivoire,1991,52.621,50.634,54.884,101.1,154.1,386.902,318.792,47.1,0.088,0.786,3.615,World Bank API,2026-09-30 02:09:10
1191,CIV,Cote d'Ivoire,1992,52.429,50.539,54.568,100.8,154.2,390.513,328.013,46.5,0.089,0.76,3.615,World Bank API,2026-09-30 02:09:10
1192,CIV,Cote d'Ivoire,1993,52.247,50.443,54.276,100.3,154.1,394.238,336.792,45.9,0.089,0.734,3.615,World Bank API,2026-09-30 02:09:10
1193,CIV,Cote d'Ivoire,1994,52.005,50.348,53.851,99.7,153.5,398.649,350.017,45.3,0.089,0.709,3.615,World Bank API,2026-09-30 02:09:10
1194,CIV,Cote d'Ivoire,1995,51.713,50.11,53.492,98.9,152.4,408.02,362.459,44.5,0.09,0.683,3.615,World Bank API,2026-09-30 02:09:10
1195,CIV,Cote d'Ivoire,1996,51.596,50.125,53.213,97.8,150.9,411.356,373.93,43.7,0.09,0.657,3.615,World Bank API,2026-09-30 02:09:10
1196,CIV,Cote d'Ivoire,1997,51.498,50.149,52.969,96.5,148.9,415.037,385.088,42.8,0.092,0.632,3.615,World Bank API,2026-09-30 02:09:10
1197,CIV,Cote d'Ivoire,1998,51.22,50.147,52.362,94.9,146.4,420.356,409.058,42.0,0.094,0.606,3.615,World Bank API,2026-09-30 02:09:10
1198,CIV,Cote d'Ivoire,1999,51.273,50.197,52.421,93.3,143.6,425.124,413.392,41.3,0.096,0.58,3.615,World Bank API,2026-09-30 02:09:10
1199,CIV,Cote d'Ivoire,2000,51.393,50.313,52.548,91.4,140.4,428.367,415.409,40.7,0.098,0.554,3.615,World Bank API,2026-09-30 02:09:10
1200,CIV,Cote d'Ivoire,2001,51.428,50.432,52.495,89.3,136.9,432.247,425.035,40.2,0.1,0.529,3.59,World Bank API,2026-09-30 02:09:10
1201,CIV,Cote d'Ivoire,2002,51.544,50.621,52.529,87.1,133.1,434.443,431.742,39.7,0.102,0.503,3.541,World Bank API,2026-09-30 02:09:10
1202,CIV,Cote d'Ivoire,2003,51.443,50.579,52.355,84.8,129.2,443.222,445.008,39.2,0.104,0.477,3.951,World Bank API,2026-09-30 02:09:10
1203,CIV,Cote d'Ivoire,2004,51.939,50.969,52.975,82.5,125.3,441.184,436.068,38.7,0.106,0.451,4.021,World Bank API,2026-09-30 02:09:10
1204,CIV,Cote d'Ivoire,2005,52.432,51.356,53.601,80.0,121.2,438.953,426.872,38.2,0.085,0.426,3.966,World Bank API,2026-09-30 02:09:10
1205,CIV,Cote d'Ivoire,2006,52.885,51.882,53.963,77.8,117.4,432.565,425.85,37.7,0.099,0.4,3.929,World Bank API,2026-09-30 02:09:10
1206,CIV,Cote d'Ivoire,2007,53.452,52.353,54.65,75.3,113.5,427.817,414.908,37.1,0.114,0.4,4.194,World Bank API,2026-09-30 02:09:10
1207,CIV,Cote d'Ivoire,2008,54.179,52.856,55.634,72.6,109.0,421.696,396.369,36.5,0.128,0.4,4.139,World Bank API,2026-09-30 02:09:10
1208,CIV,Cote d'Ivoire,2009,54.744,53.325,56.314,70.5,105.2,416.615,385.497,36.0,0.132,0.4,4.64,World Bank API,2026-09-30 02:09:10
1209,CIV,Cote d'Ivoire,2010,55.282,53.814,56.912,68.4,101.6,410.858,376.955,35.3,0.136,0.4,4.575,World Bank API,2026-09-30 02:09:10
1210,CIV,Cote d'Ivoire,2011,55.972,54.445,57.673,66.6,98.4,399.84,363.207,34.7,0.14,0.4,4.397,World Bank API,2026-09-30 02:09:10
1211,CIV,Cote d'Ivoire,2012,56.57,55.013,58.314,64.5,95.3,392.217,353.604,34.1,0.165,0.4,4.427,World Bank API,2026-09-30 02:09:10
1212,CIV,Cote d'Ivoire,2013,57.057,55.462,58.856,62.4,92.0,387.018,346.136,33.4,0.189,0.4,3.718,World Bank API,2026-09-30 02:09:10
1213,CIV,Cote d'Ivoire,2014,57.772,56.268,59.462,60.3,88.6,371.161,336.396,32.8,0.214,0.4,3.731,World Bank API,2026-09-30 02:09:10
1214,CIV,Cote d'Ivoire,2015,58.281,56.731,60.022,58.4,85.5,365.066,327.799,32.2,0.248,0.4,3.22,World Bank API,2026-09-30 02:09:10
1215,CIV,Cote d'Ivoire,2016,58.814,57.176,60.661,56.9,83.0,359.042,317.061,31.7,0.282,0.4,3.321,World Bank API,2026-09-30 02:09:10
1216,CIV,Cote d'Ivoire,2017,59.315,57.622,61.23,55.2,80.5,353.024,307.812,31.1,0.317,0.4,3.247,World Bank API,2026-09-30 02:09:10
1217,CIV,Cote d'Ivoire,2018,59.795,58.063,61.756,53.5,77.9,346.909,299.761,30.6,0.351,0.4,3.092,World Bank API,2026-09-30 02:09:10
1218,CIV,Cote d'Ivoire,2019,60.274,58.493,62.295,51.8,75.3,340.719,291.241,30.0,0.149,0.4,3.189,World Bank API,2026-09-30 02:09:10
1219,CIV,Cote d'Ivoire,2020,60.14,58.242,62.336,50.3,73.0,346.703,292.938,29.5,0.153,0.4,3.623,World Bank API,2026-09-30 02:09:10
1220,CIV,Cote d'Ivoire,2021,60.29,58.496,62.313,48.7,70.8,352.433,303.065,29.0,0.167,0.4,3.762,World Bank API,2026-09-30 02:09:10
1221,CIV,Cote d'Ivoire,2022,61.562,59.649,63.731,47.4,68.7,324.954,270.388,28.5,0.162,0.4,3.638,World Bank API,2026-09-30 02:09:10
1222,CMR,Cameroon,1990,54.348,52.784,55.893,81.5,137.4,360.54,305.293,40.4,0.082,2.553,4.296,World Bank API,2026-09-30 02:09:10
1223,CMR,Cameroon,1991,54.168,52.593,55.725,82.2,138.8,363.347,307.654,40.2,0.083,2.557,4.296,World Bank API,2026-09-30 02:09:10
1224,CMR,Cameroon,1992,54.053,52.45,55.642,83.3,140.9,365.095,308.207,40.0,0.084,2.561,4.296,World Bank API,2026-09-30 02:09:10
1225,CMR,Cameroon,1993,53.872,52.252,55.482,84.4,143.1,366.742,309.351,39.8,0.073,2.564,4.296,World Bank API,2026-09-30 02:09:10
1226,CMR,Cameroon,1994,53.537,51.942,55.122,85.5,145.4,371.321,315.602,39.6,0.073,2.568,4.296,World Bank API,2026-09-30 02:09:10
1227,CMR,Cameroon,1995,53.347,51.766,54.92,86.2,147.1,373.366,318.761,39.2,0.074,2.572,4.296,World Bank API,2026-09-30 02:09:10
1228,CMR,Cameroon,1996,53.2,51.652,54.74,86.6,148.2,373.472,321.322,38.7,0.074,2.576,4.296,World Bank API,2026-09-30 02:09:10
1229,CMR,Cameroon,1997,53.105,51.51,54.697,86.4,148.4,377.473,322.901,38.0,0.088,2.579,4.296,World Bank API,2026-09-30 02:09:10
1230,CMR,Cameroon,1998,53.043,51.569,54.509,85.8,147.8,376.435,329.135,37.2,0.102,2.583,4.296,World Bank API,2026-09-30 02:09:10
1231,CMR,Cameroon,1999,53.166,51.816,54.501,84.7,146.4,372.317,332.79,36.3,0.117,2.587,4.296,World Bank API,2026-09-30 02:09:10
1232,CMR,Cameroon,2000,53.338,52.13,54.525,83.1,143.9,367.514,336.542,35.4,0.131,2.59,4.296,World Bank API,2026-09-30 02:09:10
1233,CMR,Cameroon,2001,53.598,52.451,54.724,81.2,141.0,363.725,336.543,34.5,0.145,2.594,4.168,World Bank API,2026-09-30 02:09:10
1234,CMR,Cameroon,2002,53.922,52.761,55.062,79.1,137.6,361.42,333.713,34.0,0.16,2.598,4.027,World Bank API,2026-09-30 02:09:10
1235,CMR,Cameroon,2003,54.253,53.061,55.426,77.2,134.3,359.834,330.596,33.6,0.174,2.602,3.902,World Bank API,2026-09-30 02:09:10
1236,CMR,Cameroon,2004,54.578,53.382,55.758,75.2,130.9,357.895,328.363,33.3,0.188,2.605,3.728,World Bank API,2026-09-30 02:09:10
1237,CMR,Cameroon,2005,54.904,53.746,56.045,73.5,127.6,355.557,327.005,33.1,0.061,2.609,3.773,World Bank API,2026-09-30 02:09:10
1238,CMR,Cameroon,2006,55.301,54.064,56.526,71.6,124.2,353.756,322.113,32.9,0.067,2.613,3.737,World Bank API,2026-09-30 02:09:10
1239,CMR,Cameroon,2007,55.71,54.42,56.99,69.9,120.8,351.369,316.832,32.6,0.073,2.617,3.795,World Bank API,2026-09-30 02:09:10
1240,CMR,Cameroon,2008,56.116,54.771,57.453,68.0,117.2,349.093,311.496,32.3,0.072,2.62,3.658,World Bank API,2026-09-30 02:09:10
1241,CMR,Cameroon,2009,56.486,55.045,57.922,66.3,113.7,350.014,306.697,31.9,0.07,2.624,3.5,World Bank API,2026-09-30 02:09:10
1242,CMR,Cameroon,2010,56.965,55.444,58.487,63.9,109.5,346.953,299.018,31.6,0.087,2.628,3.577,World Bank API,2026-09-30 02:09:10
1243,CMR,Cameroon,2011,57.482,55.93,59.039,61.8,105.2,342.34,292.623,31.2,0.091,2.631,3.853,World Bank API,2026-09-30 02:09:10
1244,CMR,Cameroon,2012,58.17,56.49,59.868,59.6,100.8,336.811,280.294,30.8,0.097,2.635,3.931,World Bank API,2026-09-30 02:09:10
1245,CMR,Cameroon,2013,58.73,56.992,60.495,57.3,96.5,332.07,272.429,30.4,0.102,2.639,3.631,World Bank API,2026-09-30 02:09:10
1246,CMR,Cameroon,2014,59.13,57.237,61.067,55.3,92.4,332.981,265.475,30.0,0.108,2.643,4.341,World Bank API,2026-09-30 02:09:10
1247,CMR,Cameroon,2015,59.687,57.764,61.658,53.3,88.5,326.922,257.795,29.5,0.114,2.646,4.126,World Bank API,2026-09-30 02:09:10
1248,CMR,Cameroon,2016,60.293,58.351,62.288,51.4,85.1,319.138,248.942,28.9,0.12,2.65,4.023,World Bank API,2026-09-30 02:09:10
1249,CMR,Cameroon,2017,60.817,58.835,62.856,49.6,81.9,313.131,241.064,28.4,0.125,2.65,3.793,World Bank API,2026-09-30 02:09:10
1250,CMR,Cameroon,2018,61.189,59.111,63.334,48.0,78.9,311.566,235.062,27.8,0.131,2.65,3.62,World Bank API,2026-09-30 02:09:10
1251,CMR,Cameroon,2019,61.695,59.629,63.825,46.9,76.6,303.679,228.251,27.3,0.114,2.65,3.652,World Bank API,2026-09-30 02:09:10
1252,CMR,Cameroon,2020,61.674,59.465,63.976,45.5,74.4,307.463,227.063,26.8,0.098,2.65,4.251,World Bank API,2026-09-30 02:09:10
1253,CMR,Cameroon,2021,61.146,59.071,63.297,44.1,71.9,329.017,249.228,26.3,0.126,2.65,4.341,World Bank API,2026-09-30 02:09:10
1254,CMR,Cameroon,2022,62.443,60.326,64.634,42.7,69.4,300.531,221.217,25.7,0.136,2.65,4.494,World Bank API,2026-09-30 02:09:10
1255,COD,"Congo, Dem. Rep.",1990,48.538,47.36,49.686,98.5,180.0,393.582,348.135,38.7,0.066,1.427,1.466,World Bank API,2026-09-30 02:09:10
1256,COD,"Congo, Dem. Rep.",1991,48.944,47.672,50.193,97.5,177.7,389.824,341.347,38.2,0.066,1.388,1.466,World Bank API,2026-09-30 02:09:10
1257,COD,"Congo, Dem. Rep.",1992,49.323,47.934,50.697,96.5,175.4,386.878,334.694,37.8,0.067,1.348,1.466,World Bank API,2026-09-30 02:09:10
1258,COD,"Congo, Dem. Rep.",1993,49.621,47.999,51.247,95.7,173.4,388.058,327.268,37.4,0.068,1.309,1.466,World Bank API,2026-09-30 02:09:10
1259,COD,"Congo, Dem. Rep.",1994,49.88,48.264,51.501,95.0,171.4,384.42,324.908,37.0,0.068,1.27,1.466,World Bank API,2026-09-30 02:09:10
1260,COD,"Congo, Dem. Rep.",1995,50.381,48.654,52.131,94.3,169.4,379.411,316.914,36.5,0.068,1.231,1.466,World Bank API,2026-09-30 02:09:10
1261,COD,"Congo, Dem. Rep.",1996,49.376,47.149,51.69,118.1,210.4,414.85,323.448,36.8,0.069,1.192,1.466,World Bank API,2026-09-30 02:09:10
1262,COD,"Congo, Dem. Rep.",1997,50.461,48.372,52.608,116.5,206.8,392.39,313.309,36.2,0.074,1.153,1.466,World Bank API,2026-09-30 02:09:10
1263,COD,"Congo, Dem. Rep.",1998,49.664,46.562,53.004,110.5,195.5,448.529,313.566,35.4,0.078,1.113,1.466,World Bank API,2026-09-30 02:09:10
1264,COD,"Congo, Dem. Rep.",1999,50.089,46.999,53.406,107.9,190.4,443.528,310.613,34.8,0.083,1.074,1.466,World Bank API,2026-09-30 02:09:10
1265,COD,"Congo, Dem. Rep.",2000,51.887,49.966,53.835,105.0,184.6,371.265,304.934,34.1,0.088,1.035,1.466,World Bank API,2026-09-30 02:09:10
1266,COD,"Congo, Dem. Rep.",2001,52.205,50.306,54.127,101.8,178.4,369.309,304.231,33.5,0.093,0.996,2.623,World Bank API,2026-09-30 02:09:10
1267,COD,"Congo, Dem. Rep.",2002,52.371,50.418,54.351,98.5,172.2,373.831,305.008,32.8,0.098,0.957,2.57,World Bank API,2026-09-30 02:09:10
1268,COD,"Congo, Dem. Rep.",2003,52.952,51.158,54.757,95.2,165.9,363.697,302.801,32.0,0.102,0.918,3.734,World Bank API,2026-09-30 02:09:10
1269,COD,"Congo, Dem. Rep.",2004,53.534,51.892,55.175,91.7,159.4,353.74,300.395,31.2,0.107,0.878,4.336,World Bank API,2026-09-30 02:09:10
1270,COD,"Congo, Dem. Rep.",2005,54.001,52.371,55.631,72.0,124.4,349.87,297.436,29.8,0.103,0.839,3.986,World Bank API,2026-09-30 02:09:10
1271,COD,"Congo, Dem. Rep.",2006,54.498,52.915,56.077,69.0,118.9,344.967,294.514,28.9,0.099,0.8,4.062,World Bank API,2026-09-30 02:09:10
1272,COD,"Congo, Dem. Rep.",2007,54.954,53.419,56.485,66.2,113.8,340.695,291.993,28.1,0.096,0.8,3.894,World Bank API,2026-09-30 02:09:10
1273,COD,"Congo, Dem. Rep.",2008,55.388,53.84,56.933,63.7,109.2,338.008,288.613,27.3,0.092,0.8,4.313,World Bank API,2026-09-30 02:09:10
1274,COD,"Congo, Dem. Rep.",2009,55.798,54.151,57.448,61.4,105.0,338.399,284.368,26.7,0.088,0.8,4.511,World Bank API,2026-09-30 02:09:10
1275,COD,"Congo, Dem. Rep.",2010,56.411,54.827,57.994,59.5,101.4,329.614,279.349,26.0,0.087,0.8,3.722,World Bank API,2026-09-30 02:09:10
1276,COD,"Congo, Dem. Rep.",2011,56.911,55.327,58.493,57.9,98.3,324.937,275.055,25.5,0.086,0.8,3.194,World Bank API,2026-09-30 02:09:10
1277,COD,"Congo, Dem. Rep.",2012,57.35,55.68,59.026,56.7,95.9,322.99,270.099,25.0,0.086,0.8,3.222,World Bank API,2026-09-30 02:09:10
1278,COD,"Congo, Dem. Rep.",2013,57.795,56.101,59.499,55.8,94.1,319.714,265.874,24.5,0.085,0.8,3.341,World Bank API,2026-09-30 02:09:10
1279,COD,"Congo, Dem. Rep.",2014,58.236,56.543,59.938,55.3,92.7,315.444,261.894,24.2,0.098,0.8,3.725,World Bank API,2026-09-30 02:09:10
1280,COD,"Congo, Dem. Rep.",2015,58.658,56.931,60.397,55.1,91.9,312.278,257.577,24.0,0.111,0.8,3.748,World Bank API,2026-09-30 02:09:10
1281,COD,"Congo, Dem. Rep.",2016,59.081,57.32,60.858,55.1,91.5,308.894,253.152,23.9,0.124,0.8,4.2,World Bank API,2026-09-30 02:09:10
1282,COD,"Congo, Dem. Rep.",2017,59.495,57.703,61.307,55.4,91.5,305.87,248.777,23.9,0.136,0.8,4.001,World Bank API,2026-09-30 02:09:10
1283,COD,"Congo, Dem. Rep.",2018,59.926,58.062,61.816,55.8,91.7,302.98,243.646,23.9,0.149,0.8,3.241,World Bank API,2026-09-30 02:09:10
1284,COD,"Congo, Dem. Rep.",2019,60.242,58.358,62.153,56.5,92.2,300.878,240.741,24.0,0.162,0.8,3.508,World Bank API,2026-09-30 02:09:10
1285,COD,"Congo, Dem. Rep.",2020,60.428,58.373,62.535,57.2,92.7,301.881,237.159,24.1,0.166,0.8,3.977,World Bank API,2026-09-30 02:09:10
1286,COD,"Congo, Dem. Rep.",2021,60.044,57.999,62.137,57.6,92.9,321.734,253.324,24.1,0.171,0.8,3.867,World Bank API,2026-09-30 02:09:10
1287,COD,"Congo, Dem. Rep.",2022,60.979,58.885,63.116,57.6,92.5,304.591,236.693,24.0,0.208,0.8,3.942,World Bank API,2026-09-30 02:09:10
1288,COG,"Congo, Rep.",1990,57.07,56.042,58.037,57.6,91.5,372.333,343.252,28.4,0.276,3.35,1.505,World Bank API,2026-09-30 02:09:10
1289,COG,"Congo, Rep.",1991,56.764,55.819,57.651,58.8,93.1,375.243,350.545,28.6,0.271,3.233,1.505,World Bank API,2026-09-30 02:09:10
1290,COG,"Congo, Rep.",1992,56.483,55.644,57.262,60.5,95.3,376.136,356.816,28.9,0.266,3.117,1.505,World Bank API,2026-09-30 02:09:10
1291,COG,"Congo, Rep.",1993,56.041,55.242,56.785,62.4,97.9,380.836,364.471,29.4,0.261,3.0,1.505,World Bank API,2026-09-30 02:09:10
1292,COG,"Congo, Rep.",1994,55.641,54.794,56.438,64.7,101.1,386.76,368.427,29.9,0.256,2.883,1.505,World Bank API,2026-09-30 02:09:10
1293,COG,"Congo, Rep.",1995,55.474,54.792,56.103,67.0,104.5,381.644,371.67,30.4,0.251,2.767,1.505,World Bank API,2026-09-30 02:09:10
1294,COG,"Congo, Rep.",1996,55.24,54.566,55.863,69.4,108.0,381.766,373.101,30.9,0.411,2.65,1.505,World Bank API,2026-09-30 02:09:10
1295,COG,"Congo, Rep.",1997,48.575,44.12,53.823,71.6,111.0,609.188,402.225,31.3,0.57,2.533,1.505,World Bank API,2026-09-30 02:09:10
1296,COG,"Congo, Rep.",1998,52.551,50.572,54.575,73.2,113.2,460.912,387.899,31.4,0.73,2.417,1.505,World Bank API,2026-09-30 02:09:10
1297,COG,"Congo, Rep.",1999,54.427,53.453,55.364,73.7,113.7,398.439,377.859,31.3,0.644,2.3,1.505,World Bank API,2026-09-30 02:09:10
1298,COG,"Congo, Rep.",2000,55.371,54.744,55.949,73.0,112.5,370.155,367.03,30.9,0.557,2.183,1.505,World Bank API,2026-09-30 02:09:10
1299,COG,"Congo, Rep.",2001,55.885,55.283,56.441,71.1,109.3,361.269,359.471,30.3,0.471,2.067,2.185,World Bank API,2026-09-30 02:09:10
1300,COG,"Congo, Rep.",2002,56.414,55.731,57.054,68.2,104.6,356.954,351.788,29.4,0.385,1.95,1.702,World Bank API,2026-09-30 02:09:10
1301,COG,"Congo, Rep.",2003,57.131,56.511,57.709,64.6,98.9,346.042,344.544,28.3,0.298,1.833,1.919,World Bank API,2026-09-30 02:09:10
1302,COG,"Congo, Rep.",2004,57.957,57.348,58.526,60.3,92.3,336.412,335.869,27.2,0.212,1.717,1.922,World Bank API,2026-09-30 02:09:10
1303,COG,"Congo, Rep.",2005,58.73,58.045,59.378,56.1,85.7,329.718,325.38,26.1,0.208,1.6,1.718,World Bank API,2026-09-30 02:09:10
1304,COG,"Congo, Rep.",2006,59.474,58.729,60.185,52.1,79.5,323.863,316.026,25.0,0.204,1.6,1.709,World Bank API,2026-09-30 02:09:10
1305,COG,"Congo, Rep.",2007,60.05,59.15,60.926,48.5,73.9,324.071,306.825,24.0,0.101,1.6,1.902,World Bank API,2026-09-30 02:09:10
1306,COG,"Congo, Rep.",2008,60.79,59.763,61.803,45.5,69.2,318.683,294.636,23.1,0.104,1.6,2.239,World Bank API,2026-09-30 02:09:10
1307,COG,"Congo, Rep.",2009,61.215,60.075,62.349,43.1,65.3,318.48,288.72,22.4,0.108,1.6,2.142,World Bank API,2026-09-30 02:09:10
1308,COG,"Congo, Rep.",2010,61.731,60.593,62.868,41.2,62.4,310.842,280.79,21.8,0.111,1.6,1.852,World Bank API,2026-09-30 02:09:10
1309,COG,"Congo, Rep.",2011,62.286,60.981,63.606,39.7,60.0,308.195,268.502,21.3,0.114,1.6,1.752,World Bank API,2026-09-30 02:09:10
1310,COG,"Congo, Rep.",2012,62.662,61.358,63.983,38.5,57.9,304.13,264.322,20.9,0.112,1.6,1.91,World Bank API,2026-09-30 02:09:10
1311,COG,"Congo, Rep.",2013,62.969,61.561,64.404,37.4,56.2,303.037,256.428,20.5,0.109,1.6,1.943,World Bank API,2026-09-30 02:09:10
1312,COG,"Congo, Rep.",2014,63.349,61.953,64.772,36.4,54.5,298.725,252.994,20.1,0.107,1.6,1.973,World Bank API,2026-09-30 02:09:10
1313,COG,"Congo, Rep.",2015,63.662,62.222,65.133,35.3,52.7,296.135,247.102,19.7,0.104,1.6,2.457,World Bank API,2026-09-30 02:09:10
1314,COG,"Congo, Rep.",2016,63.911,62.445,65.41,34.2,51.0,294.263,244.334,19.3,0.102,1.6,2.594,World Bank API,2026-09-30 02:09:10
1315,COG,"Congo, Rep.",2017,64.203,62.731,65.709,33.2,49.3,291.238,240.65,18.9,0.1,1.6,2.365,World Bank API,2026-09-30 02:09:10
1316,COG,"Congo, Rep.",2018,64.472,62.964,66.017,32.2,47.6,289.105,236.372,18.6,0.099,1.6,1.756,World Bank API,2026-09-30 02:09:10
1317,COG,"Congo, Rep.",2019,63.152,61.708,64.633,33.2,52.2,308.325,254.646,18.3,0.118,1.6,2.348,World Bank API,2026-09-30 02:09:10
1318,COG,"Congo, Rep.",2020,64.391,62.689,66.161,30.3,44.5,294.754,236.773,17.9,0.136,1.6,4.018,World Bank API,2026-09-30 02:09:10
1319,COG,"Congo, Rep.",2021,64.192,62.671,65.75,29.4,43.0,305.734,251.576,17.6,0.154,1.6,3.461,World Bank API,2026-09-30 02:09:10
1320,COG,"Congo, Rep.",2022,65.0,63.411,66.629,28.5,41.5,288.947,233.257,17.2,0.173,1.6,2.3,World Bank API,2026-09-30 02:09:10
1321,COL,Colombia,1990,68.701,64.593,73.109,29.6,35.8,264.742,134.212,18.1,0.807,1.367,5.635,World Bank API,2026-09-30 02:09:10
1322,COL,Colombia,1991,68.772,64.512,73.365,28.8,34.5,266.82,130.499,17.7,0.863,1.344,5.635,World Bank API,2026-09-30 02:09:10
1323,COL,Colombia,1992,68.764,64.388,73.499,27.9,33.3,270.269,128.564,17.2,0.922,1.322,5.635,World Bank API,2026-09-30 02:09:10
1324,COL,Colombia,1993,69.083,64.815,73.67,27.0,32.2,262.654,126.047,16.8,0.963,1.3,5.635,World Bank API,2026-09-30 02:09:10
1325,COL,Colombia,1994,69.422,65.277,73.845,26.2,31.0,254.706,123.151,16.3,1.008,1.353,5.635,World Bank API,2026-09-30 02:09:10
1326,COL,Colombia,1995,69.81,65.781,74.079,25.3,29.9,246.73,119.533,15.8,1.054,1.407,5.635,World Bank API,2026-09-30 02:09:10
1327,COL,Colombia,1996,70.209,66.19,74.456,24.5,28.8,241.386,115.115,15.4,1.095,1.46,5.635,World Bank API,2026-09-30 02:09:10
1328,COL,Colombia,1997,70.632,66.61,74.87,23.7,27.8,235.865,111.422,14.9,1.138,1.464,5.635,World Bank API,2026-09-30 02:09:10
1329,COL,Colombia,1998,70.924,66.887,75.171,23.0,26.8,232.561,108.564,14.4,1.185,1.467,5.635,World Bank API,2026-09-30 02:09:10
1330,COL,Colombia,1999,70.913,66.866,75.175,22.2,25.9,232.896,107.556,13.9,1.222,1.471,5.635,World Bank API,2026-09-30 02:09:10
1331,COL,Colombia,2000,70.905,66.76,75.289,21.6,25.0,234.984,104.692,13.5,1.264,1.474,5.635,World Bank API,2026-09-30 02:09:10
1332,COL,Colombia,2001,71.185,67.072,75.526,21.0,24.2,230.507,102.489,13.1,1.29,1.478,5.942,World Bank API,2026-09-30 02:09:10
1333,COL,Colombia,2002,71.537,67.49,75.789,20.4,23.5,224.414,100.384,12.7,1.321,1.481,5.733,World Bank API,2026-09-30 02:09:10
1334,COL,Colombia,2003,72.309,68.474,76.293,19.8,22.7,208.868,96.144,12.3,1.352,1.485,5.775,World Bank API,2026-09-30 02:09:10
1335,COL,Colombia,2004,72.76,69.054,76.589,19.3,22.1,198.95,92.62,12.0,1.391,1.489,5.799,World Bank API,2026-09-30 02:09:10
1336,COL,Colombia,2005,73.156,69.573,76.837,18.7,21.4,190.154,89.537,11.7,1.432,1.492,6.067,World Bank API,2026-09-30 02:09:10
1337,COL,Colombia,2006,73.497,69.986,77.093,18.2,20.7,183.33,86.708,11.3,1.469,1.496,6.335,World Bank API,2026-09-30 02:09:10
1338,COL,Colombia,2007,73.751,70.297,77.284,17.7,20.1,179.645,84.751,11.0,1.511,1.499,6.491,World Bank API,2026-09-30 02:09:10
1339,COL,Colombia,2008,74.206,70.815,77.663,17.2,19.5,173.314,82.515,10.6,1.563,1.503,6.842,World Bank API,2026-09-30 02:09:10
1340,COL,Colombia,2009,74.531,71.252,77.866,16.7,18.8,167.357,81.12,10.3,1.617,1.506,7.311,World Bank API,2026-09-30 02:09:10
1341,COL,Colombia,2010,74.876,71.617,78.189,16.2,18.2,163.68,79.417,10.0,1.666,1.51,7.071,World Bank API,2026-09-30 02:09:10
1342,COL,Colombia,2011,75.18,72.001,78.405,15.7,17.6,158.119,77.561,9.6,1.754,1.49,6.781,World Bank API,2026-09-30 02:09:10
1343,COL,Colombia,2012,75.611,72.478,78.781,15.2,17.1,152.16,75.323,9.3,1.814,1.52,6.746,World Bank API,2026-09-30 02:09:10
1344,COL,Colombia,2013,75.834,72.805,78.893,14.8,16.5,147.023,74.663,9.0,1.884,1.58,7.017,World Bank API,2026-09-30 02:09:10
1345,COL,Colombia,2014,75.95,73.002,78.924,14.3,16.0,143.488,74.437,8.7,1.96,1.63,7.186,World Bank API,2026-09-30 02:09:10
1346,COL,Colombia,2015,76.067,73.172,78.988,13.9,15.5,141.338,74.753,8.5,2.022,1.65,7.523,World Bank API,2026-09-30 02:09:10
1347,COL,Colombia,2016,76.228,73.33,79.154,13.5,15.0,140.1,74.23,8.2,2.088,1.72,7.531,World Bank API,2026-09-30 02:09:10
1348,COL,Colombia,2017,76.418,73.523,79.334,13.1,14.5,139.105,74.533,7.9,2.163,1.74,7.679,World Bank API,2026-09-30 02:09:10
1349,COL,Colombia,2018,76.579,73.663,79.517,12.7,14.0,138.575,73.948,7.7,2.242,1.73,7.718,World Bank API,2026-09-30 02:09:10
1350,COL,Colombia,2019,76.793,73.907,79.695,12.3,13.5,135.581,72.478,7.4,2.317,1.75,7.834,World Bank API,2026-09-30 02:09:10
1351,COL,Colombia,2020,74.757,71.49,78.23,11.9,13.1,161.937,87.233,7.2,2.394,1.7,8.698,World Bank API,2026-09-30 02:09:10
1352,COL,Colombia,2021,72.698,69.288,76.349,11.5,12.7,207.412,111.562,6.9,2.467,1.7,9.142,World Bank API,2026-09-30 02:09:10
1353,COL,Colombia,2022,76.508,73.56,79.471,11.2,12.3,141.3,75.294,6.7,2.467,1.7,7.59,World Bank API,2026-09-30 02:09:10
1354,COM,Comoros,1990,55.62,54.863,56.545,93.5,120.5,322.929,298.616,48.7,0.113,2.762,7.515,World Bank API,2026-09-30 02:09:10
1355,COM,Comoros,1991,56.104,55.316,57.058,90.2,115.8,318.541,293.338,46.6,0.12,2.727,7.515,World Bank API,2026-09-30 02:09:10
1356,COM,Comoros,1992,56.576,55.708,57.607,87.1,111.1,315.392,287.037,44.5,0.127,2.691,7.515,World Bank API,2026-09-30 02:09:10
1357,COM,Comoros,1993,57.026,56.044,58.176,83.8,106.5,313.308,280.084,42.7,0.116,2.656,7.515,World Bank API,2026-09-30 02:09:10
1358,COM,Comoros,1994,57.458,56.327,58.769,80.8,102.1,312.243,272.554,41.1,0.106,2.621,7.515,World Bank API,2026-09-30 02:09:10
1359,COM,Comoros,1995,57.83,56.58,59.266,77.8,97.8,311.659,266.526,39.8,0.095,2.586,7.515,World Bank API,2026-09-30 02:09:10
1360,COM,Comoros,1996,58.151,56.797,59.693,75.0,93.7,311.506,261.642,38.5,0.085,2.551,7.515,World Bank API,2026-09-30 02:09:10
1361,COM,Comoros,1997,58.228,56.514,60.134,72.4,90.0,323.4,256.949,37.4,0.074,2.516,7.515,World Bank API,2026-09-30 02:09:10
1362,COM,Comoros,1998,58.301,56.761,60.019,69.9,86.4,318.534,259.264,36.4,0.092,2.481,7.515,World Bank API,2026-09-30 02:09:10
1363,COM,Comoros,1999,58.853,57.334,60.543,67.5,83.0,310.805,253.422,35.5,0.109,2.446,7.515,World Bank API,2026-09-30 02:09:10
1364,COM,Comoros,2000,58.941,57.429,60.605,65.2,79.9,311.187,253.858,34.8,0.127,2.411,7.515,World Bank API,2026-09-30 02:09:10
1365,COM,Comoros,2001,59.587,58.053,61.261,63.0,76.8,302.896,245.868,34.1,0.145,2.376,6.657,World Bank API,2026-09-30 02:09:10
1366,COM,Comoros,2002,59.723,58.181,61.392,60.9,73.8,302.537,245.281,33.5,0.163,2.34,6.686,World Bank API,2026-09-30 02:09:10
1367,COM,Comoros,2003,60.24,58.671,61.929,58.9,71.0,296.331,239.038,32.9,0.18,2.305,6.66,World Bank API,2026-09-30 02:09:10
1368,COM,Comoros,2004,60.557,58.981,62.247,56.9,68.3,293.07,235.984,32.4,0.198,2.27,6.586,World Bank API,2026-09-30 02:09:10
1369,COM,Comoros,2005,60.883,59.309,62.566,55.1,65.8,289.455,232.922,31.7,0.196,2.235,6.131,World Bank API,2026-09-30 02:09:10
1370,COM,Comoros,2006,61.229,59.651,62.913,53.3,63.4,285.564,229.445,31.2,0.197,2.2,5.773,World Bank API,2026-09-30 02:09:10
1371,COM,Comoros,2007,61.475,59.891,63.164,51.7,61.2,283.185,227.218,30.5,0.198,2.19,5.418,World Bank API,2026-09-30 02:09:10
1372,COM,Comoros,2008,61.955,60.36,63.653,50.2,59.2,277.069,221.644,30.0,0.198,2.18,5.069,World Bank API,2026-09-30 02:09:10
1373,COM,Comoros,2009,62.302,60.71,63.994,48.9,57.3,272.783,218.0,29.5,0.199,2.17,4.927,World Bank API,2026-09-30 02:09:10
1374,COM,Comoros,2010,62.747,61.156,64.437,47.6,55.6,266.943,212.925,28.9,0.193,2.16,4.992,World Bank API,2026-09-30 02:09:10
1375,COM,Comoros,2011,63.105,61.511,64.797,46.4,54.0,262.682,208.987,28.3,0.187,2.16,5.302,World Bank API,2026-09-30 02:09:10
1376,COM,Comoros,2012,63.463,61.824,65.207,45.4,52.5,259.155,204.251,27.8,0.181,2.16,5.174,World Bank API,2026-09-30 02:09:10
1377,COM,Comoros,2013,63.839,62.177,65.609,44.4,51.2,255.23,199.894,27.2,0.208,2.16,5.103,World Bank API,2026-09-30 02:09:10
1378,COM,Comoros,2014,64.143,62.423,65.981,43.6,50.0,253.106,195.916,26.8,0.236,2.16,5.238,World Bank API,2026-09-30 02:09:10
1379,COM,Comoros,2015,64.473,62.721,66.349,42.8,48.9,250.135,192.036,26.3,0.263,2.16,4.601,World Bank API,2026-09-30 02:09:10
1380,COM,Comoros,2016,64.792,63.009,66.706,42.0,47.9,247.338,188.349,25.9,0.291,2.16,4.653,World Bank API,2026-09-30 02:09:10
1381,COM,Comoros,2017,65.127,63.336,67.053,41.3,46.9,243.822,184.776,25.4,0.288,2.16,5.268,World Bank API,2026-09-30 02:09:10
1382,COM,Comoros,2018,65.401,63.555,67.392,40.6,45.8,242.051,181.308,24.9,0.285,2.16,4.903,World Bank API,2026-09-30 02:09:10
1383,COM,Comoros,2019,65.662,63.792,67.683,39.8,44.8,239.714,178.417,24.5,0.363,2.16,5.18,World Bank API,2026-09-30 02:09:10
1384,COM,Comoros,2020,65.756,63.725,68.0,38.9,43.7,240.094,174.852,24.1,0.441,2.16,5.902,World Bank API,2026-09-30 02:09:10
1385,COM,Comoros,2021,65.201,63.262,67.314,38.0,42.6,259.91,192.351,23.7,0.432,2.16,6.463,World Bank API,2026-09-30 02:09:10
1386,COM,Comoros,2022,66.481,64.507,68.617,37.0,41.4,232.952,168.988,23.2,0.424,2.16,8.471,World Bank API,2026-09-30 02:09:10
1387,CPV,Cabo Verde,1990,63.869,60.1,67.255,42.0,56.4,309.547,178.674,18.7,0.234,1.583,3.86,World Bank API,2026-09-30 02:09:10
1388,CPV,Cabo Verde,1991,64.066,60.126,67.639,41.3,55.0,312.076,174.063,18.6,0.234,1.583,3.86,World Bank API,2026-09-30 02:09:10
1389,CPV,Cabo Verde,1992,64.253,60.156,68.006,41.3,54.6,313.922,169.371,18.6,0.234,1.583,3.86,World Bank API,2026-09-30 02:09:10
1390,CPV,Cabo Verde,1993,64.458,60.22,68.377,41.7,54.6,314.904,164.461,18.7,0.218,1.624,3.86,World Bank API,2026-09-30 02:09:10
1391,CPV,Cabo Verde,1994,64.648,60.288,68.719,42.0,54.5,315.684,159.976,18.9,0.202,1.664,3.86,World Bank API,2026-09-30 02:09:10
1392,CPV,Cabo Verde,1995,63.691,59.365,67.757,41.7,53.7,331.425,172.831,19.1,0.187,1.705,3.86,World Bank API,2026-09-30 02:09:10
1393,CPV,Cabo Verde,1996,65.521,60.988,69.815,40.6,51.7,308.215,146.741,19.4,0.171,1.745,3.86,World Bank API,2026-09-30 02:09:10
1394,CPV,Cabo Verde,1997,66.082,61.503,70.444,38.4,48.4,302.234,140.033,19.5,0.211,1.786,3.86,World Bank API,2026-09-30 02:09:10
1395,CPV,Cabo Verde,1998,66.714,62.165,71.05,35.5,44.3,295.611,134.886,19.3,0.252,1.827,3.86,World Bank API,2026-09-30 02:09:10
1396,CPV,Cabo Verde,1999,67.409,62.919,71.684,32.3,40.0,288.255,129.949,18.9,0.292,1.867,3.86,World Bank API,2026-09-30 02:09:10
1397,CPV,Cabo Verde,2000,68.117,63.728,72.282,29.4,36.0,280.253,125.735,18.1,0.332,1.908,3.86,World Bank API,2026-09-30 02:09:10
1398,CPV,Cabo Verde,2001,68.707,64.467,72.705,27.0,32.8,275.645,125.866,17.1,0.372,1.948,3.697,World Bank API,2026-09-30 02:09:10
1399,CPV,Cabo Verde,2002,69.447,65.362,73.258,25.3,30.5,267.86,120.147,16.5,0.412,1.989,3.725,World Bank API,2026-09-30 02:09:10
1400,CPV,Cabo Verde,2003,70.006,66.002,73.728,24.3,29.0,263.644,116.267,16.2,0.453,2.029,3.627,World Bank API,2026-09-30 02:09:10
1401,CPV,Cabo Verde,2004,70.499,66.61,74.11,23.9,28.2,253.104,110.841,16.2,0.493,2.07,3.546,World Bank API,2026-09-30 02:09:10
1402,CPV,Cabo Verde,2005,70.936,66.98,74.63,23.9,28.0,244.65,105.537,16.5,0.422,2.02,3.341,World Bank API,2026-09-30 02:09:10
1403,CPV,Cabo Verde,2006,71.341,67.425,75.007,24.1,28.0,234.139,98.88,16.8,0.35,2.01,3.824,World Bank API,2026-09-30 02:09:10
1404,CPV,Cabo Verde,2007,71.487,67.546,75.206,24.4,28.1,230.429,98.032,17.0,0.279,2.05,3.842,World Bank API,2026-09-30 02:09:10
1405,CPV,Cabo Verde,2008,71.888,67.933,75.638,24.5,27.9,219.947,92.806,17.0,0.207,2.025,3.27,World Bank API,2026-09-30 02:09:10
1406,CPV,Cabo Verde,2009,72.142,68.162,75.945,24.3,27.5,219.604,90.55,16.8,0.136,2.0,3.559,World Bank API,2026-09-30 02:09:10
1407,CPV,Cabo Verde,2010,72.507,68.712,76.124,23.8,26.7,214.207,87.897,16.4,0.573,2.03,4.081,World Bank API,2026-09-30 02:09:10
1408,CPV,Cabo Verde,2011,72.913,69.1,76.567,23.0,25.6,209.785,82.998,15.8,0.571,2.11,3.925,World Bank API,2026-09-30 02:09:10
1409,CPV,Cabo Verde,2012,73.315,69.549,76.923,21.9,24.2,202.928,79.654,15.0,0.508,2.19,4.674,World Bank API,2026-09-30 02:09:10
1410,CPV,Cabo Verde,2013,73.481,69.739,77.088,20.5,22.6,201.721,78.101,14.2,0.601,2.09,4.825,World Bank API,2026-09-30 02:09:10
1411,CPV,Cabo Verde,2014,73.788,70.101,77.341,19.1,20.9,194.894,76.755,13.3,0.461,2.05,4.852,World Bank API,2026-09-30 02:09:10
1412,CPV,Cabo Verde,2015,74.096,70.444,77.616,17.6,19.2,188.117,75.055,12.3,0.743,2.08,4.401,World Bank API,2026-09-30 02:09:10
1413,CPV,Cabo Verde,2016,74.35,70.76,77.827,16.2,17.6,185.213,74.17,11.5,0.731,2.07,4.361,World Bank API,2026-09-30 02:09:10
1414,CPV,Cabo Verde,2017,74.71,71.198,78.115,15.1,16.2,179.933,70.834,10.7,0.659,2.1,4.481,World Bank API,2026-09-30 02:09:10
1415,CPV,Cabo Verde,2018,74.84,71.342,78.239,14.1,15.1,176.019,70.077,10.1,0.711,2.19,4.785,World Bank API,2026-09-30 02:09:10
1416,CPV,Cabo Verde,2019,75.449,72.127,78.686,13.2,14.1,172.377,61.443,9.6,0.743,2.14,4.824,World Bank API,2026-09-30 02:09:10
1417,CPV,Cabo Verde,2020,73.818,69.775,78.007,12.5,13.3,187.719,76.595,9.2,0.725,2.163,7.034,World Bank API,2026-09-30 02:09:10
1418,CPV,Cabo Verde,2021,74.424,71.01,77.876,12.0,12.7,195.953,73.478,8.9,0.732,2.187,6.608,World Bank API,2026-09-30 02:09:10
1419,CPV,Cabo Verde,2022,75.907,72.692,79.056,11.5,12.1,164.378,60.379,8.6,0.718,2.21,6.702,World Bank API,2026-09-30 02:09:10
1420,CRI,Costa Rica,1990,76.094,73.738,78.485,14.4,16.9,126.489,75.379,9.0,1.26,2.5,6.565,World Bank API,2026-09-30 02:09:10
1421,CRI,Costa Rica,1991,76.237,73.863,78.641,13.8,16.2,127.289,75.035,8.8,1.134,2.323,6.565,World Bank API,2026-09-30 02:09:10
1422,CRI,Costa Rica,1992,76.385,74.022,78.765,13.4,15.7,126.872,73.862,8.8,1.009,2.147,6.565,World Bank API,2026-09-30 02:09:10
1423,CRI,Costa Rica,1993,76.315,73.971,78.67,13.1,15.3,128.923,74.425,8.8,0.883,1.97,6.565,World Bank API,2026-09-30 02:09:10
1424,CRI,Costa Rica,1994,76.329,73.94,78.733,12.9,15.1,129.242,73.896,8.7,0.845,1.794,6.565,World Bank API,2026-09-30 02:09:10
1425,CRI,Costa Rica,1995,76.44,74.006,78.891,12.7,14.9,128.627,73.675,8.6,0.854,1.78,6.565,World Bank API,2026-09-30 02:09:10
1426,CRI,Costa Rica,1996,76.428,73.988,78.879,12.6,14.7,128.486,74.265,8.4,0.864,1.75,6.565,World Bank API,2026-09-30 02:09:10
1427,CRI,Costa Rica,1997,76.603,74.078,79.147,12.4,14.5,127.999,72.43,8.1,0.872,1.71,6.565,World Bank API,2026-09-30 02:09:10
1428,CRI,Costa Rica,1998,76.869,74.302,79.451,12.1,14.1,125.412,70.146,7.9,0.901,1.68,6.565,World Bank API,2026-09-30 02:09:10
1429,CRI,Costa Rica,1999,77.058,74.461,79.666,11.7,13.6,124.314,69.102,7.8,1.719,1.65,6.565,World Bank API,2026-09-30 02:09:10
1430,CRI,Costa Rica,2000,77.317,74.755,79.874,11.2,13.1,122.491,67.939,7.6,1.322,1.62,6.565,World Bank API,2026-09-30 02:09:10
1431,CRI,Costa Rica,2001,77.609,75.009,80.2,10.8,12.6,121.555,66.665,7.5,1.444,1.58,6.474,World Bank API,2026-09-30 02:09:10
1432,CRI,Costa Rica,2002,77.939,75.404,80.442,10.4,12.2,118.85,64.972,7.3,1.566,1.55,6.869,World Bank API,2026-09-30 02:09:10
1433,CRI,Costa Rica,2003,78.214,75.696,80.687,10.1,11.8,117.52,64.559,7.2,1.688,1.52,6.969,World Bank API,2026-09-30 02:09:10
1434,CRI,Costa Rica,2004,78.512,75.925,81.053,9.9,11.5,117.262,64.009,7.1,1.809,1.48,6.63,World Bank API,2026-09-30 02:09:10
1435,CRI,Costa Rica,2005,78.877,76.29,81.407,9.7,11.3,114.8,61.632,7.1,1.931,1.33,6.664,World Bank API,2026-09-30 02:09:10
1436,CRI,Costa Rica,2006,79.049,76.388,81.658,9.6,11.2,116.802,61.043,7.0,2.053,1.3,6.935,World Bank API,2026-09-30 02:09:10
1437,CRI,Costa Rica,2007,79.098,76.353,81.804,9.5,11.1,118.927,61.97,6.9,2.102,1.29,6.996,World Bank API,2026-09-30 02:09:10
1438,CRI,Costa Rica,2008,79.18,76.42,81.901,9.4,10.9,119.91,61.825,6.8,2.169,1.24,7.469,World Bank API,2026-09-30 02:09:10
1439,CRI,Costa Rica,2009,79.372,76.644,82.053,9.2,10.7,118.698,60.739,6.7,2.228,1.23,7.86,World Bank API,2026-09-30 02:09:10
1440,CRI,Costa Rica,2010,79.354,76.628,82.039,9.0,10.5,119.727,62.179,6.6,2.317,1.23,8.029,World Bank API,2026-09-30 02:09:10
1441,CRI,Costa Rica,2011,79.624,76.981,82.213,8.8,10.2,115.925,61.805,6.5,2.384,1.22,8.122,World Bank API,2026-09-30 02:09:10
1442,CRI,Costa Rica,2012,79.925,77.314,82.476,8.5,9.8,112.711,60.076,6.4,2.471,1.2,7.786,World Bank API,2026-09-30 02:09:10
1443,CRI,Costa Rica,2013,80.189,77.525,82.8,8.2,9.5,111.522,58.637,6.4,2.556,1.18,7.682,World Bank API,2026-09-30 02:09:10
1444,CRI,Costa Rica,2014,80.231,77.553,82.86,8.0,9.2,112.671,58.339,6.3,2.659,1.17,7.664,World Bank API,2026-09-30 02:09:10
1445,CRI,Costa Rica,2015,80.407,77.516,83.28,7.8,9.0,113.642,56.124,6.2,1.806,1.16,7.592,World Bank API,2026-09-30 02:09:10
1446,CRI,Costa Rica,2016,79.988,77.256,82.69,7.7,8.9,118.302,58.077,6.2,1.955,1.16,7.317,World Bank API,2026-09-30 02:09:10
1447,CRI,Costa Rica,2017,79.994,77.305,82.662,7.7,8.9,114.996,60.849,6.1,2.101,1.15,7.045,World Bank API,2026-09-30 02:09:10
1448,CRI,Costa Rica,2018,80.09,77.22,82.961,7.8,9.0,118.534,61.551,6.2,2.253,1.12,7.286,World Bank API,2026-09-30 02:09:10
1449,CRI,Costa Rica,2019,80.296,77.603,82.963,7.9,9.1,114.38,59.4,6.2,2.376,1.11,7.221,World Bank API,2026-09-30 02:09:10
1450,CRI,Costa Rica,2020,79.725,76.769,82.754,8.1,9.3,118.872,64.372,6.4,2.494,1.17,7.825,World Bank API,2026-09-30 02:09:10
1451,CRI,Costa Rica,2021,78.05,75.0,81.208,8.3,9.6,152.4,78.661,6.5,2.564,1.2,7.611,World Bank API,2026-09-30 02:09:10
1452,CRI,Costa Rica,2022,79.316,76.472,82.197,8.6,9.9,125.344,62.429,6.8,2.687,1.14,7.184,World Bank API,2026-09-30 02:09:10
1453,CUB,Cuba,1990,73.823,71.922,75.892,10.8,13.5,165.244,119.129,6.8,3.639,5.421,6.582,World Bank API,2026-09-30 02:09:10
1454,CUB,Cuba,1991,73.757,71.866,75.81,10.3,12.8,165.774,119.434,6.6,3.978,5.614,6.582,World Bank API,2026-09-30 02:09:10
1455,CUB,Cuba,1992,73.846,71.949,75.901,9.8,12.2,163.867,117.586,6.5,4.345,5.807,6.582,World Bank API,2026-09-30 02:09:10
1456,CUB,Cuba,1993,73.874,71.906,76.012,9.3,11.6,164.565,115.26,6.3,4.709,6.0,6.582,World Bank API,2026-09-30 02:09:10
1457,CUB,Cuba,1994,74.092,72.1,76.253,8.9,11.1,162.553,113.242,6.0,4.967,5.71,6.582,World Bank API,2026-09-30 02:09:10
1458,CUB,Cuba,1995,74.346,72.373,76.476,8.5,10.6,159.902,110.57,5.6,5.202,5.42,6.582,World Bank API,2026-09-30 02:09:10
1459,CUB,Cuba,1996,74.69,72.756,76.76,8.1,10.2,156.339,108.32,5.1,5.485,5.13,6.582,World Bank API,2026-09-30 02:09:10
1460,CUB,Cuba,1997,75.064,73.048,77.222,7.8,9.7,154.474,104.903,4.6,5.694,5.17,6.582,World Bank API,2026-09-30 02:09:10
1461,CUB,Cuba,1998,75.412,73.309,77.666,7.4,9.3,154.505,101.695,4.4,5.753,5.21,6.582,World Bank API,2026-09-30 02:09:10
1462,CUB,Cuba,1999,75.719,73.556,78.047,7.1,8.9,151.952,98.874,4.2,5.858,5.25,6.582,World Bank API,2026-09-30 02:09:10
1463,CUB,Cuba,2000,75.922,73.852,78.13,6.8,8.6,148.745,97.409,4.1,5.941,5.29,6.582,World Bank API,2026-09-30 02:09:10
1464,CUB,Cuba,2001,76.429,74.39,78.587,6.5,8.2,143.696,94.572,4.0,5.952,5.1,6.982,World Bank API,2026-09-30 02:09:10
1465,CUB,Cuba,2002,76.766,74.764,78.878,6.3,7.9,140.015,92.577,3.9,6.001,5.0,7.115,World Bank API,2026-09-30 02:09:10
1466,CUB,Cuba,2003,77.405,75.322,79.605,6.0,7.6,136.176,89.648,3.7,6.068,4.94,7.103,World Bank API,2026-09-30 02:09:10
1467,CUB,Cuba,2004,77.326,75.204,79.572,5.8,7.3,136.335,89.059,3.5,6.203,4.93,6.832,World Bank API,2026-09-30 02:09:10
1468,CUB,Cuba,2005,77.54,75.382,79.819,5.6,7.1,134.39,86.634,3.3,6.268,4.87,8.755,World Bank API,2026-09-30 02:09:10
1469,CUB,Cuba,2006,77.406,75.285,79.635,5.4,6.8,133.657,85.127,3.1,6.339,4.86,8.272,World Bank API,2026-09-30 02:09:10
1470,CUB,Cuba,2007,77.55,75.53,79.658,5.2,6.6,130.019,84.582,3.1,6.416,4.85,10.967,World Bank API,2026-09-30 02:09:10
1471,CUB,Cuba,2008,77.589,75.596,79.658,5.1,6.5,129.394,84.289,3.0,6.602,4.63,11.314,World Bank API,2026-09-30 02:09:10
1472,CUB,Cuba,2009,77.584,75.641,79.591,5.0,6.3,127.579,83.491,2.9,6.63,4.56,12.291,World Bank API,2026-09-30 02:09:10
1473,CUB,Cuba,2010,77.876,75.921,79.885,4.9,6.2,125.235,80.216,2.8,6.772,4.56,10.688,World Bank API,2026-09-30 02:09:10
1474,CUB,Cuba,2011,78.051,76.09,80.061,4.8,6.1,124.737,78.802,2.7,6.957,4.04,11.313,World Bank API,2026-09-30 02:09:10
1475,CUB,Cuba,2012,78.162,76.154,80.221,4.8,6.1,125.492,77.704,2.7,7.26,4.04,9.299,World Bank API,2026-09-30 02:09:10
1476,CUB,Cuba,2013,78.028,75.98,80.13,4.8,6.0,127.728,77.434,2.6,7.408,4.04,10.431,World Bank API,2026-09-30 02:09:10
1477,CUB,Cuba,2014,77.825,75.728,79.981,4.8,6.1,129.327,77.102,2.6,7.582,4.03,12.141,World Bank API,2026-09-30 02:09:10
1478,CUB,Cuba,2015,77.745,75.573,79.986,4.8,6.1,130.179,76.454,2.6,7.803,4.07,12.814,World Bank API,2026-09-30 02:09:10
1479,CUB,Cuba,2016,77.571,75.276,79.952,4.9,6.3,131.816,75.778,2.6,8.003,4.15,12.218,World Bank API,2026-09-30 02:09:10
1480,CUB,Cuba,2017,77.3,74.914,79.791,5.1,6.4,132.677,74.411,2.7,8.187,4.17,11.472,World Bank API,2026-09-30 02:09:10
1481,CUB,Cuba,2018,77.426,75.045,79.899,5.2,6.6,130.765,75.575,2.9,8.505,4.19,11.018,World Bank API,2026-09-30 02:09:10
1482,CUB,Cuba,2019,77.413,75.0,79.913,5.4,6.9,132.567,76.597,3.2,8.677,4.21,11.085,World Bank API,2026-09-30 02:09:10
1483,CUB,Cuba,2020,77.407,74.968,79.939,5.7,7.2,131.287,74.209,3.5,9.291,4.23,12.486,World Bank API,2026-09-30 02:09:10
1484,CUB,Cuba,2021,73.201,70.694,75.966,5.9,7.5,175.763,105.599,3.8,9.542,4.27,13.787,World Bank API,2026-09-30 02:09:10
1485,CUB,Cuba,2022,77.629,75.2,80.098,6.2,7.8,130.112,75.694,4.1,9.542,4.32,11.788,World Bank API,2026-09-30 02:09:10
1486,CUW,Curacao,1990,72.439,69.774,74.952,37.7,45.1,172.825,102.779,21.0,0.811,2.76,4.865,World Bank API,2026-09-30 02:09:10
1487,CUW,Curacao,1991,72.536,69.841,75.075,36.4,43.3,171.812,101.469,20.1,0.863,2.76,4.865,World Bank API,2026-09-30 02:09:10
1488,CUW,Curacao,1992,72.65,69.912,75.229,34.9,42.5,170.672,99.871,19.7,0.861,2.84,4.865,World Bank API,2026-09-30 02:09:10
1489,CUW,Curacao,1993,72.703,69.946,75.295,33.4,42.6,170.122,99.182,19.2,0.844,2.76,4.865,World Bank API,2026-09-30 02:09:10
1490,CUW,Curacao,1994,72.791,69.977,75.439,32.9,39.6,169.561,97.694,18.9,0.845,2.76,4.865,World Bank API,2026-09-30 02:09:10
1491,CUW,Curacao,1995,72.831,69.977,75.514,31.6,38.4,169.155,97.003,18.6,0.949,2.745,4.865,World Bank API,2026-09-30 02:09:10
1492,CUW,Curacao,1996,72.945,70.036,75.68,30.4,37.2,168.324,95.329,18.0,0.99,2.64,4.865,World Bank API,2026-09-30 02:09:10
1493,CUW,Curacao,1997,73.035,70.066,75.825,29.0,35.3,167.675,93.92,17.3,0.949,2.579,4.865,World Bank API,2026-09-30 02:09:10
1494,CUW,Curacao,1998,73.084,70.065,75.918,28.2,33.4,167.596,92.995,16.7,0.989,2.583,4.865,World Bank API,2026-09-30 02:09:10
1495,CUW,Curacao,1999,73.174,70.096,76.06,27.2,31.8,166.983,91.634,16.3,1.031,2.587,4.865,World Bank API,2026-09-30 02:09:10
1496,CUW,Curacao,2000,73.283,70.154,76.21,26.3,30.5,165.911,90.165,16.0,1.042,2.508,4.865,World Bank API,2026-09-30 02:09:10
1497,CUW,Curacao,2001,73.36,70.202,76.306,25.4,29.1,165.207,89.257,15.2,1.084,2.5,4.959,World Bank API,2026-09-30 02:09:10
1498,CUW,Curacao,2002,73.472,70.274,76.45,23.6,28.1,164.105,87.956,14.5,1.088,2.429,5.33,World Bank API,2026-09-30 02:09:10
1499,CUW,Curacao,2003,73.603,70.38,76.601,22.9,26.9,162.507,86.562,14.1,1.085,2.35,5.209,World Bank API,2026-09-30 02:09:10
1500,CUW,Curacao,2004,73.735,70.488,76.755,21.1,26.1,160.987,85.189,13.7,1.12,2.361,5.336,World Bank API,2026-09-30 02:09:10
1501,CUW,Curacao,2005,73.873,70.606,76.907,19.8,24.0,159.412,83.851,13.2,1.12,2.29,5.294,World Bank API,2026-09-30 02:09:10
1502,CUW,Curacao,2006,73.978,70.663,77.06,19.3,22.8,158.599,82.537,13.0,1.13,2.297,5.405,World Bank API,2026-09-30 02:09:10
1503,CUW,Curacao,2007,74.137,70.821,77.21,18.5,21.8,156.499,81.251,12.5,1.178,2.27,5.317,World Bank API,2026-09-30 02:09:10
1504,CUW,Curacao,2008,74.314,71.008,77.367,17.9,20.9,153.862,79.889,12.1,1.218,2.26,5.444,World Bank API,2026-09-30 02:09:10
1505,CUW,Curacao,2009,74.485,71.174,77.535,17.4,21.2,151.684,78.514,11.7,1.226,2.269,5.749,World Bank API,2026-09-30 02:09:10
1506,CUW,Curacao,2010,75.117,71.611,78.368,16.7,19.3,144.701,71.441,11.4,1.319,2.25,5.49,World Bank API,2026-09-30 02:09:10
1507,CUW,Curacao,2011,75.576,71.846,79.066,16.6,19.3,141.292,66.006,10.9,1.386,2.25,5.749,World Bank API,2026-09-30 02:09:10
1508,CUW,Curacao,2012,75.96,72.208,79.457,16.2,18.9,135.647,63.261,11.0,1.391,2.27,5.776,World Bank API,2026-09-30 02:09:10
1509,CUW,Curacao,2013,76.239,72.427,79.787,16.0,18.9,132.554,61.072,10.9,1.449,2.29,5.737,World Bank API,2026-09-30 02:09:10
1510,CUW,Curacao,2014,76.384,72.454,80.051,15.8,18.5,132.602,59.418,10.8,1.432,2.34,5.838,World Bank API,2026-09-30 02:09:10
1511,CUW,Curacao,2015,76.482,72.373,80.337,15.5,18.2,134.507,57.597,10.6,1.461,2.37,6.065,World Bank API,2026-09-30 02:09:10
1512,CUW,Curacao,2016,76.322,72.032,80.37,15.0,17.8,140.906,57.597,10.2,1.514,2.36,6.172,World Bank API,2026-09-30 02:09:10
1513,CUW,Curacao,2017,76.423,72.129,80.442,14.5,17.3,139.643,57.249,9.9,1.578,2.34,6.136,World Bank API,2026-09-30 02:09:10
1514,CUW,Curacao,2018,76.493,72.179,80.507,14.1,16.4,139.044,56.892,9.8,1.573,2.3,5.932,World Bank API,2026-09-30 02:09:10
1515,CUW,Curacao,2019,76.492,72.237,80.573,14.1,15.9,138.3,56.504,9.6,1.588,2.25,5.745,World Bank API,2026-09-30 02:09:10
1516,CUW,Curacao,2020,76.501,72.164,80.606,13.6,15.6,139.132,56.234,9.3,1.63,2.35,6.646,World Bank API,2026-09-30 02:09:10
1517,CUW,Curacao,2021,75.686,71.46,79.709,13.3,15.3,149.677,64.255,9.3,1.664,2.39,6.64,World Bank API,2026-09-30 02:09:10
1518,CUW,Curacao,2022,76.729,72.394,80.763,13.0,15.1,136.039,55.326,9.0,1.625,2.36,6.573,World Bank API,2026-09-30 02:09:10
1519,CYM,Cayman Islands,1990,72.744,70.155,75.352,37.7,45.1,199.395,135.196,21.0,1.7,3.0,4.865,World Bank API,2026-09-30 02:09:10
1520,CYM,Cayman Islands,1991,72.911,70.298,75.561,36.4,43.3,198.093,133.254,20.1,1.7,3.0,4.865,World Bank API,2026-09-30 02:09:10
1521,CYM,Cayman Islands,1992,73.088,70.45,75.781,34.9,42.5,196.818,131.153,19.7,1.7,3.0,4.865,World Bank API,2026-09-30 02:09:10
1522,CYM,Cayman Islands,1993,73.25,70.565,76.011,33.4,42.6,196.267,128.987,19.2,1.7,3.0,4.865,World Bank API,2026-09-30 02:09:10
1523,CYM,Cayman Islands,1994,73.42,70.684,76.255,32.9,39.6,195.843,126.793,18.9,1.7,3.0,4.865,World Bank API,2026-09-30 02:09:10
1524,CYM,Cayman Islands,1995,73.597,70.774,76.55,31.6,38.4,195.911,124.183,18.6,1.7,3.0,4.865,World Bank API,2026-09-30 02:09:10
1525,CYM,Cayman Islands,1996,73.74,70.909,76.719,30.4,37.2,195.252,123.021,18.0,1.82,3.0,4.865,World Bank API,2026-09-30 02:09:10
1526,CYM,Cayman Islands,1997,73.904,71.063,76.908,29.0,35.3,193.941,121.726,17.3,1.939,3.0,4.865,World Bank API,2026-09-30 02:09:10
1527,CYM,Cayman Islands,1998,74.08,71.267,77.064,28.2,33.4,191.48,120.809,16.7,1.939,3.0,4.865,World Bank API,2026-09-30 02:09:10
1528,CYM,Cayman Islands,1999,74.232,71.468,77.169,27.2,31.8,188.677,120.41,16.3,1.939,3.0,4.865,World Bank API,2026-09-30 02:09:10
1529,CYM,Cayman Islands,2000,74.378,71.685,77.238,26.3,30.5,185.255,120.329,16.0,1.939,3.0,4.865,World Bank API,2026-09-30 02:09:10
1530,CYM,Cayman Islands,2001,74.529,71.922,77.284,25.4,29.1,181.324,120.286,15.2,1.939,3.0,4.959,World Bank API,2026-09-30 02:09:10
1531,CYM,Cayman Islands,2002,74.609,72.041,77.315,23.6,28.1,179.129,120.247,14.5,1.939,3.0,5.33,World Bank API,2026-09-30 02:09:10
1532,CYM,Cayman Islands,2003,74.639,72.063,77.357,22.9,26.9,178.405,119.899,14.1,1.939,3.0,5.209,World Bank API,2026-09-30 02:09:10
1533,CYM,Cayman Islands,2004,74.596,72.054,77.278,21.1,26.1,177.512,120.569,13.7,1.939,3.0,5.336,World Bank API,2026-09-30 02:09:10
1534,CYM,Cayman Islands,2005,74.863,72.26,77.618,19.8,24.0,175.713,117.158,13.2,1.939,3.0,5.294,World Bank API,2026-09-30 02:09:10
1535,CYM,Cayman Islands,2006,75.0,72.388,77.766,19.3,22.8,174.492,115.975,13.0,1.939,3.0,5.405,World Bank API,2026-09-30 02:09:10
1536,CYM,Cayman Islands,2007,75.152,72.564,77.888,18.5,21.8,172.778,115.552,12.5,1.939,3.0,5.317,World Bank API,2026-09-30 02:09:10
1537,CYM,Cayman Islands,2008,75.386,72.835,78.076,17.9,20.9,170.016,114.992,12.1,1.939,3.0,5.444,World Bank API,2026-09-30 02:09:10
1538,CYM,Cayman Islands,2009,75.671,73.166,78.303,17.4,21.2,166.461,114.301,11.7,1.939,3.0,5.749,World Bank API,2026-09-30 02:09:10
1539,CYM,Cayman Islands,2010,76.069,73.593,78.662,16.7,19.3,161.404,112.129,11.4,1.939,3.0,5.49,World Bank API,2026-09-30 02:09:10
1540,CYM,Cayman Islands,2011,76.562,74.137,79.087,16.6,19.3,154.451,108.677,10.9,1.939,3.0,5.749,World Bank API,2026-09-30 02:09:10
1541,CYM,Cayman Islands,2012,77.121,74.74,79.587,16.2,18.9,146.437,103.658,11.0,1.939,3.0,5.776,World Bank API,2026-09-30 02:09:10
1542,CYM,Cayman Islands,2013,77.652,75.197,80.201,16.0,18.9,141.453,97.222,10.9,1.939,3.0,5.737,World Bank API,2026-09-30 02:09:10
1543,CYM,Cayman Islands,2014,77.865,75.426,80.403,15.8,18.5,139.596,96.839,10.8,1.939,3.0,5.838,World Bank API,2026-09-30 02:09:10
1544,CYM,Cayman Islands,2015,78.119,75.714,80.627,15.5,18.2,136.861,95.791,10.6,1.939,3.0,6.065,World Bank API,2026-09-30 02:09:10
1545,CYM,Cayman Islands,2016,78.367,75.986,80.857,15.0,17.8,134.254,94.515,10.2,1.939,3.0,6.172,World Bank API,2026-09-30 02:09:10
1546,CYM,Cayman Islands,2017,78.615,76.268,81.075,14.5,17.3,131.834,93.497,9.9,1.939,3.0,6.136,World Bank API,2026-09-30 02:09:10
1547,CYM,Cayman Islands,2018,78.835,76.502,81.291,14.1,16.4,130.339,92.739,9.8,1.939,3.0,5.932,World Bank API,2026-09-30 02:09:10
1548,CYM,Cayman Islands,2019,79.052,76.678,81.568,14.1,15.9,129.815,91.657,9.6,1.939,3.0,5.745,World Bank API,2026-09-30 02:09:10
1549,CYM,Cayman Islands,2020,79.23,76.803,81.825,13.6,15.6,129.943,90.843,9.3,1.939,3.0,6.646,World Bank API,2026-09-30 02:09:10
1550,CYM,Cayman Islands,2021,79.3,76.872,81.91,13.3,15.3,131.299,91.485,9.3,1.939,3.0,6.64,World Bank API,2026-09-30 02:09:10
1551,CYM,Cayman Islands,2022,79.984,77.609,82.504,13.0,15.1,124.839,88.349,9.0,1.939,3.0,6.573,World Bank API,2026-09-30 02:09:10
1552,CYP,Cyprus,1990,76.044,73.542,78.674,10.0,11.2,125.703,68.662,6.2,1.52,3.31,5.308,World Bank API,2026-09-30 02:09:10
1553,CYP,Cyprus,1991,76.246,73.788,78.827,9.9,11.1,122.639,67.262,6.1,1.583,3.31,5.308,World Bank API,2026-09-30 02:09:10
1554,CYP,Cyprus,1992,76.291,73.706,79.04,9.6,10.8,123.275,65.496,5.9,1.688,3.31,5.308,World Bank API,2026-09-30 02:09:10
1555,CYP,Cyprus,1993,76.294,73.746,79.003,9.1,10.3,122.596,65.488,5.6,1.745,3.31,5.308,World Bank API,2026-09-30 02:09:10
1556,CYP,Cyprus,1994,76.383,73.868,79.044,8.5,9.7,121.06,65.0,5.3,1.809,3.31,5.308,World Bank API,2026-09-30 02:09:10
1557,CYP,Cyprus,1995,76.583,74.052,79.258,8.0,9.1,118.941,63.405,5.0,1.863,3.31,5.308,World Bank API,2026-09-30 02:09:10
1558,CYP,Cyprus,1996,76.88,74.35,79.547,7.5,8.5,115.635,61.291,4.7,1.869,3.31,5.308,World Bank API,2026-09-30 02:09:10
1559,CYP,Cyprus,1997,77.119,74.556,79.826,7.0,8.0,113.383,59.356,4.4,1.877,3.31,5.308,World Bank API,2026-09-30 02:09:10
1560,CYP,Cyprus,1998,77.164,74.628,79.838,6.5,7.5,113.601,59.507,4.1,1.882,3.31,5.308,World Bank API,2026-09-30 02:09:10
1561,CYP,Cyprus,1999,77.572,75.082,80.184,6.1,7.0,107.741,56.831,3.9,1.892,3.31,5.308,World Bank API,2026-09-30 02:09:10
1562,CYP,Cyprus,2000,77.9,75.441,80.475,5.7,6.6,104.129,55.014,3.6,1.899,3.31,5.308,World Bank API,2026-09-30 02:09:10
1563,CYP,Cyprus,2001,78.185,75.629,80.885,5.3,6.2,102.0,52.471,3.4,1.908,3.196,5.339,World Bank API,2026-09-30 02:09:10
1564,CYP,Cyprus,2002,78.758,76.308,81.318,5.0,5.8,95.403,49.934,3.2,1.87,3.082,5.616,World Bank API,2026-09-30 02:09:10
1565,CYP,Cyprus,2003,78.908,76.444,81.485,4.7,5.4,93.921,48.926,3.0,1.851,2.968,5.636,World Bank API,2026-09-30 02:09:10
1566,CYP,Cyprus,2004,79.007,76.569,81.555,4.4,5.1,92.524,48.441,2.8,1.898,2.854,5.406,World Bank API,2026-09-30 02:09:10
1567,CYP,Cyprus,2005,79.198,76.714,81.81,4.1,4.7,90.963,46.967,2.6,1.881,2.74,5.436,World Bank API,2026-09-30 02:09:10
1568,CYP,Cyprus,2006,79.456,76.9,82.165,3.8,4.4,89.043,44.993,2.4,1.822,2.71,5.464,World Bank API,2026-09-30 02:09:10
1569,CYP,Cyprus,2007,79.798,77.233,82.52,3.5,4.1,85.931,43.097,2.3,1.974,2.72,5.357,World Bank API,2026-09-30 02:09:10
1570,CYP,Cyprus,2008,79.906,77.251,82.76,3.2,3.8,85.299,41.677,2.1,2.007,2.73,6.014,World Bank API,2026-09-30 02:09:10
1571,CYP,Cyprus,2009,80.375,77.878,83.02,3.0,3.5,79.625,40.181,2.0,2.046,2.74,6.465,World Bank API,2026-09-30 02:09:10
1572,CYP,Cyprus,2010,80.632,78.173,83.238,2.7,3.2,76.571,38.898,1.8,2.127,2.62,6.501,World Bank API,2026-09-30 02:09:10
1573,CYP,Cyprus,2011,80.855,78.467,83.382,2.6,3.0,73.612,37.926,1.7,2.206,2.61,6.431,World Bank API,2026-09-30 02:09:10
1574,CYP,Cyprus,2012,81.128,78.721,83.666,2.4,2.8,71.044,36.338,1.6,2.236,2.57,6.536,World Bank API,2026-09-30 02:09:10
1575,CYP,Cyprus,2013,81.317,78.984,83.746,2.3,2.7,68.446,35.568,1.5,2.326,2.48,6.928,World Bank API,2026-09-30 02:09:10
1576,CYP,Cyprus,2014,81.337,79.051,83.706,2.2,2.6,67.29,35.294,1.4,2.396,2.42,6.931,World Bank API,2026-09-30 02:09:10
1577,CYP,Cyprus,2015,81.464,79.153,83.855,2.1,2.5,65.924,34.187,1.4,2.498,2.37,6.794,World Bank API,2026-09-30 02:09:10
1578,CYP,Cyprus,2016,81.534,79.213,83.934,2.1,2.5,64.895,33.348,1.4,2.594,2.36,6.653,World Bank API,2026-09-30 02:09:10
1579,CYP,Cyprus,2017,81.543,79.304,83.871,2.2,2.6,63.405,33.075,1.4,2.651,2.26,6.622,World Bank API,2026-09-30 02:09:10
1580,CYP,Cyprus,2018,81.556,79.387,83.765,2.3,2.7,62.491,32.938,1.5,2.789,2.18,6.784,World Bank API,2026-09-30 02:09:10
1581,CYP,Cyprus,2019,81.454,79.317,83.633,2.5,3.0,62.309,32.908,1.6,2.928,2.13,6.998,World Bank API,2026-09-30 02:09:10
1582,CYP,Cyprus,2020,81.23,78.916,83.652,2.7,3.3,65.967,42.295,1.8,3.197,2.17,8.648,World Bank API,2026-09-30 02:09:10
1583,CYP,Cyprus,2021,80.573,78.228,83.016,3.0,3.7,76.709,46.701,2.0,3.355,2.13,8.874,World Bank API,2026-09-30 02:09:10
1584,CYP,Cyprus,2022,80.434,78.345,82.577,3.4,4.1,69.269,40.183,2.2,3.556,2.15,8.272,World Bank API,2026-09-30 02:09:10
1585,CZE,Czechia,1990,71.384,67.54,75.42,10.4,12.2,230.775,95.017,7.3,2.721,11.3,5.669,World Bank API,2026-09-30 02:09:10
1586,CZE,Czechia,1991,71.898,68.23,75.75,9.9,11.7,217.618,94.837,6.8,2.676,11.1,5.669,World Bank API,2026-09-30 02:09:10
1587,CZE,Czechia,1992,72.272,68.54,76.19,9.3,11.0,215.332,91.241,6.2,2.681,10.7,5.669,World Bank API,2026-09-30 02:09:10
1588,CZE,Czechia,1993,72.768,69.28,76.43,8.6,10.3,203.075,87.543,5.6,2.867,10.4,5.669,World Bank API,2026-09-30 02:09:10
1589,CZE,Czechia,1994,72.973,69.48,76.64,7.9,9.4,200.855,84.664,5.1,2.936,10.2,5.669,World Bank API,2026-09-30 02:09:10
1590,CZE,Czechia,1995,73.075,69.67,76.65,7.1,8.5,195.299,87.578,4.5,3.001,9.802,5.669,World Bank API,2026-09-30 02:09:10
1591,CZE,Czechia,1996,73.715,70.3,77.3,6.4,7.7,190.31,80.073,4.0,2.99,9.403,5.669,World Bank API,2026-09-30 02:09:10
1592,CZE,Czechia,1997,73.825,70.42,77.4,5.7,6.9,188.897,81.553,3.6,3.119,9.005,5.669,World Bank API,2026-09-30 02:09:10
1593,CZE,Czechia,1998,74.515,71.1,78.1,5.2,6.3,179.468,76.781,3.2,3.039,8.607,5.669,World Bank API,2026-09-30 02:09:10
1594,CZE,Czechia,1999,74.668,71.4,78.1,4.8,5.8,176.295,75.214,2.9,3.088,8.208,5.669,World Bank API,2026-09-30 02:09:10
1595,CZE,Czechia,2000,74.968,71.7,78.4,4.5,5.5,172.623,76.137,2.7,3.38,7.81,5.669,World Bank API,2026-09-30 02:09:10
1596,CZE,Czechia,2001,75.173,72.1,78.4,4.2,5.2,167.58,75.735,2.5,3.442,7.76,5.835,World Bank API,2026-09-30 02:09:10
1597,CZE,Czechia,2002,75.222,72.1,78.5,4.0,5.0,164.947,72.549,2.4,3.491,7.73,6.147,World Bank API,2026-09-30 02:09:10
1598,CZE,Czechia,2003,75.171,72.0,78.5,3.9,4.8,166.235,74.23,2.4,3.509,7.69,6.502,World Bank API,2026-09-30 02:09:10
1599,CZE,Czechia,2004,75.722,72.6,79.0,3.7,4.6,159.881,68.716,2.3,3.499,7.6,6.333,World Bank API,2026-09-30 02:09:10
1600,CZE,Czechia,2005,75.924,72.9,79.1,3.5,4.4,154.618,69.669,2.2,3.539,7.52,6.335,World Bank API,2026-09-30 02:09:10
1601,CZE,Czechia,2006,76.524,73.5,79.7,3.3,4.1,146.736,66.353,2.1,3.551,7.4,6.165,World Bank API,2026-09-30 02:09:10
1602,CZE,Czechia,2007,76.724,73.7,79.9,3.2,3.9,145.864,64.729,2.0,3.561,7.3,5.99,World Bank API,2026-09-30 02:09:10
1603,CZE,Czechia,2008,76.976,74.0,80.1,3.0,3.7,143.699,65.342,1.9,3.558,7.22,6.339,World Bank API,2026-09-30 02:09:10
1604,CZE,Czechia,2009,77.078,74.2,80.1,2.9,3.5,138.751,62.774,1.8,3.584,7.16,7.265,World Bank API,2026-09-30 02:09:10
1605,CZE,Czechia,2010,77.424,74.4,80.6,2.7,3.4,135.428,60.281,1.7,3.599,7.35,7.478,World Bank API,2026-09-30 02:09:10
1606,CZE,Czechia,2011,77.873,74.8,81.1,2.6,3.3,131.678,59.481,1.6,3.637,7.11,7.473,World Bank API,2026-09-30 02:09:10
1607,CZE,Czechia,2012,78.076,75.1,81.2,2.6,3.2,125.77,58.347,1.6,3.676,6.98,7.54,World Bank API,2026-09-30 02:09:10
1608,CZE,Czechia,2013,78.176,75.2,81.3,2.5,3.1,120.745,56.75,1.6,3.689,6.75,7.448,World Bank API,2026-09-30 02:09:10
1609,CZE,Czechia,2014,78.824,75.8,82.0,2.5,3.1,114.572,53.443,1.6,3.934,6.73,7.539,World Bank API,2026-09-30 02:09:10
1610,CZE,Czechia,2015,78.578,75.7,81.6,2.6,3.2,112.244,53.074,1.6,3.952,6.73,7.293,World Bank API,2026-09-30 02:09:10
1611,CZE,Czechia,2016,79.027,76.1,82.1,2.6,3.2,109.118,53.474,1.6,4.019,6.73,7.323,World Bank API,2026-09-30 02:09:10
1612,CZE,Czechia,2017,78.978,76.1,82.0,2.6,3.2,109.159,51.586,1.6,4.068,6.71,7.242,World Bank API,2026-09-30 02:09:10
1613,CZE,Czechia,2018,79.029,76.2,82.0,2.5,3.1,110.448,51.152,1.6,4.069,6.72,7.372,World Bank API,2026-09-30 02:09:10
1614,CZE,Czechia,2019,79.229,76.4,82.2,2.4,3.0,107.105,51.96,1.6,4.112,6.7,7.488,World Bank API,2026-09-30 02:09:10
1615,CZE,Czechia,2020,78.227,75.3,81.3,2.4,2.9,111.913,54.973,1.5,4.153,6.63,8.97,World Bank API,2026-09-30 02:09:10
1616,CZE,Czechia,2021,77.222,74.1,80.5,2.3,2.8,126.9,61.338,1.5,4.246,6.65,9.154,World Bank API,2026-09-30 02:09:10
1617,CZE,Czechia,2022,78.929,76.1,81.9,2.2,2.7,126.9,61.338,1.4,4.352,6.54,8.471,World Bank API,2026-09-30 02:09:10
1618,DEU,Germany,1990,75.086,71.911,78.419,7.0,8.5,158.105,77.112,3.4,2.745,10.4,9.759,World Bank API,2026-09-30 02:09:10
1619,DEU,Germany,1991,75.32,72.1,78.7,6.6,8.0,157.727,76.351,3.5,2.745,10.1,9.759,World Bank API,2026-09-30 02:09:10
1620,DEU,Germany,1992,75.82,72.6,79.2,6.2,7.6,153.303,73.864,3.4,2.816,9.9,9.759,World Bank API,2026-09-30 02:09:10
1621,DEU,Germany,1993,75.871,72.7,79.2,5.8,7.2,150.314,73.332,3.3,2.904,9.7,9.759,World Bank API,2026-09-30 02:09:10
1622,DEU,Germany,1994,76.271,73.1,79.6,5.5,6.8,147.844,71.241,3.2,2.977,9.7,9.759,World Bank API,2026-09-30 02:09:10
1623,DEU,Germany,1995,76.422,73.3,79.7,5.3,6.5,144.281,70.337,3.1,3.041,9.7,9.759,World Bank API,2026-09-30 02:09:10
1624,DEU,Germany,1996,76.673,73.6,79.9,5.0,6.2,140.48,69.158,3.0,3.087,9.6,9.759,World Bank API,2026-09-30 02:09:10
1625,DEU,Germany,1997,77.073,74.0,80.3,4.8,5.9,135.199,66.885,2.9,3.103,9.4,9.759,World Bank API,2026-09-30 02:09:10
1626,DEU,Germany,1998,77.476,74.5,80.6,4.7,5.7,129.383,64.675,2.9,3.164,9.3,9.759,World Bank API,2026-09-30 02:09:10
1627,DEU,Germany,1999,77.727,74.8,80.8,4.5,5.5,126.811,64.134,2.8,3.213,9.2,9.759,World Bank API,2026-09-30 02:09:10
1628,DEU,Germany,2000,77.927,75.0,81.0,4.4,5.4,125.456,63.354,2.8,3.263,9.16,9.759,World Bank API,2026-09-30 02:09:10
1629,DEU,Germany,2001,78.329,75.5,81.3,4.3,5.2,121.87,62.08,2.7,3.31,9.06,9.781,World Bank API,2026-09-30 02:09:10
1630,DEU,Germany,2002,78.229,75.4,81.2,4.2,5.1,120.763,61.736,2.7,3.338,8.92,10.029,World Bank API,2026-09-30 02:09:10
1631,DEU,Germany,2003,78.38,75.6,81.3,4.1,5.0,119.369,60.737,2.7,3.369,8.79,10.223,World Bank API,2026-09-30 02:09:10
1632,DEU,Germany,2004,78.68,75.9,81.6,4.0,4.9,113.98,58.657,2.6,3.392,8.62,9.975,World Bank API,2026-09-30 02:09:10
1633,DEU,Germany,2005,78.932,76.2,81.8,3.9,4.7,111.806,57.71,2.6,3.413,8.51,10.107,World Bank API,2026-09-30 02:09:10
1634,DEU,Germany,2006,79.132,76.4,82.0,3.8,4.6,108.484,56.008,2.6,3.465,8.37,9.962,World Bank API,2026-09-30 02:09:10
1635,DEU,Germany,2007,79.534,76.9,82.3,3.7,4.5,106.198,55.294,2.5,3.528,8.34,9.835,World Bank API,2026-09-30 02:09:10
1636,DEU,Germany,2008,79.737,77.2,82.4,3.6,4.4,104.309,54.726,2.4,3.584,8.31,10.032,World Bank API,2026-09-30 02:09:10
1637,DEU,Germany,2009,79.837,77.3,82.5,3.5,4.3,103.586,54.228,2.4,3.662,8.34,10.97,World Bank API,2026-09-30 02:09:10
1638,DEU,Germany,2010,79.988,77.5,82.6,3.5,4.2,101.933,53.275,2.3,3.757,8.34,10.831,World Bank API,2026-09-30 02:09:10
1639,DEU,Germany,2011,80.437,77.9,83.1,3.4,4.1,98.648,52.91,2.3,3.849,8.32,10.521,World Bank API,2026-09-30 02:09:10
1640,DEU,Germany,2012,80.539,78.1,83.1,3.4,4.0,95.548,51.099,2.3,3.922,8.29,10.594,World Bank API,2026-09-30 02:09:10
1641,DEU,Germany,2013,80.49,78.1,83.0,3.3,4.0,94.684,51.743,2.3,4.015,8.24,10.743,World Bank API,2026-09-30 02:09:10
1642,DEU,Germany,2014,81.09,78.7,83.6,3.3,4.0,91.119,49.597,2.3,4.088,8.19,10.768,World Bank API,2026-09-30 02:09:10
1643,DEU,Germany,2015,80.641,78.3,83.1,3.3,3.9,92.451,50.173,2.3,4.12,8.09,10.923,World Bank API,2026-09-30 02:09:10
1644,DEU,Germany,2016,80.99,78.6,83.5,3.3,3.9,89.99,49.545,2.3,4.166,8.02,10.971,World Bank API,2026-09-30 02:09:10
1645,DEU,Germany,2017,80.993,78.7,83.4,3.2,3.8,86.511,48.026,2.3,4.226,7.96,11.051,World Bank API,2026-09-30 02:09:10
1646,DEU,Germany,2018,80.893,78.6,83.3,3.2,3.8,86.917,48.283,2.3,4.287,7.94,11.184,World Bank API,2026-09-30 02:09:10
1647,DEU,Germany,2019,81.293,79.0,83.7,3.1,3.7,83.621,46.582,2.3,4.373,7.87,11.428,World Bank API,2026-09-30 02:09:10
1648,DEU,Germany,2020,81.041,78.7,83.5,3.1,3.7,85.005,46.195,2.3,4.443,7.77,12.468,World Bank API,2026-09-30 02:09:10
1649,DEU,Germany,2021,80.79,78.4,83.3,3.1,3.7,85.005,46.195,2.3,4.503,7.71,12.724,World Bank API,2026-09-30 02:09:10
1650,DEU,Germany,2022,80.608,78.33,83.0,3.1,3.7,85.005,46.195,2.3,4.534,7.64,12.447,World Bank API,2026-09-30 02:09:10
1651,DJI,Djibouti,1990,55.469,53.535,57.445,87.9,115.3,350.784,283.483,48.0,0.162,2.54,3.396,World Bank API,2026-09-30 02:09:10
1652,DJI,Djibouti,1991,55.194,52.784,57.702,86.9,113.1,375.047,283.069,47.5,0.168,2.474,3.396,World Bank API,2026-09-30 02:09:10
1653,DJI,Djibouti,1992,54.375,51.231,57.746,86.1,111.3,416.867,285.67,47.0,0.174,2.409,3.396,World Bank API,2026-09-30 02:09:10
1654,DJI,Djibouti,1993,55.734,53.85,57.652,85.5,109.6,352.054,285.894,46.6,0.179,2.343,3.396,World Bank API,2026-09-30 02:09:10
1655,DJI,Djibouti,1994,55.592,53.717,57.501,85.1,108.2,352.954,285.836,46.1,0.185,2.278,3.396,World Bank API,2026-09-30 02:09:10
1656,DJI,Djibouti,1995,56.234,54.482,58.009,84.6,106.9,343.939,283.746,45.6,0.191,2.212,3.396,World Bank API,2026-09-30 02:09:10
1657,DJI,Djibouti,1996,56.33,54.648,58.031,84.0,105.5,342.78,285.137,45.0,0.14,2.147,3.396,World Bank API,2026-09-30 02:09:10
1658,DJI,Djibouti,1997,56.207,54.569,57.863,83.4,104.0,345.974,289.065,44.4,0.136,2.082,3.396,World Bank API,2026-09-30 02:09:10
1659,DJI,Djibouti,1998,56.426,54.834,58.036,82.5,102.3,343.569,288.253,43.8,0.132,2.016,3.396,World Bank API,2026-09-30 02:09:10
1660,DJI,Djibouti,1999,56.564,54.953,58.195,81.5,100.5,344.426,287.775,43.2,0.128,1.951,3.396,World Bank API,2026-09-30 02:09:10
1661,DJI,Djibouti,2000,56.734,55.22,58.263,80.3,98.5,340.885,288.311,42.6,0.134,1.885,3.396,World Bank API,2026-09-30 02:09:10
1662,DJI,Djibouti,2001,57.506,55.868,59.167,79.0,96.3,331.467,275.602,42.1,0.139,1.82,3.196,World Bank API,2026-09-30 02:09:10
1663,DJI,Djibouti,2002,57.824,56.018,59.669,77.5,94.0,331.398,269.708,41.5,0.145,1.754,3.752,World Bank API,2026-09-30 02:09:10
1664,DJI,Djibouti,2003,58.041,56.076,60.062,75.9,91.6,333.116,265.568,41.0,0.15,1.689,4.27,World Bank API,2026-09-30 02:09:10
1665,DJI,Djibouti,2004,58.103,55.981,60.3,74.4,89.3,336.366,262.496,40.5,0.156,1.624,3.535,World Bank API,2026-09-30 02:09:10
1666,DJI,Djibouti,2005,58.548,56.295,60.888,72.7,86.9,334.609,256.708,39.9,0.167,1.558,3.803,World Bank API,2026-09-30 02:09:10
1667,DJI,Djibouti,2006,58.962,56.673,61.339,71.1,84.6,330.408,251.788,39.4,0.216,1.493,4.22,World Bank API,2026-09-30 02:09:10
1668,DJI,Djibouti,2007,59.362,57.046,61.767,69.5,82.3,326.147,247.199,38.8,0.214,1.427,4.053,World Bank API,2026-09-30 02:09:10
1669,DJI,Djibouti,2008,59.815,57.466,62.254,67.8,79.9,321.97,241.898,38.2,0.212,1.362,3.613,World Bank API,2026-09-30 02:09:10
1670,DJI,Djibouti,2009,60.351,58.105,62.67,66.2,77.7,312.541,237.466,37.5,0.21,1.296,3.639,World Bank API,2026-09-30 02:09:10
1671,DJI,Djibouti,2010,60.743,58.506,63.05,64.6,75.5,307.79,233.561,36.8,0.209,1.231,3.357,World Bank API,2026-09-30 02:09:10
1672,DJI,Djibouti,2011,61.337,59.105,63.635,63.1,73.4,299.884,226.864,36.1,0.207,1.165,3.374,World Bank API,2026-09-30 02:09:10
1673,DJI,Djibouti,2012,61.719,59.452,64.053,61.5,71.3,296.063,222.237,35.4,0.205,1.1,3.297,World Bank API,2026-09-30 02:09:10
1674,DJI,Djibouti,2013,62.116,59.845,64.454,59.8,69.2,291.616,218.011,34.7,0.203,1.07,2.918,World Bank API,2026-09-30 02:09:10
1675,DJI,Djibouti,2014,62.427,60.073,64.857,58.2,67.2,289.904,213.725,34.0,0.201,1.18,2.959,World Bank API,2026-09-30 02:09:10
1676,DJI,Djibouti,2015,62.833,60.43,65.313,56.6,65.2,286.379,208.828,33.2,0.202,1.26,3.348,World Bank API,2026-09-30 02:09:10
1677,DJI,Djibouti,2016,63.335,60.949,65.794,55.0,63.2,279.034,203.293,32.5,0.204,1.44,2.742,World Bank API,2026-09-30 02:09:10
1678,DJI,Djibouti,2017,63.71,61.319,66.172,53.3,61.2,274.902,199.313,31.8,0.205,1.42,2.48,World Bank API,2026-09-30 02:09:10
1679,DJI,Djibouti,2018,64.105,61.69,66.592,51.8,59.4,270.655,194.84,31.1,0.206,1.4,2.531,World Bank API,2026-09-30 02:09:10
1680,DJI,Djibouti,2019,64.381,61.968,66.863,50.2,57.5,267.784,192.313,30.5,0.207,1.4,2.413,World Bank API,2026-09-30 02:09:10
1681,DJI,Djibouti,2020,64.2,61.656,66.847,48.7,55.7,272.598,193.808,29.8,0.208,1.4,2.339,World Bank API,2026-09-30 02:09:10
1682,DJI,Djibouti,2021,63.83,61.345,66.403,47.3,54.0,290.211,208.382,29.1,0.21,1.4,2.871,World Bank API,2026-09-30 02:09:10
1683,DJI,Djibouti,2022,65.54,63.058,68.089,45.8,52.1,255.546,179.63,28.4,0.211,1.4,2.526,World Bank API,2026-09-30 02:09:10
1684,DMA,Dominica,1990,70.471,67.54,73.478,14.9,18.5,232.751,140.709,10.8,0.46,3.0,5.324,World Bank API,2026-09-30 02:09:10
1685,DMA,Dominica,1991,70.398,67.579,73.283,14.9,18.4,232.57,144.869,10.6,0.528,2.865,5.324,World Bank API,2026-09-30 02:09:10
1686,DMA,Dominica,1992,70.473,67.653,73.363,14.9,18.2,231.598,143.92,10.5,0.514,2.729,5.324,World Bank API,2026-09-30 02:09:10
1687,DMA,Dominica,1993,70.612,67.768,73.529,15.0,18.2,229.32,141.135,10.4,0.499,2.594,5.324,World Bank API,2026-09-30 02:09:10
1688,DMA,Dominica,1994,70.777,67.932,73.695,15.1,18.2,225.834,138.081,10.5,0.484,3.097,5.324,World Bank API,2026-09-30 02:09:10
1689,DMA,Dominica,1995,70.832,68.016,73.722,15.3,18.3,223.022,136.749,10.7,0.47,3.6,5.324,World Bank API,2026-09-30 02:09:10
1690,DMA,Dominica,1996,71.039,68.227,73.936,15.4,18.4,218.892,133.352,11.0,0.493,2.65,5.324,World Bank API,2026-09-30 02:09:10
1691,DMA,Dominica,1997,71.195,68.442,74.033,15.7,18.6,213.55,131.165,11.3,0.548,2.74,5.324,World Bank API,2026-09-30 02:09:10
1692,DMA,Dominica,1998,71.352,68.641,74.155,16.0,18.8,208.651,128.516,11.7,0.865,2.83,5.324,World Bank API,2026-09-30 02:09:10
1693,DMA,Dominica,1999,71.527,68.859,74.295,16.3,19.1,203.176,125.28,12.1,1.182,2.92,5.324,World Bank API,2026-09-30 02:09:10
1694,DMA,Dominica,2000,71.715,69.08,74.462,16.6,19.4,197.561,121.424,12.5,1.499,3.01,5.324,World Bank API,2026-09-30 02:09:10
1695,DMA,Dominica,2001,71.862,69.24,74.617,17.0,19.7,193.386,117.809,13.0,1.816,3.1,4.645,World Bank API,2026-09-30 02:09:10
1696,DMA,Dominica,2002,71.927,69.311,74.692,17.5,20.1,190.802,115.339,13.5,1.776,3.19,4.653,World Bank API,2026-09-30 02:09:10
1697,DMA,Dominica,2003,71.942,69.354,74.688,18.0,20.6,188.508,113.82,14.1,1.735,3.28,4.846,World Bank API,2026-09-30 02:09:10
1698,DMA,Dominica,2004,71.987,69.404,74.742,18.5,21.1,186.166,111.61,14.6,1.695,3.37,4.745,World Bank API,2026-09-30 02:09:10
1699,DMA,Dominica,2005,72.016,69.436,74.787,19.0,21.6,184.133,109.474,15.3,1.654,3.46,4.978,World Bank API,2026-09-30 02:09:10
1700,DMA,Dominica,2006,72.007,69.434,74.789,19.6,22.2,182.717,107.89,16.0,1.614,3.55,4.781,World Bank API,2026-09-30 02:09:10
1701,DMA,Dominica,2007,71.901,69.323,74.717,20.3,22.8,182.66,106.961,16.7,1.573,3.64,4.791,World Bank API,2026-09-30 02:09:10
1702,DMA,Dominica,2008,71.945,69.328,74.837,21.0,23.5,181.853,104.13,17.6,1.532,3.73,5.05,World Bank API,2026-09-30 02:09:10
1703,DMA,Dominica,2009,71.835,69.221,74.755,21.7,24.2,182.455,103.84,18.6,1.492,3.82,4.983,World Bank API,2026-09-30 02:09:10
1704,DMA,Dominica,2010,71.68,69.091,74.6,22.4,24.9,183.553,104.911,19.7,1.452,3.91,5.157,World Bank API,2026-09-30 02:09:10
1705,DMA,Dominica,2011,71.517,68.968,74.416,23.2,25.7,184.414,106.451,20.8,1.411,4.0,5.335,World Bank API,2026-09-30 02:09:10
1706,DMA,Dominica,2012,71.391,68.884,74.212,24.1,26.5,184.435,108.366,21.9,1.37,3.99,5.795,World Bank API,2026-09-30 02:09:10
1707,DMA,Dominica,2013,71.228,68.775,74.009,24.9,27.4,184.952,110.128,23.1,1.33,3.96,5.347,World Bank API,2026-09-30 02:09:10
1708,DMA,Dominica,2014,71.189,68.671,73.95,25.8,28.3,185.124,109.609,24.3,1.289,3.92,5.261,World Bank API,2026-09-30 02:09:10
1709,DMA,Dominica,2015,69.968,67.755,72.395,26.8,29.2,189.708,124.826,25.4,1.249,3.68,5.159,World Bank API,2026-09-30 02:09:10
1710,DMA,Dominica,2016,71.189,68.564,74.103,27.8,30.2,184.11,103.597,26.5,1.208,3.72,5.123,World Bank API,2026-09-30 02:09:10
1711,DMA,Dominica,2017,68.62,66.594,70.937,28.7,31.1,196.247,136.108,27.5,1.168,3.37,5.462,World Bank API,2026-09-30 02:09:10
1712,DMA,Dominica,2018,71.378,68.756,74.421,29.7,32.1,176.666,94.868,28.3,1.158,3.23,6.185,World Bank API,2026-09-30 02:09:10
1713,DMA,Dominica,2019,71.305,68.564,74.508,30.6,33.0,179.037,91.831,29.0,1.158,3.18,5.169,World Bank API,2026-09-30 02:09:10
1714,DMA,Dominica,2020,71.269,68.44,74.591,31.4,33.8,181.368,89.3,29.6,1.158,3.2,6.068,World Bank API,2026-09-30 02:09:10
1715,DMA,Dominica,2021,69.832,67.156,73.033,32.1,34.4,205.238,114.983,30.1,1.158,3.21,6.311,World Bank API,2026-09-30 02:09:10
1716,DMA,Dominica,2022,71.081,68.121,74.572,32.7,35.0,184.165,87.246,30.5,1.158,3.95,5.973,World Bank API,2026-09-30 02:09:10
1717,DNK,Denmark,1990,74.805,72.02,77.73,7.3,8.9,155.211,101.117,4.4,2.494,5.6,8.11,World Bank API,2026-09-30 02:09:10
1718,DNK,Denmark,1991,75.158,72.47,77.98,6.9,8.4,150.624,95.335,4.2,2.429,5.4,8.11,World Bank API,2026-09-30 02:09:10
1719,DNK,Denmark,1992,75.194,72.56,77.96,6.4,7.9,147.322,94.805,4.1,2.596,5.1,8.11,World Bank API,2026-09-30 02:09:10
1720,DNK,Denmark,1993,75.117,72.59,77.77,6.0,7.3,146.046,94.326,4.0,2.613,5.0,8.11,World Bank API,2026-09-30 02:09:10
1721,DNK,Denmark,1994,75.375,72.78,78.1,5.7,6.9,145.665,92.219,3.9,2.639,5.0,8.11,World Bank API,2026-09-30 02:09:10
1722,DNK,Denmark,1995,75.213,72.72,77.83,5.4,6.5,142.308,93.451,3.9,2.682,4.9,8.11,World Bank API,2026-09-30 02:09:10
1723,DNK,Denmark,1996,75.591,73.05,78.26,5.1,6.2,141.132,87.663,3.8,2.703,4.7,8.11,World Bank API,2026-09-30 02:09:10
1724,DNK,Denmark,1997,75.945,73.55,78.46,5.0,6.0,133.328,87.251,3.8,2.78,4.6,8.11,World Bank API,2026-09-30 02:09:10
1725,DNK,Denmark,1998,76.139,73.7,78.7,4.8,5.9,128.913,80.569,3.7,2.858,4.5,8.11,World Bank API,2026-09-30 02:09:10
1726,DNK,Denmark,1999,76.341,74.0,78.8,4.7,5.7,127.693,82.145,3.6,2.884,4.3,8.11,World Bank API,2026-09-30 02:09:10
1727,DNK,Denmark,2000,76.593,74.3,79.0,4.7,5.6,125.917,78.859,3.5,2.913,4.29,8.11,World Bank API,2026-09-30 02:09:10
1728,DNK,Denmark,2001,76.793,74.5,79.2,4.6,5.5,123.926,78.517,3.4,2.933,4.22,8.444,World Bank API,2026-09-30 02:09:10
1729,DNK,Denmark,2002,76.895,74.7,79.2,4.5,5.4,124.075,75.793,3.3,3.037,4.29,8.695,World Bank API,2026-09-30 02:09:10
1730,DNK,Denmark,2003,77.144,74.9,79.5,4.4,5.2,121.097,73.484,3.2,3.081,4.13,8.89,World Bank API,2026-09-30 02:09:10
1731,DNK,Denmark,2004,77.493,75.2,79.9,4.2,5.0,118.165,71.842,3.1,3.227,3.97,8.986,World Bank API,2026-09-30 02:09:10
1732,DNK,Denmark,2005,77.844,75.6,80.2,4.1,4.8,111.142,69.267,3.1,3.335,3.86,9.067,World Bank API,2026-09-30 02:09:10
1733,DNK,Denmark,2006,78.095,75.9,80.4,3.9,4.6,115.834,68.409,3.0,3.424,3.79,9.153,World Bank API,2026-09-30 02:09:10
1734,DNK,Denmark,2007,78.195,76.0,80.5,3.8,4.5,115.937,69.511,2.9,3.458,3.69,9.302,World Bank API,2026-09-30 02:09:10
1735,DNK,Denmark,2008,78.446,76.3,80.7,3.7,4.3,107.446,67.182,2.8,3.579,3.57,9.468,World Bank API,2026-09-30 02:09:10
1736,DNK,Denmark,2009,78.598,76.5,80.8,3.6,4.2,106.703,64.924,2.8,3.651,3.49,10.629,World Bank API,2026-09-30 02:09:10
1737,DNK,Denmark,2010,79.1,77.1,81.2,3.5,4.1,104.849,63.005,2.8,3.726,3.5,10.596,World Bank API,2026-09-30 02:09:10
1738,DNK,Denmark,2011,79.8,77.8,81.9,3.5,4.1,97.155,59.047,2.8,3.789,3.13,10.398,World Bank API,2026-09-30 02:09:10
1739,DNK,Denmark,2012,80.051,78.1,82.1,3.5,4.1,92.572,57.616,2.8,3.837,3.1,10.533,World Bank API,2026-09-30 02:09:10
1740,DNK,Denmark,2013,80.3,78.3,82.4,3.5,4.1,90.145,54.62,2.9,3.849,3.07,10.298,World Bank API,2026-09-30 02:09:10
1741,DNK,Denmark,2014,80.7,78.7,82.8,3.5,4.1,86.724,51.817,2.9,3.877,2.8,10.314,World Bank API,2026-09-30 02:09:10
1742,DNK,Denmark,2015,80.702,78.8,82.7,3.5,4.1,82.945,51.397,2.9,3.93,2.53,10.375,World Bank API,2026-09-30 02:09:10
1743,DNK,Denmark,2016,80.854,79.0,82.8,3.5,4.0,82.426,51.652,2.8,3.999,2.6,10.282,World Bank API,2026-09-30 02:09:10
1744,DNK,Denmark,2017,81.102,79.2,83.1,3.4,3.9,78.186,47.453,2.8,4.109,2.61,10.114,World Bank API,2026-09-30 02:09:10
1745,DNK,Denmark,2018,80.954,79.1,82.9,3.4,3.9,77.895,48.343,2.7,4.196,2.61,10.142,World Bank API,2026-09-30 02:09:10
1746,DNK,Denmark,2019,81.451,79.5,83.5,3.3,3.8,73.629,43.817,2.6,4.251,2.59,10.185,World Bank API,2026-09-30 02:09:10
1747,DNK,Denmark,2020,81.602,79.7,83.6,3.3,3.7,71.498,43.561,2.5,4.377,2.59,10.692,World Bank API,2026-09-30 02:09:10
1748,DNK,Denmark,2021,81.405,79.6,83.3,3.3,3.7,68.914,44.448,2.5,4.498,2.51,10.656,World Bank API,2026-09-30 02:09:10
1749,DNK,Denmark,2022,81.305,79.5,83.2,3.3,3.8,70.881,42.149,2.5,4.498,2.48,9.474,World Bank API,2026-09-30 02:09:10
1750,DOM,Dominican Republic,1990,67.746,64.995,70.671,48.0,59.3,234.94,163.611,24.3,1.49,1.881,4.884,World Bank API,2026-09-30 02:09:10
1751,DOM,Dominican Republic,1991,68.154,65.311,71.178,46.2,56.8,234.574,160.599,23.7,1.345,1.921,4.884,World Bank API,2026-09-30 02:09:10
1752,DOM,Dominican Republic,1992,68.525,65.601,71.633,44.5,54.4,234.281,157.747,23.3,1.199,1.96,4.884,World Bank API,2026-09-30 02:09:10
1753,DOM,Dominican Republic,1993,68.86,65.88,72.024,42.7,52.1,233.774,155.06,22.9,1.054,2.0,4.884,World Bank API,2026-09-30 02:09:10
1754,DOM,Dominican Republic,1994,69.16,66.133,72.368,41.0,49.8,233.28,152.46,22.8,1.277,1.833,4.884,World Bank API,2026-09-30 02:09:10
1755,DOM,Dominican Republic,1995,69.394,66.333,72.633,39.4,47.6,233.007,150.094,22.7,1.5,1.667,4.884,World Bank API,2026-09-30 02:09:10
1756,DOM,Dominican Republic,1996,69.595,66.499,72.868,37.9,45.6,232.735,148.509,22.7,1.828,1.5,4.884,World Bank API,2026-09-30 02:09:10
1757,DOM,Dominican Republic,1997,69.809,66.683,73.108,36.6,43.8,232.304,146.783,22.8,2.156,1.473,4.884,World Bank API,2026-09-30 02:09:10
1758,DOM,Dominican Republic,1998,69.875,66.757,73.159,35.4,42.2,232.571,146.855,22.9,2.046,1.445,4.884,World Bank API,2026-09-30 02:09:10
1759,DOM,Dominican Republic,1999,70.178,66.995,73.531,34.3,40.8,231.953,143.684,22.9,1.935,1.418,4.884,World Bank API,2026-09-30 02:09:10
1760,DOM,Dominican Republic,2000,70.365,67.145,73.754,33.5,39.6,231.982,141.801,22.9,1.825,1.391,4.884,World Bank API,2026-09-30 02:09:10
1761,DOM,Dominican Republic,2001,70.553,67.327,73.948,32.7,38.6,230.183,140.435,22.9,1.732,1.364,4.882,World Bank API,2026-09-30 02:09:10
1762,DOM,Dominican Republic,2002,70.719,67.518,74.083,32.1,37.7,228.105,139.885,22.8,1.64,1.336,4.986,World Bank API,2026-09-30 02:09:10
1763,DOM,Dominican Republic,2003,70.856,67.715,74.149,31.7,37.0,225.725,140.202,22.9,1.547,1.309,4.389,World Bank API,2026-09-30 02:09:10
1764,DOM,Dominican Republic,2004,70.73,67.714,73.877,31.3,36.4,224.929,142.576,22.9,1.455,1.282,4.288,World Bank API,2026-09-30 02:09:10
1765,DOM,Dominican Republic,2005,71.043,68.159,74.033,31.0,36.0,219.441,143.734,23.1,1.362,1.255,4.354,World Bank API,2026-09-30 02:09:10
1766,DOM,Dominican Republic,2006,71.054,68.302,73.888,30.8,35.6,216.387,144.574,23.2,1.27,1.227,3.994,World Bank API,2026-09-30 02:09:10
1767,DOM,Dominican Republic,2007,71.097,68.351,73.925,30.6,35.3,214.194,142.656,23.5,1.178,1.2,4.089,World Bank API,2026-09-30 02:09:10
1768,DOM,Dominican Republic,2008,71.331,68.406,74.368,30.5,35.1,212.516,136.193,23.7,1.085,1.58,4.564,World Bank API,2026-09-30 02:09:10
1769,DOM,Dominican Republic,2009,71.587,68.397,74.945,30.5,34.9,211.107,127.901,23.8,1.226,1.45,4.767,World Bank API,2026-09-30 02:09:10
1770,DOM,Dominican Republic,2010,72.039,68.612,75.68,30.5,34.9,206.742,117.108,24.0,1.366,1.6,4.929,World Bank API,2026-09-30 02:09:10
1771,DOM,Dominican Republic,2011,72.496,68.861,76.379,30.6,34.8,203.206,109.748,24.1,1.507,1.58,5.045,World Bank API,2026-09-30 02:09:10
1772,DOM,Dominican Republic,2012,72.817,69.163,76.708,30.6,34.8,197.414,104.699,24.2,1.495,1.73,5.059,World Bank API,2026-09-30 02:09:10
1773,DOM,Dominican Republic,2013,73.038,69.451,76.826,30.8,34.8,192.56,103.433,24.3,1.484,1.72,4.926,World Bank API,2026-09-30 02:09:10
1774,DOM,Dominican Republic,2014,73.145,69.686,76.756,30.9,34.9,189.607,103.729,24.3,1.472,1.52,4.809,World Bank API,2026-09-30 02:09:10
1775,DOM,Dominican Republic,2015,72.982,69.7,76.376,31.0,34.9,188.566,108.612,24.4,1.461,1.51,4.735,World Bank API,2026-09-30 02:09:10
1776,DOM,Dominican Republic,2016,72.889,69.415,76.516,31.2,34.9,195.288,107.301,24.4,1.449,1.37,4.586,World Bank API,2026-09-30 02:09:10
1777,DOM,Dominican Republic,2017,73.37,70.073,76.776,31.2,34.9,182.418,102.041,24.4,1.438,1.48,4.446,World Bank API,2026-09-30 02:09:10
1778,DOM,Dominican Republic,2018,73.555,70.292,76.936,31.1,34.7,180.252,102.711,24.2,1.426,1.24,4.218,World Bank API,2026-09-30 02:09:10
1779,DOM,Dominican Republic,2019,73.112,69.898,76.448,30.9,34.4,182.115,105.271,23.9,1.431,1.25,4.368,World Bank API,2026-09-30 02:09:10
1780,DOM,Dominican Republic,2020,72.636,68.925,76.717,30.4,33.8,193.899,101.598,23.5,1.948,1.42,4.965,World Bank API,2026-09-30 02:09:10
1781,DOM,Dominican Republic,2021,71.757,68.308,75.449,29.8,33.0,208.819,114.788,23.0,2.029,1.51,5.088,World Bank API,2026-09-30 02:09:10
1782,DOM,Dominican Republic,2022,74.211,70.657,77.914,29.1,32.3,172.59,92.318,22.5,2.234,1.51,4.645,World Bank API,2026-09-30 02:09:10
1783,DZA,Algeria,1990,67.658,67.088,68.242,39.8,51.6,164.949,158.211,24.2,0.942,2.499,3.215,World Bank API,2026-09-30 02:09:10
1784,DZA,Algeria,1991,67.692,66.901,68.512,39.5,50.8,171.392,157.503,23.9,0.902,2.4,3.215,World Bank API,2026-09-30 02:09:10
1785,DZA,Algeria,1992,67.725,66.77,68.727,39.5,50.2,175.416,154.789,23.8,0.861,2.301,3.215,World Bank API,2026-09-30 02:09:10
1786,DZA,Algeria,1993,67.797,66.548,69.139,39.4,49.6,194.009,158.677,23.7,0.821,2.202,3.215,World Bank API,2026-09-30 02:09:10
1787,DZA,Algeria,1994,67.284,65.524,69.219,39.2,49.0,219.454,160.463,23.7,0.833,2.103,3.215,World Bank API,2026-09-30 02:09:10
1788,DZA,Algeria,1995,67.691,66.003,69.535,38.8,48.1,211.201,157.033,23.6,0.846,2.102,3.215,World Bank API,2026-09-30 02:09:10
1789,DZA,Algeria,1996,68.219,66.65,69.918,38.2,47.0,195.328,149.202,23.5,0.897,2.102,3.215,World Bank API,2026-09-30 02:09:10
1790,DZA,Algeria,1997,68.859,67.324,70.517,37.6,45.9,182.59,139.415,23.4,0.949,2.101,3.215,World Bank API,2026-09-30 02:09:10
1791,DZA,Algeria,1998,69.327,67.75,71.031,36.7,44.6,177.361,131.922,23.2,1.0,2.1,3.215,World Bank API,2026-09-30 02:09:10
1792,DZA,Algeria,1999,70.088,68.754,71.51,35.8,43.2,159.478,125.053,23.0,1.028,1.935,3.215,World Bank API,2026-09-30 02:09:10
1793,DZA,Algeria,2000,70.576,69.289,71.944,34.8,41.7,151.292,118.73,22.6,1.057,1.77,3.215,World Bank API,2026-09-30 02:09:10
1794,DZA,Algeria,2001,71.025,69.823,72.295,33.7,40.2,141.564,112.704,22.3,1.086,1.75,3.536,World Bank API,2026-09-30 02:09:10
1795,DZA,Algeria,2002,71.644,70.505,72.842,32.5,38.6,130.811,105.3,21.8,1.114,1.74,3.442,World Bank API,2026-09-30 02:09:10
1796,DZA,Algeria,2003,71.906,70.837,73.027,31.3,37.0,126.104,103.477,21.4,1.085,1.77,3.326,World Bank API,2026-09-30 02:09:10
1797,DZA,Algeria,2004,72.536,71.478,73.642,30.1,35.4,117.924,97.135,20.8,1.055,1.81,3.29,World Bank API,2026-09-30 02:09:10
1798,DZA,Algeria,2005,72.836,71.76,73.962,29.0,33.9,115.948,94.9,20.2,1.026,1.76,3.119,World Bank API,2026-09-30 02:09:10
1799,DZA,Algeria,2006,73.116,72.003,74.283,27.9,32.5,114.185,92.451,19.7,1.11,1.71,3.19,World Bank API,2026-09-30 02:09:10
1800,DZA,Algeria,2007,73.346,72.192,74.556,26.9,31.2,113.16,90.601,19.1,1.195,1.725,3.62,World Bank API,2026-09-30 02:09:10
1801,DZA,Algeria,2008,73.618,72.464,74.827,25.9,30.1,110.522,89.165,18.6,1.264,1.74,3.983,World Bank API,2026-09-30 02:09:10
1802,DZA,Algeria,2009,73.871,72.721,75.074,25.1,29.0,108.292,87.484,18.2,1.334,1.74,4.892,World Bank API,2026-09-30 02:09:10
1803,DZA,Algeria,2010,74.144,73.017,75.319,24.4,28.1,105.199,85.714,17.9,1.403,1.71,4.64,World Bank API,2026-09-30 02:09:10
1804,DZA,Algeria,2011,74.383,73.266,75.547,23.8,27.3,103.236,83.949,17.6,1.472,1.68,4.826,World Bank API,2026-09-30 02:09:10
1805,DZA,Algeria,2012,74.609,73.493,75.769,23.2,26.6,101.497,82.546,17.1,1.542,1.66,5.637,World Bank API,2026-09-30 02:09:10
1806,DZA,Algeria,2013,74.809,73.68,75.986,22.7,25.9,100.545,80.95,16.4,1.611,1.65,5.645,World Bank API,2026-09-30 02:09:10
1807,DZA,Algeria,2014,74.992,73.85,76.183,22.3,25.4,99.024,79.598,15.6,1.68,1.64,6.015,World Bank API,2026-09-30 02:09:10
1808,DZA,Algeria,2015,75.159,73.992,76.377,21.9,24.9,97.224,78.32,15.2,1.75,1.62,6.334,World Bank API,2026-09-30 02:09:10
1809,DZA,Algeria,2016,75.31,74.106,76.57,21.6,24.5,94.973,77.401,15.1,1.819,1.6,6.001,World Bank API,2026-09-30 02:09:10
1810,DZA,Algeria,2017,75.431,74.177,76.75,21.3,24.0,93.333,76.059,15.2,1.764,1.61,5.948,World Bank API,2026-09-30 02:09:10
1811,DZA,Algeria,2018,75.555,74.255,76.928,21.0,23.7,91.263,74.447,15.5,1.708,1.61,5.932,World Bank API,2026-09-30 02:09:10
1812,DZA,Algeria,2019,75.682,74.35,77.091,20.7,23.3,89.236,72.473,15.9,0.973,1.61,5.417,World Bank API,2026-09-30 02:09:10
1813,DZA,Algeria,2020,73.257,71.733,74.943,20.4,22.9,115.68,89.481,15.9,1.202,1.61,5.638,World Bank API,2026-09-30 02:09:10
1814,DZA,Algeria,2021,75.208,73.845,76.65,20.2,22.6,95.897,77.167,15.9,1.431,1.61,5.022,World Bank API,2026-09-30 02:09:10
1815,DZA,Algeria,2022,76.129,74.74,77.592,20.0,22.3,82.734,66.452,15.6,1.66,1.61,3.635,World Bank API,2026-09-30 02:09:10
1816,ECU,Ecuador,1990,68.445,65.597,71.398,42.7,53.7,214.312,135.346,22.3,0.934,1.644,3.574,World Bank API,2026-09-30 02:09:10
1817,ECU,Ecuador,1991,69.04,66.049,72.142,40.7,51.1,215.091,137.818,21.7,1.14,1.629,3.574,World Bank API,2026-09-30 02:09:10
1818,ECU,Ecuador,1992,69.468,66.438,72.6,38.7,48.4,213.617,135.768,21.0,1.176,1.615,3.574,World Bank API,2026-09-30 02:09:10
1819,ECU,Ecuador,1993,70.07,66.983,73.245,36.7,45.8,209.72,133.5,20.4,1.089,1.6,3.574,World Bank API,2026-09-30 02:09:10
1820,ECU,Ecuador,1994,70.876,67.713,74.111,34.7,43.2,204.537,126.665,19.7,1.255,1.583,3.574,World Bank API,2026-09-30 02:09:10
1821,ECU,Ecuador,1995,71.349,68.06,74.717,32.7,40.5,203.747,123.414,18.9,1.231,1.567,3.574,World Bank API,2026-09-30 02:09:10
1822,ECU,Ecuador,1996,71.82,68.571,75.121,30.7,38.0,199.586,120.377,18.1,1.303,1.55,3.574,World Bank API,2026-09-30 02:09:10
1823,ECU,Ecuador,1997,72.007,68.728,75.346,28.8,35.6,199.718,118.934,17.1,1.319,1.547,3.574,World Bank API,2026-09-30 02:09:10
1824,ECU,Ecuador,1998,71.949,68.821,75.132,27.1,33.3,198.521,117.849,16.0,1.307,1.545,3.574,World Bank API,2026-09-30 02:09:10
1825,ECU,Ecuador,1999,71.92,68.833,75.075,25.5,31.3,199.233,116.877,15.0,1.369,1.542,3.574,World Bank API,2026-09-30 02:09:10
1826,ECU,Ecuador,2000,72.09,69.083,75.161,24.1,29.6,196.126,115.615,14.1,0.812,1.54,3.574,World Bank API,2026-09-30 02:09:10
1827,ECU,Ecuador,2001,72.571,69.536,75.667,22.9,28.0,192.415,112.073,13.4,0.851,1.56,4.064,World Bank API,2026-09-30 02:09:10
1828,ECU,Ecuador,2002,73.164,70.113,76.27,21.9,26.6,186.918,108.283,12.7,0.849,1.5,4.814,World Bank API,2026-09-30 02:09:10
1829,ECU,Ecuador,2003,73.632,70.536,76.784,21.0,25.5,183.382,104.421,12.2,0.808,1.39,5.792,World Bank API,2026-09-30 02:09:10
1830,ECU,Ecuador,2004,73.868,70.711,77.094,20.2,24.5,181.443,102.766,11.7,0.884,1.56,5.882,World Bank API,2026-09-30 02:09:10
1831,ECU,Ecuador,2005,73.909,70.764,77.131,19.5,23.6,180.087,101.944,11.2,0.902,1.54,5.859,World Bank API,2026-09-30 02:09:10
1832,ECU,Ecuador,2006,74.01,70.878,77.222,18.8,22.7,179.207,100.553,10.7,0.895,1.42,5.936,World Bank API,2026-09-30 02:09:10
1833,ECU,Ecuador,2007,74.226,71.109,77.415,18.1,21.8,176.636,98.51,10.3,0.978,1.43,5.557,World Bank API,2026-09-30 02:09:10
1834,ECU,Ecuador,2008,74.709,71.553,77.916,17.4,20.9,175.322,96.724,9.8,1.096,1.62,5.522,World Bank API,2026-09-30 02:09:10
1835,ECU,Ecuador,2009,74.901,71.781,78.071,16.7,20.0,173.073,95.175,9.4,1.216,1.51,6.034,World Bank API,2026-09-30 02:09:10
1836,ECU,Ecuador,2010,75.188,72.152,78.261,16.0,19.1,168.222,93.776,9.0,1.283,1.58,6.349,World Bank API,2026-09-30 02:09:10
1837,ECU,Ecuador,2011,75.179,72.276,78.127,15.3,18.2,162.109,92.493,8.6,1.382,1.6,6.605,World Bank API,2026-09-30 02:09:10
1838,ECU,Ecuador,2012,75.486,72.738,78.257,14.6,17.4,154.248,90.846,8.2,1.561,1.49,6.879,World Bank API,2026-09-30 02:09:10
1839,ECU,Ecuador,2013,75.832,73.245,78.422,14.0,16.6,147.155,88.107,7.8,1.645,1.5,6.779,World Bank API,2026-09-30 02:09:10
1840,ECU,Ecuador,2014,76.141,73.658,78.618,13.4,15.9,141.557,84.418,7.5,1.684,1.54,6.766,World Bank API,2026-09-30 02:09:10
1841,ECU,Ecuador,2015,76.222,73.816,78.621,12.9,15.3,139.826,84.02,7.3,1.806,1.52,7.768,World Bank API,2026-09-30 02:09:10
1842,ECU,Ecuador,2016,76.094,73.751,78.436,12.5,14.8,140.254,85.215,7.1,2.055,1.38,7.588,World Bank API,2026-09-30 02:09:10
1843,ECU,Ecuador,2017,76.22,73.862,78.589,12.2,14.4,138.497,83.405,7.0,2.225,1.4,7.525,World Bank API,2026-09-30 02:09:10
1844,ECU,Ecuador,2018,77.248,74.618,79.877,11.9,14.1,140.893,81.574,6.9,2.341,1.4,7.834,World Bank API,2026-09-30 02:09:10
1845,ECU,Ecuador,2019,77.286,74.61,79.975,11.7,13.8,141.751,82.864,7.0,2.32,1.39,7.809,World Bank API,2026-09-30 02:09:10
1846,ECU,Ecuador,2020,72.004,68.607,75.876,11.5,13.6,213.078,115.68,7.1,2.313,1.32,8.606,World Bank API,2026-09-30 02:09:10
1847,ECU,Ecuador,2021,72.746,69.692,76.007,11.3,13.4,203.132,113.279,7.1,2.313,1.31,8.375,World Bank API,2026-09-30 02:09:10
1848,ECU,Ecuador,2022,76.577,73.74,79.473,11.2,13.2,151.578,87.42,7.2,2.313,1.31,7.602,World Bank API,2026-09-30 02:09:10
1849,EGY,"Egypt, Arab Rep.",1990,62.513,60.763,64.22,67.7,86.0,269.138,181.826,33.4,0.494,2.071,4.922,World Bank API,2026-09-30 02:09:10
1850,EGY,"Egypt, Arab Rep.",1991,63.059,61.306,64.781,64.8,81.7,263.057,176.554,32.0,0.494,2.024,4.922,World Bank API,2026-09-30 02:09:10
1851,EGY,"Egypt, Arab Rep.",1992,63.585,61.817,65.325,62.0,77.5,257.378,171.608,30.7,0.494,2.0,4.922,World Bank API,2026-09-30 02:09:10
1852,EGY,"Egypt, Arab Rep.",1993,64.147,62.344,65.929,59.2,73.3,251.691,166.247,29.4,0.494,1.929,4.922,World Bank API,2026-09-30 02:09:10
1853,EGY,"Egypt, Arab Rep.",1994,64.663,62.813,66.498,56.2,69.0,247.061,161.663,28.2,0.494,1.986,4.922,World Bank API,2026-09-30 02:09:10
1854,EGY,"Egypt, Arab Rep.",1995,65.214,63.311,67.109,53.2,64.8,242.46,157.264,27.0,0.494,2.043,4.922,World Bank API,2026-09-30 02:09:10
1855,EGY,"Egypt, Arab Rep.",1996,65.733,63.779,67.685,50.2,60.7,238.233,153.43,25.9,0.494,2.1,4.922,World Bank API,2026-09-30 02:09:10
1856,EGY,"Egypt, Arab Rep.",1997,66.207,64.186,68.231,47.4,56.9,235.275,150.172,25.0,0.494,2.1,4.922,World Bank API,2026-09-30 02:09:10
1857,EGY,"Egypt, Arab Rep.",1998,66.635,64.543,68.74,44.7,53.4,233.245,147.468,24.2,0.494,2.04,4.922,World Bank API,2026-09-30 02:09:10
1858,EGY,"Egypt, Arab Rep.",1999,67.01,64.848,69.196,42.3,50.2,232.164,145.361,23.4,0.494,1.98,4.922,World Bank API,2026-09-30 02:09:10
1859,EGY,"Egypt, Arab Rep.",2000,67.332,65.1,69.598,40.1,47.3,231.873,143.769,22.8,0.494,1.92,4.922,World Bank API,2026-09-30 02:09:10
1860,EGY,"Egypt, Arab Rep.",2001,67.612,65.319,69.948,38.2,44.8,231.889,142.597,22.2,0.494,1.92,5.4,World Bank API,2026-09-30 02:09:10
1861,EGY,"Egypt, Arab Rep.",2002,67.846,65.501,70.242,36.5,42.5,232.275,141.832,21.6,0.494,1.9,5.511,World Bank API,2026-09-30 02:09:10
1862,EGY,"Egypt, Arab Rep.",2003,68.045,65.666,70.484,34.9,40.4,232.627,141.391,21.1,0.494,1.9,5.224,World Bank API,2026-09-30 02:09:10
1863,EGY,"Egypt, Arab Rep.",2004,68.211,65.811,70.675,33.5,38.6,232.887,141.173,20.6,0.515,1.92,4.857,World Bank API,2026-09-30 02:09:10
1864,EGY,"Egypt, Arab Rep.",2005,68.355,65.947,70.832,32.3,37.0,232.871,140.961,20.1,0.537,1.88,4.922,World Bank API,2026-09-30 02:09:10
1865,EGY,"Egypt, Arab Rep.",2006,68.493,66.085,70.97,31.1,35.6,232.291,140.536,19.4,0.558,2.08,4.842,World Bank API,2026-09-30 02:09:10
1866,EGY,"Egypt, Arab Rep.",2007,68.627,66.224,71.1,30.1,34.2,231.149,139.743,18.7,0.58,1.82,4.445,World Bank API,2026-09-30 02:09:10
1867,EGY,"Egypt, Arab Rep.",2008,68.761,66.365,71.229,29.0,32.8,229.329,138.442,17.9,0.601,1.59,4.466,World Bank API,2026-09-30 02:09:10
1868,EGY,"Egypt, Arab Rep.",2009,68.915,66.523,71.377,28.1,31.6,226.573,136.392,17.3,0.623,1.48,4.379,World Bank API,2026-09-30 02:09:10
1869,EGY,"Egypt, Arab Rep.",2010,69.078,66.692,71.534,27.2,30.5,223.076,133.86,16.7,0.644,1.4,4.153,World Bank API,2026-09-30 02:09:10
1870,EGY,"Egypt, Arab Rep.",2011,69.232,66.844,71.69,26.4,29.5,219.497,131.057,16.3,0.666,1.4,4.357,World Bank API,2026-09-30 02:09:10
1871,EGY,"Egypt, Arab Rep.",2012,69.464,67.097,71.898,25.7,28.6,213.763,127.546,15.9,0.687,1.38,4.459,World Bank API,2026-09-30 02:09:10
1872,EGY,"Egypt, Arab Rep.",2013,69.632,67.263,72.068,25.1,27.8,209.481,124.366,15.6,0.709,1.37,4.671,World Bank API,2026-09-30 02:09:10
1873,EGY,"Egypt, Arab Rep.",2014,69.911,67.574,72.31,24.5,27.1,202.537,120.476,15.5,0.73,1.34,4.774,World Bank API,2026-09-30 02:09:10
1874,EGY,"Egypt, Arab Rep.",2015,70.135,67.809,72.518,24.1,26.5,197.066,117.052,15.3,0.763,1.25,5.062,World Bank API,2026-09-30 02:09:10
1875,EGY,"Egypt, Arab Rep.",2016,70.437,68.164,72.756,23.7,26.0,189.299,113.397,15.3,0.763,1.25,5.075,World Bank API,2026-09-30 02:09:10
1876,EGY,"Egypt, Arab Rep.",2017,70.709,68.475,72.982,23.4,25.6,182.698,110.083,15.2,0.743,1.27,5.347,World Bank API,2026-09-30 02:09:10
1877,EGY,"Egypt, Arab Rep.",2018,70.974,68.773,73.209,23.1,25.2,176.748,106.996,15.2,0.716,1.24,4.749,World Bank API,2026-09-30 02:09:10
1878,EGY,"Egypt, Arab Rep.",2019,71.213,69.041,73.415,22.9,24.8,171.658,104.367,15.2,0.697,1.19,4.599,World Bank API,2026-09-30 02:09:10
1879,EGY,"Egypt, Arab Rep.",2020,69.79,67.691,71.958,22.6,24.4,185.334,115.884,15.1,0.671,1.11,4.154,World Bank API,2026-09-30 02:09:10
1880,EGY,"Egypt, Arab Rep.",2021,68.976,67.185,70.808,22.2,24.0,190.189,127.668,14.9,0.671,1.06,4.61,World Bank API,2026-09-30 02:09:10
1881,EGY,"Egypt, Arab Rep.",2022,71.01,68.831,73.24,21.8,23.5,177.1,108.883,14.6,0.671,1.06,4.724,World Bank API,2026-09-30 02:09:10
1882,ERI,Eritrea,1990,49.733,47.467,52.025,80.8,153.4,434.485,350.825,34.7,0.019,1.57,5.767,World Bank API,2026-09-30 02:09:10
1883,ERI,Eritrea,1991,50.516,48.234,52.818,77.9,146.3,427.975,343.58,33.7,0.019,1.57,5.767,World Bank API,2026-09-30 02:09:10
1884,ERI,Eritrea,1992,52.436,50.966,53.885,74.6,138.6,371.549,330.886,32.8,0.019,1.57,5.767,World Bank API,2026-09-30 02:09:10
1885,ERI,Eritrea,1993,53.189,51.777,54.577,71.1,130.5,364.882,325.865,32.1,0.019,1.57,5.767,World Bank API,2026-09-30 02:09:10
1886,ERI,Eritrea,1994,54.027,52.64,55.396,67.5,122.4,357.459,319.103,31.3,0.023,1.57,5.767,World Bank API,2026-09-30 02:09:10
1887,ERI,Eritrea,1995,54.822,53.434,56.188,63.9,114.5,351.322,312.629,30.3,0.026,1.57,5.767,World Bank API,2026-09-30 02:09:10
1888,ERI,Eritrea,1996,55.498,54.067,56.92,60.6,107.3,347.701,306.753,29.4,0.03,1.57,5.767,World Bank API,2026-09-30 02:09:10
1889,ERI,Eritrea,1997,56.155,54.619,57.681,57.7,100.8,345.705,300.257,28.4,0.034,1.57,5.767,World Bank API,2026-09-30 02:09:10
1890,ERI,Eritrea,1998,49.997,43.781,57.564,55.1,95.0,613.447,317.489,27.5,0.038,1.57,5.767,World Bank API,2026-09-30 02:09:10
1891,ERI,Eritrea,1999,44.506,37.132,54.629,60.9,110.2,745.521,358.078,27.0,0.041,1.57,5.767,World Bank API,2026-09-30 02:09:10
1892,ERI,Eritrea,2000,56.285,54.053,58.487,50.8,85.3,377.313,296.901,26.1,0.045,1.57,5.767,World Bank API,2026-09-30 02:09:10
1893,ERI,Eritrea,2001,58.359,56.691,59.972,49.1,81.1,331.518,281.16,25.6,0.041,1.57,5.919,World Bank API,2026-09-30 02:09:10
1894,ERI,Eritrea,2002,58.941,57.229,60.606,47.4,77.3,326.373,274.607,25.2,0.055,1.57,6.689,World Bank API,2026-09-30 02:09:10
1895,ERI,Eritrea,2003,59.455,57.676,61.188,45.9,73.8,323.116,268.505,24.8,0.042,1.57,7.337,World Bank API,2026-09-30 02:09:10
1896,ERI,Eritrea,2004,60.063,58.343,61.744,44.5,70.5,314.5,262.35,24.4,0.055,1.61,7.01,World Bank API,2026-09-30 02:09:10
1897,ERI,Eritrea,2005,60.628,58.877,62.339,43.2,67.5,308.635,255.327,24.0,0.046,1.48,6.864,World Bank API,2026-09-30 02:09:10
1898,ERI,Eritrea,2006,61.457,59.755,63.115,42.0,64.7,296.374,246.094,23.5,0.05,1.43,6.857,World Bank API,2026-09-30 02:09:10
1899,ERI,Eritrea,2007,61.998,60.242,63.703,40.8,62.0,290.702,239.091,23.0,0.045,1.47,5.279,World Bank API,2026-09-30 02:09:10
1900,ERI,Eritrea,2008,62.422,60.572,64.223,39.7,59.6,288.138,232.595,22.5,0.045,1.4,6.578,World Bank API,2026-09-30 02:09:10
1901,ERI,Eritrea,2009,63.203,61.389,64.97,38.5,57.3,276.212,223.602,22.1,0.044,1.4,5.423,World Bank API,2026-09-30 02:09:10
1902,ERI,Eritrea,2010,63.665,61.795,65.486,37.5,55.2,272.335,217.476,21.6,0.044,1.27,4.819,World Bank API,2026-09-30 02:09:10
1903,ERI,Eritrea,2011,64.231,62.328,66.084,36.4,53.3,264.935,210.126,21.1,0.045,1.33,5.162,World Bank API,2026-09-30 02:09:10
1904,ERI,Eritrea,2012,64.697,62.764,66.575,35.4,51.4,259.588,204.275,20.7,0.05,1.29,3.742,World Bank API,2026-09-30 02:09:10
1905,ERI,Eritrea,2013,65.005,62.996,66.959,34.4,49.7,258.421,199.921,20.3,0.056,1.25,4.968,World Bank API,2026-09-30 02:09:10
1906,ERI,Eritrea,2014,65.517,63.513,67.461,33.4,48.1,250.982,193.951,19.8,0.066,1.24,3.914,World Bank API,2026-09-30 02:09:10
1907,ERI,Eritrea,2015,65.909,63.856,67.897,32.4,46.4,247.112,188.944,19.4,0.068,1.23,4.508,World Bank API,2026-09-30 02:09:10
1908,ERI,Eritrea,2016,66.242,64.131,68.284,31.3,44.7,244.603,184.626,19.0,0.072,1.23,3.738,World Bank API,2026-09-30 02:09:10
1909,ERI,Eritrea,2017,66.612,64.494,68.656,30.5,43.3,239.994,180.454,18.6,0.071,1.23,4.154,World Bank API,2026-09-30 02:09:10
1910,ERI,Eritrea,2018,66.979,64.846,69.035,29.6,41.9,235.896,176.246,18.2,0.088,1.16,4.247,World Bank API,2026-09-30 02:09:10
1911,ERI,Eritrea,2019,67.306,65.174,69.36,28.7,40.5,232.112,172.742,17.8,0.077,1.09,4.648,World Bank API,2026-09-30 02:09:10
1912,ERI,Eritrea,2020,66.98,64.627,69.264,27.8,39.1,238.382,174.71,17.5,0.088,1.08,4.311,World Bank API,2026-09-30 02:09:10
1913,ERI,Eritrea,2021,66.94,64.826,68.978,27.0,37.8,247.176,186.052,17.1,0.085,1.06,4.178,World Bank API,2026-09-30 02:09:10
1914,ERI,Eritrea,2022,67.789,65.673,69.827,26.2,36.6,231.419,171.738,16.7,0.088,1.04,3.875,World Bank API,2026-09-30 02:09:10
1915,ESP,Spain,1990,76.838,73.34,80.51,7.4,9.2,144.769,59.548,4.9,2.037,4.6,6.802,World Bank API,2026-09-30 02:09:10
1916,ESP,Spain,1991,76.971,73.42,80.7,7.1,8.8,146.386,59.367,4.7,4.135,4.6,6.802,World Bank API,2026-09-30 02:09:10
1917,ESP,Spain,1992,77.41,73.81,81.19,6.7,8.3,143.36,57.036,4.4,4.126,4.5,6.802,World Bank API,2026-09-30 02:09:10
1918,ESP,Spain,1993,77.547,74.01,81.26,6.3,7.9,139.883,56.131,4.1,4.175,4.4,6.802,World Bank API,2026-09-30 02:09:10
1919,ESP,Spain,1994,77.901,74.36,81.62,5.9,7.4,137.579,55.474,3.8,4.221,4.4,6.802,World Bank API,2026-09-30 02:09:10
1920,ESP,Spain,1995,77.981,74.41,81.73,5.5,6.9,137.928,54.575,3.6,4.282,4.3,6.802,World Bank API,2026-09-30 02:09:10
1921,ESP,Spain,1996,78.12,74.54,81.88,5.2,6.5,135.784,53.898,3.4,2.724,4.3,6.802,World Bank API,2026-09-30 02:09:10
1922,ESP,Spain,1997,78.604,75.17,82.21,4.9,6.1,125.842,50.421,3.2,2.842,4.2,6.802,World Bank API,2026-09-30 02:09:10
1923,ESP,Spain,1998,78.666,75.3,82.2,4.7,5.8,121.282,48.787,3.0,2.895,4.2,6.802,World Bank API,2026-09-30 02:09:10
1924,ESP,Spain,1999,78.717,75.4,82.2,4.5,5.6,122.004,48.721,2.9,3.019,4.1,6.802,World Bank API,2026-09-30 02:09:10
1925,ESP,Spain,2000,78.966,75.6,82.5,4.4,5.4,118.721,47.685,2.8,3.101,3.61,6.802,World Bank API,2026-09-30 02:09:10
1926,ESP,Spain,2001,79.368,76.1,82.8,4.2,5.3,116.551,47.367,2.8,3.106,3.55,6.769,World Bank API,2026-09-30 02:09:10
1927,ESP,Spain,2002,79.568,76.3,83.0,4.1,5.1,114.494,46.403,2.7,3.105,3.5,6.799,World Bank API,2026-09-30 02:09:10
1928,ESP,Spain,2003,79.62,76.4,83.0,4.1,5.0,113.835,47.562,2.6,3.2,3.41,7.592,World Bank API,2026-09-30 02:09:10
1929,ESP,Spain,2004,79.871,76.7,83.2,3.9,4.9,109.517,45.381,2.5,3.419,3.37,7.684,World Bank API,2026-09-30 02:09:10
1930,ESP,Spain,2005,80.171,77.0,83.5,3.8,4.7,107.352,44.35,2.4,3.521,3.32,7.778,World Bank API,2026-09-30 02:09:10
1931,ESP,Spain,2006,80.822,77.7,84.1,3.7,4.5,103.369,43.231,2.3,3.601,3.27,7.871,World Bank API,2026-09-30 02:09:10
1932,ESP,Spain,2007,80.873,77.8,84.1,3.6,4.4,100.531,43.05,2.2,3.538,3.23,7.962,World Bank API,2026-09-30 02:09:10
1933,ESP,Spain,2008,81.176,78.2,84.3,3.4,4.2,96.788,43.44,2.2,3.523,3.18,8.429,World Bank API,2026-09-30 02:09:10
1934,ESP,Spain,2009,81.476,78.5,84.6,3.3,4.0,92.228,42.183,2.1,3.577,3.14,9.153,World Bank API,2026-09-30 02:09:10
1935,ESP,Spain,2010,81.627,78.7,84.7,3.2,3.8,88.989,40.911,2.1,3.737,3.09,9.17,World Bank API,2026-09-30 02:09:10
1936,ESP,Spain,2011,82.476,79.5,85.6,3.0,3.7,85.896,41.086,2.1,3.814,3.03,9.217,World Bank API,2026-09-30 02:09:10
1937,ESP,Spain,2012,82.427,79.5,85.5,2.9,3.6,83.213,39.442,2.1,3.804,2.98,9.219,World Bank API,2026-09-30 02:09:10
1938,ESP,Spain,2013,83.078,80.2,86.1,2.9,3.5,79.599,39.371,2.0,3.791,2.95,9.137,World Bank API,2026-09-30 02:09:10
1939,ESP,Spain,2014,83.229,80.4,86.2,2.8,3.4,77.539,38.519,2.0,3.781,2.95,9.151,World Bank API,2026-09-30 02:09:10
1940,ESP,Spain,2015,82.832,80.1,85.7,2.7,3.3,77.049,38.837,1.9,3.826,2.96,9.176,World Bank API,2026-09-30 02:09:10
1941,ESP,Spain,2016,83.329,80.5,86.3,2.7,3.3,74.559,37.557,1.9,3.803,2.95,8.881,World Bank API,2026-09-30 02:09:10
1942,ESP,Spain,2017,83.283,80.6,86.1,2.7,3.2,73.051,37.653,1.9,3.854,2.96,9.022,World Bank API,2026-09-30 02:09:10
1943,ESP,Spain,2018,83.432,80.7,86.3,2.7,3.2,72.324,36.721,1.9,3.996,2.95,9.071,World Bank API,2026-09-30 02:09:10
1944,ESP,Spain,2019,83.832,81.1,86.7,2.6,3.2,69.622,35.754,1.9,4.376,2.93,9.215,World Bank API,2026-09-30 02:09:10
1945,ESP,Spain,2020,82.232,79.5,85.1,2.6,3.2,74.242,38.335,1.8,4.546,2.94,10.795,World Bank API,2026-09-30 02:09:10
1946,ESP,Spain,2021,83.178,80.3,86.2,2.6,3.2,72.002,36.581,1.8,4.457,2.94,10.344,World Bank API,2026-09-30 02:09:10
1947,ESP,Spain,2022,83.134,80.5,85.9,2.6,3.2,69.821,36.307,1.8,4.294,2.94,9.68,World Bank API,2026-09-30 02:09:10
1948,EST,Estonia,1990,69.476,64.5,74.7,14.0,17.7,300.013,106.786,9.9,3.501,11.611,5.17,World Bank API,2026-09-30 02:09:10
1949,EST,Estonia,1991,69.373,64.3,74.7,13.9,17.5,316.458,114.493,9.7,3.526,11.289,5.17,World Bank API,2026-09-30 02:09:10
1950,EST,Estonia,1992,68.863,63.4,74.6,13.7,17.3,323.353,111.714,9.7,3.249,9.682,5.17,World Bank API,2026-09-30 02:09:10
1951,EST,Estonia,1993,67.91,62.3,73.8,13.4,16.9,363.257,127.048,9.5,3.186,9.622,5.17,World Bank API,2026-09-30 02:09:10
1952,EST,Estonia,1994,66.5,60.5,72.8,13.0,16.4,412.734,156.201,9.1,3.171,8.561,5.17,World Bank API,2026-09-30 02:09:10
1953,EST,Estonia,1995,67.544,61.3,74.1,12.4,15.7,390.308,132.01,8.5,3.156,8.35,5.17,World Bank API,2026-09-30 02:09:10
1954,EST,Estonia,1996,69.612,64.1,75.4,11.8,14.8,332.11,116.079,7.8,3.107,7.9,5.17,World Bank API,2026-09-30 02:09:10
1955,EST,Estonia,1997,69.81,64.2,75.7,11.0,13.9,329.686,114.198,7.1,3.189,7.71,5.17,World Bank API,2026-09-30 02:09:10
1956,EST,Estonia,1998,69.359,63.7,75.3,10.3,12.9,342.904,121.533,6.4,2.946,7.58,5.17,World Bank API,2026-09-30 02:09:10
1957,EST,Estonia,1999,70.063,64.6,75.8,9.5,12.0,317.751,115.216,5.8,2.992,7.53,5.17,World Bank API,2026-09-30 02:09:10
1958,EST,Estonia,2000,70.417,65.1,76.0,8.8,11.0,308.009,118.066,5.3,2.942,7.04,5.17,World Bank API,2026-09-30 02:09:10
1959,EST,Estonia,2001,70.259,64.6,76.2,8.1,10.1,325.356,121.666,4.9,2.783,6.6,4.784,World Bank API,2026-09-30 02:09:10
1960,EST,Estonia,2002,70.905,65.1,77.0,7.4,9.3,312.834,110.566,4.4,2.964,5.98,4.702,World Bank API,2026-09-30 02:09:10
1961,EST,Estonia,2003,71.317,66.0,76.9,6.7,8.5,292.249,107.107,4.0,2.996,5.73,5.137,World Bank API,2026-09-30 02:09:10
1962,EST,Estonia,2004,71.91,66.3,77.8,6.2,7.8,288.777,99.418,3.7,3.023,5.64,5.336,World Bank API,2026-09-30 02:09:10
1963,EST,Estonia,2005,72.568,67.3,78.1,5.6,7.1,274.185,99.322,3.3,3.142,5.38,5.294,World Bank API,2026-09-30 02:09:10
1964,EST,Estonia,2006,72.691,67.35,78.3,5.1,6.5,272.526,96.011,3.0,3.182,5.55,4.973,World Bank API,2026-09-30 02:09:10
1965,EST,Estonia,2007,72.815,67.4,78.5,4.7,5.9,276.966,92.312,2.8,3.26,5.48,5.184,World Bank API,2026-09-30 02:09:10
1966,EST,Estonia,2008,73.771,68.6,79.2,4.3,5.4,243.48,84.723,2.5,3.342,5.63,5.957,World Bank API,2026-09-30 02:09:10
1967,EST,Estonia,2009,74.824,69.8,80.1,3.9,5.0,229.24,77.471,2.3,3.281,5.37,6.844,World Bank API,2026-09-30 02:09:10
1968,EST,Estonia,2010,75.429,70.6,80.5,3.6,4.6,203.039,67.753,2.1,3.244,5.27,6.594,World Bank API,2026-09-30 02:09:10
1969,EST,Estonia,2011,76.229,71.4,81.3,3.3,4.2,203.78,70.866,1.9,3.294,5.36,6.055,World Bank API,2026-09-30 02:09:10
1970,EST,Estonia,2012,76.327,71.4,81.5,3.0,3.9,198.315,67.859,1.8,3.284,5.53,6.038,World Bank API,2026-09-30 02:09:10
1971,EST,Estonia,2013,77.141,72.8,81.7,2.8,3.6,169.327,67.015,1.6,3.335,4.9,6.198,World Bank API,2026-09-30 02:09:10
1972,EST,Estonia,2014,77.034,72.4,81.9,2.6,3.4,181.112,65.288,1.5,3.361,4.9,6.263,World Bank API,2026-09-30 02:09:10
1973,EST,Estonia,2015,77.59,73.2,82.2,2.4,3.2,169.877,62.825,1.4,3.417,4.82,6.521,World Bank API,2026-09-30 02:09:10
1974,EST,Estonia,2016,77.641,73.3,82.2,2.3,3.0,168.184,67.212,1.3,3.457,4.69,6.569,World Bank API,2026-09-30 02:09:10
1975,EST,Estonia,2017,78.093,73.8,82.6,2.2,2.8,154.542,56.077,1.3,3.468,4.61,6.466,World Bank API,2026-09-30 02:09:10
1976,EST,Estonia,2018,78.244,74.0,82.7,2.0,2.7,157.234,55.53,1.2,3.483,4.53,6.563,World Bank API,2026-09-30 02:09:10
1977,EST,Estonia,2019,78.646,74.5,83.0,1.9,2.5,147.038,58.202,1.2,3.469,4.53,6.648,World Bank API,2026-09-30 02:09:10
1978,EST,Estonia,2020,78.595,74.4,83.0,1.8,2.4,151.279,59.996,1.1,3.479,4.46,7.472,World Bank API,2026-09-30 02:09:10
1979,EST,Estonia,2021,76.944,72.7,81.4,1.8,2.3,160.424,63.871,1.1,3.43,4.39,7.476,World Bank API,2026-09-30 02:09:10
1980,EST,Estonia,2022,77.844,73.6,82.3,1.7,2.2,156.269,57.993,1.0,3.469,4.19,6.936,World Bank API,2026-09-30 02:09:10
1981,ETH,Ethiopia,1990,45.117,43.47,46.772,127.2,202.0,452.455,387.167,59.5,0.029,0.242,4.365,World Bank API,2026-09-30 02:09:10
1982,ETH,Ethiopia,1991,46.657,45.58,47.724,124.4,197.0,412.577,378.946,58.6,0.029,0.239,4.365,World Bank API,2026-09-30 02:09:10
1983,ETH,Ethiopia,1992,47.279,46.524,48.031,121.3,191.5,398.926,380.215,57.4,0.029,0.237,4.365,World Bank API,2026-09-30 02:09:10
1984,ETH,Ethiopia,1993,47.676,46.898,48.452,117.9,185.5,398.388,379.272,56.2,0.029,0.235,4.365,World Bank API,2026-09-30 02:09:10
1985,ETH,Ethiopia,1994,47.926,47.085,48.769,114.1,178.9,401.998,379.552,55.0,0.029,0.232,4.365,World Bank API,2026-09-30 02:09:10
1986,ETH,Ethiopia,1995,48.156,47.238,49.083,110.3,172.3,406.556,380.154,53.7,0.027,0.23,4.365,World Bank API,2026-09-30 02:09:10
1987,ETH,Ethiopia,1996,48.697,47.856,49.549,106.5,165.6,401.822,378.16,52.5,0.025,0.228,4.365,World Bank API,2026-09-30 02:09:10
1988,ETH,Ethiopia,1997,49.21,48.377,50.05,102.8,159.0,398.916,374.683,51.2,0.023,0.225,4.365,World Bank API,2026-09-30 02:09:10
1989,ETH,Ethiopia,1998,49.785,48.899,50.676,99.1,152.5,396.94,369.691,50.1,0.021,0.223,4.365,World Bank API,2026-09-30 02:09:10
1990,ETH,Ethiopia,1999,49.486,48.157,50.831,95.7,146.3,425.644,372.901,49.1,0.02,0.221,4.365,World Bank API,2026-09-30 02:09:10
1991,ETH,Ethiopia,2000,50.88,50.191,51.57,92.3,140.1,386.006,366.109,48.1,0.021,0.218,4.365,World Bank API,2026-09-30 02:09:10
1992,ETH,Ethiopia,2001,51.428,50.777,52.079,88.9,133.8,381.735,363.196,47.0,0.028,0.216,4.723,World Bank API,2026-09-30 02:09:10
1993,ETH,Ethiopia,2002,52.085,51.255,52.92,85.3,127.4,380.898,354.628,46.1,0.029,0.214,4.713,World Bank API,2026-09-30 02:09:10
1994,ETH,Ethiopia,2003,52.877,51.992,53.77,81.7,121.0,372.963,345.896,45.1,0.026,0.212,4.9,World Bank API,2026-09-30 02:09:10
1995,ETH,Ethiopia,2004,53.735,52.6,54.888,78.0,114.6,368.901,333.005,44.2,0.026,0.209,4.313,World Bank API,2026-09-30 02:09:10
1996,ETH,Ethiopia,2005,54.364,53.092,55.663,74.4,108.3,366.811,325.604,43.2,0.031,0.207,4.101,World Bank API,2026-09-30 02:09:10
1997,ETH,Ethiopia,2006,55.402,53.946,56.897,70.9,102.4,357.127,310.376,42.2,0.026,0.205,4.458,World Bank API,2026-09-30 02:09:10
1998,ETH,Ethiopia,2007,56.566,54.82,58.375,67.7,96.9,347.808,291.437,41.0,0.022,0.202,5.001,World Bank API,2026-09-30 02:09:10
1999,ETH,Ethiopia,2008,57.733,55.774,59.772,64.7,91.8,336.128,273.616,39.9,0.024,0.2,4.281,World Bank API,2026-09-30 02:09:10
2000,ETH,Ethiopia,2009,58.715,56.623,60.898,61.8,87.1,326.665,259.863,38.7,0.025,0.216,4.65,World Bank API,2026-09-30 02:09:10
2001,ETH,Ethiopia,2010,59.709,57.542,61.971,59.2,82.7,315.312,247.057,37.6,0.031,0.232,5.466,World Bank API,2026-09-30 02:09:10
2002,ETH,Ethiopia,2011,60.595,58.437,62.84,56.8,78.6,304.045,237.149,36.4,0.036,0.249,4.469,World Bank API,2026-09-30 02:09:10
2003,ETH,Ethiopia,2012,61.443,59.199,63.781,54.4,74.8,295.347,226.406,35.3,0.042,0.265,4.54,World Bank API,2026-09-30 02:09:10
2004,ETH,Ethiopia,2013,62.161,59.77,64.661,52.2,71.2,289.429,215.882,34.3,0.047,0.281,4.075,World Bank API,2026-09-30 02:09:10
2005,ETH,Ethiopia,2014,62.927,60.416,65.558,50.0,67.7,282.274,205.427,33.3,0.053,0.298,4.034,World Bank API,2026-09-30 02:09:10
2006,ETH,Ethiopia,2015,63.592,60.962,66.353,47.9,64.4,276.759,196.33,32.3,0.058,0.314,3.823,World Bank API,2026-09-30 02:09:10
2007,ETH,Ethiopia,2016,64.162,61.418,67.049,45.9,61.3,272.596,188.624,31.3,0.064,0.33,3.6,World Bank API,2026-09-30 02:09:10
2008,ETH,Ethiopia,2017,64.766,61.935,67.746,44.0,58.4,266.996,181.024,30.4,0.069,0.33,3.453,World Bank API,2026-09-30 02:09:10
2009,ETH,Ethiopia,2018,65.257,62.369,68.298,42.3,55.8,262.567,175.122,29.5,0.075,0.33,3.304,World Bank API,2026-09-30 02:09:10
2010,ETH,Ethiopia,2019,65.741,62.778,68.863,40.8,53.6,258.24,169.022,28.7,0.089,0.33,3.243,World Bank API,2026-09-30 02:09:10
2011,ETH,Ethiopia,2020,65.969,62.779,69.368,39.4,51.5,257.228,162.464,27.9,0.102,0.33,3.481,World Bank API,2026-09-30 02:09:10
2012,ETH,Ethiopia,2021,65.33,62.144,68.715,49.9,70.4,280.836,177.909,27.6,0.1,0.33,3.208,World Bank API,2026-09-30 02:09:10
2013,ETH,Ethiopia,2022,66.897,63.662,70.313,48.3,68.1,251.252,153.123,26.9,0.105,0.33,2.853,World Bank API,2026-09-30 02:09:10
2014,FIN,Finland,1990,74.813,70.94,78.88,5.6,6.7,183.067,70.355,3.9,3.002,12.5,7.095,World Bank API,2026-09-30 02:09:10
2015,FIN,Finland,1991,75.228,71.33,79.32,5.3,6.4,175.568,68.373,3.7,3.074,11.2,7.095,World Bank API,2026-09-30 02:09:10
2016,FIN,Finland,1992,75.455,71.67,79.43,5.1,6.1,168.724,68.134,3.6,3.149,11.0,7.095,World Bank API,2026-09-30 02:09:10
2017,FIN,Finland,1993,75.705,72.11,79.48,4.8,5.8,162.809,66.596,3.4,3.226,10.0,7.095,World Bank API,2026-09-30 02:09:10
2018,FIN,Finland,1994,76.396,72.82,80.15,4.5,5.5,154.649,63.005,3.2,3.278,10.0,7.095,World Bank API,2026-09-30 02:09:10
2019,FIN,Finland,1995,76.41,72.79,80.21,4.3,5.2,156.228,65.153,3.1,2.191,9.3,7.095,World Bank API,2026-09-30 02:09:10
2020,FIN,Finland,1996,76.693,73.03,80.54,4.1,4.9,153.78,60.845,2.9,2.26,9.2,7.095,World Bank API,2026-09-30 02:09:10
2021,FIN,Finland,1997,76.879,73.42,80.51,3.9,4.7,150.892,62.851,2.8,2.295,7.9,7.095,World Bank API,2026-09-30 02:09:10
2022,FIN,Finland,1998,77.091,73.52,80.84,3.7,4.6,148.682,62.151,2.7,2.32,7.8,7.095,World Bank API,2026-09-30 02:09:10
2023,FIN,Finland,1999,77.291,73.74,81.02,3.6,4.4,145.398,61.08,2.6,3.671,7.6,7.095,World Bank API,2026-09-30 02:09:10
2024,FIN,Finland,2000,77.466,74.1,81.0,3.5,4.3,144.431,63.322,2.5,2.499,7.54,7.095,World Bank API,2026-09-30 02:09:10
2025,FIN,Finland,2001,77.966,74.6,81.5,3.4,4.2,137.82,59.853,2.4,2.5,7.46,7.252,World Bank API,2026-09-30 02:09:10
2026,FIN,Finland,2002,78.12,74.9,81.5,3.3,4.1,133.525,60.744,2.3,2.527,7.35,7.63,World Bank API,2026-09-30 02:09:10
2027,FIN,Finland,2003,78.368,75.1,81.8,3.2,4.0,134.905,57.94,2.2,2.564,7.24,7.94,World Bank API,2026-09-30 02:09:10
2028,FIN,Finland,2004,78.715,75.3,82.3,3.1,3.9,136.514,61.1,2.1,3.653,7.1,8.06,World Bank API,2026-09-30 02:09:10
2029,FIN,Finland,2005,78.817,75.5,82.3,3.0,3.7,137.234,62.699,2.1,3.674,7.05,8.289,World Bank API,2026-09-30 02:09:10
2030,FIN,Finland,2006,79.215,75.8,82.8,2.9,3.6,132.326,57.272,2.0,3.691,6.99,8.286,World Bank API,2026-09-30 02:09:10
2031,FIN,Finland,2007,79.263,75.8,82.9,2.8,3.5,133.39,56.788,1.9,3.729,6.73,8.084,World Bank API,2026-09-30 02:09:10
2032,FIN,Finland,2008,79.568,76.3,83.0,2.7,3.3,129.197,56.723,1.8,3.742,6.57,8.344,World Bank API,2026-09-30 02:09:10
2033,FIN,Finland,2009,79.72,76.5,83.1,2.6,3.2,123.904,55.862,1.8,3.775,6.25,9.162,World Bank API,2026-09-30 02:09:10
2034,FIN,Finland,2010,79.871,76.7,83.2,2.4,3.0,120.426,53.674,1.7,3.44,5.86,9.142,World Bank API,2026-09-30 02:09:10
2035,FIN,Finland,2011,80.471,77.3,83.8,2.3,2.9,115.107,50.994,1.6,3.543,5.53,9.239,World Bank API,2026-09-30 02:09:10
2036,FIN,Finland,2012,80.627,77.7,83.7,2.2,2.8,107.877,50.791,1.5,3.556,5.29,9.617,World Bank API,2026-09-30 02:09:10
2037,FIN,Finland,2013,80.976,78.0,84.1,2.1,2.6,104.868,48.344,1.4,3.386,4.86,9.845,World Bank API,2026-09-30 02:09:10
2038,FIN,Finland,2014,81.18,78.4,84.1,2.1,2.6,98.834,45.05,1.4,3.448,4.53,9.831,World Bank API,2026-09-30 02:09:10
2039,FIN,Finland,2015,81.48,78.7,84.4,2.0,2.5,94.538,43.601,1.4,3.421,4.28,9.7,World Bank API,2026-09-30 02:09:10
2040,FIN,Finland,2016,81.429,78.6,84.4,2.0,2.4,94.85,43.095,1.4,3.42,3.97,9.456,World Bank API,2026-09-30 02:09:10
2041,FIN,Finland,2017,81.632,78.9,84.5,1.9,2.4,90.175,44.881,1.4,3.437,3.75,9.191,World Bank API,2026-09-30 02:09:10
2042,FIN,Finland,2018,81.734,79.1,84.5,1.9,2.4,89.882,44.169,1.4,3.463,3.61,9.106,World Bank API,2026-09-30 02:09:10
2043,FIN,Finland,2019,81.983,79.3,84.8,1.9,2.4,87.746,43.336,1.4,3.566,3.35,9.223,World Bank API,2026-09-30 02:09:10
2044,FIN,Finland,2020,81.932,79.2,84.8,1.9,2.4,92.031,42.311,1.4,3.61,2.75,9.7,World Bank API,2026-09-30 02:09:10
2045,FIN,Finland,2021,81.885,79.3,84.6,1.9,2.4,86.94,42.881,1.4,3.609,2.76,9.91,World Bank API,2026-09-30 02:09:10
2046,FIN,Finland,2022,81.188,78.7,83.8,1.9,2.4,87.218,44.922,1.4,3.609,2.61,9.742,World Bank API,2026-09-30 02:09:10
2047,FJI,Fiji,1990,65.056,62.86,67.613,21.5,28.8,319.659,220.834,13.2,0.472,2.6,3.424,World Bank API,2026-09-30 02:09:10
2048,FJI,Fiji,1991,65.457,63.37,67.841,20.6,27.8,309.891,216.723,12.6,0.472,2.6,3.424,World Bank API,2026-09-30 02:09:10
2049,FJI,Fiji,1992,65.407,63.152,68.019,19.8,26.7,315.47,213.302,12.1,0.472,2.6,3.424,World Bank API,2026-09-30 02:09:10
2050,FJI,Fiji,1993,65.51,63.251,68.112,19.1,25.9,313.404,210.937,11.7,0.424,2.6,3.424,World Bank API,2026-09-30 02:09:10
2051,FJI,Fiji,1994,65.796,63.519,68.4,18.5,25.1,309.344,206.359,11.3,0.376,2.6,3.424,World Bank API,2026-09-30 02:09:10
2052,FJI,Fiji,1995,66.007,63.749,68.567,18.0,24.4,305.21,203.266,10.9,0.409,2.6,3.424,World Bank API,2026-09-30 02:09:10
2053,FJI,Fiji,1996,66.202,63.973,68.704,17.5,23.8,301.149,200.639,10.6,0.443,2.6,3.424,World Bank API,2026-09-30 02:09:10
2054,FJI,Fiji,1997,66.293,64.103,68.729,17.2,23.4,298.026,199.32,10.3,0.476,2.6,3.424,World Bank API,2026-09-30 02:09:10
2055,FJI,Fiji,1998,66.536,64.342,68.973,16.9,23.0,294.229,195.52,10.1,0.357,2.6,3.424,World Bank API,2026-09-30 02:09:10
2056,FJI,Fiji,1999,66.728,64.49,69.221,16.7,22.8,290.957,191.255,10.0,0.326,2.6,3.424,World Bank API,2026-09-30 02:09:10
2057,FJI,Fiji,2000,66.194,63.985,68.66,16.6,22.6,301.761,199.037,10.0,0.354,2.508,3.424,World Bank API,2026-09-30 02:09:10
2058,FJI,Fiji,2001,66.205,64.029,68.627,16.6,22.6,300.761,199.225,10.1,0.382,2.417,2.905,World Bank API,2026-09-30 02:09:10
2059,FJI,Fiji,2002,65.492,63.362,67.869,16.7,22.7,315.063,210.789,10.5,0.411,2.325,2.983,World Bank API,2026-09-30 02:09:10
2060,FJI,Fiji,2003,65.653,63.617,67.902,16.8,22.8,308.218,209.748,11.0,0.439,2.233,2.973,World Bank API,2026-09-30 02:09:10
2061,FJI,Fiji,2004,65.841,63.867,68.007,17.0,23.1,302.404,208.205,11.5,0.426,2.142,3.258,World Bank API,2026-09-30 02:09:10
2062,FJI,Fiji,2005,65.983,63.937,68.245,17.3,23.3,300.88,204.807,11.7,0.413,2.05,3.257,World Bank API,2026-09-30 02:09:10
2063,FJI,Fiji,2006,66.126,64.102,68.359,17.4,23.5,296.985,203.336,11.5,0.399,1.93,3.348,World Bank API,2026-09-30 02:09:10
2064,FJI,Fiji,2007,66.161,64.163,68.364,17.4,23.5,295.351,203.677,10.9,0.386,1.92,3.415,World Bank API,2026-09-30 02:09:10
2065,FJI,Fiji,2008,66.32,64.382,68.446,17.3,23.2,290.375,202.993,10.1,0.373,1.93,3.185,World Bank API,2026-09-30 02:09:10
2066,FJI,Fiji,2009,66.347,64.333,68.564,17.0,22.8,290.838,201.208,9.4,0.41,2.19,3.536,World Bank API,2026-09-30 02:09:10
2067,FJI,Fiji,2010,66.778,64.803,68.928,16.6,22.2,280.555,196.547,8.8,0.5,2.19,3.417,World Bank API,2026-09-30 02:09:10
2068,FJI,Fiji,2011,66.88,64.848,69.096,16.2,21.6,279.232,194.863,8.4,0.59,1.9,3.143,World Bank API,2026-09-30 02:09:10
2069,FJI,Fiji,2012,65.812,63.65,68.222,15.9,21.0,304.221,209.243,8.2,0.68,1.91,3.266,World Bank API,2026-09-30 02:09:10
2070,FJI,Fiji,2013,66.545,64.638,68.593,15.7,20.7,282.371,204.502,8.1,0.77,1.92,3.2,World Bank API,2026-09-30 02:09:10
2071,FJI,Fiji,2014,66.581,64.335,69.066,15.8,20.6,288.062,197.524,8.2,0.792,1.88,3.369,World Bank API,2026-09-30 02:09:10
2072,FJI,Fiji,2015,66.48,64.199,69.003,16.1,20.9,289.36,198.556,8.5,0.813,1.88,3.325,World Bank API,2026-09-30 02:09:10
2073,FJI,Fiji,2016,66.657,64.812,68.602,16.8,21.6,273.331,204.258,9.2,0.813,1.89,3.28,World Bank API,2026-09-30 02:09:10
2074,FJI,Fiji,2017,67.06,64.958,69.313,17.7,22.7,269.328,193.245,10.2,0.813,1.89,3.187,World Bank API,2026-09-30 02:09:10
2075,FJI,Fiji,2018,66.965,65.021,69.014,19.0,24.2,265.45,196.897,11.4,0.813,1.89,4.106,World Bank API,2026-09-30 02:09:10
2076,FJI,Fiji,2019,67.009,65.116,68.992,20.3,25.7,261.445,196.222,12.6,0.813,1.89,4.282,World Bank API,2026-09-30 02:09:10
2077,FJI,Fiji,2020,66.924,64.701,69.322,21.6,27.2,269.974,189.911,13.8,0.813,1.89,5.29,World Bank API,2026-09-30 02:09:10
2078,FJI,Fiji,2021,64.904,63.017,66.931,22.6,28.3,311.04,236.267,14.5,0.813,1.89,7.061,World Bank API,2026-09-30 02:09:10
2079,FJI,Fiji,2022,67.148,65.147,69.239,23.2,28.9,253.37,188.267,14.9,0.813,1.89,4.018,World Bank API,2026-09-30 02:09:10
2080,FRA,France,1990,76.6,72.6,80.8,7.5,9.0,167.565,68.981,3.6,3.087,9.7,9.617,World Bank API,2026-09-30 02:09:10
2081,FRA,France,1991,76.849,72.8,81.1,7.1,8.6,165.877,68.2,3.4,3.136,9.6,9.617,World Bank API,2026-09-30 02:09:10
2082,FRA,France,1992,77.1,73.1,81.3,6.7,8.1,163.67,67.617,3.2,3.184,9.4,9.617,World Bank API,2026-09-30 02:09:10
2083,FRA,France,1993,77.3,73.3,81.5,6.2,7.5,162.367,68.135,3.1,3.209,9.3,9.617,World Bank API,2026-09-30 02:09:10
2084,FRA,France,1994,77.649,73.6,81.9,5.7,7.0,159.833,66.538,3.1,3.243,9.1,9.617,World Bank API,2026-09-30 02:09:10
2085,FRA,France,1995,77.751,73.8,81.9,5.3,6.5,156.392,65.932,3.1,3.263,8.9,9.617,World Bank API,2026-09-30 02:09:10
2086,FRA,France,1996,77.954,74.1,82.0,4.9,6.1,152.142,65.4,3.1,3.283,8.8,9.617,World Bank API,2026-09-30 02:09:10
2087,FRA,France,1997,78.305,74.5,82.3,4.6,5.8,146.084,63.368,3.0,3.302,8.6,9.617,World Bank API,2026-09-30 02:09:10
2088,FRA,France,1998,78.605,74.8,82.6,4.4,5.7,143.194,62.736,2.9,3.315,8.4,9.617,World Bank API,2026-09-30 02:09:10
2089,FRA,France,1999,78.756,75.0,82.7,4.2,5.5,141.157,62.113,2.8,3.313,8.3,9.617,World Bank API,2026-09-30 02:09:10
2090,FRA,France,2000,79.056,75.3,83.0,4.1,5.4,138.639,60.936,2.7,3.328,8.14,9.617,World Bank API,2026-09-30 02:09:10
2091,FRA,France,2001,79.159,75.5,83.0,3.9,5.2,138.186,60.998,2.7,3.358,8.0,9.757,World Bank API,2026-09-30 02:09:10
2092,FRA,France,2002,79.261,75.7,83.0,3.8,5.1,136.68,60.634,2.7,3.381,7.88,10.083,World Bank API,2026-09-30 02:09:10
2093,FRA,France,2003,79.115,75.7,82.7,3.6,4.9,134.868,60.006,2.6,3.396,7.71,10.135,World Bank API,2026-09-30 02:09:10
2094,FRA,France,2004,80.163,76.7,83.8,3.5,4.8,126.87,57.921,2.5,3.413,7.55,10.212,World Bank API,2026-09-30 02:09:10
2095,FRA,France,2005,80.163,76.7,83.8,3.3,4.6,126.589,56.754,2.4,3.413,7.39,10.237,World Bank API,2026-09-30 02:09:10
2096,FRA,France,2006,80.812,77.3,84.5,3.3,4.5,123.283,56.165,2.4,3.406,7.27,10.398,World Bank API,2026-09-30 02:09:10
2097,FRA,France,2007,81.112,77.6,84.8,3.2,4.4,120.77,54.815,2.4,3.388,7.22,10.334,World Bank API,2026-09-30 02:09:10
2098,FRA,France,2008,81.215,77.8,84.8,3.2,4.4,118.248,55.022,2.4,3.385,7.06,10.513,World Bank API,2026-09-30 02:09:10
2099,FRA,France,2009,81.415,78.0,85.0,3.1,4.3,118.419,55.372,2.4,3.339,6.81,11.291,World Bank API,2026-09-30 02:09:10
2100,FRA,France,2010,81.663,78.2,85.3,3.1,4.2,115.675,53.661,2.3,3.345,6.57,11.224,World Bank API,2026-09-30 02:09:10
2101,FRA,France,2011,82.115,78.7,85.7,3.1,4.2,112.601,52.563,2.3,3.124,6.5,11.176,World Bank API,2026-09-30 02:09:10
2102,FRA,France,2012,81.968,78.7,85.4,3.1,4.1,109.097,51.592,2.3,3.139,6.48,11.337,World Bank API,2026-09-30 02:09:10
2103,FRA,France,2013,82.22,79.0,85.6,3.1,4.1,105.322,50.507,2.3,3.156,6.41,11.379,World Bank API,2026-09-30 02:09:10
2104,FRA,France,2014,82.72,79.5,86.1,3.1,4.1,100.472,49.309,2.4,3.169,6.35,11.579,World Bank API,2026-09-30 02:09:10
2105,FRA,France,2015,82.322,79.2,85.6,3.2,4.2,101.59,49.377,2.4,3.184,6.28,11.5,World Bank API,2026-09-30 02:09:10
2106,FRA,France,2016,82.573,79.5,85.8,3.2,4.2,97.921,48.309,2.5,3.2,6.21,11.57,World Bank API,2026-09-30 02:09:10
2107,FRA,France,2017,82.576,79.6,85.7,3.3,4.2,95.38,48.266,2.5,3.217,6.12,11.449,World Bank API,2026-09-30 02:09:10
2108,FRA,France,2018,82.676,79.7,85.8,3.3,4.2,94.2,48.216,2.6,3.214,6.04,11.308,World Bank API,2026-09-30 02:09:10
2109,FRA,France,2019,82.827,79.9,85.9,3.3,4.2,91.761,47.023,2.6,3.243,5.96,11.171,World Bank API,2026-09-30 02:09:10
2110,FRA,France,2020,82.176,79.2,85.3,3.3,4.2,92.805,46.852,2.6,3.252,5.86,12.129,World Bank API,2026-09-30 02:09:10
2111,FRA,France,2021,82.324,79.3,85.5,3.4,4.3,93.228,45.997,2.6,3.264,5.77,12.249,World Bank API,2026-09-30 02:09:10
2112,FRA,France,2022,82.129,79.3,85.1,3.4,4.3,92.441,46.408,2.7,3.281,5.65,11.829,World Bank API,2026-09-30 02:09:10
2113,FRO,Faroe Islands,1990,76.119,72.705,79.703,37.7,45.1,113.22,52.524,21.0,0.811,2.76,4.865,World Bank API,2026-09-30 02:09:10
2114,FRO,Faroe Islands,1991,76.356,72.962,79.918,36.4,43.3,109.964,51.957,20.1,0.863,2.76,4.865,World Bank API,2026-09-30 02:09:10
2115,FRO,Faroe Islands,1992,76.592,73.223,80.129,34.9,42.5,106.741,51.645,19.7,0.861,2.84,4.865,World Bank API,2026-09-30 02:09:10
2116,FRO,Faroe Islands,1993,76.829,73.489,80.336,33.4,42.6,104.107,51.43,19.2,0.844,2.76,4.865,World Bank API,2026-09-30 02:09:10
2117,FRO,Faroe Islands,1994,77.069,73.768,80.536,32.9,39.6,101.367,51.336,18.9,0.845,2.76,4.865,World Bank API,2026-09-30 02:09:10
2118,FRO,Faroe Islands,1995,77.323,74.08,80.728,31.6,38.4,98.96,51.22,18.6,0.949,2.745,4.865,World Bank API,2026-09-30 02:09:10
2119,FRO,Faroe Islands,1996,77.562,74.43,80.85,30.4,37.2,96.818,51.024,18.0,0.99,2.64,4.865,World Bank API,2026-09-30 02:09:10
2120,FRO,Faroe Islands,1997,77.785,74.777,80.944,29.0,35.3,94.43,50.693,17.3,0.949,2.579,4.865,World Bank API,2026-09-30 02:09:10
2121,FRO,Faroe Islands,1998,77.998,75.11,81.031,28.2,33.4,92.38,50.295,16.7,0.989,2.583,4.865,World Bank API,2026-09-30 02:09:10
2122,FRO,Faroe Islands,1999,78.209,75.428,81.129,27.2,31.8,90.684,49.79,16.3,1.031,2.587,4.865,World Bank API,2026-09-30 02:09:10
2123,FRO,Faroe Islands,2000,78.412,75.726,81.232,26.3,30.5,89.495,49.359,16.0,1.042,2.508,4.865,World Bank API,2026-09-30 02:09:10
2124,FRO,Faroe Islands,2001,78.602,75.997,81.337,25.4,29.1,88.953,48.9,15.2,1.084,2.5,4.959,World Bank API,2026-09-30 02:09:10
2125,FRO,Faroe Islands,2002,78.788,76.258,81.444,23.6,28.1,89.196,48.479,14.5,1.088,2.429,5.33,World Bank API,2026-09-30 02:09:10
2126,FRO,Faroe Islands,2003,78.985,76.527,81.565,22.9,26.9,89.88,48.158,14.1,1.085,2.35,5.209,World Bank API,2026-09-30 02:09:10
2127,FRO,Faroe Islands,2004,79.205,76.806,81.724,21.1,26.1,90.916,47.961,13.7,1.12,2.361,5.336,World Bank API,2026-09-30 02:09:10
2128,FRO,Faroe Islands,2005,79.445,77.087,81.921,19.8,24.0,91.882,47.685,13.2,1.12,2.29,5.294,World Bank API,2026-09-30 02:09:10
2129,FRO,Faroe Islands,2006,79.69,77.348,82.148,19.3,22.8,92.031,47.401,13.0,1.13,2.297,5.405,World Bank API,2026-09-30 02:09:10
2130,FRO,Faroe Islands,2007,79.924,77.569,82.397,18.5,21.8,91.528,46.917,12.5,1.178,2.27,5.317,World Bank API,2026-09-30 02:09:10
2131,FRO,Faroe Islands,2008,80.146,77.757,82.654,17.9,20.9,90.195,46.325,12.1,1.218,2.26,5.444,World Bank API,2026-09-30 02:09:10
2132,FRO,Faroe Islands,2009,80.37,77.951,82.909,17.4,21.2,88.287,45.62,11.7,1.226,2.269,5.749,World Bank API,2026-09-30 02:09:10
2133,FRO,Faroe Islands,2010,80.605,78.179,83.152,16.7,19.3,86.026,44.918,11.4,1.319,2.25,5.49,World Bank API,2026-09-30 02:09:10
2134,FRO,Faroe Islands,2011,80.852,78.444,83.38,16.6,19.3,83.552,44.099,10.9,1.386,2.25,5.749,World Bank API,2026-09-30 02:09:10
2135,FRO,Faroe Islands,2012,81.106,78.734,83.597,16.2,18.9,80.944,43.345,11.0,1.391,2.27,5.776,World Bank API,2026-09-30 02:09:10
2136,FRO,Faroe Islands,2013,81.357,79.028,83.801,16.0,18.9,78.41,42.584,10.9,1.449,2.29,5.737,World Bank API,2026-09-30 02:09:10
2137,FRO,Faroe Islands,2014,81.591,79.303,83.993,15.8,18.5,75.61,41.91,10.8,1.432,2.34,5.838,World Bank API,2026-09-30 02:09:10
2138,FRO,Faroe Islands,2015,81.8,79.544,84.168,15.5,18.2,73.042,41.31,10.6,1.461,2.37,6.065,World Bank API,2026-09-30 02:09:10
2139,FRO,Faroe Islands,2016,81.962,79.741,84.295,15.0,17.8,70.427,40.643,10.2,1.514,2.36,6.172,World Bank API,2026-09-30 02:09:10
2140,FRO,Faroe Islands,2017,82.106,79.934,84.387,14.5,17.3,68.319,39.993,9.9,1.578,2.34,6.136,World Bank API,2026-09-30 02:09:10
2141,FRO,Faroe Islands,2018,82.249,80.133,84.47,14.1,16.4,66.428,39.387,9.8,1.573,2.3,5.932,World Bank API,2026-09-30 02:09:10
2142,FRO,Faroe Islands,2019,82.391,80.335,84.551,14.1,15.9,65.068,38.758,9.6,1.588,2.25,5.745,World Bank API,2026-09-30 02:09:10
2143,FRO,Faroe Islands,2020,82.534,80.538,84.63,13.6,15.6,64.121,38.124,9.3,1.63,2.35,6.646,World Bank API,2026-09-30 02:09:10
2144,FRO,Faroe Islands,2021,82.676,80.741,84.708,13.3,15.3,66.546,39.058,9.3,1.664,2.39,6.64,World Bank API,2026-09-30 02:09:10
2145,FRO,Faroe Islands,2022,82.816,80.943,84.783,13.0,15.1,73.616,42.179,9.0,1.625,2.36,6.573,World Bank API,2026-09-30 02:09:10
2146,FSM,"Micronesia, Fed. Sts.",1990,63.722,60.508,67.075,41.9,49.2,324.837,203.444,24.1,0.451,3.22,7.765,World Bank API,2026-09-30 02:09:10
2147,FSM,"Micronesia, Fed. Sts.",1991,63.881,60.652,67.245,41.0,48.1,323.324,203.034,23.7,0.451,3.22,7.765,World Bank API,2026-09-30 02:09:10
2148,FSM,"Micronesia, Fed. Sts.",1992,63.996,60.787,67.33,40.2,47.0,322.374,203.15,23.4,0.451,3.22,7.765,World Bank API,2026-09-30 02:09:10
2149,FSM,"Micronesia, Fed. Sts.",1993,64.041,60.922,67.411,39.5,46.1,321.332,203.259,23.1,0.451,3.22,7.765,World Bank API,2026-09-30 02:09:10
2150,FSM,"Micronesia, Fed. Sts.",1994,64.082,60.999,67.538,38.8,45.2,321.378,202.718,22.7,0.471,3.22,7.765,World Bank API,2026-09-30 02:09:10
2151,FSM,"Micronesia, Fed. Sts.",1995,64.142,61.117,67.598,38.1,44.3,320.629,203.179,22.5,0.492,3.22,7.765,World Bank API,2026-09-30 02:09:10
2152,FSM,"Micronesia, Fed. Sts.",1996,64.253,61.258,67.648,37.3,43.3,319.486,203.815,22.1,0.512,3.22,7.765,World Bank API,2026-09-30 02:09:10
2153,FSM,"Micronesia, Fed. Sts.",1997,64.371,61.382,67.732,36.4,42.1,318.673,204.028,21.7,0.532,3.22,7.765,World Bank API,2026-09-30 02:09:10
2154,FSM,"Micronesia, Fed. Sts.",1998,64.509,61.512,67.849,35.4,40.9,317.744,203.768,21.2,0.553,3.22,7.765,World Bank API,2026-09-30 02:09:10
2155,FSM,"Micronesia, Fed. Sts.",1999,64.626,61.628,67.932,34.5,39.8,317.059,203.976,20.7,0.573,3.22,7.765,World Bank API,2026-09-30 02:09:10
2156,FSM,"Micronesia, Fed. Sts.",2000,64.317,61.357,67.541,33.6,38.6,322.025,210.196,20.4,0.571,3.22,7.765,World Bank API,2026-09-30 02:09:10
2157,FSM,"Micronesia, Fed. Sts.",2001,64.801,61.825,68.029,32.8,37.7,316.021,205.155,20.0,0.559,3.22,8.488,World Bank API,2026-09-30 02:09:10
2158,FSM,"Micronesia, Fed. Sts.",2002,63.907,61.218,66.797,34.0,41.5,319.207,219.99,19.8,0.546,3.22,7.963,World Bank API,2026-09-30 02:09:10
2159,FSM,"Micronesia, Fed. Sts.",2003,64.915,61.979,68.095,31.9,36.4,315.068,206.281,19.4,0.534,3.22,9.65,World Bank API,2026-09-30 02:09:10
2160,FSM,"Micronesia, Fed. Sts.",2004,64.898,61.988,68.049,31.6,36.1,315.388,207.671,19.2,0.546,3.22,12.235,World Bank API,2026-09-30 02:09:10
2161,FSM,"Micronesia, Fed. Sts.",2005,64.906,62.005,68.047,31.6,35.9,315.876,208.506,19.1,0.557,3.22,17.948,World Bank API,2026-09-30 02:09:10
2162,FSM,"Micronesia, Fed. Sts.",2006,64.859,61.95,68.009,31.6,35.9,317.485,209.731,19.0,0.567,3.22,10.87,World Bank API,2026-09-30 02:09:10
2163,FSM,"Micronesia, Fed. Sts.",2007,64.844,61.946,67.978,31.5,35.6,318.133,210.895,18.9,0.578,3.22,11.233,World Bank API,2026-09-30 02:09:10
2164,FSM,"Micronesia, Fed. Sts.",2008,64.849,61.968,67.96,31.3,35.3,318.425,211.931,18.7,0.588,3.22,12.083,World Bank API,2026-09-30 02:09:10
2165,FSM,"Micronesia, Fed. Sts.",2009,64.865,61.994,67.96,30.9,34.8,318.804,212.829,18.4,0.194,3.22,12.689,World Bank API,2026-09-30 02:09:10
2166,FSM,"Micronesia, Fed. Sts.",2010,64.892,62.039,67.957,30.3,34.1,318.988,213.883,18.0,0.352,3.22,13.331,World Bank API,2026-09-30 02:09:10
2167,FSM,"Micronesia, Fed. Sts.",2011,64.969,62.108,68.029,29.8,33.4,318.871,213.909,17.6,0.509,3.22,13.223,World Bank API,2026-09-30 02:09:10
2168,FSM,"Micronesia, Fed. Sts.",2012,65.08,62.243,68.098,29.0,32.6,317.58,214.054,17.1,0.667,3.22,12.391,World Bank API,2026-09-30 02:09:10
2169,FSM,"Micronesia, Fed. Sts.",2013,65.179,62.345,68.18,28.2,31.6,317.02,214.018,16.7,0.681,3.22,12.218,World Bank API,2026-09-30 02:09:10
2170,FSM,"Micronesia, Fed. Sts.",2014,65.294,62.464,68.279,27.4,30.7,316.169,213.768,16.2,0.694,3.22,11.835,World Bank API,2026-09-30 02:09:10
2171,FSM,"Micronesia, Fed. Sts.",2015,65.306,62.499,68.255,26.7,29.8,315.883,214.702,15.7,0.708,3.22,12.623,World Bank API,2026-09-30 02:09:10
2172,FSM,"Micronesia, Fed. Sts.",2016,65.576,62.704,68.588,25.9,28.9,314.532,211.181,15.2,0.721,3.22,13.335,World Bank API,2026-09-30 02:09:10
2173,FSM,"Micronesia, Fed. Sts.",2017,65.761,62.824,68.84,25.2,28.1,313.742,207.982,14.7,0.735,3.22,12.407,World Bank API,2026-09-30 02:09:10
2174,FSM,"Micronesia, Fed. Sts.",2018,65.943,62.889,69.151,24.5,27.3,314.006,203.62,14.3,0.748,3.22,11.94,World Bank API,2026-09-30 02:09:10
2175,FSM,"Micronesia, Fed. Sts.",2019,66.196,63.012,69.548,23.7,26.4,313.15,197.706,13.8,0.762,3.22,11.874,World Bank API,2026-09-30 02:09:10
2176,FSM,"Micronesia, Fed. Sts.",2020,65.878,62.395,69.659,23.0,25.6,322.443,194.614,13.3,0.974,3.22,11.985,World Bank API,2026-09-30 02:09:10
2177,FSM,"Micronesia, Fed. Sts.",2021,66.152,62.723,69.792,22.3,24.7,327.559,197.323,12.9,0.974,3.22,11.374,World Bank API,2026-09-30 02:09:10
2178,FSM,"Micronesia, Fed. Sts.",2022,66.961,63.382,70.738,21.6,23.9,310.412,179.652,12.5,0.974,3.22,12.627,World Bank API,2026-09-30 02:09:10
2179,GAB,Gabon,1990,60.736,59.117,62.285,58.8,84.3,287.195,244.526,27.9,0.187,3.194,2.905,World Bank API,2026-09-30 02:09:10
2180,GAB,Gabon,1991,60.891,59.356,62.355,58.1,82.9,283.861,245.819,27.5,0.187,3.135,2.905,World Bank API,2026-09-30 02:09:10
2181,GAB,Gabon,1992,61.013,59.543,62.414,57.4,81.8,281.488,246.996,27.0,0.199,3.075,2.905,World Bank API,2026-09-30 02:09:10
2182,GAB,Gabon,1993,61.125,59.708,62.473,56.8,80.8,279.381,247.798,26.3,0.211,3.016,2.905,World Bank API,2026-09-30 02:09:10
2183,GAB,Gabon,1994,61.183,59.822,62.476,56.2,79.9,277.99,249.265,25.6,0.253,2.957,2.905,World Bank API,2026-09-30 02:09:10
2184,GAB,Gabon,1995,61.27,59.904,62.571,55.6,79.2,278.244,249.221,25.1,0.286,2.898,2.905,World Bank API,2026-09-30 02:09:10
2185,GAB,Gabon,1996,61.265,59.914,62.555,54.8,78.3,279.191,250.587,24.9,0.285,2.838,2.905,World Bank API,2026-09-30 02:09:10
2186,GAB,Gabon,1997,61.395,60.037,62.697,54.0,77.4,278.83,249.634,25.0,0.284,2.779,2.905,World Bank API,2026-09-30 02:09:10
2187,GAB,Gabon,1998,61.506,60.14,62.819,53.0,76.3,278.499,248.999,25.4,0.283,2.72,2.905,World Bank API,2026-09-30 02:09:10
2188,GAB,Gabon,1999,61.658,60.275,62.993,51.9,74.9,277.924,247.277,26.0,0.282,2.661,2.905,World Bank API,2026-09-30 02:09:10
2189,GAB,Gabon,2000,61.81,60.416,63.16,50.7,73.3,277.615,246.161,26.5,0.282,2.602,2.905,World Bank API,2026-09-30 02:09:10
2190,GAB,Gabon,2001,61.982,60.559,63.367,49.4,71.5,277.404,244.232,27.0,0.281,2.542,3.152,World Bank API,2026-09-30 02:09:10
2191,GAB,Gabon,2002,62.175,60.687,63.634,48.1,69.6,277.829,241.16,27.2,0.28,2.483,3.33,World Bank API,2026-09-30 02:09:10
2192,GAB,Gabon,2003,62.463,61.009,63.889,46.8,67.7,274.494,239.754,27.4,0.279,2.424,3.536,World Bank API,2026-09-30 02:09:10
2193,GAB,Gabon,2004,62.694,61.207,64.163,45.5,65.6,274.129,237.37,27.3,0.278,2.365,3.365,World Bank API,2026-09-30 02:09:10
2194,GAB,Gabon,2005,62.978,61.468,64.477,44.3,63.6,272.511,234.537,27.1,0.233,2.305,2.922,World Bank API,2026-09-30 02:09:10
2195,GAB,Gabon,2006,63.259,61.754,64.76,43.2,61.8,270.428,232.488,26.6,0.187,2.246,3.146,World Bank API,2026-09-30 02:09:10
2196,GAB,Gabon,2007,63.619,61.993,65.26,41.9,59.7,269.89,225.142,25.9,0.142,2.187,3.083,World Bank API,2026-09-30 02:09:10
2197,GAB,Gabon,2008,64.011,62.279,65.782,40.8,57.6,268.258,217.965,25.1,0.097,2.128,2.848,World Bank API,2026-09-30 02:09:10
2198,GAB,Gabon,2009,64.361,62.526,66.261,40.0,55.6,267.418,211.695,24.3,0.127,2.068,3.781,World Bank API,2026-09-30 02:09:10
2199,GAB,Gabon,2010,64.715,62.767,66.755,38.8,53.4,266.449,204.982,23.6,0.158,2.009,2.476,World Bank API,2026-09-30 02:09:10
2200,GAB,Gabon,2011,65.102,63.125,67.189,37.5,51.3,262.755,199.63,23.0,0.188,1.95,2.558,World Bank API,2026-09-30 02:09:10
2201,GAB,Gabon,2012,65.438,63.407,67.607,36.4,49.4,261.321,194.555,22.5,0.218,1.95,2.421,World Bank API,2026-09-30 02:09:10
2202,GAB,Gabon,2013,65.751,63.667,68.0,35.3,47.3,260.893,190.035,22.1,0.249,1.95,2.841,World Bank API,2026-09-30 02:09:10
2203,GAB,Gabon,2014,66.07,63.945,68.385,34.7,45.8,259.643,185.831,21.6,0.279,1.95,2.533,World Bank API,2026-09-30 02:09:10
2204,GAB,Gabon,2015,66.336,64.221,68.653,33.7,44.4,258.185,184.588,21.3,0.31,1.95,2.657,World Bank API,2026-09-30 02:09:10
2205,GAB,Gabon,2016,66.583,64.46,68.919,32.6,42.7,257.252,182.67,20.8,0.34,1.95,3.108,World Bank API,2026-09-30 02:09:10
2206,GAB,Gabon,2017,66.816,64.676,69.181,32.0,41.4,256.765,180.329,20.3,0.653,1.95,2.781,World Bank API,2026-09-30 02:09:10
2207,GAB,Gabon,2018,67.043,64.895,69.421,31.1,39.9,255.394,177.901,19.7,0.618,1.95,2.752,World Bank API,2026-09-30 02:09:10
2208,GAB,Gabon,2019,67.337,65.149,69.764,30.1,38.5,252.323,173.261,19.1,0.603,1.95,2.768,World Bank API,2026-09-30 02:09:10
2209,GAB,Gabon,2020,67.073,64.725,69.716,28.8,36.8,257.123,173.575,18.6,0.586,1.95,3.44,World Bank API,2026-09-30 02:09:10
2210,GAB,Gabon,2021,67.072,64.805,69.607,28.5,35.8,266.732,182.099,18.0,0.554,1.95,2.793,World Bank API,2026-09-30 02:09:10
2211,GAB,Gabon,2022,67.713,65.362,70.341,27.5,34.7,256.02,169.103,17.5,0.521,1.95,2.891,World Bank API,2026-09-30 02:09:10
2212,GBR,United Kingdom,1990,75.88,73.1,78.8,7.9,9.3,129.27,78.124,4.5,1.614,5.9,7.146,World Bank API,2026-09-30 02:09:10
2213,GBR,United Kingdom,1991,76.083,73.4,78.9,7.3,8.7,126.785,75.839,4.4,1.627,5.6,7.146,World Bank API,2026-09-30 02:09:10
2214,GBR,United Kingdom,1992,76.434,73.8,79.2,6.9,8.2,122.738,74.16,4.4,1.64,5.4,7.146,World Bank API,2026-09-30 02:09:10
2215,GBR,United Kingdom,1993,76.385,73.8,79.1,6.5,7.7,122.623,74.268,4.3,1.677,5.1,7.146,World Bank API,2026-09-30 02:09:10
2216,GBR,United Kingdom,1994,76.885,74.3,79.6,6.3,7.4,118.108,71.992,4.2,1.691,4.8,7.146,World Bank API,2026-09-30 02:09:10
2217,GBR,United Kingdom,1995,76.837,74.3,79.5,6.1,7.2,118.726,72.505,4.1,1.751,4.8,7.146,World Bank API,2026-09-30 02:09:10
2218,GBR,United Kingdom,1996,77.088,74.6,79.7,5.9,7.0,116.981,71.238,4.0,1.791,4.6,7.146,World Bank API,2026-09-30 02:09:10
2219,GBR,United Kingdom,1997,77.211,74.65,79.9,5.8,6.9,114.328,69.783,3.9,1.848,4.6,7.146,World Bank API,2026-09-30 02:09:10
2220,GBR,United Kingdom,1998,77.19,74.8,79.7,5.7,6.8,113.608,69.213,3.9,1.893,4.4,7.146,World Bank API,2026-09-30 02:09:10
2221,GBR,United Kingdom,1999,77.39,75.0,79.9,5.6,6.7,112.402,68.318,3.8,1.907,4.2,7.146,World Bank API,2026-09-30 02:09:10
2222,GBR,United Kingdom,2000,77.741,75.4,80.2,5.5,6.5,108.445,67.6,3.8,1.987,4.07,7.146,World Bank API,2026-09-30 02:09:10
2223,GBR,United Kingdom,2001,77.993,75.7,80.4,5.5,6.4,107.221,65.765,3.7,2.036,4.03,7.433,World Bank API,2026-09-30 02:09:10
2224,GBR,United Kingdom,2002,78.144,75.9,80.5,5.4,6.3,105.896,64.844,3.6,2.107,3.97,7.859,World Bank API,2026-09-30 02:09:10
2225,GBR,United Kingdom,2003,78.446,76.3,80.7,5.3,6.2,103.807,64.551,3.6,2.194,3.94,8.052,World Bank API,2026-09-30 02:09:10
2226,GBR,United Kingdom,2004,78.746,76.6,81.0,5.2,6.1,99.554,62.084,3.5,2.324,3.85,8.322,World Bank API,2026-09-30 02:09:10
2227,GBR,United Kingdom,2005,79.049,77.0,81.2,5.1,6.0,97.444,61.571,3.5,2.4,3.71,8.381,World Bank API,2026-09-30 02:09:10
2228,GBR,United Kingdom,2006,79.249,77.2,81.4,5.0,5.9,99.258,60.813,3.4,2.45,3.53,8.54,World Bank API,2026-09-30 02:09:10
2229,GBR,United Kingdom,2007,79.449,77.4,81.6,4.9,5.8,97.559,60.006,3.3,2.481,3.38,8.76,World Bank API,2026-09-30 02:09:10
2230,GBR,United Kingdom,2008,79.6,77.6,81.7,4.8,5.6,96.722,60.097,3.2,2.559,3.32,9.033,World Bank API,2026-09-30 02:09:10
2231,GBR,United Kingdom,2009,80.051,78.1,82.1,4.6,5.4,94.258,58.132,3.1,2.642,3.25,9.839,World Bank API,2026-09-30 02:09:10
2232,GBR,United Kingdom,2010,80.402,78.5,82.4,4.4,5.2,91.112,57.445,3.0,2.645,2.92,9.788,World Bank API,2026-09-30 02:09:10
2233,GBR,United Kingdom,2011,80.951,79.0,83.0,4.3,5.0,87.266,55.723,2.9,2.682,2.87,9.797,World Bank API,2026-09-30 02:09:10
2234,GBR,United Kingdom,2012,80.905,79.1,82.8,4.1,4.8,83.863,54.293,2.8,2.69,2.8,9.893,World Bank API,2026-09-30 02:09:10
2235,GBR,United Kingdom,2013,81.005,79.2,82.9,4.0,4.6,85.055,53.751,2.7,2.702,2.75,9.991,World Bank API,2026-09-30 02:09:10
2236,GBR,United Kingdom,2014,81.305,79.5,83.2,3.9,4.5,83.741,53.443,2.6,2.738,2.72,9.977,World Bank API,2026-09-30 02:09:10
2237,GBR,United Kingdom,2015,80.956,79.2,82.8,3.9,4.5,84.408,53.822,2.6,2.767,2.6,9.94,World Bank API,2026-09-30 02:09:10
2238,GBR,United Kingdom,2016,81.156,79.4,83.0,3.8,4.4,85.495,54.788,2.7,2.773,2.56,9.871,World Bank API,2026-09-30 02:09:10
2239,GBR,United Kingdom,2017,81.256,79.5,83.1,3.8,4.4,84.428,52.681,2.7,2.802,2.53,9.705,World Bank API,2026-09-30 02:09:10
2240,GBR,United Kingdom,2018,81.256,79.5,83.1,3.8,4.4,86.971,54.096,2.7,2.828,2.48,9.795,World Bank API,2026-09-30 02:09:10
2241,GBR,United Kingdom,2019,81.369,79.554,83.275,3.8,4.4,85.187,53.185,2.7,2.932,2.44,9.98,World Bank API,2026-09-30 02:09:10
2242,GBR,United Kingdom,2020,80.332,78.362,82.4,3.9,4.4,94.193,57.012,2.8,3.028,2.42,12.104,World Bank API,2026-09-30 02:09:10
2243,GBR,United Kingdom,2021,80.647,78.72,82.671,3.9,4.4,97.829,59.375,2.8,3.16,2.41,12.083,World Bank API,2026-09-30 02:09:10
2244,GBR,United Kingdom,2022,81.011,79.1,83.018,4.0,4.5,90.741,56.403,2.9,3.143,2.42,11.097,World Bank API,2026-09-30 02:09:10
2245,GEO,Georgia,1990,68.679,64.243,72.819,38.5,47.3,258.4,105.772,22.1,4.926,9.797,7.195,World Bank API,2026-09-30 02:09:10
2246,GEO,Georgia,1991,68.202,63.578,72.588,38.2,46.9,269.431,109.268,22.9,4.898,9.798,7.195,World Bank API,2026-09-30 02:09:10
2247,GEO,Georgia,1992,67.78,63.017,72.32,37.9,46.5,278.283,111.495,23.4,4.726,10.009,7.195,World Bank API,2026-09-30 02:09:10
2248,GEO,Georgia,1993,67.405,62.04,72.669,37.4,46.0,304.356,109.938,23.7,5.003,9.391,7.195,World Bank API,2026-09-30 02:09:10
2249,GEO,Georgia,1994,68.669,63.939,73.112,36.9,45.3,261.165,104.001,23.8,4.899,9.676,7.195,World Bank API,2026-09-30 02:09:10
2250,GEO,Georgia,1995,69.398,64.576,73.898,36.2,44.4,257.952,97.205,23.8,4.792,7.66,7.195,World Bank API,2026-09-30 02:09:10
2251,GEO,Georgia,1996,70.637,65.994,74.871,35.2,43.2,237.864,89.281,23.7,3.086,5.67,7.195,World Bank API,2026-09-30 02:09:10
2252,GEO,Georgia,1997,69.683,65.549,73.448,34.0,41.8,248.796,106.807,23.6,3.663,5.86,7.195,World Bank API,2026-09-30 02:09:10
2253,GEO,Georgia,1998,69.787,65.595,73.612,32.7,40.0,245.899,103.399,23.3,3.803,5.71,7.195,World Bank API,2026-09-30 02:09:10
2254,GEO,Georgia,1999,70.012,65.795,73.86,31.0,38.1,242.057,99.804,23.0,3.873,5.69,7.195,World Bank API,2026-09-30 02:09:10
2255,GEO,Georgia,2000,70.091,65.902,73.9,29.2,35.8,243.423,100.756,22.3,3.867,4.91,7.195,World Bank API,2026-09-30 02:09:10
2256,GEO,Georgia,2001,70.371,66.457,73.865,27.3,33.4,235.598,101.222,21.2,3.793,4.64,7.17,World Bank API,2026-09-30 02:09:10
2257,GEO,Georgia,2002,70.438,66.542,73.908,25.2,30.9,238.687,102.95,19.9,3.928,4.43,7.815,World Bank API,2026-09-30 02:09:10
2258,GEO,Georgia,2003,71.377,67.706,74.625,23.2,28.3,222.378,102.134,18.5,3.97,4.44,8.03,World Bank API,2026-09-30 02:09:10
2259,GEO,Georgia,2004,71.011,66.901,74.767,21.1,25.8,236.091,91.293,17.0,3.96,4.39,8.089,World Bank API,2026-09-30 02:09:10
2260,GEO,Georgia,2005,70.689,66.384,74.655,19.1,23.3,262.04,105.599,15.5,3.991,4.25,8.077,World Bank API,2026-09-30 02:09:10
2261,GEO,Georgia,2006,70.983,66.11,75.639,17.3,21.0,267.16,89.04,14.1,4.055,4.12,7.632,World Bank API,2026-09-30 02:09:10
2262,GEO,Georgia,2007,70.985,66.203,75.565,15.6,19.0,264.453,95.101,12.9,4.099,3.67,7.435,World Bank API,2026-09-30 02:09:10
2263,GEO,Georgia,2008,70.949,65.802,75.961,14.1,17.1,271.441,94.814,11.8,4.205,3.57,8.444,World Bank API,2026-09-30 02:09:10
2264,GEO,Georgia,2009,71.058,66.454,75.394,12.9,15.5,258.984,99.448,10.9,4.438,3.48,9.567,World Bank API,2026-09-30 02:09:10
2265,GEO,Georgia,2010,71.732,66.9,76.386,11.8,14.2,261.529,91.372,10.1,4.679,3.43,9.021,World Bank API,2026-09-30 02:09:10
2266,GEO,Georgia,2011,72.485,67.887,76.868,10.9,13.1,239.427,86.107,9.4,4.747,3.26,7.882,World Bank API,2026-09-30 02:09:10
2267,GEO,Georgia,2012,72.672,67.864,77.322,10.2,12.2,244.686,86.396,8.7,4.75,2.96,7.952,World Bank API,2026-09-30 02:09:10
2268,GEO,Georgia,2013,73.025,68.266,77.614,9.6,11.5,243.82,84.733,8.0,4.799,3.05,8.006,World Bank API,2026-09-30 02:09:10
2269,GEO,Georgia,2014,73.105,68.462,77.592,9.2,11.0,235.118,83.282,7.4,5.081,3.08,8.294,World Bank API,2026-09-30 02:09:10
2270,GEO,Georgia,2015,73.241,68.482,77.855,8.9,10.6,235.286,83.226,6.7,5.313,3.38,8.66,World Bank API,2026-09-30 02:09:10
2271,GEO,Georgia,2016,73.136,68.266,77.886,8.7,10.2,240.464,84.212,6.2,6.351,3.64,9.073,World Bank API,2026-09-30 02:09:10
2272,GEO,Georgia,2017,73.435,68.536,78.194,8.5,10.0,234.322,80.095,5.8,6.478,3.98,8.701,World Bank API,2026-09-30 02:09:10
2273,GEO,Georgia,2018,73.985,69.023,78.75,8.3,9.8,226.744,77.695,5.5,7.51,4.22,7.755,World Bank API,2026-09-30 02:09:10
2274,GEO,Georgia,2019,74.165,69.224,78.888,8.2,9.6,221.625,75.537,5.4,7.452,4.61,7.313,World Bank API,2026-09-30 02:09:10
2275,GEO,Georgia,2020,73.509,68.611,78.254,8.0,9.4,226.705,78.643,5.3,5.121,4.9,9.23,World Bank API,2026-09-30 02:09:10
2276,GEO,Georgia,2021,71.635,67.324,75.778,7.9,9.2,249.171,102.042,5.3,5.287,5.44,10.538,World Bank API,2026-09-30 02:09:10
2277,GEO,Georgia,2022,74.141,69.025,79.048,7.7,9.0,224.082,72.845,5.2,5.538,4.72,8.296,World Bank API,2026-09-30 02:09:10
2278,GHA,Ghana,1990,55.395,53.947,56.862,72.7,127.6,328.451,282.129,42.0,0.062,1.46,1.663,World Bank API,2026-09-30 02:09:10
2279,GHA,Ghana,1991,55.722,54.382,57.072,70.9,123.5,324.602,282.817,41.2,0.062,1.422,1.663,World Bank API,2026-09-30 02:09:10
2280,GHA,Ghana,1992,56.055,54.808,57.305,69.6,120.2,320.513,282.633,40.5,0.062,1.384,1.663,World Bank API,2026-09-30 02:09:10
2281,GHA,Ghana,1993,56.286,55.128,57.441,68.8,117.8,317.659,283.432,40.0,0.062,1.346,1.663,World Bank API,2026-09-30 02:09:10
2282,GHA,Ghana,1994,56.234,55.038,57.425,68.3,116.0,322.388,285.273,39.4,0.062,1.308,1.663,World Bank API,2026-09-30 02:09:10
2283,GHA,Ghana,1995,56.662,55.556,57.757,67.8,114.4,315.021,282.6,38.9,0.062,1.27,1.663,World Bank API,2026-09-30 02:09:10
2284,GHA,Ghana,1996,56.957,55.846,58.054,67.3,112.5,312.626,280.232,38.2,0.062,1.232,1.663,World Bank API,2026-09-30 02:09:10
2285,GHA,Ghana,1997,57.241,56.124,58.343,66.5,110.3,310.562,278.049,37.5,0.067,1.194,1.663,World Bank API,2026-09-30 02:09:10
2286,GHA,Ghana,1998,57.525,56.384,58.649,65.2,107.4,309.228,275.945,36.8,0.071,1.156,1.663,World Bank API,2026-09-30 02:09:10
2287,GHA,Ghana,1999,57.835,56.643,59.014,63.7,103.9,308.116,273.37,36.0,0.076,1.118,1.663,World Bank API,2026-09-30 02:09:10
2288,GHA,Ghana,2000,58.139,56.93,59.334,61.7,99.9,307.049,271.772,35.2,0.081,1.08,1.663,World Bank API,2026-09-30 02:09:10
2289,GHA,Ghana,2001,58.403,57.179,59.614,59.7,95.8,306.609,270.688,34.4,0.085,1.042,1.869,World Bank API,2026-09-30 02:09:10
2290,GHA,Ghana,2002,58.709,57.459,59.947,57.8,91.9,305.503,268.795,33.7,0.09,1.004,1.947,World Bank API,2026-09-30 02:09:10
2291,GHA,Ghana,2003,59.014,57.74,60.279,56.2,88.2,304.116,266.697,33.1,0.119,0.966,2.149,World Bank API,2026-09-30 02:09:10
2292,GHA,Ghana,2004,59.316,58.01,60.615,54.7,85.0,302.722,264.373,32.5,0.148,0.928,2.37,World Bank API,2026-09-30 02:09:10
2293,GHA,Ghana,2005,59.638,58.353,60.915,53.4,82.0,299.949,262.205,32.1,0.122,0.89,3.273,World Bank API,2026-09-30 02:09:10
2294,GHA,Ghana,2006,59.975,58.691,61.253,52.1,79.1,297.213,259.4,31.6,0.096,0.852,3.672,World Bank API,2026-09-30 02:09:10
2295,GHA,Ghana,2007,60.282,58.967,61.593,50.7,76.2,295.518,256.523,31.1,0.07,0.814,3.709,World Bank API,2026-09-30 02:09:10
2296,GHA,Ghana,2008,60.578,59.194,61.963,49.2,73.1,294.77,253.393,30.6,0.077,0.776,3.725,World Bank API,2026-09-30 02:09:10
2297,GHA,Ghana,2009,60.928,59.507,62.35,47.5,69.8,292.738,249.879,29.9,0.082,0.738,4.177,World Bank API,2026-09-30 02:09:10
2298,GHA,Ghana,2010,61.297,59.79,62.812,45.8,66.5,291.317,245.388,29.0,0.091,0.7,4.523,World Bank API,2026-09-30 02:09:10
2299,GHA,Ghana,2011,61.617,59.983,63.267,44.0,63.3,291.391,241.037,28.1,0.095,0.68,4.464,World Bank API,2026-09-30 02:09:10
2300,GHA,Ghana,2012,61.995,60.308,63.702,42.3,60.3,289.244,236.862,27.1,0.093,0.72,3.93,World Bank API,2026-09-30 02:09:10
2301,GHA,Ghana,2013,62.397,60.652,64.165,40.7,57.5,286.622,232.21,26.1,0.1,0.73,4.592,World Bank API,2026-09-30 02:09:10
2302,GHA,Ghana,2014,62.832,60.99,64.704,39.3,54.9,283.965,226.458,25.2,0.108,0.71,4.016,World Bank API,2026-09-30 02:09:10
2303,GHA,Ghana,2015,63.175,61.317,65.063,37.9,52.5,281.229,223.143,24.3,0.114,0.69,4.543,World Bank API,2026-09-30 02:09:10
2304,GHA,Ghana,2016,63.522,61.63,65.446,36.6,50.3,278.572,219.336,23.4,0.123,0.69,3.39,World Bank API,2026-09-30 02:09:10
2305,GHA,Ghana,2017,63.829,61.907,65.788,35.4,48.2,276.379,215.996,22.6,0.089,0.69,2.688,World Bank API,2026-09-30 02:09:10
2306,GHA,Ghana,2018,64.138,62.155,66.164,34.1,46.1,274.447,212.035,21.8,0.144,0.69,2.43,World Bank API,2026-09-30 02:09:10
2307,GHA,Ghana,2019,64.455,62.387,66.574,32.9,44.1,272.585,207.625,21.0,0.104,0.69,3.255,World Bank API,2026-09-30 02:09:10
2308,GHA,Ghana,2020,64.309,62.028,66.671,31.7,42.2,278.413,207.404,20.4,0.166,0.69,4.433,World Bank API,2026-09-30 02:09:10
2309,GHA,Ghana,2021,64.286,62.107,66.533,30.5,40.3,286.666,215.759,19.7,0.128,0.69,3.86,World Bank API,2026-09-30 02:09:10
2310,GHA,Ghana,2022,65.246,62.954,67.611,29.4,38.6,268.829,196.339,19.2,0.143,0.69,3.675,World Bank API,2026-09-30 02:09:10
2311,GIB,Gibraltar,1990,76.814,74.08,79.334,37.7,45.1,121.252,72.455,21.0,0.811,2.76,4.865,World Bank API,2026-09-30 02:09:10
2312,GIB,Gibraltar,1991,77.118,74.38,79.626,36.4,43.3,118.325,70.53,20.1,0.863,2.76,4.865,World Bank API,2026-09-30 02:09:10
2313,GIB,Gibraltar,1992,77.412,74.747,79.82,34.9,42.5,114.789,69.268,19.7,0.861,2.84,4.865,World Bank API,2026-09-30 02:09:10
2314,GIB,Gibraltar,1993,77.722,75.211,79.975,33.4,42.6,110.455,68.277,19.2,0.844,2.76,4.865,World Bank API,2026-09-30 02:09:10
2315,GIB,Gibraltar,1994,78.052,75.703,80.139,32.9,39.6,106.031,67.226,18.9,0.845,2.76,4.865,World Bank API,2026-09-30 02:09:10
2316,GIB,Gibraltar,1995,78.345,76.149,80.281,31.6,38.4,102.113,66.298,18.6,0.949,2.745,4.865,World Bank API,2026-09-30 02:09:10
2317,GIB,Gibraltar,1996,78.696,76.727,80.405,30.4,37.2,97.178,65.499,18.0,0.99,2.64,4.865,World Bank API,2026-09-30 02:09:10
2318,GIB,Gibraltar,1997,79.097,77.302,80.635,29.0,35.3,92.419,64.028,17.3,0.949,2.579,4.865,World Bank API,2026-09-30 02:09:10
2319,GIB,Gibraltar,1998,79.477,77.79,80.909,28.2,33.4,88.507,62.304,16.7,0.989,2.583,4.865,World Bank API,2026-09-30 02:09:10
2320,GIB,Gibraltar,1999,79.812,78.185,81.185,27.2,31.8,85.423,60.597,16.3,1.031,2.587,4.865,World Bank API,2026-09-30 02:09:10
2321,GIB,Gibraltar,2000,80.145,78.506,81.522,26.3,30.5,82.968,58.558,16.0,1.042,2.508,4.865,World Bank API,2026-09-30 02:09:10
2322,GIB,Gibraltar,2001,80.419,78.683,81.883,25.4,29.1,81.639,56.425,15.2,1.084,2.5,4.959,World Bank API,2026-09-30 02:09:10
2323,GIB,Gibraltar,2002,80.59,78.766,82.135,23.6,28.1,81.021,54.969,14.5,1.088,2.429,5.33,World Bank API,2026-09-30 02:09:10
2324,GIB,Gibraltar,2003,80.713,78.765,82.4,22.9,26.9,81.028,53.464,14.1,1.085,2.35,5.209,World Bank API,2026-09-30 02:09:10
2325,GIB,Gibraltar,2004,80.856,78.781,82.691,21.1,26.1,80.907,51.822,13.7,1.12,2.361,5.336,World Bank API,2026-09-30 02:09:10
2326,GIB,Gibraltar,2005,80.991,78.788,82.979,19.8,24.0,80.856,50.222,13.2,1.12,2.29,5.294,World Bank API,2026-09-30 02:09:10
2327,GIB,Gibraltar,2006,81.103,78.749,83.273,19.3,22.8,81.148,48.616,13.0,1.13,2.297,5.405,World Bank API,2026-09-30 02:09:10
2328,GIB,Gibraltar,2007,81.269,78.751,83.634,18.5,21.8,81.135,46.697,12.5,1.178,2.27,5.317,World Bank API,2026-09-30 02:09:10
2329,GIB,Gibraltar,2008,81.541,78.958,83.99,17.9,20.9,79.603,44.855,12.1,1.218,2.26,5.444,World Bank API,2026-09-30 02:09:10
2330,GIB,Gibraltar,2009,81.807,79.164,84.331,17.4,21.2,78.103,43.133,11.7,1.226,2.269,5.749,World Bank API,2026-09-30 02:09:10
2331,GIB,Gibraltar,2010,82.08,79.403,84.642,16.7,19.3,76.38,41.604,11.4,1.319,2.25,5.49,World Bank API,2026-09-30 02:09:10
2332,GIB,Gibraltar,2011,82.333,79.654,84.897,16.6,19.3,74.606,40.376,10.9,1.386,2.25,5.749,World Bank API,2026-09-30 02:09:10
2333,GIB,Gibraltar,2012,82.527,79.848,85.094,16.2,18.9,73.255,39.444,11.0,1.391,2.27,5.776,World Bank API,2026-09-30 02:09:10
2334,GIB,Gibraltar,2013,82.586,79.863,85.219,16.0,18.9,73.151,38.864,10.9,1.449,2.29,5.737,World Bank API,2026-09-30 02:09:10
2335,GIB,Gibraltar,2014,82.644,79.914,85.298,15.8,18.5,72.793,38.494,10.8,1.432,2.34,5.838,World Bank API,2026-09-30 02:09:10
2336,GIB,Gibraltar,2015,82.668,79.929,85.35,15.5,18.2,72.69,38.257,10.6,1.461,2.37,6.065,World Bank API,2026-09-30 02:09:10
2337,GIB,Gibraltar,2016,82.741,80.02,85.418,15.0,17.8,72.065,37.943,10.2,1.514,2.36,6.172,World Bank API,2026-09-30 02:09:10
2338,GIB,Gibraltar,2017,82.858,80.158,85.516,14.5,17.3,71.092,37.5,9.9,1.578,2.34,6.136,World Bank API,2026-09-30 02:09:10
2339,GIB,Gibraltar,2018,83.028,80.362,85.649,14.1,16.4,69.672,36.898,9.8,1.573,2.3,5.932,World Bank API,2026-09-30 02:09:10
2340,GIB,Gibraltar,2019,83.183,80.53,85.79,14.1,15.9,68.513,36.272,9.6,1.588,2.25,5.745,World Bank API,2026-09-30 02:09:10
2341,GIB,Gibraltar,2020,83.07,80.423,85.69,13.6,15.6,68.333,36.092,9.3,1.63,2.35,6.646,World Bank API,2026-09-30 02:09:10
2342,GIB,Gibraltar,2021,80.274,77.834,82.801,13.3,15.3,82.379,54.465,9.3,1.664,2.39,6.64,World Bank API,2026-09-30 02:09:10
2343,GIB,Gibraltar,2022,83.517,80.875,86.097,13.0,15.1,66.176,34.928,9.0,1.625,2.36,6.573,World Bank API,2026-09-30 02:09:10
2344,GIN,Guinea,1990,47.252,46.453,48.015,134.5,233.4,352.445,327.997,61.6,0.134,0.551,4.741,World Bank API,2026-09-30 02:09:10
2345,GIN,Guinea,1991,47.781,46.911,48.616,131.2,227.5,350.027,324.008,60.4,0.138,0.534,4.741,World Bank API,2026-09-30 02:09:10
2346,GIN,Guinea,1992,48.266,47.445,49.053,127.7,221.1,346.606,322.449,59.4,0.143,0.517,4.741,World Bank API,2026-09-30 02:09:10
2347,GIN,Guinea,1993,48.819,47.978,49.625,124.0,214.4,343.317,319.141,58.7,0.148,0.501,4.741,World Bank API,2026-09-30 02:09:10
2348,GIN,Guinea,1994,49.188,48.377,49.968,120.3,207.5,342.599,319.661,58.0,0.152,0.484,4.741,World Bank API,2026-09-30 02:09:10
2349,GIN,Guinea,1995,49.836,49.066,50.575,116.4,200.5,336.811,316.294,57.0,0.13,0.467,4.741,World Bank API,2026-09-30 02:09:10
2350,GIN,Guinea,1996,50.546,49.818,51.245,112.6,193.5,330.054,312.192,55.6,0.122,0.45,4.741,World Bank API,2026-09-30 02:09:10
2351,GIN,Guinea,1997,51.113,50.453,51.748,108.9,186.6,325.554,310.88,53.6,0.114,0.434,4.741,World Bank API,2026-09-30 02:09:10
2352,GIN,Guinea,1998,51.61,51.009,52.184,105.1,179.7,322.752,310.687,51.1,0.107,0.417,4.741,World Bank API,2026-09-30 02:09:10
2353,GIN,Guinea,1999,51.987,51.353,52.594,101.2,172.6,325.322,311.036,48.5,0.099,0.4,4.741,World Bank API,2026-09-30 02:09:10
2354,GIN,Guinea,2000,52.42,51.865,52.952,97.3,165.7,322.783,311.742,46.1,0.091,0.384,4.741,World Bank API,2026-09-30 02:09:10
2355,GIN,Guinea,2001,52.669,52.034,53.281,93.6,159.0,328.304,312.7,44.1,0.096,0.367,4.884,World Bank API,2026-09-30 02:09:10
2356,GIN,Guinea,2002,53.2,52.658,53.72,90.1,152.7,321.516,311.274,42.6,0.1,0.35,5.357,World Bank API,2026-09-30 02:09:10
2357,GIN,Guinea,2003,53.589,52.98,54.167,87.0,146.9,322.013,309.285,41.3,0.104,0.333,4.772,World Bank API,2026-09-30 02:09:10
2358,GIN,Guinea,2004,53.975,53.275,54.635,84.1,141.6,322.462,306.351,40.3,0.109,0.317,4.776,World Bank API,2026-09-30 02:09:10
2359,GIN,Guinea,2005,54.422,53.611,55.184,81.7,137.0,321.581,301.613,39.3,0.102,0.3,4.035,World Bank API,2026-09-30 02:09:10
2360,GIN,Guinea,2006,54.875,53.944,55.751,79.6,133.1,320.205,296.129,38.3,0.109,0.3,3.615,World Bank API,2026-09-30 02:09:10
2361,GIN,Guinea,2007,55.233,54.234,56.173,77.9,129.7,319.099,292.368,37.5,0.115,0.3,3.483,World Bank API,2026-09-30 02:09:10
2362,GIN,Guinea,2008,55.703,54.61,56.734,76.6,126.9,316.056,286.264,36.9,0.122,0.3,3.266,World Bank API,2026-09-30 02:09:10
2363,GIN,Guinea,2009,56.052,54.869,57.169,75.4,124.4,314.755,281.648,36.5,0.128,0.3,3.581,World Bank API,2026-09-30 02:09:10
2364,GIN,Guinea,2010,56.431,55.186,57.607,74.4,122.2,311.925,276.959,36.0,0.135,0.3,3.428,World Bank API,2026-09-30 02:09:10
2365,GIN,Guinea,2011,56.778,55.48,58.005,73.6,120.3,309.254,272.632,35.6,0.141,0.3,3.79,World Bank API,2026-09-30 02:09:10
2366,GIN,Guinea,2012,57.117,55.754,58.407,72.9,118.4,306.754,268.151,35.1,0.148,0.3,3.504,World Bank API,2026-09-30 02:09:10
2367,GIN,Guinea,2013,57.459,56.074,58.77,72.1,116.6,303.644,264.259,34.6,0.154,0.3,3.461,World Bank API,2026-09-30 02:09:10
2368,GIN,Guinea,2014,57.581,56.22,58.868,72.0,115.4,302.563,264.04,34.1,0.161,0.3,4.788,World Bank API,2026-09-30 02:09:10
2369,GIN,Guinea,2015,57.899,56.634,59.092,71.2,113.7,297.606,262.16,33.7,0.083,0.3,5.809,World Bank API,2026-09-30 02:09:10
2370,GIN,Guinea,2016,58.49,57.28,59.631,69.9,111.4,288.948,255.945,33.2,0.081,0.3,5.397,World Bank API,2026-09-30 02:09:10
2371,GIN,Guinea,2017,58.715,57.441,59.919,69.0,109.5,288.144,253.3,32.9,0.15,0.3,3.915,World Bank API,2026-09-30 02:09:10
2372,GIN,Guinea,2018,59.043,57.8,60.217,68.1,107.5,284.254,250.56,32.6,0.219,0.3,3.738,World Bank API,2026-09-30 02:09:10
2373,GIN,Guinea,2019,59.379,58.159,60.529,67.0,105.4,280.567,247.685,32.2,0.217,0.3,4.089,World Bank API,2026-09-30 02:09:10
2374,GIN,Guinea,2020,59.35,57.963,60.654,65.7,102.9,284.184,247.749,31.8,0.214,0.3,3.901,World Bank API,2026-09-30 02:09:10
2375,GIN,Guinea,2021,59.373,58.145,60.535,64.4,100.3,292.48,258.61,31.3,0.212,0.3,3.718,World Bank API,2026-09-30 02:09:10
2376,GIN,Guinea,2022,60.432,59.191,61.605,62.9,97.6,270.606,237.318,30.8,0.21,0.3,3.833,World Bank API,2026-09-30 02:09:10
2377,GMB,"Gambia, The",1990,51.278,49.996,52.632,99.5,166.2,360.966,317.973,49.5,0.016,0.611,10.785,World Bank API,2026-09-30 02:09:10
2378,GMB,"Gambia, The",1991,51.857,50.52,53.273,96.9,160.5,357.522,312.532,48.7,0.016,0.629,10.785,World Bank API,2026-09-30 02:09:10
2379,GMB,"Gambia, The",1992,52.477,50.99,54.058,94.3,154.9,355.184,304.46,47.8,0.016,0.647,10.785,World Bank API,2026-09-30 02:09:10
2380,GMB,"Gambia, The",1993,53.15,51.528,54.882,91.6,149.3,351.409,295.924,46.9,0.016,0.666,10.785,World Bank API,2026-09-30 02:09:10
2381,GMB,"Gambia, The",1994,53.768,52.103,55.541,88.9,143.7,347.001,289.784,46.0,0.021,0.684,10.785,World Bank API,2026-09-30 02:09:10
2382,GMB,"Gambia, The",1995,54.292,52.489,56.217,86.2,138.2,346.169,283.55,45.0,0.026,0.702,10.785,World Bank API,2026-09-30 02:09:10
2383,GMB,"Gambia, The",1996,54.849,52.979,56.842,83.5,132.9,343.145,278.225,44.0,0.03,0.721,10.785,World Bank API,2026-09-30 02:09:10
2384,GMB,"Gambia, The",1997,55.225,53.3,57.273,80.9,127.6,342.796,275.682,43.0,0.035,0.739,10.785,World Bank API,2026-09-30 02:09:10
2385,GMB,"Gambia, The",1998,56.007,53.964,58.182,78.3,122.6,336.586,266.085,42.0,0.046,0.757,10.785,World Bank API,2026-09-30 02:09:10
2386,GMB,"Gambia, The",1999,56.466,54.444,58.607,75.8,117.7,332.62,263.259,41.0,0.056,0.776,10.785,World Bank API,2026-09-30 02:09:10
2387,GMB,"Gambia, The",2000,56.899,54.919,58.985,73.3,112.8,329.995,262.532,40.2,0.067,0.794,10.785,World Bank API,2026-09-30 02:09:10
2388,GMB,"Gambia, The",2001,57.283,55.379,59.278,70.9,108.1,326.812,262.522,39.5,0.078,0.812,8.299,World Bank API,2026-09-30 02:09:10
2389,GMB,"Gambia, The",2002,57.736,55.934,59.609,68.5,103.6,321.736,261.604,38.8,0.088,0.83,6.233,World Bank API,2026-09-30 02:09:10
2390,GMB,"Gambia, The",2003,58.223,56.501,60.001,66.1,99.2,316.36,259.6,38.1,0.099,0.849,5.297,World Bank API,2026-09-30 02:09:10
2391,GMB,"Gambia, The",2004,58.749,57.089,60.453,63.8,94.9,310.46,256.452,37.5,0.102,0.867,5.42,World Bank API,2026-09-30 02:09:10
2392,GMB,"Gambia, The",2005,59.11,57.506,60.747,61.5,90.7,307.637,255.501,36.7,0.1,0.885,5.386,World Bank API,2026-09-30 02:09:10
2393,GMB,"Gambia, The",2006,59.667,58.126,61.233,59.4,86.8,300.953,251.829,35.9,0.102,0.904,5.437,World Bank API,2026-09-30 02:09:10
2394,GMB,"Gambia, The",2007,60.001,58.597,61.416,57.3,83.0,296.969,252.62,35.2,0.09,0.922,4.955,World Bank API,2026-09-30 02:09:10
2395,GMB,"Gambia, The",2008,60.473,59.162,61.787,55.3,79.4,291.042,250.27,34.4,0.096,0.94,4.659,World Bank API,2026-09-30 02:09:10
2396,GMB,"Gambia, The",2009,60.735,59.422,62.048,53.4,76.0,289.97,249.394,33.6,0.096,0.959,4.464,World Bank API,2026-09-30 02:09:10
2397,GMB,"Gambia, The",2010,61.167,59.897,62.434,51.5,72.7,285.228,246.619,32.8,0.096,0.977,4.119,World Bank API,2026-09-30 02:09:10
2398,GMB,"Gambia, The",2011,61.561,60.31,62.805,49.8,69.7,281.536,243.853,32.0,0.096,0.995,4.37,World Bank API,2026-09-30 02:09:10
2399,GMB,"Gambia, The",2012,61.9,60.651,63.139,48.1,66.8,278.915,241.437,31.3,0.096,1.013,4.269,World Bank API,2026-09-30 02:09:10
2400,GMB,"Gambia, The",2013,62.252,61.01,63.482,46.5,64.0,275.823,238.769,30.6,0.096,1.032,3.914,World Bank API,2026-09-30 02:09:10
2401,GMB,"Gambia, The",2014,62.576,61.316,63.822,45.0,61.4,273.508,235.918,29.8,0.096,1.05,3.052,World Bank API,2026-09-30 02:09:10
2402,GMB,"Gambia, The",2015,62.971,61.677,64.251,43.5,58.9,270.232,231.595,29.0,0.096,1.02,3.176,World Bank API,2026-09-30 02:09:10
2403,GMB,"Gambia, The",2016,63.386,61.987,64.773,42.1,56.6,267.62,225.962,28.2,0.098,1.08,3.195,World Bank API,2026-09-30 02:09:10
2404,GMB,"Gambia, The",2017,63.708,62.268,65.134,40.7,54.3,265.331,222.249,27.4,0.099,1.04,3.354,World Bank API,2026-09-30 02:09:10
2405,GMB,"Gambia, The",2018,64.034,62.539,65.516,39.4,52.3,263.202,218.413,26.7,0.124,1.0,3.185,World Bank API,2026-09-30 02:09:10
2406,GMB,"Gambia, The",2019,64.427,62.915,65.927,38.2,50.4,259.059,213.867,26.0,0.077,0.96,3.145,World Bank API,2026-09-30 02:09:10
2407,GMB,"Gambia, The",2020,64.418,62.713,66.122,37.0,48.6,261.219,211.922,25.3,0.078,1.14,4.014,World Bank API,2026-09-30 02:09:10
2408,GMB,"Gambia, The",2021,63.847,62.239,65.446,35.9,47.0,281.056,230.726,24.7,0.104,1.18,3.743,World Bank API,2026-09-30 02:09:10
2409,GMB,"Gambia, The",2022,64.859,63.207,66.5,34.7,45.3,262.92,212.681,24.1,0.104,1.18,3.537,World Bank API,2026-09-30 02:09:10
2410,GNB,Guinea-Bissau,1990,46.89,44.937,48.921,123.9,223.7,406.436,325.362,63.9,0.177,1.478,4.19,World Bank API,2026-09-30 02:09:10
2411,GNB,Guinea-Bissau,1991,47.201,45.222,49.252,121.9,219.0,407.984,325.134,63.3,0.177,1.453,4.19,World Bank API,2026-09-30 02:09:10
2412,GNB,Guinea-Bissau,1992,47.518,45.493,49.606,120.0,214.5,409.905,325.042,62.8,0.177,1.428,4.19,World Bank API,2026-09-30 02:09:10
2413,GNB,Guinea-Bissau,1993,47.84,45.775,49.958,117.8,209.9,411.567,324.908,62.1,0.177,1.402,4.19,World Bank API,2026-09-30 02:09:10
2414,GNB,Guinea-Bissau,1994,47.775,45.688,49.901,115.6,205.0,419.615,331.739,61.4,0.177,1.377,4.19,World Bank API,2026-09-30 02:09:10
2415,GNB,Guinea-Bissau,1995,48.531,46.386,50.707,113.3,200.1,413.717,324.889,60.5,0.172,1.352,4.19,World Bank API,2026-09-30 02:09:10
2416,GNB,Guinea-Bissau,1996,48.772,46.61,50.951,110.8,195.0,416.417,327.017,59.6,0.166,1.327,4.19,World Bank API,2026-09-30 02:09:10
2417,GNB,Guinea-Bissau,1997,48.033,45.94,50.128,108.4,190.0,434.169,345.726,58.6,0.163,1.302,4.19,World Bank API,2026-09-30 02:09:10
2418,GNB,Guinea-Bissau,1998,48.123,44.681,51.694,105.9,185.0,488.38,330.451,57.5,0.159,1.277,4.19,World Bank API,2026-09-30 02:09:10
2419,GNB,Guinea-Bissau,1999,48.492,45.465,51.572,103.3,179.9,472.098,337.144,56.3,0.156,1.252,4.19,World Bank API,2026-09-30 02:09:10
2420,GNB,Guinea-Bissau,2000,50.565,48.374,52.723,100.7,174.8,409.475,323.466,55.2,0.153,1.226,4.19,World Bank API,2026-09-30 02:09:10
2421,GNB,Guinea-Bissau,2001,51.054,48.868,53.198,97.9,169.3,406.773,322.066,54.2,0.149,1.201,4.129,World Bank API,2026-09-30 02:09:10
2422,GNB,Guinea-Bissau,2002,51.608,49.461,53.705,94.8,163.6,401.748,320.088,53.3,0.146,1.176,3.873,World Bank API,2026-09-30 02:09:10
2423,GNB,Guinea-Bissau,2003,52.186,50.056,54.258,91.8,157.7,397.004,317.313,52.6,0.142,1.151,3.502,World Bank API,2026-09-30 02:09:10
2424,GNB,Guinea-Bissau,2004,52.8,50.688,54.847,88.5,151.6,391.491,313.795,51.8,0.139,1.126,4.271,World Bank API,2026-09-30 02:09:10
2425,GNB,Guinea-Bissau,2005,52.949,50.894,54.93,85.1,145.3,392.805,317.435,51.0,0.117,1.101,4.535,World Bank API,2026-09-30 02:09:10
2426,GNB,Guinea-Bissau,2006,54.089,51.973,56.127,81.7,139.1,380.666,304.716,50.1,0.096,1.075,5.078,World Bank API,2026-09-30 02:09:10
2427,GNB,Guinea-Bissau,2007,54.87,52.828,56.826,78.2,132.8,370.412,298.987,49.0,0.074,1.05,4.926,World Bank API,2026-09-30 02:09:10
2428,GNB,Guinea-Bissau,2008,55.3,53.277,57.229,74.7,126.5,367.904,297.363,47.8,0.052,1.025,5.352,World Bank API,2026-09-30 02:09:10
2429,GNB,Guinea-Bissau,2009,56.297,54.264,58.23,71.2,120.2,356.536,286.839,46.5,0.081,1.0,4.611,World Bank API,2026-09-30 02:09:10
2430,GNB,Guinea-Bissau,2010,56.999,54.956,58.929,67.9,114.3,349.859,279.769,45.1,0.072,1.0,4.871,World Bank API,2026-09-30 02:09:10
2431,GNB,Guinea-Bissau,2011,57.663,55.6,59.602,64.6,108.6,343.708,273.315,43.7,0.062,1.0,6.216,World Bank API,2026-09-30 02:09:10
2432,GNB,Guinea-Bissau,2012,58.27,56.175,60.24,61.8,103.6,338.516,267.322,42.4,0.096,1.0,5.941,World Bank API,2026-09-30 02:09:10
2433,GNB,Guinea-Bissau,2013,58.879,56.758,60.871,59.3,99.1,332.463,260.541,41.3,0.13,1.0,7.039,World Bank API,2026-09-30 02:09:10
2434,GNB,Guinea-Bissau,2014,59.476,57.314,61.506,57.1,95.2,326.556,253.231,40.2,0.164,1.0,9.969,World Bank API,2026-09-30 02:09:10
2435,GNB,Guinea-Bissau,2015,60.071,57.887,62.119,55.2,91.6,319.76,246.011,39.1,0.198,1.0,8.132,World Bank API,2026-09-30 02:09:10
2436,GNB,Guinea-Bissau,2016,60.619,58.412,62.687,53.4,88.2,313.377,239.204,38.2,0.1,1.0,8.329,World Bank API,2026-09-30 02:09:10
2437,GNB,Guinea-Bissau,2017,61.148,58.909,63.246,51.7,85.1,307.392,232.306,37.3,0.2,1.0,7.0,World Bank API,2026-09-30 02:09:10
2438,GNB,Guinea-Bissau,2018,61.652,59.389,63.77,50.1,82.2,301.491,225.919,36.5,0.301,1.0,7.282,World Bank API,2026-09-30 02:09:10
2439,GNB,Guinea-Bissau,2019,62.161,59.873,64.305,48.6,79.5,295.575,219.225,35.7,0.246,1.0,7.146,World Bank API,2026-09-30 02:09:10
2440,GNB,Guinea-Bissau,2020,61.343,58.872,63.684,47.2,76.7,317.446,232.552,34.9,0.191,1.0,8.989,World Bank API,2026-09-30 02:09:10
2441,GNB,Guinea-Bissau,2021,61.653,59.306,63.87,45.9,74.3,321.831,239.092,34.2,0.22,1.0,8.398,World Bank API,2026-09-30 02:09:10
2442,GNB,Guinea-Bissau,2022,63.605,61.205,65.854,44.7,72.0,278.838,199.936,33.5,0.252,1.0,8.338,World Bank API,2026-09-30 02:09:10
2443,GNQ,Equatorial Guinea,1990,51.397,49.426,53.322,118.2,176.7,373.191,295.921,49.9,0.281,1.9,1.223,World Bank API,2026-09-30 02:09:10
2444,GNQ,Equatorial Guinea,1991,51.497,49.62,53.328,117.8,175.4,371.065,298.906,49.6,0.266,1.9,1.223,World Bank API,2026-09-30 02:09:10
2445,GNQ,Equatorial Guinea,1992,51.579,49.81,53.302,117.3,173.9,368.947,302.394,49.3,0.252,1.9,1.223,World Bank API,2026-09-30 02:09:10
2446,GNQ,Equatorial Guinea,1993,51.671,49.952,53.346,116.9,172.7,368.223,304.492,49.0,0.237,1.9,1.223,World Bank API,2026-09-30 02:09:10
2447,GNQ,Equatorial Guinea,1994,51.785,50.146,53.381,116.3,171.3,366.216,306.772,48.7,0.223,1.9,1.223,World Bank API,2026-09-30 02:09:10
2448,GNQ,Equatorial Guinea,1995,51.926,50.355,53.462,115.7,169.8,364.254,308.342,48.4,0.208,1.9,1.223,World Bank API,2026-09-30 02:09:10
2449,GNQ,Equatorial Guinea,1996,52.123,50.632,53.585,114.7,167.8,361.142,309.515,48.0,0.246,1.9,1.223,World Bank API,2026-09-30 02:09:10
2450,GNQ,Equatorial Guinea,1997,52.365,50.897,53.815,113.3,165.3,359.076,308.787,47.5,0.236,1.9,1.223,World Bank API,2026-09-30 02:09:10
2451,GNQ,Equatorial Guinea,1998,52.646,51.215,54.069,111.4,162.2,356.287,308.234,47.2,0.227,1.9,1.223,World Bank API,2026-09-30 02:09:10
2452,GNQ,Equatorial Guinea,1999,53.001,51.608,54.394,109.0,158.6,352.61,306.751,46.6,0.218,1.9,1.223,World Bank API,2026-09-30 02:09:10
2453,GNQ,Equatorial Guinea,2000,53.395,52.003,54.797,106.2,154.5,349.478,303.685,46.1,0.208,1.9,1.223,World Bank API,2026-09-30 02:09:10
2454,GNQ,Equatorial Guinea,2001,53.827,52.468,55.183,103.3,150.2,345.133,301.686,45.6,0.198,1.9,1.326,World Bank API,2026-09-30 02:09:10
2455,GNQ,Equatorial Guinea,2002,54.324,52.992,55.641,100.3,145.9,340.056,298.353,44.9,0.189,1.9,2.887,World Bank API,2026-09-30 02:09:10
2456,GNQ,Equatorial Guinea,2003,54.791,53.439,56.124,97.2,141.5,336.738,294.63,44.1,0.18,1.9,1.972,World Bank API,2026-09-30 02:09:10
2457,GNQ,Equatorial Guinea,2004,55.307,53.923,56.668,94.0,137.0,333.061,289.737,43.0,0.17,1.9,1.585,World Bank API,2026-09-30 02:09:10
2458,GNQ,Equatorial Guinea,2005,55.766,54.406,57.095,90.7,132.3,328.825,287.05,41.8,0.182,1.9,1.42,World Bank API,2026-09-30 02:09:10
2459,GNQ,Equatorial Guinea,2006,56.354,54.979,57.698,87.2,127.4,323.301,282.648,40.4,0.194,1.9,1.412,World Bank API,2026-09-30 02:09:10
2460,GNQ,Equatorial Guinea,2007,56.857,55.478,58.224,83.6,122.6,319.51,278.408,38.8,0.206,1.9,1.421,World Bank API,2026-09-30 02:09:10
2461,GNQ,Equatorial Guinea,2008,57.384,56.0,58.777,80.3,118.0,314.801,272.013,37.4,0.218,1.9,1.233,World Bank API,2026-09-30 02:09:10
2462,GNQ,Equatorial Guinea,2009,57.881,56.485,59.306,77.1,113.5,310.518,267.243,36.1,0.23,1.9,1.874,World Bank API,2026-09-30 02:09:10
2463,GNQ,Equatorial Guinea,2010,58.344,56.926,59.812,74.3,109.4,307.028,262.639,35.0,0.242,2.1,1.734,World Bank API,2026-09-30 02:09:10
2464,GNQ,Equatorial Guinea,2011,58.827,57.406,60.309,71.7,105.6,302.467,258.17,34.1,0.253,2.1,1.543,World Bank API,2026-09-30 02:09:10
2465,GNQ,Equatorial Guinea,2012,59.301,57.847,60.834,69.3,102.0,298.738,252.636,33.5,0.265,2.1,1.623,World Bank API,2026-09-30 02:09:10
2466,GNQ,Equatorial Guinea,2013,59.784,58.309,61.353,67.1,98.6,294.209,247.158,32.8,0.277,2.1,1.756,World Bank API,2026-09-30 02:09:10
2467,GNQ,Equatorial Guinea,2014,60.228,58.715,61.858,65.0,95.3,290.862,241.714,32.1,0.289,2.1,1.869,World Bank API,2026-09-30 02:09:10
2468,GNQ,Equatorial Guinea,2015,60.635,59.115,62.29,62.9,92.1,287.465,237.817,31.5,0.301,2.1,2.457,World Bank API,2026-09-30 02:09:10
2469,GNQ,Equatorial Guinea,2016,61.081,59.545,62.772,60.9,89.0,283.146,232.601,30.9,0.313,2.1,2.972,World Bank API,2026-09-30 02:09:10
2470,GNQ,Equatorial Guinea,2017,61.481,59.886,63.263,59.1,86.1,280.775,227.123,30.5,0.325,2.1,2.861,World Bank API,2026-09-30 02:09:10
2471,GNQ,Equatorial Guinea,2018,61.915,60.316,63.718,57.2,83.2,276.247,222.182,29.8,0.291,2.1,2.922,World Bank API,2026-09-30 02:09:10
2472,GNQ,Equatorial Guinea,2019,62.297,60.674,64.144,55.7,80.7,273.066,218.115,29.2,0.256,2.1,3.279,World Bank API,2026-09-30 02:09:10
2473,GNQ,Equatorial Guinea,2020,62.141,60.349,64.222,53.9,77.9,279.628,218.816,28.6,0.222,2.1,3.706,World Bank API,2026-09-30 02:09:10
2474,GNQ,Equatorial Guinea,2021,62.447,60.785,64.373,52.2,75.1,282.852,224.789,28.0,0.187,2.1,3.51,World Bank API,2026-09-30 02:09:10
2475,GNQ,Equatorial Guinea,2022,63.355,61.715,65.261,50.7,72.8,263.637,205.258,27.4,0.153,2.1,2.837,World Bank API,2026-09-30 02:09:10
2476,GRC,Greece,1990,76.939,74.5,79.5,9.2,10.5,114.778,55.981,6.5,3.347,5.1,7.514,World Bank API,2026-09-30 02:09:10
2477,GRC,Greece,1991,77.137,74.6,79.8,8.7,9.9,114.385,55.466,6.2,3.613,5.0,7.514,World Bank API,2026-09-30 02:09:10
2478,GRC,Greece,1992,77.383,74.7,80.2,8.3,9.5,116.384,55.519,6.0,3.739,5.0,7.514,World Bank API,2026-09-30 02:09:10
2479,GRC,Greece,1993,77.39,75.0,79.9,8.0,9.1,112.913,53.586,5.8,3.853,5.0,7.514,World Bank API,2026-09-30 02:09:10
2480,GRC,Greece,1994,77.639,75.2,80.2,7.7,8.8,112.233,52.318,5.7,3.868,4.9,7.514,World Bank API,2026-09-30 02:09:10
2481,GRC,Greece,1995,77.585,75.0,80.3,7.4,8.5,112.932,52.124,5.5,3.917,4.9,7.514,World Bank API,2026-09-30 02:09:10
2482,GRC,Greece,1996,77.685,75.1,80.4,7.0,8.1,113.222,50.772,5.3,3.927,4.9,7.514,World Bank API,2026-09-30 02:09:10
2483,GRC,Greece,1997,78.137,75.6,80.8,6.7,7.7,109.649,49.495,4.9,4.051,4.9,7.514,World Bank API,2026-09-30 02:09:10
2484,GRC,Greece,1998,77.839,75.4,80.4,6.3,7.3,111.435,50.242,4.6,4.192,4.8,7.514,World Bank API,2026-09-30 02:09:10
2485,GRC,Greece,1999,77.988,75.5,80.6,5.9,6.9,111.611,49.793,4.3,4.299,4.7,7.514,World Bank API,2026-09-30 02:09:10
2486,GRC,Greece,2000,77.888,75.4,80.5,5.5,6.4,113.182,49.202,3.9,4.382,4.78,7.514,World Bank API,2026-09-30 02:09:10
2487,GRC,Greece,2001,78.388,75.9,81.0,5.1,6.0,109.544,47.038,3.6,4.422,4.82,8.245,World Bank API,2026-09-30 02:09:10
2488,GRC,Greece,2002,78.641,76.3,81.1,4.8,5.6,109.429,46.809,3.3,4.623,4.75,8.47,World Bank API,2026-09-30 02:09:10
2489,GRC,Greece,2003,78.841,76.5,81.3,4.4,5.2,109.925,47.114,3.0,4.783,4.74,8.683,World Bank API,2026-09-30 02:09:10
2490,GRC,Greece,2004,79.039,76.6,81.6,4.1,4.9,108.888,45.611,2.7,4.928,4.74,8.3,World Bank API,2026-09-30 02:09:10
2491,GRC,Greece,2005,79.239,76.8,81.8,3.9,4.6,107.864,43.846,2.5,5.059,4.78,8.761,World Bank API,2026-09-30 02:09:10
2492,GRC,Greece,2006,79.439,77.0,82.0,3.7,4.3,106.644,43.798,2.4,5.41,4.87,8.396,World Bank API,2026-09-30 02:09:10
2493,GRC,Greece,2007,79.439,77.0,82.0,3.5,4.1,107.952,44.295,2.2,5.632,4.88,8.523,World Bank API,2026-09-30 02:09:10
2494,GRC,Greece,2008,79.939,77.5,82.5,3.4,4.0,104.138,42.254,2.2,5.71,4.84,8.948,World Bank API,2026-09-30 02:09:10
2495,GRC,Greece,2009,80.188,77.7,82.8,3.3,4.0,103.35,40.606,2.1,5.791,4.92,9.536,World Bank API,2026-09-30 02:09:10
2496,GRC,Greece,2010,80.388,77.9,83.0,3.3,3.9,99.912,40.52,2.2,5.756,4.48,9.62,World Bank API,2026-09-30 02:09:10
2497,GRC,Greece,2011,80.732,78.0,83.6,3.4,4.0,100.297,39.592,2.2,5.774,4.47,9.186,World Bank API,2026-09-30 02:09:10
2498,GRC,Greece,2012,80.634,78.0,83.4,3.4,4.0,101.425,40.792,2.3,5.778,4.44,9.043,World Bank API,2026-09-30 02:09:10
2499,GRC,Greece,2013,81.285,78.7,84.0,3.5,4.1,95.345,37.997,2.4,5.811,4.24,8.522,World Bank API,2026-09-30 02:09:10
2500,GRC,Greece,2014,81.385,78.8,84.1,3.6,4.2,94.151,37.726,2.5,5.867,4.24,7.944,World Bank API,2026-09-30 02:09:10
2501,GRC,Greece,2015,81.037,78.5,83.7,3.6,4.3,96.076,39.147,2.6,5.902,4.25,8.267,World Bank API,2026-09-30 02:09:10
2502,GRC,Greece,2016,81.388,78.9,84.0,3.6,4.3,90.555,37.918,2.6,6.122,4.2,8.451,World Bank API,2026-09-30 02:09:10
2503,GRC,Greece,2017,81.288,78.8,83.9,3.6,4.3,92.585,38.988,2.6,6.067,4.21,8.113,World Bank API,2026-09-30 02:09:10
2504,GRC,Greece,2018,81.788,79.3,84.4,3.6,4.2,87.385,36.68,2.5,6.105,4.2,8.073,World Bank API,2026-09-30 02:09:10
2505,GRC,Greece,2019,81.639,79.2,84.2,3.5,4.1,87.118,37.4,2.5,6.163,4.15,8.117,World Bank API,2026-09-30 02:09:10
2506,GRC,Greece,2020,81.288,78.8,83.9,3.4,4.1,93.813,43.718,2.4,6.186,4.2,9.381,World Bank API,2026-09-30 02:09:10
2507,GRC,Greece,2021,80.083,77.4,82.9,3.4,4.0,106.698,48.276,2.3,6.366,4.23,9.032,World Bank API,2026-09-30 02:09:10
2508,GRC,Greece,2022,80.788,78.3,83.4,3.3,4.0,109.237,48.361,2.3,6.576,4.27,8.449,World Bank API,2026-09-30 02:09:10
2509,GRD,Grenada,1990,70.546,67.744,73.252,18.5,22.4,234.132,150.58,12.3,0.5,8.0,5.359,World Bank API,2026-09-30 02:09:10
2510,GRD,Grenada,1991,70.823,68.027,73.538,17.7,21.3,230.715,147.357,11.5,0.526,8.059,5.359,World Bank API,2026-09-30 02:09:10
2511,GRD,Grenada,1992,71.125,68.345,73.84,17.0,20.4,226.604,143.878,10.7,0.552,8.119,5.359,World Bank API,2026-09-30 02:09:10
2512,GRD,Grenada,1993,71.45,68.691,74.16,16.3,19.5,221.93,140.181,9.9,0.578,8.178,5.359,World Bank API,2026-09-30 02:09:10
2513,GRD,Grenada,1994,71.78,69.043,74.484,15.7,18.7,217.103,136.473,9.2,0.614,6.839,5.359,World Bank API,2026-09-30 02:09:10
2514,GRD,Grenada,1995,72.094,69.377,74.794,15.1,17.9,212.529,132.977,8.6,0.65,5.5,5.359,World Bank API,2026-09-30 02:09:10
2515,GRD,Grenada,1996,72.373,69.673,75.076,14.6,17.3,208.564,129.897,8.1,0.52,5.27,5.359,World Bank API,2026-09-30 02:09:10
2516,GRD,Grenada,1997,72.6,69.913,75.313,14.2,16.7,205.526,127.425,7.9,0.389,5.143,5.359,World Bank API,2026-09-30 02:09:10
2517,GRD,Grenada,1998,72.762,70.082,75.494,13.9,16.2,203.632,125.717,7.8,0.471,5.017,5.359,World Bank API,2026-09-30 02:09:10
2518,GRD,Grenada,1999,72.873,70.197,75.631,13.6,15.8,202.62,124.698,7.8,0.553,4.89,5.359,World Bank API,2026-09-30 02:09:10
2519,GRD,Grenada,2000,72.955,70.282,75.743,13.3,15.5,202.066,124.199,7.8,0.54,4.763,5.359,World Bank API,2026-09-30 02:09:10
2520,GRD,Grenada,2001,73.034,70.362,75.853,13.2,15.3,201.556,124.032,7.8,0.537,4.637,5.625,World Bank API,2026-09-30 02:09:10
2521,GRD,Grenada,2002,73.142,70.462,75.981,13.0,15.1,200.678,124.007,7.9,0.535,4.51,6.176,World Bank API,2026-09-30 02:09:10
2522,GRD,Grenada,2003,73.291,70.606,76.147,12.9,14.9,199.048,123.959,7.9,0.533,4.383,5.285,World Bank API,2026-09-30 02:09:10
2523,GRD,Grenada,2004,72.447,70.04,74.984,12.9,14.8,201.01,137.632,7.9,0.564,4.257,5.366,World Bank API,2026-09-30 02:09:10
2524,GRD,Grenada,2005,73.7,71.025,76.566,12.9,14.8,193.742,123.663,7.9,0.596,4.13,5.145,World Bank API,2026-09-30 02:09:10
2525,GRD,Grenada,2006,73.93,71.271,76.785,13.0,14.9,190.587,123.382,8.0,0.627,4.003,5.114,World Bank API,2026-09-30 02:09:10
2526,GRD,Grenada,2007,74.159,71.526,76.992,13.1,14.9,187.39,122.885,8.1,0.693,3.877,5.239,World Bank API,2026-09-30 02:09:10
2527,GRD,Grenada,2008,74.374,71.777,77.176,13.3,15.1,184.34,122.012,8.3,0.759,3.75,5.386,World Bank API,2026-09-30 02:09:10
2528,GRD,Grenada,2009,74.567,72.011,77.332,13.6,15.4,181.57,120.708,8.7,0.825,3.623,5.435,World Bank API,2026-09-30 02:09:10
2529,GRD,Grenada,2010,74.731,72.214,77.462,13.9,15.7,179.095,119.139,9.1,0.891,3.497,5.419,World Bank API,2026-09-30 02:09:10
2530,GRD,Grenada,2011,74.861,72.371,77.573,14.2,16.0,176.888,117.477,9.6,0.957,3.37,5.804,World Bank API,2026-09-30 02:09:10
2531,GRD,Grenada,2012,74.961,72.473,77.67,14.6,16.4,174.89,115.844,10.2,1.022,3.35,5.822,World Bank API,2026-09-30 02:09:10
2532,GRD,Grenada,2013,75.022,72.509,77.763,15.0,16.8,173.013,114.311,10.7,1.088,3.56,5.627,World Bank API,2026-09-30 02:09:10
2533,GRD,Grenada,2014,75.045,72.475,77.859,15.4,17.2,171.192,112.931,11.1,1.154,3.54,4.774,World Bank API,2026-09-30 02:09:10
2534,GRD,Grenada,2015,75.037,72.39,77.956,15.7,17.5,169.461,111.734,11.5,1.22,3.52,4.647,World Bank API,2026-09-30 02:09:10
2535,GRD,Grenada,2016,75.01,72.279,78.044,16.1,17.8,167.871,110.742,11.8,1.286,3.33,4.439,World Bank API,2026-09-30 02:09:10
2536,GRD,Grenada,2017,74.977,72.17,78.117,16.3,18.1,166.431,109.935,12.1,1.352,3.33,4.657,World Bank API,2026-09-30 02:09:10
2537,GRD,Grenada,2018,74.957,72.1,78.168,16.6,18.3,165.096,109.239,12.3,1.383,3.34,4.584,World Bank API,2026-09-30 02:09:10
2538,GRD,Grenada,2019,74.971,72.101,78.194,16.8,18.5,163.79,108.553,12.5,1.383,3.233,4.932,World Bank API,2026-09-30 02:09:10
2539,GRD,Grenada,2020,75.019,72.168,78.207,17.0,18.6,162.51,107.833,12.6,1.383,3.127,5.306,World Bank API,2026-09-30 02:09:10
2540,GRD,Grenada,2021,74.522,71.819,77.533,17.0,18.7,171.233,114.074,12.7,1.383,3.02,5.28,World Bank API,2026-09-30 02:09:10
2541,GRD,Grenada,2022,75.151,72.34,78.269,16.9,18.5,160.358,106.378,12.7,1.383,3.01,4.997,World Bank API,2026-09-30 02:09:10
2542,GRL,Greenland,1990,65.068,61.4,68.92,37.7,45.1,320.12,219.558,21.0,0.811,2.76,4.865,World Bank API,2026-09-30 02:09:10
2543,GRL,Greenland,1991,65.032,61.7,68.53,36.4,43.3,313.508,219.865,20.1,0.863,2.76,4.865,World Bank API,2026-09-30 02:09:10
2544,GRL,Greenland,1992,65.196,62.04,68.51,34.9,42.5,306.318,220.892,19.7,0.861,2.84,4.865,World Bank API,2026-09-30 02:09:10
2545,GRL,Greenland,1993,65.585,62.8,68.51,33.4,42.6,298.118,223.047,19.2,0.844,2.76,4.865,World Bank API,2026-09-30 02:09:10
2546,GRL,Greenland,1994,65.901,63.34,68.59,32.9,39.6,305.258,223.778,18.9,0.845,2.76,4.865,World Bank API,2026-09-30 02:09:10
2547,GRL,Greenland,1995,65.644,63.41,67.99,31.6,38.4,300.782,223.889,18.6,0.949,2.745,4.865,World Bank API,2026-09-30 02:09:10
2548,GRL,Greenland,1996,65.767,63.26,68.4,30.4,37.2,299.374,223.081,18.0,0.99,2.64,4.865,World Bank API,2026-09-30 02:09:10
2549,GRL,Greenland,1997,65.798,63.12,68.61,29.0,35.3,300.652,220.092,17.3,0.949,2.579,4.865,World Bank API,2026-09-30 02:09:10
2550,GRL,Greenland,1998,66.157,63.44,69.01,28.2,33.4,298.775,220.332,16.7,0.989,2.583,4.865,World Bank API,2026-09-30 02:09:10
2551,GRL,Greenland,1999,65.834,63.18,68.62,27.2,31.8,295.887,211.566,16.3,1.031,2.587,4.865,World Bank API,2026-09-30 02:09:10
2552,GRL,Greenland,2000,64.803,62.34,67.39,26.3,30.5,289.164,205.081,16.0,1.042,2.508,4.865,World Bank API,2026-09-30 02:09:10
2553,GRL,Greenland,2001,65.006,62.44,67.7,25.4,29.1,279.22,197.978,15.2,1.084,2.5,4.959,World Bank API,2026-09-30 02:09:10
2554,GRL,Greenland,2002,65.42,62.8,68.17,23.6,28.1,266.413,190.74,14.5,1.088,2.429,5.33,World Bank API,2026-09-30 02:09:10
2555,GRL,Greenland,2003,66.123,63.44,68.94,22.9,26.9,258.109,182.441,14.1,1.085,2.35,5.209,World Bank API,2026-09-30 02:09:10
2556,GRL,Greenland,2004,66.808,64.13,69.62,21.1,26.1,263.007,181.67,13.7,1.12,2.361,5.336,World Bank API,2026-09-30 02:09:10
2557,GRL,Greenland,2005,67.305,64.51,70.24,19.8,24.0,259.134,180.643,13.2,1.12,2.29,5.294,World Bank API,2026-09-30 02:09:10
2558,GRL,Greenland,2006,67.818,65.14,70.63,19.3,22.8,253.187,176.572,13.0,1.13,2.297,5.405,World Bank API,2026-09-30 02:09:10
2559,GRL,Greenland,2007,68.274,65.63,71.05,18.5,21.8,248.625,176.626,12.5,1.178,2.27,5.317,World Bank API,2026-09-30 02:09:10
2560,GRL,Greenland,2008,68.566,66.01,71.25,17.9,20.9,247.995,176.401,12.1,1.218,2.26,5.444,World Bank API,2026-09-30 02:09:10
2561,GRL,Greenland,2009,69.032,66.72,71.46,17.4,21.2,251.244,174.524,11.7,1.226,2.269,5.749,World Bank API,2026-09-30 02:09:10
2562,GRL,Greenland,2010,69.35,67.14,71.67,16.7,19.3,251.905,171.993,11.4,1.319,2.25,5.49,World Bank API,2026-09-30 02:09:10
2563,GRL,Greenland,2011,69.615,67.4,71.94,16.6,19.3,246.082,168.495,10.9,1.386,2.25,5.749,World Bank API,2026-09-30 02:09:10
2564,GRL,Greenland,2012,69.96,67.74,72.29,16.2,18.9,233.863,164.448,11.0,1.391,2.27,5.776,World Bank API,2026-09-30 02:09:10
2565,GRL,Greenland,2013,70.292,67.96,72.74,16.0,18.9,224.5,160.704,10.9,1.449,2.29,5.737,World Bank API,2026-09-30 02:09:10
2566,GRL,Greenland,2014,70.508,68.24,72.89,15.8,18.5,218.949,157.795,10.8,1.432,2.34,5.838,World Bank API,2026-09-30 02:09:10
2567,GRL,Greenland,2015,70.91,68.7,73.23,15.5,18.2,216.885,155.247,10.6,1.461,2.37,6.065,World Bank API,2026-09-30 02:09:10
2568,GRL,Greenland,2016,71.199,68.76,73.76,15.0,17.8,214.763,152.629,10.2,1.514,2.36,6.172,World Bank API,2026-09-30 02:09:10
2569,GRL,Greenland,2017,71.256,68.71,73.93,14.5,17.3,215.299,151.883,9.9,1.578,2.34,6.136,World Bank API,2026-09-30 02:09:10
2570,GRL,Greenland,2018,71.361,69.0,73.84,14.1,16.4,216.335,151.577,9.8,1.573,2.3,5.932,World Bank API,2026-09-30 02:09:10
2571,GRL,Greenland,2019,71.409,68.98,73.96,14.1,15.9,218.781,151.747,9.6,1.588,2.25,5.745,World Bank API,2026-09-30 02:09:10
2572,GRL,Greenland,2020,71.286,68.92,73.77,13.6,15.6,220.477,152.94,9.3,1.63,2.35,6.646,World Bank API,2026-09-30 02:09:10
2573,GRL,Greenland,2021,71.261,69.32,73.3,13.3,15.3,221.24,155.348,9.3,1.664,2.39,6.64,World Bank API,2026-09-30 02:09:10
2574,GRL,Greenland,2022,71.23,69.44,73.11,13.0,15.1,221.486,154.688,9.0,1.625,2.36,6.573,World Bank API,2026-09-30 02:09:10
2575,GTM,Guatemala,1990,61.767,59.113,64.639,60.6,80.0,316.896,216.52,28.6,0.78,1.1,5.397,World Bank API,2026-09-30 02:09:10
2576,GTM,Guatemala,1991,61.926,59.184,64.883,58.1,76.4,322.346,219.382,27.7,0.603,1.1,5.397,World Bank API,2026-09-30 02:09:10
2577,GTM,Guatemala,1992,61.992,59.192,65.007,55.7,73.1,331.563,225.395,26.9,0.427,1.1,5.397,World Bank API,2026-09-30 02:09:10
2578,GTM,Guatemala,1993,62.442,59.686,65.391,53.5,69.9,328.023,224.152,26.0,0.25,1.1,5.397,World Bank API,2026-09-30 02:09:10
2579,GTM,Guatemala,1994,63.026,60.101,66.165,51.3,66.8,325.293,213.254,25.3,0.675,1.06,5.397,World Bank API,2026-09-30 02:09:10
2580,GTM,Guatemala,1995,63.662,60.643,66.896,49.3,63.9,318.004,203.035,24.5,1.1,1.02,5.397,World Bank API,2026-09-30 02:09:10
2581,GTM,Guatemala,1996,64.54,61.504,67.782,47.4,61.2,304.539,190.867,23.8,1.017,0.98,5.397,World Bank API,2026-09-30 02:09:10
2582,GTM,Guatemala,1997,65.249,62.114,68.584,45.6,58.7,298.307,181.361,23.0,0.933,0.958,5.397,World Bank API,2026-09-30 02:09:10
2583,GTM,Guatemala,1998,65.969,62.858,69.253,43.9,56.3,288.127,173.064,22.4,0.903,0.936,5.397,World Bank API,2026-09-30 02:09:10
2584,GTM,Guatemala,1999,66.634,63.534,69.884,42.3,54.0,280.654,167.127,21.7,0.872,0.914,5.397,World Bank API,2026-09-30 02:09:10
2585,GTM,Guatemala,2000,67.102,64.012,70.332,40.7,51.8,275.05,162.157,21.1,0.876,0.892,5.397,World Bank API,2026-09-30 02:09:10
2586,GTM,Guatemala,2001,67.436,64.356,70.644,39.2,49.7,272.188,159.453,20.5,0.88,0.87,6.07,World Bank API,2026-09-30 02:09:10
2587,GTM,Guatemala,2002,67.835,64.692,71.099,37.8,47.7,270.744,153.664,19.9,0.883,0.848,6.013,World Bank API,2026-09-30 02:09:10
2588,GTM,Guatemala,2003,68.204,65.112,71.398,36.4,45.9,266.045,151.804,19.4,0.887,0.826,6.153,World Bank API,2026-09-30 02:09:10
2589,GTM,Guatemala,2004,68.245,65.06,71.538,35.1,44.1,270.669,151.921,18.9,0.891,0.804,6.262,World Bank API,2026-09-30 02:09:10
2590,GTM,Guatemala,2005,68.167,65.088,71.339,33.9,42.4,269.133,154.398,18.4,0.895,0.782,6.148,World Bank API,2026-09-30 02:09:10
2591,GTM,Guatemala,2006,68.79,65.646,72.028,32.7,40.7,264.067,146.72,17.9,0.899,0.76,6.364,World Bank API,2026-09-30 02:09:10
2592,GTM,Guatemala,2007,69.299,66.195,72.485,31.5,39.1,255.632,140.512,17.5,0.902,0.738,6.192,World Bank API,2026-09-30 02:09:10
2593,GTM,Guatemala,2008,69.493,66.399,72.662,30.3,37.5,254.434,138.981,17.1,0.906,0.716,6.081,World Bank API,2026-09-30 02:09:10
2594,GTM,Guatemala,2009,69.676,66.635,72.781,29.2,36.0,252.58,138.156,16.6,0.91,0.694,6.339,World Bank API,2026-09-30 02:09:10
2595,GTM,Guatemala,2010,69.885,66.975,72.841,28.0,34.5,248.202,138.674,15.9,0.832,0.672,6.125,World Bank API,2026-09-30 02:09:10
2596,GTM,Guatemala,2011,70.321,67.523,73.154,27.0,33.1,238.408,135.158,15.3,0.754,0.65,5.963,World Bank API,2026-09-30 02:09:10
2597,GTM,Guatemala,2012,70.722,68.003,73.472,26.0,31.8,230.212,132.219,14.7,0.676,0.62,6.073,World Bank API,2026-09-30 02:09:10
2598,GTM,Guatemala,2013,70.878,68.211,73.577,24.9,30.4,226.569,131.542,14.1,0.598,0.62,5.772,World Bank API,2026-09-30 02:09:10
2599,GTM,Guatemala,2014,70.942,68.292,73.625,24.0,29.2,227.276,131.815,13.5,0.52,0.62,5.889,World Bank API,2026-09-30 02:09:10
2600,GTM,Guatemala,2015,70.915,68.306,73.555,23.1,28.1,228.834,133.993,13.0,0.442,0.59,6.006,World Bank API,2026-09-30 02:09:10
2601,GTM,Guatemala,2016,71.215,68.642,73.818,22.3,27.0,224.632,131.619,12.5,0.364,0.52,6.07,World Bank API,2026-09-30 02:09:10
2602,GTM,Guatemala,2017,71.583,69.085,74.108,21.6,26.1,216.988,128.835,12.1,0.286,0.45,6.136,World Bank API,2026-09-30 02:09:10
2603,GTM,Guatemala,2018,71.496,69.185,73.817,20.8,25.1,215.007,131.614,11.6,0.363,0.44,6.107,World Bank API,2026-09-30 02:09:10
2604,GTM,Guatemala,2019,71.639,69.28,74.018,20.2,24.3,214.338,131.263,11.2,0.822,0.47,6.174,World Bank API,2026-09-30 02:09:10
2605,GTM,Guatemala,2020,69.971,66.954,73.169,19.5,23.5,246.992,142.411,10.9,1.281,0.43,6.459,World Bank API,2026-09-30 02:09:10
2606,GTM,Guatemala,2021,67.858,64.941,70.963,18.9,22.7,287.367,175.737,10.5,1.281,0.44,7.357,World Bank API,2026-09-30 02:09:10
2607,GTM,Guatemala,2022,71.206,68.706,73.719,18.3,21.9,224.94,137.864,10.1,1.281,0.44,7.168,World Bank API,2026-09-30 02:09:10
2608,GUM,Guam,1990,73.455,70.848,76.561,37.7,45.1,200.171,114.646,21.0,1.084,2.76,4.865,World Bank API,2026-09-30 02:09:10
2609,GUM,Guam,1991,73.518,70.948,76.562,36.4,43.3,199.206,114.202,20.1,1.084,2.76,4.865,World Bank API,2026-09-30 02:09:10
2610,GUM,Guam,1992,73.632,71.145,76.55,34.9,42.5,198.73,115.134,19.7,1.084,2.84,4.865,World Bank API,2026-09-30 02:09:10
2611,GUM,Guam,1993,74.004,71.426,77.007,33.4,42.6,196.754,112.477,19.2,1.084,2.76,4.865,World Bank API,2026-09-30 02:09:10
2612,GUM,Guam,1994,74.344,71.676,77.429,32.9,39.6,195.139,110.312,18.9,1.084,2.76,4.865,World Bank API,2026-09-30 02:09:10
2613,GUM,Guam,1995,74.511,71.797,77.621,31.6,38.4,197.53,112.831,18.6,1.084,2.745,4.865,World Bank API,2026-09-30 02:09:10
2614,GUM,Guam,1996,74.638,71.857,77.8,30.4,37.2,200.279,116.055,18.0,1.084,2.64,4.865,World Bank API,2026-09-30 02:09:10
2615,GUM,Guam,1997,74.7,71.837,77.939,29.0,35.3,201.871,118.421,17.3,1.084,2.579,4.865,World Bank API,2026-09-30 02:09:10
2616,GUM,Guam,1998,74.753,71.858,78.008,28.2,33.4,198.706,114.686,16.7,1.084,2.583,4.865,World Bank API,2026-09-30 02:09:10
2617,GUM,Guam,1999,74.789,72.016,77.86,27.2,31.8,194.236,108.631,16.3,1.084,2.587,4.865,World Bank API,2026-09-30 02:09:10
2618,GUM,Guam,2000,74.894,72.183,77.853,26.3,30.5,189.498,102.209,16.0,1.084,2.508,4.865,World Bank API,2026-09-30 02:09:10
2619,GUM,Guam,2001,75.195,72.552,78.064,25.4,29.1,183.598,95.838,15.2,1.084,2.5,4.959,World Bank API,2026-09-30 02:09:10
2620,GUM,Guam,2002,75.506,72.875,78.364,23.6,28.1,176.617,90.594,14.5,1.084,2.429,5.33,World Bank API,2026-09-30 02:09:10
2621,GUM,Guam,2003,75.885,73.331,78.656,22.9,26.9,168.909,85.642,14.1,1.084,2.35,5.209,World Bank API,2026-09-30 02:09:10
2622,GUM,Guam,2004,76.114,73.543,78.914,21.1,26.1,162.58,82.746,13.7,1.084,2.361,5.336,World Bank API,2026-09-30 02:09:10
2623,GUM,Guam,2005,76.427,73.813,79.292,19.8,24.0,158.294,80.256,13.2,1.084,2.29,5.294,World Bank API,2026-09-30 02:09:10
2624,GUM,Guam,2006,76.477,73.774,79.471,19.3,22.8,158.246,79.354,13.0,1.084,2.297,5.405,World Bank API,2026-09-30 02:09:10
2625,GUM,Guam,2007,76.397,73.604,79.51,18.5,21.8,162.96,81.05,12.5,1.084,2.27,5.317,World Bank API,2026-09-30 02:09:10
2626,GUM,Guam,2008,76.233,73.275,79.549,17.9,20.9,171.462,85.608,12.1,1.084,2.26,5.444,World Bank API,2026-09-30 02:09:10
2627,GUM,Guam,2009,76.141,73.015,79.646,17.4,21.2,180.986,91.377,11.7,1.084,2.269,5.749,World Bank API,2026-09-30 02:09:10
2628,GUM,Guam,2010,76.095,72.757,79.846,16.7,19.3,189.86,95.942,11.4,1.084,2.25,5.49,World Bank API,2026-09-30 02:09:10
2629,GUM,Guam,2011,76.153,72.654,80.099,16.6,19.3,196.396,99.33,10.9,1.084,2.25,5.749,World Bank API,2026-09-30 02:09:10
2630,GUM,Guam,2012,76.237,72.629,80.335,16.2,18.9,200.601,101.514,11.0,1.084,2.27,5.776,World Bank API,2026-09-30 02:09:10
2631,GUM,Guam,2013,76.361,72.707,80.524,16.0,18.9,202.408,102.601,10.9,1.084,2.29,5.737,World Bank API,2026-09-30 02:09:10
2632,GUM,Guam,2014,76.423,72.703,80.68,15.8,18.5,203.709,103.19,10.8,1.084,2.34,5.838,World Bank API,2026-09-30 02:09:10
2633,GUM,Guam,2015,76.444,72.692,80.73,15.5,18.2,205.802,104.733,10.6,1.084,2.37,6.065,World Bank API,2026-09-30 02:09:10
2634,GUM,Guam,2016,76.449,72.698,80.715,15.0,17.8,206.837,106.216,10.2,1.084,2.36,6.172,World Bank API,2026-09-30 02:09:10
2635,GUM,Guam,2017,76.463,72.71,80.714,14.5,17.3,207.547,106.606,9.9,1.084,2.34,6.136,World Bank API,2026-09-30 02:09:10
2636,GUM,Guam,2018,76.561,72.79,80.824,14.1,16.4,206.213,105.378,9.8,1.084,2.3,5.932,World Bank API,2026-09-30 02:09:10
2637,GUM,Guam,2019,76.645,72.88,80.892,14.1,15.9,204.732,104.467,9.6,1.084,2.25,5.745,World Bank API,2026-09-30 02:09:10
2638,GUM,Guam,2020,75.529,71.536,80.254,13.6,15.6,212.637,106.937,9.3,1.084,2.35,6.646,World Bank API,2026-09-30 02:09:10
2639,GUM,Guam,2021,75.434,71.815,79.524,13.3,15.3,218.995,115.558,9.3,1.084,2.39,6.64,World Bank API,2026-09-30 02:09:10
2640,GUM,Guam,2022,77.102,73.301,81.356,13.0,15.1,198.408,99.853,9.0,1.084,2.36,6.573,World Bank API,2026-09-30 02:09:10
2641,GUY,Guyana,1990,62.254,59.68,65.073,53.3,61.4,339.032,243.861,31.2,0.17,3.1,3.187,World Bank API,2026-09-30 02:09:10
2642,GUY,Guyana,1991,62.463,59.854,65.315,52.0,59.8,337.549,240.981,31.1,0.151,3.1,3.187,World Bank API,2026-09-30 02:09:10
2643,GUY,Guyana,1992,62.816,60.005,65.922,50.7,58.1,336.53,232.112,30.9,0.131,3.1,3.187,World Bank API,2026-09-30 02:09:10
2644,GUY,Guyana,1993,63.016,60.249,66.055,49.4,56.5,333.815,231.507,30.6,0.112,3.1,3.187,World Bank API,2026-09-30 02:09:10
2645,GUY,Guyana,1994,63.007,60.208,66.086,48.1,54.9,337.284,232.627,30.3,0.221,3.1,3.187,World Bank API,2026-09-30 02:09:10
2646,GUY,Guyana,1995,62.668,59.83,65.805,46.8,53.4,348.129,239.191,29.9,0.33,3.1,3.187,World Bank API,2026-09-30 02:09:10
2647,GUY,Guyana,1996,62.691,59.737,65.984,45.7,51.9,353.069,237.923,29.5,0.256,3.87,3.187,World Bank API,2026-09-30 02:09:10
2648,GUY,Guyana,1997,62.879,59.816,66.319,44.6,50.6,354.281,234.212,29.0,0.181,3.736,3.187,World Bank API,2026-09-30 02:09:10
2649,GUY,Guyana,1998,63.429,60.336,66.898,43.5,49.2,345.93,226.488,28.4,0.28,3.602,3.187,World Bank API,2026-09-30 02:09:10
2650,GUY,Guyana,1999,63.772,60.717,67.181,42.5,48.0,340.864,223.654,27.8,0.38,3.469,3.187,World Bank API,2026-09-30 02:09:10
2651,GUY,Guyana,2000,64.075,61.016,67.486,41.5,46.7,337.43,220.275,27.2,0.479,3.335,3.187,World Bank API,2026-09-30 02:09:10
2652,GUY,Guyana,2001,64.38,61.285,67.837,40.5,45.6,334.642,216.115,26.7,0.45,3.201,3.055,World Bank API,2026-09-30 02:09:10
2653,GUY,Guyana,2002,64.183,61.189,67.51,39.7,44.5,339.332,222.341,26.1,0.42,3.067,3.194,World Bank API,2026-09-30 02:09:10
2654,GUY,Guyana,2003,64.117,61.099,67.48,38.8,43.4,343.965,223.978,25.7,0.391,2.934,3.269,World Bank API,2026-09-30 02:09:10
2655,GUY,Guyana,2004,64.214,61.074,67.736,38.0,42.5,347.356,221.118,25.3,0.361,2.8,3.438,World Bank API,2026-09-30 02:09:10
2656,GUY,Guyana,2005,64.392,61.398,67.704,37.3,41.6,341.781,221.385,24.8,0.332,2.666,3.794,World Bank API,2026-09-30 02:09:10
2657,GUY,Guyana,2006,64.848,61.943,68.032,36.6,40.7,334.708,218.555,24.4,0.302,2.532,3.931,World Bank API,2026-09-30 02:09:10
2658,GUY,Guyana,2007,65.462,62.514,68.689,35.9,39.9,325.65,209.455,24.0,0.273,2.399,4.281,World Bank API,2026-09-30 02:09:10
2659,GUY,Guyana,2008,65.721,62.744,68.979,35.3,39.1,323.026,205.406,23.6,0.243,2.265,4.202,World Bank API,2026-09-30 02:09:10
2660,GUY,Guyana,2009,66.03,63.006,69.349,34.6,38.3,319.638,200.348,23.2,0.214,2.131,4.351,World Bank API,2026-09-30 02:09:10
2661,GUY,Guyana,2010,66.204,63.066,69.672,34.0,37.6,319.214,195.868,22.8,0.687,1.997,4.219,World Bank API,2026-09-30 02:09:10
2662,GUY,Guyana,2011,66.469,63.252,70.035,33.4,36.8,316.184,190.821,22.5,0.825,1.864,4.172,World Bank API,2026-09-30 02:09:10
2663,GUY,Guyana,2012,66.443,63.188,70.061,32.8,36.0,317.976,190.472,22.0,0.963,1.73,3.708,World Bank API,2026-09-30 02:09:10
2664,GUY,Guyana,2013,66.71,63.298,70.499,32.1,35.2,316.271,184.508,21.5,1.101,1.72,3.802,World Bank API,2026-09-30 02:09:10
2665,GUY,Guyana,2014,67.334,63.843,71.173,31.3,34.3,306.179,175.69,21.0,1.239,1.74,3.948,World Bank API,2026-09-30 02:09:10
2666,GUY,Guyana,2015,67.719,64.214,71.527,30.4,33.3,299.69,171.298,20.3,1.376,1.75,4.023,World Bank API,2026-09-30 02:09:10
2667,GUY,Guyana,2016,68.069,64.513,71.897,29.6,32.4,294.672,166.843,19.7,1.514,1.74,4.018,World Bank API,2026-09-30 02:09:10
2668,GUY,Guyana,2017,68.543,64.951,72.369,28.8,31.4,287.22,161.206,19.1,1.652,1.73,4.319,World Bank API,2026-09-30 02:09:10
2669,GUY,Guyana,2018,68.829,65.235,72.615,27.9,30.5,282.886,158.321,18.5,1.79,1.68,4.905,World Bank API,2026-09-30 02:09:10
2670,GUY,Guyana,2019,69.067,65.525,72.848,27.1,29.6,278.567,155.658,18.0,1.588,2.15,4.903,World Bank API,2026-09-30 02:09:10
2671,GUY,Guyana,2020,67.751,63.99,71.884,26.3,28.6,303.789,165.87,17.4,1.387,2.22,5.375,World Bank API,2026-09-30 02:09:10
2672,GUY,Guyana,2021,64.323,60.978,67.975,25.5,27.8,379.019,226.387,16.9,1.387,2.55,4.643,World Bank API,2026-09-30 02:09:10
2673,GUY,Guyana,2022,69.888,66.218,73.672,24.8,26.9,269.194,146.581,16.3,1.387,2.53,2.525,World Bank API,2026-09-30 02:09:10
2674,HKG,"Hong Kong SAR, China",1990,77.371,74.6,80.28,37.7,45.1,120.24,60.676,21.0,1.204,2.76,4.865,World Bank API,2026-09-30 02:09:10
2675,HKG,"Hong Kong SAR, China",1991,77.873,75.19,80.69,36.4,43.3,117.249,59.485,20.1,1.204,2.76,4.865,World Bank API,2026-09-30 02:09:10
2676,HKG,"Hong Kong SAR, China",1992,77.673,74.81,80.68,34.9,42.5,114.092,57.666,19.7,1.204,2.84,4.865,World Bank API,2026-09-30 02:09:10
2677,HKG,"Hong Kong SAR, China",1993,78.016,75.26,80.91,33.4,42.6,110.9,56.522,19.2,1.204,2.76,4.865,World Bank API,2026-09-30 02:09:10
2678,HKG,"Hong Kong SAR, China",1994,78.544,75.69,81.54,32.9,39.6,107.766,54.194,18.9,1.271,2.76,4.865,World Bank API,2026-09-30 02:09:10
2679,HKG,"Hong Kong SAR, China",1995,78.679,76.03,81.46,31.6,38.4,104.213,52.067,18.6,1.319,2.745,4.865,World Bank API,2026-09-30 02:09:10
2680,HKG,"Hong Kong SAR, China",1996,79.628,76.73,82.67,30.4,37.2,100.512,49.848,18.0,1.319,2.64,4.865,World Bank API,2026-09-30 02:09:10
2681,HKG,"Hong Kong SAR, China",1997,80.112,77.2,83.17,29.0,35.3,97.45,48.731,17.3,1.319,2.579,4.865,World Bank API,2026-09-30 02:09:10
2682,HKG,"Hong Kong SAR, China",1998,80.107,77.38,82.97,28.2,33.4,94.175,47.388,16.7,1.319,2.583,4.865,World Bank API,2026-09-30 02:09:10
2683,HKG,"Hong Kong SAR, China",1999,80.373,77.68,83.2,27.2,31.8,91.678,46.044,16.3,1.319,2.587,4.865,World Bank API,2026-09-30 02:09:10
2684,HKG,"Hong Kong SAR, China",2000,80.873,78.0,83.89,26.3,30.5,89.61,44.577,16.0,1.319,2.508,4.865,World Bank API,2026-09-30 02:09:10
2685,HKG,"Hong Kong SAR, China",2001,81.419,78.39,84.6,25.4,29.1,88.174,43.283,15.2,1.319,2.5,4.959,World Bank API,2026-09-30 02:09:10
2686,HKG,"Hong Kong SAR, China",2002,81.452,78.54,84.51,23.6,28.1,86.805,42.651,14.5,1.319,2.429,5.33,World Bank API,2026-09-30 02:09:10
2687,HKG,"Hong Kong SAR, China",2003,81.343,78.48,84.35,22.9,26.9,86.868,43.616,14.1,1.319,2.35,5.209,World Bank API,2026-09-30 02:09:10
2688,HKG,"Hong Kong SAR, China",2004,81.799,78.97,84.77,21.1,26.1,82.353,41.512,13.7,1.319,2.361,5.336,World Bank API,2026-09-30 02:09:10
2689,HKG,"Hong Kong SAR, China",2005,81.609,78.77,84.59,19.8,24.0,79.809,40.455,13.2,1.319,2.29,5.294,World Bank API,2026-09-30 02:09:10
2690,HKG,"Hong Kong SAR, China",2006,82.385,79.38,85.54,19.3,22.8,77.684,39.661,13.0,1.319,2.297,5.405,World Bank API,2026-09-30 02:09:10
2691,HKG,"Hong Kong SAR, China",2007,82.367,79.44,85.44,18.5,21.8,76.994,39.103,12.5,1.319,2.27,5.317,World Bank API,2026-09-30 02:09:10
2692,HKG,"Hong Kong SAR, China",2008,82.34,79.36,85.47,17.9,20.9,76.29,38.972,12.1,1.319,2.26,5.444,World Bank API,2026-09-30 02:09:10
2693,HKG,"Hong Kong SAR, China",2009,82.775,79.78,85.92,17.4,21.2,75.204,38.788,11.7,1.319,2.269,5.749,World Bank API,2026-09-30 02:09:10
2694,HKG,"Hong Kong SAR, China",2010,82.958,80.06,86.0,16.7,19.3,73.577,38.408,11.4,1.319,2.25,5.49,World Bank API,2026-09-30 02:09:10
2695,HKG,"Hong Kong SAR, China",2011,83.412,80.29,86.69,16.6,19.3,71.782,37.958,10.9,1.319,2.25,5.749,World Bank API,2026-09-30 02:09:10
2696,HKG,"Hong Kong SAR, China",2012,83.45,80.66,86.38,16.2,18.9,70.191,37.35,11.0,1.319,2.27,5.776,World Bank API,2026-09-30 02:09:10
2697,HKG,"Hong Kong SAR, China",2013,83.831,81.08,86.72,16.0,18.9,68.702,36.967,10.9,1.319,2.29,5.737,World Bank API,2026-09-30 02:09:10
2698,HKG,"Hong Kong SAR, China",2014,83.936,81.16,86.85,15.8,18.5,67.739,36.473,10.8,1.319,2.34,5.838,World Bank API,2026-09-30 02:09:10
2699,HKG,"Hong Kong SAR, China",2015,84.253,81.36,87.29,15.5,18.2,67.417,36.308,10.6,1.319,2.37,6.065,World Bank API,2026-09-30 02:09:10
2700,HKG,"Hong Kong SAR, China",2016,84.211,81.27,87.3,15.0,17.8,67.231,35.904,10.2,1.319,2.36,6.172,World Bank API,2026-09-30 02:09:10
2701,HKG,"Hong Kong SAR, China",2017,84.696,81.92,87.61,14.5,17.3,66.856,35.453,9.9,1.319,2.34,6.136,World Bank API,2026-09-30 02:09:10
2702,HKG,"Hong Kong SAR, China",2018,84.87,82.26,87.61,14.1,16.4,66.141,34.967,9.8,1.319,2.3,5.932,World Bank API,2026-09-30 02:09:10
2703,HKG,"Hong Kong SAR, China",2019,85.156,82.39,88.06,14.1,15.9,65.878,34.5,9.6,1.319,2.25,5.745,World Bank API,2026-09-30 02:09:10
2704,HKG,"Hong Kong SAR, China",2020,85.496,83.35,87.75,13.6,15.6,66.371,33.581,9.3,1.319,2.35,6.646,World Bank API,2026-09-30 02:09:10
2705,HKG,"Hong Kong SAR, China",2021,85.533,83.24,87.94,13.3,15.3,63.392,33.789,9.3,1.319,2.39,6.64,World Bank API,2026-09-30 02:09:10
2706,HKG,"Hong Kong SAR, China",2022,83.661,80.7,86.77,13.0,15.1,72.107,36.351,9.0,1.319,2.36,6.573,World Bank API,2026-09-30 02:09:10
2707,HND,Honduras,1990,65.183,63.218,67.294,44.7,58.3,239.744,182.171,22.1,0.7,1.007,6.268,World Bank API,2026-09-30 02:09:10
2708,HND,Honduras,1991,65.584,63.642,67.666,42.7,55.6,235.367,179.131,21.2,0.411,0.938,6.268,World Bank API,2026-09-30 02:09:10
2709,HND,Honduras,1992,65.908,63.928,68.032,40.9,53.1,233.261,175.88,20.6,0.471,0.869,6.268,World Bank API,2026-09-30 02:09:10
2710,HND,Honduras,1993,66.074,64.017,68.287,39.2,50.7,232.915,171.891,20.1,0.53,0.8,6.268,World Bank API,2026-09-30 02:09:10
2711,HND,Honduras,1994,66.523,64.463,68.738,37.7,48.5,228.613,168.515,19.7,0.59,0.887,6.268,World Bank API,2026-09-30 02:09:10
2712,HND,Honduras,1995,66.919,64.873,69.114,36.2,46.4,224.541,165.275,19.4,0.65,0.973,6.268,World Bank API,2026-09-30 02:09:10
2713,HND,Honduras,1996,67.263,65.213,69.46,34.8,44.5,221.085,162.41,19.1,0.741,1.06,6.268,World Bank API,2026-09-30 02:09:10
2714,HND,Honduras,1997,67.542,65.497,69.733,33.5,42.6,218.567,160.458,18.9,0.832,0.947,6.268,World Bank API,2026-09-30 02:09:10
2715,HND,Honduras,1998,62.432,61.645,63.23,41.5,65.5,242.954,236.786,19.0,0.741,0.835,6.268,World Bank API,2026-09-30 02:09:10
2716,HND,Honduras,1999,68.005,65.94,70.224,30.9,39.0,215.266,156.935,18.3,0.65,0.722,6.268,World Bank API,2026-09-30 02:09:10
2717,HND,Honduras,2000,68.302,66.227,70.532,29.6,37.3,212.489,154.467,17.9,0.559,0.61,6.268,World Bank API,2026-09-30 02:09:10
2718,HND,Honduras,2001,68.491,66.406,70.732,28.4,35.6,211.838,153.406,17.4,0.519,0.6,5.93,World Bank API,2026-09-30 02:09:10
2719,HND,Honduras,2002,68.714,66.631,70.953,27.2,34.0,210.329,152.287,16.8,0.479,0.59,6.245,World Bank API,2026-09-30 02:09:10
2720,HND,Honduras,2003,68.874,66.763,71.146,26.1,32.5,210.474,151.361,16.4,0.438,0.59,6.89,World Bank API,2026-09-30 02:09:10
2721,HND,Honduras,2004,69.05,66.925,71.337,25.1,31.1,209.957,150.552,15.9,0.398,0.59,6.855,World Bank API,2026-09-30 02:09:10
2722,HND,Honduras,2005,69.198,67.067,71.493,24.1,29.8,209.476,150.037,15.5,0.358,0.59,7.501,World Bank API,2026-09-30 02:09:10
2723,HND,Honduras,2006,69.364,67.186,71.714,23.2,28.6,209.501,148.533,15.2,0.345,0.54,7.863,World Bank API,2026-09-30 02:09:10
2724,HND,Honduras,2007,69.539,67.36,71.886,22.3,27.4,208.435,147.776,14.8,0.332,0.56,8.085,World Bank API,2026-09-30 02:09:10
2725,HND,Honduras,2008,69.657,67.47,72.011,21.5,26.4,208.116,147.32,14.4,0.319,0.52,8.604,World Bank API,2026-09-30 02:09:10
2726,HND,Honduras,2009,69.823,67.636,72.174,20.8,25.4,207.118,146.735,14.0,0.306,0.55,8.996,World Bank API,2026-09-30 02:09:10
2727,HND,Honduras,2010,69.77,67.557,72.149,20.1,24.4,210.241,148.416,13.6,0.293,0.61,8.725,World Bank API,2026-09-30 02:09:10
2728,HND,Honduras,2011,70.116,67.85,72.552,19.4,23.5,206.434,143.555,13.2,0.342,0.57,8.792,World Bank API,2026-09-30 02:09:10
2729,HND,Honduras,2012,70.46,68.172,72.912,18.8,22.7,201.818,139.031,12.8,0.392,0.61,8.657,World Bank API,2026-09-30 02:09:10
2730,HND,Honduras,2013,70.765,68.447,73.242,18.2,21.9,197.831,134.772,12.3,0.441,0.64,8.477,World Bank API,2026-09-30 02:09:10
2731,HND,Honduras,2014,71.032,68.691,73.527,17.6,21.1,194.548,131.253,11.9,0.49,0.61,7.915,World Bank API,2026-09-30 02:09:10
2732,HND,Honduras,2015,71.323,68.966,73.827,17.0,20.3,190.602,127.643,11.5,0.54,0.6,7.484,World Bank API,2026-09-30 02:09:10
2733,HND,Honduras,2016,71.615,69.22,74.155,16.5,19.6,186.978,123.963,11.1,0.589,0.63,7.709,World Bank API,2026-09-30 02:09:10
2734,HND,Honduras,2017,71.805,69.367,74.385,15.9,18.9,185.677,121.545,10.7,0.304,0.64,7.007,World Bank API,2026-09-30 02:09:10
2735,HND,Honduras,2018,72.001,69.538,74.6,15.4,18.2,183.864,119.523,10.3,0.366,0.65,7.228,World Bank API,2026-09-30 02:09:10
2736,HND,Honduras,2019,72.124,69.651,74.726,14.9,17.7,183.007,118.661,9.9,0.427,0.65,7.343,World Bank API,2026-09-30 02:09:10
2737,HND,Honduras,2020,70.864,68.172,73.814,14.5,17.1,201.721,128.679,9.6,0.489,0.71,9.219,World Bank API,2026-09-30 02:09:10
2738,HND,Honduras,2021,69.492,67.002,72.175,14.0,16.5,234.089,156.008,9.3,0.489,0.66,9.273,World Bank API,2026-09-30 02:09:10
2739,HND,Honduras,2022,72.715,70.174,75.345,13.6,16.0,177.218,112.995,9.0,0.489,0.62,8.155,World Bank API,2026-09-30 02:09:10
2740,HRV,Croatia,1990,72.17,68.59,75.93,11.2,12.9,235.816,91.933,8.2,2.1,7.378,7.651,World Bank API,2026-09-30 02:09:10
2741,HRV,Croatia,1991,72.185,68.6,75.95,11.4,14.3,285.92,97.36,8.1,1.928,6.52,7.651,World Bank API,2026-09-30 02:09:10
2742,HRV,Croatia,1992,71.241,66.9,75.8,9.9,11.5,251.321,90.502,7.8,1.975,6.21,7.651,World Bank API,2026-09-30 02:09:10
2743,HRV,Croatia,1993,71.522,67.22,76.04,9.4,10.9,226.16,87.204,7.4,2.049,6.071,7.651,World Bank API,2026-09-30 02:09:10
2744,HRV,Croatia,1994,71.803,67.54,76.28,9.0,10.4,217.152,85.51,6.9,2.055,5.91,7.651,World Bank API,2026-09-30 02:09:10
2745,HRV,Croatia,1995,72.084,67.86,76.52,8.6,10.0,214.193,87.609,6.4,2.105,5.75,7.651,World Bank API,2026-09-30 02:09:10
2746,HRV,Croatia,1996,72.365,68.18,76.76,8.3,9.6,198.118,85.919,6.0,2.216,6.19,7.651,World Bank API,2026-09-30 02:09:10
2747,HRV,Croatia,1997,72.495,68.3,76.9,8.0,9.3,192.408,85.372,5.8,2.293,6.01,7.651,World Bank API,2026-09-30 02:09:10
2748,HRV,Croatia,1998,72.317,68.6,76.22,7.7,9.0,187.619,82.437,5.7,2.317,6.06,7.651,World Bank API,2026-09-30 02:09:10
2749,HRV,Croatia,1999,72.642,68.92,76.55,7.5,8.6,181.557,78.265,5.7,2.38,5.93,7.651,World Bank API,2026-09-30 02:09:10
2750,HRV,Croatia,2000,72.808,69.12,76.68,7.2,8.3,181.982,76.161,5.5,2.413,6.23,7.651,World Bank API,2026-09-30 02:09:10
2751,HRV,Croatia,2001,74.513,71.03,78.17,6.9,8.0,182.657,73.086,5.3,2.453,6.19,7.17,World Bank API,2026-09-30 02:09:10
2752,HRV,Croatia,2002,74.717,71.21,78.4,6.6,7.7,180.949,72.737,5.0,2.459,5.85,6.143,World Bank API,2026-09-30 02:09:10
2753,HRV,Croatia,2003,74.614,71.17,78.23,6.6,8.2,179.884,73.852,4.8,2.512,5.79,6.298,World Bank API,2026-09-30 02:09:10
2754,HRV,Croatia,2004,75.52,72.13,79.08,6.1,7.1,168.416,70.298,4.5,2.574,5.7,6.507,World Bank API,2026-09-30 02:09:10
2755,HRV,Croatia,2005,75.245,71.83,78.83,5.8,6.7,166.988,67.589,4.2,2.573,5.61,6.841,World Bank API,2026-09-30 02:09:10
2756,HRV,Croatia,2006,75.837,72.51,79.33,5.5,6.4,167.264,65.958,4.0,2.607,5.62,6.904,World Bank API,2026-09-30 02:09:10
2757,HRV,Croatia,2007,75.706,72.33,79.25,5.3,6.2,166.28,66.091,3.9,2.734,5.64,7.389,World Bank API,2026-09-30 02:09:10
2758,HRV,Croatia,2008,75.912,72.4,79.6,5.0,5.9,163.226,64.873,3.8,2.735,5.63,7.636,World Bank API,2026-09-30 02:09:10
2759,HRV,Croatia,2009,76.168,72.9,79.6,4.8,5.7,157.312,63.748,3.7,2.741,5.52,8.033,World Bank API,2026-09-30 02:09:10
2760,HRV,Croatia,2010,76.476,73.5,79.6,4.7,5.5,148.959,62.186,3.5,2.861,5.77,7.949,World Bank API,2026-09-30 02:09:10
2761,HRV,Croatia,2011,76.776,73.8,79.9,4.5,5.3,144.296,61.701,3.4,2.918,5.95,7.625,World Bank API,2026-09-30 02:09:10
2762,HRV,Croatia,2012,77.168,73.9,80.6,4.4,5.2,138.61,59.986,3.3,2.999,5.9,7.634,World Bank API,2026-09-30 02:09:10
2763,HRV,Croatia,2013,77.571,74.4,80.9,4.3,5.1,133.954,58.185,3.2,3.042,5.88,6.373,World Bank API,2026-09-30 02:09:10
2764,HRV,Croatia,2014,77.724,74.7,80.9,4.2,5.0,130.093,57.739,3.2,3.153,5.93,6.566,World Bank API,2026-09-30 02:09:10
2765,HRV,Croatia,2015,77.276,74.3,80.4,4.2,4.9,127.876,55.308,3.1,3.21,5.6,6.655,World Bank API,2026-09-30 02:09:10
2766,HRV,Croatia,2016,77.922,74.8,81.2,4.1,4.9,125.679,54.492,3.0,3.265,5.54,6.692,World Bank API,2026-09-30 02:09:10
2767,HRV,Croatia,2017,77.727,74.8,80.8,4.1,4.8,122.353,54.139,3.0,3.404,5.61,6.628,World Bank API,2026-09-30 02:09:10
2768,HRV,Croatia,2018,77.92,74.7,81.3,4.1,4.8,124.028,53.714,3.0,3.497,5.7,6.714,World Bank API,2026-09-30 02:09:10
2769,HRV,Croatia,2019,78.224,75.2,81.4,4.0,4.7,120.964,52.396,3.0,3.59,5.78,6.787,World Bank API,2026-09-30 02:09:10
2770,HRV,Croatia,2020,77.524,74.5,80.7,4.0,4.7,121.044,53.07,2.9,3.606,5.8,7.684,World Bank API,2026-09-30 02:09:10
2771,HRV,Croatia,2021,76.424,73.4,79.6,3.9,4.6,133.023,61.059,2.9,3.734,5.71,8.083,World Bank API,2026-09-30 02:09:10
2772,HRV,Croatia,2022,77.576,74.6,80.7,3.9,4.6,116.741,51.5,2.8,3.909,5.76,7.296,World Bank API,2026-09-30 02:09:10
2773,HTI,Haiti,1990,53.215,51.97,54.421,98.6,144.5,369.261,325.986,38.7,0.08,0.756,3.992,World Bank API,2026-09-30 02:09:10
2774,HTI,Haiti,1991,53.524,52.2,54.816,95.7,140.3,370.371,323.062,37.1,0.082,0.77,3.992,World Bank API,2026-09-30 02:09:10
2775,HTI,Haiti,1992,54.041,52.765,55.279,93.0,136.2,363.233,318.691,35.7,0.084,0.785,3.992,World Bank API,2026-09-30 02:09:10
2776,HTI,Haiti,1993,54.478,53.166,55.751,90.1,131.9,359.94,314.085,34.7,0.092,0.799,3.992,World Bank API,2026-09-30 02:09:10
2777,HTI,Haiti,1994,54.731,53.459,55.963,87.3,127.7,356.007,312.426,33.8,0.126,0.769,3.992,World Bank API,2026-09-30 02:09:10
2778,HTI,Haiti,1995,55.582,54.19,56.94,84.4,123.3,348.79,300.647,33.0,0.16,0.74,3.992,World Bank API,2026-09-30 02:09:10
2779,HTI,Haiti,1996,56.111,54.657,57.537,81.6,119.0,343.705,293.686,32.2,0.188,0.71,3.992,World Bank API,2026-09-30 02:09:10
2780,HTI,Haiti,1997,56.675,55.161,58.165,78.8,114.7,338.342,286.492,31.5,0.216,0.706,3.992,World Bank API,2026-09-30 02:09:10
2781,HTI,Haiti,1998,57.137,55.561,58.695,76.1,110.6,334.213,280.463,30.7,0.244,0.703,3.992,World Bank API,2026-09-30 02:09:10
2782,HTI,Haiti,1999,57.692,56.032,59.342,73.5,106.6,329.492,272.809,30.1,0.236,0.699,3.992,World Bank API,2026-09-30 02:09:10
2783,HTI,Haiti,2000,58.175,56.476,59.867,71.1,102.9,324.772,266.954,29.5,0.228,0.696,3.992,World Bank API,2026-09-30 02:09:10
2784,HTI,Haiti,2001,58.591,56.823,60.361,68.8,99.4,321.67,261.47,29.1,0.22,0.692,3.75,World Bank API,2026-09-30 02:09:10
2785,HTI,Haiti,2002,59.041,57.212,60.878,66.7,96.2,317.555,255.34,29.0,0.212,0.689,3.433,World Bank API,2026-09-30 02:09:10
2786,HTI,Haiti,2003,59.44,57.52,61.377,64.9,93.3,314.498,249.112,29.0,0.204,0.685,3.537,World Bank API,2026-09-30 02:09:10
2787,HTI,Haiti,2004,58.517,56.635,60.419,63.2,90.7,322.09,256.491,29.1,0.196,0.681,3.429,World Bank API,2026-09-30 02:09:10
2788,HTI,Haiti,2005,60.318,58.209,62.465,61.8,88.4,306.765,234.991,29.1,0.188,0.678,3.306,World Bank API,2026-09-30 02:09:10
2789,HTI,Haiti,2006,60.74,58.519,63.012,60.4,86.2,303.387,227.8,29.0,0.18,0.674,3.48,World Bank API,2026-09-30 02:09:10
2790,HTI,Haiti,2007,61.09,58.816,63.42,59.1,84.1,299.695,222.286,28.8,0.172,0.671,3.647,World Bank API,2026-09-30 02:09:10
2791,HTI,Haiti,2008,61.28,58.977,63.642,58.0,82.2,297.648,219.47,28.6,0.164,0.667,3.757,World Bank API,2026-09-30 02:09:10
2792,HTI,Haiti,2009,61.694,59.371,64.079,56.8,80.2,293.886,214.435,28.3,0.156,0.664,3.503,World Bank API,2026-09-30 02:09:10
2793,HTI,Haiti,2010,45.577,45.441,45.679,79.3,137.7,499.367,478.92,29.1,0.148,0.66,4.549,World Bank API,2026-09-30 02:09:10
2794,HTI,Haiti,2011,61.581,59.219,64.015,54.4,76.5,299.006,216.495,27.9,0.14,0.68,5.912,World Bank API,2026-09-30 02:09:10
2795,HTI,Haiti,2012,62.273,59.837,64.786,53.2,74.6,290.682,206.618,27.7,0.187,0.7,5.565,World Bank API,2026-09-30 02:09:10
2796,HTI,Haiti,2013,62.624,60.111,65.223,52.0,72.8,288.148,201.424,27.4,0.234,0.72,4.105,World Bank API,2026-09-30 02:09:10
2797,HTI,Haiti,2014,62.969,60.402,65.625,50.9,70.9,285.064,196.618,27.1,0.16,1.634,4.52,World Bank API,2026-09-30 02:09:10
2798,HTI,Haiti,2015,63.224,60.607,65.935,49.7,69.1,283.399,193.134,26.7,0.087,2.548,5.075,World Bank API,2026-09-30 02:09:10
2799,HTI,Haiti,2016,63.325,60.691,66.053,48.5,67.2,282.728,191.954,26.3,0.137,3.462,4.808,World Bank API,2026-09-30 02:09:10
2800,HTI,Haiti,2017,63.832,61.085,66.688,47.2,65.3,279.048,184.554,25.8,0.188,4.376,3.82,World Bank API,2026-09-30 02:09:10
2801,HTI,Haiti,2018,64.077,61.278,66.988,46.0,63.4,277.835,181.472,25.4,0.238,5.29,4.317,World Bank API,2026-09-30 02:09:10
2802,HTI,Haiti,2019,64.328,61.483,67.29,44.7,61.5,276.405,178.259,25.0,0.252,4.89,3.911,World Bank API,2026-09-30 02:09:10
2803,HTI,Haiti,2020,63.773,60.707,67.03,43.6,59.8,291.279,183.487,24.5,0.265,5.06,3.787,World Bank API,2026-09-30 02:09:10
2804,HTI,Haiti,2021,62.613,59.681,65.712,42.5,58.1,323.257,210.385,24.0,0.278,4.8,3.577,World Bank API,2026-09-30 02:09:10
2805,HTI,Haiti,2022,63.948,60.836,67.228,41.3,56.2,300.013,185.31,23.6,0.292,4.68,3.208,World Bank API,2026-09-30 02:09:10
2806,HUN,Hungary,1990,69.316,65.14,73.7,15.2,17.2,305.087,132.677,11.1,2.94,9.3,6.77,World Bank API,2026-09-30 02:09:10
2807,HUN,Hungary,1991,69.377,65.06,73.91,14.6,16.5,306.528,131.845,10.6,3.028,9.3,6.77,World Bank API,2026-09-30 02:09:10
2808,HUN,Hungary,1992,69.117,64.6,73.86,13.7,15.7,325.073,136.774,9.9,3.006,9.3,6.77,World Bank API,2026-09-30 02:09:10
2809,HUN,Hungary,1993,69.101,64.55,73.88,12.7,14.5,328.648,138.942,9.0,2.956,9.3,6.77,World Bank API,2026-09-30 02:09:10
2810,HUN,Hungary,1994,69.47,64.86,74.31,11.6,13.4,326.483,132.948,8.1,2.997,9.3,6.77,World Bank API,2026-09-30 02:09:10
2811,HUN,Hungary,1995,69.792,65.26,74.55,10.9,12.5,317.913,130.626,7.5,3.355,8.8,6.77,World Bank API,2026-09-30 02:09:10
2812,HUN,Hungary,1996,70.329,66.08,74.79,10.3,11.9,296.354,120.735,7.1,3.4,8.8,6.77,World Bank API,2026-09-30 02:09:10
2813,HUN,Hungary,1997,70.702,66.4,75.22,9.9,11.5,287.483,121.505,6.8,3.452,8.0,6.77,World Bank API,2026-09-30 02:09:10
2814,HUN,Hungary,1998,70.558,66.15,75.186,9.5,11.1,292.771,121.911,6.4,3.526,8.1,6.77,World Bank API,2026-09-30 02:09:10
2815,HUN,Hungary,1999,70.677,66.36,75.21,9.1,10.6,290.064,121.101,6.0,3.56,8.1,6.77,World Bank API,2026-09-30 02:09:10
2816,HUN,Hungary,2000,71.246,67.1,75.6,8.7,10.1,271.44,114.498,5.7,3.012,8.17,6.77,World Bank API,2026-09-30 02:09:10
2817,HUN,Hungary,2001,72.249,68.2,76.5,8.1,9.5,260.615,110.866,5.5,3.255,7.93,6.82,World Bank API,2026-09-30 02:09:10
2818,HUN,Hungary,2002,72.349,68.3,76.6,7.6,9.0,259.032,110.102,5.1,3.679,7.93,7.118,World Bank API,2026-09-30 02:09:10
2819,HUN,Hungary,2003,72.3,68.3,76.5,7.2,8.4,257.047,110.787,4.8,3.783,7.91,8.13,World Bank API,2026-09-30 02:09:10
2820,HUN,Hungary,2004,72.649,68.6,76.9,6.8,8.0,252.792,107.639,4.4,3.344,7.9,7.766,World Bank API,2026-09-30 02:09:10
2821,HUN,Hungary,2005,72.649,68.6,76.9,6.4,7.5,256.342,107.4,4.1,2.787,7.93,7.992,World Bank API,2026-09-30 02:09:10
2822,HUN,Hungary,2006,73.098,69.0,77.4,6.1,7.2,249.886,103.721,3.9,3.042,7.99,7.786,World Bank API,2026-09-30 02:09:10
2823,HUN,Hungary,2007,73.151,69.2,77.3,5.8,6.8,245.63,106.415,3.8,2.809,7.2,7.207,World Bank API,2026-09-30 02:09:10
2824,HUN,Hungary,2008,73.702,69.8,77.8,5.5,6.5,233.087,100.347,3.6,3.097,7.12,7.093,World Bank API,2026-09-30 02:09:10
2825,HUN,Hungary,2009,73.905,70.1,77.9,5.3,6.2,228.461,98.903,3.5,3.027,7.16,7.237,World Bank API,2026-09-30 02:09:10
2826,HUN,Hungary,2010,74.207,70.5,78.1,5.1,6.0,218.943,94.911,3.4,2.875,7.2,7.464,World Bank API,2026-09-30 02:09:10
2827,HUN,Hungary,2011,74.859,71.2,78.7,5.0,5.9,206.225,92.995,3.3,2.966,7.21,7.493,World Bank API,2026-09-30 02:09:10
2828,HUN,Hungary,2012,75.063,71.6,78.7,4.8,5.7,195.724,89.303,3.2,3.09,7.0,7.43,World Bank API,2026-09-30 02:09:10
2829,HUN,Hungary,2013,75.566,72.2,79.1,4.7,5.6,182.243,85.688,3.0,3.21,7.04,7.236,World Bank API,2026-09-30 02:09:10
2830,HUN,Hungary,2014,75.763,72.3,79.4,4.5,5.3,179.963,83.854,2.9,3.325,6.99,7.042,World Bank API,2026-09-30 02:09:10
2831,HUN,Hungary,2015,75.568,72.3,79.0,4.2,5.1,177.627,85.926,2.7,3.098,7.0,6.85,World Bank API,2026-09-30 02:09:10
2832,HUN,Hungary,2016,76.063,72.6,79.7,4.0,4.7,172.279,79.709,2.5,3.212,7.0,6.968,World Bank API,2026-09-30 02:09:10
2833,HUN,Hungary,2017,75.817,72.5,79.3,3.7,4.5,168.058,80.586,2.4,3.326,7.02,6.733,World Bank API,2026-09-30 02:09:10
2834,HUN,Hungary,2018,76.066,72.7,79.6,3.6,4.3,166.734,77.647,2.3,3.384,6.95,6.555,World Bank API,2026-09-30 02:09:10
2835,HUN,Hungary,2019,76.32,73.1,79.7,3.4,4.1,159.172,75.172,2.2,3.494,6.91,6.247,World Bank API,2026-09-30 02:09:10
2836,HUN,Hungary,2020,75.42,72.2,78.8,3.4,4.0,164.516,78.363,2.2,3.14,6.76,7.231,World Bank API,2026-09-30 02:09:10
2837,HUN,Hungary,2021,74.066,70.7,77.6,3.3,4.0,164.516,78.363,2.2,3.299,6.79,7.335,World Bank API,2026-09-30 02:09:10
2838,HUN,Hungary,2022,75.868,72.6,79.3,3.2,3.9,164.516,78.363,2.2,3.456,6.63,6.647,World Bank API,2026-09-30 02:09:10
2839,IDN,Indonesia,1990,63.249,61.45,65.087,64.4,83.2,234.896,185.624,30.1,0.144,0.665,1.853,World Bank API,2026-09-30 02:09:10
2840,IDN,Indonesia,1991,63.703,61.98,65.457,61.8,79.4,229.23,183.488,29.5,0.148,0.669,1.853,World Bank API,2026-09-30 02:09:10
2841,IDN,Indonesia,1992,64.182,62.462,65.93,59.3,75.8,224.371,179.502,28.9,0.102,0.665,1.853,World Bank API,2026-09-30 02:09:10
2842,IDN,Indonesia,1993,64.851,63.071,66.661,56.8,72.2,216.58,170.382,28.2,0.057,0.658,1.853,World Bank API,2026-09-30 02:09:10
2843,IDN,Indonesia,1994,65.041,63.368,66.733,54.3,68.8,215.981,174.249,27.5,0.064,0.66,1.853,World Bank API,2026-09-30 02:09:10
2844,IDN,Indonesia,1995,65.263,63.667,66.869,52.0,65.5,215.629,176.742,26.7,0.072,0.645,1.853,World Bank API,2026-09-30 02:09:10
2845,IDN,Indonesia,1996,65.465,63.843,67.097,49.7,62.4,217.127,177.087,25.8,0.079,0.63,1.853,World Bank API,2026-09-30 02:09:10
2846,IDN,Indonesia,1997,65.774,64.148,67.407,47.5,59.4,215.629,175.459,25.0,0.087,0.615,1.853,World Bank API,2026-09-30 02:09:10
2847,IDN,Indonesia,1998,65.942,64.259,67.635,45.4,56.6,218.583,175.436,24.1,0.094,0.6,1.853,World Bank API,2026-09-30 02:09:10
2848,IDN,Indonesia,1999,66.001,64.328,67.683,43.4,53.9,222.228,178.849,23.2,0.101,0.59,1.853,World Bank API,2026-09-30 02:09:10
2849,IDN,Indonesia,2000,66.292,64.61,67.98,41.4,51.4,220.596,177.125,22.5,0.109,0.58,1.853,World Bank API,2026-09-30 02:09:10
2850,IDN,Indonesia,2001,66.583,64.899,68.269,39.6,49.0,218.488,175.426,21.7,0.116,0.58,2.119,World Bank API,2026-09-30 02:09:10
2851,IDN,Indonesia,2002,66.954,65.229,68.682,37.9,46.7,215.715,171.338,21.1,0.124,0.58,1.981,World Bank API,2026-09-30 02:09:10
2852,IDN,Indonesia,2003,67.134,65.438,68.827,36.3,44.6,215.008,171.966,20.5,0.131,0.58,2.248,World Bank API,2026-09-30 02:09:10
2853,IDN,Indonesia,2004,65.521,64.08,66.94,36.9,48.6,234.148,199.153,20.0,0.152,0.58,2.12,World Bank API,2026-09-30 02:09:10
2854,IDN,Indonesia,2005,67.531,65.794,69.264,33.3,40.7,214.514,170.474,19.5,0.174,0.59,2.532,World Bank API,2026-09-30 02:09:10
2855,IDN,Indonesia,2006,67.664,65.929,69.394,31.9,38.9,214.207,170.442,19.0,0.195,0.59,2.619,World Bank API,2026-09-30 02:09:10
2856,IDN,Indonesia,2007,67.914,66.138,69.687,30.6,37.2,213.28,168.483,18.6,0.216,0.6,2.824,World Bank API,2026-09-30 02:09:10
2857,IDN,Indonesia,2008,68.085,66.296,69.87,29.4,35.6,213.074,167.819,18.0,0.238,0.62,2.548,World Bank API,2026-09-30 02:09:10
2858,IDN,Indonesia,2009,68.267,66.495,70.032,28.2,34.1,211.865,167.572,17.3,0.259,0.58,2.623,World Bank API,2026-09-30 02:09:10
2859,IDN,Indonesia,2010,68.364,66.571,70.152,27.0,32.6,213.062,168.048,16.6,0.239,0.56,2.791,World Bank API,2026-09-30 02:09:10
2860,IDN,Indonesia,2011,68.629,66.793,70.463,25.9,31.2,211.02,164.815,16.0,0.218,0.6,2.989,World Bank API,2026-09-30 02:09:10
2861,IDN,Indonesia,2012,68.862,67.002,70.721,24.9,29.9,209.081,162.476,15.3,0.197,0.81,2.914,World Bank API,2026-09-30 02:09:10
2862,IDN,Indonesia,2013,69.064,67.16,70.971,23.9,28.6,207.908,160.188,14.7,0.221,0.96,2.869,World Bank API,2026-09-30 02:09:10
2863,IDN,Indonesia,2014,69.292,67.353,71.238,22.9,27.3,206.17,157.649,14.0,0.246,0.91,2.964,World Bank API,2026-09-30 02:09:10
2864,IDN,Indonesia,2015,69.52,67.584,71.46,21.9,26.1,203.819,155.628,13.4,0.27,0.95,2.924,World Bank API,2026-09-30 02:09:10
2865,IDN,Indonesia,2016,69.733,67.781,71.692,21.0,25.0,201.924,153.416,12.8,0.322,0.97,3.021,World Bank API,2026-09-30 02:09:10
2866,IDN,Indonesia,2017,69.953,67.971,71.945,20.1,23.8,200.068,150.907,12.3,0.373,1.02,2.904,World Bank API,2026-09-30 02:09:10
2867,IDN,Indonesia,2018,70.08,68.062,72.113,19.3,22.8,199.69,149.409,11.8,0.421,1.15,2.868,World Bank API,2026-09-30 02:09:10
2868,IDN,Indonesia,2019,70.349,68.325,72.389,18.5,21.8,196.698,146.485,11.3,0.462,1.16,2.879,World Bank API,2026-09-30 02:09:10
2869,IDN,Indonesia,2020,68.817,66.644,71.097,17.7,20.8,222.653,163.755,10.8,0.62,1.38,3.421,World Bank API,2026-09-30 02:09:10
2870,IDN,Indonesia,2021,67.452,65.546,69.437,17.0,19.9,246.673,188.027,10.3,0.688,1.34,3.706,World Bank API,2026-09-30 02:09:10
2871,IDN,Indonesia,2022,70.925,68.871,72.981,16.3,19.1,190.891,140.93,9.9,0.681,1.4,2.694,World Bank API,2026-09-30 02:09:10
2872,IMN,Isle of Man,1990,71.8,67.538,76.24,37.7,45.1,188.887,95.189,21.0,0.577,1.752,4.865,World Bank API,2026-09-30 02:09:10
2873,IMN,Isle of Man,1991,72.183,68.068,76.451,36.4,43.3,183.588,93.506,20.1,0.621,1.752,4.865,World Bank API,2026-09-30 02:09:10
2874,IMN,Isle of Man,1992,72.544,68.621,76.59,34.9,42.5,177.997,92.413,19.7,0.664,1.752,4.865,World Bank API,2026-09-30 02:09:10
2875,IMN,Isle of Man,1993,72.822,69.104,76.636,33.4,42.6,173.085,92.051,19.2,0.708,1.752,4.865,World Bank API,2026-09-30 02:09:10
2876,IMN,Isle of Man,1994,73.14,69.627,76.718,32.9,39.6,167.717,91.41,18.9,0.751,1.752,4.865,World Bank API,2026-09-30 02:09:10
2877,IMN,Isle of Man,1995,73.371,70.056,76.724,31.6,38.4,163.279,91.365,18.6,0.795,1.752,4.865,World Bank API,2026-09-30 02:09:10
2878,IMN,Isle of Man,1996,73.634,70.516,76.775,30.4,37.2,158.34,90.963,18.0,0.839,1.752,4.865,World Bank API,2026-09-30 02:09:10
2879,IMN,Isle of Man,1997,73.9,70.961,76.844,29.0,35.3,153.565,90.426,17.3,0.882,1.752,4.865,World Bank API,2026-09-30 02:09:10
2880,IMN,Isle of Man,1998,74.204,71.448,76.947,28.2,33.4,148.358,89.633,16.7,0.926,1.752,4.865,World Bank API,2026-09-30 02:09:10
2881,IMN,Isle of Man,1999,74.469,71.869,77.044,27.2,31.8,143.864,88.89,16.3,0.969,1.752,4.865,World Bank API,2026-09-30 02:09:10
2882,IMN,Isle of Man,2000,74.842,72.375,77.273,26.3,30.5,138.498,87.138,16.0,1.013,1.752,4.865,World Bank API,2026-09-30 02:09:10
2883,IMN,Isle of Man,2001,75.289,72.968,77.562,25.4,29.1,132.367,84.969,15.2,1.057,1.752,4.959,World Bank API,2026-09-30 02:09:10
2884,IMN,Isle of Man,2002,75.785,73.582,77.926,23.6,28.1,126.178,82.282,14.5,1.1,1.752,5.33,World Bank API,2026-09-30 02:09:10
2885,IMN,Isle of Man,2003,76.319,74.245,78.318,22.9,26.9,119.635,79.459,14.1,1.144,1.752,5.209,World Bank API,2026-09-30 02:09:10
2886,IMN,Isle of Man,2004,76.876,74.866,78.806,21.1,26.1,113.654,76.034,13.7,1.187,1.752,5.336,World Bank API,2026-09-30 02:09:10
2887,IMN,Isle of Man,2005,77.453,75.568,79.249,19.8,24.0,107.23,73.027,13.2,1.231,1.752,5.294,World Bank API,2026-09-30 02:09:10
2888,IMN,Isle of Man,2006,77.971,76.196,79.653,19.3,22.8,101.701,70.349,13.0,1.275,1.752,5.405,World Bank API,2026-09-30 02:09:10
2889,IMN,Isle of Man,2007,78.451,76.759,80.046,18.5,21.8,96.908,67.818,12.5,1.318,1.752,5.317,World Bank API,2026-09-30 02:09:10
2890,IMN,Isle of Man,2008,78.899,77.209,80.496,17.9,20.9,93.178,64.911,12.1,1.362,1.752,5.444,World Bank API,2026-09-30 02:09:10
2891,IMN,Isle of Man,2009,79.303,77.667,80.848,17.4,21.2,89.481,62.686,11.7,1.405,1.752,5.749,World Bank API,2026-09-30 02:09:10
2892,IMN,Isle of Man,2010,79.613,77.986,81.157,16.7,19.3,86.968,60.771,11.4,1.449,1.752,5.49,World Bank API,2026-09-30 02:09:10
2893,IMN,Isle of Man,2011,79.836,78.22,81.376,16.6,19.3,85.148,59.439,10.9,1.449,1.752,5.749,World Bank API,2026-09-30 02:09:10
2894,IMN,Isle of Man,2012,80.007,78.398,81.546,16.2,18.9,83.785,58.417,11.0,1.449,1.752,5.776,World Bank API,2026-09-30 02:09:10
2895,IMN,Isle of Man,2013,80.12,78.526,81.65,16.0,18.9,82.819,57.795,10.9,1.449,1.752,5.737,World Bank API,2026-09-30 02:09:10
2896,IMN,Isle of Man,2014,80.199,78.599,81.745,15.8,18.5,82.267,57.238,10.8,1.449,1.752,5.838,World Bank API,2026-09-30 02:09:10
2897,IMN,Isle of Man,2015,80.267,78.62,81.87,15.5,18.2,82.113,56.504,10.6,1.449,1.752,6.065,World Bank API,2026-09-30 02:09:10
2898,IMN,Isle of Man,2016,80.391,78.654,82.099,15.0,17.8,81.854,55.174,10.2,1.449,1.752,6.172,World Bank API,2026-09-30 02:09:10
2899,IMN,Isle of Man,2017,80.506,78.677,82.326,14.5,17.3,81.681,53.878,9.9,1.449,1.752,6.136,World Bank API,2026-09-30 02:09:10
2900,IMN,Isle of Man,2018,80.614,78.695,82.546,14.1,16.4,81.55,52.645,9.8,1.449,1.752,5.932,World Bank API,2026-09-30 02:09:10
2901,IMN,Isle of Man,2019,80.74,78.735,82.778,14.1,15.9,81.249,51.337,9.6,1.449,1.752,5.745,World Bank API,2026-09-30 02:09:10
2902,IMN,Isle of Man,2020,80.591,78.507,82.739,13.6,15.6,82.59,51.011,9.3,1.449,1.752,6.646,World Bank API,2026-09-30 02:09:10
2903,IMN,Isle of Man,2021,80.42,78.308,82.607,13.3,15.3,85.307,52.276,9.3,1.449,1.752,6.64,World Bank API,2026-09-30 02:09:10
2904,IMN,Isle of Man,2022,80.956,78.881,83.09,13.0,15.1,80.17,49.614,9.0,1.449,1.752,6.573,World Bank API,2026-09-30 02:09:10
2905,IND,India,1990,58.618,57.963,59.358,84.4,127.0,268.69,216.952,57.0,1.231,0.787,4.106,World Bank API,2026-09-30 02:09:10
2906,IND,India,1991,59.032,58.34,59.805,82.5,123.4,266.221,214.164,55.6,1.231,0.787,4.106,World Bank API,2026-09-30 02:09:10
2907,IND,India,1992,59.445,58.728,60.236,80.7,119.9,263.735,211.659,54.3,1.209,0.936,4.106,World Bank API,2026-09-30 02:09:10
2908,IND,India,1993,59.823,59.094,60.617,79.0,116.5,261.706,209.839,53.0,1.186,1.085,4.106,World Bank API,2026-09-30 02:09:10
2909,IND,India,1994,60.237,59.492,61.041,77.3,113.1,259.458,207.353,51.7,1.164,1.235,4.106,World Bank API,2026-09-30 02:09:10
2910,IND,India,1995,60.63,59.868,61.442,75.6,109.7,257.649,205.131,50.4,1.141,1.384,4.106,World Bank API,2026-09-30 02:09:10
2911,IND,India,1996,61.027,60.244,61.858,73.9,106.2,255.857,202.602,49.1,1.119,1.533,4.106,World Bank API,2026-09-30 02:09:10
2912,IND,India,1997,61.439,60.623,62.3,72.1,102.7,253.994,199.546,47.8,1.096,1.682,4.106,World Bank API,2026-09-30 02:09:10
2913,IND,India,1998,61.852,60.99,62.759,70.2,99.1,252.153,196.102,46.5,1.074,1.832,4.106,World Bank API,2026-09-30 02:09:10
2914,IND,India,1999,62.284,61.367,63.248,68.3,95.4,249.978,192.109,45.2,1.052,1.981,4.106,World Bank API,2026-09-30 02:09:10
2915,IND,India,2000,62.749,61.76,63.794,66.3,91.8,247.673,187.191,43.8,1.029,2.13,4.106,World Bank API,2026-09-30 02:09:10
2916,IND,India,2001,63.158,62.102,64.277,64.3,88.1,245.842,182.968,42.5,1.007,2.09,4.338,World Bank API,2026-09-30 02:09:10
2917,IND,India,2002,63.649,62.515,64.855,62.4,84.6,242.829,177.225,41.1,0.984,2.05,4.315,World Bank API,2026-09-30 02:09:10
2918,IND,India,2003,64.086,62.882,65.376,60.4,81.1,240.403,172.067,39.8,0.962,2.02,4.079,World Bank API,2026-09-30 02:09:10
2919,IND,India,2004,64.484,63.221,65.844,58.5,77.7,238.181,167.506,38.6,0.939,1.99,4.027,World Bank API,2026-09-30 02:09:10
2920,IND,India,2005,64.939,63.608,66.376,56.5,74.3,235.388,162.162,37.4,0.917,1.95,3.855,World Bank API,2026-09-30 02:09:10
2921,IND,India,2006,65.373,63.989,66.873,54.5,71.0,232.664,157.633,36.2,0.894,1.92,3.669,World Bank API,2026-09-30 02:09:10
2922,IND,India,2007,65.803,64.373,67.358,52.5,67.8,229.992,153.725,35.1,0.872,1.89,3.581,World Bank API,2026-09-30 02:09:10
2923,IND,India,2008,66.247,64.778,67.844,50.5,64.5,227.173,150.504,34.0,0.85,1.87,3.589,World Bank API,2026-09-30 02:09:10
2924,IND,India,2009,66.7,65.203,68.327,48.4,61.2,224.264,148.054,32.8,0.827,1.84,3.546,World Bank API,2026-09-30 02:09:10
2925,IND,India,2010,67.162,65.644,68.809,46.3,58.1,221.264,146.196,31.7,0.805,1.81,3.336,World Bank API,2026-09-30 02:09:10
2926,IND,India,2011,67.623,66.094,69.28,44.2,55.0,218.148,144.819,30.5,0.782,1.79,3.246,World Bank API,2026-09-30 02:09:10
2927,IND,India,2012,68.076,66.544,69.735,42.2,52.0,214.964,143.788,29.4,0.76,1.76,3.329,World Bank API,2026-09-30 02:09:10
2928,IND,India,2013,68.499,66.97,70.151,40.1,49.1,211.869,143.043,28.2,0.737,1.74,3.749,World Bank API,2026-09-30 02:09:10
2929,IND,India,2014,68.932,67.416,70.567,38.2,46.4,208.354,142.189,27.1,0.715,1.72,3.62,World Bank API,2026-09-30 02:09:10
2930,IND,India,2015,69.326,67.827,70.94,36.3,43.7,205.008,141.371,26.0,0.723,1.7,3.596,World Bank API,2026-09-30 02:09:10
2931,IND,India,2016,69.709,68.231,71.297,34.6,41.3,201.451,140.3,25.0,0.748,1.68,3.504,World Bank API,2026-09-30 02:09:10
2932,IND,India,2017,70.068,68.61,71.632,32.9,39.0,197.986,138.988,24.0,0.766,1.66,2.936,World Bank API,2026-09-30 02:09:10
2933,IND,India,2018,70.415,68.973,71.963,31.3,36.9,194.523,137.206,23.0,0.84,1.64,2.858,World Bank API,2026-09-30 02:09:10
2934,IND,India,2019,70.746,69.312,72.287,29.8,34.9,191.12,134.926,21.8,0.889,1.62,2.953,World Bank API,2026-09-30 02:09:10
2935,IND,India,2020,70.156,68.529,71.938,28.3,33.0,199.714,139.425,20.6,0.723,1.61,3.341,World Bank API,2026-09-30 02:09:10
2936,IND,India,2021,67.282,65.87,68.835,27.0,31.2,251.736,184.498,19.5,0.723,1.59,3.347,World Bank API,2026-09-30 02:09:10
2937,IND,India,2022,71.698,70.237,73.271,25.7,29.5,181.136,125.543,18.5,0.723,1.59,3.396,World Bank API,2026-09-30 02:09:10
2938,IRL,Ireland,1990,74.846,72.109,77.72,7.6,9.2,133.277,80.635,4.7,1.551,6.1,5.899,World Bank API,2026-09-30 02:09:10
2939,IRL,Ireland,1991,75.025,72.285,77.902,7.2,8.7,132.963,74.913,4.6,1.696,6.0,5.899,World Bank API,2026-09-30 02:09:10
2940,IRL,Ireland,1992,75.415,72.679,78.288,6.7,8.1,128.203,77.019,4.5,1.994,5.7,5.899,World Bank API,2026-09-30 02:09:10
2941,IRL,Ireland,1993,75.292,72.56,78.161,6.4,7.7,129.173,73.614,4.4,2.017,5.5,5.899,World Bank API,2026-09-30 02:09:10
2942,IRL,Ireland,1994,75.787,73.052,78.658,6.1,7.4,121.694,73.638,4.2,1.986,5.3,5.899,World Bank API,2026-09-30 02:09:10
2943,IRL,Ireland,1995,75.469,72.762,78.312,6.1,7.3,125.484,73.749,4.2,2.095,5.2,5.899,World Bank API,2026-09-30 02:09:10
2944,IRL,Ireland,1996,75.832,73.1,78.7,6.1,7.3,123.816,68.427,4.1,2.095,5.1,5.899,World Bank API,2026-09-30 02:09:10
2945,IRL,Ireland,1997,75.985,73.4,78.7,6.1,7.3,123.066,70.908,4.1,2.124,4.9,5.899,World Bank API,2026-09-30 02:09:10
2946,IRL,Ireland,1998,76.18,73.4,79.1,6.1,7.3,123.634,67.669,4.1,2.183,4.8,5.899,World Bank API,2026-09-30 02:09:10
2947,IRL,Ireland,1999,76.083,73.4,78.9,6.1,7.3,121.392,69.634,4.1,2.257,4.7,5.899,World Bank API,2026-09-30 02:09:10
2948,IRL,Ireland,2000,76.537,74.0,79.2,6.0,7.2,119.257,70.026,4.0,2.219,6.14,5.899,World Bank API,2026-09-30 02:09:10
2949,IRL,Ireland,2001,77.134,74.5,79.9,5.8,6.9,112.224,65.886,3.9,2.373,5.87,6.392,World Bank API,2026-09-30 02:09:10
2950,IRL,Ireland,2002,77.634,75.0,80.4,5.5,6.5,113.266,60.492,3.7,2.404,5.79,6.673,World Bank API,2026-09-30 02:09:10
2951,IRL,Ireland,2003,78.139,75.7,80.7,5.1,6.1,102.195,61.181,3.5,2.572,5.68,7.008,World Bank API,2026-09-30 02:09:10
2952,IRL,Ireland,2004,78.539,76.1,81.1,4.7,5.6,101.714,60.791,3.2,2.74,5.65,7.22,World Bank API,2026-09-30 02:09:10
2953,IRL,Ireland,2005,78.944,76.7,81.3,4.4,5.2,96.634,58.593,3.0,3.531,5.47,7.642,World Bank API,2026-09-30 02:09:10
2954,IRL,Ireland,2006,79.241,76.9,81.7,4.1,4.8,94.661,58.972,2.8,3.631,5.26,7.516,World Bank API,2026-09-30 02:09:10
2955,IRL,Ireland,2007,79.641,77.3,82.1,3.9,4.6,99.073,55.47,2.6,3.838,5.1,7.808,World Bank API,2026-09-30 02:09:10
2956,IRL,Ireland,2008,80.095,77.9,82.4,3.8,4.4,94.314,58.682,2.5,3.952,4.86,9.126,World Bank API,2026-09-30 02:09:10
2957,IRL,Ireland,2009,80.19,77.8,82.7,3.7,4.3,97.636,56.338,2.5,4.004,2.83,10.523,World Bank API,2026-09-30 02:09:10
2958,IRL,Ireland,2010,80.744,78.5,83.1,3.6,4.2,90.115,52.079,2.5,4.128,2.73,10.521,World Bank API,2026-09-30 02:09:10
2959,IRL,Ireland,2011,80.746,78.6,83.0,3.5,4.1,89.52,52.197,2.5,4.104,2.62,10.489,World Bank API,2026-09-30 02:09:10
2960,IRL,Ireland,2012,80.846,78.7,83.1,3.4,4.0,87.528,52.473,2.5,3.949,2.54,10.475,World Bank API,2026-09-30 02:09:10
2961,IRL,Ireland,2013,80.949,78.9,83.1,3.3,3.9,85.76,49.539,2.5,3.927,2.56,10.033,World Bank API,2026-09-30 02:09:10
2962,IRL,Ireland,2014,81.349,79.3,83.5,3.3,3.8,85.331,48.239,2.5,3.012,2.57,9.231,World Bank API,2026-09-30 02:09:10
2963,IRL,Ireland,2015,81.454,79.6,83.4,3.2,3.7,81.439,50.413,2.4,3.119,2.92,7.078,World Bank API,2026-09-30 02:09:10
2964,IRL,Ireland,2016,81.654,79.8,83.6,3.1,3.6,79.402,47.831,2.3,3.193,2.95,7.338,World Bank API,2026-09-30 02:09:10
2965,IRL,Ireland,2017,82.156,80.4,84.0,3.0,3.5,78.688,44.301,2.3,3.256,2.97,6.917,World Bank API,2026-09-30 02:09:10
2966,IRL,Ireland,2018,82.205,80.4,84.1,3.0,3.4,79.181,47.935,2.3,3.276,2.97,6.747,World Bank API,2026-09-30 02:09:10
2967,IRL,Ireland,2019,82.702,80.8,84.7,3.0,3.4,79.415,45.197,2.3,3.317,2.88,6.619,World Bank API,2026-09-30 02:09:10
2968,IRL,Ireland,2020,82.456,80.7,84.3,3.1,3.5,75.462,45.866,2.3,3.458,2.89,6.973,World Bank API,2026-09-30 02:09:10
2969,IRL,Ireland,2021,82.254,80.4,84.2,3.2,3.6,78.623,46.424,2.4,4.028,2.9,6.441,World Bank API,2026-09-30 02:09:10
2970,IRL,Ireland,2022,82.51,80.9,84.2,3.3,3.7,72.803,44.086,2.5,3.362,2.94,6.021,World Bank API,2026-09-30 02:09:10
2971,IRN,"Iran, Islamic Rep.",1990,64.066,62.122,66.257,49.0,58.0,263.586,182.822,24.7,0.318,1.433,4.723,World Bank API,2026-09-30 02:09:10
2972,IRN,"Iran, Islamic Rep.",1991,66.233,63.985,68.773,46.8,55.1,238.683,150.564,24.0,0.318,1.461,4.723,World Bank API,2026-09-30 02:09:10
2973,IRN,"Iran, Islamic Rep.",1992,66.653,64.366,69.233,44.7,52.5,234.173,145.639,23.3,0.318,1.489,4.723,World Bank API,2026-09-30 02:09:10
2974,IRN,"Iran, Islamic Rep.",1993,67.037,64.722,69.641,43.0,50.3,229.53,141.033,22.7,0.318,1.517,4.723,World Bank API,2026-09-30 02:09:10
2975,IRN,"Iran, Islamic Rep.",1994,67.49,65.158,70.101,41.4,48.2,223.853,136.162,22.2,0.495,1.544,4.723,World Bank API,2026-09-30 02:09:10
2976,IRN,"Iran, Islamic Rep.",1995,67.904,65.559,70.52,39.8,46.2,218.473,131.586,21.8,0.673,1.572,4.723,World Bank API,2026-09-30 02:09:10
2977,IRN,"Iran, Islamic Rep.",1996,68.328,65.976,70.944,38.3,44.3,212.815,126.988,21.3,0.85,1.6,4.723,World Bank API,2026-09-30 02:09:10
2978,IRN,"Iran, Islamic Rep.",1997,68.649,66.315,71.236,36.7,42.4,208.23,124.207,20.8,0.95,1.604,4.723,World Bank API,2026-09-30 02:09:10
2979,IRN,"Iran, Islamic Rep.",1998,69.214,66.866,71.807,35.1,40.4,200.801,117.896,20.3,1.049,1.608,4.723,World Bank API,2026-09-30 02:09:10
2980,IRN,"Iran, Islamic Rep.",1999,69.686,67.345,72.261,33.4,38.4,194.544,113.36,19.9,1.018,1.612,4.723,World Bank API,2026-09-30 02:09:10
2981,IRN,"Iran, Islamic Rep.",2000,70.166,67.839,72.716,31.7,36.4,188.289,108.984,19.5,0.988,1.616,4.723,World Bank API,2026-09-30 02:09:10
2982,IRN,"Iran, Islamic Rep.",2001,70.619,68.309,73.138,30.0,34.3,182.482,105.021,18.8,0.957,1.62,5.161,World Bank API,2026-09-30 02:09:10
2983,IRN,"Iran, Islamic Rep.",2002,71.112,68.835,73.584,28.3,32.3,176.275,101.262,18.2,0.926,1.63,4.652,World Bank API,2026-09-30 02:09:10
2984,IRN,"Iran, Islamic Rep.",2003,70.464,68.392,72.698,26.6,30.3,182.869,114.064,17.5,0.896,1.62,4.956,World Bank API,2026-09-30 02:09:10
2985,IRN,"Iran, Islamic Rep.",2004,72.04,69.841,74.412,25.0,28.3,165.132,94.653,16.8,0.865,1.6,5.128,World Bank API,2026-09-30 02:09:10
2986,IRN,"Iran, Islamic Rep.",2005,72.446,70.299,74.758,23.4,26.5,160.437,92.258,16.1,0.861,1.58,5.3,World Bank API,2026-09-30 02:09:10
2987,IRN,"Iran, Islamic Rep.",2006,72.895,70.796,75.151,22.0,24.7,155.397,89.339,15.5,0.515,1.59,5.16,World Bank API,2026-09-30 02:09:10
2988,IRN,"Iran, Islamic Rep.",2007,73.299,71.252,75.496,20.6,23.1,150.964,86.941,14.8,0.629,1.61,4.912,World Bank API,2026-09-30 02:09:10
2989,IRN,"Iran, Islamic Rep.",2008,73.683,71.682,75.821,19.3,21.7,146.914,84.717,14.1,0.744,1.6,5.04,World Bank API,2026-09-30 02:09:10
2990,IRN,"Iran, Islamic Rep.",2009,74.041,72.074,76.134,18.2,20.4,143.566,82.561,13.3,0.858,1.5,6.115,World Bank API,2026-09-30 02:09:10
2991,IRN,"Iran, Islamic Rep.",2010,74.39,72.462,76.433,17.3,19.3,140.043,80.454,12.6,0.972,1.64,6.292,World Bank API,2026-09-30 02:09:10
2992,IRN,"Iran, Islamic Rep.",2011,74.721,72.826,76.723,16.5,18.3,136.762,78.351,12.0,1.087,1.32,6.098,World Bank API,2026-09-30 02:09:10
2993,IRN,"Iran, Islamic Rep.",2012,75.039,73.184,76.993,15.7,17.5,133.239,76.355,11.4,1.201,1.65,6.122,World Bank API,2026-09-30 02:09:10
2994,IRN,"Iran, Islamic Rep.",2013,75.349,73.509,77.285,15.1,16.8,130.245,74.045,10.9,1.316,1.72,5.737,World Bank API,2026-09-30 02:09:10
2995,IRN,"Iran, Islamic Rep.",2014,75.635,73.802,77.565,14.5,16.1,127.508,71.795,10.5,1.43,1.78,6.815,World Bank API,2026-09-30 02:09:10
2996,IRN,"Iran, Islamic Rep.",2015,75.907,74.072,77.84,14.0,15.5,124.94,69.55,10.0,1.095,1.79,8.382,World Bank API,2026-09-30 02:09:10
2997,IRN,"Iran, Islamic Rep.",2016,76.155,74.302,78.109,13.5,14.9,123.013,67.349,9.6,1.083,1.88,7.803,World Bank API,2026-09-30 02:09:10
2998,IRN,"Iran, Islamic Rep.",2017,76.396,74.546,78.349,13.0,14.4,120.412,65.389,9.3,1.071,1.9,7.718,World Bank API,2026-09-30 02:09:10
2999,IRN,"Iran, Islamic Rep.",2018,76.621,74.738,78.612,12.6,13.9,118.966,63.185,8.9,1.505,1.93,6.636,World Bank API,2026-09-30 02:09:10
3000,IRN,"Iran, Islamic Rep.",2019,76.855,74.987,78.832,12.1,13.4,115.996,61.302,8.6,1.505,1.85,6.234,World Bank API,2026-09-30 02:09:10
3001,IRN,"Iran, Islamic Rep.",2020,74.141,72.217,76.238,11.8,13.0,142.535,79.096,8.3,1.505,1.85,4.961,World Bank API,2026-09-30 02:09:10
3002,IRN,"Iran, Islamic Rep.",2021,73.752,71.951,75.692,11.4,12.6,156.932,97.957,8.0,1.505,1.85,4.859,World Bank API,2026-09-30 02:09:10
3003,IRN,"Iran, Islamic Rep.",2022,76.799,74.898,78.813,11.0,12.1,117.891,63.046,7.7,1.505,1.85,5.628,World Bank API,2026-09-30 02:09:10
3004,IRQ,Iraq,1990,57.587,52.294,63.373,55.6,81.4,455.766,216.107,26.8,0.603,1.66,2.997,World Bank API,2026-09-30 02:09:10
3005,IRQ,Iraq,1991,61.338,56.627,66.267,49.1,65.7,380.695,186.166,26.2,0.603,1.633,2.997,World Bank API,2026-09-30 02:09:10
3006,IRQ,Iraq,1992,65.344,61.73,68.902,43.4,51.9,287.557,159.562,25.7,0.603,1.607,2.997,World Bank API,2026-09-30 02:09:10
3007,IRQ,Iraq,1993,65.31,61.792,68.765,42.8,50.9,287.662,163.216,25.4,0.603,1.581,2.997,World Bank API,2026-09-30 02:09:10
3008,IRQ,Iraq,1994,65.027,61.63,68.356,42.2,50.0,291.977,171.313,25.2,0.592,1.555,2.997,World Bank API,2026-09-30 02:09:10
3009,IRQ,Iraq,1995,64.761,61.538,67.905,41.6,49.1,295.194,180.729,25.0,0.582,1.529,2.997,World Bank API,2026-09-30 02:09:10
3010,IRQ,Iraq,1996,64.618,61.618,67.522,41.0,48.2,294.999,189.241,24.9,0.571,1.502,2.997,World Bank API,2026-09-30 02:09:10
3011,IRQ,Iraq,1997,64.241,61.427,66.954,40.4,47.2,299.518,199.35,24.7,0.561,1.476,2.997,World Bank API,2026-09-30 02:09:10
3012,IRQ,Iraq,1998,64.405,61.807,66.886,39.8,46.3,293.775,202.9,24.4,0.55,1.45,2.997,World Bank API,2026-09-30 02:09:10
3013,IRQ,Iraq,1999,64.532,61.962,66.986,39.1,45.3,291.679,202.107,24.2,0.548,1.432,2.997,World Bank API,2026-09-30 02:09:10
3014,IRQ,Iraq,2000,64.86,62.275,67.334,38.4,44.3,286.551,196.979,23.9,0.545,1.413,2.997,World Bank API,2026-09-30 02:09:10
3015,IRQ,Iraq,2001,65.292,62.664,67.811,37.8,43.4,279.799,189.821,23.6,0.543,1.395,2.997,World Bank API,2026-09-30 02:09:10
3016,IRQ,Iraq,2002,65.724,63.114,68.224,37.1,42.5,271.75,183.44,23.2,0.581,1.377,2.997,World Bank API,2026-09-30 02:09:10
3017,IRQ,Iraq,2003,64.834,61.266,68.445,36.4,41.6,315.916,181.63,22.9,0.62,1.358,2.997,World Bank API,2026-09-30 02:09:10
3018,IRQ,Iraq,2004,64.634,60.666,68.729,35.7,40.7,331.499,178.287,22.5,0.658,1.34,3.901,World Bank API,2026-09-30 02:09:10
3019,IRQ,Iraq,2005,64.899,60.919,69.005,35.0,39.7,327.686,174.591,22.2,0.66,1.3,3.017,World Bank API,2026-09-30 02:09:10
3020,IRQ,Iraq,2006,64.029,59.259,69.133,34.3,38.8,366.76,174.592,21.7,0.594,1.32,2.494,World Bank API,2026-09-30 02:09:10
3021,IRQ,Iraq,2007,64.428,59.77,69.377,33.5,37.7,357.186,171.457,21.3,0.528,1.25,3.215,World Bank API,2026-09-30 02:09:10
3022,IRQ,Iraq,2008,66.465,63.147,69.767,32.7,36.7,283.588,163.996,20.8,0.564,1.18,3.066,World Bank API,2026-09-30 02:09:10
3023,IRQ,Iraq,2009,67.834,65.477,70.051,31.8,35.6,232.835,158.905,20.2,0.6,1.11,3.772,World Bank API,2026-09-30 02:09:10
3024,IRQ,Iraq,2010,68.092,65.796,70.248,30.9,34.5,227.514,156.502,19.6,0.636,1.1,3.24,World Bank API,2026-09-30 02:09:10
3025,IRQ,Iraq,2011,68.435,66.182,70.547,30.0,33.4,221.362,152.71,19.0,0.683,1.2,2.803,World Bank API,2026-09-30 02:09:10
3026,IRQ,Iraq,2012,68.827,66.591,70.92,29.2,32.4,214.749,147.599,18.4,0.73,1.3,2.694,World Bank API,2026-09-30 02:09:10
3027,IRQ,Iraq,2013,69.047,66.726,71.234,28.3,31.3,213.218,143.013,17.9,0.776,1.28,2.809,World Bank API,2026-09-30 02:09:10
3028,IRQ,Iraq,2014,69.679,67.439,71.776,27.5,30.3,201.376,136.237,17.3,0.823,1.1,2.788,World Bank API,2026-09-30 02:09:10
3029,IRQ,Iraq,2015,69.977,67.771,72.04,26.6,29.3,196.094,132.625,16.7,0.718,1.087,3.156,World Bank API,2026-09-30 02:09:10
3030,IRQ,Iraq,2016,68.683,65.264,72.145,25.9,28.4,254.577,134.044,16.2,0.707,1.073,4.573,World Bank API,2026-09-30 02:09:10
3031,IRQ,Iraq,2017,69.788,67.037,72.475,25.1,27.5,218.271,129.072,15.6,0.8,1.06,4.089,World Bank API,2026-09-30 02:09:10
3032,IRQ,Iraq,2018,71.116,69.229,72.842,24.3,26.5,171.731,123.279,15.1,0.676,1.06,4.076,World Bank API,2026-09-30 02:09:10
3033,IRQ,Iraq,2019,71.245,69.328,73.01,23.5,25.7,171.241,121.525,14.7,0.881,1.06,4.207,World Bank API,2026-09-30 02:09:10
3034,IRQ,Iraq,2020,69.651,66.974,72.294,22.8,24.9,202.192,123.242,14.2,0.923,1.06,5.728,World Bank API,2026-09-30 02:09:10
3035,IRQ,Iraq,2021,70.704,68.845,72.415,22.1,24.0,180.809,131.692,13.7,0.983,1.06,5.142,World Bank API,2026-09-30 02:09:10
3036,IRQ,Iraq,2022,72.037,70.109,73.798,21.4,23.3,159.52,113.097,13.3,1.022,1.06,4.332,World Bank API,2026-09-30 02:09:10
3037,ISL,Iceland,1990,78.036,75.49,80.71,5.2,6.4,116.7,78.001,3.5,2.849,16.7,8.899,World Bank API,2026-09-30 02:09:10
3038,ISL,Iceland,1991,77.992,74.87,81.27,5.0,6.2,119.289,67.9,3.3,2.847,16.3,8.899,World Bank API,2026-09-30 02:09:10
3039,ISL,Iceland,1992,78.76,76.77,80.85,4.8,5.9,93.287,60.375,3.2,2.953,15.9,8.899,World Bank API,2026-09-30 02:09:10
3040,ISL,Iceland,1993,78.935,77.12,80.84,4.6,5.7,91.447,64.043,3.0,2.953,14.8,8.899,World Bank API,2026-09-30 02:09:10
3041,ISL,Iceland,1994,79.247,77.13,81.47,4.3,5.4,95.714,68.479,2.9,2.995,14.7,8.899,World Bank API,2026-09-30 02:09:10
3042,ISL,Iceland,1995,77.984,75.96,80.11,4.1,5.2,101.019,71.737,2.7,3.024,14.6,8.899,World Bank API,2026-09-30 02:09:10
3043,ISL,Iceland,1996,78.778,76.49,81.18,3.9,4.9,95.225,58.112,2.6,3.119,13.727,8.899,World Bank API,2026-09-30 02:09:10
3044,ISL,Iceland,1997,78.885,76.3,81.6,3.7,4.6,91.988,63.985,2.4,3.26,12.853,8.899,World Bank API,2026-09-30 02:09:10
3045,ISL,Iceland,1998,79.602,77.7,81.6,3.5,4.4,84.137,55.6,2.3,3.316,11.98,8.899,World Bank API,2026-09-30 02:09:10
3046,ISL,Iceland,1999,79.351,77.4,81.4,3.3,4.1,92.711,58.701,2.2,3.381,11.107,8.899,World Bank API,2026-09-30 02:09:10
3047,ISL,Iceland,2000,79.654,77.8,81.6,3.1,3.9,98.715,59.117,2.0,3.441,10.233,8.899,World Bank API,2026-09-30 02:09:10
3048,ISL,Iceland,2001,80.69,78.3,83.2,2.9,3.7,84.97,54.194,1.9,3.473,9.36,8.753,World Bank API,2026-09-30 02:09:10
3049,ISL,Iceland,2002,80.502,78.6,82.5,2.8,3.5,82.738,54.311,1.8,3.578,8.487,9.404,World Bank API,2026-09-30 02:09:10
3050,ISL,Iceland,2003,80.963,79.5,82.5,2.6,3.3,66.85,50.724,1.7,3.615,7.613,9.729,World Bank API,2026-09-30 02:09:10
3051,ISL,Iceland,2004,80.998,78.9,83.2,2.5,3.2,73.303,50.672,1.6,4.192,6.74,9.329,World Bank API,2026-09-30 02:09:10
3052,ISL,Iceland,2005,81.502,79.6,83.5,2.4,3.1,68.893,48.853,1.6,3.612,5.867,8.947,World Bank API,2026-09-30 02:09:10
3053,ISL,Iceland,2006,81.159,79.5,82.9,2.3,2.9,76.407,53.083,1.5,3.603,4.993,8.557,World Bank API,2026-09-30 02:09:10
3054,ISL,Iceland,2007,81.454,79.6,83.4,2.2,2.8,71.115,45.538,1.4,3.612,4.12,8.354,World Bank API,2026-09-30 02:09:10
3055,ISL,Iceland,2008,81.61,80.0,83.3,2.1,2.8,63.474,39.741,1.4,3.641,3.91,8.344,World Bank API,2026-09-30 02:09:10
3056,ISL,Iceland,2009,81.751,79.8,83.8,2.1,2.7,73.242,39.946,1.4,3.647,3.7,8.775,World Bank API,2026-09-30 02:09:10
3057,ISL,Iceland,2010,81.898,79.8,84.1,2.0,2.7,71.603,36.576,1.3,3.589,3.58,8.362,World Bank API,2026-09-30 02:09:10
3058,ISL,Iceland,2011,82.359,80.7,84.1,2.0,2.6,60.652,42.839,1.3,3.504,3.29,8.255,World Bank API,2026-09-30 02:09:10
3059,ISL,Iceland,2012,82.917,81.6,84.3,2.0,2.6,68.861,34.781,1.3,3.56,3.24,8.231,World Bank API,2026-09-30 02:09:10
3060,ISL,Iceland,2013,82.061,80.5,83.7,2.0,2.6,69.338,39.289,1.3,3.606,3.22,8.227,World Bank API,2026-09-30 02:09:10
3061,ISL,Iceland,2014,82.861,81.3,84.5,2.0,2.6,70.176,42.628,1.3,3.643,3.16,8.29,World Bank API,2026-09-30 02:09:10
3062,ISL,Iceland,2015,82.468,81.2,83.8,2.0,2.6,69.504,43.667,1.3,3.773,3.12,8.131,World Bank API,2026-09-30 02:09:10
3063,ISL,Iceland,2016,82.205,80.4,84.1,2.0,2.6,67.526,38.682,1.3,3.85,3.13,8.156,World Bank API,2026-09-30 02:09:10
3064,ISL,Iceland,2017,82.661,81.1,84.3,2.0,2.7,77.83,32.866,1.3,3.872,3.06,8.324,World Bank API,2026-09-30 02:09:10
3065,ISL,Iceland,2018,82.861,81.3,84.5,2.1,2.7,71.189,41.344,1.4,3.891,2.87,8.438,World Bank API,2026-09-30 02:09:10
3066,ISL,Iceland,2019,83.163,81.7,84.7,2.1,2.8,66.799,46.022,1.4,3.892,2.8,8.64,World Bank API,2026-09-30 02:09:10
3067,ISL,Iceland,2020,83.063,81.6,84.6,2.1,2.8,69.061,43.226,1.4,4.318,2.83,9.649,World Bank API,2026-09-30 02:09:10
3068,ISL,Iceland,2021,83.166,81.8,84.6,2.1,2.9,71.482,37.313,1.4,4.377,2.83,9.721,World Bank API,2026-09-30 02:09:10
3069,ISL,Iceland,2022,82.12,80.9,83.4,2.2,2.9,67.81,41.259,1.4,4.44,2.83,9.081,World Bank API,2026-09-30 02:09:10
3070,ISR,Israel,1990,76.607,74.9,78.4,9.6,11.5,101.149,64.735,6.2,3.162,6.243,6.594,World Bank API,2026-09-30 02:09:10
3071,ISR,Israel,1991,76.759,75.1,78.5,9.2,11.0,106.634,64.927,5.8,3.298,5.97,6.594,World Bank API,2026-09-30 02:09:10
3072,ISR,Israel,1992,76.505,74.7,78.4,8.7,10.4,110.446,65.466,5.4,3.655,5.99,6.594,World Bank API,2026-09-30 02:09:10
3073,ISR,Israel,1993,77.154,75.3,79.1,8.1,9.8,105.657,60.9,5.1,3.672,6.078,6.594,World Bank API,2026-09-30 02:09:10
3074,ISR,Israel,1994,77.402,75.5,79.4,7.6,9.2,105.919,61.874,4.8,3.706,6.101,6.594,World Bank API,2026-09-30 02:09:10
3075,ISR,Israel,1995,77.451,75.5,79.5,7.2,8.7,104.587,59.12,4.5,3.704,5.98,6.594,World Bank API,2026-09-30 02:09:10
3076,ISR,Israel,1996,78.105,76.3,80.0,6.7,8.2,101.397,59.01,4.2,3.685,6.03,6.594,World Bank API,2026-09-30 02:09:10
3077,ISR,Israel,1997,78.0,76.0,80.1,6.4,7.8,101.037,56.601,4.0,3.778,6.05,6.594,World Bank API,2026-09-30 02:09:10
3078,ISR,Israel,1998,78.149,76.1,80.3,6.1,7.5,103.926,55.535,3.9,3.811,6.1,6.594,World Bank API,2026-09-30 02:09:10
3079,ISR,Israel,1999,78.659,77.0,80.4,5.8,7.2,97.204,56.126,3.7,3.728,6.12,6.594,World Bank API,2026-09-30 02:09:10
3080,ISR,Israel,2000,78.954,77.1,80.9,5.6,6.9,100.138,53.624,3.6,3.697,3.9,6.594,World Bank API,2026-09-30 02:09:10
3081,ISR,Israel,2001,79.407,77.7,81.2,5.4,6.6,97.04,52.994,3.5,3.693,3.91,6.999,World Bank API,2026-09-30 02:09:10
3082,ISR,Israel,2002,79.451,77.5,81.5,5.1,6.4,96.157,52.904,3.3,3.698,3.87,6.908,World Bank API,2026-09-30 02:09:10
3083,ISR,Israel,2003,79.649,77.6,81.8,4.9,6.1,92.035,51.029,3.1,3.699,3.97,6.85,World Bank API,2026-09-30 02:09:10
3084,ISR,Israel,2004,80.146,78.0,82.4,4.7,5.8,90.533,48.455,2.9,3.67,3.91,6.797,World Bank API,2026-09-30 02:09:10
3085,ISR,Israel,2005,80.151,78.2,82.2,4.5,5.6,89.465,49.709,2.7,3.626,3.85,6.883,World Bank API,2026-09-30 02:09:10
3086,ISR,Israel,2006,80.554,78.7,82.5,4.3,5.3,87.447,47.666,2.6,3.593,3.51,6.7,World Bank API,2026-09-30 02:09:10
3087,ISR,Israel,2007,80.505,78.7,82.4,4.1,5.1,83.867,47.404,2.5,3.558,3.46,6.673,World Bank API,2026-09-30 02:09:10
3088,ISR,Israel,2008,80.951,79.0,83.0,3.9,4.9,83.96,45.151,2.4,3.52,3.4,6.807,World Bank API,2026-09-30 02:09:10
3089,ISR,Israel,2009,81.405,79.6,83.3,3.8,4.7,78.839,45.4,2.4,3.526,3.32,6.87,World Bank API,2026-09-30 02:09:10
3090,ISR,Israel,2010,81.602,79.7,83.6,3.7,4.6,77.269,43.038,2.4,3.515,3.28,6.85,World Bank API,2026-09-30 02:09:10
3091,ISR,Israel,2011,81.656,79.9,83.5,3.5,4.4,75.336,43.868,2.3,3.52,3.27,6.806,World Bank API,2026-09-30 02:09:10
3092,ISR,Israel,2012,81.705,79.9,83.6,3.4,4.3,75.103,40.761,2.3,3.503,3.22,6.942,World Bank API,2026-09-30 02:09:10
3093,ISR,Israel,2013,82.056,80.3,83.9,3.3,4.1,74.086,41.686,2.2,3.472,3.22,6.941,World Bank API,2026-09-30 02:09:10
3094,ISR,Israel,2014,82.154,80.3,84.1,3.2,4.0,72.369,41.504,2.2,3.442,3.2,7.03,World Bank API,2026-09-30 02:09:10
3095,ISR,Israel,2015,82.051,80.1,84.1,3.1,3.9,72.927,39.921,2.1,3.431,3.15,7.021,World Bank API,2026-09-30 02:09:10
3096,ISR,Israel,2016,82.407,80.7,84.2,3.1,3.8,70.229,39.847,2.0,3.422,3.11,7.099,World Bank API,2026-09-30 02:09:10
3097,ISR,Israel,2017,82.551,80.6,84.6,3.0,3.7,69.934,38.545,2.0,3.43,3.14,7.172,World Bank API,2026-09-30 02:09:10
3098,ISR,Israel,2018,82.802,80.9,84.8,2.9,3.7,70.479,37.128,1.9,3.477,3.1,7.236,World Bank API,2026-09-30 02:09:10
3099,ISR,Israel,2019,82.805,81.0,84.7,2.9,3.6,69.139,37.275,1.9,3.521,3.1,7.207,World Bank API,2026-09-30 02:09:10
3100,ISR,Israel,2020,82.649,80.6,84.8,2.8,3.5,68.435,36.973,1.8,3.567,3.06,7.748,World Bank API,2026-09-30 02:09:10
3101,ISR,Israel,2021,82.5,80.5,84.6,2.8,3.5,70.637,37.552,1.8,3.636,3.05,7.84,World Bank API,2026-09-30 02:09:10
3102,ISR,Israel,2022,82.7,80.7,84.8,2.7,3.4,64.19,36.508,1.8,3.686,3.13,7.12,World Bank API,2026-09-30 02:09:10
3103,ITA,Italy,1990,76.971,73.8,80.3,8.4,9.7,130.512,61.131,6.4,5.494,7.2,7.547,World Bank API,2026-09-30 02:09:10
3104,ITA,Italy,1991,77.02,73.8,80.4,8.1,9.3,131.665,61.15,6.1,5.598,6.8,7.547,World Bank API,2026-09-30 02:09:10
3105,ITA,Italy,1992,77.42,74.2,80.8,7.7,8.9,127.392,59.368,5.7,5.678,6.9,7.547,World Bank API,2026-09-30 02:09:10
3106,ITA,Italy,1993,77.722,74.6,81.0,7.3,8.5,122.016,58.708,5.3,5.724,6.7,7.547,World Bank API,2026-09-30 02:09:10
3107,ITA,Italy,1994,77.922,74.8,81.2,6.8,8.0,121.501,57.841,5.0,5.784,6.6,7.547,World Bank API,2026-09-30 02:09:10
3108,ITA,Italy,1995,78.171,75.0,81.5,6.4,7.5,119.096,57.53,4.7,3.763,6.3,7.547,World Bank API,2026-09-30 02:09:10
3109,ITA,Italy,1996,78.522,75.4,81.8,6.0,7.0,114.728,56.588,4.5,3.878,6.5,7.547,World Bank API,2026-09-30 02:09:10
3110,ITA,Italy,1997,78.824,75.8,82.0,5.6,6.6,110.152,53.817,4.2,3.975,5.9,7.547,World Bank API,2026-09-30 02:09:10
3111,ITA,Italy,1998,78.976,76.0,82.1,5.3,6.2,107.652,53.88,3.9,4.049,5.5,7.547,World Bank API,2026-09-30 02:09:10
3112,ITA,Italy,1999,79.424,76.4,82.6,5.0,5.9,104.959,50.984,3.7,4.094,4.9,7.547,World Bank API,2026-09-30 02:09:10
3113,ITA,Italy,2000,79.778,76.9,82.8,4.7,5.6,101.334,50.685,3.5,3.424,4.68,7.547,World Bank API,2026-09-30 02:09:10
3114,ITA,Italy,2001,80.127,77.2,83.2,4.5,5.3,99.546,49.701,3.3,3.487,4.59,7.711,World Bank API,2026-09-30 02:09:10
3115,ITA,Italy,2002,80.229,77.4,83.2,4.3,5.1,95.823,49.132,3.1,9.344,4.41,7.836,World Bank API,2026-09-30 02:09:10
3116,ITA,Italy,2003,79.983,77.3,82.8,4.1,4.8,92.252,47.785,2.9,3.604,4.15,7.807,World Bank API,2026-09-30 02:09:10
3117,ITA,Italy,2004,80.78,78.0,83.7,3.9,4.6,86.984,45.005,2.8,3.667,3.99,8.137,World Bank API,2026-09-30 02:09:10
3118,ITA,Italy,2005,80.783,78.1,83.6,3.8,4.5,84.367,44.227,2.7,3.687,4.01,8.309,World Bank API,2026-09-30 02:09:10
3119,ITA,Italy,2006,81.283,78.6,84.1,3.7,4.3,82.97,42.889,2.6,3.685,3.95,8.398,World Bank API,2026-09-30 02:09:10
3120,ITA,Italy,2007,81.434,78.8,84.2,3.6,4.2,80.536,42.18,2.5,3.752,3.86,8.102,World Bank API,2026-09-30 02:09:10
3121,ITA,Italy,2008,81.485,78.9,84.2,3.5,4.1,78.548,41.691,2.5,3.74,3.74,8.502,World Bank API,2026-09-30 02:09:10
3122,ITA,Italy,2009,81.637,79.1,84.3,3.4,4.1,76.375,41.986,2.4,3.739,3.64,8.913,World Bank API,2026-09-30 02:09:10
3123,ITA,Italy,2010,82.037,79.5,84.7,3.4,4.0,73.052,40.179,2.4,3.763,3.59,8.879,World Bank API,2026-09-30 02:09:10
3124,ITA,Italy,2011,82.188,79.7,84.8,3.3,3.9,71.981,40.474,2.4,3.835,3.46,8.729,World Bank API,2026-09-30 02:09:10
3125,ITA,Italy,2012,82.239,79.8,84.8,3.2,3.8,70.629,39.692,2.3,3.81,3.37,8.798,World Bank API,2026-09-30 02:09:10
3126,ITA,Italy,2013,82.69,80.3,85.2,3.1,3.7,67.898,38.636,2.2,3.873,3.29,8.79,World Bank API,2026-09-30 02:09:10
3127,ITA,Italy,2014,83.09,80.7,85.6,3.1,3.6,66.055,37.507,2.2,3.888,3.22,8.859,World Bank API,2026-09-30 02:09:10
3128,ITA,Italy,2015,82.544,80.3,84.9,3.0,3.5,67.307,38.602,2.1,3.848,3.2,8.846,World Bank API,2026-09-30 02:09:10
3129,ITA,Italy,2016,83.244,81.0,85.6,2.9,3.4,64.479,37.329,2.1,3.963,3.18,8.72,World Bank API,2026-09-30 02:09:10
3130,ITA,Italy,2017,82.946,80.8,85.2,2.8,3.3,66.516,37.797,2.0,3.999,3.19,8.691,World Bank API,2026-09-30 02:09:10
3131,ITA,Italy,2018,83.346,81.2,85.6,2.7,3.2,63.213,36.495,1.9,3.987,3.15,8.655,World Bank API,2026-09-30 02:09:10
3132,ITA,Italy,2019,83.498,81.4,85.7,2.6,3.1,61.477,35.524,1.8,4.024,3.14,8.615,World Bank API,2026-09-30 02:09:10
3133,ITA,Italy,2020,82.195,80.0,84.5,2.5,3.0,66.444,37.48,1.8,3.97,3.16,9.564,World Bank API,2026-09-30 02:09:10
3134,ITA,Italy,2021,82.646,80.5,84.9,2.5,2.9,67.426,37.941,1.8,4.064,3.09,9.282,World Bank API,2026-09-30 02:09:10
3135,ITA,Italy,2022,82.7,80.7,84.8,2.4,2.8,64.687,36.619,1.8,4.191,3.06,8.85,World Bank API,2026-09-30 02:09:10
3136,JAM,Jamaica,1990,71.705,70.648,72.709,24.7,28.0,156.492,133.167,18.4,0.57,2.2,5.979,World Bank API,2026-09-30 02:09:10
3137,JAM,Jamaica,1991,71.787,70.674,72.847,24.1,27.3,156.863,131.883,18.2,0.537,2.167,5.979,World Bank API,2026-09-30 02:09:10
3138,JAM,Jamaica,1992,71.816,70.636,72.946,23.5,26.5,158.587,131.551,17.9,0.505,2.134,5.979,World Bank API,2026-09-30 02:09:10
3139,JAM,Jamaica,1993,71.758,70.482,72.984,22.9,25.8,162.091,132.224,17.7,0.472,2.1,5.979,World Bank API,2026-09-30 02:09:10
3140,JAM,Jamaica,1994,71.624,70.275,72.933,22.3,25.0,166.751,133.401,17.4,0.521,2.1,5.979,World Bank API,2026-09-30 02:09:10
3141,JAM,Jamaica,1995,71.488,70.038,72.897,21.7,24.3,169.623,134.601,17.2,0.57,2.1,5.979,World Bank API,2026-09-30 02:09:10
3142,JAM,Jamaica,1996,71.328,69.817,72.811,21.0,23.4,176.331,136.913,16.9,0.605,2.12,5.979,World Bank API,2026-09-30 02:09:10
3143,JAM,Jamaica,1997,71.216,69.608,72.808,20.3,22.6,181.007,137.873,16.7,0.64,2.088,5.979,World Bank API,2026-09-30 02:09:10
3144,JAM,Jamaica,1998,71.17,69.48,72.856,19.6,21.9,185.066,137.997,16.5,0.674,2.055,5.979,World Bank API,2026-09-30 02:09:10
3145,JAM,Jamaica,1999,71.189,69.428,72.956,19.0,21.1,187.484,137.227,16.3,0.709,2.023,5.979,World Bank API,2026-09-30 02:09:10
3146,JAM,Jamaica,2000,71.281,69.474,73.104,18.5,20.5,187.777,135.562,16.0,0.744,1.991,5.979,World Bank API,2026-09-30 02:09:10
3147,JAM,Jamaica,2001,71.287,69.384,73.217,18.0,20.0,190.066,134.004,15.7,0.778,1.958,5.157,World Bank API,2026-09-30 02:09:10
3148,JAM,Jamaica,2002,71.478,69.529,73.46,17.7,19.6,188.194,131.022,15.5,0.813,1.926,5.579,World Bank API,2026-09-30 02:09:10
3149,JAM,Jamaica,2003,71.585,69.507,73.713,17.5,19.3,189.559,127.594,15.4,0.848,1.894,4.992,World Bank API,2026-09-30 02:09:10
3150,JAM,Jamaica,2004,71.542,69.357,73.793,17.4,19.1,192.489,126.469,15.3,0.759,1.862,5.838,World Bank API,2026-09-30 02:09:10
3151,JAM,Jamaica,2005,71.493,69.125,73.956,17.3,19.1,197.115,125.084,15.3,0.671,1.829,5.821,World Bank API,2026-09-30 02:09:10
3152,JAM,Jamaica,2006,71.395,68.941,73.952,17.3,19.1,201.498,124.792,15.3,0.582,1.797,5.51,World Bank API,2026-09-30 02:09:10
3153,JAM,Jamaica,2007,71.405,68.859,74.065,17.4,19.1,203.347,123.023,15.3,0.494,1.765,6.191,World Bank API,2026-09-30 02:09:10
3154,JAM,Jamaica,2008,71.502,68.954,74.158,17.4,19.1,201.112,121.556,15.2,0.405,1.732,6.655,World Bank API,2026-09-30 02:09:10
3155,JAM,Jamaica,2009,71.717,69.214,74.311,17.4,19.1,195.893,119.221,15.1,0.394,1.7,6.37,World Bank API,2026-09-30 02:09:10
3156,JAM,Jamaica,2010,71.979,69.58,74.44,17.4,19.0,189.061,117.53,15.0,0.384,1.81,6.442,World Bank API,2026-09-30 02:09:10
3157,JAM,Jamaica,2011,72.245,69.951,74.579,17.3,19.0,181.939,115.892,14.9,0.374,1.8,6.523,World Bank API,2026-09-30 02:09:10
3158,JAM,Jamaica,2012,72.405,70.227,74.602,17.3,18.9,176.554,115.595,14.8,0.363,1.79,6.186,World Bank API,2026-09-30 02:09:10
3159,JAM,Jamaica,2013,72.435,70.34,74.536,17.3,18.9,174.485,116.502,14.7,0.48,1.68,6.285,World Bank API,2026-09-30 02:09:10
3160,JAM,Jamaica,2014,72.357,70.276,74.441,17.2,18.8,175.897,117.825,14.5,0.391,1.68,6.287,World Bank API,2026-09-30 02:09:10
3161,JAM,Jamaica,2015,72.214,70.1,74.332,17.2,18.7,179.589,119.249,14.3,0.428,1.71,6.615,World Bank API,2026-09-30 02:09:10
3162,JAM,Jamaica,2016,72.052,69.878,74.233,17.1,18.7,184.195,120.633,14.1,0.471,1.73,6.59,World Bank API,2026-09-30 02:09:10
3163,JAM,Jamaica,2017,71.879,69.63,74.14,17.2,18.7,188.991,122.058,14.0,0.51,1.71,6.985,World Bank API,2026-09-30 02:09:10
3164,JAM,Jamaica,2018,71.606,69.204,74.038,17.2,18.7,197.139,123.131,14.0,0.548,1.69,6.839,World Bank API,2026-09-30 02:09:10
3165,JAM,Jamaica,2019,71.532,69.085,74.008,17.2,18.8,199.149,123.685,14.1,0.548,1.72,6.969,World Bank API,2026-09-30 02:09:10
3166,JAM,Jamaica,2020,71.452,68.925,74.014,17.2,18.7,203.346,123.47,14.2,0.548,1.71,7.476,World Bank API,2026-09-30 02:09:10
3167,JAM,Jamaica,2021,69.085,66.744,71.477,17.1,18.6,237.317,154.238,14.1,0.548,1.67,8.003,World Bank API,2026-09-30 02:09:10
3168,JAM,Jamaica,2022,71.481,68.997,73.979,16.9,18.4,200.585,123.461,14.0,0.548,1.71,8.653,World Bank API,2026-09-30 02:09:10
3169,JOR,Jordan,1990,70.094,68.627,71.608,30.9,35.6,171.02,131.439,19.7,1.348,1.798,9.344,World Bank API,2026-09-30 02:09:10
3170,JOR,Jordan,1991,70.24,68.748,71.868,29.9,34.3,170.108,128.709,19.0,1.348,1.756,9.344,World Bank API,2026-09-30 02:09:10
3171,JOR,Jordan,1992,70.4,68.856,72.112,29.0,33.2,169.464,126.223,18.5,1.44,1.714,9.344,World Bank API,2026-09-30 02:09:10
3172,JOR,Jordan,1993,70.568,68.994,72.34,28.1,32.1,168.3,123.946,18.0,1.533,1.672,9.344,World Bank API,2026-09-30 02:09:10
3173,JOR,Jordan,1994,70.738,69.105,72.605,27.2,31.1,167.365,121.27,17.5,1.625,1.63,9.344,World Bank API,2026-09-30 02:09:10
3174,JOR,Jordan,1995,70.915,69.242,72.848,26.4,30.1,166.007,118.827,17.1,1.637,1.687,9.344,World Bank API,2026-09-30 02:09:10
3175,JOR,Jordan,1996,71.105,69.391,73.097,25.7,29.2,164.319,116.27,16.7,1.648,1.743,9.344,World Bank API,2026-09-30 02:09:10
3176,JOR,Jordan,1997,71.324,69.561,73.378,24.9,28.3,162.192,113.365,16.3,1.66,1.8,9.344,World Bank API,2026-09-30 02:09:10
3177,JOR,Jordan,1998,71.521,69.746,73.586,24.2,27.5,159.826,111.215,16.0,0.947,1.783,9.344,World Bank API,2026-09-30 02:09:10
3178,JOR,Jordan,1999,71.737,69.936,73.829,23.5,26.6,157.319,108.738,15.7,1.836,1.767,9.344,World Bank API,2026-09-30 02:09:10
3179,JOR,Jordan,2000,71.926,70.064,74.09,22.8,25.8,155.512,106.129,15.4,1.778,1.75,9.344,World Bank API,2026-09-30 02:09:10
3180,JOR,Jordan,2001,72.141,70.284,74.292,22.1,25.0,152.495,104.128,15.0,1.933,1.733,9.572,World Bank API,2026-09-30 02:09:10
3181,JOR,Jordan,2002,72.359,70.501,74.506,21.5,24.2,149.526,102.069,14.7,2.086,1.717,9.279,World Bank API,2026-09-30 02:09:10
3182,JOR,Jordan,2003,72.585,70.712,74.749,20.8,23.5,146.654,99.761,14.3,2.155,1.7,8.789,World Bank API,2026-09-30 02:09:10
3183,JOR,Jordan,2004,72.788,70.92,74.942,20.2,22.7,143.851,97.962,13.9,1.938,1.67,8.747,World Bank API,2026-09-30 02:09:10
3184,JOR,Jordan,2005,72.977,71.082,75.169,19.6,22.0,141.843,95.913,13.5,2.141,1.68,8.494,World Bank API,2026-09-30 02:09:10
3185,JOR,Jordan,2006,73.225,71.321,75.431,19.0,21.3,138.589,93.609,13.0,2.136,1.71,7.679,World Bank API,2026-09-30 02:09:10
3186,JOR,Jordan,2007,73.407,71.499,75.622,18.5,20.7,136.338,92.008,12.5,2.238,1.62,7.91,World Bank API,2026-09-30 02:09:10
3187,JOR,Jordan,2008,73.563,71.668,75.764,18.0,20.1,134.282,90.892,12.1,2.085,1.6,8.489,World Bank API,2026-09-30 02:09:10
3188,JOR,Jordan,2009,73.707,71.792,75.938,17.5,19.5,132.905,89.539,11.7,2.055,1.59,9.224,World Bank API,2026-09-30 02:09:10
3189,JOR,Jordan,2010,73.797,71.891,76.02,17.0,18.9,132.012,89.048,11.3,2.222,1.61,8.17,World Bank API,2026-09-30 02:09:10
3190,JOR,Jordan,2011,73.929,72.001,76.183,16.6,18.4,130.882,87.795,11.0,2.261,1.6,8.148,World Bank API,2026-09-30 02:09:10
3191,JOR,Jordan,2012,74.087,72.149,76.359,16.2,17.9,129.143,86.346,10.6,2.301,1.6,7.818,World Bank API,2026-09-30 02:09:10
3192,JOR,Jordan,2013,74.282,72.333,76.569,15.8,17.4,126.715,84.533,10.3,2.34,1.51,7.166,World Bank API,2026-09-30 02:09:10
3193,JOR,Jordan,2014,74.606,72.662,76.873,15.4,17.0,122.268,81.822,10.0,2.236,1.41,7.209,World Bank API,2026-09-30 02:09:10
3194,JOR,Jordan,2015,75.06,73.125,77.295,15.0,16.5,116.073,78.049,9.7,2.726,1.38,7.461,World Bank API,2026-09-30 02:09:10
3195,JOR,Jordan,2016,75.55,73.586,77.814,14.7,16.1,110.424,73.741,9.4,2.474,1.37,6.976,World Bank API,2026-09-30 02:09:10
3196,JOR,Jordan,2017,76.071,74.068,78.378,14.3,15.7,104.27,69.312,9.1,2.222,1.45,7.11,World Bank API,2026-09-30 02:09:10
3197,JOR,Jordan,2018,76.491,74.456,78.834,14.0,15.3,99.518,65.861,8.9,2.37,1.41,6.983,World Bank API,2026-09-30 02:09:10
3198,JOR,Jordan,2019,76.865,74.806,79.231,13.7,14.9,95.697,63.064,8.6,2.519,1.36,7.072,World Bank API,2026-09-30 02:09:10
3199,JOR,Jordan,2020,75.583,73.371,78.252,13.3,14.5,107.996,69.628,8.3,2.63,1.38,7.546,World Bank API,2026-09-30 02:09:10
3200,JOR,Jordan,2021,74.204,72.167,76.645,13.0,14.1,130.025,86.851,8.1,2.74,1.39,7.697,World Bank API,2026-09-30 02:09:10
3201,JOR,Jordan,2022,77.088,75.029,79.433,12.6,13.7,94.36,62.336,7.9,2.851,1.42,7.736,World Bank API,2026-09-30 02:09:10
3202,JPN,Japan,1990,78.837,75.92,81.9,4.6,6.3,108.856,53.481,2.5,1.653,15.6,7.035,World Bank API,2026-09-30 02:09:10
3203,JPN,Japan,1991,79.037,76.11,82.11,4.5,6.2,107.299,53.069,2.5,1.678,15.6,7.035,World Bank API,2026-09-30 02:09:10
3204,JPN,Japan,1992,79.08,76.09,82.22,4.4,6.1,106.506,52.54,2.4,1.703,15.6,7.035,World Bank API,2026-09-30 02:09:10
3205,JPN,Japan,1993,79.304,76.25,82.51,4.4,6.0,104.812,51.547,2.3,1.736,15.6,7.035,World Bank API,2026-09-30 02:09:10
3206,JPN,Japan,1994,79.697,76.57,82.98,4.3,5.9,101.252,50.013,2.2,1.77,15.5,7.035,World Bank API,2026-09-30 02:09:10
3207,JPN,Japan,1995,79.536,76.38,82.85,4.1,5.7,102.39,51.736,2.2,1.804,15.4,7.035,World Bank API,2026-09-30 02:09:10
3208,JPN,Japan,1996,80.22,77.01,83.59,4.0,5.5,98.684,49.269,2.1,1.837,15.2,7.035,World Bank API,2026-09-30 02:09:10
3209,JPN,Japan,1997,80.424,77.19,83.82,3.8,5.2,97.487,48.744,2.0,1.862,15.1,7.035,World Bank API,2026-09-30 02:09:10
3210,JPN,Japan,1998,80.501,77.16,84.01,3.6,5.0,100.708,49.129,1.9,1.887,15.0,7.035,World Bank API,2026-09-30 02:09:10
3211,JPN,Japan,1999,80.461,77.1,83.99,3.4,4.7,101.712,48.95,1.8,1.909,14.8,7.035,World Bank API,2026-09-30 02:09:10
3212,JPN,Japan,2000,81.076,77.72,84.6,3.3,4.5,98.382,47.678,1.8,1.931,14.67,7.035,World Bank API,2026-09-30 02:09:10
3213,JPN,Japan,2001,81.416,78.07,84.93,3.1,4.3,96.695,46.442,1.7,1.954,14.59,7.239,World Bank API,2026-09-30 02:09:10
3214,JPN,Japan,2002,81.691,78.32,85.23,3.0,4.1,95.051,45.427,1.7,1.976,14.43,7.352,World Bank API,2026-09-30 02:09:10
3215,JPN,Japan,2003,81.76,78.36,85.33,2.9,4.0,95.879,44.965,1.6,2.002,14.26,7.487,World Bank API,2026-09-30 02:09:10
3216,JPN,Japan,2004,82.03,78.64,85.59,2.8,3.9,92.677,45.393,1.5,2.029,14.18,7.535,World Bank API,2026-09-30 02:09:10
3217,JPN,Japan,2005,81.955,78.56,85.52,2.7,3.7,92.668,45.07,1.4,2.056,14.06,7.658,World Bank API,2026-09-30 02:09:10
3218,JPN,Japan,2006,82.322,79.0,85.81,2.7,3.6,89.142,44.117,1.3,2.082,13.96,7.687,World Bank API,2026-09-30 02:09:10
3219,JPN,Japan,2007,82.507,79.19,85.99,2.6,3.5,87.189,43.235,1.3,2.114,13.86,7.779,World Bank API,2026-09-30 02:09:10
3220,JPN,Japan,2008,82.588,79.29,86.05,2.5,3.4,85.382,42.722,1.2,2.146,13.7,8.089,World Bank API,2026-09-30 02:09:10
3221,JPN,Japan,2009,82.931,79.59,86.44,2.5,3.4,84.429,41.645,1.2,2.179,13.6,8.959,World Bank API,2026-09-30 02:09:10
3222,JPN,Japan,2010,82.843,79.55,86.3,2.4,3.3,82.824,41.443,1.1,2.212,13.5,9.063,World Bank API,2026-09-30 02:09:10
3223,JPN,Japan,2011,82.591,79.44,85.9,2.3,3.3,83.291,45.256,1.1,2.248,13.37,10.488,World Bank API,2026-09-30 02:09:10
3224,JPN,Japan,2012,83.096,79.94,86.41,2.2,3.1,77.023,39.817,1.0,2.283,13.32,10.672,World Bank API,2026-09-30 02:09:10
3225,JPN,Japan,2013,83.332,80.21,86.61,2.2,3.0,75.083,39.211,1.0,2.318,13.27,10.674,World Bank API,2026-09-30 02:09:10
3226,JPN,Japan,2014,83.588,80.5,86.83,2.1,2.9,72.613,38.752,1.0,2.354,13.18,10.729,World Bank API,2026-09-30 02:09:10
3227,JPN,Japan,2015,83.794,80.75,86.99,2.0,2.8,70.19,37.142,0.9,2.388,13.15,10.75,World Bank API,2026-09-30 02:09:10
3228,JPN,Japan,2016,83.985,80.98,87.14,2.0,2.7,68.747,36.993,0.9,2.423,13.09,10.659,World Bank API,2026-09-30 02:09:10
3229,JPN,Japan,2017,84.1,81.09,87.26,1.9,2.6,66.614,35.709,0.9,2.454,13.01,10.656,World Bank API,2026-09-30 02:09:10
3230,JPN,Japan,2018,84.211,81.25,87.32,1.9,2.5,65.299,35.783,0.9,2.485,12.93,10.74,World Bank API,2026-09-30 02:09:10
3231,JPN,Japan,2019,84.356,81.41,87.45,1.8,2.5,64.385,35.483,0.8,2.538,12.79,10.97,World Bank API,2026-09-30 02:09:10
3232,JPN,Japan,2020,84.56,81.56,87.71,1.8,2.4,64.557,35.611,0.8,2.592,12.62,11.45,World Bank API,2026-09-30 02:09:10
3233,JPN,Japan,2021,84.446,81.47,87.57,1.8,2.4,64.42,35.671,0.8,2.62,12.6,12.081,World Bank API,2026-09-30 02:09:10
3234,JPN,Japan,2022,83.996,81.05,87.09,1.8,2.4,65.128,36.835,0.8,2.649,12.59,12.323,World Bank API,2026-09-30 02:09:10
3235,KAZ,Kazakhstan,1990,65.701,61.154,70.022,44.3,51.1,320.472,144.214,22.3,3.864,13.666,4.16,World Bank API,2026-09-30 02:09:10
3236,KAZ,Kazakhstan,1991,65.379,60.682,69.922,44.0,50.8,333.903,147.945,22.5,3.734,13.709,4.16,World Bank API,2026-09-30 02:09:10
3237,KAZ,Kazakhstan,1992,64.978,60.12,69.766,44.2,51.1,349.317,152.463,22.9,3.825,13.462,4.16,World Bank API,2026-09-30 02:09:10
3238,KAZ,Kazakhstan,1993,64.538,59.517,69.575,44.6,51.7,365.847,157.578,23.5,3.732,13.167,4.16,World Bank API,2026-09-30 02:09:10
3239,KAZ,Kazakhstan,1994,64.108,58.93,69.388,44.9,52.1,382.475,162.915,24.1,3.573,12.145,4.16,World Bank API,2026-09-30 02:09:10
3240,KAZ,Kazakhstan,1995,63.717,58.397,69.209,44.6,51.9,398.188,168.337,24.5,3.594,11.65,4.16,World Bank API,2026-09-30 02:09:10
3241,KAZ,Kazakhstan,1996,63.455,58.006,69.137,43.7,51.0,411.545,172.63,24.7,3.53,10.33,4.16,World Bank API,2026-09-30 02:09:10
3242,KAZ,Kazakhstan,1997,63.318,57.773,69.132,42.2,49.3,421.395,176.044,24.7,3.241,8.45,4.16,World Bank API,2026-09-30 02:09:10
3243,KAZ,Kazakhstan,1998,63.349,57.742,69.227,40.3,47.1,426.582,177.911,24.5,3.399,8.19,4.16,World Bank API,2026-09-30 02:09:10
3244,KAZ,Kazakhstan,1999,63.528,57.885,69.413,38.1,44.7,427.59,178.26,24.1,3.271,7.25,4.16,World Bank API,2026-09-30 02:09:10
3245,KAZ,Kazakhstan,2000,63.793,58.144,69.665,35.8,42.1,425.655,177.419,23.6,3.158,6.9,4.16,World Bank API,2026-09-30 02:09:10
3246,KAZ,Kazakhstan,2001,64.108,58.464,69.963,33.6,39.6,422.012,175.679,23.0,3.293,6.65,3.471,World Bank API,2026-09-30 02:09:10
3247,KAZ,Kazakhstan,2002,64.441,58.793,70.284,31.5,37.2,417.901,173.346,22.4,3.427,6.66,3.615,World Bank API,2026-09-30 02:09:10
3248,KAZ,Kazakhstan,2003,64.753,59.084,70.614,29.6,35.1,414.48,170.713,21.5,3.468,7.29,3.723,World Bank API,2026-09-30 02:09:10
3249,KAZ,Kazakhstan,2004,65.04,59.337,70.943,27.7,33.0,411.714,167.913,20.6,3.455,7.36,3.983,World Bank API,2026-09-30 02:09:10
3250,KAZ,Kazakhstan,2005,65.356,59.616,71.311,25.9,31.0,408.259,164.482,19.6,3.476,7.36,3.902,World Bank API,2026-09-30 02:09:10
3251,KAZ,Kazakhstan,2006,65.722,59.959,71.705,24.1,28.9,403.106,160.591,18.5,3.572,7.39,3.398,World Bank API,2026-09-30 02:09:10
3252,KAZ,Kazakhstan,2007,66.18,60.421,72.146,22.3,26.8,395.036,156.004,17.0,3.53,7.35,2.703,World Bank API,2026-09-30 02:09:10
3253,KAZ,Kazakhstan,2008,66.759,61.052,72.642,20.4,24.7,382.988,150.618,15.3,3.588,7.36,3.026,World Bank API,2026-09-30 02:09:10
3254,KAZ,Kazakhstan,2009,67.46,61.861,73.195,18.5,22.5,366.809,144.482,13.5,3.65,7.3,3.474,World Bank API,2026-09-30 02:09:10
3255,KAZ,Kazakhstan,2010,68.257,62.785,73.776,16.7,20.4,348.036,137.939,11.8,3.791,7.07,2.736,World Bank API,2026-09-30 02:09:10
3256,KAZ,Kazakhstan,2011,69.108,63.778,74.382,14.9,18.3,328.074,131.181,10.2,3.815,6.89,2.602,World Bank API,2026-09-30 02:09:10
3257,KAZ,Kazakhstan,2012,69.939,64.762,74.971,13.3,16.3,308.476,124.576,8.7,3.786,6.53,3.037,World Bank API,2026-09-30 02:09:10
3258,KAZ,Kazakhstan,2013,70.719,65.688,75.526,11.7,14.5,290.36,118.31,7.3,3.832,6.12,2.663,World Bank API,2026-09-30 02:09:10
3259,KAZ,Kazakhstan,2014,71.415,66.513,76.031,10.5,13.0,274.538,112.546,6.2,3.865,5.91,2.975,World Bank API,2026-09-30 02:09:10
3260,KAZ,Kazakhstan,2015,72.024,67.234,76.482,9.5,11.9,260.95,107.306,5.5,3.726,5.67,3.041,World Bank API,2026-09-30 02:09:10
3261,KAZ,Kazakhstan,2016,72.549,67.854,76.876,8.8,11.0,249.331,102.59,5.0,3.707,5.45,3.422,World Bank API,2026-09-30 02:09:10
3262,KAZ,Kazakhstan,2017,72.996,68.383,77.215,8.4,10.5,239.429,98.389,4.8,3.6,5.33,3.052,World Bank API,2026-09-30 02:09:10
3263,KAZ,Kazakhstan,2018,73.369,68.828,77.503,8.2,10.3,231.022,94.693,4.7,3.531,5.2,2.901,World Bank API,2026-09-30 02:09:10
3264,KAZ,Kazakhstan,2019,73.658,69.198,77.743,8.1,10.2,223.888,91.488,4.7,3.62,5.01,2.871,World Bank API,2026-09-30 02:09:10
3265,KAZ,Kazakhstan,2020,71.195,66.811,75.468,8.0,10.1,258.227,114.047,4.8,3.663,6.54,3.831,World Bank API,2026-09-30 02:09:10
3266,KAZ,Kazakhstan,2021,70.131,66.147,74.07,7.9,10.0,263.563,120.955,4.8,3.711,6.54,3.987,World Bank API,2026-09-30 02:09:10
3267,KAZ,Kazakhstan,2022,73.503,68.986,77.752,7.7,9.8,227.435,95.23,4.6,3.719,6.54,3.746,World Bank API,2026-09-30 02:09:10
3268,KEN,Kenya,1990,58.334,56.614,60.006,67.5,101.4,341.879,285.062,26.7,0.138,1.647,3.625,World Bank API,2026-09-30 02:09:10
3269,KEN,Kenya,1991,57.826,56.113,59.489,69.1,104.4,351.263,294.885,26.4,0.138,1.63,3.625,World Bank API,2026-09-30 02:09:10
3270,KEN,Kenya,1992,57.095,55.343,58.798,70.4,107.1,368.363,309.308,26.3,0.138,1.612,3.625,World Bank API,2026-09-30 02:09:10
3271,KEN,Kenya,1993,56.668,55.066,58.214,71.2,109.0,372.873,322.319,26.3,0.138,1.594,3.625,World Bank API,2026-09-30 02:09:10
3272,KEN,Kenya,1994,56.101,54.759,57.379,71.3,109.7,379.918,343.35,26.3,0.135,1.577,3.625,World Bank API,2026-09-30 02:09:10
3273,KEN,Kenya,1995,55.856,54.772,56.872,70.9,109.3,379.711,357.386,26.4,0.132,1.559,3.625,World Bank API,2026-09-30 02:09:10
3274,KEN,Kenya,1996,55.575,54.819,56.263,70.2,108.0,380.517,375.967,26.5,0.133,1.541,3.625,World Bank API,2026-09-30 02:09:10
3275,KEN,Kenya,1997,55.478,54.719,56.168,69.1,105.9,387.066,382.153,26.6,0.134,1.524,3.625,World Bank API,2026-09-30 02:09:10
3276,KEN,Kenya,1998,55.568,54.749,56.315,67.7,103.0,391.762,383.465,26.6,0.135,1.506,3.625,World Bank API,2026-09-30 02:09:10
3277,KEN,Kenya,1999,55.866,55.033,56.624,66.0,99.5,392.514,383.533,26.5,0.135,1.488,3.625,World Bank API,2026-09-30 02:09:10
3278,KEN,Kenya,2000,56.084,55.332,56.76,63.7,95.2,393.626,390.387,26.3,0.136,1.471,3.625,World Bank API,2026-09-30 02:09:10
3279,KEN,Kenya,2001,56.501,55.665,57.261,61.2,90.5,394.561,384.892,26.1,0.137,1.453,3.74,World Bank API,2026-09-30 02:09:10
3280,KEN,Kenya,2002,56.759,55.841,57.605,58.3,85.6,403.302,386.799,25.8,0.138,1.435,3.822,World Bank API,2026-09-30 02:09:10
3281,KEN,Kenya,2003,57.369,56.481,58.18,55.5,80.8,395.414,382.011,25.5,0.143,1.418,4.034,World Bank API,2026-09-30 02:09:10
3282,KEN,Kenya,2004,57.947,56.967,58.853,52.6,76.1,392.508,374.474,25.1,0.148,1.4,4.212,World Bank API,2026-09-30 02:09:10
3283,KEN,Kenya,2005,58.51,57.433,59.517,49.5,71.2,390.718,366.961,24.7,0.154,1.4,4.217,World Bank API,2026-09-30 02:09:10
3284,KEN,Kenya,2006,59.059,57.83,60.229,47.0,66.8,389.598,357.357,24.3,0.159,1.4,5.013,World Bank API,2026-09-30 02:09:10
3285,KEN,Kenya,2007,59.407,57.97,60.81,45.0,62.9,395.587,350.759,24.0,0.164,1.4,5.124,World Bank API,2026-09-30 02:09:10
3286,KEN,Kenya,2008,59.955,58.428,61.455,42.6,58.0,390.293,341.415,23.7,0.169,1.4,5.191,World Bank API,2026-09-30 02:09:10
3287,KEN,Kenya,2009,60.483,58.894,62.052,42.1,55.2,385.111,332.862,23.5,0.171,1.4,5.292,World Bank API,2026-09-30 02:09:10
3288,KEN,Kenya,2010,60.915,59.246,62.575,41.5,53.1,381.68,324.581,23.4,0.171,1.4,5.388,World Bank API,2026-09-30 02:09:10
3289,KEN,Kenya,2011,61.283,59.513,63.057,41.0,51.7,379.628,316.788,23.3,0.177,1.392,5.202,World Bank API,2026-09-30 02:09:10
3290,KEN,Kenya,2012,61.537,59.718,63.37,41.1,50.7,377.807,312.581,23.3,0.184,1.384,5.018,World Bank API,2026-09-30 02:09:10
3291,KEN,Kenya,2013,61.729,59.867,63.615,40.7,49.4,376.978,308.951,23.3,0.193,1.377,4.931,World Bank API,2026-09-30 02:09:10
3292,KEN,Kenya,2014,61.99,60.052,63.969,40.0,48.3,375.296,303.543,23.3,0.199,1.369,4.913,World Bank API,2026-09-30 02:09:10
3293,KEN,Kenya,2015,62.279,60.27,64.344,38.9,46.8,372.268,296.64,23.2,0.189,1.361,4.764,World Bank API,2026-09-30 02:09:10
3294,KEN,Kenya,2016,62.526,60.455,64.669,38.4,45.5,370.23,291.12,23.1,0.18,1.353,4.754,World Bank API,2026-09-30 02:09:10
3295,KEN,Kenya,2017,62.725,60.599,64.933,38.2,44.7,368.645,286.832,22.8,0.17,1.346,3.986,World Bank API,2026-09-30 02:09:10
3296,KEN,Kenya,2018,62.825,60.728,65.003,37.5,43.7,367.198,287.334,22.6,0.16,1.338,4.099,World Bank API,2026-09-30 02:09:10
3297,KEN,Kenya,2019,62.939,60.859,65.1,37.0,42.7,365.562,286.994,22.3,0.117,1.33,4.369,World Bank API,2026-09-30 02:09:10
3298,KEN,Kenya,2020,61.596,59.145,64.24,36.5,42.1,377.431,293.733,22.0,0.074,1.33,4.492,World Bank API,2026-09-30 02:09:10
3299,KEN,Kenya,2021,61.225,58.968,63.636,36.0,41.3,374.89,295.126,21.7,0.098,1.33,4.57,World Bank API,2026-09-30 02:09:10
3300,KEN,Kenya,2022,63.549,61.324,65.869,35.5,40.5,358.362,274.323,21.4,0.236,1.33,4.322,World Bank API,2026-09-30 02:09:10
3301,KGZ,Kyrgyz Republic,1990,68.298,64.2,72.6,56.2,64.5,314.408,157.24,24.1,3.373,11.977,4.414,World Bank API,2026-09-30 02:09:10
3302,KGZ,Kyrgyz Republic,1991,68.551,64.6,72.7,56.3,64.7,314.826,156.609,24.4,3.388,12.058,4.414,World Bank API,2026-09-30 02:09:10
3303,KGZ,Kyrgyz Republic,1992,68.102,64.2,72.2,56.7,65.2,330.038,161.344,24.9,3.304,11.932,4.414,World Bank API,2026-09-30 02:09:10
3304,KGZ,Kyrgyz Republic,1993,67.193,62.9,71.7,57.0,65.5,359.245,166.549,25.6,3.037,10.746,4.414,World Bank API,2026-09-30 02:09:10
3305,KGZ,Kyrgyz Republic,1994,66.039,61.6,70.7,56.7,65.3,390.023,184.077,25.9,3.006,9.605,4.414,World Bank API,2026-09-30 02:09:10
3306,KGZ,Kyrgyz Republic,1995,65.79,61.4,70.4,55.6,64.0,387.536,187.29,25.6,3.05,8.64,4.414,World Bank API,2026-09-30 02:09:10
3307,KGZ,Kyrgyz Republic,1996,66.544,62.3,71.0,53.7,61.8,371.722,182.66,24.8,3.128,8.41,4.414,World Bank API,2026-09-30 02:09:10
3308,KGZ,Kyrgyz Republic,1997,66.893,62.6,71.4,51.3,59.1,351.347,171.448,23.7,2.961,8.6,4.414,World Bank API,2026-09-30 02:09:10
3309,KGZ,Kyrgyz Republic,1998,67.051,63.1,71.2,48.9,56.4,345.298,164.459,22.4,2.91,8.3,4.414,World Bank API,2026-09-30 02:09:10
3310,KGZ,Kyrgyz Republic,1999,68.656,64.9,72.6,46.4,53.6,343.805,160.985,21.4,2.84,7.47,4.414,World Bank API,2026-09-30 02:09:10
3311,KGZ,Kyrgyz Republic,2000,68.559,64.9,72.4,44.0,50.8,346.054,157.682,20.6,1.803,6.85,4.414,World Bank API,2026-09-30 02:09:10
3312,KGZ,Kyrgyz Republic,2001,68.707,65.0,72.6,41.6,48.1,347.783,157.236,20.0,1.745,5.98,4.277,World Bank API,2026-09-30 02:09:10
3313,KGZ,Kyrgyz Republic,2002,68.156,64.4,72.1,39.4,45.5,345.802,159.517,19.6,2.017,5.36,4.592,World Bank API,2026-09-30 02:09:10
3314,KGZ,Kyrgyz Republic,2003,68.256,64.5,72.2,37.2,43.0,341.786,159.809,19.3,2.081,5.15,5.824,World Bank API,2026-09-30 02:09:10
3315,KGZ,Kyrgyz Republic,2004,68.154,64.3,72.2,35.4,40.9,339.007,159.21,19.1,1.984,5.0,6.203,World Bank API,2026-09-30 02:09:10
3316,KGZ,Kyrgyz Republic,2005,67.956,64.2,71.9,33.9,39.2,340.014,157.857,19.0,2.02,4.99,7.45,World Bank API,2026-09-30 02:09:10
3317,KGZ,Kyrgyz Republic,2006,67.695,63.5,72.1,32.6,37.6,344.777,156.33,19.1,1.958,4.97,8.312,World Bank API,2026-09-30 02:09:10
3318,KGZ,Kyrgyz Republic,2007,67.895,63.7,72.3,31.1,35.9,341.001,153.421,18.8,1.886,5.28,6.932,World Bank API,2026-09-30 02:09:10
3319,KGZ,Kyrgyz Republic,2008,68.451,64.5,72.6,29.3,33.8,326.59,146.99,18.2,1.892,5.28,6.525,World Bank API,2026-09-30 02:09:10
3320,KGZ,Kyrgyz Republic,2009,69.102,65.2,73.2,27.4,31.6,314.024,141.559,17.5,1.88,5.15,6.899,World Bank API,2026-09-30 02:09:10
3321,KGZ,Kyrgyz Republic,2010,69.3,65.3,73.5,25.6,29.5,306.336,137.416,16.6,1.871,5.05,6.95,World Bank API,2026-09-30 02:09:10
3322,KGZ,Kyrgyz Republic,2011,69.602,65.7,73.7,23.9,27.6,301.912,135.108,15.8,1.897,4.94,7.107,World Bank API,2026-09-30 02:09:10
3323,KGZ,Kyrgyz Republic,2012,70.002,66.1,74.1,22.6,26.0,293.119,131.855,15.2,1.878,4.87,8.51,World Bank API,2026-09-30 02:09:10
3324,KGZ,Kyrgyz Republic,2013,70.202,66.3,74.3,21.5,24.7,284.375,126.766,14.6,1.87,4.76,8.187,World Bank API,2026-09-30 02:09:10
3325,KGZ,Kyrgyz Republic,2014,70.402,66.5,74.5,20.5,23.5,275.177,123.235,14.1,1.837,4.67,7.358,World Bank API,2026-09-30 02:09:10
3326,KGZ,Kyrgyz Republic,2015,70.651,66.7,74.8,19.4,22.3,260.482,115.737,13.6,1.846,4.48,7.149,World Bank API,2026-09-30 02:09:10
3327,KGZ,Kyrgyz Republic,2016,70.951,67.0,75.1,18.4,21.1,250.94,109.008,13.0,1.853,4.45,6.412,World Bank API,2026-09-30 02:09:10
3328,KGZ,Kyrgyz Republic,2017,71.2,67.2,75.4,17.4,20.0,246.353,101.196,12.4,1.835,4.33,6.186,World Bank API,2026-09-30 02:09:10
3329,KGZ,Kyrgyz Republic,2018,71.4,67.4,75.6,16.6,19.0,239.483,105.911,12.0,1.787,4.2,5.01,World Bank API,2026-09-30 02:09:10
3330,KGZ,Kyrgyz Republic,2019,71.6,67.6,75.8,16.0,18.3,233.647,103.03,11.6,1.759,4.09,4.255,World Bank API,2026-09-30 02:09:10
3331,KGZ,Kyrgyz Republic,2020,71.8,67.8,76.0,15.6,17.8,253.043,120.129,11.4,1.692,4.04,4.936,World Bank API,2026-09-30 02:09:10
3332,KGZ,Kyrgyz Republic,2021,71.9,67.9,76.1,15.3,17.5,273.329,122.786,11.2,1.651,4.05,5.353,World Bank API,2026-09-30 02:09:10
3333,KGZ,Kyrgyz Republic,2022,72.049,68.0,76.3,15.1,17.3,222.673,97.576,11.1,1.6,3.9,5.049,World Bank API,2026-09-30 02:09:10
3334,KHM,Cambodia,1990,55.205,52.374,57.757,88.8,116.3,373.376,278.071,40.3,0.107,2.072,6.481,World Bank API,2026-09-30 02:09:10
3335,KHM,Cambodia,1991,55.582,53.066,57.843,89.5,116.3,358.673,276.781,39.9,0.107,1.949,6.481,World Bank API,2026-09-30 02:09:10
3336,KHM,Cambodia,1992,55.747,53.245,58.012,90.2,116.4,355.646,274.384,39.5,0.107,1.827,6.481,World Bank API,2026-09-30 02:09:10
3337,KHM,Cambodia,1993,56.036,53.689,58.165,91.4,117.0,347.316,271.632,39.2,0.104,1.704,6.481,World Bank API,2026-09-30 02:09:10
3338,KHM,Cambodia,1994,56.221,53.961,58.273,92.8,118.0,340.276,268.06,38.9,0.105,1.581,6.481,World Bank API,2026-09-30 02:09:10
3339,KHM,Cambodia,1995,56.562,54.263,58.652,94.2,119.0,335.192,262.467,38.7,0.11,1.459,6.481,World Bank API,2026-09-30 02:09:10
3340,KHM,Cambodia,1996,56.832,54.587,58.862,95.2,119.5,329.776,258.406,38.5,0.115,1.336,6.481,World Bank API,2026-09-30 02:09:10
3341,KHM,Cambodia,1997,57.266,55.071,59.242,95.3,118.8,322.65,254.095,38.1,0.128,1.213,6.481,World Bank API,2026-09-30 02:09:10
3342,KHM,Cambodia,1998,57.859,55.717,59.779,94.0,116.5,314.149,248.547,37.5,0.142,1.091,6.481,World Bank API,2026-09-30 02:09:10
3343,KHM,Cambodia,1999,58.611,56.43,60.567,90.9,112.1,306.376,240.858,36.6,0.153,0.968,6.481,World Bank API,2026-09-30 02:09:10
3344,KHM,Cambodia,2000,59.491,57.296,61.465,85.8,105.2,297.308,232.108,35.2,0.164,0.845,6.481,World Bank API,2026-09-30 02:09:10
3345,KHM,Cambodia,2001,60.457,58.214,62.478,78.6,96.0,289.797,224.092,33.5,0.174,0.723,6.76,World Bank API,2026-09-30 02:09:10
3346,KHM,Cambodia,2002,61.395,59.007,63.558,71.0,86.2,284.418,215.108,31.6,0.183,0.6,6.92,World Bank API,2026-09-30 02:09:10
3347,KHM,Cambodia,2003,62.345,59.919,64.549,64.2,77.5,277.128,207.343,29.8,0.193,0.597,6.458,World Bank API,2026-09-30 02:09:10
3348,KHM,Cambodia,2004,63.256,60.961,65.334,58.6,70.4,266.887,202.189,28.2,0.202,0.593,6.485,World Bank API,2026-09-30 02:09:10
3349,KHM,Cambodia,2005,64.113,61.911,66.101,53.8,64.4,257.558,196.468,26.9,0.212,0.59,6.15,World Bank API,2026-09-30 02:09:10
3350,KHM,Cambodia,2006,64.886,62.692,66.869,49.8,59.3,250.563,190.149,25.8,0.222,0.607,5.364,World Bank API,2026-09-30 02:09:10
3351,KHM,Cambodia,2007,65.549,63.395,67.497,46.3,54.9,244.151,185.246,24.7,0.231,0.623,4.427,World Bank API,2026-09-30 02:09:10
3352,KHM,Cambodia,2008,66.147,63.974,68.114,43.1,50.8,239.507,180.206,23.6,0.241,0.64,5.613,World Bank API,2026-09-30 02:09:10
3353,KHM,Cambodia,2009,66.747,64.516,68.774,40.0,47.0,235.086,174.061,22.5,0.235,0.72,6.309,World Bank API,2026-09-30 02:09:10
3354,KHM,Cambodia,2010,67.311,65.056,69.364,37.2,43.5,230.394,168.644,21.3,0.227,0.8,5.627,World Bank API,2026-09-30 02:09:10
3355,KHM,Cambodia,2011,67.869,65.568,69.972,34.5,40.3,225.549,162.269,20.3,0.224,0.807,6.004,World Bank API,2026-09-30 02:09:10
3356,KHM,Cambodia,2012,68.371,65.993,70.554,32.1,37.2,222.141,156.674,19.3,0.163,0.813,5.776,World Bank API,2026-09-30 02:09:10
3357,KHM,Cambodia,2013,68.755,66.302,71.014,29.8,34.5,219.749,151.911,17.9,0.14,0.82,5.009,World Bank API,2026-09-30 02:09:10
3358,KHM,Cambodia,2014,69.117,66.641,71.404,27.8,32.0,217.013,148.454,16.6,0.167,0.825,4.408,World Bank API,2026-09-30 02:09:10
3359,KHM,Cambodia,2015,69.398,66.893,71.717,25.8,29.6,215.206,145.696,15.4,0.15,0.83,4.539,World Bank API,2026-09-30 02:09:10
3360,KHM,Cambodia,2016,69.635,67.109,71.981,24.1,27.5,213.631,143.341,14.3,0.197,0.797,4.491,World Bank API,2026-09-30 02:09:10
3361,KHM,Cambodia,2017,69.842,67.311,72.198,22.5,25.6,212.064,141.415,13.3,0.195,0.763,4.269,World Bank API,2026-09-30 02:09:10
3362,KHM,Cambodia,2018,69.993,67.427,72.389,21.2,24.1,211.763,139.806,12.5,0.211,0.73,4.497,World Bank API,2026-09-30 02:09:10
3363,KHM,Cambodia,2019,70.127,67.526,72.561,20.1,22.8,211.548,138.351,11.8,0.211,0.73,5.058,World Bank API,2026-09-30 02:09:10
3364,KHM,Cambodia,2020,70.059,67.296,72.657,19.2,21.8,213.963,137.207,11.2,0.211,0.73,5.13,World Bank API,2026-09-30 02:09:10
3365,KHM,Cambodia,2021,69.301,66.637,71.834,18.4,20.8,232.339,152.295,10.8,0.211,0.73,6.339,World Bank API,2026-09-30 02:09:10
3366,KHM,Cambodia,2022,70.528,67.839,73.072,17.7,19.9,210.072,133.669,10.3,0.211,0.73,4.469,World Bank API,2026-09-30 02:09:10
3367,KIR,Kiribati,1990,61.018,59.332,62.64,69.2,91.2,281.32,228.764,34.4,0.193,4.272,7.774,World Bank API,2026-09-30 02:09:10
3368,KIR,Kiribati,1991,61.502,59.783,63.154,66.4,87.5,276.121,223.538,33.5,0.176,3.963,7.774,World Bank API,2026-09-30 02:09:10
3369,KIR,Kiribati,1992,61.968,60.24,63.624,63.8,84.2,270.927,218.722,32.8,0.186,3.654,7.774,World Bank API,2026-09-30 02:09:10
3370,KIR,Kiribati,1993,62.406,60.686,64.047,61.5,81.2,265.9,214.379,32.0,0.13,3.345,7.774,World Bank API,2026-09-30 02:09:10
3371,KIR,Kiribati,1994,62.797,61.084,64.423,59.4,78.5,261.387,210.498,31.2,0.137,3.036,7.774,World Bank API,2026-09-30 02:09:10
3372,KIR,Kiribati,1995,63.146,61.441,64.759,57.5,76.1,257.331,207.013,30.5,0.145,2.727,7.774,World Bank API,2026-09-30 02:09:10
3373,KIR,Kiribati,1996,63.47,61.763,65.081,55.8,73.9,253.645,203.685,29.9,0.152,2.418,7.774,World Bank API,2026-09-30 02:09:10
3374,KIR,Kiribati,1997,63.797,62.059,65.432,54.1,71.9,250.253,200.111,29.2,0.159,2.109,7.774,World Bank API,2026-09-30 02:09:10
3375,KIR,Kiribati,1998,64.1,62.333,65.756,52.5,69.8,247.097,196.79,28.5,0.167,1.8,7.774,World Bank API,2026-09-30 02:09:10
3376,KIR,Kiribati,1999,64.393,62.612,66.055,50.8,67.8,243.939,193.719,27.8,0.174,1.76,7.774,World Bank API,2026-09-30 02:09:10
3377,KIR,Kiribati,2000,64.674,62.895,66.323,49.2,65.8,240.795,190.947,27.1,0.181,1.72,7.774,World Bank API,2026-09-30 02:09:10
3378,KIR,Kiribati,2001,64.918,63.145,66.556,47.8,64.1,238.018,188.533,26.3,0.189,1.68,11.905,World Bank API,2026-09-30 02:09:10
3379,KIR,Kiribati,2002,65.123,63.355,66.751,46.6,62.5,235.656,186.507,25.7,0.196,1.64,11.44,World Bank API,2026-09-30 02:09:10
3380,KIR,Kiribati,2003,65.287,63.526,66.908,45.6,61.4,233.731,184.874,25.1,0.203,1.6,10.051,World Bank API,2026-09-30 02:09:10
3381,KIR,Kiribati,2004,65.416,63.661,67.03,45.0,60.7,232.211,183.598,24.6,0.211,1.56,12.172,World Bank API,2026-09-30 02:09:10
3382,KIR,Kiribati,2005,65.517,63.767,67.126,44.5,60.1,231.013,182.592,24.2,0.218,1.52,11.363,World Bank API,2026-09-30 02:09:10
3383,KIR,Kiribati,2006,65.601,63.854,67.205,44.1,59.7,230.031,181.766,23.9,0.225,1.48,11.309,World Bank API,2026-09-30 02:09:10
3384,KIR,Kiribati,2007,65.677,63.929,67.274,43.6,59.2,229.173,181.04,23.7,0.233,1.44,10.945,World Bank API,2026-09-30 02:09:10
3385,KIR,Kiribati,2008,65.746,63.999,67.338,43.2,58.7,228.387,180.373,23.5,0.24,1.4,13.514,World Bank API,2026-09-30 02:09:10
3386,KIR,Kiribati,2009,65.808,64.061,67.396,42.7,58.2,227.676,179.766,23.3,0.308,1.36,12.739,World Bank API,2026-09-30 02:09:10
3387,KIR,Kiribati,2010,65.859,64.112,67.442,42.3,57.7,227.103,179.272,23.2,0.377,1.32,8.767,World Bank API,2026-09-30 02:09:10
3388,KIR,Kiribati,2011,65.896,64.143,67.473,42.0,57.5,226.747,178.948,23.2,0.136,1.41,7.989,World Bank API,2026-09-30 02:09:10
3389,KIR,Kiribati,2012,65.908,64.149,67.484,41.9,57.4,226.672,178.834,23.2,0.164,1.5,7.95,World Bank API,2026-09-30 02:09:10
3390,KIR,Kiribati,2013,65.898,64.13,67.476,42.0,57.7,226.893,178.918,23.1,0.193,1.59,8.708,World Bank API,2026-09-30 02:09:10
3391,KIR,Kiribati,2014,65.869,64.088,67.454,42.2,58.0,227.37,179.157,23.2,0.193,1.68,8.955,World Bank API,2026-09-30 02:09:10
3392,KIR,Kiribati,2015,65.831,64.035,67.426,42.6,58.6,227.975,179.448,23.3,0.193,1.77,7.216,World Bank API,2026-09-30 02:09:10
3393,KIR,Kiribati,2016,65.799,63.987,67.406,42.9,59.1,228.523,179.65,23.4,0.193,1.86,9.043,World Bank API,2026-09-30 02:09:10
3394,KIR,Kiribati,2017,65.787,63.961,67.407,43.2,59.6,228.819,179.641,23.5,0.193,1.86,9.684,World Bank API,2026-09-30 02:09:10
3395,KIR,Kiribati,2018,65.807,63.97,67.436,43.2,59.6,228.708,179.345,23.4,0.193,1.86,10.897,World Bank API,2026-09-30 02:09:10
3396,KIR,Kiribati,2019,65.866,64.025,67.498,42.9,59.1,228.085,178.688,23.3,0.193,1.86,10.166,World Bank API,2026-09-30 02:09:10
3397,KIR,Kiribati,2020,65.205,63.054,67.129,42.3,58.3,241.561,184.432,23.0,0.193,1.86,13.656,World Bank API,2026-09-30 02:09:10
3398,KIR,Kiribati,2021,64.148,62.346,65.773,41.6,57.2,270.557,215.149,22.8,0.193,1.86,11.832,World Bank API,2026-09-30 02:09:10
3399,KIR,Kiribati,2022,66.269,64.435,67.896,40.7,55.9,223.4,174.479,22.5,0.193,1.86,10.526,World Bank API,2026-09-30 02:09:10
3400,KNA,St. Kitts and Nevis,1990,65.641,63.44,67.842,25.2,30.3,292.898,220.526,18.7,0.693,9.2,4.799,World Bank API,2026-09-30 02:09:10
3401,KNA,St. Kitts and Nevis,1991,65.958,63.586,68.38,24.7,29.6,291.087,211.206,18.5,0.693,8.64,4.799,World Bank API,2026-09-30 02:09:10
3402,KNA,St. Kitts and Nevis,1992,66.339,63.752,69.022,24.2,29.0,288.515,199.623,18.3,0.762,8.08,4.799,World Bank API,2026-09-30 02:09:10
3403,KNA,St. Kitts and Nevis,1993,66.708,63.96,69.58,23.8,28.5,284.749,189.668,18.0,0.777,7.52,4.799,World Bank API,2026-09-30 02:09:10
3404,KNA,St. Kitts and Nevis,1994,67.002,64.283,69.836,23.5,28.0,278.496,185.807,17.8,0.933,6.96,4.799,World Bank API,2026-09-30 02:09:10
3405,KNA,St. Kitts and Nevis,1995,67.23,64.589,69.975,23.1,27.5,272.464,184.104,17.6,1.088,6.4,4.799,World Bank API,2026-09-30 02:09:10
3406,KNA,St. Kitts and Nevis,1996,67.488,64.926,70.142,22.7,27.0,265.979,182.279,17.2,1.119,6.36,4.799,World Bank API,2026-09-30 02:09:10
3407,KNA,St. Kitts and Nevis,1997,67.811,65.28,70.433,22.2,26.4,259.311,177.989,16.8,1.106,6.275,4.799,World Bank API,2026-09-30 02:09:10
3408,KNA,St. Kitts and Nevis,1998,67.891,65.382,70.498,21.6,25.6,254.94,175.323,16.4,1.046,6.191,4.799,World Bank API,2026-09-30 02:09:10
3409,KNA,St. Kitts and Nevis,1999,68.725,66.015,71.583,20.9,24.8,246.36,159.652,15.8,1.031,6.106,4.799,World Bank API,2026-09-30 02:09:10
3410,KNA,St. Kitts and Nevis,2000,69.249,66.39,72.306,20.2,23.9,240.012,148.078,15.2,1.05,6.021,4.799,World Bank API,2026-09-30 02:09:10
3411,KNA,St. Kitts and Nevis,2001,69.767,66.773,73.01,19.4,22.9,233.677,137.251,14.6,1.07,5.937,4.397,World Bank API,2026-09-30 02:09:10
3412,KNA,St. Kitts and Nevis,2002,70.194,67.14,73.507,18.6,22.0,227.682,130.111,14.0,1.201,5.852,4.452,World Bank API,2026-09-30 02:09:10
3413,KNA,St. Kitts and Nevis,2003,70.614,67.504,73.987,17.9,21.1,221.677,123.511,13.4,1.333,5.767,4.752,World Bank API,2026-09-30 02:09:10
3414,KNA,St. Kitts and Nevis,2004,70.92,67.824,74.268,17.3,20.3,216.489,120.265,12.9,1.464,5.683,4.491,World Bank API,2026-09-30 02:09:10
3415,KNA,St. Kitts and Nevis,2005,71.151,68.109,74.428,16.8,19.7,211.816,118.935,12.4,1.595,5.598,4.728,World Bank API,2026-09-30 02:09:10
3416,KNA,St. Kitts and Nevis,2006,71.356,68.321,74.628,16.4,19.2,208.661,117.05,12.1,1.727,5.513,4.982,World Bank API,2026-09-30 02:09:10
3417,KNA,St. Kitts and Nevis,2007,71.437,68.401,74.722,16.2,18.9,207.686,116.26,11.8,1.858,5.429,4.797,World Bank API,2026-09-30 02:09:10
3418,KNA,St. Kitts and Nevis,2008,71.479,68.493,74.713,16.0,18.8,206.346,117.072,11.7,1.99,5.344,5.306,World Bank API,2026-09-30 02:09:10
3419,KNA,St. Kitts and Nevis,2009,71.488,68.521,74.714,16.0,18.7,206.14,117.373,11.6,2.121,5.259,5.287,World Bank API,2026-09-30 02:09:10
3420,KNA,St. Kitts and Nevis,2010,71.452,68.466,74.718,16.1,18.8,207.537,117.403,11.7,2.252,5.175,5.217,World Bank API,2026-09-30 02:09:10
3421,KNA,St. Kitts and Nevis,2011,71.4,68.384,74.72,16.3,18.9,209.415,117.357,11.7,2.384,5.09,5.172,World Bank API,2026-09-30 02:09:10
3422,KNA,St. Kitts and Nevis,2012,71.362,68.267,74.774,16.5,19.1,212.058,116.34,11.9,2.515,5.08,5.019,World Bank API,2026-09-30 02:09:10
3423,KNA,St. Kitts and Nevis,2013,71.29,68.079,74.859,16.7,19.3,216.31,114.774,12.1,2.646,5.08,5.052,World Bank API,2026-09-30 02:09:10
3424,KNA,St. Kitts and Nevis,2014,71.228,67.894,74.959,16.8,19.4,220.723,113.213,12.2,2.778,5.07,4.753,World Bank API,2026-09-30 02:09:10
3425,KNA,St. Kitts and Nevis,2015,71.211,67.764,75.091,16.9,19.4,224.111,111.363,12.3,2.909,5.07,5.128,World Bank API,2026-09-30 02:09:10
3426,KNA,St. Kitts and Nevis,2016,71.227,67.725,75.173,16.7,19.3,225.663,110.482,12.2,2.968,5.07,5.429,World Bank API,2026-09-30 02:09:10
3427,KNA,St. Kitts and Nevis,2017,71.284,67.75,75.264,16.5,19.0,226.005,109.787,12.1,3.026,5.08,5.274,World Bank API,2026-09-30 02:09:10
3428,KNA,St. Kitts and Nevis,2018,71.336,67.783,75.327,16.2,18.6,226.003,109.387,11.8,3.085,5.08,4.897,World Bank API,2026-09-30 02:09:10
3429,KNA,St. Kitts and Nevis,2019,71.54,68.017,75.476,15.9,18.2,222.484,108.186,11.5,3.085,4.39,5.192,World Bank API,2026-09-30 02:09:10
3430,KNA,St. Kitts and Nevis,2020,71.181,67.464,75.384,15.5,17.8,234.979,109.608,11.2,3.085,4.39,5.661,World Bank API,2026-09-30 02:09:10
3431,KNA,St. Kitts and Nevis,2021,69.271,65.836,73.172,15.2,17.3,262.851,135.483,10.9,3.085,4.4,6.169,World Bank API,2026-09-30 02:09:10
3432,KNA,St. Kitts and Nevis,2022,70.313,66.826,74.2,14.8,16.8,245.328,123.753,10.6,3.085,3.98,5.526,World Bank API,2026-09-30 02:09:10
3433,KOR,"Korea, Rep.",1990,71.598,67.5,75.9,12.0,15.7,242.907,107.103,7.4,0.812,3.1,3.718,World Bank API,2026-09-30 02:09:10
3434,KOR,"Korea, Rep.",1991,72.046,67.9,76.4,11.1,14.5,236.718,103.17,6.8,0.876,3.3,3.718,World Bank API,2026-09-30 02:09:10
3435,KOR,"Korea, Rep.",1992,72.498,68.4,76.8,10.2,13.3,223.999,96.576,6.3,0.949,3.5,3.718,World Bank API,2026-09-30 02:09:10
3436,KOR,"Korea, Rep.",1993,72.998,68.9,77.3,9.4,12.3,215.799,91.1,5.8,1.013,3.7,3.718,World Bank API,2026-09-30 02:09:10
3437,KOR,"Korea, Rep.",1994,73.398,69.3,77.7,8.7,11.4,214.166,89.497,5.3,1.058,4.1,3.718,World Bank API,2026-09-30 02:09:10
3438,KOR,"Korea, Rep.",1995,73.7,69.7,77.9,8.1,10.5,205.864,85.821,4.9,1.116,4.4,3.718,World Bank API,2026-09-30 02:09:10
3439,KOR,"Korea, Rep.",1996,74.151,70.2,78.3,7.5,9.8,195.722,80.612,4.5,1.169,4.6,3.718,World Bank API,2026-09-30 02:09:10
3440,KOR,"Korea, Rep.",1997,74.602,70.7,78.7,7.0,9.1,188.336,76.239,4.2,1.233,4.8,3.718,World Bank API,2026-09-30 02:09:10
3441,KOR,"Korea, Rep.",1998,75.005,71.2,79.0,6.5,8.5,180.597,72.113,3.9,1.269,5.1,3.718,World Bank API,2026-09-30 02:09:10
3442,KOR,"Korea, Rep.",1999,75.41,71.8,79.2,6.1,8.0,170.686,68.566,3.7,1.316,5.6,3.718,World Bank API,2026-09-30 02:09:10
3443,KOR,"Korea, Rep.",2000,75.91,72.3,79.7,5.8,7.6,161.467,64.232,3.4,1.302,4.68,3.718,World Bank API,2026-09-30 02:09:10
3444,KOR,"Korea, Rep.",2001,76.412,72.9,80.1,5.5,7.2,152.119,59.482,3.2,1.397,4.48,4.17,World Bank API,2026-09-30 02:09:10
3445,KOR,"Korea, Rep.",2002,76.766,73.4,80.3,5.2,6.8,146.331,58.179,3.0,1.5,4.87,3.909,World Bank API,2026-09-30 02:09:10
3446,KOR,"Korea, Rep.",2003,77.215,73.8,80.8,4.9,6.4,141.081,57.294,2.8,1.579,5.13,4.466,World Bank API,2026-09-30 02:09:10
3447,KOR,"Korea, Rep.",2004,77.666,74.3,81.2,4.7,6.0,135.796,54.202,2.6,1.577,5.46,4.433,World Bank API,2026-09-30 02:09:10
3448,KOR,"Korea, Rep.",2005,78.168,74.9,81.6,4.3,5.6,129.237,51.664,2.4,1.637,5.94,4.652,World Bank API,2026-09-30 02:09:10
3449,KOR,"Korea, Rep.",2006,78.668,75.4,82.1,4.1,5.2,122.818,48.119,2.2,1.701,6.54,4.959,World Bank API,2026-09-30 02:09:10
3450,KOR,"Korea, Rep.",2007,79.12,75.9,82.5,3.8,4.8,117.103,45.916,2.0,1.753,7.32,4.958,World Bank API,2026-09-30 02:09:10
3451,KOR,"Korea, Rep.",2008,79.517,76.2,83.0,3.6,4.5,110.651,41.59,1.9,1.872,7.84,5.246,World Bank API,2026-09-30 02:09:10
3452,KOR,"Korea, Rep.",2009,79.968,76.7,83.4,3.4,4.3,101.45,37.41,1.8,1.95,8.32,5.685,World Bank API,2026-09-30 02:09:10
3453,KOR,"Korea, Rep.",2010,80.117,76.8,83.6,3.3,4.1,97.391,35.396,1.8,2.016,8.88,5.794,World Bank API,2026-09-30 02:09:10
3454,KOR,"Korea, Rep.",2011,80.568,77.3,84.0,3.2,4.0,90.886,32.7,1.7,2.063,9.68,5.903,World Bank API,2026-09-30 02:09:10
3455,KOR,"Korea, Rep.",2012,80.82,77.6,84.2,3.1,3.8,87.057,31.39,1.7,2.099,10.38,5.958,World Bank API,2026-09-30 02:09:10
3456,KOR,"Korea, Rep.",2013,81.271,78.1,84.6,3.0,3.7,80.543,28.897,1.7,2.175,11.0,6.069,World Bank API,2026-09-30 02:09:10
3457,KOR,"Korea, Rep.",2014,81.722,78.6,85.0,2.9,3.6,74.701,26.556,1.7,2.21,11.63,6.245,World Bank API,2026-09-30 02:09:10
3458,KOR,"Korea, Rep.",2015,82.024,79.0,85.2,2.9,3.5,70.854,25.723,1.6,2.242,11.62,6.462,World Bank API,2026-09-30 02:09:10
3459,KOR,"Korea, Rep.",2016,82.276,79.3,85.4,2.8,3.4,66.208,24.218,1.6,2.29,11.97,6.636,World Bank API,2026-09-30 02:09:10
3460,KOR,"Korea, Rep.",2017,82.627,79.7,85.7,2.7,3.3,61.874,22.906,1.6,2.343,12.26,6.798,World Bank API,2026-09-30 02:09:10
3461,KOR,"Korea, Rep.",2018,82.627,79.7,85.7,2.6,3.2,59.866,22.315,1.5,2.386,12.43,7.142,World Bank API,2026-09-30 02:09:10
3462,KOR,"Korea, Rep.",2019,83.227,80.3,86.3,2.6,3.1,56.098,21.204,1.5,2.458,12.43,7.694,World Bank API,2026-09-30 02:09:10
3463,KOR,"Korea, Rep.",2020,83.427,80.5,86.5,2.5,3.1,72.653,33.474,1.4,2.507,12.65,8.027,World Bank API,2026-09-30 02:09:10
3464,KOR,"Korea, Rep.",2021,83.527,80.6,86.6,2.5,3.0,69.25,31.351,1.3,2.517,12.75,8.344,World Bank API,2026-09-30 02:09:10
3465,KOR,"Korea, Rep.",2022,82.68,79.9,85.6,2.4,2.9,67.502,37.21,1.2,2.61,12.81,8.86,World Bank API,2026-09-30 02:09:10
3466,KWT,Kuwait,1990,73.417,70.123,76.876,14.5,17.2,174.357,74.144,10.1,1.783,2.76,2.204,World Bank API,2026-09-30 02:09:10
3467,KWT,Kuwait,1991,73.907,70.377,77.614,13.7,16.4,177.27,69.505,9.5,1.783,2.76,2.204,World Bank API,2026-09-30 02:09:10
3468,KWT,Kuwait,1992,76.002,74.178,77.918,13.2,15.7,99.193,64.745,9.1,1.783,2.76,2.204,World Bank API,2026-09-30 02:09:10
3469,KWT,Kuwait,1993,76.051,74.231,77.963,12.7,15.2,99.674,65.624,8.7,1.783,2.76,2.204,World Bank API,2026-09-30 02:09:10
3470,KWT,Kuwait,1994,76.033,74.186,77.972,12.4,14.9,101.729,66.916,8.3,1.783,2.76,2.204,World Bank API,2026-09-30 02:09:10
3471,KWT,Kuwait,1995,75.98,74.09,77.964,12.2,14.6,104.57,68.337,8.0,1.783,2.76,2.204,World Bank API,2026-09-30 02:09:10
3472,KWT,Kuwait,1996,75.925,73.987,77.96,11.9,14.2,107.393,69.595,7.6,1.836,2.76,2.204,World Bank API,2026-09-30 02:09:10
3473,KWT,Kuwait,1997,75.907,73.933,77.98,11.5,13.8,109.195,70.355,7.3,1.89,2.76,2.204,World Bank API,2026-09-30 02:09:10
3474,KWT,Kuwait,1998,75.964,73.976,78.052,11.2,13.4,109.178,70.311,7.0,1.892,2.62,2.204,World Bank API,2026-09-30 02:09:10
3475,KWT,Kuwait,1999,76.078,74.096,78.159,10.9,13.1,107.702,69.579,6.8,1.893,2.48,2.204,World Bank API,2026-09-30 02:09:10
3476,KWT,Kuwait,2000,76.226,74.261,78.289,10.6,12.7,105.432,68.339,6.6,1.895,2.34,2.204,World Bank API,2026-09-30 02:09:10
3477,KWT,Kuwait,2001,76.384,74.438,78.428,10.5,12.5,103.049,66.794,6.4,1.897,2.34,3.187,World Bank API,2026-09-30 02:09:10
3478,KWT,Kuwait,2002,76.532,74.597,78.563,10.3,12.3,101.182,65.138,6.2,1.898,2.28,3.124,World Bank API,2026-09-30 02:09:10
3479,KWT,Kuwait,2003,76.645,74.707,78.679,10.2,12.2,100.391,63.541,6.1,1.9,2.23,2.76,World Bank API,2026-09-30 02:09:10
3480,KWT,Kuwait,2004,76.728,74.775,78.778,10.0,12.0,100.57,62.018,5.9,1.5,2.2,2.357,World Bank API,2026-09-30 02:09:10
3481,KWT,Kuwait,2005,76.801,74.832,78.868,9.9,11.8,101.043,60.456,5.8,1.8,2.47,2.013,World Bank API,2026-09-30 02:09:10
3482,KWT,Kuwait,2006,76.888,74.915,78.959,9.8,11.6,101.112,58.749,5.8,1.46,2.45,1.821,World Bank API,2026-09-30 02:09:10
3483,KWT,Kuwait,2007,77.01,75.057,79.061,9.6,11.4,100.078,56.802,5.7,1.879,2.43,1.927,World Bank API,2026-09-30 02:09:10
3484,KWT,Kuwait,2008,77.189,75.291,79.182,9.5,11.2,97.305,54.538,5.7,1.884,2.45,1.924,World Bank API,2026-09-30 02:09:10
3485,KWT,Kuwait,2009,77.433,75.628,79.329,9.3,11.0,92.664,51.948,5.6,1.91,2.52,2.706,World Bank API,2026-09-30 02:09:10
3486,KWT,Kuwait,2010,77.726,76.035,79.502,9.1,10.7,86.875,49.137,5.5,2.47,2.5,2.679,World Bank API,2026-09-30 02:09:10
3487,KWT,Kuwait,2011,78.052,76.482,79.701,8.8,10.3,80.674,46.205,5.3,2.484,2.54,2.333,World Bank API,2026-09-30 02:09:10
3488,KWT,Kuwait,2012,78.395,76.936,79.927,8.5,10.0,74.658,43.238,5.2,2.475,2.39,2.333,World Bank API,2026-09-30 02:09:10
3489,KWT,Kuwait,2013,78.742,77.374,80.178,8.2,9.6,69.266,40.311,5.1,2.547,2.29,2.488,World Bank API,2026-09-30 02:09:10
3490,KWT,Kuwait,2014,79.08,77.774,80.452,8.0,9.3,64.787,37.5,5.0,2.67,2.25,2.916,World Bank API,2026-09-30 02:09:10
3491,KWT,Kuwait,2015,79.377,78.099,80.718,7.8,9.1,61.647,35.035,5.0,2.647,2.18,4.215,World Bank API,2026-09-30 02:09:10
3492,KWT,Kuwait,2016,79.678,78.421,80.997,7.7,9.0,58.547,32.682,5.0,2.106,2.08,4.731,World Bank API,2026-09-30 02:09:10
3493,KWT,Kuwait,2017,79.916,78.659,81.236,7.7,8.9,56.617,30.843,5.0,2.106,2.05,4.653,World Bank API,2026-09-30 02:09:10
3494,KWT,Kuwait,2018,80.106,78.841,81.435,7.6,8.9,55.306,29.453,5.0,2.03,2.01,5.172,World Bank API,2026-09-30 02:09:10
3495,KWT,Kuwait,2019,81.97,80.96,83.03,7.6,8.9,54.397,28.524,5.0,2.087,2.0,5.182,World Bank API,2026-09-30 02:09:10
3496,KWT,Kuwait,2020,78.761,77.2,80.4,7.6,8.8,79.412,39.714,4.9,2.273,2.33,6.113,World Bank API,2026-09-30 02:09:10
3497,KWT,Kuwait,2021,78.737,78.2,79.3,7.5,8.7,78.648,57.332,4.8,2.273,2.33,5.373,World Bank API,2026-09-30 02:09:10
3498,KWT,Kuwait,2022,80.588,80.1,81.1,7.4,8.6,55.031,34.281,4.7,2.273,2.33,4.2,World Bank API,2026-09-30 02:09:10
3499,LAO,Lao PDR,1990,54.035,52.915,55.145,111.0,148.9,333.283,299.568,47.3,0.234,2.57,4.275,World Bank API,2026-09-30 02:09:10
3500,LAO,Lao PDR,1991,54.7,53.569,55.825,108.2,143.6,325.668,292.781,45.9,0.254,2.429,4.275,World Bank API,2026-09-30 02:09:10
3501,LAO,Lao PDR,1992,55.098,53.939,56.253,105.3,138.2,323.836,289.977,44.5,0.275,2.288,4.275,World Bank API,2026-09-30 02:09:10
3502,LAO,Lao PDR,1993,55.583,54.364,56.798,102.4,133.0,321.23,285.114,43.3,0.295,2.147,4.275,World Bank API,2026-09-30 02:09:10
3503,LAO,Lao PDR,1994,55.81,54.535,57.082,99.4,127.8,323.654,284.803,42.1,0.316,2.006,4.275,World Bank API,2026-09-30 02:09:10
3504,LAO,Lao PDR,1995,56.344,54.995,57.693,96.6,123.0,320.997,279.425,41.0,0.336,1.865,4.275,World Bank API,2026-09-30 02:09:10
3505,LAO,Lao PDR,1996,56.821,55.469,58.175,93.7,118.1,317.075,275.798,39.9,0.325,1.724,4.275,World Bank API,2026-09-30 02:09:10
3506,LAO,Lao PDR,1997,57.302,55.913,58.695,90.9,113.5,313.9,271.284,38.9,0.313,1.583,4.275,World Bank API,2026-09-30 02:09:10
3507,LAO,Lao PDR,1998,57.549,56.088,59.02,88.1,109.0,316.258,270.357,37.9,0.302,1.442,4.275,World Bank API,2026-09-30 02:09:10
3508,LAO,Lao PDR,1999,57.866,56.417,59.324,85.2,104.5,315.215,269.718,36.9,0.29,1.301,4.275,World Bank API,2026-09-30 02:09:10
3509,LAO,Lao PDR,2000,58.317,56.776,59.875,82.2,100.1,313.058,263.903,35.8,0.279,1.16,4.275,World Bank API,2026-09-30 02:09:10
3510,LAO,Lao PDR,2001,58.887,57.233,60.568,79.2,95.6,308.918,255.727,34.6,0.296,1.15,4.29,World Bank API,2026-09-30 02:09:10
3511,LAO,Lao PDR,2002,59.302,57.532,61.114,76.0,91.1,308.395,250.299,33.4,0.312,1.13,3.698,World Bank API,2026-09-30 02:09:10
3512,LAO,Lao PDR,2003,59.643,57.65,61.705,72.8,86.6,311.696,244.051,32.2,0.329,1.1,4.479,World Bank API,2026-09-30 02:09:10
3513,LAO,Lao PDR,2004,60.08,57.882,62.376,69.5,82.1,312.489,236.248,31.0,0.346,1.15,3.541,World Bank API,2026-09-30 02:09:10
3514,LAO,Lao PDR,2005,60.688,58.411,63.07,66.2,77.7,306.66,228.271,29.7,0.267,1.15,3.337,World Bank API,2026-09-30 02:09:10
3515,LAO,Lao PDR,2006,61.074,58.697,63.57,63.0,73.5,306.039,223.383,28.5,0.25,1.11,2.932,World Bank API,2026-09-30 02:09:10
3516,LAO,Lao PDR,2007,61.694,59.295,64.222,59.9,69.5,298.717,216.071,27.3,0.232,1.15,3.13,World Bank API,2026-09-30 02:09:10
3517,LAO,Lao PDR,2008,62.248,59.925,64.692,56.8,65.5,290.554,211.132,26.1,0.215,1.16,2.767,World Bank API,2026-09-30 02:09:10
3518,LAO,Lao PDR,2009,63.023,60.734,65.432,53.9,61.8,278.234,201.488,25.0,0.197,1.03,3.463,World Bank API,2026-09-30 02:09:10
3519,LAO,Lao PDR,2010,63.69,61.419,66.083,51.2,58.4,268.68,193.737,23.8,0.332,1.06,2.912,World Bank API,2026-09-30 02:09:10
3520,LAO,Lao PDR,2011,64.505,62.254,66.882,48.6,55.1,255.432,183.098,22.7,0.326,1.32,1.945,World Bank API,2026-09-30 02:09:10
3521,LAO,Lao PDR,2012,65.126,62.925,67.452,46.2,52.1,246.11,176.427,21.7,0.321,1.53,2.076,World Bank API,2026-09-30 02:09:10
3522,LAO,Lao PDR,2013,65.723,63.569,68.001,44.0,49.4,236.521,169.657,20.7,0.326,1.1,2.4,World Bank API,2026-09-30 02:09:10
3523,LAO,Lao PDR,2014,66.35,64.268,68.553,41.9,46.8,226.177,163.245,19.7,0.377,1.08,2.298,World Bank API,2026-09-30 02:09:10
3524,LAO,Lao PDR,2015,66.688,64.61,68.896,39.9,44.4,222.945,160.096,18.9,0.4,1.15,2.454,World Bank API,2026-09-30 02:09:10
3525,LAO,Lao PDR,2016,67.014,64.898,69.26,38.1,42.2,220.379,156.367,18.2,0.371,1.21,2.361,World Bank API,2026-09-30 02:09:10
3526,LAO,Lao PDR,2017,67.345,65.252,69.561,36.4,40.2,216.419,153.563,17.5,0.44,1.58,2.526,World Bank API,2026-09-30 02:09:10
3527,LAO,Lao PDR,2018,67.594,65.492,69.815,34.8,38.3,213.857,150.8,16.9,0.361,1.46,2.246,World Bank API,2026-09-30 02:09:10
3528,LAO,Lao PDR,2019,67.911,65.784,70.156,33.3,36.5,211.19,147.531,16.3,0.363,1.68,2.603,World Bank API,2026-09-30 02:09:10
3529,LAO,Lao PDR,2020,68.339,65.861,71.045,31.9,34.8,202.28,134.946,15.6,0.356,1.27,2.06,World Bank API,2026-09-30 02:09:10
3530,LAO,Lao PDR,2021,67.807,65.657,70.072,30.5,33.2,221.304,154.902,14.9,0.325,1.31,2.744,World Bank API,2026-09-30 02:09:10
3531,LAO,Lao PDR,2022,68.715,66.536,71.0,29.3,31.8,203.29,138.919,14.2,0.331,1.29,2.018,World Bank API,2026-09-30 02:09:10
3532,LBN,Lebanon,1990,65.479,60.24,71.196,28.3,31.9,363.525,147.438,20.0,1.326,1.651,10.83,World Bank API,2026-09-30 02:09:10
3533,LBN,Lebanon,1991,70.865,69.564,72.07,26.9,30.3,162.054,129.533,18.9,1.326,2.367,10.83,World Bank API,2026-09-30 02:09:10
3534,LBN,Lebanon,1992,71.169,69.833,72.408,25.6,28.9,158.571,125.402,18.0,1.594,3.083,10.83,World Bank API,2026-09-30 02:09:10
3535,LBN,Lebanon,1993,71.559,70.082,72.937,24.5,27.6,155.749,119.413,17.0,1.862,3.006,10.83,World Bank API,2026-09-30 02:09:10
3536,LBN,Lebanon,1994,72.03,70.48,73.478,23.3,26.4,150.315,113.395,16.2,1.922,2.93,10.83,World Bank API,2026-09-30 02:09:10
3537,LBN,Lebanon,1995,72.383,70.794,73.867,22.3,25.2,146.103,109.182,15.4,1.981,2.853,10.83,World Bank API,2026-09-30 02:09:10
3538,LBN,Lebanon,1996,72.614,70.949,74.171,21.3,24.1,144.853,106.162,14.6,2.041,2.777,10.83,World Bank API,2026-09-30 02:09:10
3539,LBN,Lebanon,1997,72.94,71.239,74.528,20.4,23.1,141.674,102.93,13.9,2.1,2.7,10.83,World Bank API,2026-09-30 02:09:10
3540,LBN,Lebanon,1998,73.201,71.47,74.814,19.5,22.0,138.766,100.299,13.3,2.228,2.823,10.83,World Bank API,2026-09-30 02:09:10
3541,LBN,Lebanon,1999,73.513,71.732,75.173,18.5,21.0,135.44,96.926,12.6,2.357,2.947,10.83,World Bank API,2026-09-30 02:09:10
3542,LBN,Lebanon,2000,73.895,72.055,75.608,17.6,20.0,131.142,92.867,12.0,2.486,3.07,10.83,World Bank API,2026-09-30 02:09:10
3543,LBN,Lebanon,2001,74.354,72.416,76.161,16.7,18.9,126.298,87.821,11.4,2.614,3.0,10.563,World Bank API,2026-09-30 02:09:10
3544,LBN,Lebanon,2002,74.836,72.84,76.692,15.8,18.0,121.01,83.146,10.8,2.586,3.0,9.282,World Bank API,2026-09-30 02:09:10
3545,LBN,Lebanon,2003,75.275,73.263,77.136,15.0,17.0,115.853,79.37,10.2,2.558,3.0,8.671,World Bank API,2026-09-30 02:09:10
3546,LBN,Lebanon,2004,75.693,73.66,77.563,14.2,16.1,111.253,75.976,9.6,2.531,3.0,7.999,World Bank API,2026-09-30 02:09:10
3547,LBN,Lebanon,2005,76.074,73.996,77.979,13.5,15.3,107.409,72.899,9.1,2.503,3.6,7.549,World Bank API,2026-09-30 02:09:10
3548,LBN,Lebanon,2006,75.677,72.976,78.277,12.9,14.6,131.972,72.03,8.7,2.475,3.6,8.661,World Bank API,2026-09-30 02:09:10
3549,LBN,Lebanon,2007,76.732,74.614,78.656,12.3,14.1,100.483,68.132,8.4,2.309,3.43,8.56,World Bank API,2026-09-30 02:09:10
3550,LBN,Lebanon,2008,76.956,74.832,78.877,11.9,13.6,98.18,66.627,8.1,2.305,3.43,7.818,World Bank API,2026-09-30 02:09:10
3551,LBN,Lebanon,2009,77.262,75.156,79.154,11.6,13.2,94.544,64.691,7.8,2.302,3.45,7.007,World Bank API,2026-09-30 02:09:10
3552,LBN,Lebanon,2010,77.529,75.449,79.386,11.4,13.0,91.474,63.07,7.7,2.298,3.45,7.439,World Bank API,2026-09-30 02:09:10
3553,LBN,Lebanon,2011,77.768,75.706,79.6,11.2,12.8,88.802,61.572,7.6,2.675,3.45,8.177,World Bank API,2026-09-30 02:09:10
3554,LBN,Lebanon,2012,77.941,75.886,79.762,11.1,12.7,87.09,60.449,7.5,2.495,3.45,7.004,World Bank API,2026-09-30 02:09:10
3555,LBN,Lebanon,2013,78.037,75.979,79.861,11.1,12.7,86.491,59.769,7.5,2.315,2.86,7.067,World Bank API,2026-09-30 02:09:10
3556,LBN,Lebanon,2014,78.148,76.094,79.968,11.2,12.8,85.253,58.946,7.6,2.045,2.85,7.522,World Bank API,2026-09-30 02:09:10
3557,LBN,Lebanon,2015,78.275,76.221,80.096,11.3,12.9,83.67,57.97,7.6,2.123,3.37,7.416,World Bank API,2026-09-30 02:09:10
3558,LBN,Lebanon,2016,78.306,76.233,80.171,11.5,13.2,83.762,57.303,7.8,2.136,2.73,7.923,World Bank API,2026-09-30 02:09:10
3559,LBN,Lebanon,2017,78.192,76.072,80.13,11.8,13.5,86.411,57.496,8.0,2.242,2.73,7.804,World Bank API,2026-09-30 02:09:10
3560,LBN,Lebanon,2018,78.263,76.26,80.093,12.2,14.0,81.612,57.281,8.3,2.412,2.73,8.07,World Bank API,2026-09-30 02:09:10
3561,LBN,Lebanon,2019,78.208,76.211,80.048,12.6,14.5,81.525,57.217,8.7,2.611,2.73,8.685,World Bank API,2026-09-30 02:09:10
3562,LBN,Lebanon,2020,76.299,73.855,78.669,13.1,15.1,109.883,69.939,9.0,2.68,2.73,7.482,World Bank API,2026-09-30 02:09:10
3563,LBN,Lebanon,2021,73.65,71.022,76.357,13.6,15.7,146.109,84.557,9.4,2.68,2.73,4.4,World Bank API,2026-09-30 02:09:10
3564,LBN,Lebanon,2022,78.003,75.979,79.864,14.2,16.3,81.999,57.22,9.8,2.68,2.73,4.913,World Bank API,2026-09-30 02:09:10
3565,LBR,Liberia,1990,37.644,32.383,44.724,170.9,270.0,703.239,387.503,61.1,0.023,0.7,2.692,World Bank API,2026-09-30 02:09:10
3566,LBR,Liberia,1991,43.575,41.875,45.368,172.3,272.3,423.541,356.701,60.2,0.023,0.7,2.692,World Bank API,2026-09-30 02:09:10
3567,LBR,Liberia,1992,43.566,41.325,45.973,171.9,271.7,446.979,345.875,59.3,0.023,0.7,2.692,World Bank API,2026-09-30 02:09:10
3568,LBR,Liberia,1993,43.022,40.81,45.392,169.8,268.1,454.391,350.337,58.5,0.023,0.7,2.692,World Bank API,2026-09-30 02:09:10
3569,LBR,Liberia,1994,42.621,40.089,45.368,166.1,261.9,477.883,350.909,57.7,0.023,0.7,2.692,World Bank API,2026-09-30 02:09:10
3570,LBR,Liberia,1995,44.573,42.346,46.947,161.0,253.7,434.17,330.388,57.1,0.023,0.7,2.692,World Bank API,2026-09-30 02:09:10
3571,LBR,Liberia,1996,44.945,42.577,47.476,155.1,243.8,439.996,326.945,56.1,0.023,0.7,2.692,World Bank API,2026-09-30 02:09:10
3572,LBR,Liberia,1997,48.302,46.532,50.148,148.3,232.7,364.091,293.563,54.9,0.023,0.7,2.692,World Bank API,2026-09-30 02:09:10
3573,LBR,Liberia,1998,49.367,47.589,51.217,141.0,220.7,356.267,286.099,53.2,0.024,0.7,2.692,World Bank API,2026-09-30 02:09:10
3574,LBR,Liberia,1999,50.412,48.515,52.385,133.4,208.0,353.601,277.712,51.4,0.026,0.7,2.692,World Bank API,2026-09-30 02:09:10
3575,LBR,Liberia,2000,51.852,50.288,53.46,125.5,194.9,328.273,272.473,49.6,0.027,0.7,2.692,World Bank API,2026-09-30 02:09:10
3576,LBR,Liberia,2001,53.109,51.64,54.614,117.5,181.7,315.736,265.882,47.6,0.029,0.7,2.156,World Bank API,2026-09-30 02:09:10
3577,LBR,Liberia,2002,54.061,52.602,55.552,109.5,168.6,313.832,264.107,45.5,0.03,0.7,2.165,World Bank API,2026-09-30 02:09:10
3578,LBR,Liberia,2003,53.045,50.869,55.312,102.0,156.2,367.887,276.415,43.4,0.032,0.7,2.518,World Bank API,2026-09-30 02:09:10
3579,LBR,Liberia,2004,55.949,54.544,57.377,95.0,144.8,305.534,258.584,41.6,0.033,0.7,5.905,World Bank API,2026-09-30 02:09:10
3580,LBR,Liberia,2005,56.765,55.333,58.219,89.0,134.9,303.68,254.557,39.9,0.028,0.7,6.695,World Bank API,2026-09-30 02:09:10
3581,LBR,Liberia,2006,57.495,56.055,58.955,83.8,126.5,301.698,251.831,38.5,0.023,0.7,5.774,World Bank API,2026-09-30 02:09:10
3582,LBR,Liberia,2007,58.147,56.692,59.621,79.8,119.6,299.523,248.757,37.3,0.018,0.7,4.329,World Bank API,2026-09-30 02:09:10
3583,LBR,Liberia,2008,58.675,57.238,60.129,76.5,114.0,297.788,247.869,36.3,0.013,0.7,5.996,World Bank API,2026-09-30 02:09:10
3584,LBR,Liberia,2009,59.106,57.693,60.533,73.8,109.5,296.56,247.602,35.4,0.023,0.7,8.985,World Bank API,2026-09-30 02:09:10
3585,LBR,Liberia,2010,59.358,58.015,60.706,71.7,105.7,297.354,251.427,34.8,0.022,0.8,8.439,World Bank API,2026-09-30 02:09:10
3586,LBR,Liberia,2011,59.486,58.175,60.795,69.9,102.4,301.219,256.677,34.4,0.025,0.772,8.584,World Bank API,2026-09-30 02:09:10
3587,LBR,Liberia,2012,59.785,58.594,60.97,68.3,99.5,296.711,258.353,34.2,0.028,0.743,7.63,World Bank API,2026-09-30 02:09:10
3588,LBR,Liberia,2013,59.992,58.818,61.158,67.0,97.0,296.614,258.839,34.1,0.03,0.715,7.156,World Bank API,2026-09-30 02:09:10
3589,LBR,Liberia,2014,59.21,58.058,60.351,68.0,97.0,311.578,272.656,34.1,0.033,0.687,8.098,World Bank API,2026-09-30 02:09:10
3590,LBR,Liberia,2015,59.248,58.116,60.368,65.1,93.2,313.175,274.802,34.0,0.036,0.658,10.382,World Bank API,2026-09-30 02:09:10
3591,LBR,Liberia,2016,60.483,59.327,61.628,64.2,91.5,296.818,259.636,33.9,0.049,0.63,9.885,World Bank API,2026-09-30 02:09:10
3592,LBR,Liberia,2017,60.777,59.605,61.937,63.7,90.3,295.006,257.436,33.8,0.051,1.135,9.911,World Bank API,2026-09-30 02:09:10
3593,LBR,Liberia,2018,60.999,59.815,62.173,63.4,89.4,294.092,255.796,33.7,0.14,1.64,10.435,World Bank API,2026-09-30 02:09:10
3594,LBR,Liberia,2019,61.232,60.018,62.437,63.3,88.7,293.362,253.725,33.5,0.145,1.623,8.383,World Bank API,2026-09-30 02:09:10
3595,LBR,Liberia,2020,61.267,59.905,62.624,63.4,88.3,295.852,252.581,33.4,0.151,1.607,12.905,World Bank API,2026-09-30 02:09:10
3596,LBR,Liberia,2021,61.166,59.907,62.419,63.5,88.0,307.2,266.021,33.4,0.169,1.59,13.272,World Bank API,2026-09-30 02:09:10
3597,LBR,Liberia,2022,61.934,60.654,63.209,63.6,87.8,289.604,247.383,33.2,0.178,1.59,13.588,World Bank API,2026-09-30 02:09:10
3598,LBY,Libya,1990,69.312,67.313,71.84,31.8,42.1,179.683,120.292,21.3,1.071,4.173,3.319,World Bank API,2026-09-30 02:09:10
3599,LBY,Libya,1991,69.635,67.654,72.142,30.1,40.0,176.264,118.337,20.7,1.194,4.191,3.319,World Bank API,2026-09-30 02:09:10
3600,LBY,Libya,1992,69.974,68.044,72.41,28.7,38.0,171.857,116.791,20.1,1.318,4.209,3.319,World Bank API,2026-09-30 02:09:10
3601,LBY,Libya,1993,70.247,68.376,72.608,27.4,36.2,168.134,116.111,19.4,1.441,4.227,3.319,World Bank API,2026-09-30 02:09:10
3602,LBY,Libya,1994,70.472,68.638,72.788,26.2,34.6,165.394,115.855,18.6,1.395,4.246,3.319,World Bank API,2026-09-30 02:09:10
3603,LBY,Libya,1995,70.641,68.873,72.871,25.2,33.2,163.269,116.98,17.8,1.35,4.264,3.319,World Bank API,2026-09-30 02:09:10
3604,LBY,Libya,1996,70.736,69.046,72.866,24.2,31.9,162.491,119.526,17.1,1.304,4.282,3.319,World Bank API,2026-09-30 02:09:10
3605,LBY,Libya,1997,70.72,69.066,72.815,23.4,30.9,164.391,122.845,16.5,1.258,4.3,3.319,World Bank API,2026-09-30 02:09:10
3606,LBY,Libya,1998,70.657,69.037,72.723,22.7,29.9,167.243,126.564,16.0,1.254,4.24,3.319,World Bank API,2026-09-30 02:09:10
3607,LBY,Libya,1999,70.601,68.98,72.692,22.1,29.0,170.592,129.358,15.5,1.251,4.18,3.319,World Bank API,2026-09-30 02:09:10
3608,LBY,Libya,2000,70.542,68.91,72.672,21.5,28.1,174.089,131.485,15.0,1.247,4.12,3.319,World Bank API,2026-09-30 02:09:10
3609,LBY,Libya,2001,70.653,68.981,72.835,20.9,27.3,174.905,130.881,14.6,1.243,3.85,3.926,World Bank API,2026-09-30 02:09:10
3610,LBY,Libya,2002,70.788,69.064,73.029,20.3,26.5,175.231,129.512,14.2,1.239,3.9,4.738,World Bank API,2026-09-30 02:09:10
3611,LBY,Libya,2003,70.996,69.247,73.242,19.6,25.5,174.082,127.961,13.7,1.236,3.9,3.973,World Bank API,2026-09-30 02:09:10
3612,LBY,Libya,2004,71.21,69.427,73.463,18.8,24.4,172.967,126.481,13.1,1.232,3.9,3.383,World Bank API,2026-09-30 02:09:10
3613,LBY,Libya,2005,71.439,69.62,73.689,17.9,23.1,171.77,125.219,12.4,1.372,3.4,2.517,World Bank API,2026-09-30 02:09:10
3614,LBY,Libya,2006,71.632,69.792,73.846,16.8,21.7,171.129,125.06,11.6,1.511,3.7,2.3,World Bank API,2026-09-30 02:09:10
3615,LBY,Libya,2007,71.788,69.919,74.029,15.7,20.2,171.501,124.824,10.8,1.65,3.7,2.419,World Bank API,2026-09-30 02:09:10
3616,LBY,Libya,2008,71.936,70.007,74.248,14.6,18.8,172.722,124.196,10.1,1.79,3.7,2.244,World Bank API,2026-09-30 02:09:10
3617,LBY,Libya,2009,72.071,70.108,74.417,13.7,17.6,173.475,123.931,9.4,1.886,3.7,3.583,World Bank API,2026-09-30 02:09:10
3618,LBY,Libya,2010,72.196,70.176,74.606,13.0,16.6,175.003,123.272,8.9,1.916,3.7,3.281,World Bank API,2026-09-30 02:09:10
3619,LBY,Libya,2011,69.95,66.829,73.714,13.9,19.6,240.784,133.62,8.5,1.946,3.7,4.019,World Bank API,2026-09-30 02:09:10
3620,LBY,Libya,2012,72.188,69.83,74.982,11.9,15.0,187.13,121.238,8.0,1.977,3.7,3.956,World Bank API,2026-09-30 02:09:10
3621,LBY,Libya,2013,72.339,70.01,75.078,11.4,14.4,184.744,120.296,7.7,2.007,3.7,4.975,World Bank API,2026-09-30 02:09:10
3622,LBY,Libya,2014,71.3,68.17,75.018,10.9,13.8,224.577,122.135,7.4,2.037,3.7,5.178,World Bank API,2026-09-30 02:09:10
3623,LBY,Libya,2015,71.644,68.584,75.248,10.6,13.3,217.307,119.444,7.1,1.861,3.7,5.806,World Bank API,2026-09-30 02:09:10
3624,LBY,Libya,2016,71.799,68.653,75.483,10.2,12.8,217.505,117.058,6.8,1.951,3.7,6.172,World Bank API,2026-09-30 02:09:10
3625,LBY,Libya,2017,72.721,69.977,75.875,9.8,12.4,192.08,112.409,6.6,2.042,3.2,4.677,World Bank API,2026-09-30 02:09:10
3626,LBY,Libya,2018,73.151,70.499,76.17,9.5,11.9,183.358,109.353,6.4,2.042,3.2,4.866,World Bank API,2026-09-30 02:09:10
3627,LBY,Libya,2019,72.941,70.075,76.203,9.2,11.6,192.716,109.102,6.2,2.042,3.2,5.548,World Bank API,2026-09-30 02:09:10
3628,LBY,Libya,2020,72.388,69.527,75.7,9.0,11.2,195.253,113.579,6.0,2.042,3.2,7.107,World Bank API,2026-09-30 02:09:10
3629,LBY,Libya,2021,72.062,69.513,74.938,8.7,10.8,202.207,126.384,5.8,2.042,3.2,6.055,World Bank API,2026-09-30 02:09:10
3630,LBY,Libya,2022,74.462,72.001,77.152,8.4,10.4,159.629,99.38,5.6,2.042,3.5,4.744,World Bank API,2026-09-30 02:09:10
3631,LCA,St. Lucia,1990,70.008,67.705,72.151,17.3,20.8,218.406,157.844,12.0,0.35,4.0,4.865,World Bank API,2026-09-30 02:09:10
3632,LCA,St. Lucia,1991,70.309,67.963,72.541,17.0,20.4,213.819,151.572,11.6,0.393,4.117,4.865,World Bank API,2026-09-30 02:09:10
3633,LCA,St. Lucia,1992,70.734,67.928,73.474,16.8,20.0,215.62,135.481,11.1,0.468,4.235,4.865,World Bank API,2026-09-30 02:09:10
3634,LCA,St. Lucia,1993,71.05,68.361,73.647,16.6,19.7,207.107,132.756,10.8,0.544,4.352,4.865,World Bank API,2026-09-30 02:09:10
3635,LCA,St. Lucia,1994,71.076,68.493,73.55,16.4,19.4,203.948,134.871,10.5,0.552,3.826,4.865,World Bank API,2026-09-30 02:09:10
3636,LCA,St. Lucia,1995,71.172,68.57,73.665,16.2,19.2,203.72,134.048,10.3,0.56,3.3,4.865,World Bank API,2026-09-30 02:09:10
3637,LCA,St. Lucia,1996,70.963,68.807,72.965,16.1,19.0,199.14,147.552,10.3,0.516,3.38,4.865,World Bank API,2026-09-30 02:09:10
3638,LCA,St. Lucia,1997,70.778,69.211,72.156,16.0,18.8,190.915,163.075,10.4,0.473,3.253,4.865,World Bank API,2026-09-30 02:09:10
3639,LCA,St. Lucia,1998,70.68,69.175,71.996,16.0,18.7,192.141,166.405,10.7,0.56,3.125,4.865,World Bank API,2026-09-30 02:09:10
3640,LCA,St. Lucia,1999,70.692,68.81,72.461,15.9,18.5,200.448,157.898,11.0,0.646,2.998,4.865,World Bank API,2026-09-30 02:09:10
3641,LCA,St. Lucia,2000,70.779,68.496,73.042,16.0,18.5,207.671,147.102,11.4,0.732,2.871,4.865,World Bank API,2026-09-30 02:09:10
3642,LCA,St. Lucia,2001,71.367,68.714,74.086,16.0,18.4,203.09,128.071,11.8,0.819,2.743,5.121,World Bank API,2026-09-30 02:09:10
3643,LCA,St. Lucia,2002,71.707,68.746,74.79,16.0,18.4,202.541,115.622,12.2,0.439,2.616,5.389,World Bank API,2026-09-30 02:09:10
3644,LCA,St. Lucia,2003,72.188,69.186,75.31,16.1,18.4,193.36,106.576,12.5,0.467,2.489,5.241,World Bank API,2026-09-30 02:09:10
3645,LCA,St. Lucia,2004,72.453,69.445,75.576,16.2,18.5,187.772,102.16,12.8,0.42,2.361,4.768,World Bank API,2026-09-30 02:09:10
3646,LCA,St. Lucia,2005,72.544,69.523,75.682,16.2,18.5,186.162,100.43,13.0,0.508,2.234,4.86,World Bank API,2026-09-30 02:09:10
3647,LCA,St. Lucia,2006,72.794,69.779,75.92,16.3,18.6,180.603,96.339,13.1,0.742,2.107,5.127,World Bank API,2026-09-30 02:09:10
3648,LCA,St. Lucia,2007,72.86,69.927,75.887,16.4,18.6,177.368,96.827,13.2,0.976,1.979,5.542,World Bank API,2026-09-30 02:09:10
3649,LCA,St. Lucia,2008,72.963,70.119,75.92,16.6,18.7,173.571,96.487,13.2,1.211,1.852,5.091,World Bank API,2026-09-30 02:09:10
3650,LCA,St. Lucia,2009,72.946,69.948,76.127,16.7,18.8,177.175,93.174,13.3,1.445,1.725,5.244,World Bank API,2026-09-30 02:09:10
3651,LCA,St. Lucia,2010,72.768,70.057,75.629,16.7,18.8,172.278,99.621,13.4,1.679,1.597,5.051,World Bank API,2026-09-30 02:09:10
3652,LCA,St. Lucia,2011,72.962,70.422,75.613,16.8,18.8,167.458,102.018,13.5,1.845,1.47,5.061,World Bank API,2026-09-30 02:09:10
3653,LCA,St. Lucia,2012,72.86,70.389,75.434,16.9,18.8,168.271,105.21,13.6,2.19,1.34,4.925,World Bank API,2026-09-30 02:09:10
3654,LCA,St. Lucia,2013,72.687,69.965,75.569,16.9,18.8,175.856,101.694,13.7,2.497,1.21,5.071,World Bank API,2026-09-30 02:09:10
3655,LCA,St. Lucia,2014,72.676,69.731,75.833,16.9,18.8,181.823,98.694,13.6,1.901,1.32,4.684,World Bank API,2026-09-30 02:09:10
3656,LCA,St. Lucia,2015,72.932,70.015,76.042,16.9,18.7,175.884,95.197,13.5,3.786,1.43,4.579,World Bank API,2026-09-30 02:09:10
3657,LCA,St. Lucia,2016,72.552,69.472,75.87,16.8,18.6,187.748,98.362,13.3,5.672,1.375,4.511,World Bank API,2026-09-30 02:09:10
3658,LCA,St. Lucia,2017,72.522,69.188,76.156,16.8,18.5,194.469,93.697,13.0,6.245,1.32,4.456,World Bank API,2026-09-30 02:09:10
3659,LCA,St. Lucia,2018,72.655,69.323,76.271,16.7,18.4,191.495,91.982,12.6,6.367,1.463,4.273,World Bank API,2026-09-30 02:09:10
3660,LCA,St. Lucia,2019,72.249,68.744,76.089,16.6,18.2,204.491,95.186,12.3,6.168,1.607,4.291,World Bank API,2026-09-30 02:09:10
3661,LCA,St. Lucia,2020,72.308,68.763,76.195,16.5,18.1,203.45,93.34,12.0,4.234,1.75,7.01,World Bank API,2026-09-30 02:09:10
3662,LCA,St. Lucia,2021,69.119,65.77,72.917,16.3,17.9,252.353,127.1,11.8,4.234,1.98,6.262,World Bank API,2026-09-30 02:09:10
3663,LCA,St. Lucia,2022,72.67,69.269,76.304,16.2,17.7,193.387,92.214,11.6,4.234,1.09,4.748,World Bank API,2026-09-30 02:09:10
3664,LIE,Liechtenstein,1990,78.332,74.993,81.837,37.7,45.1,96.335,47.513,21.0,0.811,2.76,5.749,World Bank API,2026-09-30 02:09:10
3665,LIE,Liechtenstein,1991,78.471,75.283,81.819,36.4,43.3,93.425,47.611,20.1,0.863,2.76,5.749,World Bank API,2026-09-30 02:09:10
3666,LIE,Liechtenstein,1992,78.464,75.33,81.754,34.9,42.5,92.963,47.978,19.7,0.861,2.84,5.749,World Bank API,2026-09-30 02:09:10
3667,LIE,Liechtenstein,1993,78.271,75.119,81.58,33.4,42.6,95.058,48.972,19.2,0.844,2.76,5.749,World Bank API,2026-09-30 02:09:10
3668,LIE,Liechtenstein,1994,78.422,75.3,81.7,32.9,39.6,98.718,49.879,18.9,0.845,2.76,5.749,World Bank API,2026-09-30 02:09:10
3669,LIE,Liechtenstein,1995,77.39,75.0,79.9,31.6,38.4,102.708,50.511,18.6,0.949,2.745,5.749,World Bank API,2026-09-30 02:09:10
3670,LIE,Liechtenstein,1996,76.837,72.3,81.6,30.4,37.2,107.344,50.653,18.0,0.99,2.64,5.749,World Bank API,2026-09-30 02:09:10
3671,LIE,Liechtenstein,1997,76.046,71.9,80.4,29.0,35.3,108.849,50.49,17.3,0.949,2.579,5.749,World Bank API,2026-09-30 02:09:10
3672,LIE,Liechtenstein,1998,77.746,73.6,82.1,28.2,33.4,106.19,49.472,16.7,0.989,2.583,5.749,World Bank API,2026-09-30 02:09:10
3673,LIE,Liechtenstein,1999,79.11,75.5,82.9,27.2,31.8,100.604,48.695,16.3,1.031,2.587,5.749,World Bank API,2026-09-30 02:09:10
3674,LIE,Liechtenstein,2000,76.827,73.9,79.9,26.3,30.5,94.041,47.707,16.0,1.042,2.508,5.749,World Bank API,2026-09-30 02:09:10
3675,LIE,Liechtenstein,2001,79.276,76.3,82.4,25.4,29.1,85.866,45.832,15.2,1.084,2.5,5.749,World Bank API,2026-09-30 02:09:10
3676,LIE,Liechtenstein,2002,79.637,77.1,82.3,23.6,28.1,78.863,44.05,14.5,1.088,2.429,5.749,World Bank API,2026-09-30 02:09:10
3677,LIE,Liechtenstein,2003,79.961,78.4,81.6,22.9,26.9,73.451,42.331,14.1,1.085,2.35,5.749,World Bank API,2026-09-30 02:09:10
3678,LIE,Liechtenstein,2004,81.771,78.6,85.1,21.1,26.1,69.314,39.75,13.7,1.12,2.361,5.749,World Bank API,2026-09-30 02:09:10
3679,LIE,Liechtenstein,2005,80.668,77.4,84.1,19.8,24.0,66.039,38.037,13.2,1.12,2.29,5.749,World Bank API,2026-09-30 02:09:10
3680,LIE,Liechtenstein,2006,80.949,78.9,83.1,19.3,22.8,63.318,37.15,13.0,1.13,2.297,5.749,World Bank API,2026-09-30 02:09:10
3681,LIE,Liechtenstein,2007,81.295,79.1,83.6,18.5,21.8,61.264,36.21,12.5,1.178,2.27,5.749,World Bank API,2026-09-30 02:09:10
3682,LIE,Liechtenstein,2008,82.683,80.0,85.5,17.9,20.9,59.657,35.239,12.1,1.218,2.26,5.749,World Bank API,2026-09-30 02:09:10
3683,LIE,Liechtenstein,2009,81.5,79.5,83.6,17.4,21.2,58.331,35.275,11.7,1.226,2.269,5.749,World Bank API,2026-09-30 02:09:10
3684,LIE,Liechtenstein,2010,81.841,79.5,84.3,16.7,19.3,56.877,35.112,11.4,1.319,2.25,5.749,World Bank API,2026-09-30 02:09:10
3685,LIE,Liechtenstein,2011,81.793,79.5,84.2,16.6,19.3,55.636,34.95,10.9,1.386,2.25,5.749,World Bank API,2026-09-30 02:09:10
3686,LIE,Liechtenstein,2012,82.383,79.7,85.2,16.2,18.9,54.258,35.022,11.0,1.391,2.27,5.749,World Bank API,2026-09-30 02:09:10
3687,LIE,Liechtenstein,2013,82.261,80.7,83.9,16.0,18.9,52.543,35.239,10.9,1.449,2.29,5.749,World Bank API,2026-09-30 02:09:10
3688,LIE,Liechtenstein,2014,82.073,81.0,83.2,15.8,18.5,51.054,34.879,10.8,1.432,2.34,5.636,World Bank API,2026-09-30 02:09:10
3689,LIE,Liechtenstein,2015,82.656,80.9,84.5,15.5,18.2,49.582,33.995,10.6,1.461,2.37,5.751,World Bank API,2026-09-30 02:09:10
3690,LIE,Liechtenstein,2016,82.259,80.6,84.0,15.0,17.8,48.694,33.355,10.2,1.514,2.36,5.852,World Bank API,2026-09-30 02:09:10
3691,LIE,Liechtenstein,2017,83.746,81.6,86.0,14.5,17.3,47.636,32.292,9.9,1.578,2.34,5.68,World Bank API,2026-09-30 02:09:10
3692,LIE,Liechtenstein,2018,83.041,80.7,85.5,14.1,16.4,46.874,31.447,9.8,1.573,2.3,5.547,World Bank API,2026-09-30 02:09:10
3693,LIE,Liechtenstein,2019,84.161,82.6,85.8,14.1,15.9,45.942,30.941,9.6,1.588,2.25,5.785,World Bank API,2026-09-30 02:09:10
3694,LIE,Liechtenstein,2020,81.659,80.0,83.4,13.6,15.6,49.088,31.149,9.3,1.63,2.35,6.055,World Bank API,2026-09-30 02:09:10
3695,LIE,Liechtenstein,2021,84.402,82.5,86.4,13.3,15.3,50.097,31.036,9.3,1.664,2.39,5.385,World Bank API,2026-09-30 02:09:10
3696,LIE,Liechtenstein,2022,84.122,83.0,85.3,13.0,15.1,45.631,30.666,9.0,1.625,2.36,5.644,World Bank API,2026-09-30 02:09:10
3697,LKA,Sri Lanka,1990,69.239,65.198,74.187,17.9,23.3,263.379,111.657,14.2,0.148,2.743,4.108,World Bank API,2026-09-30 02:09:10
3698,LKA,Sri Lanka,1991,69.131,64.844,74.359,18.0,23.2,272.711,110.184,13.7,0.148,2.683,4.108,World Bank API,2026-09-30 02:09:10
3699,LKA,Sri Lanka,1992,69.619,65.502,74.574,17.9,22.9,259.949,107.407,13.3,0.175,2.623,4.108,World Bank API,2026-09-30 02:09:10
3700,LKA,Sri Lanka,1993,70.049,66.079,74.777,17.5,22.2,248.508,104.807,13.1,0.218,2.562,4.108,World Bank API,2026-09-30 02:09:10
3701,LKA,Sri Lanka,1994,70.211,66.207,74.963,17.0,21.4,246.641,102.711,12.9,0.194,2.502,4.108,World Bank API,2026-09-30 02:09:10
3702,LKA,Sri Lanka,1995,69.746,65.316,75.041,16.3,20.5,266.679,102.632,12.7,0.23,2.442,4.108,World Bank API,2026-09-30 02:09:10
3703,LKA,Sri Lanka,1996,69.841,65.481,75.041,15.6,19.5,262.746,102.167,12.3,0.286,2.381,4.108,World Bank API,2026-09-30 02:09:10
3704,LKA,Sri Lanka,1997,69.934,65.477,75.251,14.9,18.6,264.887,100.406,11.6,0.308,2.321,4.108,World Bank API,2026-09-30 02:09:10
3705,LKA,Sri Lanka,1998,70.134,65.633,75.49,14.1,17.6,263.21,98.234,10.9,0.346,2.26,4.108,World Bank API,2026-09-30 02:09:10
3706,LKA,Sri Lanka,1999,70.427,65.926,75.762,13.5,16.9,258.676,95.637,10.2,0.369,2.2,4.108,World Bank API,2026-09-30 02:09:10
3707,LKA,Sri Lanka,2000,71.179,66.774,76.292,13.0,16.3,245.601,91.015,9.7,0.413,2.96,4.108,World Bank API,2026-09-30 02:09:10
3708,LKA,Sri Lanka,2001,71.804,67.71,76.481,12.7,15.8,227.599,88.73,9.4,0.428,3.02,4.057,World Bank API,2026-09-30 02:09:10
3709,LKA,Sri Lanka,2002,72.271,68.314,76.734,12.4,15.5,217.328,86.295,9.2,0.459,2.9,4.037,World Bank API,2026-09-30 02:09:10
3710,LKA,Sri Lanka,2003,72.442,68.659,76.624,12.1,15.2,212.419,87.118,8.6,0.491,3.09,3.646,World Bank API,2026-09-30 02:09:10
3711,LKA,Sri Lanka,2004,68.022,65.22,71.037,16.8,29.0,252.386,156.949,7.9,0.522,2.86,4.039,World Bank API,2026-09-30 02:09:10
3712,LKA,Sri Lanka,2005,73.073,69.391,77.061,11.2,14.0,202.607,83.528,6.9,0.504,3.05,3.879,World Bank API,2026-09-30 02:09:10
3713,LKA,Sri Lanka,2006,72.825,68.823,77.173,10.7,13.3,217.215,83.41,6.6,0.505,3.29,3.85,World Bank API,2026-09-30 02:09:10
3714,LKA,Sri Lanka,2007,72.983,68.954,77.34,10.1,12.6,216.034,82.031,6.7,0.538,3.35,3.823,World Bank API,2026-09-30 02:09:10
3715,LKA,Sri Lanka,2008,72.556,67.879,77.69,9.7,12.0,241.268,80.51,6.7,0.605,3.29,3.855,World Bank API,2026-09-30 02:09:10
3716,LKA,Sri Lanka,2009,70.298,65.696,75.335,13.3,21.5,268.235,99.972,6.7,0.662,3.41,4.057,World Bank API,2026-09-30 02:09:10
3717,LKA,Sri Lanka,2010,74.463,70.862,78.2,9.1,11.2,181.58,73.798,6.3,0.703,3.47,3.741,World Bank API,2026-09-30 02:09:10
3718,LKA,Sri Lanka,2011,74.74,71.224,78.342,8.9,10.8,176.009,72.729,6.2,0.718,3.52,3.582,World Bank API,2026-09-30 02:09:10
3719,LKA,Sri Lanka,2012,75.187,71.778,78.624,8.5,10.3,167.921,70.402,6.0,0.742,3.59,3.307,World Bank API,2026-09-30 02:09:10
3720,LKA,Sri Lanka,2013,75.546,72.164,78.934,8.1,9.8,162.232,67.996,5.9,0.772,3.66,3.694,World Bank API,2026-09-30 02:09:10
3721,LKA,Sri Lanka,2014,75.757,72.325,79.194,7.7,9.2,159.64,66.179,5.6,0.807,3.72,3.468,World Bank API,2026-09-30 02:09:10
3722,LKA,Sri Lanka,2015,75.99,72.572,79.395,7.4,8.7,155.948,64.47,5.3,0.83,3.71,3.683,World Bank API,2026-09-30 02:09:10
3723,LKA,Sri Lanka,2016,76.136,72.738,79.507,7.0,8.3,153.107,63.475,5.2,0.856,3.72,3.618,World Bank API,2026-09-30 02:09:10
3724,LKA,Sri Lanka,2017,76.239,72.847,79.592,6.7,7.9,151.018,62.897,5.1,0.887,3.77,3.331,World Bank API,2026-09-30 02:09:10
3725,LKA,Sri Lanka,2018,76.485,73.107,79.812,6.5,7.6,147.198,61.088,4.9,0.958,3.81,3.642,World Bank API,2026-09-30 02:09:10
3726,LKA,Sri Lanka,2019,76.698,73.424,79.888,6.2,7.2,142.664,60.443,4.8,1.098,3.86,3.701,World Bank API,2026-09-30 02:09:10
3727,LKA,Sri Lanka,2020,76.928,73.691,80.066,6.0,6.9,138.378,59.023,4.6,1.167,3.87,4.274,World Bank API,2026-09-30 02:09:10
3728,LKA,Sri Lanka,2021,76.278,72.97,79.522,5.8,6.6,151.505,65.488,4.5,1.144,3.98,5.194,World Bank API,2026-09-30 02:09:10
3729,LKA,Sri Lanka,2022,77.3,74.033,80.451,5.5,6.3,132.356,56.17,4.3,1.144,3.94,3.983,World Bank API,2026-09-30 02:09:10
3730,LSO,Lesotho,1990,59.317,55.289,63.616,75.9,84.5,406.103,228.165,38.6,0.043,1.3,5.156,World Bank API,2026-09-30 02:09:10
3731,LSO,Lesotho,1991,59.061,55.094,63.277,75.1,84.4,412.947,237.6,38.7,0.045,1.3,5.156,World Bank API,2026-09-30 02:09:10
3732,LSO,Lesotho,1992,58.638,54.717,62.8,74.8,85.4,422.783,248.055,38.6,0.048,1.3,5.156,World Bank API,2026-09-30 02:09:10
3733,LSO,Lesotho,1993,58.06,54.207,62.132,74.8,87.6,433.913,261.699,38.5,0.05,1.3,5.156,World Bank API,2026-09-30 02:09:10
3734,LSO,Lesotho,1994,57.288,53.52,61.264,75.1,91.1,449.698,279.766,38.3,0.052,1.3,5.156,World Bank API,2026-09-30 02:09:10
3735,LSO,Lesotho,1995,56.368,52.832,60.075,75.3,95.1,462.954,304.855,38.0,0.054,1.3,5.156,World Bank API,2026-09-30 02:09:10
3736,LSO,Lesotho,1996,55.136,51.798,58.618,75.1,98.9,486.803,337.57,37.6,0.053,1.3,5.156,World Bank API,2026-09-30 02:09:10
3737,LSO,Lesotho,1997,53.733,50.646,56.938,74.8,102.1,513.662,376.435,37.2,0.052,1.3,5.156,World Bank API,2026-09-30 02:09:10
3738,LSO,Lesotho,1998,52.029,49.121,55.042,74.3,104.2,552.368,422.238,36.9,0.051,1.3,5.156,World Bank API,2026-09-30 02:09:10
3739,LSO,Lesotho,1999,50.385,47.823,53.009,74.4,106.3,585.143,472.091,36.9,0.05,1.3,5.156,World Bank API,2026-09-30 02:09:10
3740,LSO,Lesotho,2000,48.783,46.461,51.146,74.8,108.3,620.441,518.653,37.1,0.048,1.3,5.156,World Bank API,2026-09-30 02:09:10
3741,LSO,Lesotho,2001,47.153,44.879,49.483,75.5,110.3,663.504,560.889,37.5,0.047,1.3,6.591,World Bank API,2026-09-30 02:09:10
3742,LSO,Lesotho,2002,45.95,43.839,48.109,76.4,112.1,689.483,594.922,38.0,0.046,1.3,5.861,World Bank API,2026-09-30 02:09:10
3743,LSO,Lesotho,2003,44.921,42.871,47.028,77.1,113.2,714.388,622.123,38.3,0.045,1.3,5.338,World Bank API,2026-09-30 02:09:10
3744,LSO,Lesotho,2004,44.039,41.862,46.319,77.8,113.9,741.307,640.206,38.6,0.048,1.3,5.247,World Bank API,2026-09-30 02:09:10
3745,LSO,Lesotho,2005,43.611,41.438,45.9,78.9,114.6,753.517,652.423,38.7,0.052,1.3,4.675,World Bank API,2026-09-30 02:09:10
3746,LSO,Lesotho,2006,43.182,41.525,44.849,79.6,114.7,754.24,684.619,38.6,0.055,1.3,5.405,World Bank API,2026-09-30 02:09:10
3747,LSO,Lesotho,2007,43.66,41.389,46.086,79.0,111.9,763.838,656.233,38.3,0.059,1.3,7.223,World Bank API,2026-09-30 02:09:10
3748,LSO,Lesotho,2008,44.304,42.115,46.608,83.9,111.6,752.007,649.397,37.8,0.062,1.3,7.666,World Bank API,2026-09-30 02:09:10
3749,LSO,Lesotho,2009,45.055,42.846,47.367,77.6,99.1,741.597,637.261,37.2,0.066,1.3,8.953,World Bank API,2026-09-30 02:09:10
3750,LSO,Lesotho,2010,46.045,43.855,48.303,73.6,90.9,723.71,620.818,36.6,0.069,1.3,7.405,World Bank API,2026-09-30 02:09:10
3751,LSO,Lesotho,2011,46.93,44.529,49.431,70.9,85.2,713.457,597.82,36.0,0.118,1.3,8.995,World Bank API,2026-09-30 02:09:10
3752,LSO,Lesotho,2012,48.235,45.827,50.703,71.0,81.4,684.511,571.203,35.6,0.166,1.3,9.986,World Bank API,2026-09-30 02:09:10
3753,LSO,Lesotho,2013,49.547,47.152,51.959,71.4,79.3,653.149,544.2,35.2,0.215,1.3,10.98,World Bank API,2026-09-30 02:09:10
3754,LSO,Lesotho,2014,50.786,48.317,53.252,70.3,77.6,625.39,514.54,34.7,0.263,1.3,9.988,World Bank API,2026-09-30 02:09:10
3755,LSO,Lesotho,2015,51.83,49.285,54.355,69.0,75.1,600.246,489.703,34.1,0.312,1.3,9.253,World Bank API,2026-09-30 02:09:10
3756,LSO,Lesotho,2016,52.908,50.428,55.325,68.2,71.4,570.0,468.319,33.5,0.36,1.3,9.197,World Bank API,2026-09-30 02:09:10
3757,LSO,Lesotho,2017,53.874,51.392,56.269,68.0,70.1,545.103,445.907,32.8,0.409,1.3,10.53,World Bank API,2026-09-30 02:09:10
3758,LSO,Lesotho,2018,54.638,52.121,57.055,65.2,68.8,526.129,427.354,32.1,0.457,1.3,11.126,World Bank API,2026-09-30 02:09:10
3759,LSO,Lesotho,2019,55.249,52.716,57.674,63.5,68.1,511.503,412.972,31.4,0.402,1.3,21.924,World Bank API,2026-09-30 02:09:10
3760,LSO,Lesotho,2020,55.133,52.502,57.669,62.1,66.3,515.5,412.175,30.8,0.346,1.3,10.408,World Bank API,2026-09-30 02:09:10
3761,LSO,Lesotho,2021,54.209,51.58,56.796,61.1,64.0,554.593,440.625,30.2,0.29,1.3,10.662,World Bank API,2026-09-30 02:09:10
3762,LSO,Lesotho,2022,56.812,54.079,59.43,59.9,62.0,482.356,374.099,29.7,0.235,1.3,12.896,World Bank API,2026-09-30 02:09:10
3763,LTU,Lithuania,1990,71.161,66.39,76.17,11.8,15.0,287.642,106.923,7.7,4.004,12.487,6.186,World Bank API,2026-09-30 02:09:10
3764,LTU,Lithuania,1991,70.364,65.13,75.86,13.1,16.5,309.779,114.241,9.4,3.908,12.465,6.186,World Bank API,2026-09-30 02:09:10
3765,LTU,Lithuania,1992,70.234,64.81,75.93,14.2,18.0,316.975,112.191,10.8,3.586,12.045,6.186,World Bank API,2026-09-30 02:09:10
3766,LTU,Lithuania,1993,68.91,63.13,74.98,14.3,18.1,361.318,126.744,10.7,3.61,11.911,6.186,World Bank API,2026-09-30 02:09:10
3767,LTU,Lithuania,1994,68.53,62.54,74.82,13.3,16.8,380.859,134.54,9.3,3.695,11.284,6.186,World Bank API,2026-09-30 02:09:10
3768,LTU,Lithuania,1995,69.006,63.26,75.04,12.0,15.1,372.327,133.719,7.7,3.686,11.09,6.186,World Bank API,2026-09-30 02:09:10
3769,LTU,Lithuania,1996,70.108,64.63,75.86,10.8,13.5,340.571,122.611,6.5,3.72,10.88,6.186,World Bank API,2026-09-30 02:09:10
3770,LTU,Lithuania,1997,70.909,65.47,76.62,9.9,12.4,314.156,111.475,5.6,3.76,10.19,6.186,World Bank API,2026-09-30 02:09:10
3771,LTU,Lithuania,1998,71.22,66.0,76.7,9.3,11.6,306.281,111.023,5.1,3.723,10.03,6.186,World Bank API,2026-09-30 02:09:10
3772,LTU,Lithuania,1999,71.571,66.4,77.0,8.9,11.1,296.759,105.983,4.7,3.716,9.85,6.186,World Bank API,2026-09-30 02:09:10
3773,LTU,Lithuania,2000,72.02,66.8,77.5,8.6,10.7,292.937,102.974,4.5,3.626,8.83,6.186,World Bank API,2026-09-30 02:09:10
3774,LTU,Lithuania,2001,71.659,66.0,77.6,8.2,10.3,311.081,109.185,4.4,3.628,8.33,6.002,World Bank API,2026-09-30 02:09:10
3775,LTU,Lithuania,2002,71.761,66.2,77.6,7.9,9.9,304.387,103.637,4.3,3.702,8.1,6.135,World Bank API,2026-09-30 02:09:10
3776,LTU,Lithuania,2003,72.061,66.5,77.9,7.7,9.6,304.451,107.048,4.3,3.669,7.85,6.177,World Bank API,2026-09-30 02:09:10
3777,LTU,Lithuania,2004,71.961,66.4,77.8,7.5,9.3,307.592,104.367,4.4,3.627,7.57,5.483,World Bank API,2026-09-30 02:09:10
3778,LTU,Lithuania,2005,71.254,65.4,77.4,7.3,9.0,331.463,112.675,4.3,3.721,7.28,5.646,World Bank API,2026-09-30 02:09:10
3779,LTU,Lithuania,2006,71.056,65.3,77.1,6.9,8.6,342.046,116.755,4.0,3.791,7.16,5.857,World Bank API,2026-09-30 02:09:10
3780,LTU,Lithuania,2007,70.9,64.9,77.2,6.5,8.0,355.587,120.102,3.7,3.884,7.19,5.76,World Bank API,2026-09-30 02:09:10
3781,LTU,Lithuania,2008,71.812,66.3,77.6,6.0,7.3,326.457,119.033,3.3,3.881,7.18,6.29,World Bank API,2026-09-30 02:09:10
3782,LTU,Lithuania,2009,72.915,67.5,78.6,5.4,6.7,286.844,99.771,3.1,3.854,7.18,7.345,World Bank API,2026-09-30 02:09:10
3783,LTU,Lithuania,2010,73.268,68.0,78.8,4.9,6.1,284.275,98.028,2.9,3.947,7.16,6.906,World Bank API,2026-09-30 02:09:10
3784,LTU,Lithuania,2011,73.563,68.1,79.3,4.6,5.6,272.305,96.743,2.7,4.097,7.43,6.54,World Bank API,2026-09-30 02:09:10
3785,LTU,Lithuania,2012,73.863,68.4,79.6,4.3,5.3,266.037,93.076,2.6,4.218,7.44,6.308,World Bank API,2026-09-30 02:09:10
3786,LTU,Lithuania,2013,73.915,68.5,79.6,4.2,5.1,264.796,91.212,2.5,4.276,7.31,6.155,World Bank API,2026-09-30 02:09:10
3787,LTU,Lithuania,2014,74.517,69.2,80.1,4.2,5.1,248.375,84.019,2.4,4.306,7.26,6.222,World Bank API,2026-09-30 02:09:10
3788,LTU,Lithuania,2015,74.322,69.2,79.7,4.1,5.0,242.739,84.158,2.4,4.338,6.96,6.474,World Bank API,2026-09-30 02:09:10
3789,LTU,Lithuania,2016,74.671,69.5,80.1,4.0,4.8,238.766,80.312,2.3,4.466,6.69,6.649,World Bank API,2026-09-30 02:09:10
3790,LTU,Lithuania,2017,75.48,70.7,80.5,3.7,4.5,209.197,77.241,2.3,4.555,6.56,6.445,World Bank API,2026-09-30 02:09:10
3791,LTU,Lithuania,2018,75.68,70.9,80.7,3.5,4.2,203.46,74.212,2.2,4.596,6.43,6.469,World Bank API,2026-09-30 02:09:10
3792,LTU,Lithuania,2019,76.283,71.6,81.2,3.3,3.9,197.618,71.116,2.2,4.568,6.34,6.945,World Bank API,2026-09-30 02:09:10
3793,LTU,Lithuania,2020,75.029,70.2,80.1,3.1,3.7,221.003,79.722,2.1,4.481,6.01,7.416,World Bank API,2026-09-30 02:09:10
3794,LTU,Lithuania,2021,74.037,69.5,78.8,3.0,3.6,228.424,89.364,2.1,4.485,6.07,7.732,World Bank API,2026-09-30 02:09:10
3795,LTU,Lithuania,2022,75.644,71.4,80.1,2.9,3.5,198.115,79.36,2.0,4.466,5.71,7.244,World Bank API,2026-09-30 02:09:10
3796,LUX,Luxembourg,1990,74.775,72.255,77.422,7.3,8.8,152.45,88.093,4.2,2.007,7.6,5.925,World Bank API,2026-09-30 02:09:10
3797,LUX,Luxembourg,1991,75.463,72.0,79.1,6.9,8.3,167.199,78.345,3.9,2.017,7.5,5.925,World Bank API,2026-09-30 02:09:10
3798,LUX,Luxembourg,1992,75.771,72.6,79.1,6.5,7.8,156.659,80.478,3.7,2.077,7.3,5.925,World Bank API,2026-09-30 02:09:10
3799,LUX,Luxembourg,1993,75.712,72.2,79.4,6.1,7.3,148.17,78.916,3.5,2.135,7.4,5.925,World Bank API,2026-09-30 02:09:10
3800,LUX,Luxembourg,1994,76.371,73.2,79.7,5.7,6.8,150.464,72.805,3.3,2.161,7.2,5.925,World Bank API,2026-09-30 02:09:10
3801,LUX,Luxembourg,1995,76.512,73.0,80.2,5.3,6.4,153.442,68.775,3.1,2.239,7.1,5.925,World Bank API,2026-09-30 02:09:10
3802,LUX,Luxembourg,1996,76.52,73.3,79.9,5.0,6.0,141.555,78.351,2.9,2.315,7.0,5.925,World Bank API,2026-09-30 02:09:10
3803,LUX,Luxembourg,1997,76.88,74.1,79.8,4.7,5.6,129.733,73.166,2.8,2.406,6.9,5.925,World Bank API,2026-09-30 02:09:10
3804,LUX,Luxembourg,1998,77.017,73.7,80.5,4.4,5.3,141.474,66.763,2.6,2.445,6.8,5.925,World Bank API,2026-09-30 02:09:10
3805,LUX,Luxembourg,1999,77.771,74.6,81.1,4.2,5.0,124.081,67.341,2.5,2.496,6.3,5.925,World Bank API,2026-09-30 02:09:10
3806,LUX,Luxembourg,2000,77.873,74.8,81.1,3.9,4.7,127.293,72.851,2.4,2.151,6.318,5.925,World Bank API,2026-09-30 02:09:10
3807,LUX,Luxembourg,2001,77.824,74.8,81.0,3.7,4.4,117.736,71.58,2.3,2.209,6.336,6.382,World Bank API,2026-09-30 02:09:10
3808,LUX,Luxembourg,2002,77.966,74.6,81.5,3.5,4.2,128.774,68.078,2.1,2.256,6.354,6.761,World Bank API,2026-09-30 02:09:10
3809,LUX,Luxembourg,2003,77.727,74.8,80.8,3.3,3.9,121.98,52.955,2.0,2.377,6.372,6.962,World Bank API,2026-09-30 02:09:10
3810,LUX,Luxembourg,2004,79.122,76.0,82.4,3.1,3.7,115.72,56.453,1.9,2.422,6.39,7.279,World Bank API,2026-09-30 02:09:10
3811,LUX,Luxembourg,2005,79.432,76.7,82.3,2.9,3.5,103.673,55.899,1.8,2.557,5.78,7.123,World Bank API,2026-09-30 02:09:10
3812,LUX,Luxembourg,2006,79.288,76.8,81.9,2.7,3.3,112.351,63.264,1.7,2.605,5.65,6.636,World Bank API,2026-09-30 02:09:10
3813,LUX,Luxembourg,2007,79.383,76.7,82.2,2.6,3.1,100.688,55.537,1.6,2.711,5.67,6.158,World Bank API,2026-09-30 02:09:10
3814,LUX,Luxembourg,2008,80.539,78.1,83.1,2.5,3.0,88.089,55.118,1.6,2.716,5.56,6.231,World Bank API,2026-09-30 02:09:10
3815,LUX,Luxembourg,2009,80.637,78.1,83.3,2.4,2.9,92.15,54.275,1.6,2.708,5.46,6.95,World Bank API,2026-09-30 02:09:10
3816,LUX,Luxembourg,2010,80.632,77.9,83.5,2.4,2.8,94.074,53.958,1.5,2.771,5.36,6.663,World Bank API,2026-09-30 02:09:10
3817,LUX,Luxembourg,2011,80.988,78.5,83.6,2.3,2.7,83.693,48.967,1.5,2.777,5.28,5.952,World Bank API,2026-09-30 02:09:10
3818,LUX,Luxembourg,2012,81.393,79.1,83.8,2.2,2.7,89.532,47.059,1.5,2.807,5.15,5.294,World Bank API,2026-09-30 02:09:10
3819,LUX,Luxembourg,2013,81.8,79.8,83.9,2.2,2.6,80.788,52.429,1.5,2.83,5.17,5.236,World Bank API,2026-09-30 02:09:10
3820,LUX,Luxembourg,2014,82.229,79.4,85.2,2.2,2.6,79.192,38.403,1.5,2.882,5.05,5.23,World Bank API,2026-09-30 02:09:10
3821,LUX,Luxembourg,2015,82.293,80.0,84.7,2.1,2.5,72.385,36.401,1.5,2.908,4.96,5.081,World Bank API,2026-09-30 02:09:10
3822,LUX,Luxembourg,2016,82.685,80.1,85.4,2.1,2.5,73.837,38.87,1.5,2.884,4.81,5.071,World Bank API,2026-09-30 02:09:10
3823,LUX,Luxembourg,2017,82.095,79.9,84.4,2.1,2.5,66.343,41.193,1.5,2.984,4.66,5.135,World Bank API,2026-09-30 02:09:10
3824,LUX,Luxembourg,2018,82.295,80.1,84.6,2.1,2.4,67.274,41.665,1.5,2.984,4.51,5.274,World Bank API,2026-09-30 02:09:10
3825,LUX,Luxembourg,2019,82.639,80.2,85.2,2.0,2.4,66.112,38.902,1.5,2.984,4.26,5.466,World Bank API,2026-09-30 02:09:10
3826,LUX,Luxembourg,2020,82.144,79.9,84.5,2.0,2.4,68.632,37.235,1.5,2.984,4.19,5.767,World Bank API,2026-09-30 02:09:10
3827,LUX,Luxembourg,2021,82.598,80.5,84.8,2.0,2.3,65.229,37.543,1.5,2.984,4.14,5.608,World Bank API,2026-09-30 02:09:10
3828,LUX,Luxembourg,2022,82.946,80.8,85.2,2.0,2.3,63.347,33.992,1.5,2.984,3.99,5.609,World Bank API,2026-09-30 02:09:10
3829,LVA,Latvia,1990,69.273,64.2,74.6,13.1,16.9,309.934,117.65,8.3,3.548,14.075,5.572,World Bank API,2026-09-30 02:09:10
3830,LVA,Latvia,1991,69.032,63.73,74.6,14.2,18.2,326.508,117.189,9.4,3.613,13.622,5.572,World Bank API,2026-09-30 02:09:10
3831,LVA,Latvia,1992,68.396,62.64,74.44,15.1,19.3,354.489,128.281,10.6,3.133,12.941,5.572,World Bank API,2026-09-30 02:09:10
3832,LVA,Latvia,1993,66.723,60.43,73.33,15.7,19.9,417.217,149.215,11.3,2.904,12.231,5.572,World Bank API,2026-09-30 02:09:10
3833,LVA,Latvia,1994,65.664,59.04,72.62,15.8,20.0,469.729,172.12,11.5,2.891,12.055,5.572,World Bank API,2026-09-30 02:09:10
3834,LVA,Latvia,1995,66.391,60.04,73.06,15.7,19.7,439.516,165.86,11.2,2.827,11.19,5.572,World Bank API,2026-09-30 02:09:10
3835,LVA,Latvia,1996,68.777,63.04,74.8,15.2,19.0,362.426,132.617,10.5,2.834,10.44,5.572,World Bank API,2026-09-30 02:09:10
3836,LVA,Latvia,1997,69.349,63.92,75.05,14.4,18.0,338.96,126.957,9.6,2.866,9.8,5.572,World Bank API,2026-09-30 02:09:10
3837,LVA,Latvia,1998,69.012,63.5,74.8,13.4,16.7,353.204,131.684,8.7,2.739,9.41,5.572,World Bank API,2026-09-30 02:09:10
3838,LVA,Latvia,1999,69.743,64.46,75.29,12.4,15.4,338.192,130.444,7.9,2.717,9.03,5.572,World Bank API,2026-09-30 02:09:10
3839,LVA,Latvia,2000,70.315,64.9,76.0,11.6,14.3,329.836,121.788,7.2,2.879,8.77,5.572,World Bank API,2026-09-30 02:09:10
3840,LVA,Latvia,2001,70.761,65.2,76.6,10.9,13.4,339.775,124.283,6.6,2.686,8.27,5.891,World Bank API,2026-09-30 02:09:10
3841,LVA,Latvia,2002,70.961,65.4,76.8,10.3,12.6,332.094,118.341,6.2,2.788,7.86,5.955,World Bank API,2026-09-30 02:09:10
3842,LVA,Latvia,2003,71.266,65.9,76.9,9.7,11.9,313.476,121.841,5.8,2.83,7.95,5.736,World Bank API,2026-09-30 02:09:10
3843,LVA,Latvia,2004,72.027,67.1,77.2,9.1,11.1,309.232,117.07,5.6,2.916,7.91,6.475,World Bank API,2026-09-30 02:09:10
3844,LVA,Latvia,2005,71.356,65.6,77.4,8.6,10.5,325.304,116.971,5.4,2.959,7.9,6.082,World Bank API,2026-09-30 02:09:10
3845,LVA,Latvia,2006,70.866,65.5,76.5,8.1,9.9,335.496,126.533,5.2,3.028,7.84,6.021,World Bank API,2026-09-30 02:09:10
3846,LVA,Latvia,2007,71.02,65.8,76.5,7.7,9.3,323.614,118.268,5.0,3.143,7.83,5.82,World Bank API,2026-09-30 02:09:10
3847,LVA,Latvia,2008,72.42,67.2,77.9,7.3,8.8,290.728,106.761,4.8,3.233,7.76,5.866,World Bank API,2026-09-30 02:09:10
3848,LVA,Latvia,2009,73.08,68.3,78.1,6.9,8.3,268.979,102.465,4.5,3.153,6.74,6.268,World Bank API,2026-09-30 02:09:10
3849,LVA,Latvia,2010,73.483,68.8,78.4,6.4,7.7,263.085,98.658,4.2,3.107,5.68,6.224,World Bank API,2026-09-30 02:09:10
3850,LVA,Latvia,2011,73.576,68.6,78.8,6.0,7.2,247.424,94.852,3.8,3.134,5.88,5.918,World Bank API,2026-09-30 02:09:10
3851,LVA,Latvia,2012,73.778,68.9,78.9,5.5,6.6,243.192,87.355,3.5,3.144,5.88,5.621,World Bank API,2026-09-30 02:09:10
3852,LVA,Latvia,2013,73.983,69.3,78.9,5.1,6.1,242.15,93.69,3.2,3.19,5.8,5.604,World Bank API,2026-09-30 02:09:10
3853,LVA,Latvia,2014,74.124,69.1,79.4,4.7,5.6,241.36,89.021,3.0,3.216,5.66,5.664,World Bank API,2026-09-30 02:09:10
3854,LVA,Latvia,2015,74.48,69.7,79.5,4.3,5.1,234.554,85.92,2.8,3.197,5.69,5.849,World Bank API,2026-09-30 02:09:10
3855,LVA,Latvia,2016,74.58,69.8,79.6,4.0,4.8,229.587,87.497,2.6,3.212,5.72,6.352,World Bank API,2026-09-30 02:09:10
3856,LVA,Latvia,2017,74.629,69.8,79.7,3.8,4.5,228.584,85.367,2.5,3.205,5.57,6.187,World Bank API,2026-09-30 02:09:10
3857,LVA,Latvia,2018,74.783,70.1,79.7,3.6,4.2,229.116,85.896,2.3,3.303,5.49,6.409,World Bank API,2026-09-30 02:09:10
3858,LVA,Latvia,2019,75.388,70.9,80.1,3.3,3.9,210.61,84.503,2.1,3.267,5.42,6.863,World Bank API,2026-09-30 02:09:10
3859,LVA,Latvia,2020,75.185,70.6,80.0,3.1,3.6,211.725,79.83,1.9,3.338,5.28,7.506,World Bank API,2026-09-30 02:09:10
3860,LVA,Latvia,2021,72.98,68.2,78.0,2.9,3.3,260.648,99.833,1.7,3.356,5.16,9.411,World Bank API,2026-09-30 02:09:10
3861,LVA,Latvia,2022,74.278,69.4,79.4,2.6,3.0,242.657,86.636,1.5,3.398,5.02,8.104,World Bank API,2026-09-30 02:09:10
3862,MAC,"Macao SAR, China",1990,76.399,74.466,78.428,37.7,45.1,105.857,64.402,21.0,0.811,2.76,4.865,World Bank API,2026-09-30 02:09:10
3863,MAC,"Macao SAR, China",1991,76.46,74.285,78.744,36.4,43.3,107.226,61.621,20.1,0.863,2.76,4.865,World Bank API,2026-09-30 02:09:10
3864,MAC,"Macao SAR, China",1992,76.893,74.806,79.085,34.9,42.5,101.419,58.782,19.7,0.861,2.84,4.865,World Bank API,2026-09-30 02:09:10
3865,MAC,"Macao SAR, China",1993,77.301,75.272,79.432,33.4,42.6,96.335,56.013,19.2,0.844,2.76,4.865,World Bank API,2026-09-30 02:09:10
3866,MAC,"Macao SAR, China",1994,77.266,74.846,79.808,32.9,39.6,99.868,53.195,18.9,0.845,2.76,4.865,World Bank API,2026-09-30 02:09:10
3867,MAC,"Macao SAR, China",1995,76.759,75.1,78.5,31.6,38.4,94.84,50.529,18.6,0.949,2.745,4.865,World Bank API,2026-09-30 02:09:10
3868,MAC,"Macao SAR, China",1996,77.544,75.3,79.9,30.4,37.2,101.806,50.006,18.0,0.99,2.64,4.865,World Bank API,2026-09-30 02:09:10
3869,MAC,"Macao SAR, China",1997,77.646,75.5,79.9,29.0,35.3,90.674,44.858,17.3,0.949,2.579,4.865,World Bank API,2026-09-30 02:09:10
3870,MAC,"Macao SAR, China",1998,78.246,76.1,80.5,28.2,33.4,87.303,43.073,16.7,0.989,2.583,4.865,World Bank API,2026-09-30 02:09:10
3871,MAC,"Macao SAR, China",1999,78.995,76.8,81.3,27.2,31.8,83.321,41.05,16.3,1.031,2.587,4.865,World Bank API,2026-09-30 02:09:10
3872,MAC,"Macao SAR, China",2000,80.183,77.5,83.0,26.3,30.5,80.576,39.275,16.0,1.042,2.508,4.865,World Bank API,2026-09-30 02:09:10
3873,MAC,"Macao SAR, China",2001,80.588,78.1,83.2,25.4,29.1,76.696,37.564,15.2,1.084,2.5,4.959,World Bank API,2026-09-30 02:09:10
3874,MAC,"Macao SAR, China",2002,80.946,78.8,83.2,23.6,28.1,73.954,36.321,14.5,1.088,2.429,5.33,World Bank API,2026-09-30 02:09:10
3875,MAC,"Macao SAR, China",2003,81.044,78.8,83.4,22.9,26.9,72.556,35.982,14.1,1.085,2.35,5.209,World Bank API,2026-09-30 02:09:10
3876,MAC,"Macao SAR, China",2004,80.993,78.7,83.4,21.1,26.1,71.664,34.827,13.7,1.12,2.361,5.336,World Bank API,2026-09-30 02:09:10
3877,MAC,"Macao SAR, China",2005,81.341,79.0,83.8,19.8,24.0,69.625,35.203,13.2,1.12,2.29,5.294,World Bank API,2026-09-30 02:09:10
3878,MAC,"Macao SAR, China",2006,81.729,78.9,84.7,19.3,22.8,68.923,34.234,13.0,1.13,2.297,5.405,World Bank API,2026-09-30 02:09:10
3879,MAC,"Macao SAR, China",2007,81.729,78.9,84.7,18.5,21.8,68.258,33.08,12.5,1.178,2.27,5.317,World Bank API,2026-09-30 02:09:10
3880,MAC,"Macao SAR, China",2008,82.027,79.1,85.1,17.9,20.9,66.856,32.37,12.1,1.218,2.26,5.444,World Bank API,2026-09-30 02:09:10
3881,MAC,"Macao SAR, China",2009,82.176,79.2,85.3,17.4,21.2,65.6,30.787,11.7,1.226,2.269,5.749,World Bank API,2026-09-30 02:09:10
3882,MAC,"Macao SAR, China",2010,82.273,79.2,85.5,16.7,19.3,65.255,30.026,11.4,1.319,2.25,5.49,World Bank API,2026-09-30 02:09:10
3883,MAC,"Macao SAR, China",2011,82.471,79.3,85.8,16.6,19.3,62.099,29.74,10.9,1.386,2.25,5.749,World Bank API,2026-09-30 02:09:10
3884,MAC,"Macao SAR, China",2012,82.471,79.3,85.8,16.2,18.9,60.82,28.897,11.0,1.391,2.27,5.776,World Bank API,2026-09-30 02:09:10
3885,MAC,"Macao SAR, China",2013,82.722,79.6,86.0,16.0,18.9,60.066,28.079,10.9,1.449,2.29,5.737,World Bank API,2026-09-30 02:09:10
3886,MAC,"Macao SAR, China",2014,83.022,79.9,86.3,15.8,18.5,59.055,27.456,10.8,1.432,2.34,5.838,World Bank API,2026-09-30 02:09:10
3887,MAC,"Macao SAR, China",2015,83.224,80.2,86.4,15.5,18.2,58.609,26.312,10.6,1.461,2.37,6.065,World Bank API,2026-09-30 02:09:10
3888,MAC,"Macao SAR, China",2016,83.276,80.3,86.4,15.0,17.8,59.559,25.505,10.2,1.514,2.36,6.172,World Bank API,2026-09-30 02:09:10
3889,MAC,"Macao SAR, China",2017,83.527,80.6,86.6,14.5,17.3,58.409,26.385,9.9,1.578,2.34,6.136,World Bank API,2026-09-30 02:09:10
3890,MAC,"Macao SAR, China",2018,83.678,80.8,86.7,14.1,16.4,57.126,24.665,9.8,1.573,2.3,5.932,World Bank API,2026-09-30 02:09:10
3891,MAC,"Macao SAR, China",2019,83.929,81.1,86.9,14.1,15.9,57.925,25.028,9.6,1.588,2.25,5.745,World Bank API,2026-09-30 02:09:10
3892,MAC,"Macao SAR, China",2020,84.129,81.3,87.1,13.6,15.6,51.616,25.251,9.3,1.63,2.35,6.646,World Bank API,2026-09-30 02:09:10
3893,MAC,"Macao SAR, China",2021,83.729,80.9,86.7,13.3,15.3,48.293,30.632,9.3,1.664,2.39,6.64,World Bank API,2026-09-30 02:09:10
3894,MAC,"Macao SAR, China",2022,83.08,80.3,86.0,13.0,15.1,51.302,24.049,9.0,1.625,2.36,6.573,World Bank API,2026-09-30 02:09:10
3895,MAF,St. Martin (French part),1990,74.565,70.801,78.746,37.7,45.1,145.718,67.226,21.0,0.811,2.76,4.865,World Bank API,2026-09-30 02:09:10
3896,MAF,St. Martin (French part),1991,74.925,71.263,78.943,36.4,43.3,139.915,65.825,20.1,0.863,2.76,4.865,World Bank API,2026-09-30 02:09:10
3897,MAF,St. Martin (French part),1992,75.15,71.587,79.115,34.9,42.5,135.863,64.622,19.7,0.861,2.84,4.865,World Bank API,2026-09-30 02:09:10
3898,MAF,St. Martin (French part),1993,75.349,71.853,79.292,33.4,42.6,132.551,63.407,19.2,0.844,2.76,4.865,World Bank API,2026-09-30 02:09:10
3899,MAF,St. Martin (French part),1994,75.533,72.087,79.482,32.9,39.6,129.636,62.112,18.9,0.845,2.76,4.865,World Bank API,2026-09-30 02:09:10
3900,MAF,St. Martin (French part),1995,75.714,72.284,79.684,31.6,38.4,127.186,60.762,18.6,0.949,2.745,4.865,World Bank API,2026-09-30 02:09:10
3901,MAF,St. Martin (French part),1996,75.885,72.449,79.892,30.4,37.2,125.145,59.393,18.0,0.99,2.64,4.865,World Bank API,2026-09-30 02:09:10
3902,MAF,St. Martin (French part),1997,76.105,72.676,80.127,29.0,35.3,122.443,57.859,17.3,0.949,2.579,4.865,World Bank API,2026-09-30 02:09:10
3903,MAF,St. Martin (French part),1998,76.338,72.905,80.369,28.2,33.4,119.752,56.307,16.7,0.989,2.583,4.865,World Bank API,2026-09-30 02:09:10
3904,MAF,St. Martin (French part),1999,76.565,73.129,80.597,27.2,31.8,117.135,54.865,16.3,1.031,2.587,4.865,World Bank API,2026-09-30 02:09:10
3905,MAF,St. Martin (French part),2000,76.793,73.35,80.806,26.3,30.5,114.582,53.572,16.0,1.042,2.508,4.865,World Bank API,2026-09-30 02:09:10
3906,MAF,St. Martin (French part),2001,77.009,73.568,80.998,25.4,29.1,112.088,52.405,15.2,1.084,2.5,4.959,World Bank API,2026-09-30 02:09:10
3907,MAF,St. Martin (French part),2002,77.219,73.783,81.177,23.6,28.1,109.65,51.328,14.5,1.088,2.429,5.33,World Bank API,2026-09-30 02:09:10
3908,MAF,St. Martin (French part),2003,77.419,73.994,81.35,22.9,26.9,107.269,50.31,14.1,1.085,2.35,5.209,World Bank API,2026-09-30 02:09:10
3909,MAF,St. Martin (French part),2004,77.612,74.203,81.521,21.1,26.1,104.944,49.313,13.7,1.12,2.361,5.336,World Bank API,2026-09-30 02:09:10
3910,MAF,St. Martin (French part),2005,77.802,74.407,81.692,19.8,24.0,102.691,48.334,13.2,1.12,2.29,5.294,World Bank API,2026-09-30 02:09:10
3911,MAF,St. Martin (French part),2006,77.989,74.605,81.858,19.3,22.8,100.524,47.395,13.0,1.13,2.297,5.405,World Bank API,2026-09-30 02:09:10
3912,MAF,St. Martin (French part),2007,78.16,74.763,82.04,18.5,21.8,98.804,46.381,12.5,1.178,2.27,5.317,World Bank API,2026-09-30 02:09:10
3913,MAF,St. Martin (French part),2008,78.326,74.92,82.216,17.9,20.9,97.122,45.415,12.1,1.218,2.26,5.444,World Bank API,2026-09-30 02:09:10
3914,MAF,St. Martin (French part),2009,78.513,75.122,82.376,17.4,21.2,95.027,44.551,11.7,1.226,2.269,5.749,World Bank API,2026-09-30 02:09:10
3915,MAF,St. Martin (French part),2010,78.752,75.374,82.572,16.7,19.3,92.525,43.507,11.4,1.319,2.25,5.49,World Bank API,2026-09-30 02:09:10
3916,MAF,St. Martin (French part),2011,79.016,75.621,82.798,16.6,19.3,90.117,42.307,10.9,1.386,2.25,5.749,World Bank API,2026-09-30 02:09:10
3917,MAF,St. Martin (French part),2012,79.302,75.932,82.993,16.2,18.9,87.129,41.296,11.0,1.391,2.27,5.776,World Bank API,2026-09-30 02:09:10
3918,MAF,St. Martin (French part),2013,79.528,76.136,83.197,16.0,18.9,85.207,40.255,10.9,1.449,2.29,5.737,World Bank API,2026-09-30 02:09:10
3919,MAF,St. Martin (French part),2014,79.727,76.278,83.432,15.8,18.5,83.88,39.079,10.8,1.432,2.34,5.838,World Bank API,2026-09-30 02:09:10
3920,MAF,St. Martin (French part),2015,79.829,76.316,83.588,15.5,18.2,83.529,38.313,10.6,1.461,2.37,6.065,World Bank API,2026-09-30 02:09:10
3921,MAF,St. Martin (French part),2016,79.885,76.313,83.701,15.0,17.8,83.555,37.763,10.2,1.514,2.36,6.172,World Bank API,2026-09-30 02:09:10
3922,MAF,St. Martin (French part),2017,78.762,75.486,82.251,14.5,17.3,88.553,51.502,9.9,1.578,2.34,6.136,World Bank API,2026-09-30 02:09:10
3923,MAF,St. Martin (French part),2018,80.029,76.395,83.849,14.1,16.4,82.801,37.053,9.8,1.573,2.3,5.932,World Bank API,2026-09-30 02:09:10
3924,MAF,St. Martin (French part),2019,80.078,76.462,83.843,14.1,15.9,82.186,37.082,9.6,1.588,2.25,5.745,World Bank API,2026-09-30 02:09:10
3925,MAF,St. Martin (French part),2020,80.085,76.561,83.851,13.6,15.6,81.281,37.044,9.3,1.63,2.35,6.646,World Bank API,2026-09-30 02:09:10
3926,MAF,St. Martin (French part),2021,80.206,76.702,83.85,13.3,15.3,80.007,37.047,9.3,1.664,2.39,6.64,World Bank API,2026-09-30 02:09:10
3927,MAF,St. Martin (French part),2022,80.236,76.783,83.845,13.0,15.1,79.282,37.074,9.0,1.625,2.36,6.573,World Bank API,2026-09-30 02:09:10
3928,MAR,Morocco,1990,62.396,60.907,63.959,65.5,81.1,263.455,215.328,36.9,0.214,1.29,3.693,World Bank API,2026-09-30 02:09:10
3929,MAR,Morocco,1991,62.919,61.426,64.486,63.2,77.6,257.522,209.851,36.1,0.214,1.246,3.693,World Bank API,2026-09-30 02:09:10
3930,MAR,Morocco,1992,63.388,61.895,64.956,61.1,74.3,252.138,204.974,35.2,0.214,1.201,3.693,World Bank API,2026-09-30 02:09:10
3931,MAR,Morocco,1993,63.868,62.326,65.487,58.9,71.1,247.174,199.554,34.4,0.214,1.157,3.693,World Bank API,2026-09-30 02:09:10
3932,MAR,Morocco,1994,64.346,62.787,65.983,56.8,68.1,242.003,194.463,33.5,0.363,1.112,3.693,World Bank API,2026-09-30 02:09:10
3933,MAR,Morocco,1995,64.725,63.162,66.364,54.7,65.2,237.684,190.156,32.6,0.395,1.068,3.693,World Bank API,2026-09-30 02:09:10
3934,MAR,Morocco,1996,65.226,63.667,66.86,52.7,62.3,232.132,185.36,31.7,0.428,1.024,3.693,World Bank API,2026-09-30 02:09:10
3935,MAR,Morocco,1997,65.616,64.056,67.251,50.7,59.6,227.726,181.255,30.9,0.46,0.98,3.693,World Bank API,2026-09-30 02:09:10
3936,MAR,Morocco,1998,66.008,64.427,67.666,48.9,57.1,223.51,176.917,30.0,0.466,0.947,3.693,World Bank API,2026-09-30 02:09:10
3937,MAR,Morocco,1999,66.404,64.767,68.122,47.1,54.7,219.589,172.088,29.2,0.472,0.913,3.693,World Bank API,2026-09-30 02:09:10
3938,MAR,Morocco,2000,66.794,65.13,68.54,45.4,52.4,215.36,167.633,28.4,0.477,0.88,3.693,World Bank API,2026-09-30 02:09:10
3939,MAR,Morocco,2001,67.2,65.551,68.927,43.8,50.2,210.407,163.485,27.7,0.483,0.89,3.816,World Bank API,2026-09-30 02:09:10
3940,MAR,Morocco,2002,67.582,65.953,69.287,42.1,48.0,205.651,159.585,26.9,0.5,0.89,4.061,World Bank API,2026-09-30 02:09:10
3941,MAR,Morocco,2003,67.958,66.349,69.638,40.4,45.8,200.979,155.81,26.1,0.517,0.89,4.08,World Bank API,2026-09-30 02:09:10
3942,MAR,Morocco,2004,68.272,66.695,69.917,38.6,43.6,196.911,152.93,25.3,0.534,0.87,4.232,World Bank API,2026-09-30 02:09:10
3943,MAR,Morocco,2005,68.748,67.112,70.454,36.8,41.4,191.843,146.877,24.5,0.551,0.86,4.374,World Bank API,2026-09-30 02:09:10
3944,MAR,Morocco,2006,69.157,67.469,70.924,35.0,39.2,187.541,141.651,23.5,0.569,0.87,4.566,World Bank API,2026-09-30 02:09:10
3945,MAR,Morocco,2007,69.62,67.954,71.365,33.2,36.9,181.523,136.776,22.6,0.586,0.87,4.808,World Bank API,2026-09-30 02:09:10
3946,MAR,Morocco,2008,70.051,68.413,71.768,31.4,34.8,175.767,132.301,21.4,0.616,0.87,4.838,World Bank API,2026-09-30 02:09:10
3947,MAR,Morocco,2009,70.454,68.844,72.143,29.7,32.8,170.356,128.166,20.2,0.646,0.85,5.273,World Bank API,2026-09-30 02:09:10
3948,MAR,Morocco,2010,70.821,69.238,72.484,28.1,30.9,165.437,124.409,19.0,0.642,0.84,5.419,World Bank API,2026-09-30 02:09:10
3949,MAR,Morocco,2011,71.263,69.605,73.014,26.6,29.2,160.812,118.779,17.9,0.639,0.83,5.37,World Bank API,2026-09-30 02:09:10
3950,MAR,Morocco,2012,71.674,69.94,73.514,25.2,27.5,156.574,113.549,16.9,0.635,0.83,5.396,World Bank API,2026-09-30 02:09:10
3951,MAR,Morocco,2013,72.117,70.381,73.961,23.8,26.0,151.008,108.942,15.9,0.631,0.82,5.255,World Bank API,2026-09-30 02:09:10
3952,MAR,Morocco,2014,72.522,70.796,74.356,22.5,24.5,145.763,104.932,15.0,0.913,0.795,5.416,World Bank API,2026-09-30 02:09:10
3953,MAR,Morocco,2015,72.894,71.172,74.722,21.4,23.1,141.058,101.268,14.2,0.853,0.77,5.104,World Bank API,2026-09-30 02:09:10
3954,MAR,Morocco,2016,73.228,71.501,75.064,20.3,21.9,136.945,97.916,13.4,0.794,0.745,5.092,World Bank API,2026-09-30 02:09:10
3955,MAR,Morocco,2017,73.608,71.787,75.553,19.3,20.8,133.369,93.384,12.8,0.734,0.72,4.989,World Bank API,2026-09-30 02:09:10
3956,MAR,Morocco,2018,73.946,72.036,75.994,18.5,19.9,130.268,89.394,12.2,0.736,0.71,4.945,World Bank API,2026-09-30 02:09:10
3957,MAR,Morocco,2019,74.245,72.253,76.391,17.8,19.1,127.57,85.895,11.7,0.737,0.7,5.02,World Bank API,2026-09-30 02:09:10
3958,MAR,Morocco,2020,73.133,70.852,75.718,17.1,18.3,141.706,91.74,11.2,0.738,0.74,5.789,World Bank API,2026-09-30 02:09:10
3959,MAR,Morocco,2021,73.385,71.299,75.659,16.5,17.6,145.059,97.114,10.8,0.74,0.72,5.453,World Bank API,2026-09-30 02:09:10
3960,MAR,Morocco,2022,75.161,73.063,77.403,15.9,17.0,117.926,77.344,10.4,0.74,0.73,5.753,World Bank API,2026-09-30 02:09:10
3961,MCO,Monaco,1990,79.436,75.621,83.351,6.3,7.8,90.11,39.48,4.2,2.718,21.679,3.695,World Bank API,2026-09-30 02:09:10
3962,MCO,Monaco,1991,79.749,75.878,83.743,6.0,7.4,87.638,37.561,4.0,2.718,21.679,3.695,World Bank API,2026-09-30 02:09:10
3963,MCO,Monaco,1992,80.065,76.135,84.12,5.8,7.1,85.215,35.778,3.8,2.718,21.679,3.695,World Bank API,2026-09-30 02:09:10
3964,MCO,Monaco,1993,80.365,76.4,84.452,5.5,6.8,82.757,34.266,3.7,2.963,20.976,3.695,World Bank API,2026-09-30 02:09:10
3965,MCO,Monaco,1994,80.654,76.689,84.73,5.3,6.5,80.128,33.032,3.5,3.208,20.273,3.695,World Bank API,2026-09-30 02:09:10
3966,MCO,Monaco,1995,80.902,76.953,84.949,5.1,6.2,77.766,32.084,3.4,3.453,19.57,3.695,World Bank API,2026-09-30 02:09:10
3967,MCO,Monaco,1996,81.133,77.219,85.135,4.9,6.0,75.439,31.297,3.2,3.698,19.131,3.695,World Bank API,2026-09-30 02:09:10
3968,MCO,Monaco,1997,81.358,77.492,85.3,4.7,5.8,73.096,30.607,3.1,3.944,18.692,3.695,World Bank API,2026-09-30 02:09:10
3969,MCO,Monaco,1998,81.605,77.827,85.438,4.5,5.5,70.396,30.04,3.0,4.189,18.253,3.695,World Bank API,2026-09-30 02:09:10
3970,MCO,Monaco,1999,81.826,78.142,85.546,4.4,5.3,67.962,29.599,2.9,4.434,17.814,3.695,World Bank API,2026-09-30 02:09:10
3971,MCO,Monaco,2000,82.121,78.468,85.804,4.2,5.2,65.517,28.569,2.8,4.679,17.375,3.695,World Bank API,2026-09-30 02:09:10
3972,MCO,Monaco,2001,82.485,78.755,86.271,4.1,5.0,63.411,26.773,2.7,4.924,16.935,3.754,World Bank API,2026-09-30 02:09:10
3973,MCO,Monaco,2002,83.055,79.197,86.995,4.0,4.8,60.267,24.162,2.6,5.169,16.496,3.809,World Bank API,2026-09-30 02:09:10
3974,MCO,Monaco,2003,83.613,79.73,87.569,3.8,4.7,56.628,22.23,2.5,5.414,16.057,4.432,World Bank API,2026-09-30 02:09:10
3975,MCO,Monaco,2004,84.151,80.412,87.903,3.7,4.6,52.236,21.166,2.5,5.659,15.618,4.525,World Bank API,2026-09-30 02:09:10
3976,MCO,Monaco,2005,84.34,80.841,87.811,3.7,4.5,49.616,21.454,2.4,5.904,15.179,4.503,World Bank API,2026-09-30 02:09:10
3977,MCO,Monaco,2006,84.194,80.852,87.546,3.6,4.4,49.549,22.305,2.4,6.149,14.74,4.296,World Bank API,2026-09-30 02:09:10
3978,MCO,Monaco,2007,83.903,80.661,87.222,3.5,4.3,50.704,23.384,2.3,6.395,14.63,3.812,World Bank API,2026-09-30 02:09:10
3979,MCO,Monaco,2008,83.827,80.728,87.027,3.4,4.2,50.293,24.049,2.2,6.64,14.78,4.084,World Bank API,2026-09-30 02:09:10
3980,MCO,Monaco,2009,84.187,81.465,86.951,3.3,4.1,45.987,24.313,2.2,6.885,15.19,4.842,World Bank API,2026-09-30 02:09:10
3981,MCO,Monaco,2010,84.644,82.241,87.071,3.3,4.0,41.757,23.9,2.2,7.13,15.88,4.958,World Bank API,2026-09-30 02:09:10
3982,MCO,Monaco,2011,85.01,82.787,87.276,3.2,3.9,38.947,23.202,2.1,7.375,18.31,4.635,World Bank API,2026-09-30 02:09:10
3983,MCO,Monaco,2012,85.045,82.649,87.604,3.1,3.8,39.646,22.118,2.1,7.32,17.82,4.757,World Bank API,2026-09-30 02:09:10
3984,MCO,Monaco,2013,85.056,82.489,87.914,3.0,3.7,40.47,21.13,2.0,8.107,22.27,4.574,World Bank API,2026-09-30 02:09:10
3985,MCO,Monaco,2014,85.093,82.468,88.097,3.0,3.6,40.58,20.566,2.0,7.756,21.99,4.441,World Bank API,2026-09-30 02:09:10
3986,MCO,Monaco,2015,85.323,82.821,88.199,2.9,3.5,38.774,20.255,1.9,7.892,21.99,4.315,World Bank API,2026-09-30 02:09:10
3987,MCO,Monaco,2016,85.63,83.309,88.29,2.8,3.4,36.378,19.983,1.8,8.027,21.99,4.123,World Bank API,2026-09-30 02:09:10
3988,MCO,Monaco,2017,85.878,83.69,88.357,2.7,3.3,34.587,19.781,1.8,8.162,21.99,4.161,World Bank API,2026-09-30 02:09:10
3989,MCO,Monaco,2018,86.084,84.044,88.369,2.6,3.2,32.98,19.747,1.7,8.298,21.99,4.048,World Bank API,2026-09-30 02:09:10
3990,MCO,Monaco,2019,86.151,84.209,88.323,2.6,3.1,32.253,19.881,1.7,8.609,21.99,3.88,World Bank API,2026-09-30 02:09:10
3991,MCO,Monaco,2020,86.089,84.133,88.27,2.5,3.0,31.338,19.614,1.6,8.609,21.99,4.287,World Bank API,2026-09-30 02:09:10
3992,MCO,Monaco,2021,85.113,83.19,87.294,2.4,2.9,34.505,19.689,1.5,8.609,21.99,3.675,World Bank API,2026-09-30 02:09:10
3993,MCO,Monaco,2022,85.746,83.828,87.915,2.3,2.8,32.722,19.41,1.5,8.609,21.99,3.395,World Bank API,2026-09-30 02:09:10
3994,MDA,Moldova,1990,67.92,64.175,71.308,29.1,33.5,281.456,156.967,18.5,3.479,13.148,5.927,World Bank API,2026-09-30 02:09:10
3995,MDA,Moldova,1991,67.554,63.705,71.08,29.5,33.9,291.413,158.296,18.9,3.409,13.116,5.927,World Bank API,2026-09-30 02:09:10
3996,MDA,Moldova,1992,66.749,62.595,70.652,30.4,34.9,316.005,162.809,19.7,3.427,12.79,5.927,World Bank API,2026-09-30 02:09:10
3997,MDA,Moldova,1993,66.66,62.712,70.356,31.7,36.2,313.86,164.926,20.7,3.475,12.483,5.927,World Bank API,2026-09-30 02:09:10
3998,MDA,Moldova,1994,66.319,62.359,70.052,32.9,37.5,322.39,168.262,21.7,3.495,12.222,5.927,World Bank API,2026-09-30 02:09:10
3999,MDA,Moldova,1995,66.218,62.229,69.998,33.8,38.4,327.16,168.936,22.5,3.453,12.21,5.927,World Bank API,2026-09-30 02:09:10
4000,MDA,Moldova,1996,66.248,62.262,70.032,34.0,38.6,327.725,168.38,23.1,3.511,12.13,5.927,World Bank API,2026-09-30 02:09:10
4001,MDA,Moldova,1997,66.484,62.5,70.264,33.5,37.9,323.586,164.897,23.3,3.545,11.62,5.927,World Bank API,2026-09-30 02:09:10
4002,MDA,Moldova,1998,66.84,62.878,70.586,32.2,36.3,316.544,160.523,23.0,3.612,11.23,5.927,World Bank API,2026-09-30 02:09:10
4003,MDA,Moldova,1999,67.205,63.233,70.953,30.2,34.1,310.625,155.91,22.0,3.024,8.19,5.927,World Bank API,2026-09-30 02:09:10
4004,MDA,Moldova,2000,67.462,63.481,71.218,27.9,31.4,307.302,153.154,20.5,2.437,6.09,5.927,World Bank API,2026-09-30 02:09:10
4005,MDA,Moldova,2001,67.672,63.677,71.445,25.4,28.5,305.591,151.083,18.9,2.291,5.98,6.234,World Bank API,2026-09-30 02:09:10
4006,MDA,Moldova,2002,67.793,63.783,71.582,23.0,25.8,306.388,150.21,17.2,2.33,5.9,7.404,World Bank API,2026-09-30 02:09:10
4007,MDA,Moldova,2003,67.9,63.862,71.718,20.9,23.4,308.593,149.391,15.8,2.326,5.88,7.022,World Bank API,2026-09-30 02:09:10
4008,MDA,Moldova,2004,68.017,63.936,71.876,19.3,21.5,311.916,148.653,14.7,2.247,5.71,8.971,World Bank API,2026-09-30 02:09:10
4009,MDA,Moldova,2005,68.197,64.067,72.102,18.0,20.1,314.764,147.669,14.0,2.515,5.76,9.558,World Bank API,2026-09-30 02:09:10
4010,MDA,Moldova,2006,68.423,64.246,72.385,17.0,19.0,316.549,146.188,13.5,2.573,5.73,10.544,World Bank API,2026-09-30 02:09:10
4011,MDA,Moldova,2007,68.674,64.449,72.693,16.4,18.2,316.57,144.019,13.1,2.62,5.68,11.021,World Bank API,2026-09-30 02:09:10
4012,MDA,Moldova,2008,69.0,64.74,73.06,15.9,17.7,312.456,139.788,12.9,2.623,5.77,10.949,World Bank API,2026-09-30 02:09:10
4013,MDA,Moldova,2009,69.406,65.108,73.507,15.5,17.2,304.69,133.443,12.7,2.709,5.92,13.677,World Bank API,2026-09-30 02:09:10
4014,MDA,Moldova,2010,69.876,65.545,74.011,15.2,16.8,293.912,125.486,12.6,2.743,6.06,10.131,World Bank API,2026-09-30 02:09:10
4015,MDA,Moldova,2011,70.173,65.818,74.341,14.9,16.5,286.722,120.425,12.4,2.828,6.19,9.097,World Bank API,2026-09-30 02:09:10
4016,MDA,Moldova,2012,70.344,65.966,74.55,14.7,16.2,282.721,118.111,12.2,2.889,6.36,9.14,World Bank API,2026-09-30 02:09:10
4017,MDA,Moldova,2013,70.291,65.882,74.554,14.5,16.0,284.751,119.478,12.0,3.06,6.09,8.683,World Bank API,2026-09-30 02:09:10
4018,MDA,Moldova,2014,70.241,65.8,74.561,14.3,15.8,286.872,121.062,11.8,3.091,6.02,8.732,World Bank API,2026-09-30 02:09:10
4019,MDA,Moldova,2015,70.118,65.595,74.528,14.2,15.6,291.533,123.024,11.7,3.159,5.72,8.5,World Bank API,2026-09-30 02:09:10
4020,MDA,Moldova,2016,70.179,65.588,74.65,14.1,15.5,291.794,122.633,11.6,3.239,5.81,7.621,World Bank API,2026-09-30 02:09:10
4021,MDA,Moldova,2017,70.375,65.72,74.892,14.0,15.4,289.327,120.474,11.5,3.285,5.76,7.128,World Bank API,2026-09-30 02:09:10
4022,MDA,Moldova,2018,70.236,65.645,74.665,14.1,15.4,291.426,121.896,11.5,3.204,5.75,6.708,World Bank API,2026-09-30 02:09:10
4023,MDA,Moldova,2019,70.181,65.575,74.622,14.1,15.5,293.24,122.982,11.5,4.033,5.8,6.497,World Bank API,2026-09-30 02:09:10
4024,MDA,Moldova,2020,69.914,65.46,74.223,14.3,15.6,286.531,130.787,11.6,4.038,5.59,7.005,World Bank API,2026-09-30 02:09:10
4025,MDA,Moldova,2021,68.991,64.738,73.115,14.5,15.8,296.44,128.009,11.8,4.039,5.73,7.749,World Bank API,2026-09-30 02:09:10
4026,MDA,Moldova,2022,71.546,66.667,76.206,14.7,16.0,260.757,100.06,12.0,4.145,5.69,6.965,World Bank API,2026-09-30 02:09:10
4027,MDG,Madagascar,1990,52.14,50.547,53.86,91.2,154.8,364.931,305.396,38.4,0.12,0.936,3.992,World Bank API,2026-09-30 02:09:10
4028,MDG,Madagascar,1991,52.555,50.995,54.228,88.6,149.4,362.08,304.387,37.7,0.15,0.885,3.992,World Bank API,2026-09-30 02:09:10
4029,MDG,Madagascar,1992,52.946,51.413,54.585,86.1,144.3,359.972,303.64,37.1,0.181,0.835,3.992,World Bank API,2026-09-30 02:09:10
4030,MDG,Madagascar,1993,53.733,52.205,55.359,83.8,139.5,350.464,295.746,36.4,0.211,0.784,3.992,World Bank API,2026-09-30 02:09:10
4031,MDG,Madagascar,1994,54.247,52.733,55.853,81.4,134.7,345.9,292.163,35.8,0.242,0.734,3.992,World Bank API,2026-09-30 02:09:10
4032,MDG,Madagascar,1995,54.845,53.308,56.471,78.9,129.8,340.862,286.945,35.1,0.272,0.683,3.992,World Bank API,2026-09-30 02:09:10
4033,MDG,Madagascar,1996,55.477,53.972,57.062,76.4,124.8,334.003,282.148,34.3,0.107,0.632,3.992,World Bank API,2026-09-30 02:09:10
4034,MDG,Madagascar,1997,56.127,54.71,57.61,73.7,119.6,325.747,278.017,33.5,0.103,0.582,3.992,World Bank API,2026-09-30 02:09:10
4035,MDG,Madagascar,1998,56.803,55.449,58.213,70.9,114.4,317.816,273.165,32.6,0.099,0.531,3.992,World Bank API,2026-09-30 02:09:10
4036,MDG,Madagascar,1999,57.434,56.147,58.769,68.1,109.3,310.414,268.928,31.8,0.095,0.481,3.992,World Bank API,2026-09-30 02:09:10
4037,MDG,Madagascar,2000,57.974,56.819,59.162,65.4,104.4,303.393,266.798,31.0,0.091,0.43,3.992,World Bank API,2026-09-30 02:09:10
4038,MDG,Madagascar,2001,58.674,57.528,59.85,62.9,99.8,296.09,260.478,30.2,0.087,0.32,4.115,World Bank API,2026-09-30 02:09:10
4039,MDG,Madagascar,2002,59.17,58.022,60.346,60.5,95.6,292.102,256.652,29.5,0.13,0.355,4.929,World Bank API,2026-09-30 02:09:10
4040,MDG,Madagascar,2003,59.693,58.476,60.941,58.3,91.6,288.465,251.308,28.8,0.141,0.39,5.003,World Bank API,2026-09-30 02:09:10
4041,MDG,Madagascar,2004,60.168,58.911,61.46,56.2,87.8,284.852,246.747,28.2,0.149,0.385,5.251,World Bank API,2026-09-30 02:09:10
4042,MDG,Madagascar,2005,60.664,59.366,61.997,54.1,84.1,281.199,241.839,27.5,0.172,0.38,5.216,World Bank API,2026-09-30 02:09:10
4043,MDG,Madagascar,2006,61.14,59.806,62.511,52.2,80.8,277.38,236.973,26.9,0.163,0.32,5.072,World Bank API,2026-09-30 02:09:10
4044,MDG,Madagascar,2007,61.533,60.177,62.926,50.3,77.6,274.239,233.155,26.3,0.173,0.32,4.609,World Bank API,2026-09-30 02:09:10
4045,MDG,Madagascar,2008,61.992,60.536,63.49,48.7,74.8,271.065,227.125,25.8,0.178,0.29,4.081,World Bank API,2026-09-30 02:09:10
4046,MDG,Madagascar,2009,62.304,60.839,63.811,47.3,72.4,268.628,224.167,25.3,0.173,0.31,4.385,World Bank API,2026-09-30 02:09:10
4047,MDG,Madagascar,2010,62.597,61.089,64.148,46.2,70.3,266.459,220.799,24.8,0.186,0.33,4.698,World Bank API,2026-09-30 02:09:10
4048,MDG,Madagascar,2011,62.86,61.317,64.449,45.2,68.6,264.507,217.716,24.5,0.137,0.32,4.522,World Bank API,2026-09-30 02:09:10
4049,MDG,Madagascar,2012,63.007,61.435,64.625,44.5,67.3,264.152,216.105,24.2,0.136,0.32,3.911,World Bank API,2026-09-30 02:09:10
4050,MDG,Madagascar,2013,63.161,61.58,64.789,44.1,66.4,262.733,214.506,24.0,0.146,0.32,3.752,World Bank API,2026-09-30 02:09:10
4051,MDG,Madagascar,2014,63.261,61.66,64.91,43.8,65.7,262.51,213.351,23.8,0.173,0.32,4.462,World Bank API,2026-09-30 02:09:10
4052,MDG,Madagascar,2015,63.362,61.785,64.984,43.6,65.3,260.451,212.559,23.7,0.178,0.32,5.006,World Bank API,2026-09-30 02:09:10
4053,MDG,Madagascar,2016,63.431,61.859,65.047,43.6,64.9,259.508,211.866,23.6,0.184,0.32,5.332,World Bank API,2026-09-30 02:09:10
4054,MDG,Madagascar,2017,63.433,61.86,65.05,43.7,64.9,259.433,211.801,23.6,0.19,0.32,4.802,World Bank API,2026-09-30 02:09:10
4055,MDG,Madagascar,2018,63.491,61.923,65.102,43.9,64.9,258.334,211.022,23.6,0.195,0.32,4.222,World Bank API,2026-09-30 02:09:10
4056,MDG,Madagascar,2019,63.504,61.911,65.142,44.1,65.0,258.689,210.437,23.6,0.189,0.32,3.101,World Bank API,2026-09-30 02:09:10
4057,MDG,Madagascar,2020,62.706,60.916,64.576,44.3,65.1,272.884,218.711,23.7,0.184,0.32,3.723,World Bank API,2026-09-30 02:09:10
4058,MDG,Madagascar,2021,62.516,60.833,64.256,44.4,65.0,283.738,229.341,23.6,0.178,0.32,3.553,World Bank API,2026-09-30 02:09:10
4059,MDG,Madagascar,2022,63.068,61.387,64.801,44.1,64.5,270.662,218.231,23.5,0.172,0.32,3.149,World Bank API,2026-09-30 02:09:10
4060,MDV,Maldives,1990,63.148,62.361,64.199,72.8,87.0,210.584,200.862,42.9,0.07,0.763,7.737,World Bank API,2026-09-30 02:09:10
4061,MDV,Maldives,1991,63.911,63.084,65.012,69.0,82.1,202.944,191.758,41.2,0.19,0.854,7.737,World Bank API,2026-09-30 02:09:10
4062,MDV,Maldives,1992,64.664,63.789,65.832,65.2,77.4,195.34,182.355,39.4,0.236,0.944,7.737,World Bank API,2026-09-30 02:09:10
4063,MDV,Maldives,1993,65.434,64.525,66.647,61.4,72.7,187.233,173.053,37.4,0.282,1.035,7.737,World Bank API,2026-09-30 02:09:10
4064,MDV,Maldives,1994,66.197,65.245,67.468,57.6,68.0,179.593,164.406,35.4,0.408,1.126,7.737,World Bank API,2026-09-30 02:09:10
4065,MDV,Maldives,1995,66.962,65.984,68.268,53.6,63.1,171.979,156.363,33.2,0.534,1.216,7.737,World Bank API,2026-09-30 02:09:10
4066,MDV,Maldives,1996,67.734,66.73,69.078,49.6,58.3,164.415,148.557,31.0,0.66,1.307,7.737,World Bank API,2026-09-30 02:09:10
4067,MDV,Maldives,1997,68.517,67.522,69.855,45.7,53.5,156.376,141.068,28.7,0.703,1.398,7.737,World Bank API,2026-09-30 02:09:10
4068,MDV,Maldives,1998,69.303,68.322,70.63,41.7,48.8,148.18,134.062,26.5,0.746,1.489,7.737,World Bank API,2026-09-30 02:09:10
4069,MDV,Maldives,1999,70.157,69.188,71.475,37.7,44.1,140.124,127.043,24.3,0.788,1.579,7.737,World Bank API,2026-09-30 02:09:10
4070,MDV,Maldives,2000,70.892,69.944,72.195,33.8,39.5,133.561,123.148,22.2,0.831,1.67,7.737,World Bank API,2026-09-30 02:09:10
4071,MDV,Maldives,2001,71.659,70.632,73.068,30.1,35.1,128.129,114.224,19.9,0.874,1.86,8.214,World Bank API,2026-09-30 02:09:10
4072,MDV,Maldives,2002,72.36,71.301,73.812,26.7,31.1,119.821,106.331,17.4,0.916,1.91,8.784,World Bank API,2026-09-30 02:09:10
4073,MDV,Maldives,2003,73.263,72.135,74.803,23.6,27.4,108.518,92.344,15.2,0.959,2.17,6.779,World Bank API,2026-09-30 02:09:10
4074,MDV,Maldives,2004,73.008,72.047,74.337,21.9,27.2,108.073,99.922,13.5,1.002,2.52,7.484,World Bank API,2026-09-30 02:09:10
4075,MDV,Maldives,2005,74.785,73.65,76.321,18.6,21.6,90.016,75.1,12.0,1.235,2.56,8.828,World Bank API,2026-09-30 02:09:10
4076,MDV,Maldives,2006,75.256,74.066,76.862,16.7,19.4,87.964,69.718,10.9,1.468,4.35,8.048,World Bank API,2026-09-30 02:09:10
4077,MDV,Maldives,2007,75.711,74.491,77.361,15.2,17.6,85.627,65.169,9.9,1.701,4.21,8.306,World Bank API,2026-09-30 02:09:10
4078,MDV,Maldives,2008,75.999,74.755,77.7,13.9,16.1,84.733,64.085,9.1,1.606,2.34,11.471,World Bank API,2026-09-30 02:09:10
4079,MDV,Maldives,2009,76.371,75.151,78.05,12.8,14.9,81.385,62.951,8.3,1.51,3.91,10.093,World Bank API,2026-09-30 02:09:10
4080,MDV,Maldives,2010,76.756,75.531,78.443,11.9,13.8,78.046,59.89,7.6,1.455,4.083,8.488,World Bank API,2026-09-30 02:09:10
4081,MDV,Maldives,2011,77.141,75.929,78.806,11.1,12.9,74.815,55.692,6.9,1.557,4.257,7.923,World Bank API,2026-09-30 02:09:10
4082,MDV,Maldives,2012,77.512,76.317,79.152,10.4,12.1,70.975,52.361,6.4,1.658,4.43,8.673,World Bank API,2026-09-30 02:09:10
4083,MDV,Maldives,2013,77.847,76.636,79.507,9.8,11.3,67.805,48.733,6.1,1.76,4.603,8.155,World Bank API,2026-09-30 02:09:10
4084,MDV,Maldives,2014,78.187,77.02,79.788,9.1,10.6,62.94,48.04,5.9,1.862,4.777,7.913,World Bank API,2026-09-30 02:09:10
4085,MDV,Maldives,2015,78.607,77.485,80.146,8.5,9.9,57.169,44.873,5.9,1.591,4.95,8.683,World Bank API,2026-09-30 02:09:10
4086,MDV,Maldives,2016,78.913,77.82,80.403,8.0,9.2,53.557,43.703,5.8,1.32,4.94,10.233,World Bank API,2026-09-30 02:09:10
4087,MDV,Maldives,2017,79.228,78.082,80.788,7.4,8.6,52.08,39.791,5.6,1.894,4.94,9.149,World Bank API,2026-09-30 02:09:10
4088,MDV,Maldives,2018,79.433,78.185,81.136,6.9,8.0,53.68,37.785,5.4,1.862,4.95,7.294,World Bank API,2026-09-30 02:09:10
4089,MDV,Maldives,2019,79.707,78.392,81.514,6.4,7.4,54.894,36.491,5.1,2.235,6.36,7.502,World Bank API,2026-09-30 02:09:10
4090,MDV,Maldives,2020,78.713,77.514,80.386,6.0,6.9,68.843,43.376,4.7,2.235,5.04,11.439,World Bank API,2026-09-30 02:09:10
4091,MDV,Maldives,2021,78.052,76.825,79.699,5.6,6.4,67.627,46.802,4.4,2.235,4.56,8.852,World Bank API,2026-09-30 02:09:10
4092,MDV,Maldives,2022,80.76,79.421,82.546,5.3,6.0,46.776,30.506,4.1,2.235,4.56,7.5,World Bank API,2026-09-30 02:09:10
4093,MEX,Mexico,1990,69.034,66.122,72.025,38.2,44.9,245.334,137.002,22.0,0.988,1.0,4.244,World Bank API,2026-09-30 02:09:10
4094,MEX,Mexico,1991,69.368,66.437,72.373,36.5,42.7,242.372,133.87,21.4,1.177,1.1,4.244,World Bank API,2026-09-30 02:09:10
4095,MEX,Mexico,1992,69.663,66.749,72.642,34.8,40.7,239.03,131.478,20.8,1.333,1.2,4.244,World Bank API,2026-09-30 02:09:10
4096,MEX,Mexico,1993,69.961,67.072,72.905,33.3,38.7,236.341,129.34,20.1,1.481,1.2,4.244,World Bank API,2026-09-30 02:09:10
4097,MEX,Mexico,1994,70.302,67.492,73.152,31.7,36.9,230.889,127.225,19.4,1.58,1.2,4.244,World Bank API,2026-09-30 02:09:10
4098,MEX,Mexico,1995,70.703,67.967,73.468,30.3,35.1,223.955,124.064,18.5,1.668,1.2,4.244,World Bank API,2026-09-30 02:09:10
4099,MEX,Mexico,1996,71.088,68.449,73.742,28.9,33.4,216.9,121.473,17.6,1.664,1.2,4.244,World Bank API,2026-09-30 02:09:10
4100,MEX,Mexico,1997,71.472,68.87,74.085,27.5,31.8,212.098,118.364,16.7,1.701,1.1,4.244,World Bank API,2026-09-30 02:09:10
4101,MEX,Mexico,1998,71.792,69.231,74.358,26.3,30.2,208.403,116.515,15.8,1.715,1.1,4.244,World Bank API,2026-09-30 02:09:10
4102,MEX,Mexico,1999,72.203,69.695,74.708,25.1,28.8,203.009,113.499,14.9,1.718,1.1,4.244,World Bank API,2026-09-30 02:09:10
4103,MEX,Mexico,2000,72.562,70.139,74.972,24.0,27.4,196.857,111.048,13.9,1.631,1.06,4.244,World Bank API,2026-09-30 02:09:10
4104,MEX,Mexico,2001,72.912,70.562,75.24,22.9,26.2,191.13,108.631,13.0,1.519,1.08,4.582,World Bank API,2026-09-30 02:09:10
4105,MEX,Mexico,2002,73.106,70.805,75.382,21.9,25.0,187.86,107.607,12.0,1.529,1.09,4.83,World Bank API,2026-09-30 02:09:10
4106,MEX,Mexico,2003,73.308,71.042,75.548,21.0,23.9,184.479,106.088,11.0,1.58,1.06,5.54,World Bank API,2026-09-30 02:09:10
4107,MEX,Mexico,2004,73.432,71.174,75.664,20.2,23.0,183.286,105.039,10.1,1.655,1.07,5.684,World Bank API,2026-09-30 02:09:10
4108,MEX,Mexico,2005,73.627,71.35,75.877,19.5,22.1,181.742,103.343,9.5,1.768,1.05,5.581,World Bank API,2026-09-30 02:09:10
4109,MEX,Mexico,2006,73.746,71.442,76.025,18.9,21.3,181.904,102.281,9.1,1.886,1.02,5.406,World Bank API,2026-09-30 02:09:10
4110,MEX,Mexico,2007,73.796,71.425,76.144,18.4,20.7,183.826,101.394,9.0,1.929,1.06,5.507,World Bank API,2026-09-30 02:09:10
4111,MEX,Mexico,2008,73.695,71.249,76.119,17.9,20.0,189.179,103.102,9.0,1.957,1.03,5.446,World Bank API,2026-09-30 02:09:10
4112,MEX,Mexico,2009,73.628,71.099,76.135,17.4,19.5,193.536,103.558,9.0,1.987,1.02,5.848,World Bank API,2026-09-30 02:09:10
4113,MEX,Mexico,2010,73.718,71.121,76.293,17.0,18.9,195.384,102.795,8.9,2.007,1.05,5.49,World Bank API,2026-09-30 02:09:10
4114,MEX,Mexico,2011,73.921,71.292,76.524,16.6,18.4,193.621,100.325,8.8,2.109,1.03,5.301,World Bank API,2026-09-30 02:09:10
4115,MEX,Mexico,2012,74.128,71.5,76.727,16.2,17.9,191.565,99.139,8.7,2.12,1.02,5.421,World Bank API,2026-09-30 02:09:10
4116,MEX,Mexico,2013,74.289,71.721,76.819,15.8,17.5,188.799,99.111,8.6,2.164,1.02,5.577,World Bank API,2026-09-30 02:09:10
4117,MEX,Mexico,2014,74.404,71.877,76.886,15.4,17.0,186.874,98.728,8.5,2.237,1.01,5.353,World Bank API,2026-09-30 02:09:10
4118,MEX,Mexico,2015,74.431,71.883,76.929,15.0,16.6,188.499,99.243,8.5,2.34,1.0,5.527,World Bank API,2026-09-30 02:09:10
4119,MEX,Mexico,2016,74.376,71.738,76.962,14.7,16.2,193.513,100.078,8.6,2.345,1.0,5.385,World Bank API,2026-09-30 02:09:10
4120,MEX,Mexico,2017,74.261,71.5,76.972,14.4,15.8,201.105,101.717,9.0,2.409,0.99,5.312,World Bank API,2026-09-30 02:09:10
4121,MEX,Mexico,2018,74.301,71.422,77.13,14.0,15.4,204.952,101.871,9.3,2.456,0.98,5.238,World Bank API,2026-09-30 02:09:10
4122,MEX,Mexico,2019,74.53,71.587,77.422,13.7,15.0,203.802,98.915,9.5,2.46,0.96,5.301,World Bank API,2026-09-30 02:09:10
4123,MEX,Mexico,2020,70.449,66.89,74.109,13.4,14.6,279.914,143.172,9.4,2.425,1.0,6.052,World Bank API,2026-09-30 02:09:10
4124,MEX,Mexico,2021,69.75,66.232,73.352,13.1,14.2,291.422,154.911,9.1,2.541,1.01,5.877,World Bank API,2026-09-30 02:09:10
4125,MEX,Mexico,2022,73.973,70.918,76.966,12.8,13.8,214.825,105.877,8.8,2.588,1.01,5.709,World Bank API,2026-09-30 02:09:10
4126,MHL,Marshall Islands,1990,61.756,58.976,65.192,37.7,47.8,367.563,242.729,18.5,0.422,2.273,13.525,World Bank API,2026-09-30 02:09:10
4127,MHL,Marshall Islands,1991,61.792,59.147,65.051,36.4,46.1,366.262,248.23,18.0,0.422,2.254,13.525,World Bank API,2026-09-30 02:09:10
4128,MHL,Marshall Islands,1992,61.9,59.399,64.968,35.3,44.6,362.52,252.24,17.6,0.422,2.234,13.525,World Bank API,2026-09-30 02:09:10
4129,MHL,Marshall Islands,1993,62.085,59.708,64.996,34.4,43.3,356.813,253.746,17.3,0.422,2.215,13.525,World Bank API,2026-09-30 02:09:10
4130,MHL,Marshall Islands,1994,62.308,60.05,65.067,33.7,42.4,349.826,253.787,17.3,0.422,2.196,13.525,World Bank API,2026-09-30 02:09:10
4131,MHL,Marshall Islands,1995,62.515,60.321,65.195,33.4,41.9,343.896,252.068,17.4,0.422,2.177,13.525,World Bank API,2026-09-30 02:09:10
4132,MHL,Marshall Islands,1996,62.765,60.587,65.432,33.4,41.8,337.886,247.92,17.7,0.422,2.158,13.525,World Bank API,2026-09-30 02:09:10
4133,MHL,Marshall Islands,1997,63.015,60.816,65.715,33.6,42.0,332.568,242.519,18.2,0.434,2.138,13.525,World Bank API,2026-09-30 02:09:10
4134,MHL,Marshall Islands,1998,63.218,60.963,65.999,33.9,42.3,328.918,236.873,18.8,0.446,2.119,13.525,World Bank API,2026-09-30 02:09:10
4135,MHL,Marshall Islands,1999,63.421,61.116,66.277,34.3,42.6,325.12,231.419,19.1,0.459,2.1,13.525,World Bank API,2026-09-30 02:09:10
4136,MHL,Marshall Islands,2000,63.323,61.025,66.176,34.5,42.7,324.943,231.419,19.3,0.471,2.164,13.525,World Bank API,2026-09-30 02:09:10
4137,MHL,Marshall Islands,2001,63.735,61.432,66.582,34.5,42.7,317.239,225.46,19.3,0.489,2.227,11.19,World Bank API,2026-09-30 02:09:10
4138,MHL,Marshall Islands,2002,63.848,61.596,66.622,34.5,42.5,313.302,224.865,19.2,0.507,2.291,12.066,World Bank API,2026-09-30 02:09:10
4139,MHL,Marshall Islands,2003,63.956,61.779,66.624,34.3,42.2,309.097,225.185,19.0,0.525,2.355,13.332,World Bank API,2026-09-30 02:09:10
4140,MHL,Marshall Islands,2004,64.044,61.945,66.604,34.0,41.8,305.43,226.085,18.9,0.542,2.418,14.151,World Bank API,2026-09-30 02:09:10
4141,MHL,Marshall Islands,2005,64.112,62.089,66.571,33.7,41.3,302.424,227.319,18.8,0.56,2.482,18.453,World Bank API,2026-09-30 02:09:10
4142,MHL,Marshall Islands,2006,64.207,62.273,66.55,33.5,40.9,298.93,228.427,18.7,0.578,2.545,22.299,World Bank API,2026-09-30 02:09:10
4143,MHL,Marshall Islands,2007,64.259,62.397,66.514,33.2,40.4,296.719,229.649,18.5,0.596,2.609,16.825,World Bank API,2026-09-30 02:09:10
4144,MHL,Marshall Islands,2008,64.3,62.444,66.557,32.9,40.0,296.104,229.591,18.4,0.602,2.673,18.98,World Bank API,2026-09-30 02:09:10
4145,MHL,Marshall Islands,2009,64.395,62.555,66.637,32.5,39.5,294.424,228.886,18.2,0.609,2.736,18.729,World Bank API,2026-09-30 02:09:10
4146,MHL,Marshall Islands,2010,64.498,62.66,66.746,32.2,39.0,292.96,227.669,18.1,0.615,2.8,17.734,World Bank API,2026-09-30 02:09:10
4147,MHL,Marshall Islands,2011,64.641,62.796,66.913,31.8,38.4,290.982,225.564,17.9,0.636,2.8,11.359,World Bank API,2026-09-30 02:09:10
4148,MHL,Marshall Islands,2012,64.776,62.919,67.064,31.3,37.8,289.341,223.749,17.7,0.467,2.8,11.662,World Bank API,2026-09-30 02:09:10
4149,MHL,Marshall Islands,2013,64.954,63.107,67.227,30.7,37.0,286.613,221.809,17.4,0.467,2.8,12.137,World Bank API,2026-09-30 02:09:10
4150,MHL,Marshall Islands,2014,65.11,63.266,67.376,30.1,36.1,284.511,220.143,17.1,0.467,2.8,12.045,World Bank API,2026-09-30 02:09:10
4151,MHL,Marshall Islands,2015,65.292,63.419,67.596,29.4,35.2,282.607,217.473,16.6,0.467,2.8,14.782,World Bank API,2026-09-30 02:09:10
4152,MHL,Marshall Islands,2016,65.477,63.589,67.799,28.6,34.2,280.451,215.113,16.1,0.467,2.8,14.628,World Bank API,2026-09-30 02:09:10
4153,MHL,Marshall Islands,2017,65.673,63.773,68.01,27.8,33.2,278.102,212.682,15.6,0.467,2.8,12.025,World Bank API,2026-09-30 02:09:10
4154,MHL,Marshall Islands,2018,65.87,63.955,68.227,27.0,32.2,275.82,210.208,15.2,0.467,2.8,14.467,World Bank API,2026-09-30 02:09:10
4155,MHL,Marshall Islands,2019,66.047,64.101,68.448,26.2,31.2,274.227,207.71,14.7,0.467,2.8,14.99,World Bank API,2026-09-30 02:09:10
4156,MHL,Marshall Islands,2020,65.387,63.278,68.086,25.5,30.3,288.925,214.669,14.2,0.467,2.8,12.124,World Bank API,2026-09-30 02:09:10
4157,MHL,Marshall Islands,2021,65.421,63.459,67.841,24.8,29.4,296.992,225.837,13.8,0.467,2.8,12.493,World Bank API,2026-09-30 02:09:10
4158,MHL,Marshall Islands,2022,66.725,64.737,69.115,24.1,28.5,265.917,200.338,13.3,0.467,2.8,13.608,World Bank API,2026-09-30 02:09:10
4159,MKD,North Macedonia,1990,71.172,69.176,73.268,32.9,36.5,161.29,97.72,17.1,2.13,5.948,8.87,World Bank API,2026-09-30 02:09:10
4160,MKD,North Macedonia,1991,71.583,69.499,73.771,31.5,34.9,159.493,96.833,16.3,2.182,5.787,8.87,World Bank API,2026-09-30 02:09:10
4161,MKD,North Macedonia,1992,71.148,68.927,73.481,30.2,33.6,166.357,96.749,15.6,2.246,5.696,8.87,World Bank API,2026-09-30 02:09:10
4162,MKD,North Macedonia,1993,71.597,69.179,74.135,27.9,31.1,172.097,103.677,14.6,2.256,5.601,8.87,World Bank API,2026-09-30 02:09:10
4163,MKD,North Macedonia,1994,71.693,69.4,74.1,24.9,27.8,183.302,106.251,13.5,2.261,5.55,8.87,World Bank API,2026-09-30 02:09:10
4164,MKD,North Macedonia,1995,71.849,69.8,74.0,22.0,24.6,177.419,104.503,12.5,2.26,5.41,8.87,World Bank API,2026-09-30 02:09:10
4165,MKD,North Macedonia,1996,72.495,70.3,74.8,19.4,21.7,182.456,98.502,11.7,2.218,5.2,8.87,World Bank API,2026-09-30 02:09:10
4166,MKD,North Macedonia,1997,72.446,70.3,74.7,17.4,19.5,177.017,101.301,11.0,2.217,5.16,8.87,World Bank API,2026-09-30 02:09:10
4167,MKD,North Macedonia,1998,72.298,70.2,74.5,16.1,18.0,178.754,102.613,10.4,2.212,5.15,8.87,World Bank API,2026-09-30 02:09:10
4168,MKD,North Macedonia,1999,72.79,70.4,75.3,15.1,16.9,175.783,96.202,9.8,2.172,5.1,8.87,World Bank API,2026-09-30 02:09:10
4169,MKD,North Macedonia,2000,72.946,70.8,75.2,14.2,16.0,168.101,92.247,9.2,2.166,4.98,8.87,World Bank API,2026-09-30 02:09:10
4170,MKD,North Macedonia,2001,73.437,70.9,76.1,13.4,15.1,172.555,87.818,8.6,2.158,4.86,8.382,World Bank API,2026-09-30 02:09:10
4171,MKD,North Macedonia,2002,73.039,70.6,75.6,12.9,14.5,177.886,84.987,8.3,2.204,4.71,8.978,World Bank API,2026-09-30 02:09:10
4172,MKD,North Macedonia,2003,73.241,70.9,75.7,12.6,14.2,170.022,86.069,8.5,2.137,4.68,9.009,World Bank API,2026-09-30 02:09:10
4173,MKD,North Macedonia,2004,73.598,71.5,75.8,12.5,14.0,159.007,84.049,8.9,2.152,4.65,8.465,World Bank API,2026-09-30 02:09:10
4174,MKD,North Macedonia,2005,73.698,71.6,75.9,12.2,13.7,158.361,82.652,9.0,2.102,4.58,7.679,World Bank API,2026-09-30 02:09:10
4175,MKD,North Macedonia,2006,73.895,71.7,76.2,11.6,13.1,159.92,82.406,8.8,2.483,4.52,7.383,World Bank API,2026-09-30 02:09:10
4176,MKD,North Macedonia,2007,73.8,71.8,75.9,10.9,12.3,152.246,85.407,8.3,2.427,4.48,6.571,World Bank API,2026-09-30 02:09:10
4177,MKD,North Macedonia,2008,74.4,72.4,76.5,10.2,11.5,140.123,80.504,7.7,2.59,4.49,6.553,World Bank API,2026-09-30 02:09:10
4178,MKD,North Macedonia,2009,74.446,72.3,76.7,9.6,10.8,144.036,76.361,7.2,2.603,4.46,6.528,World Bank API,2026-09-30 02:09:10
4179,MKD,North Macedonia,2010,74.998,72.9,77.2,9.2,10.4,139.831,74.888,6.8,2.701,4.6,6.714,World Bank API,2026-09-30 02:09:10
4180,MKD,North Macedonia,2011,75.1,73.1,77.2,9.1,10.2,133.652,72.06,6.7,2.769,4.55,6.519,World Bank API,2026-09-30 02:09:10
4181,MKD,North Macedonia,2012,74.902,73.0,76.9,9.2,10.4,131.089,74.464,6.9,2.839,4.48,6.615,World Bank API,2026-09-30 02:09:10
4182,MKD,North Macedonia,2013,75.4,73.4,77.5,9.5,10.7,129.135,68.517,7.4,2.883,4.56,6.719,World Bank API,2026-09-30 02:09:10
4183,MKD,North Macedonia,2014,75.451,73.5,77.5,9.8,11.1,130.284,68.467,7.9,3.021,4.55,6.29,World Bank API,2026-09-30 02:09:10
4184,MKD,North Macedonia,2015,75.402,73.5,77.4,9.8,11.1,124.766,69.211,8.1,3.017,4.59,6.342,World Bank API,2026-09-30 02:09:10
4185,MKD,North Macedonia,2016,75.4,73.4,77.5,9.4,10.6,126.333,66.037,7.7,3.166,4.62,6.379,World Bank API,2026-09-30 02:09:10
4186,MKD,North Macedonia,2017,75.954,74.1,77.9,8.5,9.6,116.165,65.091,6.9,3.204,4.57,6.439,World Bank API,2026-09-30 02:09:10
4187,MKD,North Macedonia,2018,76.649,74.6,78.8,7.4,8.4,116.859,63.574,5.7,3.315,4.56,6.457,World Bank API,2026-09-30 02:09:10
4188,MKD,North Macedonia,2019,76.602,74.7,78.6,6.3,7.1,112.669,61.748,4.5,3.409,4.67,7.067,World Bank API,2026-09-30 02:09:10
4189,MKD,North Macedonia,2020,74.395,72.2,76.7,5.3,6.0,140.419,81.446,3.4,3.343,4.76,7.732,World Bank API,2026-09-30 02:09:10
4190,MKD,North Macedonia,2021,73.246,71.1,75.5,4.4,5.1,164.689,100.75,2.6,3.144,4.74,8.419,World Bank API,2026-09-30 02:09:10
4191,MKD,North Macedonia,2022,74.425,72.22,76.74,3.7,4.2,111.768,59.281,1.9,2.944,4.74,7.422,World Bank API,2026-09-30 02:09:10
4192,MLI,Mali,1990,46.541,46.299,46.769,124.7,233.3,356.641,343.046,67.4,0.051,0.24,5.466,World Bank API,2026-09-30 02:09:10
4193,MLI,Mali,1991,46.889,46.729,47.033,122.6,228.7,352.804,343.71,65.8,0.05,0.24,5.466,World Bank API,2026-09-30 02:09:10
4194,MLI,Mali,1992,47.238,47.047,47.412,120.8,224.6,351.488,341.562,64.4,0.049,0.24,5.466,World Bank API,2026-09-30 02:09:10
4195,MLI,Mali,1993,47.586,47.434,47.717,119.1,220.9,348.721,340.462,63.1,0.048,0.24,5.466,World Bank API,2026-09-30 02:09:10
4196,MLI,Mali,1994,47.914,47.561,48.25,117.4,217.3,352.167,334.11,61.7,0.047,0.24,5.466,World Bank API,2026-09-30 02:09:10
4197,MLI,Mali,1995,48.292,47.891,48.678,115.6,213.7,350.249,330.511,60.1,0.043,0.24,5.466,World Bank API,2026-09-30 02:09:10
4198,MLI,Mali,1996,48.5,48.067,48.917,113.6,209.9,352.106,330.466,58.4,0.063,0.24,5.466,World Bank API,2026-09-30 02:09:10
4199,MLI,Mali,1997,49.086,48.583,49.576,111.4,205.6,347.858,322.841,56.7,0.058,0.24,5.466,World Bank API,2026-09-30 02:09:10
4200,MLI,Mali,1998,49.592,49.006,50.167,108.9,200.9,344.571,317.137,55.0,0.054,0.24,5.466,World Bank API,2026-09-30 02:09:10
4201,MLI,Mali,1999,50.06,49.459,50.651,106.1,195.6,341.999,313.117,53.3,0.049,0.236,5.466,World Bank API,2026-09-30 02:09:10
4202,MLI,Mali,2000,50.605,50.317,50.87,103.1,189.9,330.511,314.975,51.6,0.044,0.233,5.466,World Bank API,2026-09-30 02:09:10
4203,MLI,Mali,2001,51.3,50.911,51.673,99.9,183.9,325.344,305.621,49.9,0.047,0.229,4.52,World Bank API,2026-09-30 02:09:10
4204,MLI,Mali,2002,51.995,51.503,52.477,96.8,177.7,320.389,296.445,48.4,0.05,0.225,4.998,World Bank API,2026-09-30 02:09:10
4205,MLI,Mali,2003,52.632,52.047,53.211,93.8,171.7,316.545,288.728,46.9,0.052,0.222,5.051,World Bank API,2026-09-30 02:09:10
4206,MLI,Mali,2004,53.253,52.546,53.956,91.0,165.8,313.434,281.156,45.6,0.055,0.218,5.218,World Bank API,2026-09-30 02:09:10
4207,MLI,Mali,2005,53.792,53.036,54.544,88.3,160.1,310.459,276.162,44.4,0.06,0.215,5.195,World Bank API,2026-09-30 02:09:10
4208,MLI,Mali,2006,54.305,53.518,55.089,85.8,154.6,307.41,272.004,43.3,0.057,0.211,5.456,World Bank API,2026-09-30 02:09:10
4209,MLI,Mali,2007,54.756,53.934,55.578,83.4,149.2,305.38,268.728,42.3,0.06,0.207,5.253,World Bank API,2026-09-30 02:09:10
4210,MLI,Mali,2008,55.187,54.306,56.072,81.1,144.0,304.188,265.34,41.3,0.063,0.204,5.027,World Bank API,2026-09-30 02:09:10
4211,MLI,Mali,2009,55.588,54.721,56.46,78.9,138.9,301.473,263.18,40.3,0.116,0.2,5.212,World Bank API,2026-09-30 02:09:10
4212,MLI,Mali,2010,55.993,55.099,56.893,76.7,133.8,299.375,260.226,39.3,0.096,0.25,4.679,World Bank API,2026-09-30 02:09:10
4213,MLI,Mali,2011,56.367,55.439,57.305,74.5,128.8,297.792,257.366,38.4,0.111,0.24,4.015,World Bank API,2026-09-30 02:09:10
4214,MLI,Mali,2012,56.696,55.693,57.715,72.4,123.9,298.397,254.441,37.6,0.101,0.22,3.752,World Bank API,2026-09-30 02:09:10
4215,MLI,Mali,2013,57.052,55.98,58.146,70.3,119.1,297.674,250.955,36.9,0.113,0.22,3.964,World Bank API,2026-09-30 02:09:10
4216,MLI,Mali,2014,57.482,56.456,58.525,68.2,114.4,292.54,248.189,36.1,0.097,0.25,4.482,World Bank API,2026-09-30 02:09:10
4217,MLI,Mali,2015,57.852,56.808,58.914,66.1,109.7,290.085,245.149,35.4,0.094,0.25,4.111,World Bank API,2026-09-30 02:09:10
4218,MLI,Mali,2016,58.286,57.285,59.302,64.0,105.1,285.055,242.021,34.6,0.117,0.23,3.774,World Bank API,2026-09-30 02:09:10
4219,MLI,Mali,2017,58.562,57.477,59.671,61.9,100.6,285.752,239.155,33.7,0.113,0.22,3.674,World Bank API,2026-09-30 02:09:10
4220,MLI,Mali,2018,58.873,57.713,60.064,59.7,96.2,285.409,235.787,32.8,0.12,0.25,3.733,World Bank API,2026-09-30 02:09:10
4221,MLI,Mali,2019,59.217,58.045,60.424,57.6,91.9,282.898,232.883,32.0,0.138,0.25,3.829,World Bank API,2026-09-30 02:09:10
4222,MLI,Mali,2020,58.858,57.464,60.316,55.4,87.6,298.151,238.681,31.2,0.156,0.25,3.506,World Bank API,2026-09-30 02:09:10
4223,MLI,Mali,2021,59.116,57.871,60.406,53.3,83.6,301.027,246.178,30.3,0.173,0.25,3.543,World Bank API,2026-09-30 02:09:10
4224,MLI,Mali,2022,60.035,58.603,61.527,51.2,79.7,284.51,223.604,29.5,0.191,0.25,3.722,World Bank API,2026-09-30 02:09:10
4225,MLT,Malta,1990,76.046,73.943,78.254,10.0,11.4,103.009,62.994,7.6,2.175,5.843,6.626,World Bank API,2026-09-30 02:09:10
4226,MLT,Malta,1991,76.378,74.103,78.766,9.6,11.0,100.727,62.285,7.3,2.357,5.843,6.626,World Bank API,2026-09-30 02:09:10
4227,MLT,Malta,1992,76.565,74.37,78.87,9.3,10.6,96.645,60.668,7.1,2.335,5.843,6.626,World Bank API,2026-09-30 02:09:10
4228,MLT,Malta,1993,76.72,74.464,79.088,9.0,10.2,97.272,58.325,6.9,2.406,5.843,6.626,World Bank API,2026-09-30 02:09:10
4229,MLT,Malta,1994,76.833,74.592,79.186,8.6,9.8,92.605,57.219,6.6,2.396,5.621,6.626,World Bank API,2026-09-30 02:09:10
4230,MLT,Malta,1995,77.29,74.9,79.8,8.3,9.4,100.633,54.511,6.3,2.387,5.43,6.626,World Bank API,2026-09-30 02:09:10
4231,MLT,Malta,1996,77.341,75.0,79.8,7.9,9.0,81.237,51.802,6.0,2.378,5.78,6.626,World Bank API,2026-09-30 02:09:10
4232,MLT,Malta,1997,77.739,75.3,80.3,7.6,8.6,91.168,55.642,5.8,2.368,5.64,6.626,World Bank API,2026-09-30 02:09:10
4233,MLT,Malta,1998,77.588,75.1,80.2,7.2,8.2,92.922,43.143,5.5,2.499,5.61,6.626,World Bank API,2026-09-30 02:09:10
4234,MLT,Malta,1999,77.5,75.5,79.6,6.9,7.9,90.992,55.031,5.3,2.53,5.57,6.626,World Bank API,2026-09-30 02:09:10
4235,MLT,Malta,2000,78.349,76.3,80.5,6.7,7.6,79.111,59.449,5.1,2.561,5.28,6.626,World Bank API,2026-09-30 02:09:10
4236,MLT,Malta,2001,78.844,76.6,81.2,6.5,7.4,84.104,50.696,4.9,3.031,7.38,7.03,World Bank API,2026-09-30 02:09:10
4237,MLT,Malta,2002,78.739,76.3,81.3,6.3,7.2,81.601,51.847,4.8,3.21,7.31,7.733,World Bank API,2026-09-30 02:09:10
4238,MLT,Malta,2003,78.546,76.4,80.8,6.2,7.1,80.537,51.302,4.7,3.072,7.25,7.939,World Bank API,2026-09-30 02:09:10
4239,MLT,Malta,2004,79.254,77.4,81.2,6.1,7.0,71.798,50.19,4.6,3.369,7.28,8.04,World Bank API,2026-09-30 02:09:10
4240,MLT,Malta,2005,79.3,77.3,81.4,6.1,6.9,73.251,48.004,4.6,3.404,7.28,8.695,World Bank API,2026-09-30 02:09:10
4241,MLT,Malta,2006,79.439,77.0,82.0,6.0,6.9,83.373,48.265,4.6,3.764,7.38,8.847,World Bank API,2026-09-30 02:09:10
4242,MLT,Malta,2007,79.793,77.5,82.2,6.0,6.9,79.918,50.177,4.6,3.253,7.65,8.186,World Bank API,2026-09-30 02:09:10
4243,MLT,Malta,2008,79.637,77.1,82.3,6.0,6.9,86.703,44.646,4.6,3.279,7.22,7.825,World Bank API,2026-09-30 02:09:10
4244,MLT,Malta,2009,80.241,77.9,82.7,6.0,6.9,74.218,45.684,4.6,2.987,4.74,7.889,World Bank API,2026-09-30 02:09:10
4245,MLT,Malta,2010,81.398,79.3,83.6,6.0,6.9,76.744,39.378,4.6,3.026,4.43,7.899,World Bank API,2026-09-30 02:09:10
4246,MLT,Malta,2011,80.746,78.6,83.0,6.0,6.8,73.326,45.574,4.6,3.107,4.3,8.318,World Bank API,2026-09-30 02:09:10
4247,MLT,Malta,2012,80.746,78.6,83.0,6.0,6.8,77.916,46.177,4.6,3.237,4.63,8.249,World Bank API,2026-09-30 02:09:10
4248,MLT,Malta,2013,81.746,79.6,84.0,5.9,6.7,67.031,37.382,4.5,3.421,4.75,8.303,World Bank API,2026-09-30 02:09:10
4249,MLT,Malta,2014,81.895,79.7,84.2,5.9,6.7,71.454,38.483,4.5,3.604,4.59,8.885,World Bank API,2026-09-30 02:09:10
4250,MLT,Malta,2015,81.798,79.7,84.0,5.8,6.6,66.052,41.482,4.4,3.676,4.59,8.702,World Bank API,2026-09-30 02:09:10
4251,MLT,Malta,2016,82.354,80.5,84.3,5.7,6.5,71.942,44.743,4.4,3.828,4.67,8.699,World Bank API,2026-09-30 02:09:10
4252,MLT,Malta,2017,82.195,80.0,84.5,5.6,6.4,62.677,44.933,4.3,3.965,4.49,8.314,World Bank API,2026-09-30 02:09:10
4253,MLT,Malta,2018,82.249,80.2,84.4,5.5,6.3,65.801,44.931,4.2,3.972,4.31,8.113,World Bank API,2026-09-30 02:09:10
4254,MLT,Malta,2019,82.659,81.0,84.4,5.4,6.1,53.77,43.024,4.1,4.026,4.1,8.893,World Bank API,2026-09-30 02:09:10
4255,MLT,Malta,2020,82.098,80.0,84.3,5.2,6.0,70.951,39.867,4.0,4.164,4.36,9.854,World Bank API,2026-09-30 02:09:10
4256,MLT,Malta,2021,82.259,80.6,84.0,5.1,5.8,69.99,38.247,3.9,4.294,4.1,9.528,World Bank API,2026-09-30 02:09:10
4257,MLT,Malta,2022,82.298,80.2,84.5,5.0,5.6,67.328,41.952,3.8,4.513,4.09,9.091,World Bank API,2026-09-30 02:09:10
4258,MMR,Myanmar,1990,57.159,54.798,59.657,90.5,114.6,347.31,257.117,46.4,0.078,0.636,2.008,World Bank API,2026-09-30 02:09:10
4259,MMR,Myanmar,1991,57.395,54.987,59.948,89.0,112.1,346.492,254.366,45.7,0.121,0.641,2.008,World Bank API,2026-09-30 02:09:10
4260,MMR,Myanmar,1992,57.681,55.17,60.353,87.4,109.4,346.473,249.908,45.1,0.164,0.646,2.008,World Bank API,2026-09-30 02:09:10
4261,MMR,Myanmar,1993,58.032,55.526,60.696,85.7,106.8,342.162,246.6,44.2,0.207,0.651,2.008,World Bank API,2026-09-30 02:09:10
4262,MMR,Myanmar,1994,58.326,55.733,61.087,84.0,104.1,341.472,242.372,43.1,0.25,0.656,2.008,World Bank API,2026-09-30 02:09:10
4263,MMR,Myanmar,1995,58.671,56.008,61.513,82.3,101.5,338.577,236.982,42.0,0.293,0.66,2.008,World Bank API,2026-09-30 02:09:10
4264,MMR,Myanmar,1996,59.169,56.384,62.151,80.6,98.8,334.081,228.787,40.9,0.294,0.665,2.008,World Bank API,2026-09-30 02:09:10
4265,MMR,Myanmar,1997,59.523,56.644,62.612,78.9,96.3,331.839,222.967,39.9,0.295,0.67,2.008,World Bank API,2026-09-30 02:09:10
4266,MMR,Myanmar,1998,59.896,56.997,63.005,77.2,93.8,327.681,218.662,38.8,0.296,0.675,2.008,World Bank API,2026-09-30 02:09:10
4267,MMR,Myanmar,1999,60.107,57.21,63.208,75.6,91.4,326.588,217.36,37.8,0.297,0.68,2.008,World Bank API,2026-09-30 02:09:10
4268,MMR,Myanmar,2000,60.357,57.415,63.509,73.9,88.9,325.48,214.668,36.8,0.302,0.685,2.008,World Bank API,2026-09-30 02:09:10
4269,MMR,Myanmar,2001,60.64,57.688,63.799,72.2,86.5,323.01,212.199,35.8,0.321,0.69,2.162,World Bank API,2026-09-30 02:09:10
4270,MMR,Myanmar,2002,60.925,57.961,64.092,70.5,84.1,320.703,209.758,34.9,0.34,0.695,2.594,World Bank API,2026-09-30 02:09:10
4271,MMR,Myanmar,2003,61.196,58.262,64.325,68.7,81.6,317.61,208.497,34.1,0.359,0.7,2.396,World Bank API,2026-09-30 02:09:10
4272,MMR,Myanmar,2004,61.443,58.537,64.533,66.8,79.1,315.22,207.65,33.2,0.378,0.71,2.333,World Bank API,2026-09-30 02:09:10
4273,MMR,Myanmar,2005,61.72,58.839,64.778,64.7,76.3,312.51,206.325,32.4,0.392,0.72,2.345,World Bank API,2026-09-30 02:09:10
4274,MMR,Myanmar,2006,62.026,59.148,65.076,62.6,73.6,309.52,203.976,31.5,0.429,0.72,2.266,World Bank API,2026-09-30 02:09:10
4275,MMR,Myanmar,2007,62.367,59.528,65.365,60.5,70.8,305.225,201.855,30.7,0.453,0.74,2.036,World Bank API,2026-09-30 02:09:10
4276,MMR,Myanmar,2008,56.364,55.119,57.592,71.0,101.7,331.401,297.249,30.4,0.49,0.77,2.122,World Bank API,2026-09-30 02:09:10
4277,MMR,Myanmar,2009,63.095,60.278,66.067,56.0,65.1,297.114,195.602,29.0,0.504,0.78,2.173,World Bank API,2026-09-30 02:09:10
4278,MMR,Myanmar,2010,63.479,60.655,66.456,53.8,62.4,292.842,191.674,28.1,0.539,0.87,1.968,World Bank API,2026-09-30 02:09:10
4279,MMR,Myanmar,2011,63.859,60.984,66.892,51.7,59.7,289.554,187.044,27.2,0.568,0.88,1.951,World Bank API,2026-09-30 02:09:10
4280,MMR,Myanmar,2012,64.251,61.4,67.252,49.5,57.0,284.17,183.403,26.4,0.599,0.89,2.436,World Bank API,2026-09-30 02:09:10
4281,MMR,Myanmar,2013,64.617,61.783,67.595,47.5,54.6,279.49,180.03,25.7,0.609,0.91,3.111,World Bank API,2026-09-30 02:09:10
4282,MMR,Myanmar,2014,64.994,62.111,68.026,45.8,52.4,275.775,174.677,25.0,0.618,0.94,4.149,World Bank API,2026-09-30 02:09:10
4283,MMR,Myanmar,2015,65.288,62.376,68.352,44.1,50.5,273.204,171.18,24.4,0.628,1.07,5.197,World Bank API,2026-09-30 02:09:10
4284,MMR,Myanmar,2016,65.64,62.751,68.673,42.6,48.7,268.057,167.735,23.8,0.638,1.07,4.762,World Bank API,2026-09-30 02:09:10
4285,MMR,Myanmar,2017,65.909,63.038,68.918,41.1,46.8,264.679,165.409,23.1,0.889,1.06,4.692,World Bank API,2026-09-30 02:09:10
4286,MMR,Myanmar,2018,66.232,63.376,69.224,39.8,45.2,260.153,162.165,22.6,0.696,1.06,4.535,World Bank API,2026-09-30 02:09:10
4287,MMR,Myanmar,2019,66.457,63.574,69.478,38.4,43.6,258.485,159.533,22.1,0.757,1.05,3.814,World Bank API,2026-09-30 02:09:10
4288,MMR,Myanmar,2020,66.612,63.678,69.702,37.2,42.1,254.63,157.079,21.6,0.757,1.07,4.278,World Bank API,2026-09-30 02:09:10
4289,MMR,Myanmar,2021,65.553,62.484,68.824,36.0,40.8,288.982,174.643,21.1,0.757,1.07,5.535,World Bank API,2026-09-30 02:09:10
4290,MMR,Myanmar,2022,66.506,63.281,69.935,34.9,39.5,271.743,155.914,20.6,0.757,1.07,4.492,World Bank API,2026-09-30 02:09:10
4291,MNE,Montenegro,1990,73.696,70.41,77.147,14.8,16.5,176.938,77.306,10.9,1.8,4.12,7.967,World Bank API,2026-09-30 02:09:10
4292,MNE,Montenegro,1991,73.767,70.616,77.075,14.2,15.8,175.447,78.489,10.4,1.8,4.12,7.967,World Bank API,2026-09-30 02:09:10
4293,MNE,Montenegro,1992,73.622,70.448,76.954,13.8,15.4,179.544,80.679,9.9,1.8,4.12,7.967,World Bank API,2026-09-30 02:09:10
4294,MNE,Montenegro,1993,73.694,70.509,77.038,13.6,15.2,179.533,81.589,9.6,1.8,4.12,7.967,World Bank API,2026-09-30 02:09:10
4295,MNE,Montenegro,1994,73.588,70.559,76.768,13.5,15.1,178.543,84.968,9.4,1.8,4.12,7.967,World Bank API,2026-09-30 02:09:10
4296,MNE,Montenegro,1995,73.565,70.662,76.613,13.5,15.1,178.09,88.228,9.2,1.8,4.12,7.967,World Bank API,2026-09-30 02:09:10
4297,MNE,Montenegro,1996,73.445,70.454,76.585,13.5,15.1,181.439,90.578,9.0,1.8,4.12,7.967,World Bank API,2026-09-30 02:09:10
4298,MNE,Montenegro,1997,73.343,70.282,76.557,13.4,15.0,184.556,93.242,8.8,1.8,4.12,7.967,World Bank API,2026-09-30 02:09:10
4299,MNE,Montenegro,1998,73.288,70.139,76.594,13.3,14.9,187.683,95.65,8.6,1.8,4.12,7.967,World Bank API,2026-09-30 02:09:10
4300,MNE,Montenegro,1999,73.144,69.999,76.446,13.0,14.6,189.643,98.553,8.5,1.8,4.12,7.967,World Bank API,2026-09-30 02:09:10
4301,MNE,Montenegro,2000,73.397,70.349,76.597,12.7,14.2,186.308,97.392,8.4,1.823,4.12,7.967,World Bank API,2026-09-30 02:09:10
4302,MNE,Montenegro,2001,73.58,70.588,76.722,12.2,13.7,184.4,98.577,8.4,1.85,4.15,7.967,World Bank API,2026-09-30 02:09:10
4303,MNE,Montenegro,2002,73.965,70.954,77.127,11.5,13.0,181.183,97.417,8.2,1.84,4.1,7.967,World Bank API,2026-09-30 02:09:10
4304,MNE,Montenegro,2003,74.056,71.125,77.133,10.8,12.2,179.107,95.131,7.9,1.798,4.14,7.967,World Bank API,2026-09-30 02:09:10
4305,MNE,Montenegro,2004,74.206,71.31,77.246,10.1,11.4,177.666,92.223,7.5,1.879,4.14,7.967,World Bank API,2026-09-30 02:09:10
4306,MNE,Montenegro,2005,73.983,71.3,76.8,9.3,10.6,175.203,91.031,7.0,1.897,4.11,7.967,World Bank API,2026-09-30 02:09:10
4307,MNE,Montenegro,2006,73.839,71.4,76.4,8.6,9.7,168.965,87.17,6.5,1.942,4.08,7.967,World Bank API,2026-09-30 02:09:10
4308,MNE,Montenegro,2007,74.339,71.9,76.9,7.8,8.9,165.28,85.237,5.9,1.947,3.93,7.967,World Bank API,2026-09-30 02:09:10
4309,MNE,Montenegro,2008,75.137,72.6,77.8,7.1,8.1,160.123,83.954,5.5,2.073,3.83,7.967,World Bank API,2026-09-30 02:09:10
4310,MNE,Montenegro,2009,75.144,72.9,77.5,6.4,7.4,154.683,81.632,5.0,2.072,3.85,7.967,World Bank API,2026-09-30 02:09:10
4311,MNE,Montenegro,2010,75.99,73.6,78.5,5.8,6.7,148.174,80.637,4.5,2.019,3.9,7.967,World Bank API,2026-09-30 02:09:10
4312,MNE,Montenegro,2011,76.083,73.4,78.9,5.2,6.1,144.487,78.235,4.0,1.99,3.9,7.967,World Bank API,2026-09-30 02:09:10
4313,MNE,Montenegro,2012,76.3,74.3,78.4,4.7,5.5,140.754,75.524,3.6,2.014,3.89,8.296,World Bank API,2026-09-30 02:09:10
4314,MNE,Montenegro,2013,76.49,74.1,79.0,4.3,5.0,136.894,76.235,3.1,2.129,3.82,8.471,World Bank API,2026-09-30 02:09:10
4315,MNE,Montenegro,2014,76.339,73.9,78.9,3.9,4.6,133.572,74.843,2.7,2.17,3.87,8.001,World Bank API,2026-09-30 02:09:10
4316,MNE,Montenegro,2015,76.602,74.7,78.6,3.5,4.2,132.514,80.349,2.3,2.372,3.89,9.022,World Bank API,2026-09-30 02:09:10
4317,MNE,Montenegro,2016,76.541,74.2,79.0,3.2,3.9,132.77,68.715,2.0,2.589,3.92,8.633,World Bank API,2026-09-30 02:09:10
4318,MNE,Montenegro,2017,76.685,74.1,79.4,3.0,3.6,138.876,68.839,1.7,2.675,3.88,7.983,World Bank API,2026-09-30 02:09:10
4319,MNE,Montenegro,2018,77.885,75.3,80.6,2.8,3.3,132.977,73.028,1.5,2.809,3.95,8.344,World Bank API,2026-09-30 02:09:10
4320,MNE,Montenegro,2019,76.683,74.0,79.5,2.6,3.1,143.144,73.162,1.3,2.792,3.92,8.33,World Bank API,2026-09-30 02:09:10
4321,MNE,Montenegro,2020,75.932,73.2,78.8,2.4,2.9,138.009,74.421,1.1,2.831,3.94,11.422,World Bank API,2026-09-30 02:09:10
4322,MNE,Montenegro,2021,73.824,70.8,77.0,2.3,2.8,175.932,80.927,1.0,2.878,3.91,10.553,World Bank API,2026-09-30 02:09:10
4323,MNE,Montenegro,2022,76.188,73.7,78.8,2.1,2.6,143.644,73.524,0.9,2.808,3.82,10.191,World Bank API,2026-09-30 02:09:10
4324,MNG,Mongolia,1990,58.801,56.329,61.397,73.5,106.1,321.118,243.118,29.2,2.538,11.486,6.076,World Bank API,2026-09-30 02:09:10
4325,MNG,Mongolia,1991,59.805,57.214,62.525,71.3,101.7,314.731,231.448,29.1,2.695,11.486,6.076,World Bank API,2026-09-30 02:09:10
4326,MNG,Mongolia,1992,60.431,57.739,63.257,69.2,97.6,313.984,225.901,29.1,2.618,11.024,6.076,World Bank API,2026-09-30 02:09:10
4327,MNG,Mongolia,1993,60.824,58.033,63.755,67.1,93.6,317.035,223.49,29.0,2.587,10.561,6.076,World Bank API,2026-09-30 02:09:10
4328,MNG,Mongolia,1994,60.859,57.939,63.925,64.9,89.7,326.97,225.924,28.8,2.556,10.098,6.076,World Bank API,2026-09-30 02:09:10
4329,MNG,Mongolia,1995,60.893,57.953,63.979,62.6,85.8,333.332,231.619,28.3,2.526,9.635,6.076,World Bank API,2026-09-30 02:09:10
4330,MNG,Mongolia,1996,60.994,58.114,64.018,60.0,81.5,336.319,236.908,27.7,2.495,9.172,6.076,World Bank API,2026-09-30 02:09:10
4331,MNG,Mongolia,1997,61.415,58.735,64.228,57.2,77.1,331.071,241.602,26.8,2.464,8.709,6.076,World Bank API,2026-09-30 02:09:10
4332,MNG,Mongolia,1998,62.083,59.546,64.747,54.1,72.4,321.94,236.384,25.7,2.433,8.246,6.076,World Bank API,2026-09-30 02:09:10
4333,MNG,Mongolia,1999,62.79,60.231,65.476,50.8,67.5,314.871,225.252,24.4,2.54,7.783,6.076,World Bank API,2026-09-30 02:09:10
4334,MNG,Mongolia,2000,63.21,60.43,66.13,47.3,62.5,314.582,209.968,23.2,2.647,7.32,6.076,World Bank API,2026-09-30 02:09:10
4335,MNG,Mongolia,2001,63.392,60.66,66.26,43.9,57.7,321.112,201.515,21.9,2.68,7.3,5.442,World Bank API,2026-09-30 02:09:10
4336,MNG,Mongolia,2002,63.54,60.75,66.47,40.5,52.9,334.39,198.731,20.7,2.729,7.45,5.492,World Bank API,2026-09-30 02:09:10
4337,MNG,Mongolia,2003,63.575,60.79,66.5,37.3,48.5,348.288,199.784,19.6,2.632,7.21,4.298,World Bank API,2026-09-30 02:09:10
4338,MNG,Mongolia,2004,64.63,61.64,67.77,34.2,44.3,363.366,197.021,18.5,2.592,7.22,4.302,World Bank API,2026-09-30 02:09:10
4339,MNG,Mongolia,2005,65.281,62.11,68.61,31.4,40.5,366.587,188.648,17.4,2.648,7.13,3.865,World Bank API,2026-09-30 02:09:10
4340,MNG,Mongolia,2006,65.902,62.59,69.38,28.8,37.0,355.737,174.638,16.2,2.739,7.1,3.75,World Bank API,2026-09-30 02:09:10
4341,MNG,Mongolia,2007,66.593,63.13,70.23,26.5,33.8,335.232,162.778,14.8,2.813,6.9,4.075,World Bank API,2026-09-30 02:09:10
4342,MNG,Mongolia,2008,67.246,63.69,70.98,24.4,31.0,318.457,158.014,13.5,2.879,6.86,4.557,World Bank API,2026-09-30 02:09:10
4343,MNG,Mongolia,2009,67.969,64.33,71.79,22.5,28.5,321.89,159.167,12.3,2.679,6.65,4.46,World Bank API,2026-09-30 02:09:10
4344,MNG,Mongolia,2010,68.506,64.93,72.26,20.8,26.3,332.346,159.255,11.4,2.775,6.6,3.739,World Bank API,2026-09-30 02:09:10
4345,MNG,Mongolia,2011,69.109,64.68,73.76,19.4,24.4,340.136,154.979,10.7,2.893,6.91,3.586,World Bank API,2026-09-30 02:09:10
4346,MNG,Mongolia,2012,69.5,64.91,74.32,18.2,22.8,334.942,148.863,10.3,3.075,7.0,3.858,World Bank API,2026-09-30 02:09:10
4347,MNG,Mongolia,2013,70.098,65.42,75.01,17.3,21.5,323.144,143.31,10.0,3.125,6.96,4.089,World Bank API,2026-09-30 02:09:10
4348,MNG,Mongolia,2014,70.583,65.91,75.49,16.5,20.4,312.186,139.985,9.8,3.193,7.06,4.21,World Bank API,2026-09-30 02:09:10
4349,MNG,Mongolia,2015,70.81,66.02,75.84,15.7,19.4,303.857,132.591,9.6,3.243,7.3,4.232,World Bank API,2026-09-30 02:09:10
4350,MNG,Mongolia,2016,70.224,65.58,75.1,15.0,18.4,296.268,125.763,9.2,3.289,7.55,4.58,World Bank API,2026-09-30 02:09:10
4351,MNG,Mongolia,2017,70.543,65.88,75.44,14.2,17.4,290.555,119.648,8.9,3.407,7.7,4.34,World Bank API,2026-09-30 02:09:10
4352,MNG,Mongolia,2018,70.827,66.11,75.78,13.5,16.4,285.067,116.322,8.6,3.526,7.86,4.534,World Bank API,2026-09-30 02:09:10
4353,MNG,Mongolia,2019,71.053,66.38,75.96,12.8,15.6,284.507,115.7,8.4,3.647,7.94,4.495,World Bank API,2026-09-30 02:09:10
4354,MNG,Mongolia,2020,71.349,66.71,76.22,12.2,14.8,298.563,120.224,8.2,3.778,8.23,4.666,World Bank API,2026-09-30 02:09:10
4355,MNG,Mongolia,2021,71.645,67.05,76.47,11.8,14.3,321.564,144.68,8.0,3.884,10.57,7.21,World Bank API,2026-09-30 02:09:10
4356,MNG,Mongolia,2022,71.901,67.33,76.7,11.6,13.9,276.069,110.437,7.7,4.13,8.75,8.852,World Bank API,2026-09-30 02:09:10
4357,MNP,Northern Mariana Islands,1990,70.038,68.46,72.382,37.7,45.1,238.525,189.225,21.0,0.445,2.76,4.865,World Bank API,2026-09-30 02:09:10
4358,MNP,Northern Mariana Islands,1991,70.362,68.515,73.087,36.4,43.3,239.106,177.589,20.1,0.445,2.76,4.865,World Bank API,2026-09-30 02:09:10
4359,MNP,Northern Mariana Islands,1992,70.762,68.59,73.919,34.9,42.5,239.502,163.911,19.7,0.445,2.84,4.865,World Bank API,2026-09-30 02:09:10
4360,MNP,Northern Mariana Islands,1993,71.156,68.617,74.79,33.4,42.6,240.63,149.654,19.2,0.445,2.76,4.865,World Bank API,2026-09-30 02:09:10
4361,MNP,Northern Mariana Islands,1994,71.533,68.626,75.612,32.9,39.6,241.898,136.104,18.9,0.445,2.76,4.865,World Bank API,2026-09-30 02:09:10
4362,MNP,Northern Mariana Islands,1995,71.938,68.698,76.364,31.6,38.4,241.206,123.735,18.6,0.445,2.745,4.865,World Bank API,2026-09-30 02:09:10
4363,MNP,Northern Mariana Islands,1996,72.442,68.964,77.056,30.4,37.2,236.06,112.455,18.0,0.445,2.64,4.865,World Bank API,2026-09-30 02:09:10
4364,MNP,Northern Mariana Islands,1997,72.947,69.478,77.446,29.0,35.3,225.621,106.503,17.3,0.445,2.579,4.865,World Bank API,2026-09-30 02:09:10
4365,MNP,Northern Mariana Islands,1998,73.573,70.285,77.732,28.2,33.4,209.413,103.093,16.7,0.445,2.583,4.865,World Bank API,2026-09-30 02:09:10
4366,MNP,Northern Mariana Islands,1999,74.262,71.354,77.837,27.2,31.8,188.349,102.558,16.3,0.445,2.587,4.865,World Bank API,2026-09-30 02:09:10
4367,MNP,Northern Mariana Islands,2000,74.9,72.485,77.788,26.3,30.5,167.189,104.475,16.0,0.445,2.508,4.865,World Bank API,2026-09-30 02:09:10
4368,MNP,Northern Mariana Islands,2001,75.419,73.512,77.655,25.4,29.1,148.664,108.125,15.2,0.445,2.5,4.959,World Bank API,2026-09-30 02:09:10
4369,MNP,Northern Mariana Islands,2002,75.934,74.264,77.873,23.6,28.1,134.627,105.373,14.5,0.445,2.429,5.33,World Bank API,2026-09-30 02:09:10
4370,MNP,Northern Mariana Islands,2003,76.505,74.954,78.299,22.9,26.9,122.52,98.984,14.1,0.445,2.35,5.209,World Bank API,2026-09-30 02:09:10
4371,MNP,Northern Mariana Islands,2004,76.789,75.306,78.51,21.1,26.1,114.826,93.816,13.7,0.445,2.361,5.336,World Bank API,2026-09-30 02:09:10
4372,MNP,Northern Mariana Islands,2005,77.307,75.749,79.131,19.8,24.0,107.857,84.339,13.2,0.445,2.29,5.294,World Bank API,2026-09-30 02:09:10
4373,MNP,Northern Mariana Islands,2006,77.688,76.104,79.561,19.3,22.8,102.043,76.774,13.0,0.445,2.297,5.405,World Bank API,2026-09-30 02:09:10
4374,MNP,Northern Mariana Islands,2007,77.863,76.26,79.78,18.5,21.8,98.89,72.582,12.5,0.445,2.27,5.317,World Bank API,2026-09-30 02:09:10
4375,MNP,Northern Mariana Islands,2008,77.938,76.315,79.909,17.9,20.9,97.31,70.096,12.1,0.445,2.26,5.444,World Bank API,2026-09-30 02:09:10
4376,MNP,Northern Mariana Islands,2009,77.903,76.27,79.912,17.4,21.2,97.1,69.104,11.7,0.445,2.269,5.749,World Bank API,2026-09-30 02:09:10
4377,MNP,Northern Mariana Islands,2010,77.8,76.177,79.815,16.7,19.3,97.648,69.143,11.4,0.445,2.25,5.49,World Bank API,2026-09-30 02:09:10
4378,MNP,Northern Mariana Islands,2011,77.688,76.047,79.725,16.6,19.3,98.685,69.293,10.9,0.445,2.25,5.749,World Bank API,2026-09-30 02:09:10
4379,MNP,Northern Mariana Islands,2012,77.566,75.915,79.614,16.2,18.9,99.762,69.641,11.0,0.445,2.27,5.776,World Bank API,2026-09-30 02:09:10
4380,MNP,Northern Mariana Islands,2013,77.452,75.79,79.512,16.0,18.9,100.763,69.958,10.9,0.445,2.29,5.737,World Bank API,2026-09-30 02:09:10
4381,MNP,Northern Mariana Islands,2014,77.377,75.704,79.444,15.8,18.5,101.397,70.077,10.8,0.445,2.34,5.838,World Bank API,2026-09-30 02:09:10
4382,MNP,Northern Mariana Islands,2015,77.36,75.691,79.408,15.5,18.2,101.373,70.057,10.6,0.445,2.37,6.065,World Bank API,2026-09-30 02:09:10
4383,MNP,Northern Mariana Islands,2016,77.392,75.722,79.429,15.0,17.8,100.984,69.742,10.2,0.445,2.36,6.172,World Bank API,2026-09-30 02:09:10
4384,MNP,Northern Mariana Islands,2017,77.47,75.79,79.506,14.5,17.3,100.314,69.165,9.9,0.445,2.34,6.136,World Bank API,2026-09-30 02:09:10
4385,MNP,Northern Mariana Islands,2018,77.51,75.867,79.474,14.1,16.4,99.239,69.925,9.8,0.445,2.3,5.932,World Bank API,2026-09-30 02:09:10
4386,MNP,Northern Mariana Islands,2019,77.844,76.173,79.817,14.1,15.9,96.739,67.173,9.6,0.445,2.25,5.745,World Bank API,2026-09-30 02:09:10
4387,MNP,Northern Mariana Islands,2020,78.03,76.341,79.997,13.6,15.6,95.112,66.144,9.3,0.445,2.35,6.646,World Bank API,2026-09-30 02:09:10
4388,MNP,Northern Mariana Islands,2021,78.16,76.487,80.103,13.3,15.3,95.19,66.514,9.3,0.445,2.39,6.64,World Bank API,2026-09-30 02:09:10
4389,MNP,Northern Mariana Islands,2022,78.531,76.852,80.472,13.0,15.1,90.429,63.189,9.0,0.445,2.36,6.573,World Bank API,2026-09-30 02:09:10
4390,MOZ,Mozambique,1990,44.337,42.872,45.765,148.0,235.1,436.422,371.603,60.3,0.012,0.867,2.143,World Bank API,2026-09-30 02:09:10
4391,MOZ,Mozambique,1991,44.705,43.231,46.139,146.9,231.8,433.74,368.437,59.3,0.013,0.866,2.143,World Bank API,2026-09-30 02:09:10
4392,MOZ,Mozambique,1992,45.095,43.642,46.504,145.3,227.9,432.152,367.983,58.4,0.014,0.865,2.143,World Bank API,2026-09-30 02:09:10
4393,MOZ,Mozambique,1993,45.675,44.29,47.008,143.1,223.1,424.859,364.685,57.5,0.016,0.864,2.143,World Bank API,2026-09-30 02:09:10
4394,MOZ,Mozambique,1994,46.086,44.738,47.374,140.0,217.1,425.16,367.192,56.4,0.017,0.863,2.143,World Bank API,2026-09-30 02:09:10
4395,MOZ,Mozambique,1995,46.546,45.239,47.787,136.3,210.6,425.868,370.782,55.0,0.018,0.862,2.143,World Bank API,2026-09-30 02:09:10
4396,MOZ,Mozambique,1996,47.121,45.805,48.361,131.5,202.5,426.003,370.005,53.5,0.019,0.861,2.143,World Bank API,2026-09-30 02:09:10
4397,MOZ,Mozambique,1997,47.8,46.379,49.133,126.0,193.6,426.792,364.462,51.7,0.02,0.86,2.143,World Bank API,2026-09-30 02:09:10
4398,MOZ,Mozambique,1998,48.212,46.918,49.411,119.7,183.9,428.719,373.765,49.4,0.022,0.859,2.143,World Bank API,2026-09-30 02:09:10
4399,MOZ,Mozambique,1999,48.837,47.58,49.992,113.3,174.1,428.725,376.438,46.9,0.023,0.857,2.143,World Bank API,2026-09-30 02:09:10
4400,MOZ,Mozambique,2000,49.476,48.213,50.624,106.9,164.6,428.888,376.786,44.3,0.024,0.856,2.143,World Bank API,2026-09-30 02:09:10
4401,MOZ,Mozambique,2001,50.259,48.897,51.488,100.8,155.7,429.329,371.691,41.8,0.024,0.855,2.801,World Bank API,2026-09-30 02:09:10
4402,MOZ,Mozambique,2002,50.879,49.423,52.185,95.2,147.5,431.316,369.026,39.5,0.025,0.854,3.187,World Bank API,2026-09-30 02:09:10
4403,MOZ,Mozambique,2003,51.383,49.955,52.653,90.0,139.8,432.781,372.803,37.4,0.026,0.853,3.251,World Bank API,2026-09-30 02:09:10
4404,MOZ,Mozambique,2004,51.855,50.46,53.083,85.1,132.5,434.205,376.393,35.6,0.026,0.852,3.531,World Bank API,2026-09-30 02:09:10
4405,MOZ,Mozambique,2005,52.322,50.956,53.516,80.5,125.7,435.005,379.49,34.0,0.026,0.851,4.214,World Bank API,2026-09-30 02:09:10
4406,MOZ,Mozambique,2006,52.748,51.413,53.908,76.0,118.8,435.692,383.524,32.6,0.026,0.85,3.946,World Bank API,2026-09-30 02:09:10
4407,MOZ,Mozambique,2007,53.255,51.893,54.431,70.1,110.7,434.755,381.665,31.5,0.033,0.75,3.8,World Bank API,2026-09-30 02:09:10
4408,MOZ,Mozambique,2008,53.799,52.384,55.012,67.4,104.4,433.027,377.239,30.4,0.04,0.79,4.135,World Bank API,2026-09-30 02:09:10
4409,MOZ,Mozambique,2009,54.4,52.903,55.678,63.9,98.3,429.442,369.929,29.4,0.047,0.84,5.056,World Bank API,2026-09-30 02:09:10
4410,MOZ,Mozambique,2010,55.04,53.437,56.403,63.6,95.6,424.812,360.512,28.6,0.05,0.85,5.292,World Bank API,2026-09-30 02:09:10
4411,MOZ,Mozambique,2011,55.733,54.008,57.195,59.8,91.1,418.506,348.3,27.8,0.054,0.85,4.922,World Bank API,2026-09-30 02:09:10
4412,MOZ,Mozambique,2012,56.46,54.599,58.041,57.1,86.5,410.749,334.422,27.2,0.056,0.86,5.14,World Bank API,2026-09-30 02:09:10
4413,MOZ,Mozambique,2013,57.189,55.183,58.897,56.1,82.9,402.572,319.239,26.9,0.058,0.81,6.046,World Bank API,2026-09-30 02:09:10
4414,MOZ,Mozambique,2014,57.965,55.824,59.792,55.1,79.7,392.732,303.004,26.6,0.063,0.81,6.24,World Bank API,2026-09-30 02:09:10
4415,MOZ,Mozambique,2015,58.711,56.435,60.659,53.8,75.8,382.682,286.771,26.6,0.068,0.78,6.61,World Bank API,2026-09-30 02:09:10
4416,MOZ,Mozambique,2016,59.455,57.05,61.521,52.8,73.3,372.246,270.724,26.6,0.072,0.79,7.215,World Bank API,2026-09-30 02:09:10
4417,MOZ,Mozambique,2017,60.148,57.62,62.33,51.4,72.0,362.329,255.698,26.7,0.077,0.77,7.805,World Bank API,2026-09-30 02:09:10
4418,MOZ,Mozambique,2018,60.79,58.131,63.093,50.3,70.2,353.41,241.066,26.7,0.085,0.77,7.979,World Bank API,2026-09-30 02:09:10
4419,MOZ,Mozambique,2019,61.306,58.518,63.736,49.2,68.6,346.482,228.825,26.6,0.086,0.72,7.902,World Bank API,2026-09-30 02:09:10
4420,MOZ,Mozambique,2020,61.39,58.238,64.17,48.6,67.6,352.355,220.786,26.5,0.084,0.71,7.552,World Bank API,2026-09-30 02:09:10
4421,MOZ,Mozambique,2021,60.268,57.076,63.142,47.1,65.5,394.745,248.339,26.3,0.082,0.74,8.648,World Bank API,2026-09-30 02:09:10
4422,MOZ,Mozambique,2022,63.011,59.776,65.867,45.9,63.9,325.235,189.836,26.0,0.175,0.74,8.249,World Bank API,2026-09-30 02:09:10
4423,MRT,Mauritania,1990,58.087,56.585,59.581,73.5,116.5,289.883,249.746,44.0,0.063,0.665,3.378,World Bank API,2026-09-30 02:09:10
4424,MRT,Mauritania,1991,58.291,56.821,59.749,72.9,114.8,287.637,249.4,43.4,0.063,0.649,3.378,World Bank API,2026-09-30 02:09:10
4425,MRT,Mauritania,1992,58.568,57.075,60.051,72.8,113.6,283.907,245.946,43.0,0.063,0.632,3.378,World Bank API,2026-09-30 02:09:10
4426,MRT,Mauritania,1993,58.733,57.277,60.181,72.7,112.6,281.088,245.136,42.7,0.063,0.616,3.378,World Bank API,2026-09-30 02:09:10
4427,MRT,Mauritania,1994,58.763,57.29,60.23,72.8,111.7,282.885,245.409,42.6,0.1,0.599,3.378,World Bank API,2026-09-30 02:09:10
4428,MRT,Mauritania,1995,58.861,57.393,60.324,72.7,110.7,282.544,245.558,42.4,0.138,0.582,3.378,World Bank API,2026-09-30 02:09:10
4429,MRT,Mauritania,1996,58.915,57.433,60.389,72.5,109.4,283.637,245.867,42.1,0.135,0.566,3.378,World Bank API,2026-09-30 02:09:10
4430,MRT,Mauritania,1997,59.417,57.842,60.986,71.9,107.6,278.318,236.956,41.6,0.132,0.549,3.378,World Bank API,2026-09-30 02:09:10
4431,MRT,Mauritania,1998,59.89,58.125,61.657,70.9,105.2,276.447,226.84,40.9,0.128,0.533,3.378,World Bank API,2026-09-30 02:09:10
4432,MRT,Mauritania,1999,60.443,58.675,62.206,69.4,102.0,269.075,220.626,40.0,0.125,0.516,3.378,World Bank API,2026-09-30 02:09:10
4433,MRT,Mauritania,2000,61.044,59.248,62.832,67.3,98.0,262.376,213.506,38.9,0.122,0.5,3.378,World Bank API,2026-09-30 02:09:10
4434,MRT,Mauritania,2001,61.662,59.794,63.527,64.7,93.4,257.622,205.757,37.6,0.119,0.483,3.572,World Bank API,2026-09-30 02:09:10
4435,MRT,Mauritania,2002,62.249,60.322,64.168,61.7,88.2,253.577,199.204,36.3,0.115,0.466,4.002,World Bank API,2026-09-30 02:09:10
4436,MRT,Mauritania,2003,62.805,60.778,64.823,58.5,82.8,252.164,193.702,35.0,0.112,0.45,4.033,World Bank API,2026-09-30 02:09:10
4437,MRT,Mauritania,2004,63.369,61.362,65.356,55.3,77.5,248.18,190.266,33.7,0.109,0.433,3.704,World Bank API,2026-09-30 02:09:10
4438,MRT,Mauritania,2005,63.92,61.796,66.022,52.2,72.5,246.167,183.691,32.5,0.114,0.417,3.403,World Bank API,2026-09-30 02:09:10
4439,MRT,Mauritania,2006,64.493,62.334,66.621,49.4,68.1,241.697,178.412,31.4,0.12,0.4,2.703,World Bank API,2026-09-30 02:09:10
4440,MRT,Mauritania,2007,64.885,62.676,67.056,47.2,64.3,240.291,175.445,30.4,0.125,0.4,2.876,World Bank API,2026-09-30 02:09:10
4441,MRT,Mauritania,2008,65.233,62.98,67.443,45.3,61.3,239.204,172.759,29.6,0.131,0.4,3.013,World Bank API,2026-09-30 02:09:10
4442,MRT,Mauritania,2009,65.485,63.243,67.734,43.9,58.8,238.022,171.18,28.9,0.136,0.4,3.11,World Bank API,2026-09-30 02:09:10
4443,MRT,Mauritania,2010,65.661,63.486,67.881,42.7,56.8,236.925,171.964,28.3,0.161,0.4,2.636,World Bank API,2026-09-30 02:09:10
4444,MRT,Mauritania,2011,65.754,63.592,68.01,41.8,55.1,237.786,172.724,27.8,0.161,0.4,2.474,World Bank API,2026-09-30 02:09:10
4445,MRT,Mauritania,2012,65.808,63.737,68.003,41.0,53.5,237.622,175.537,27.2,0.162,0.4,2.649,World Bank API,2026-09-30 02:09:10
4446,MRT,Mauritania,2013,65.89,63.85,68.09,40.2,52.1,237.965,176.428,26.7,0.162,0.4,2.868,World Bank API,2026-09-30 02:09:10
4447,MRT,Mauritania,2014,66.207,64.224,68.327,39.3,50.6,232.175,174.316,26.2,0.162,0.4,3.467,World Bank API,2026-09-30 02:09:10
4448,MRT,Mauritania,2015,66.498,64.559,68.555,38.5,49.1,227.23,172.302,25.6,0.175,0.4,3.674,World Bank API,2026-09-30 02:09:10
4449,MRT,Mauritania,2016,66.823,64.969,68.771,37.6,47.7,220.942,170.548,25.0,0.182,0.4,3.187,World Bank API,2026-09-30 02:09:10
4450,MRT,Mauritania,2017,67.088,65.299,68.954,36.7,46.2,216.115,169.354,24.5,0.188,0.4,3.419,World Bank API,2026-09-30 02:09:10
4451,MRT,Mauritania,2018,67.419,65.644,69.258,35.8,44.7,211.215,166.008,23.9,0.196,0.4,2.884,World Bank API,2026-09-30 02:09:10
4452,MRT,Mauritania,2019,67.64,65.817,69.518,34.9,43.4,209.958,163.497,23.4,0.201,0.4,3.092,World Bank API,2026-09-30 02:09:10
4453,MRT,Mauritania,2020,66.794,64.804,68.897,33.9,42.0,225.714,172.229,22.9,0.203,0.4,3.001,World Bank API,2026-09-30 02:09:10
4454,MRT,Mauritania,2021,66.762,64.876,68.689,33.0,40.7,234.824,181.735,22.4,0.219,0.4,3.78,World Bank API,2026-09-30 02:09:10
4455,MRT,Mauritania,2022,68.281,66.326,70.261,32.1,39.4,206.081,156.124,21.8,0.261,0.4,4.67,World Bank API,2026-09-30 02:09:10
4456,MUS,Mauritius,1990,69.405,65.6,73.4,19.9,23.1,259.057,122.12,14.7,0.811,2.887,2.857,World Bank API,2026-09-30 02:09:10
4457,MUS,Mauritius,1991,69.956,66.2,73.9,18.8,21.7,253.08,125.271,14.0,0.835,2.887,2.857,World Bank API,2026-09-30 02:09:10
4458,MUS,Mauritius,1992,70.059,66.4,73.9,18.3,21.1,249.619,125.116,13.9,0.847,3.135,2.857,World Bank API,2026-09-30 02:09:10
4459,MUS,Mauritius,1993,70.107,66.4,74.0,18.4,21.2,248.531,126.018,14.1,0.844,3.095,2.857,World Bank API,2026-09-30 02:09:10
4460,MUS,Mauritius,1994,70.159,66.5,74.0,18.9,21.7,251.456,122.695,14.5,0.845,3.075,2.857,World Bank API,2026-09-30 02:09:10
4461,MUS,Mauritius,1995,70.326,66.56,74.28,19.5,22.3,248.914,118.733,15.1,0.85,3.189,2.857,World Bank API,2026-09-30 02:09:10
4462,MUS,Mauritius,1996,70.323,66.44,74.4,19.8,22.7,248.737,116.373,15.5,0.858,3.303,2.857,World Bank API,2026-09-30 02:09:10
4463,MUS,Mauritius,1997,70.405,66.6,74.4,19.8,22.6,243.131,112.414,15.5,0.865,3.417,2.857,World Bank API,2026-09-30 02:09:10
4464,MUS,Mauritius,1998,70.607,66.9,74.5,19.1,21.8,236.385,112.451,14.9,0.873,3.532,2.857,World Bank API,2026-09-30 02:09:10
4465,MUS,Mauritius,1999,70.961,67.4,74.7,17.8,20.3,224.358,112.773,13.7,0.88,3.646,2.857,World Bank API,2026-09-30 02:09:10
4466,MUS,Mauritius,2000,71.663,68.2,75.3,16.5,18.8,218.929,114.925,12.4,0.888,3.76,2.857,World Bank API,2026-09-30 02:09:10
4467,MUS,Mauritius,2001,71.766,68.4,75.3,15.4,17.5,218.371,113.642,11.3,0.903,3.66,2.922,World Bank API,2026-09-30 02:09:10
4468,MUS,Mauritius,2002,71.966,68.6,75.5,14.6,16.6,217.673,112.781,10.5,0.961,3.54,3.189,World Bank API,2026-09-30 02:09:10
4469,MUS,Mauritius,2003,72.117,68.8,75.6,14.1,16.0,214.225,109.296,10.1,0.944,3.41,3.182,World Bank API,2026-09-30 02:09:10
4470,MUS,Mauritius,2004,72.266,68.9,75.8,13.8,15.7,209.235,109.505,10.1,1.043,3.41,3.317,World Bank API,2026-09-30 02:09:10
4471,MUS,Mauritius,2005,72.432,69.12,75.91,13.7,15.6,206.746,107.55,10.2,1.068,3.38,3.518,World Bank API,2026-09-30 02:09:10
4472,MUS,Mauritius,2006,72.432,69.12,75.91,13.5,15.4,206.046,106.513,10.1,1.108,3.4,3.606,World Bank API,2026-09-30 02:09:10
4473,MUS,Mauritius,2007,72.571,69.2,76.11,13.3,15.2,205.31,105.074,10.0,1.123,3.35,3.523,World Bank API,2026-09-30 02:09:10
4474,MUS,Mauritius,2008,72.571,69.2,76.11,13.2,15.0,209.171,102.342,9.7,1.138,3.34,3.939,World Bank API,2026-09-30 02:09:10
4475,MUS,Mauritius,2009,72.882,69.38,76.56,13.1,14.9,209.679,103.037,9.5,1.153,3.48,4.17,World Bank API,2026-09-30 02:09:10
4476,MUS,Mauritius,2010,72.967,69.46,76.65,13.0,14.8,207.423,99.901,9.4,1.169,3.4,4.519,World Bank API,2026-09-30 02:09:10
4477,MUS,Mauritius,2011,73.267,69.74,76.97,13.1,14.9,199.336,99.599,9.4,1.407,3.34,4.251,World Bank API,2026-09-30 02:09:10
4478,MUS,Mauritius,2012,73.863,70.4,77.5,13.2,15.0,192.679,95.003,9.4,1.336,3.46,4.22,World Bank API,2026-09-30 02:09:10
4479,MUS,Mauritius,2013,74.017,70.7,77.5,13.2,14.9,187.269,95.58,9.4,1.585,3.45,4.621,World Bank API,2026-09-30 02:09:10
4480,MUS,Mauritius,2014,74.194,70.97,77.58,13.0,14.7,185.912,94.02,9.2,1.88,3.43,5.38,World Bank API,2026-09-30 02:09:10
4481,MUS,Mauritius,2015,74.353,71.08,77.79,12.9,14.5,187.401,94.688,9.1,1.973,3.47,5.55,World Bank API,2026-09-30 02:09:10
4482,MUS,Mauritius,2016,74.395,71.19,77.76,13.0,14.6,186.567,95.163,9.1,2.144,3.51,5.543,World Bank API,2026-09-30 02:09:10
4483,MUS,Mauritius,2017,74.515,71.3,77.89,13.3,15.0,182.679,97.594,9.4,2.268,3.52,5.599,World Bank API,2026-09-30 02:09:10
4484,MUS,Mauritius,2018,74.416,71.27,77.72,13.7,15.4,191.197,96.574,9.7,1.858,3.56,5.603,World Bank API,2026-09-30 02:09:10
4485,MUS,Mauritius,2019,74.236,71.07,77.56,14.0,15.7,193.881,103.661,9.9,2.558,3.66,5.695,World Bank API,2026-09-30 02:09:10
4486,MUS,Mauritius,2020,74.177,70.86,77.66,14.1,15.8,195.752,94.775,9.9,2.689,3.68,6.096,World Bank API,2026-09-30 02:09:10
4487,MUS,Mauritius,2021,73.68,70.29,77.24,14.1,15.7,213.205,113.512,9.8,2.062,3.75,6.616,World Bank API,2026-09-30 02:09:10
4488,MUS,Mauritius,2022,73.515,70.1,77.1,13.9,15.5,202.309,106.648,9.6,1.436,3.77,5.842,World Bank API,2026-09-30 02:09:10
4489,MWI,Malawi,1990,43.575,42.092,45.067,134.0,243.5,459.8,403.75,49.8,0.022,1.551,2.352,World Bank API,2026-09-30 02:09:10
4490,MWI,Malawi,1991,43.54,42.102,44.983,130.5,236.5,472.676,419.092,48.6,0.024,1.524,2.352,World Bank API,2026-09-30 02:09:10
4491,MWI,Malawi,1992,43.636,42.286,44.987,126.4,228.8,483.813,435.756,47.4,0.026,1.498,2.352,World Bank API,2026-09-30 02:09:10
4492,MWI,Malawi,1993,43.648,42.373,44.921,122.6,221.5,495.168,451.818,46.3,0.028,1.472,2.352,World Bank API,2026-09-30 02:09:10
4493,MWI,Malawi,1994,43.8,42.553,45.044,119.1,214.7,505.47,463.5,45.3,0.027,1.445,2.352,World Bank API,2026-09-30 02:09:10
4494,MWI,Malawi,1995,43.804,42.608,44.997,115.8,207.7,517.817,479.365,44.4,0.027,1.419,2.352,World Bank API,2026-09-30 02:09:10
4495,MWI,Malawi,1996,44.005,42.728,45.283,113.6,202.6,528.081,484.935,43.7,0.026,1.393,2.352,World Bank API,2026-09-30 02:09:10
4496,MWI,Malawi,1997,44.2,42.815,45.592,111.7,197.5,540.223,490.898,42.8,0.025,1.366,2.352,World Bank API,2026-09-30 02:09:10
4497,MWI,Malawi,1998,44.3,42.813,45.801,109.0,191.2,556.955,501.483,41.6,0.024,1.34,2.352,World Bank API,2026-09-30 02:09:10
4498,MWI,Malawi,1999,45.06,43.518,46.618,104.5,182.3,553.732,495.692,39.9,0.024,1.313,2.352,World Bank API,2026-09-30 02:09:10
4499,MWI,Malawi,2000,46.17,44.591,47.762,98.9,171.0,544.52,485.045,37.9,0.023,1.287,2.352,World Bank API,2026-09-30 02:09:10
4500,MWI,Malawi,2001,47.205,45.672,48.742,138.5,239.0,536.621,482.253,37.2,0.022,1.26,2.06,World Bank API,2026-09-30 02:09:10
4501,MWI,Malawi,2002,48.176,46.598,49.755,83.8,143.2,531.834,473.931,33.8,0.022,1.233,2.697,World Bank API,2026-09-30 02:09:10
4502,MWI,Malawi,2003,49.601,47.887,51.317,76.4,130.0,520.958,456.724,32.0,0.021,1.207,3.32,World Bank API,2026-09-30 02:09:10
4503,MWI,Malawi,2004,51.073,49.356,52.781,70.1,118.7,500.653,437.969,30.5,0.021,1.18,4.072,World Bank API,2026-09-30 02:09:10
4504,MWI,Malawi,2005,52.469,50.646,54.275,65.1,109.7,482.555,415.947,29.4,0.02,1.153,4.3,World Bank API,2026-09-30 02:09:10
4505,MWI,Malawi,2006,53.652,51.833,55.434,61.6,102.7,465.499,400.839,28.7,0.02,1.127,4.912,World Bank API,2026-09-30 02:09:10
4506,MWI,Malawi,2007,54.687,52.979,56.34,59.1,96.9,447.197,392.199,28.3,0.019,1.1,5.443,World Bank API,2026-09-30 02:09:10
4507,MWI,Malawi,2008,55.715,53.938,57.433,56.0,91.0,432.693,376.208,27.8,0.018,1.15,6.107,World Bank API,2026-09-30 02:09:10
4508,MWI,Malawi,2009,56.714,54.803,58.57,53.7,85.3,420.526,358.009,27.3,0.018,1.2,5.873,World Bank API,2026-09-30 02:09:10
4509,MWI,Malawi,2010,57.787,55.634,59.898,51.5,80.1,410.094,335.418,26.7,0.016,1.25,5.143,World Bank API,2026-09-30 02:09:10
4510,MWI,Malawi,2011,58.859,56.507,61.178,48.0,74.0,397.159,314.031,26.1,0.015,1.3,5.322,World Bank API,2026-09-30 02:09:10
4511,MWI,Malawi,2012,59.87,57.346,62.369,45.1,67.9,385.789,295.017,25.4,0.014,1.3,6.022,World Bank API,2026-09-30 02:09:10
4512,MWI,Malawi,2013,60.816,58.066,63.557,42.6,62.9,376.752,275.688,24.8,0.012,1.3,8.224,World Bank API,2026-09-30 02:09:10
4513,MWI,Malawi,2014,61.651,58.795,64.501,41.1,60.0,367.269,261.794,24.3,0.018,1.3,6.898,World Bank API,2026-09-30 02:09:10
4514,MWI,Malawi,2015,62.324,59.398,65.244,39.7,57.4,359.153,251.463,24.0,0.025,1.3,6.629,World Bank API,2026-09-30 02:09:10
4515,MWI,Malawi,2016,63.163,60.124,66.201,39.1,55.8,347.941,235.186,23.9,0.031,1.3,7.727,World Bank API,2026-09-30 02:09:10
4516,MWI,Malawi,2017,63.914,60.768,67.064,38.5,53.8,337.337,220.783,23.8,0.09,1.3,7.584,World Bank API,2026-09-30 02:09:10
4517,MWI,Malawi,2018,64.464,61.043,67.918,38.0,52.0,337.37,205.911,23.8,0.15,1.3,6.882,World Bank API,2026-09-30 02:09:10
4518,MWI,Malawi,2019,64.995,61.584,68.428,38.3,51.3,328.921,198.436,23.8,0.1,1.3,6.37,World Bank API,2026-09-30 02:09:10
4519,MWI,Malawi,2020,65.216,61.676,68.813,38.2,50.4,324.579,191.7,23.9,0.049,1.3,7.039,World Bank API,2026-09-30 02:09:10
4520,MWI,Malawi,2021,64.782,61.344,68.246,38.3,50.0,342.647,208.708,23.9,0.052,1.3,7.516,World Bank API,2026-09-30 02:09:10
4521,MWI,Malawi,2022,66.037,62.671,69.379,38.6,50.1,308.808,185.992,23.8,0.054,1.3,6.625,World Bank API,2026-09-30 02:09:10
4522,MYS,Malaysia,1990,70.952,68.69,73.407,12.4,16.6,203.594,123.071,7.5,0.393,2.131,2.515,World Bank API,2026-09-30 02:09:10
4523,MYS,Malaysia,1991,71.219,68.954,73.682,11.8,15.8,200.095,120.334,7.3,0.392,2.094,2.515,World Bank API,2026-09-30 02:09:10
4524,MYS,Malaysia,1992,71.483,69.191,73.982,11.3,15.1,196.77,117.014,7.0,0.41,2.061,2.515,World Bank API,2026-09-30 02:09:10
4525,MYS,Malaysia,1993,71.721,69.374,74.287,10.8,14.4,194.44,113.832,6.7,0.429,2.03,2.515,World Bank API,2026-09-30 02:09:10
4526,MYS,Malaysia,1994,71.865,69.452,74.515,10.4,13.9,193.949,110.673,6.5,0.446,2.022,2.515,World Bank API,2026-09-30 02:09:10
4527,MYS,Malaysia,1995,71.979,69.519,74.69,10.0,13.3,194.163,108.682,6.3,0.473,2.03,2.515,World Bank API,2026-09-30 02:09:10
4528,MYS,Malaysia,1996,72.119,69.615,74.887,9.7,12.8,193.737,106.623,6.2,0.489,2.01,2.515,World Bank API,2026-09-30 02:09:10
4529,MYS,Malaysia,1997,72.296,69.734,75.143,9.3,12.3,193.779,104.418,6.0,0.667,2.02,2.515,World Bank API,2026-09-30 02:09:10
4530,MYS,Malaysia,1998,72.385,69.793,75.281,8.8,11.6,194.188,103.339,5.7,0.686,2.03,2.515,World Bank API,2026-09-30 02:09:10
4531,MYS,Malaysia,1999,72.428,69.841,75.331,8.1,10.7,194.877,103.242,5.3,0.691,2.04,2.515,World Bank API,2026-09-30 02:09:10
4532,MYS,Malaysia,2000,72.732,70.194,75.581,7.5,9.9,190.933,101.484,4.9,0.68,2.05,2.515,World Bank API,2026-09-30 02:09:10
4533,MYS,Malaysia,2001,73.08,70.584,75.878,7.1,9.3,186.49,99.384,4.6,0.686,2.01,2.675,World Bank API,2026-09-30 02:09:10
4534,MYS,Malaysia,2002,73.469,71.003,76.231,6.8,8.8,181.149,97.015,4.5,0.724,1.96,2.669,World Bank API,2026-09-30 02:09:10
4535,MYS,Malaysia,2003,73.727,71.252,76.505,6.6,8.6,178.27,95.361,4.3,0.737,1.92,2.924,World Bank API,2026-09-30 02:09:10
4536,MYS,Malaysia,2004,74.027,71.567,76.788,6.5,8.4,174.565,94.022,4.3,0.722,1.89,2.86,World Bank API,2026-09-30 02:09:10
4537,MYS,Malaysia,2005,74.37,71.927,77.112,6.5,8.3,170.545,92.275,4.3,0.778,1.88,2.787,World Bank API,2026-09-30 02:09:10
4538,MYS,Malaysia,2006,74.697,72.292,77.394,6.5,8.3,166.825,91.039,4.3,0.83,1.9,3.109,World Bank API,2026-09-30 02:09:10
4539,MYS,Malaysia,2007,74.961,72.56,77.658,6.5,8.3,164.986,89.941,4.3,0.879,1.91,3.07,World Bank API,2026-09-30 02:09:10
4540,MYS,Malaysia,2008,75.151,72.766,77.837,6.5,8.2,163.986,89.481,4.3,0.911,1.93,3.007,World Bank API,2026-09-30 02:09:10
4541,MYS,Malaysia,2009,75.269,72.886,77.962,6.5,8.2,163.676,89.271,4.3,1.086,1.92,3.261,World Bank API,2026-09-30 02:09:10
4542,MYS,Malaysia,2010,75.376,73.004,78.063,6.5,8.1,162.863,89.078,4.3,1.151,1.91,3.165,World Bank API,2026-09-30 02:09:10
4543,MYS,Malaysia,2011,75.488,73.123,78.17,6.5,8.1,161.994,88.379,4.2,1.255,1.9,3.315,World Bank API,2026-09-30 02:09:10
4544,MYS,Malaysia,2012,75.552,73.206,78.218,6.5,8.0,161.408,88.233,4.2,1.305,1.9,3.458,World Bank API,2026-09-30 02:09:10
4545,MYS,Malaysia,2013,75.464,73.122,78.133,6.5,8.0,162.284,88.969,4.1,1.555,1.91,3.513,World Bank API,2026-09-30 02:09:10
4546,MYS,Malaysia,2014,75.345,72.974,78.061,6.6,8.1,163.75,90.045,4.1,1.484,1.85,3.71,World Bank API,2026-09-30 02:09:10
4547,MYS,Malaysia,2015,75.288,72.9,78.032,6.7,8.2,164.549,90.683,4.2,1.489,1.86,3.822,World Bank API,2026-09-30 02:09:10
4548,MYS,Malaysia,2016,75.371,72.972,78.13,6.7,8.2,163.897,90.37,4.2,1.576,1.88,3.701,World Bank API,2026-09-30 02:09:10
4549,MYS,Malaysia,2017,75.542,73.171,78.262,6.7,8.2,161.939,89.704,4.2,1.787,1.89,3.715,World Bank API,2026-09-30 02:09:10
4550,MYS,Malaysia,2018,75.734,73.379,78.431,6.8,8.2,159.94,88.773,4.3,1.858,1.9,3.759,World Bank API,2026-09-30 02:09:10
4551,MYS,Malaysia,2019,75.9,73.539,78.604,6.8,8.2,158.545,87.84,4.3,2.021,1.9,3.84,World Bank API,2026-09-30 02:09:10
4552,MYS,Malaysia,2020,76.057,73.688,78.769,6.8,8.2,157.314,86.782,4.3,2.183,1.93,4.083,World Bank API,2026-09-30 02:09:10
4553,MYS,Malaysia,2021,73.917,71.523,76.712,6.8,8.2,191.233,107.825,4.3,2.268,1.97,4.374,World Bank API,2026-09-30 02:09:10
4554,MYS,Malaysia,2022,75.444,73.055,78.193,6.9,8.2,168.361,93.391,4.2,2.29,1.94,3.9,World Bank API,2026-09-30 02:09:10
4555,NAM,Namibia,1990,61.359,58.219,64.32,56.2,73.6,352.244,233.716,28.4,0.231,2.7,10.045,World Bank API,2026-09-30 02:09:10
4556,NAM,Namibia,1991,60.833,57.758,63.741,54.8,72.3,369.633,251.978,28.2,0.231,2.7,10.045,World Bank API,2026-09-30 02:09:10
4557,NAM,Namibia,1992,60.16,57.183,62.982,53.7,71.5,388.769,273.96,27.9,0.232,2.7,10.045,World Bank API,2026-09-30 02:09:10
4558,NAM,Namibia,1993,59.26,56.317,62.064,52.8,71.2,415.695,298.408,27.7,0.245,2.7,10.045,World Bank API,2026-09-30 02:09:10
4559,NAM,Namibia,1994,58.441,55.835,60.883,52.1,71.6,427.242,329.311,27.6,0.257,2.7,10.045,World Bank API,2026-09-30 02:09:10
4560,NAM,Namibia,1995,57.518,55.116,59.75,51.6,72.6,445.779,357.174,27.4,0.27,2.7,10.045,World Bank API,2026-09-30 02:09:10
4561,NAM,Namibia,1996,56.639,54.452,58.652,51.1,74.0,461.957,384.259,27.2,0.282,2.7,10.045,World Bank API,2026-09-30 02:09:10
4562,NAM,Namibia,1997,55.844,53.904,57.607,50.9,75.6,475.687,409.359,26.6,0.295,2.7,10.045,World Bank API,2026-09-30 02:09:10
4563,NAM,Namibia,1998,54.767,52.943,56.42,50.3,77.0,501.556,438.393,25.7,0.297,2.7,10.045,World Bank API,2026-09-30 02:09:10
4564,NAM,Namibia,1999,53.983,52.061,55.746,49.3,78.1,525.83,454.082,24.9,0.299,2.7,10.045,World Bank API,2026-09-30 02:09:10
4565,NAM,Namibia,2000,52.946,51.234,54.502,48.0,78.2,548.809,486.164,24.0,0.301,2.7,10.045,World Bank API,2026-09-30 02:09:10
4566,NAM,Namibia,2001,51.98,50.204,53.612,46.9,77.6,579.651,508.643,23.2,0.302,2.7,10.466,World Bank API,2026-09-30 02:09:10
4567,NAM,Namibia,2002,51.988,50.196,53.638,46.0,76.6,583.924,512.11,22.4,0.304,2.7,10.479,World Bank API,2026-09-30 02:09:10
4568,NAM,Namibia,2003,51.918,50.188,53.506,45.2,75.6,587.712,518.508,21.7,0.306,2.7,10.745,World Bank API,2026-09-30 02:09:10
4569,NAM,Namibia,2004,52.175,50.325,53.893,44.1,74.4,589.043,512.889,21.2,0.308,2.7,10.885,World Bank API,2026-09-30 02:09:10
4570,NAM,Namibia,2005,52.557,50.694,54.288,41.3,71.0,585.263,509.028,20.8,0.333,2.7,10.825,World Bank API,2026-09-30 02:09:10
4571,NAM,Namibia,2006,53.183,51.031,55.226,40.1,66.0,582.35,492.914,20.6,0.358,2.7,11.303,World Bank API,2026-09-30 02:09:10
4572,NAM,Namibia,2007,54.026,51.619,56.343,41.4,62.0,572.578,472.803,20.6,0.383,2.7,11.414,World Bank API,2026-09-30 02:09:10
4573,NAM,Namibia,2008,54.74,52.117,57.296,43.2,57.5,566.546,455.357,20.9,0.401,2.7,10.677,World Bank API,2026-09-30 02:09:10
4574,NAM,Namibia,2009,55.347,52.764,57.85,44.8,53.2,555.264,449.231,21.3,0.42,2.7,9.904,World Bank API,2026-09-30 02:09:10
4575,NAM,Namibia,2010,56.093,53.434,58.672,43.7,50.3,544.38,433.694,21.9,0.438,2.7,10.623,World Bank API,2026-09-30 02:09:10
4576,NAM,Namibia,2011,56.647,53.794,59.438,44.2,50.0,536.27,416.377,22.7,0.457,2.7,10.861,World Bank API,2026-09-30 02:09:10
4577,NAM,Namibia,2012,57.733,54.685,60.728,46.9,52.6,517.689,390.147,23.4,0.475,2.7,10.204,World Bank API,2026-09-30 02:09:10
4578,NAM,Namibia,2013,58.468,55.397,61.478,45.8,50.8,501.066,374.2,23.9,0.493,2.7,10.089,World Bank API,2026-09-30 02:09:10
4579,NAM,Namibia,2014,59.311,56.274,62.269,44.9,50.0,479.498,357.386,24.3,0.512,2.7,8.409,World Bank API,2026-09-30 02:09:10
4580,NAM,Namibia,2015,60.008,56.845,63.105,45.3,51.8,465.972,340.237,24.6,0.53,2.7,9.981,World Bank API,2026-09-30 02:09:10
4581,NAM,Namibia,2016,60.81,57.483,64.091,45.3,51.4,451.014,318.623,24.8,0.549,2.7,9.322,World Bank API,2026-09-30 02:09:10
4582,NAM,Namibia,2017,61.661,58.19,65.099,44.3,49.8,433.47,296.648,24.7,0.567,2.7,8.713,World Bank API,2026-09-30 02:09:10
4583,NAM,Namibia,2018,62.579,58.953,66.183,43.8,48.5,414.036,273.403,24.6,0.335,2.7,8.621,World Bank API,2026-09-30 02:09:10
4584,NAM,Namibia,2019,63.546,59.777,67.299,42.8,46.6,393.019,249.893,24.2,0.368,2.7,8.858,World Bank API,2026-09-30 02:09:10
4585,NAM,Namibia,2020,64.071,60.162,68.035,41.6,44.8,379.301,231.631,23.8,0.38,2.7,9.561,World Bank API,2026-09-30 02:09:10
4586,NAM,Namibia,2021,60.85,57.318,64.551,40.4,43.2,452.606,295.042,23.3,0.42,2.7,10.196,World Bank API,2026-09-30 02:09:10
4587,NAM,Namibia,2022,64.19,60.356,68.072,38.8,41.6,372.946,226.605,22.7,0.553,2.7,9.622,World Bank API,2026-09-30 02:09:10
4588,NCL,New Caledonia,1990,69.526,66.291,73.268,37.7,45.1,216.55,116.176,21.0,1.982,2.76,4.865,World Bank API,2026-09-30 02:09:10
4589,NCL,New Caledonia,1991,69.82,66.585,73.556,36.4,43.3,214.561,114.329,20.1,1.982,2.76,4.865,World Bank API,2026-09-30 02:09:10
4590,NCL,New Caledonia,1992,70.143,66.9,73.882,34.9,42.5,212.101,112.327,19.7,1.982,2.84,4.865,World Bank API,2026-09-30 02:09:10
4591,NCL,New Caledonia,1993,70.504,67.249,74.255,33.4,42.6,208.837,110.026,19.2,1.982,2.76,4.865,World Bank API,2026-09-30 02:09:10
4592,NCL,New Caledonia,1994,70.897,67.63,74.66,32.9,39.6,204.941,107.532,18.9,1.982,2.76,4.865,World Bank API,2026-09-30 02:09:10
4593,NCL,New Caledonia,1995,71.314,68.042,75.081,31.6,38.4,200.621,104.983,18.6,1.982,2.745,4.865,World Bank API,2026-09-30 02:09:10
4594,NCL,New Caledonia,1996,71.75,68.487,75.499,30.4,37.2,196.002,102.51,18.0,1.982,2.64,4.865,World Bank API,2026-09-30 02:09:10
4595,NCL,New Caledonia,1997,72.204,68.97,75.899,29.0,35.3,191.128,100.231,17.3,1.982,2.579,4.865,World Bank API,2026-09-30 02:09:10
4596,NCL,New Caledonia,1998,72.677,69.494,76.268,28.2,33.4,186.048,98.237,16.7,1.982,2.583,4.865,World Bank API,2026-09-30 02:09:10
4597,NCL,New Caledonia,1999,73.141,70.032,76.603,27.2,31.8,180.996,96.502,16.3,1.982,2.587,4.865,World Bank API,2026-09-30 02:09:10
4598,NCL,New Caledonia,2000,73.574,70.547,76.903,26.3,30.5,176.257,94.957,16.0,1.982,2.508,4.865,World Bank API,2026-09-30 02:09:10
4599,NCL,New Caledonia,2001,73.958,71.006,77.17,25.4,29.1,172.047,93.528,15.2,1.982,2.5,4.959,World Bank API,2026-09-30 02:09:10
4600,NCL,New Caledonia,2002,74.278,71.384,77.405,23.6,28.1,168.489,92.129,14.5,1.982,2.429,5.33,World Bank API,2026-09-30 02:09:10
4601,NCL,New Caledonia,2003,74.5,71.639,77.576,22.9,26.9,165.73,91.026,14.1,1.982,2.35,5.209,World Bank API,2026-09-30 02:09:10
4602,NCL,New Caledonia,2004,74.713,71.842,77.796,21.1,26.1,163.258,89.092,13.7,1.982,2.361,5.336,World Bank API,2026-09-30 02:09:10
4603,NCL,New Caledonia,2005,74.867,71.973,77.976,19.8,24.0,161.098,87.358,13.2,1.982,2.29,5.294,World Bank API,2026-09-30 02:09:10
4604,NCL,New Caledonia,2006,75.016,72.091,78.165,19.3,22.8,158.849,85.448,13.0,1.982,2.297,5.405,World Bank API,2026-09-30 02:09:10
4605,NCL,New Caledonia,2007,75.181,72.233,78.377,18.5,21.8,156.222,83.348,12.5,1.982,2.27,5.317,World Bank API,2026-09-30 02:09:10
4606,NCL,New Caledonia,2008,75.398,72.438,78.624,17.9,20.9,152.943,81.049,12.1,1.982,2.26,5.444,World Bank API,2026-09-30 02:09:10
4607,NCL,New Caledonia,2009,75.676,72.721,78.909,17.4,21.2,149.01,78.604,11.7,1.982,2.269,5.749,World Bank API,2026-09-30 02:09:10
4608,NCL,New Caledonia,2010,75.992,73.05,79.208,16.7,19.3,144.913,76.182,11.4,1.982,2.25,5.49,World Bank API,2026-09-30 02:09:10
4609,NCL,New Caledonia,2011,76.315,73.393,79.497,16.6,19.3,141.124,73.946,10.9,1.982,2.25,5.749,World Bank API,2026-09-30 02:09:10
4610,NCL,New Caledonia,2012,76.615,73.719,79.754,16.2,18.9,138.028,72.038,11.0,1.982,2.27,5.776,World Bank API,2026-09-30 02:09:10
4611,NCL,New Caledonia,2013,76.867,74.001,79.957,16.0,18.9,135.953,70.591,10.9,1.982,2.29,5.737,World Bank API,2026-09-30 02:09:10
4612,NCL,New Caledonia,2014,77.053,74.224,80.091,15.8,18.5,135.037,69.686,10.8,1.982,2.34,5.838,World Bank API,2026-09-30 02:09:10
4613,NCL,New Caledonia,2015,77.206,74.424,80.174,15.5,18.2,134.483,69.192,10.6,1.982,2.37,6.065,World Bank API,2026-09-30 02:09:10
4614,NCL,New Caledonia,2016,77.359,74.639,80.231,15.0,17.8,133.552,68.915,10.2,1.982,2.36,6.172,World Bank API,2026-09-30 02:09:10
4615,NCL,New Caledonia,2017,77.504,74.837,80.287,14.5,17.3,132.639,68.668,9.9,1.982,2.34,6.136,World Bank API,2026-09-30 02:09:10
4616,NCL,New Caledonia,2018,77.557,74.842,80.368,14.1,16.4,134.736,68.265,9.8,1.982,2.3,5.932,World Bank API,2026-09-30 02:09:10
4617,NCL,New Caledonia,2019,77.262,74.154,80.498,14.1,15.9,148.292,67.534,9.6,1.982,2.25,5.745,World Bank API,2026-09-30 02:09:10
4618,NCL,New Caledonia,2020,77.049,74.657,79.53,13.6,15.6,132.267,73.557,9.3,1.982,2.35,6.646,World Bank API,2026-09-30 02:09:10
4619,NCL,New Caledonia,2021,77.113,74.112,80.314,13.3,15.3,155.716,89.697,9.3,1.982,2.39,6.64,World Bank API,2026-09-30 02:09:10
4620,NCL,New Caledonia,2022,77.698,75.1,80.365,13.0,15.1,137.24,73.863,9.0,1.982,2.36,6.573,World Bank API,2026-09-30 02:09:10
4621,NER,Niger,1990,41.732,41.517,41.854,147.7,332.4,339.635,313.322,55.4,0.018,0.195,4.659,World Bank API,2026-09-30 02:09:10
4622,NER,Niger,1991,42.289,41.942,42.542,145.5,325.4,337.513,307.752,54.4,0.022,0.195,4.659,World Bank API,2026-09-30 02:09:10
4623,NER,Niger,1992,43.064,42.675,43.361,142.5,316.7,332.037,301.352,53.4,0.027,0.195,4.659,World Bank API,2026-09-30 02:09:10
4624,NER,Niger,1993,43.838,43.413,44.172,138.9,306.4,328.211,296.866,52.3,0.025,0.195,4.659,World Bank API,2026-09-30 02:09:10
4625,NER,Niger,1994,44.586,44.083,45.004,134.3,294.3,329.077,293.541,51.1,0.023,0.195,4.659,World Bank API,2026-09-30 02:09:10
4626,NER,Niger,1995,45.504,45.056,45.866,129.5,281.8,321.431,290.216,50.0,0.024,0.12,4.659,World Bank API,2026-09-30 02:09:10
4627,NER,Niger,1996,46.313,45.875,46.668,124.6,269.4,318.857,288.401,48.9,0.024,0.12,4.659,World Bank API,2026-09-30 02:09:10
4628,NER,Niger,1997,47.097,46.659,47.456,120.1,257.9,316.905,286.669,47.8,0.035,0.18,4.659,World Bank API,2026-09-30 02:09:10
4629,NER,Niger,1998,47.807,47.379,48.158,115.8,247.2,315.691,286.172,46.7,0.033,0.12,4.659,World Bank API,2026-09-30 02:09:10
4630,NER,Niger,1999,48.48,48.082,48.804,112.1,237.5,314.504,286.49,45.4,0.033,0.143,4.659,World Bank API,2026-09-30 02:09:10
4631,NER,Niger,2000,49.172,48.801,49.475,108.3,227.9,313.147,286.306,44.1,0.033,0.166,4.659,World Bank API,2026-09-30 02:09:10
4632,NER,Niger,2001,49.872,49.512,50.171,104.1,217.4,311.963,285.707,42.6,0.033,0.189,4.727,World Bank API,2026-09-30 02:09:10
4633,NER,Niger,2002,50.645,50.293,50.934,99.4,205.9,309.791,284.02,41.1,0.033,0.211,4.827,World Bank API,2026-09-30 02:09:10
4634,NER,Niger,2003,51.545,51.159,51.869,94.4,194.1,305.913,279.671,39.8,0.028,0.234,4.747,World Bank API,2026-09-30 02:09:10
4635,NER,Niger,2004,52.402,52.012,52.734,89.5,182.4,302.064,275.613,38.6,0.022,0.257,4.978,World Bank API,2026-09-30 02:09:10
4636,NER,Niger,2005,53.32,52.887,53.699,84.9,171.4,297.168,269.58,37.5,0.021,0.28,5.877,World Bank API,2026-09-30 02:09:10
4637,NER,Niger,2006,54.223,53.752,54.643,80.8,161.6,291.499,263.028,36.6,0.02,0.303,5.993,World Bank API,2026-09-30 02:09:10
4638,NER,Niger,2007,55.063,54.542,55.539,77.3,153.1,286.183,256.144,35.9,0.02,0.326,5.431,World Bank API,2026-09-30 02:09:10
4639,NER,Niger,2008,55.852,55.288,56.375,74.5,146.0,280.238,248.966,35.2,0.019,0.349,5.246,World Bank API,2026-09-30 02:09:10
4640,NER,Niger,2009,56.487,55.941,56.997,72.4,140.3,274.318,243.822,34.8,0.028,0.371,5.339,World Bank API,2026-09-30 02:09:10
4641,NER,Niger,2010,57.08,56.513,57.615,70.9,136.0,268.865,238.112,34.4,0.036,0.394,4.961,World Bank API,2026-09-30 02:09:10
4642,NER,Niger,2011,57.6,56.974,58.2,70.0,132.7,264.205,232.206,34.2,0.045,0.417,4.873,World Bank API,2026-09-30 02:09:10
4643,NER,Niger,2012,57.987,57.339,58.612,69.5,130.3,260.201,227.89,34.2,0.053,0.44,4.307,World Bank API,2026-09-30 02:09:10
4644,NER,Niger,2013,58.364,57.669,59.042,69.2,128.3,256.367,222.912,34.3,0.051,0.32,4.466,World Bank API,2026-09-30 02:09:10
4645,NER,Niger,2014,58.693,57.931,59.445,69.1,126.8,253.262,218.05,34.4,0.027,0.29,4.454,World Bank API,2026-09-30 02:09:10
4646,NER,Niger,2015,58.85,57.971,59.731,69.1,125.4,255.218,214.64,34.5,0.032,0.26,5.347,World Bank API,2026-09-30 02:09:10
4647,NER,Niger,2016,59.228,58.354,60.106,69.2,124.3,248.481,209.722,34.4,0.033,0.3,4.532,World Bank API,2026-09-30 02:09:10
4648,NER,Niger,2017,59.524,58.645,60.409,69.3,123.1,244.143,205.854,34.4,0.022,0.18,5.576,World Bank API,2026-09-30 02:09:10
4649,NER,Niger,2018,59.765,58.881,60.658,69.3,121.9,241.387,202.852,34.3,0.037,0.24,5.303,World Bank API,2026-09-30 02:09:10
4650,NER,Niger,2019,60.031,59.129,60.947,69.3,120.8,238.433,199.47,34.3,0.039,0.29,5.666,World Bank API,2026-09-30 02:09:10
4651,NER,Niger,2020,59.89,58.797,61.018,69.1,119.5,243.984,199.498,34.2,0.035,0.28,6.17,World Bank API,2026-09-30 02:09:10
4652,NER,Niger,2021,59.542,58.591,60.523,68.7,118.0,259.82,215.731,33.9,0.032,0.28,5.815,World Bank API,2026-09-30 02:09:10
4653,NER,Niger,2022,60.398,59.47,61.344,68.0,116.0,240.389,200.366,33.6,0.028,0.28,4.35,World Bank API,2026-09-30 02:09:10
4654,NGA,Nigeria,1990,45.733,44.375,47.128,104.7,207.6,426.746,374.794,49.5,0.185,1.668,3.197,World Bank API,2026-09-30 02:09:10
4655,NGA,Nigeria,1991,45.483,44.054,46.96,104.7,206.7,434.23,378.95,49.6,0.185,1.585,3.197,World Bank API,2026-09-30 02:09:10
4656,NGA,Nigeria,1992,45.587,44.178,47.042,104.7,205.7,433.096,377.401,49.7,0.185,1.501,3.197,World Bank API,2026-09-30 02:09:10
4657,NGA,Nigeria,1993,45.783,44.249,47.375,104.7,204.6,433.319,372.012,49.8,0.192,1.418,3.197,World Bank API,2026-09-30 02:09:10
4658,NGA,Nigeria,1994,45.748,44.217,47.338,104.6,203.1,436.859,374.648,49.8,0.203,1.334,3.197,World Bank API,2026-09-30 02:09:10
4659,NGA,Nigeria,1995,45.87,44.396,47.398,104.2,201.0,435.828,376.903,49.7,0.214,1.251,3.197,World Bank API,2026-09-30 02:09:10
4660,NGA,Nigeria,1996,45.833,44.446,47.265,103.4,198.1,438.459,382.722,49.4,0.225,1.168,3.197,World Bank API,2026-09-30 02:09:10
4661,NGA,Nigeria,1997,45.96,44.708,47.245,102.1,194.3,436.962,387.2,49.0,0.236,1.084,3.197,World Bank API,2026-09-30 02:09:10
4662,NGA,Nigeria,1998,46.148,45.123,47.188,100.2,189.4,432.941,392.944,48.3,0.247,1.001,3.197,World Bank API,2026-09-30 02:09:10
4663,NGA,Nigeria,1999,46.609,45.687,47.541,97.7,183.6,426.424,390.763,47.3,0.258,0.917,3.197,World Bank API,2026-09-30 02:09:10
4664,NGA,Nigeria,2000,47.143,46.255,48.038,94.9,177.3,420.766,386.687,46.1,0.269,0.834,3.197,World Bank API,2026-09-30 02:09:10
4665,NGA,Nigeria,2001,47.549,46.869,48.231,91.8,170.5,413.918,388.716,44.8,0.264,0.75,3.189,World Bank API,2026-09-30 02:09:10
4666,NGA,Nigeria,2002,48.02,47.501,48.539,88.6,163.9,407.223,388.616,43.4,0.26,0.667,2.491,World Bank API,2026-09-30 02:09:10
4667,NGA,Nigeria,2003,48.618,48.173,49.063,85.6,157.4,400.042,384.339,42.1,0.255,0.583,5.054,World Bank API,2026-09-30 02:09:10
4668,NGA,Nigeria,2004,49.148,48.782,49.51,82.7,151.4,393.771,380.799,40.9,0.262,0.5,4.634,World Bank API,2026-09-30 02:09:10
4669,NGA,Nigeria,2005,49.538,48.994,50.078,80.0,145.8,395.492,375.402,40.0,0.27,0.5,4.466,World Bank API,2026-09-30 02:09:10
4670,NGA,Nigeria,2006,49.876,49.326,50.419,77.7,140.9,394.456,373.949,39.3,0.333,0.5,4.258,World Bank API,2026-09-30 02:09:10
4671,NGA,Nigeria,2007,50.381,49.835,50.921,75.6,136.5,389.583,368.993,38.8,0.361,0.5,3.91,World Bank API,2026-09-30 02:09:10
4672,NGA,Nigeria,2008,50.748,50.293,51.194,73.8,132.5,385.116,367.809,38.4,0.359,0.5,3.696,World Bank API,2026-09-30 02:09:10
4673,NGA,Nigeria,2009,51.08,50.585,51.568,72.3,129.2,383.557,364.208,38.1,0.36,0.5,3.58,World Bank API,2026-09-30 02:09:10
4674,NGA,Nigeria,2010,51.315,50.853,51.768,71.1,126.3,381.744,363.335,37.9,0.361,0.5,3.297,World Bank API,2026-09-30 02:09:10
4675,NGA,Nigeria,2011,51.49,51.108,51.861,70.0,123.8,379.82,364.028,37.7,0.362,0.5,3.321,World Bank API,2026-09-30 02:09:10
4676,NGA,Nigeria,2012,51.688,51.345,52.018,69.1,121.6,377.929,363.264,37.6,0.362,0.5,3.36,World Bank API,2026-09-30 02:09:10
4677,NGA,Nigeria,2013,51.827,51.466,52.178,68.5,119.9,378.192,362.22,37.7,0.363,0.5,3.421,World Bank API,2026-09-30 02:09:10
4678,NGA,Nigeria,2014,51.94,51.565,52.306,68.1,118.7,378.732,361.45,37.8,0.385,0.5,3.348,World Bank API,2026-09-30 02:09:10
4679,NGA,Nigeria,2015,51.939,51.626,52.243,68.0,117.8,379.757,364.365,38.0,0.406,0.5,3.582,World Bank API,2026-09-30 02:09:10
4680,NGA,Nigeria,2016,52.189,51.939,52.429,68.1,117.4,375.861,363.036,38.2,0.428,0.5,3.648,World Bank API,2026-09-30 02:09:10
4681,NGA,Nigeria,2017,52.397,52.145,52.639,68.3,117.2,374.323,361.359,38.5,0.396,0.5,3.748,World Bank API,2026-09-30 02:09:10
4682,NGA,Nigeria,2018,52.669,52.415,52.914,68.7,117.2,372.09,358.925,38.7,0.364,0.5,3.091,World Bank API,2026-09-30 02:09:10
4683,NGA,Nigeria,2019,53.009,52.769,53.24,69.1,117.4,368.64,356.052,39.0,0.356,0.5,2.985,World Bank API,2026-09-30 02:09:10
4684,NGA,Nigeria,2020,53.072,52.707,53.432,69.5,117.4,373.086,356.862,39.2,0.371,0.5,3.381,World Bank API,2026-09-30 02:09:10
4685,NGA,Nigeria,2021,53.455,53.163,53.741,69.9,117.6,372.991,358.817,39.3,0.386,0.5,4.076,World Bank API,2026-09-30 02:09:10
4686,NGA,Nigeria,2022,54.079,53.778,54.375,70.2,117.5,360.381,345.802,39.3,0.386,0.5,4.21,World Bank API,2026-09-30 02:09:10
4687,NIC,Nicaragua,1990,62.473,58.855,66.072,56.8,68.6,317.56,190.155,23.5,0.657,1.821,5.239,World Bank API,2026-09-30 02:09:10
4688,NIC,Nicaragua,1991,63.31,59.995,66.56,54.0,64.9,300.09,187.496,22.6,0.69,1.814,5.239,World Bank API,2026-09-30 02:09:10
4689,NIC,Nicaragua,1992,63.672,60.431,66.839,51.0,61.1,297.688,187.749,21.8,0.722,1.807,5.239,World Bank API,2026-09-30 02:09:10
4690,NIC,Nicaragua,1993,64.093,60.886,67.222,48.1,57.5,295.037,186.24,21.0,0.755,1.8,5.239,World Bank API,2026-09-30 02:09:10
4691,NIC,Nicaragua,1994,64.549,61.371,67.645,45.5,54.2,291.819,183.925,20.3,0.787,1.693,5.239,World Bank API,2026-09-30 02:09:10
4692,NIC,Nicaragua,1995,64.869,61.73,67.922,43.1,51.1,289.955,183.055,19.6,0.82,1.587,5.239,World Bank API,2026-09-30 02:09:10
4693,NIC,Nicaragua,1996,65.215,62.106,68.233,40.6,48.0,287.626,181.605,18.9,0.838,1.48,5.239,World Bank API,2026-09-30 02:09:10
4694,NIC,Nicaragua,1997,65.523,62.423,68.547,38.2,45.0,286.234,180.053,18.2,0.856,1.408,5.239,World Bank API,2026-09-30 02:09:10
4695,NIC,Nicaragua,1998,64.111,61.463,66.672,38.5,49.4,293.13,203.346,17.6,0.779,1.336,5.239,World Bank API,2026-09-30 02:09:10
4696,NIC,Nicaragua,1999,65.892,62.816,68.921,33.5,39.4,286.204,179.822,16.9,0.701,1.263,5.239,World Bank API,2026-09-30 02:09:10
4697,NIC,Nicaragua,2000,66.36,63.294,69.384,31.6,37.1,282.407,175.328,16.4,0.624,1.191,5.239,World Bank API,2026-09-30 02:09:10
4698,NIC,Nicaragua,2001,67.028,63.963,70.054,30.1,35.3,275.406,168.051,15.8,0.547,1.119,5.485,World Bank API,2026-09-30 02:09:10
4699,NIC,Nicaragua,2002,67.95,64.871,70.991,28.8,33.8,264.534,157.279,15.3,0.469,1.047,5.733,World Bank API,2026-09-30 02:09:10
4700,NIC,Nicaragua,2003,68.749,65.685,71.774,27.7,32.4,253.895,149.232,14.9,0.392,0.974,6.083,World Bank API,2026-09-30 02:09:10
4701,NIC,Nicaragua,2004,69.51,66.46,72.523,26.6,31.1,243.699,141.478,14.6,0.45,0.902,6.057,World Bank API,2026-09-30 02:09:10
4702,NIC,Nicaragua,2005,70.374,67.315,73.398,25.5,29.7,232.005,131.588,14.4,0.509,0.83,6.225,World Bank API,2026-09-30 02:09:10
4703,NIC,Nicaragua,2006,70.958,67.92,73.957,24.4,28.4,225.158,125.973,14.2,0.501,0.8,6.358,World Bank API,2026-09-30 02:09:10
4704,NIC,Nicaragua,2007,71.197,68.175,74.173,23.3,27.1,221.934,123.692,13.9,0.535,0.9,6.956,World Bank API,2026-09-30 02:09:10
4705,NIC,Nicaragua,2008,71.404,68.413,74.342,22.3,25.8,221.895,123.75,13.7,0.659,0.89,7.167,World Bank API,2026-09-30 02:09:10
4706,NIC,Nicaragua,2009,71.499,68.452,74.496,21.2,24.5,222.081,122.386,13.4,0.714,0.9,7.686,World Bank API,2026-09-30 02:09:10
4707,NIC,Nicaragua,2010,71.761,68.777,74.684,20.1,23.2,220.215,121.283,13.1,0.739,0.9,7.71,World Bank API,2026-09-30 02:09:10
4708,NIC,Nicaragua,2011,72.033,68.975,75.036,19.0,21.9,219.542,118.491,12.7,0.825,0.92,7.45,World Bank API,2026-09-30 02:09:10
4709,NIC,Nicaragua,2012,72.435,69.421,75.381,18.0,20.6,216.062,116.32,12.3,0.872,0.91,7.488,World Bank API,2026-09-30 02:09:10
4710,NIC,Nicaragua,2013,72.551,69.528,75.507,17.0,19.4,215.111,116.163,11.7,0.91,0.95,7.639,World Bank API,2026-09-30 02:09:10
4711,NIC,Nicaragua,2014,72.792,69.934,75.564,16.0,18.3,207.319,114.319,11.2,0.906,0.96,7.977,World Bank API,2026-09-30 02:09:10
4712,NIC,Nicaragua,2015,72.899,70.067,75.642,15.0,17.2,203.861,113.128,10.5,0.942,0.92,7.963,World Bank API,2026-09-30 02:09:10
4713,NIC,Nicaragua,2016,73.18,70.417,75.845,14.2,16.1,195.703,109.542,9.8,0.965,0.91,8.049,World Bank API,2026-09-30 02:09:10
4714,NIC,Nicaragua,2017,73.389,70.693,75.98,13.4,15.3,188.63,107.523,9.2,1.0,0.92,8.328,World Bank API,2026-09-30 02:09:10
4715,NIC,Nicaragua,2018,73.879,71.039,76.628,12.9,14.6,187.037,100.628,8.8,0.682,0.95,8.499,World Bank API,2026-09-30 02:09:10
4716,NIC,Nicaragua,2019,73.764,71.016,76.416,12.6,14.3,181.818,100.585,8.7,0.682,0.98,8.5,World Bank API,2026-09-30 02:09:10
4717,NIC,Nicaragua,2020,70.766,67.603,74.03,12.5,14.2,220.716,122.036,8.6,0.682,0.97,8.557,World Bank API,2026-09-30 02:09:10
4718,NIC,Nicaragua,2021,70.478,67.565,73.446,12.5,14.2,229.325,141.793,8.4,0.682,0.92,9.55,World Bank API,2026-09-30 02:09:10
4719,NIC,Nicaragua,2022,74.463,71.824,76.935,12.6,14.3,166.54,95.154,7.9,0.682,0.97,8.979,World Bank API,2026-09-30 02:09:10
4720,NLD,Netherlands,1990,76.878,73.8,80.11,6.8,8.3,116.432,67.118,4.6,2.492,5.8,7.704,World Bank API,2026-09-30 02:09:10
4721,NLD,Netherlands,1991,77.0,74.0,80.15,6.5,8.0,112.828,68.031,4.5,2.578,5.7,7.704,World Bank API,2026-09-30 02:09:10
4722,NLD,Netherlands,1992,77.217,74.3,80.28,6.3,7.7,111.081,67.563,4.4,2.551,5.7,7.704,World Bank API,2026-09-30 02:09:10
4723,NLD,Netherlands,1993,76.917,73.98,80.0,6.1,7.4,113.083,68.717,4.2,2.524,5.6,7.704,World Bank API,2026-09-30 02:09:10
4724,NLD,Netherlands,1994,77.375,74.58,80.31,5.9,7.1,107.863,68.219,4.0,2.497,5.4,7.704,World Bank API,2026-09-30 02:09:10
4725,NLD,Netherlands,1995,77.405,74.59,80.36,5.7,6.9,106.144,67.153,3.8,2.47,5.3,7.704,World Bank API,2026-09-30 02:09:10
4726,NLD,Netherlands,1996,77.436,74.66,80.35,5.5,6.7,105.666,67.236,3.7,2.442,5.2,7.704,World Bank API,2026-09-30 02:09:10
4727,NLD,Netherlands,1997,77.794,75.17,80.55,5.4,6.6,101.52,67.4,3.7,2.415,5.2,7.704,World Bank API,2026-09-30 02:09:10
4728,NLD,Netherlands,1998,77.883,75.2,80.7,5.3,6.4,99.988,65.936,3.7,2.388,5.1,7.704,World Bank API,2026-09-30 02:09:10
4729,NLD,Netherlands,1999,77.837,75.3,80.5,5.2,6.3,100.391,67.351,3.8,2.361,5.0,7.704,World Bank API,2026-09-30 02:09:10
4730,NLD,Netherlands,2000,77.988,75.5,80.6,5.1,6.2,100.046,67.172,3.8,2.423,4.88,7.704,World Bank API,2026-09-30 02:09:10
4731,NLD,Netherlands,2001,78.19,75.8,80.7,5.0,6.0,97.454,66.506,3.8,2.494,4.71,8.042,World Bank API,2026-09-30 02:09:10
4732,NLD,Netherlands,2002,78.293,76.0,80.7,4.9,5.9,94.149,66.999,3.7,2.553,4.65,8.619,World Bank API,2026-09-30 02:09:10
4733,NLD,Netherlands,2003,78.493,76.2,80.9,4.8,5.7,93.558,66.203,3.6,2.594,4.45,9.02,World Bank API,2026-09-30 02:09:10
4734,NLD,Netherlands,2004,79.095,76.9,81.4,4.6,5.5,89.467,63.509,3.5,2.625,4.46,9.072,World Bank API,2026-09-30 02:09:10
4735,NLD,Netherlands,2005,79.346,77.2,81.6,4.4,5.3,82.862,61.402,3.4,2.684,4.4,9.06,World Bank API,2026-09-30 02:09:10
4736,NLD,Netherlands,2006,79.698,77.6,81.9,4.3,5.1,80.784,59.326,3.3,2.77,4.36,9.036,World Bank API,2026-09-30 02:09:10
4737,NLD,Netherlands,2007,80.098,78.0,82.3,4.1,4.9,78.375,57.41,3.1,2.768,4.25,9.001,World Bank API,2026-09-30 02:09:10
4738,NLD,Netherlands,2008,80.251,78.3,82.3,4.0,4.7,78.423,57.538,3.0,2.844,4.21,9.218,World Bank API,2026-09-30 02:09:10
4739,NLD,Netherlands,2009,80.549,78.5,82.7,3.9,4.6,75.442,55.941,2.9,2.896,4.17,9.908,World Bank API,2026-09-30 02:09:10
4740,NLD,Netherlands,2010,80.702,78.8,82.7,3.8,4.4,74.179,54.912,2.8,2.936,4.08,10.095,World Bank API,2026-09-30 02:09:10
4741,NLD,Netherlands,2011,81.205,79.4,83.1,3.7,4.3,72.066,55.696,2.7,3.103,3.94,10.145,World Bank API,2026-09-30 02:09:10
4742,NLD,Netherlands,2012,81.105,79.3,83.0,3.6,4.2,71.928,53.79,2.7,3.223,3.74,10.455,World Bank API,2026-09-30 02:09:10
4743,NLD,Netherlands,2013,81.305,79.5,83.2,3.6,4.2,70.412,51.226,2.7,3.282,3.66,10.502,World Bank API,2026-09-30 02:09:10
4744,NLD,Netherlands,2014,81.707,80.0,83.5,3.5,4.1,67.33,50.465,2.7,3.392,3.51,10.457,World Bank API,2026-09-30 02:09:10
4745,NLD,Netherlands,2015,81.51,79.9,83.2,3.5,4.1,66.691,49.464,2.7,3.457,3.46,10.189,World Bank API,2026-09-30 02:09:10
4746,NLD,Netherlands,2016,81.561,80.0,83.2,3.5,4.1,65.56,51.048,2.6,3.501,3.38,9.891,World Bank API,2026-09-30 02:09:10
4747,NLD,Netherlands,2017,81.761,80.2,83.4,3.5,4.0,64.74,47.246,2.6,3.565,3.24,9.937,World Bank API,2026-09-30 02:09:10
4748,NLD,Netherlands,2018,81.812,80.3,83.4,3.5,4.0,63.963,46.774,2.6,3.632,3.15,9.851,World Bank API,2026-09-30 02:09:10
4749,NLD,Netherlands,2019,82.112,80.6,83.7,3.5,4.0,62.374,45.049,2.6,3.713,2.99,9.936,World Bank API,2026-09-30 02:09:10
4750,NLD,Netherlands,2020,81.359,79.7,83.1,3.5,4.0,64.743,44.606,2.6,3.805,2.88,10.95,World Bank API,2026-09-30 02:09:10
4751,NLD,Netherlands,2021,81.31,79.7,83.0,3.5,4.0,67.297,47.596,2.6,3.875,2.92,11.135,World Bank API,2026-09-30 02:09:10
4752,NLD,Netherlands,2022,81.615,80.2,83.1,3.4,4.0,65.755,46.728,2.6,3.876,2.42,10.031,World Bank API,2026-09-30 02:09:10
4753,NOR,Norway,1990,76.537,73.43,79.8,7.0,8.7,127.55,65.199,4.0,2.602,4.6,7.703,World Bank API,2026-09-30 02:09:10
4754,NOR,Norway,1991,76.981,74.01,80.1,6.4,8.0,124.126,65.043,3.8,2.602,4.4,7.703,World Bank API,2026-09-30 02:09:10
4755,NOR,Norway,1992,77.184,74.16,80.36,5.9,7.2,122.745,65.058,3.6,2.656,4.3,7.703,World Bank API,2026-09-30 02:09:10
4756,NOR,Norway,1993,77.152,74.22,80.23,5.4,6.6,115.746,62.846,3.4,2.702,4.2,7.703,World Bank API,2026-09-30 02:09:10
4757,NOR,Norway,1994,77.69,74.88,80.64,4.9,6.1,111.776,63.732,3.2,2.785,4.1,7.703,World Bank API,2026-09-30 02:09:10
4758,NOR,Norway,1995,77.737,74.8,80.82,4.6,5.7,113.537,60.983,3.1,2.953,4.0,7.703,World Bank API,2026-09-30 02:09:10
4759,NOR,Norway,1996,78.15,75.37,81.07,4.4,5.4,106.706,63.729,2.9,3.047,4.0,7.703,World Bank API,2026-09-30 02:09:10
4760,NOR,Norway,1997,78.143,75.45,80.97,4.2,5.2,104.405,63.334,2.8,3.075,4.0,7.703,World Bank API,2026-09-30 02:09:10
4761,NOR,Norway,1998,78.329,75.5,81.3,4.1,5.1,108.449,61.963,2.8,3.166,4.0,7.703,World Bank API,2026-09-30 02:09:10
4762,NOR,Norway,1999,78.283,75.6,81.1,4.0,5.0,103.474,60.578,2.7,3.287,3.9,7.703,World Bank API,2026-09-30 02:09:10
4763,NOR,Norway,2000,78.634,76.0,81.4,3.9,4.9,106.629,61.089,2.7,3.38,3.8,7.703,World Bank API,2026-09-30 02:09:10
4764,NOR,Norway,2001,78.785,76.2,81.5,3.8,4.7,101.212,59.779,2.6,3.54,3.82,8.01,World Bank API,2026-09-30 02:09:10
4765,NOR,Norway,2002,78.988,76.5,81.6,3.7,4.6,99.014,58.943,2.5,3.218,4.99,8.983,World Bank API,2026-09-30 02:09:10
4766,NOR,Norway,2003,79.39,77.0,81.9,3.6,4.4,94.188,56.879,2.4,3.23,4.99,9.194,World Bank API,2026-09-30 02:09:10
4767,NOR,Norway,2004,79.841,77.5,82.3,3.4,4.2,92.071,56.784,2.4,3.401,5.25,8.796,World Bank API,2026-09-30 02:09:10
4768,NOR,Norway,2005,80.041,77.7,82.5,3.3,4.1,88.359,55.982,2.3,3.563,5.16,8.299,World Bank API,2026-09-30 02:09:10
4769,NOR,Norway,2006,80.344,78.1,82.7,3.2,3.9,85.973,53.192,2.2,3.732,5.03,7.882,World Bank API,2026-09-30 02:09:10
4770,NOR,Norway,2007,80.395,78.2,82.7,3.0,3.7,81.324,52.837,2.1,3.844,4.86,8.017,World Bank API,2026-09-30 02:09:10
4771,NOR,Norway,2008,80.593,78.3,83.0,2.9,3.6,82.741,49.79,2.0,3.955,4.64,7.915,World Bank API,2026-09-30 02:09:10
4772,NOR,Norway,2009,80.795,78.6,83.1,2.8,3.4,82.932,50.03,1.9,4.048,4.52,9.033,World Bank API,2026-09-30 02:09:10
4773,NOR,Norway,2010,80.998,78.9,83.2,2.7,3.3,79.608,50.116,1.9,4.114,4.3,8.858,World Bank API,2026-09-30 02:09:10
4774,NOR,Norway,2011,81.295,79.1,83.6,2.6,3.1,79.947,49.575,1.8,4.188,4.2,8.735,World Bank API,2026-09-30 02:09:10
4775,NOR,Norway,2012,81.451,79.5,83.5,2.5,3.0,73.747,44.447,1.7,4.232,3.97,8.722,World Bank API,2026-09-30 02:09:10
4776,NOR,Norway,2013,81.751,79.8,83.8,2.4,2.9,75.058,45.912,1.7,4.306,3.86,8.874,World Bank API,2026-09-30 02:09:10
4777,NOR,Norway,2014,82.1,80.1,84.2,2.3,2.8,69.462,43.49,1.6,4.429,3.84,9.283,World Bank API,2026-09-30 02:09:10
4778,NOR,Norway,2015,82.305,80.5,84.2,2.2,2.7,65.805,41.989,1.6,4.091,3.76,10.07,World Bank API,2026-09-30 02:09:10
4779,NOR,Norway,2016,82.407,80.7,84.2,2.1,2.6,65.857,41.705,1.5,4.22,3.68,10.53,World Bank API,2026-09-30 02:09:10
4780,NOR,Norway,2017,82.61,81.0,84.3,2.1,2.5,61.92,39.376,1.5,4.346,3.6,10.23,World Bank API,2026-09-30 02:09:10
4781,NOR,Norway,2018,82.759,81.1,84.5,2.0,2.5,62.496,38.719,1.5,4.466,3.52,9.96,World Bank API,2026-09-30 02:09:10
4782,NOR,Norway,2019,82.959,81.3,84.7,2.0,2.4,60.834,37.433,1.4,4.578,3.48,10.438,World Bank API,2026-09-30 02:09:10
4783,NOR,Norway,2020,83.21,81.6,84.9,2.0,2.4,59.917,37.226,1.4,4.682,3.4,11.424,World Bank API,2026-09-30 02:09:10
4784,NOR,Norway,2021,83.163,81.7,84.7,1.9,2.4,57.611,37.069,1.4,4.768,3.4,9.814,World Bank API,2026-09-30 02:09:10
4785,NOR,Norway,2022,82.51,80.9,84.2,2.0,2.4,61.947,38.293,1.4,4.908,3.35,7.909,World Bank API,2026-09-30 02:09:10
4786,NPL,Nepal,1990,54.771,54.177,55.343,101.8,138.4,337.504,304.254,57.8,0.051,0.244,3.133,World Bank API,2026-09-30 02:09:10
4787,NPL,Nepal,1991,55.65,54.828,56.472,97.1,131.3,331.866,290.316,55.8,0.062,0.237,3.133,World Bank API,2026-09-30 02:09:10
4788,NPL,Nepal,1992,56.686,55.634,57.763,92.5,124.3,323.623,273.778,53.8,0.076,0.243,3.133,World Bank API,2026-09-30 02:09:10
4789,NPL,Nepal,1993,57.597,56.36,58.881,88.2,117.7,314.893,258.621,51.9,0.074,0.239,3.133,World Bank API,2026-09-30 02:09:10
4790,NPL,Nepal,1994,58.631,57.399,59.903,84.0,111.4,301.414,248.261,50.0,0.057,0.232,3.133,World Bank API,2026-09-30 02:09:10
4791,NPL,Nepal,1995,59.323,58.006,60.688,80.0,105.3,295.917,240.635,48.2,0.04,0.17,3.133,World Bank API,2026-09-30 02:09:10
4792,NPL,Nepal,1996,60.044,58.571,61.58,76.1,99.5,290.845,231.118,46.4,0.04,0.16,3.133,World Bank API,2026-09-30 02:09:10
4793,NPL,Nepal,1997,60.823,59.326,62.379,72.4,94.0,282.902,224.075,44.6,0.04,0.17,3.133,World Bank API,2026-09-30 02:09:10
4794,NPL,Nepal,1998,61.532,60.067,63.047,68.8,88.7,273.676,217.917,42.9,0.04,0.185,3.133,World Bank API,2026-09-30 02:09:10
4795,NPL,Nepal,1999,62.035,60.65,63.456,65.3,83.6,267.995,216.849,41.2,0.044,0.2,3.133,World Bank API,2026-09-30 02:09:10
4796,NPL,Nepal,2000,62.642,61.168,64.157,62.0,78.7,263.307,209.128,39.7,0.048,0.205,3.133,World Bank API,2026-09-30 02:09:10
4797,NPL,Nepal,2001,63.288,61.663,64.964,58.8,74.3,259.025,199.983,38.1,0.052,0.21,3.812,World Bank API,2026-09-30 02:09:10
4798,NPL,Nepal,2002,63.507,61.477,65.63,56.0,70.2,269.675,192.96,36.7,0.104,0.21,3.939,World Bank API,2026-09-30 02:09:10
4799,NPL,Nepal,2003,64.229,62.294,66.239,53.3,66.5,256.872,186.614,35.3,0.155,0.2,3.856,World Bank API,2026-09-30 02:09:10
4800,NPL,Nepal,2004,64.744,62.713,66.856,51.0,63.1,252.769,180.237,34.0,0.207,0.2,4.046,World Bank API,2026-09-30 02:09:10
4801,NPL,Nepal,2005,65.275,63.301,67.317,48.8,60.0,244.589,175.724,32.9,0.244,0.26,3.951,World Bank API,2026-09-30 02:09:10
4802,NPL,Nepal,2006,65.891,63.962,67.877,46.9,57.3,234.099,169.083,31.8,0.282,0.26,3.544,World Bank API,2026-09-30 02:09:10
4803,NPL,Nepal,2007,66.169,64.284,68.103,45.0,54.7,230.704,168.262,30.7,0.319,0.26,3.673,World Bank API,2026-09-30 02:09:10
4804,NPL,Nepal,2008,66.442,64.624,68.299,43.3,52.4,227.206,168.044,29.7,0.357,0.26,3.818,World Bank API,2026-09-30 02:09:10
4805,NPL,Nepal,2009,66.6,64.873,68.354,41.7,50.1,225.179,169.864,28.7,0.394,0.26,3.902,World Bank API,2026-09-30 02:09:10
4806,NPL,Nepal,2010,66.772,65.207,68.35,40.1,47.9,221.559,172.823,27.7,0.431,0.25,4.361,World Bank API,2026-09-30 02:09:10
4807,NPL,Nepal,2011,67.123,65.687,68.563,38.5,45.8,214.904,171.75,26.7,0.469,0.26,4.452,World Bank API,2026-09-30 02:09:10
4808,NPL,Nepal,2012,67.364,65.94,68.787,36.9,43.7,212.69,170.415,25.7,0.506,0.26,4.491,World Bank API,2026-09-30 02:09:10
4809,NPL,Nepal,2013,67.598,66.217,68.975,35.4,41.7,209.84,169.427,24.7,0.55,0.26,4.63,World Bank API,2026-09-30 02:09:10
4810,NPL,Nepal,2014,67.812,66.459,69.158,33.9,39.7,207.498,168.29,23.8,0.583,0.27,5.075,World Bank API,2026-09-30 02:09:10
4811,NPL,Nepal,2015,67.374,66.146,68.593,32.4,37.8,212.397,176.825,22.9,0.616,0.25,5.466,World Bank API,2026-09-30 02:09:10
4812,NPL,Nepal,2016,68.444,67.105,69.771,31.0,36.0,200.194,162.368,21.9,0.648,0.28,5.424,World Bank API,2026-09-30 02:09:10
4813,NPL,Nepal,2017,68.74,67.372,70.092,29.6,34.2,197.319,158.76,20.8,0.681,0.29,4.722,World Bank API,2026-09-30 02:09:10
4814,NPL,Nepal,2018,69.036,67.627,70.422,28.3,32.6,194.801,155.154,19.8,0.749,0.29,4.528,World Bank API,2026-09-30 02:09:10
4815,NPL,Nepal,2019,69.299,67.87,70.7,27.1,31.0,192.065,151.986,18.9,0.815,0.29,4.445,World Bank API,2026-09-30 02:09:10
4816,NPL,Nepal,2020,69.106,67.453,70.772,25.9,29.6,196.216,150.932,18.0,0.857,0.28,5.208,World Bank API,2026-09-30 02:09:10
4817,NPL,Nepal,2021,68.385,66.863,69.89,24.9,28.3,216.432,168.898,17.2,0.884,0.39,5.535,World Bank API,2026-09-30 02:09:10
4818,NPL,Nepal,2022,70.087,68.586,71.56,23.9,27.1,183.746,142.255,16.5,0.884,0.53,6.53,World Bank API,2026-09-30 02:09:10
4819,NRU,Naoero,1990,59.102,56.58,62.823,58.8,66.9,400.948,268.22,32.0,1.569,4.97,18.967,World Bank API,2026-09-30 02:09:10
4820,NRU,Naoero,1991,59.312,56.895,63.016,56.1,63.6,395.567,266.107,31.1,1.569,4.97,18.967,World Bank API,2026-09-30 02:09:10
4821,NRU,Naoero,1992,59.518,57.195,63.296,53.5,60.3,391.224,263.148,30.2,1.569,4.97,18.967,World Bank API,2026-09-30 02:09:10
4822,NRU,Naoero,1993,59.761,57.481,63.496,51.0,57.2,387.92,262.116,29.3,1.569,4.97,18.967,World Bank API,2026-09-30 02:09:10
4823,NRU,Naoero,1994,59.954,57.69,63.631,48.7,54.4,386.921,262.724,28.4,1.569,4.97,18.967,World Bank API,2026-09-30 02:09:10
4824,NRU,Naoero,1995,60.063,57.818,63.685,46.5,51.8,388.26,265.155,27.6,1.569,4.97,18.967,World Bank API,2026-09-30 02:09:10
4825,NRU,Naoero,1996,60.07,57.835,63.655,44.5,49.4,392.504,269.332,26.8,1.505,4.97,18.967,World Bank API,2026-09-30 02:09:10
4826,NRU,Naoero,1997,59.985,57.736,63.57,42.6,47.1,399.419,274.484,26.1,1.44,4.97,18.967,World Bank API,2026-09-30 02:09:10
4827,NRU,Naoero,1998,59.86,57.59,63.455,40.8,45.0,407.327,280.021,25.4,1.376,4.97,18.967,World Bank API,2026-09-30 02:09:10
4828,NRU,Naoero,1999,59.701,57.407,63.324,39.1,43.0,415.727,285.588,24.7,1.312,4.97,18.967,World Bank API,2026-09-30 02:09:10
4829,NRU,Naoero,2000,59.574,57.27,63.203,37.5,41.1,422.6,290.621,24.1,1.247,4.97,18.967,World Bank API,2026-09-30 02:09:10
4830,NRU,Naoero,2001,59.482,57.181,63.101,36.1,39.4,427.738,294.888,23.6,1.183,4.97,16.223,World Bank API,2026-09-30 02:09:10
4831,NRU,Naoero,2002,59.427,57.139,63.013,34.7,37.9,431.218,298.535,23.2,1.119,4.97,13.808,World Bank API,2026-09-30 02:09:10
4832,NRU,Naoero,2003,59.359,57.086,62.931,33.5,36.5,434.43,301.709,22.8,1.054,4.97,9.974,World Bank API,2026-09-30 02:09:10
4833,NRU,Naoero,2004,59.346,57.062,62.866,32.4,35.2,436.569,304.214,22.2,0.99,4.97,6.879,World Bank API,2026-09-30 02:09:10
4834,NRU,Naoero,2005,59.361,57.049,62.849,31.3,34.0,438.145,305.508,21.5,0.992,4.97,10.821,World Bank API,2026-09-30 02:09:10
4835,NRU,Naoero,2006,59.409,57.037,62.905,30.1,32.7,439.406,305.211,20.7,0.995,4.97,12.418,World Bank API,2026-09-30 02:09:10
4836,NRU,Naoero,2007,59.49,57.051,63.001,28.9,31.4,439.892,303.922,19.7,0.998,4.97,24.231,World Bank API,2026-09-30 02:09:10
4837,NRU,Naoero,2008,59.675,57.194,63.165,27.5,29.8,437.304,301.235,18.6,1.0,4.97,23.004,World Bank API,2026-09-30 02:09:10
4838,NRU,Naoero,2009,59.852,57.318,63.338,26.0,28.2,435.07,298.301,17.4,1.0,4.97,12.316,World Bank API,2026-09-30 02:09:10
4839,NRU,Naoero,2010,60.074,57.486,63.563,24.4,26.4,431.875,294.588,16.1,1.1,4.97,12.696,World Bank API,2026-09-30 02:09:10
4840,NRU,Naoero,2011,60.287,57.652,63.776,22.7,24.6,428.858,291.323,14.7,1.386,4.97,9.971,World Bank API,2026-09-30 02:09:10
4841,NRU,Naoero,2012,60.533,57.847,63.978,21.0,22.7,425.439,288.566,13.2,1.358,4.97,8.841,World Bank API,2026-09-30 02:09:10
4842,NRU,Naoero,2013,60.701,58.009,64.093,19.3,20.9,423.076,287.693,11.8,1.33,4.97,9.569,World Bank API,2026-09-30 02:09:10
4843,NRU,Naoero,2014,60.834,58.157,64.149,17.7,19.2,421.243,288.112,10.5,1.301,4.97,8.121,World Bank API,2026-09-30 02:09:10
4844,NRU,Naoero,2015,60.897,58.219,64.171,16.2,17.5,421.476,289.379,9.4,1.273,4.97,13.913,World Bank API,2026-09-30 02:09:10
4845,NRU,Naoero,2016,60.996,58.362,64.165,14.7,15.9,419.964,291.299,8.4,1.273,4.97,10.953,World Bank API,2026-09-30 02:09:10
4846,NRU,Naoero,2017,61.101,58.537,64.128,13.4,14.4,417.672,293.863,7.7,1.273,4.97,11.489,World Bank API,2026-09-30 02:09:10
4847,NRU,Naoero,2018,61.238,58.766,64.093,12.2,13.1,413.984,296.393,7.0,1.273,4.97,11.09,World Bank API,2026-09-30 02:09:10
4848,NRU,Naoero,2019,61.393,59.035,64.05,11.1,12.0,409.251,299.046,6.4,1.273,4.97,11.562,World Bank API,2026-09-30 02:09:10
4849,NRU,Naoero,2020,61.527,59.277,64.025,10.2,10.9,405.568,301.35,5.9,1.273,4.97,11.557,World Bank API,2026-09-30 02:09:10
4850,NRU,Naoero,2021,61.331,59.471,63.417,9.4,10.0,402.908,307.554,5.5,1.273,4.97,10.854,World Bank API,2026-09-30 02:09:10
4851,NRU,Naoero,2022,61.93,59.982,64.005,8.7,9.3,391.562,305.19,5.1,1.273,4.97,18.342,World Bank API,2026-09-30 02:09:10
4852,NZL,New Zealand,1990,75.378,72.5,78.4,9.1,11.2,142.877,93.154,4.4,1.866,8.5,7.47,World Bank API,2026-09-30 02:09:10
4853,NZL,New Zealand,1991,76.032,73.3,78.9,8.7,10.6,133.532,85.341,4.2,1.889,7.4,7.47,World Bank API,2026-09-30 02:09:10
4854,NZL,New Zealand,1992,76.124,73.1,79.3,8.2,10.0,136.335,79.587,4.0,1.903,7.1,7.47,World Bank API,2026-09-30 02:09:10
4855,NZL,New Zealand,1993,76.434,73.8,79.2,7.8,9.5,129.549,81.649,3.8,1.923,6.5,7.47,World Bank API,2026-09-30 02:09:10
4856,NZL,New Zealand,1994,76.883,74.2,79.7,7.5,9.1,121.75,76.837,3.6,1.983,6.7,7.47,World Bank API,2026-09-30 02:09:10
4857,NZL,New Zealand,1995,76.734,74.1,79.5,7.2,8.7,125.973,80.833,3.5,2.049,6.2,7.47,World Bank API,2026-09-30 02:09:10
4858,NZL,New Zealand,1996,76.788,74.3,79.4,6.9,8.4,122.153,77.131,3.5,2.047,6.1,7.47,World Bank API,2026-09-30 02:09:10
4859,NZL,New Zealand,1997,77.334,74.7,80.1,6.6,8.1,119.559,76.658,3.5,2.177,6.1,7.47,World Bank API,2026-09-30 02:09:10
4860,NZL,New Zealand,1998,78.085,75.5,80.8,6.4,7.8,112.133,71.375,3.5,2.228,6.2,7.47,World Bank API,2026-09-30 02:09:10
4861,NZL,New Zealand,1999,77.89,75.5,80.4,6.2,7.6,111.825,70.399,3.5,2.246,5.855,7.47,World Bank API,2026-09-30 02:09:10
4862,NZL,New Zealand,2000,78.637,76.1,81.3,6.1,7.4,104.312,67.077,3.5,2.233,5.511,7.47,World Bank API,2026-09-30 02:09:10
4863,NZL,New Zealand,2001,78.693,76.4,81.1,5.9,7.2,100.077,64.107,3.5,2.182,5.166,7.579,World Bank API,2026-09-30 02:09:10
4864,NZL,New Zealand,2002,78.846,76.7,81.1,5.8,7.0,100.426,64.566,3.5,2.124,4.822,7.9,World Bank API,2026-09-30 02:09:10
4865,NZL,New Zealand,2003,79.146,77.0,81.4,5.7,6.9,98.588,64.71,3.4,2.177,4.477,7.722,World Bank API,2026-09-30 02:09:10
4866,NZL,New Zealand,2004,79.549,77.5,81.7,5.5,6.7,93.11,62.964,3.3,2.19,4.133,7.901,World Bank API,2026-09-30 02:09:10
4867,NZL,New Zealand,2005,79.851,77.9,81.9,5.5,6.6,94.411,59.596,3.1,2.105,3.788,8.273,World Bank API,2026-09-30 02:09:10
4868,NZL,New Zealand,2006,80.049,78.0,82.2,5.4,6.5,90.167,59.427,3.0,2.273,3.444,8.638,World Bank API,2026-09-30 02:09:10
4869,NZL,New Zealand,2007,80.151,78.2,82.2,5.3,6.4,91.593,58.429,2.9,2.298,3.099,8.329,World Bank API,2026-09-30 02:09:10
4870,NZL,New Zealand,2008,80.351,78.4,82.4,5.3,6.4,87.738,58.291,2.9,2.463,2.755,8.651,World Bank API,2026-09-30 02:09:10
4871,NZL,New Zealand,2009,80.702,78.8,82.7,5.2,6.3,87.298,56.586,3.0,2.58,2.41,9.136,World Bank API,2026-09-30 02:09:10
4872,NZL,New Zealand,2010,80.905,79.1,82.8,5.2,6.2,85.44,54.4,3.2,2.625,2.75,9.095,World Bank API,2026-09-30 02:09:10
4873,NZL,New Zealand,2011,81.156,79.4,83.0,5.1,6.1,84.877,55.589,3.3,2.655,2.82,9.107,World Bank API,2026-09-30 02:09:10
4874,NZL,New Zealand,2012,81.407,79.7,83.2,5.0,6.0,81.99,53.037,3.3,2.713,2.83,9.202,World Bank API,2026-09-30 02:09:10
4875,NZL,New Zealand,2013,81.405,79.6,83.3,4.9,5.9,80.47,52.498,3.3,2.822,2.78,8.939,World Bank API,2026-09-30 02:09:10
4876,NZL,New Zealand,2014,81.457,79.73,83.27,4.8,5.8,79.095,51.758,3.3,2.889,2.74,8.972,World Bank API,2026-09-30 02:09:10
4877,NZL,New Zealand,2015,81.612,79.91,83.4,4.7,5.6,76.511,52.403,3.2,3.031,2.7,8.889,World Bank API,2026-09-30 02:09:10
4878,NZL,New Zealand,2016,81.659,80.0,83.4,4.6,5.5,79.171,51.88,3.1,3.115,2.72,8.769,World Bank API,2026-09-30 02:09:10
4879,NZL,New Zealand,2017,81.859,80.2,83.6,4.5,5.4,79.952,51.903,3.1,3.253,2.7,8.618,World Bank API,2026-09-30 02:09:10
4880,NZL,New Zealand,2018,81.707,80.0,83.5,4.5,5.3,80.075,51.556,3.0,3.311,2.59,8.57,World Bank API,2026-09-30 02:09:10
4881,NZL,New Zealand,2019,82.056,80.3,83.9,4.4,5.2,82.524,50.809,3.0,3.37,2.54,8.619,World Bank API,2026-09-30 02:09:10
4882,NZL,New Zealand,2020,82.256,80.5,84.1,4.3,5.1,74.237,50.183,2.9,3.442,2.5,9.252,World Bank API,2026-09-30 02:09:10
4883,NZL,New Zealand,2021,82.207,80.5,84.0,4.3,5.0,77.693,49.188,2.9,3.531,2.67,9.551,World Bank API,2026-09-30 02:09:10
4884,NZL,New Zealand,2022,81.959,80.3,83.7,4.2,5.0,77.693,49.188,2.8,3.611,2.57,10.568,World Bank API,2026-09-30 02:09:10
4885,OMN,Oman,1990,69.012,66.963,71.752,31.4,39.4,198.699,131.953,17.6,0.817,2.109,2.685,World Bank API,2026-09-30 02:09:10
4886,OMN,Oman,1991,69.584,67.588,72.37,28.5,35.6,191.773,126.676,16.2,0.887,2.12,2.685,World Bank API,2026-09-30 02:09:10
4887,OMN,Oman,1992,70.114,68.172,72.953,25.8,32.2,185.029,121.442,14.5,0.957,2.132,2.685,World Bank API,2026-09-30 02:09:10
4888,OMN,Oman,1993,70.608,68.719,73.506,23.5,29.2,178.364,116.191,13.1,1.028,2.143,2.685,World Bank API,2026-09-30 02:09:10
4889,OMN,Oman,1994,71.072,69.234,74.031,21.4,26.6,171.733,110.962,11.9,1.098,2.154,2.685,World Bank API,2026-09-30 02:09:10
4890,OMN,Oman,1995,71.56,69.719,74.528,19.6,24.3,165.101,105.802,11.0,1.168,2.166,2.685,World Bank API,2026-09-30 02:09:10
4891,OMN,Oman,1996,72.023,70.177,74.998,18.0,22.3,158.437,100.752,10.2,1.022,2.177,2.685,World Bank API,2026-09-30 02:09:10
4892,OMN,Oman,1997,72.463,70.614,75.44,16.7,20.6,151.719,95.85,9.4,0.877,2.189,2.685,World Bank API,2026-09-30 02:09:10
4893,OMN,Oman,1998,72.882,71.028,75.855,15.5,19.1,144.979,91.147,8.8,0.944,2.2,2.685,World Bank API,2026-09-30 02:09:10
4894,OMN,Oman,1999,73.276,71.418,76.24,14.4,17.7,138.515,86.795,8.2,0.965,2.095,2.685,World Bank API,2026-09-30 02:09:10
4895,OMN,Oman,2000,73.643,71.777,76.596,13.4,16.5,132.67,82.955,7.7,1.428,1.99,2.685,World Bank API,2026-09-30 02:09:10
4896,OMN,Oman,2001,73.979,72.103,76.921,12.6,15.5,127.729,79.758,7.3,1.47,1.94,2.701,World Bank API,2026-09-30 02:09:10
4897,OMN,Oman,2002,74.276,72.384,77.207,11.9,14.6,123.974,77.45,6.9,1.513,1.91,2.777,World Bank API,2026-09-30 02:09:10
4898,OMN,Oman,2003,74.521,72.612,77.434,11.3,13.9,121.652,76.299,6.6,1.576,1.9,2.775,World Bank API,2026-09-30 02:09:10
4899,OMN,Oman,2004,74.82,72.873,77.742,10.8,13.3,120.027,74.844,6.4,1.61,1.86,2.597,World Bank API,2026-09-30 02:09:10
4900,OMN,Oman,2005,75.07,73.114,77.989,10.4,12.9,118.914,74.341,6.2,1.7,1.85,2.265,World Bank API,2026-09-30 02:09:10
4901,OMN,Oman,2006,75.354,73.397,78.247,10.2,12.5,117.442,73.897,6.1,1.821,1.81,2.02,World Bank API,2026-09-30 02:09:10
4902,OMN,Oman,2007,75.596,73.675,78.388,9.9,12.2,115.434,74.62,6.0,1.91,1.77,2.114,World Bank API,2026-09-30 02:09:10
4903,OMN,Oman,2008,76.124,74.212,78.852,9.8,12.0,110.93,71.963,5.9,1.978,1.75,1.756,World Bank API,2026-09-30 02:09:10
4904,OMN,Oman,2009,76.631,74.773,79.209,9.7,11.9,105.265,70.04,5.8,2.072,1.73,2.469,World Bank API,2026-09-30 02:09:10
4905,OMN,Oman,2010,77.184,75.394,79.591,9.5,11.7,98.721,67.589,5.8,2.126,1.7,2.476,World Bank API,2026-09-30 02:09:10
4906,OMN,Oman,2011,77.74,76.023,79.98,9.4,11.6,92.018,64.787,5.7,2.057,1.52,2.236,World Bank API,2026-09-30 02:09:10
4907,OMN,Oman,2012,78.187,76.619,80.359,9.3,11.4,85.711,61.8,5.7,1.989,1.31,2.277,World Bank API,2026-09-30 02:09:10
4908,OMN,Oman,2013,78.633,77.14,80.71,9.2,11.3,80.201,58.772,5.6,2.001,1.26,2.505,World Bank API,2026-09-30 02:09:10
4909,OMN,Oman,2014,79.03,77.555,81.019,9.1,11.2,75.717,55.821,5.6,2.162,1.22,3.137,World Bank API,2026-09-30 02:09:10
4910,OMN,Oman,2015,79.346,77.87,81.282,9.0,11.1,72.127,53.003,5.5,2.13,1.19,4.078,World Bank API,2026-09-30 02:09:10
4911,OMN,Oman,2016,79.581,78.101,81.498,9.0,11.0,69.235,50.349,5.5,1.964,1.15,4.176,World Bank API,2026-09-30 02:09:10
4912,OMN,Oman,2017,79.748,78.261,81.669,8.9,11.0,66.884,47.881,5.5,2.013,1.11,3.954,World Bank API,2026-09-30 02:09:10
4913,OMN,Oman,2018,79.864,78.367,81.793,8.8,10.9,64.936,45.611,5.6,2.104,1.09,3.215,World Bank API,2026-09-30 02:09:10
4914,OMN,Oman,2019,79.946,78.434,81.873,8.7,10.8,63.264,43.54,5.6,2.091,1.1,3.806,World Bank API,2026-09-30 02:09:10
4915,OMN,Oman,2020,77.763,76.524,79.477,8.6,10.7,86.324,54.865,5.6,2.003,1.16,5.119,World Bank API,2026-09-30 02:09:10
4916,OMN,Oman,2021,75.969,74.735,77.704,8.6,10.6,112.019,70.439,5.5,2.006,1.15,4.345,World Bank API,2026-09-30 02:09:10
4917,OMN,Oman,2022,77.911,76.74,79.332,8.5,10.5,67.965,48.394,5.5,1.992,1.05,3.066,World Bank API,2026-09-30 02:09:10
4918,PAK,Pakistan,1990,59.728,58.833,60.845,113.0,140.4,223.355,194.644,65.1,0.462,0.64,2.481,World Bank API,2026-09-30 02:09:10
4919,PAK,Pakistan,1991,59.864,59.031,60.9,111.0,137.6,222.94,197.612,64.8,0.48,0.652,2.481,World Bank API,2026-09-30 02:09:10
4920,PAK,Pakistan,1992,59.983,59.282,60.854,108.9,134.6,221.394,202.35,64.4,0.486,0.645,2.481,World Bank API,2026-09-30 02:09:10
4921,PAK,Pakistan,1993,60.083,59.49,60.826,106.7,131.5,221.429,207.346,63.9,0.496,0.651,2.481,World Bank API,2026-09-30 02:09:10
4922,PAK,Pakistan,1994,60.197,59.608,60.933,104.3,128.3,223.671,209.723,63.2,0.506,0.628,2.481,World Bank API,2026-09-30 02:09:10
4923,PAK,Pakistan,1995,60.273,59.659,61.031,101.8,125.0,227.306,212.14,62.3,0.518,0.605,2.481,World Bank API,2026-09-30 02:09:10
4924,PAK,Pakistan,1996,60.466,59.799,61.278,99.1,121.5,229.202,211.827,61.4,0.536,0.582,2.481,World Bank API,2026-09-30 02:09:10
4925,PAK,Pakistan,1997,60.623,59.854,61.552,96.4,117.9,232.838,210.902,60.4,0.551,0.559,2.481,World Bank API,2026-09-30 02:09:10
4926,PAK,Pakistan,1998,61.134,60.383,62.035,93.8,114.5,225.764,205.612,59.3,0.564,0.536,2.481,World Bank API,2026-09-30 02:09:10
4927,PAK,Pakistan,1999,61.54,60.731,62.503,91.2,111.1,223.03,200.884,58.2,0.579,0.513,2.481,World Bank API,2026-09-30 02:09:10
4928,PAK,Pakistan,2000,61.903,61.03,62.936,88.8,107.9,220.775,196.509,57.1,0.593,0.49,2.481,World Bank API,2026-09-30 02:09:10
4929,PAK,Pakistan,2001,62.241,61.311,63.335,86.6,105.1,218.651,192.533,56.0,0.604,0.5,2.34,World Bank API,2026-09-30 02:09:10
4930,PAK,Pakistan,2002,62.556,61.557,63.726,84.7,102.5,217.052,188.574,55.1,0.629,0.49,2.422,World Bank API,2026-09-30 02:09:10
4931,PAK,Pakistan,2003,62.834,61.741,64.106,83.0,100.1,216.392,184.435,54.2,0.654,0.48,2.104,World Bank API,2026-09-30 02:09:10
4932,PAK,Pakistan,2004,63.097,61.875,64.514,81.4,98.0,216.639,179.631,53.4,0.679,0.48,2.037,World Bank API,2026-09-30 02:09:10
4933,PAK,Pakistan,2005,62.416,61.115,63.926,80.0,96.0,229.714,188.12,52.7,0.72,0.47,2.373,World Bank API,2026-09-30 02:09:10
4934,PAK,Pakistan,2006,63.624,62.038,65.459,78.6,94.2,218.703,167.359,52.0,0.706,0.46,2.731,World Bank API,2026-09-30 02:09:10
4935,PAK,Pakistan,2007,63.807,62.028,65.867,77.3,92.3,221.757,162.346,51.3,0.693,0.46,2.624,World Bank API,2026-09-30 02:09:10
4936,PAK,Pakistan,2008,64.002,62.076,66.227,75.9,90.5,223.82,158.372,50.7,0.707,0.44,2.568,World Bank API,2026-09-30 02:09:10
4937,PAK,Pakistan,2009,64.206,62.221,66.491,74.4,88.5,222.93,155.74,50.1,0.718,0.43,2.5,World Bank API,2026-09-30 02:09:10
4938,PAK,Pakistan,2010,64.378,62.316,66.746,72.8,86.5,223.586,153.645,49.4,0.727,0.42,2.43,World Bank API,2026-09-30 02:09:10
4939,PAK,Pakistan,2011,64.659,62.581,67.033,71.1,84.3,221.176,151.574,48.6,0.748,0.43,2.231,World Bank API,2026-09-30 02:09:10
4940,PAK,Pakistan,2012,64.883,62.774,67.283,69.3,82.0,220.226,149.937,47.7,0.775,0.45,2.222,World Bank API,2026-09-30 02:09:10
4941,PAK,Pakistan,2013,65.129,63.004,67.533,67.4,79.6,218.52,148.246,46.8,0.795,0.47,2.416,World Bank API,2026-09-30 02:09:10
4942,PAK,Pakistan,2014,65.374,63.209,67.817,65.5,77.2,217.357,146.233,45.8,0.818,0.47,2.489,World Bank API,2026-09-30 02:09:10
4943,PAK,Pakistan,2015,65.641,63.463,68.086,63.6,74.8,215.344,144.332,44.8,0.85,0.46,2.495,World Bank API,2026-09-30 02:09:10
4944,PAK,Pakistan,2016,65.943,63.751,68.396,61.7,72.4,212.514,141.936,43.8,0.89,0.49,2.57,World Bank API,2026-09-30 02:09:10
4945,PAK,Pakistan,2017,66.223,64.021,68.674,59.8,70.1,210.159,139.931,42.8,0.932,0.5,2.786,World Bank API,2026-09-30 02:09:10
4946,PAK,Pakistan,2018,66.481,64.264,68.938,58.1,67.9,208.249,138.14,41.8,0.917,0.5,2.828,World Bank API,2026-09-30 02:09:10
4947,PAK,Pakistan,2019,66.729,64.493,69.2,56.3,65.8,206.59,136.367,40.8,1.049,0.5,2.847,World Bank API,2026-09-30 02:09:10
4948,PAK,Pakistan,2020,65.701,63.281,68.447,54.6,63.7,227.095,148.036,39.9,1.104,0.63,2.953,World Bank API,2026-09-30 02:09:10
4949,PAK,Pakistan,2021,65.773,63.486,68.299,53.0,61.7,235.665,157.765,38.9,1.16,0.63,2.99,World Bank API,2026-09-30 02:09:10
4950,PAK,Pakistan,2022,67.417,65.115,69.928,51.3,59.7,202.506,131.421,37.9,1.16,0.63,2.904,World Bank API,2026-09-30 02:09:10
4951,PAN,Panama,1990,71.266,68.464,74.312,24.0,30.4,184.923,110.638,15.9,1.12,2.5,6.985,World Bank API,2026-09-30 02:09:10
4952,PAN,Panama,1991,71.331,68.47,74.44,23.5,29.7,186.551,110.321,15.4,1.129,2.567,6.985,World Bank API,2026-09-30 02:09:10
4953,PAN,Panama,1992,71.461,68.453,74.757,23.0,29.1,188.694,108.62,15.1,1.151,2.633,6.985,World Bank API,2026-09-30 02:09:10
4954,PAN,Panama,1993,71.805,68.777,75.106,22.7,28.7,185.26,105.868,14.7,1.184,2.7,6.985,World Bank API,2026-09-30 02:09:10
4955,PAN,Panama,1994,71.943,68.861,75.303,22.5,28.3,185.078,104.639,14.4,1.132,2.537,6.985,World Bank API,2026-09-30 02:09:10
4956,PAN,Panama,1995,71.994,68.889,75.385,22.3,28.0,185.067,104.428,14.2,1.173,2.373,6.985,World Bank API,2026-09-30 02:09:10
4957,PAN,Panama,1996,72.199,69.02,75.674,22.0,27.7,184.18,101.824,13.9,1.213,2.21,6.985,World Bank API,2026-09-30 02:09:10
4958,PAN,Panama,1997,72.541,69.394,75.943,21.8,27.4,179.935,99.66,13.7,1.211,2.235,6.985,World Bank API,2026-09-30 02:09:10
4959,PAN,Panama,1998,72.785,69.644,76.173,21.4,26.9,176.045,98.151,13.4,1.201,2.26,6.985,World Bank API,2026-09-30 02:09:10
4960,PAN,Panama,1999,73.124,70.075,76.372,21.0,26.4,170.148,96.089,13.0,1.241,2.285,6.985,World Bank API,2026-09-30 02:09:10
4961,PAN,Panama,2000,73.443,70.377,76.697,20.5,25.7,166.947,93.693,12.5,1.247,2.31,6.985,World Bank API,2026-09-30 02:09:10
4962,PAN,Panama,2001,73.82,70.747,77.073,19.9,25.0,162.262,90.58,12.0,1.252,2.23,6.918,World Bank API,2026-09-30 02:09:10
4963,PAN,Panama,2002,74.195,71.142,77.402,19.3,24.2,158.34,87.513,11.6,1.343,2.19,7.056,World Bank API,2026-09-30 02:09:10
4964,PAN,Panama,2003,74.567,71.501,77.775,18.7,23.4,155.192,86.4,11.1,1.348,2.16,6.712,World Bank API,2026-09-30 02:09:10
4965,PAN,Panama,2004,74.845,71.772,78.052,18.0,22.6,153.678,85.126,10.7,1.329,2.1,7.082,World Bank API,2026-09-30 02:09:10
4966,PAN,Panama,2005,75.16,72.045,78.401,17.4,21.9,152.961,83.649,10.2,1.355,1.99,6.207,World Bank API,2026-09-30 02:09:10
4967,PAN,Panama,2006,75.429,72.253,78.73,16.9,21.2,152.985,82.489,9.8,1.356,2.06,6.546,World Bank API,2026-09-30 02:09:10
4968,PAN,Panama,2007,75.675,72.46,79.018,16.3,20.5,151.661,81.143,9.4,1.309,2.09,7.352,World Bank API,2026-09-30 02:09:10
4969,PAN,Panama,2008,75.937,72.654,79.347,15.8,19.8,151.729,80.16,9.0,1.387,2.2,6.805,World Bank API,2026-09-30 02:09:10
4970,PAN,Panama,2009,76.228,72.837,79.76,15.3,19.2,151.713,79.089,8.6,1.315,2.27,6.986,World Bank API,2026-09-30 02:09:10
4971,PAN,Panama,2010,76.417,73.034,79.934,14.9,18.7,150.451,78.554,8.3,1.411,2.13,7.223,World Bank API,2026-09-30 02:09:10
4972,PAN,Panama,2011,76.659,73.267,80.177,14.5,18.3,149.203,77.423,8.0,1.503,2.07,6.832,World Bank API,2026-09-30 02:09:10
4973,PAN,Panama,2012,76.877,73.558,80.308,14.2,17.9,146.349,76.345,7.7,1.603,2.12,6.505,World Bank API,2026-09-30 02:09:10
4974,PAN,Panama,2013,77.129,73.97,80.355,14.0,17.5,142.73,78.659,7.5,1.586,2.13,6.522,World Bank API,2026-09-30 02:09:10
4975,PAN,Panama,2014,77.365,74.122,80.685,13.8,17.3,141.612,74.471,7.3,1.588,2.05,6.915,World Bank API,2026-09-30 02:09:10
4976,PAN,Panama,2015,77.583,74.621,80.609,13.6,17.1,136.065,72.223,7.3,1.579,2.09,6.937,World Bank API,2026-09-30 02:09:10
4977,PAN,Panama,2016,77.772,74.734,80.911,13.5,17.0,129.941,71.769,7.3,1.573,2.06,7.094,World Bank API,2026-09-30 02:09:10
4978,PAN,Panama,2017,77.901,75.005,80.866,13.3,16.7,126.296,73.15,7.4,1.589,2.15,7.165,World Bank API,2026-09-30 02:09:10
4979,PAN,Panama,2018,78.266,75.201,81.412,12.9,16.3,126.466,68.032,7.5,1.609,1.96,7.601,World Bank API,2026-09-30 02:09:10
4980,PAN,Panama,2019,78.514,75.528,81.567,12.6,15.9,124.04,69.555,7.6,1.637,1.94,8.135,World Bank API,2026-09-30 02:09:10
4981,PAN,Panama,2020,76.33,73.104,79.822,12.2,15.5,152.14,85.613,7.6,1.63,1.92,10.216,World Bank API,2026-09-30 02:09:10
4982,PAN,Panama,2021,77.004,73.866,80.256,12.0,15.2,149.075,81.505,7.4,1.737,2.18,9.136,World Bank API,2026-09-30 02:09:10
4983,PAN,Panama,2022,79.324,76.365,82.313,11.9,15.1,118.415,66.31,7.0,1.625,2.07,9.046,World Bank API,2026-09-30 02:09:10
4984,PER,Peru,1990,63.979,61.757,66.359,60.0,80.6,236.868,162.857,28.0,1.064,1.413,4.415,World Bank API,2026-09-30 02:09:10
4985,PER,Peru,1991,64.248,62.096,66.546,57.0,76.2,235.155,164.4,26.9,1.047,1.457,4.415,World Bank API,2026-09-30 02:09:10
4986,PER,Peru,1992,65.031,62.901,67.295,54.0,71.8,226.587,158.479,25.8,1.03,1.5,4.415,World Bank API,2026-09-30 02:09:10
4987,PER,Peru,1993,65.732,63.747,67.826,50.9,67.3,215.476,155.314,24.6,1.013,1.3,4.415,World Bank API,2026-09-30 02:09:10
4988,PER,Peru,1994,66.544,64.766,68.399,47.7,62.7,200.736,151.64,23.3,0.997,1.357,4.415,World Bank API,2026-09-30 02:09:10
4989,PER,Peru,1995,67.22,65.573,68.927,44.4,58.1,191.166,148.662,22.0,0.98,1.414,4.415,World Bank API,2026-09-30 02:09:10
4990,PER,Peru,1996,67.85,66.306,69.445,41.2,53.6,182.98,145.757,20.6,0.956,1.47,4.415,World Bank API,2026-09-30 02:09:10
4991,PER,Peru,1997,68.324,66.788,69.913,38.1,49.3,179.54,143.451,19.3,0.932,1.475,4.415,World Bank API,2026-09-30 02:09:10
4992,PER,Peru,1998,68.724,67.136,70.372,35.2,45.3,178.344,141.129,18.1,1.035,1.481,4.415,World Bank API,2026-09-30 02:09:10
4993,PER,Peru,1999,69.302,67.668,71.0,32.5,41.7,174.175,136.331,17.0,1.138,1.486,4.415,World Bank API,2026-09-30 02:09:10
4994,PER,Peru,2000,69.821,68.148,71.558,30.1,38.3,173.246,134.292,16.1,1.202,1.491,4.415,World Bank API,2026-09-30 02:09:10
4995,PER,Peru,2001,70.315,68.59,72.113,27.8,35.3,173.277,133.021,15.2,1.267,1.497,4.722,World Bank API,2026-09-30 02:09:10
4996,PER,Peru,2002,70.815,68.977,72.748,25.9,32.7,174.863,131.516,14.3,1.331,1.502,4.939,World Bank API,2026-09-30 02:09:10
4997,PER,Peru,2003,71.278,69.348,73.331,24.2,30.4,173.899,129.006,13.6,1.396,1.507,4.587,World Bank API,2026-09-30 02:09:10
4998,PER,Peru,2004,71.447,69.383,73.674,22.7,28.4,180.337,130.877,12.9,1.46,1.513,4.43,World Bank API,2026-09-30 02:09:10
4999,PER,Peru,2005,71.988,69.896,74.24,21.3,26.6,180.478,128.752,12.3,1.524,1.518,4.666,World Bank API,2026-09-30 02:09:10
5000,PER,Peru,2006,72.337,70.225,74.611,20.1,25.0,181.172,127.306,11.7,1.589,1.523,4.41,World Bank API,2026-09-30 02:09:10
5001,PER,Peru,2007,72.746,70.697,74.94,19.1,23.6,177.855,124.833,11.1,1.653,1.529,4.426,World Bank API,2026-09-30 02:09:10
5002,PER,Peru,2008,72.743,70.597,75.07,18.1,22.3,180.853,125.508,10.6,1.298,1.534,4.531,World Bank API,2026-09-30 02:09:10
5003,PER,Peru,2009,72.631,70.471,74.962,17.3,21.2,187.233,129.122,10.1,0.944,1.539,4.96,World Bank API,2026-09-30 02:09:10
5004,PER,Peru,2010,72.886,70.704,75.234,16.5,20.2,187.748,128.551,9.7,1.009,1.545,4.706,World Bank API,2026-09-30 02:09:10
5005,PER,Peru,2011,73.327,71.221,75.572,15.8,19.3,183.157,126.519,9.3,1.074,1.55,4.522,World Bank API,2026-09-30 02:09:10
5006,PER,Peru,2012,73.979,71.822,76.278,15.2,18.5,177.811,120.501,9.0,1.139,1.55,4.729,World Bank API,2026-09-30 02:09:10
5007,PER,Peru,2013,74.591,72.401,76.922,14.7,17.8,170.922,114.541,8.6,1.181,1.55,4.713,World Bank API,2026-09-30 02:09:10
5008,PER,Peru,2014,75.26,73.07,77.576,14.2,17.2,165.323,109.357,8.4,1.223,1.6,4.91,World Bank API,2026-09-30 02:09:10
5009,PER,Peru,2015,75.732,73.556,78.028,13.8,16.6,158.869,106.108,8.2,1.265,1.6,4.905,World Bank API,2026-09-30 02:09:10
5010,PER,Peru,2016,75.951,73.803,78.209,13.4,16.1,155.852,104.587,8.0,1.307,1.64,4.894,World Bank API,2026-09-30 02:09:10
5011,PER,Peru,2017,75.958,73.773,78.264,13.1,15.7,154.042,103.542,7.8,1.34,1.63,4.809,World Bank API,2026-09-30 02:09:10
5012,PER,Peru,2018,76.018,73.89,78.259,12.8,15.3,152.433,103.989,7.7,1.373,1.61,5.084,World Bank API,2026-09-30 02:09:10
5013,PER,Peru,2019,76.275,74.106,78.576,12.5,14.9,143.468,99.418,7.5,1.354,1.6,5.125,World Bank API,2026-09-30 02:09:10
5014,PER,Peru,2020,73.832,70.397,77.976,12.2,14.5,196.455,108.226,7.3,1.436,1.67,6.347,World Bank API,2026-09-30 02:09:10
5015,PER,Peru,2021,71.596,68.82,74.714,11.9,14.1,231.531,141.76,7.1,1.673,1.63,6.673,World Bank API,2026-09-30 02:09:10
5016,PER,Peru,2022,76.834,74.964,78.726,11.6,13.7,129.112,88.621,6.9,1.649,1.59,6.097,World Bank API,2026-09-30 02:09:10
5017,PHL,Philippines,1990,64.382,60.923,67.907,38.8,55.8,293.343,172.483,19.1,0.119,1.392,3.055,World Bank API,2026-09-30 02:09:10
5018,PHL,Philippines,1991,64.622,61.138,68.155,36.7,52.6,298.662,170.818,18.5,0.113,1.275,3.055,World Bank API,2026-09-30 02:09:10
5019,PHL,Philippines,1992,65.353,61.946,68.773,34.9,49.7,289.505,165.901,18.1,0.108,1.37,3.055,World Bank API,2026-09-30 02:09:10
5020,PHL,Philippines,1993,65.661,62.188,69.146,33.3,47.1,289.183,162.961,17.7,0.388,1.071,3.055,World Bank API,2026-09-30 02:09:10
5021,PHL,Philippines,1994,66.0,62.562,69.43,32.0,44.9,285.66,161.375,17.3,0.669,1.06,3.055,World Bank API,2026-09-30 02:09:10
5022,PHL,Philippines,1995,66.311,62.864,69.73,30.8,43.0,282.404,158.755,17.1,0.949,1.048,3.055,World Bank API,2026-09-30 02:09:10
5023,PHL,Philippines,1996,66.691,63.206,70.142,29.8,41.3,279.208,154.858,16.9,1.23,1.036,3.055,World Bank API,2026-09-30 02:09:10
5024,PHL,Philippines,1997,66.994,63.533,70.404,29.0,39.9,275.252,152.791,16.8,1.24,1.025,3.055,World Bank API,2026-09-30 02:09:10
5025,PHL,Philippines,1998,67.212,63.761,70.605,28.3,38.7,272.796,151.533,16.7,1.225,1.013,3.055,World Bank API,2026-09-30 02:09:10
5026,PHL,Philippines,1999,67.503,64.033,70.917,27.7,37.7,269.626,148.128,16.7,1.209,1.002,3.055,World Bank API,2026-09-30 02:09:10
5027,PHL,Philippines,2000,67.789,64.299,71.215,27.3,36.8,268.072,142.541,16.6,1.194,0.99,3.055,World Bank API,2026-09-30 02:09:10
5028,PHL,Philippines,2001,67.829,64.384,71.2,26.8,36.0,268.122,145.893,16.4,1.194,0.98,2.848,World Bank API,2026-09-30 02:09:10
5029,PHL,Philippines,2002,67.886,64.313,71.409,26.4,35.2,272.393,143.066,16.1,1.088,1.03,2.638,World Bank API,2026-09-30 02:09:10
5030,PHL,Philippines,2003,68.049,64.531,71.497,25.9,34.4,268.831,143.036,15.9,1.201,1.0,3.077,World Bank API,2026-09-30 02:09:10
5031,PHL,Philippines,2004,68.301,64.662,71.885,25.4,33.6,267.204,137.218,15.5,1.086,0.95,3.047,World Bank API,2026-09-30 02:09:10
5032,PHL,Philippines,2005,68.423,64.666,72.143,25.0,32.8,271.104,135.221,15.2,1.205,0.98,3.743,World Bank API,2026-09-30 02:09:10
5033,PHL,Philippines,2006,68.172,64.721,71.541,24.5,32.0,268.335,146.808,14.8,1.214,1.03,3.778,World Bank API,2026-09-30 02:09:10
5034,PHL,Philippines,2007,68.549,65.112,71.88,24.1,31.3,260.932,142.179,14.4,1.221,1.02,3.753,World Bank API,2026-09-30 02:09:10
5035,PHL,Philippines,2008,68.643,65.231,71.949,23.7,30.7,258.862,141.324,14.1,1.232,1.52,3.863,World Bank API,2026-09-30 02:09:10
5036,PHL,Philippines,2009,68.631,65.189,71.966,23.3,30.1,258.31,141.849,13.8,1.237,1.02,4.165,World Bank API,2026-09-30 02:09:10
5037,PHL,Philippines,2010,68.883,65.534,72.112,23.0,29.5,251.661,139.458,13.6,0.543,1.02,4.131,World Bank API,2026-09-30 02:09:10
5038,PHL,Philippines,2011,69.096,65.835,72.229,22.7,29.0,246.197,139.075,13.4,0.554,1.04,4.025,World Bank API,2026-09-30 02:09:10
5039,PHL,Philippines,2012,69.237,65.98,72.373,22.4,28.6,244.333,137.601,13.4,0.564,1.01,4.177,World Bank API,2026-09-30 02:09:10
5040,PHL,Philippines,2013,69.283,66.111,72.332,22.2,28.3,242.266,139.367,13.3,0.574,0.95,4.274,World Bank API,2026-09-30 02:09:10
5041,PHL,Philippines,2014,69.311,66.116,72.401,22.1,28.0,243.73,138.362,13.4,0.589,0.92,3.703,World Bank API,2026-09-30 02:09:10
5042,PHL,Philippines,2015,69.45,66.271,72.527,22.1,27.9,240.963,137.486,13.5,0.609,0.93,3.898,World Bank API,2026-09-30 02:09:10
5043,PHL,Philippines,2016,69.49,66.187,72.749,22.2,27.8,243.294,133.576,13.7,0.631,1.03,3.955,World Bank API,2026-09-30 02:09:10
5044,PHL,Philippines,2017,69.966,66.517,73.421,22.3,27.8,233.974,122.01,13.9,0.66,0.98,3.96,World Bank API,2026-09-30 02:09:10
5045,PHL,Philippines,2018,69.761,66.69,72.807,22.5,27.9,232.319,132.873,14.1,0.695,0.94,3.954,World Bank API,2026-09-30 02:09:10
5046,PHL,Philippines,2019,69.68,66.66,72.702,22.6,28.0,231.544,134.533,14.3,0.732,0.98,4.166,World Bank API,2026-09-30 02:09:10
5047,PHL,Philippines,2020,70.097,67.421,72.76,22.7,28.0,219.984,134.489,14.4,0.752,0.99,5.162,World Bank API,2026-09-30 02:09:10
5048,PHL,Philippines,2021,66.675,63.813,69.7,22.6,27.9,282.972,173.594,14.3,0.792,0.97,5.975,World Bank API,2026-09-30 02:09:10
5049,PHL,Philippines,2022,69.472,66.544,72.446,22.4,27.5,231.635,136.021,14.2,0.792,0.97,5.156,World Bank API,2026-09-30 02:09:10
5050,PLW,Palau,1990,62.79,58.206,69.474,30.0,35.5,415.739,178.385,19.1,1.405,4.4,8.637,World Bank API,2026-09-30 02:09:10
5051,PLW,Palau,1991,62.849,58.346,69.331,29.5,34.8,413.236,182.938,18.7,1.405,4.4,8.637,World Bank API,2026-09-30 02:09:10
5052,PLW,Palau,1992,62.926,58.549,69.148,28.9,34.1,409.709,188.101,18.3,1.405,4.4,8.637,World Bank API,2026-09-30 02:09:10
5053,PLW,Palau,1993,62.98,58.72,68.966,28.2,33.3,406.882,193.36,17.9,1.405,4.4,8.637,World Bank API,2026-09-30 02:09:10
5054,PLW,Palau,1994,63.104,58.986,68.812,27.4,32.4,402.037,198.22,17.5,1.405,4.4,8.637,World Bank API,2026-09-30 02:09:10
5055,PLW,Palau,1995,63.255,59.272,68.71,26.7,31.5,396.813,202.133,17.0,1.405,4.4,8.637,World Bank API,2026-09-30 02:09:10
5056,PLW,Palau,1996,63.455,59.59,68.692,25.8,30.5,390.911,204.479,16.4,1.405,4.4,8.637,World Bank API,2026-09-30 02:09:10
5057,PLW,Palau,1997,63.707,59.983,68.787,25.0,29.5,383.434,204.756,15.9,1.405,4.4,8.637,World Bank API,2026-09-30 02:09:10
5058,PLW,Palau,1998,63.951,60.339,68.921,24.1,28.5,376.773,203.999,15.3,1.405,4.4,8.637,World Bank API,2026-09-30 02:09:10
5059,PLW,Palau,1999,64.23,60.679,69.171,23.3,27.5,370.503,201.254,14.8,1.395,4.395,8.637,World Bank API,2026-09-30 02:09:10
5060,PLW,Palau,2000,64.499,61.008,69.42,22.5,26.5,364.516,198.381,14.3,1.386,4.39,8.637,World Bank API,2026-09-30 02:09:10
5061,PLW,Palau,2001,64.8,61.326,69.659,21.7,25.5,358.816,195.71,13.8,1.376,4.385,7.797,World Bank API,2026-09-30 02:09:10
5062,PLW,Palau,2002,65.076,61.607,69.861,20.9,24.6,353.768,193.631,13.2,1.366,4.38,7.287,World Bank API,2026-09-30 02:09:10
5063,PLW,Palau,2003,65.446,62.017,70.09,20.1,23.7,345.89,191.236,12.8,1.356,4.375,8.096,World Bank API,2026-09-30 02:09:10
5064,PLW,Palau,2004,65.816,62.439,70.297,19.4,22.9,337.53,189.049,12.3,1.346,4.37,9.135,World Bank API,2026-09-30 02:09:10
5065,PLW,Palau,2005,66.219,62.892,70.535,18.8,22.1,328.232,186.177,11.9,1.337,4.365,8.632,World Bank API,2026-09-30 02:09:10
5066,PLW,Palau,2006,66.633,63.349,70.826,18.1,21.3,318.564,182.148,11.4,1.327,4.36,8.74,World Bank API,2026-09-30 02:09:10
5067,PLW,Palau,2007,67.113,63.901,71.153,17.6,20.6,306.86,177.243,11.1,1.402,4.355,8.837,World Bank API,2026-09-30 02:09:10
5068,PLW,Palau,2008,67.562,64.384,71.512,17.1,20.1,296.376,171.589,10.7,1.476,4.35,8.414,World Bank API,2026-09-30 02:09:10
5069,PLW,Palau,2009,67.99,64.826,71.891,16.8,19.7,286.605,165.468,10.5,1.551,4.345,9.631,World Bank API,2026-09-30 02:09:10
5070,PLW,Palau,2010,68.347,65.213,72.18,16.6,19.5,277.814,160.349,10.4,1.576,4.34,10.931,World Bank API,2026-09-30 02:09:10
5071,PLW,Palau,2011,68.638,65.525,72.417,16.6,19.5,270.346,155.861,10.4,1.535,4.34,9.943,World Bank API,2026-09-30 02:09:10
5072,PLW,Palau,2012,68.863,65.771,72.586,16.8,19.7,264.119,152.269,10.5,1.494,4.34,10.246,World Bank API,2026-09-30 02:09:10
5073,PLW,Palau,2013,68.981,65.937,72.618,17.2,20.1,259.352,150.43,10.7,1.453,4.34,10.927,World Bank API,2026-09-30 02:09:10
5074,PLW,Palau,2014,69.062,66.042,72.666,17.7,20.6,255.687,148.602,10.9,1.412,4.34,10.711,World Bank API,2026-09-30 02:09:10
5075,PLW,Palau,2015,69.07,66.11,72.604,18.2,21.3,252.742,148.443,11.2,1.578,4.34,9.763,World Bank API,2026-09-30 02:09:10
5076,PLW,Palau,2016,69.046,66.167,72.497,18.8,21.9,250.064,149.282,11.6,1.744,4.34,10.012,World Bank API,2026-09-30 02:09:10
5077,PLW,Palau,2017,69.019,66.234,72.37,19.4,22.5,247.31,150.763,11.9,1.91,4.34,10.904,World Bank API,2026-09-30 02:09:10
5078,PLW,Palau,2018,68.989,66.332,72.192,19.7,22.9,244.201,153.282,12.1,1.573,4.34,11.191,World Bank API,2026-09-30 02:09:10
5079,PLW,Palau,2019,68.982,66.455,72.041,19.8,23.0,240.973,155.842,12.2,2.191,4.34,12.174,World Bank API,2026-09-30 02:09:10
5080,PLW,Palau,2020,68.689,66.09,71.926,19.8,22.9,251.678,158.057,12.2,1.798,4.34,13.315,World Bank API,2026-09-30 02:09:10
5081,PLW,Palau,2021,68.563,66.28,71.348,19.6,22.7,251.233,173.682,12.0,2.809,4.34,14.553,World Bank API,2026-09-30 02:09:10
5082,PLW,Palau,2022,68.922,66.724,71.577,19.4,22.4,238.756,167.748,11.8,2.472,4.34,14.878,World Bank API,2026-09-30 02:09:10
5083,PNG,Papua New Guinea,1990,59.778,57.678,62.478,65.6,85.0,329.249,234.871,31.6,0.073,4.024,2.018,World Bank API,2026-09-30 02:09:10
5084,PNG,Papua New Guinea,1991,59.94,57.902,62.521,64.5,83.4,325.438,235.389,32.0,0.073,3.891,2.018,World Bank API,2026-09-30 02:09:10
5085,PNG,Papua New Guinea,1992,60.26,58.215,62.833,63.4,81.8,321.464,232.3,32.2,0.073,3.758,2.018,World Bank API,2026-09-30 02:09:10
5086,PNG,Papua New Guinea,1993,60.466,58.455,62.984,62.3,80.4,317.784,231.195,32.4,0.073,3.625,2.018,World Bank API,2026-09-30 02:09:10
5087,PNG,Papua New Guinea,1994,60.726,58.741,63.2,61.3,79.0,313.547,229.179,32.3,0.073,3.493,2.018,World Bank API,2026-09-30 02:09:10
5088,PNG,Papua New Guinea,1995,60.929,58.959,63.378,60.4,77.7,310.486,227.694,32.2,0.073,3.36,2.018,World Bank API,2026-09-30 02:09:10
5089,PNG,Papua New Guinea,1996,61.071,59.118,63.489,59.5,76.5,308.691,227.246,32.1,0.073,3.227,2.018,World Bank API,2026-09-30 02:09:10
5090,PNG,Papua New Guinea,1997,61.27,59.382,63.603,64.3,85.3,304.256,226.679,32.0,0.073,3.094,2.018,World Bank API,2026-09-30 02:09:10
5091,PNG,Papua New Guinea,1998,60.435,58.742,62.514,57.8,74.2,312.856,243.176,31.5,0.073,2.961,2.018,World Bank API,2026-09-30 02:09:10
5092,PNG,Papua New Guinea,1999,61.505,59.69,63.74,57.0,73.1,301.367,227.771,31.1,0.062,2.828,2.018,World Bank API,2026-09-30 02:09:10
5093,PNG,Papua New Guinea,2000,61.609,59.826,63.803,56.2,72.0,300.482,228.588,30.5,0.05,2.695,2.018,World Bank API,2026-09-30 02:09:10
5094,PNG,Papua New Guinea,2001,61.647,59.846,63.867,55.4,70.8,301.973,229.362,29.9,0.05,2.562,2.301,World Bank API,2026-09-30 02:09:10
5095,PNG,Papua New Guinea,2002,61.643,59.871,63.837,54.5,69.6,303.339,231.649,29.3,0.049,2.429,2.776,World Bank API,2026-09-30 02:09:10
5096,PNG,Papua New Guinea,2003,61.741,59.984,63.925,53.6,68.4,303.492,232.436,28.9,0.048,2.296,2.453,World Bank API,2026-09-30 02:09:10
5097,PNG,Papua New Guinea,2004,61.795,60.046,63.981,52.6,67.2,304.411,233.479,28.5,0.048,2.164,2.594,World Bank API,2026-09-30 02:09:10
5098,PNG,Papua New Guinea,2005,61.868,60.149,64.023,51.6,65.9,304.324,234.585,28.2,0.048,2.031,2.449,World Bank API,2026-09-30 02:09:10
5099,PNG,Papua New Guinea,2006,62.018,60.297,64.189,50.6,64.6,303.159,233.575,27.9,0.047,1.898,2.426,World Bank API,2026-09-30 02:09:10
5100,PNG,Papua New Guinea,2007,62.211,60.523,64.344,49.5,63.2,299.875,232.067,27.7,0.046,1.765,2.421,World Bank API,2026-09-30 02:09:10
5101,PNG,Papua New Guinea,2008,62.511,60.763,64.732,48.4,61.8,297.327,227.002,27.4,0.046,1.632,2.135,World Bank API,2026-09-30 02:09:10
5102,PNG,Papua New Guinea,2009,62.772,60.967,65.076,47.2,60.3,294.827,222.106,27.0,0.048,1.499,2.329,World Bank API,2026-09-30 02:09:10
5103,PNG,Papua New Guinea,2010,63.056,61.174,65.467,46.1,58.9,292.343,216.366,26.5,0.049,1.366,2.108,World Bank API,2026-09-30 02:09:10
5104,PNG,Papua New Guinea,2011,63.382,61.394,65.941,44.9,57.5,289.817,209.222,26.1,0.051,1.233,2.294,World Bank API,2026-09-30 02:09:10
5105,PNG,Papua New Guinea,2012,63.639,61.548,66.338,43.8,56.1,288.375,203.23,25.6,0.053,1.1,2.667,World Bank API,2026-09-30 02:09:10
5106,PNG,Papua New Guinea,2013,63.927,61.736,66.762,42.7,54.7,286.488,197.275,25.1,0.055,0.967,2.997,World Bank API,2026-09-30 02:09:10
5107,PNG,Papua New Guinea,2014,64.198,61.928,67.135,41.6,53.3,284.482,192.148,24.6,0.056,0.835,3.271,World Bank API,2026-09-30 02:09:10
5108,PNG,Papua New Guinea,2015,64.473,62.121,67.516,43.6,57.3,282.455,187.013,24.2,0.058,0.702,1.819,World Bank API,2026-09-30 02:09:10
5109,PNG,Papua New Guinea,2016,64.7,62.32,67.769,39.4,50.4,280.507,184.366,23.7,0.06,0.569,2.331,World Bank API,2026-09-30 02:09:10
5110,PNG,Papua New Guinea,2017,64.923,62.52,68.011,38.3,48.9,278.561,182.079,23.2,0.062,0.436,2.23,World Bank API,2026-09-30 02:09:10
5111,PNG,Papua New Guinea,2018,65.114,62.725,68.167,37.3,47.5,276.432,181.158,22.8,0.064,0.303,2.301,World Bank API,2026-09-30 02:09:10
5112,PNG,Papua New Guinea,2019,65.331,62.9,68.43,36.2,46.1,275.25,179.016,22.3,0.06,0.17,2.325,World Bank API,2026-09-30 02:09:10
5113,PNG,Papua New Guinea,2020,65.075,62.568,68.368,35.2,44.7,280.283,181.022,21.8,0.062,0.17,2.302,World Bank API,2026-09-30 02:09:10
5114,PNG,Papua New Guinea,2021,64.358,61.915,67.449,34.1,43.2,306.689,203.105,21.3,0.063,0.17,2.34,World Bank API,2026-09-30 02:09:10
5115,PNG,Papua New Guinea,2022,65.274,62.864,68.284,33.1,41.9,285.801,189.248,20.9,0.063,0.17,2.615,World Bank API,2026-09-30 02:09:10
5116,POL,Poland,1990,70.89,66.5,75.5,15.2,17.4,263.085,101.619,11.1,2.145,5.7,5.265,World Bank API,2026-09-30 02:09:10
5117,POL,Poland,1991,70.588,66.1,75.3,14.8,16.9,275.534,104.286,10.8,2.174,5.7,5.265,World Bank API,2026-09-30 02:09:10
5118,POL,Poland,1992,71.09,66.7,75.7,14.4,16.5,266.296,100.851,10.6,2.19,5.6,5.265,World Bank API,2026-09-30 02:09:10
5119,POL,Poland,1993,71.595,67.4,76.0,13.9,15.9,250.274,96.102,10.4,2.229,5.6,5.265,World Bank API,2026-09-30 02:09:10
5120,POL,Poland,1994,71.695,67.5,76.1,13.3,15.3,246.964,95.228,10.1,2.288,5.6,5.265,World Bank API,2026-09-30 02:09:10
5121,POL,Poland,1995,71.893,67.6,76.4,12.5,14.4,250.173,93.862,9.7,2.331,5.5,5.265,World Bank API,2026-09-30 02:09:10
5122,POL,Poland,1996,72.246,68.1,76.6,11.5,13.2,240.011,91.437,8.8,2.368,5.5,5.265,World Bank API,2026-09-30 02:09:10
5123,POL,Poland,1997,72.646,68.5,77.0,10.4,12.0,239.422,91.534,7.8,2.376,5.4,5.265,World Bank API,2026-09-30 02:09:10
5124,POL,Poland,1998,72.998,68.9,77.3,9.4,10.9,234.724,89.252,6.9,2.351,5.3,5.265,World Bank API,2026-09-30 02:09:10
5125,POL,Poland,1999,73.044,68.8,77.5,8.7,10.0,234.584,89.457,6.3,2.286,5.1,5.265,World Bank API,2026-09-30 02:09:10
5126,POL,Poland,2000,73.749,69.7,78.0,8.1,9.3,218.94,86.921,5.8,2.223,5.495,5.265,World Bank API,2026-09-30 02:09:10
5127,POL,Poland,2001,74.2,70.2,78.4,7.6,8.8,210.367,84.15,5.4,2.267,5.89,5.64,World Bank API,2026-09-30 02:09:10
5128,POL,Poland,2002,74.498,70.4,78.8,7.3,8.4,205.384,81.427,5.2,2.304,6.285,6.048,World Bank API,2026-09-30 02:09:10
5129,POL,Poland,2003,74.598,70.5,78.9,7.0,8.1,202.643,80.211,5.0,2.434,6.68,5.934,World Bank API,2026-09-30 02:09:10
5130,POL,Poland,2004,74.846,70.7,79.2,6.8,7.8,205.111,79.424,4.8,2.291,6.67,5.842,World Bank API,2026-09-30 02:09:10
5131,POL,Poland,2005,74.995,70.8,79.4,6.5,7.6,205.076,79.411,4.6,2.14,6.53,5.791,World Bank API,2026-09-30 02:09:10
5132,POL,Poland,2006,75.144,70.9,79.6,6.3,7.3,205.685,79.208,4.4,2.183,6.48,5.781,World Bank API,2026-09-30 02:09:10
5133,POL,Poland,2007,75.244,71.0,79.7,6.0,7.0,205.691,78.935,4.2,2.197,6.44,5.864,World Bank API,2026-09-30 02:09:10
5134,POL,Poland,2008,75.544,71.3,80.0,5.8,6.7,201.651,76.953,4.0,2.169,6.64,6.352,World Bank API,2026-09-30 02:09:10
5135,POL,Poland,2009,75.695,71.5,80.1,5.4,6.3,194.365,75.725,3.8,2.179,6.68,6.57,World Bank API,2026-09-30 02:09:10
5136,POL,Poland,2010,76.246,72.1,80.6,5.1,6.0,187.605,71.02,3.6,2.184,6.6,6.435,World Bank API,2026-09-30 02:09:10
5137,POL,Poland,2011,76.695,72.5,81.1,4.9,5.7,183.327,69.818,3.4,2.204,6.6,6.245,World Bank API,2026-09-30 02:09:10
5138,POL,Poland,2012,76.746,72.6,81.1,4.7,5.4,179.64,69.083,3.2,2.223,6.6,6.229,World Bank API,2026-09-30 02:09:10
5139,POL,Poland,2013,77.0,73.0,81.2,4.5,5.2,172.536,66.839,3.1,2.228,6.57,6.45,World Bank API,2026-09-30 02:09:10
5140,POL,Poland,2014,77.602,73.7,81.7,4.3,5.0,163.119,64.467,3.0,2.292,6.58,6.391,World Bank API,2026-09-30 02:09:10
5141,POL,Poland,2015,77.451,73.5,81.6,4.2,4.9,164.241,63.559,2.9,2.311,6.59,6.365,World Bank API,2026-09-30 02:09:10
5142,POL,Poland,2016,77.851,73.9,82.0,4.1,4.8,161.101,61.998,2.8,2.397,6.59,6.547,World Bank API,2026-09-30 02:09:10
5143,POL,Poland,2017,77.754,73.9,81.8,4.0,4.6,159.354,61.934,2.8,2.36,6.58,6.537,World Bank API,2026-09-30 02:09:10
5144,POL,Poland,2018,77.602,73.7,81.7,3.9,4.5,160.252,61.841,2.8,2.341,6.49,6.251,World Bank API,2026-09-30 02:09:10
5145,POL,Poland,2019,77.905,74.1,81.9,3.8,4.5,157.011,60.142,2.7,3.279,6.13,6.389,World Bank API,2026-09-30 02:09:10
5146,POL,Poland,2020,76.4,72.4,80.6,3.8,4.4,169.908,64.897,2.7,3.303,6.15,6.427,World Bank API,2026-09-30 02:09:10
5147,POL,Poland,2021,75.351,71.4,79.5,3.7,4.4,180.159,70.732,2.7,3.415,6.22,6.365,World Bank API,2026-09-30 02:09:10
5148,POL,Poland,2022,77.156,73.4,81.1,3.7,4.3,159.538,61.209,2.6,3.424,6.04,6.466,World Bank API,2026-09-30 02:09:10
5149,PRI,Puerto Rico (US),1990,72.827,69.45,76.217,37.7,45.1,207.591,99.722,21.0,1.75,3.32,4.865,World Bank API,2026-09-30 02:09:10
5150,PRI,Puerto Rico (US),1991,73.877,69.715,78.208,36.4,43.3,205.203,85.739,20.1,1.75,3.32,4.865,World Bank API,2026-09-30 02:09:10
5151,PRI,Puerto Rico (US),1992,73.387,69.062,77.925,34.9,42.5,215.355,87.875,19.7,1.75,3.32,4.865,World Bank API,2026-09-30 02:09:10
5152,PRI,Puerto Rico (US),1993,73.309,68.826,78.039,33.4,42.6,219.645,86.816,19.2,1.75,3.32,4.865,World Bank API,2026-09-30 02:09:10
5153,PRI,Puerto Rico (US),1994,73.622,69.244,78.194,32.9,39.6,216.756,86.052,18.9,1.75,3.32,4.865,World Bank API,2026-09-30 02:09:10
5154,PRI,Puerto Rico (US),1995,73.571,69.071,78.282,31.6,38.4,219.469,85.46,18.6,1.75,3.32,4.865,World Bank API,2026-09-30 02:09:10
5155,PRI,Puerto Rico (US),1996,73.995,69.719,78.403,30.4,37.2,214.469,84.698,18.0,1.75,3.32,4.865,World Bank API,2026-09-30 02:09:10
5156,PRI,Puerto Rico (US),1997,74.674,70.575,78.835,29.0,35.3,203.697,81.337,17.3,1.75,3.32,4.865,World Bank API,2026-09-30 02:09:10
5157,PRI,Puerto Rico (US),1998,74.556,70.195,79.048,28.2,33.4,211.716,80.475,16.7,1.75,3.32,4.865,World Bank API,2026-09-30 02:09:10
5158,PRI,Puerto Rico (US),1999,75.278,71.425,79.123,27.2,31.8,197.252,79.735,16.3,1.75,3.32,4.865,World Bank API,2026-09-30 02:09:10
5159,PRI,Puerto Rico (US),2000,75.514,71.725,79.278,26.3,30.5,194.882,79.31,16.0,1.75,3.32,4.865,World Bank API,2026-09-30 02:09:10
5160,PRI,Puerto Rico (US),2001,75.972,72.067,79.867,25.4,29.1,192.316,75.627,15.2,1.75,3.32,4.959,World Bank API,2026-09-30 02:09:10
5161,PRI,Puerto Rico (US),2002,76.819,73.072,80.512,23.6,28.1,180.614,71.293,14.5,1.75,3.32,5.33,World Bank API,2026-09-30 02:09:10
5162,PRI,Puerto Rico (US),2003,76.941,73.334,80.471,22.9,26.9,178.19,71.676,14.1,1.75,3.32,5.209,World Bank API,2026-09-30 02:09:10
5163,PRI,Puerto Rico (US),2004,76.913,73.298,80.462,21.1,26.1,180.524,72.16,13.7,1.75,3.32,5.336,World Bank API,2026-09-30 02:09:10
5164,PRI,Puerto Rico (US),2005,76.703,73.086,80.267,19.8,24.0,183.48,72.683,13.2,1.75,3.32,5.294,World Bank API,2026-09-30 02:09:10
5165,PRI,Puerto Rico (US),2006,77.561,73.953,81.106,19.3,22.8,172.607,67.643,13.0,1.75,3.32,5.405,World Bank API,2026-09-30 02:09:10
5166,PRI,Puerto Rico (US),2007,77.659,73.905,81.384,18.5,21.8,174.128,65.725,12.5,1.75,3.32,5.317,World Bank API,2026-09-30 02:09:10
5167,PRI,Puerto Rico (US),2008,78.111,74.631,81.516,17.9,20.9,165.47,64.607,12.1,1.75,3.32,5.444,World Bank API,2026-09-30 02:09:10
5168,PRI,Puerto Rico (US),2009,78.377,74.709,82.011,17.4,21.2,164.204,61.348,11.7,1.75,3.32,5.749,World Bank API,2026-09-30 02:09:10
5169,PRI,Puerto Rico (US),2010,78.717,75.202,82.179,16.7,19.3,157.457,59.837,11.4,1.75,3.32,5.49,World Bank API,2026-09-30 02:09:10
5170,PRI,Puerto Rico (US),2011,78.766,75.121,82.383,16.6,19.3,157.139,58.103,10.9,1.75,3.32,5.749,World Bank API,2026-09-30 02:09:10
5171,PRI,Puerto Rico (US),2012,79.258,75.793,82.651,16.2,18.9,147.953,55.966,11.0,1.75,3.32,5.776,World Bank API,2026-09-30 02:09:10
5172,PRI,Puerto Rico (US),2013,80.318,76.99,83.53,16.0,18.9,135.141,51.81,10.9,1.75,3.32,5.737,World Bank API,2026-09-30 02:09:10
5173,PRI,Puerto Rico (US),2014,80.039,76.47,83.539,15.8,18.5,139.299,51.331,10.8,1.75,3.32,5.838,World Bank API,2026-09-30 02:09:10
5174,PRI,Puerto Rico (US),2015,80.677,77.214,84.04,15.5,18.2,130.125,48.182,10.6,1.75,3.32,6.065,World Bank API,2026-09-30 02:09:10
5175,PRI,Puerto Rico (US),2016,80.355,76.825,83.803,15.0,17.8,131.907,48.488,10.2,1.75,3.32,6.172,World Bank API,2026-09-30 02:09:10
5176,PRI,Puerto Rico (US),2017,79.07,75.823,82.225,14.5,17.3,136.815,62.571,9.9,1.75,3.32,6.136,World Bank API,2026-09-30 02:09:10
5177,PRI,Puerto Rico (US),2018,81.086,77.451,84.616,14.1,16.4,123.301,43.966,9.8,1.75,3.32,5.932,World Bank API,2026-09-30 02:09:10
5178,PRI,Puerto Rico (US),2019,81.438,77.66,85.14,14.1,15.9,119.806,40.932,9.6,1.75,3.32,5.745,World Bank API,2026-09-30 02:09:10
5179,PRI,Puerto Rico (US),2020,80.009,76.021,83.951,13.6,15.6,157.964,61.114,9.3,1.75,3.32,6.646,World Bank API,2026-09-30 02:09:10
5180,PRI,Puerto Rico (US),2021,79.77,75.658,83.821,13.3,15.3,179.619,63.89,9.3,1.75,3.32,6.64,World Bank API,2026-09-30 02:09:10
5181,PRI,Puerto Rico (US),2022,79.427,75.277,83.58,13.0,15.1,166.98,63.866,9.0,1.75,3.32,6.573,World Bank API,2026-09-30 02:09:10
5182,PRK,"Korea, Dem. People's Rep.",1990,70.484,67.372,73.004,32.0,40.7,166.066,80.263,21.3,2.97,14.3,4.865,World Bank API,2026-09-30 02:09:10
5183,PRK,"Korea, Dem. People's Rep.",1991,70.717,67.573,73.278,32.7,41.8,159.972,73.64,21.7,2.97,14.3,4.865,World Bank API,2026-09-30 02:09:10
5184,PRK,"Korea, Dem. People's Rep.",1992,71.009,67.509,73.791,33.2,42.5,155.868,68.104,21.9,2.97,14.3,4.865,World Bank API,2026-09-30 02:09:10
5185,PRK,"Korea, Dem. People's Rep.",1993,70.794,67.031,73.786,33.4,42.7,164.521,74.737,22.0,2.97,14.3,4.865,World Bank API,2026-09-30 02:09:10
5186,PRK,"Korea, Dem. People's Rep.",1994,70.472,66.454,73.69,33.3,42.5,176.068,83.673,21.9,2.97,14.3,4.865,World Bank API,2026-09-30 02:09:10
5187,PRK,"Korea, Dem. People's Rep.",1995,60.766,57.448,63.588,64.3,107.7,265.15,161.001,25.4,2.97,14.3,4.865,World Bank API,2026-09-30 02:09:10
5188,PRK,"Korea, Dem. People's Rep.",1996,60.82,57.487,63.683,63.4,106.2,266.636,161.363,25.2,2.986,14.3,4.865,World Bank API,2026-09-30 02:09:10
5189,PRK,"Korea, Dem. People's Rep.",1997,60.869,57.537,63.76,62.3,104.6,268.018,162.118,24.8,3.002,14.3,4.865,World Bank API,2026-09-30 02:09:10
5190,PRK,"Korea, Dem. People's Rep.",1998,60.887,57.553,63.813,61.4,103.2,269.928,163.067,24.5,3.018,14.3,4.865,World Bank API,2026-09-30 02:09:10
5191,PRK,"Korea, Dem. People's Rep.",1999,60.91,57.578,63.871,60.4,101.7,271.805,164.005,24.2,3.034,14.3,4.865,World Bank API,2026-09-30 02:09:10
5192,PRK,"Korea, Dem. People's Rep.",2000,60.911,57.587,63.904,59.4,100.2,273.839,165.321,23.8,3.049,14.3,4.865,World Bank API,2026-09-30 02:09:10
5193,PRK,"Korea, Dem. People's Rep.",2001,60.893,57.579,63.914,58.6,99.0,275.981,166.684,23.5,3.065,14.3,4.959,World Bank API,2026-09-30 02:09:10
5194,PRK,"Korea, Dem. People's Rep.",2002,60.877,57.577,63.924,57.7,97.8,278.021,168.132,23.2,3.081,14.3,5.33,World Bank API,2026-09-30 02:09:10
5195,PRK,"Korea, Dem. People's Rep.",2003,69.399,65.49,72.95,27.3,34.5,209.858,107.625,18.6,3.097,14.3,5.209,World Bank API,2026-09-30 02:09:10
5196,PRK,"Korea, Dem. People's Rep.",2004,69.294,65.39,72.897,26.8,33.8,212.821,109.388,18.2,3.123,14.3,5.336,World Bank API,2026-09-30 02:09:10
5197,PRK,"Korea, Dem. People's Rep.",2005,69.168,65.273,72.813,26.3,33.3,215.789,111.263,18.0,3.149,14.3,5.294,World Bank API,2026-09-30 02:09:10
5198,PRK,"Korea, Dem. People's Rep.",2006,69.061,65.182,72.741,25.9,32.8,218.351,113.103,17.7,3.176,14.3,5.405,World Bank API,2026-09-30 02:09:10
5199,PRK,"Korea, Dem. People's Rep.",2007,69.021,65.221,72.643,25.6,32.4,216.932,115.468,17.4,3.202,14.3,5.317,World Bank API,2026-09-30 02:09:10
5200,PRK,"Korea, Dem. People's Rep.",2008,69.303,65.633,72.789,24.7,31.0,211.127,115.908,16.7,3.228,14.3,5.444,World Bank API,2026-09-30 02:09:10
5201,PRK,"Korea, Dem. People's Rep.",2009,69.702,66.242,72.957,23.9,30.0,202.81,115.977,16.1,3.269,14.3,5.749,World Bank API,2026-09-30 02:09:10
5202,PRK,"Korea, Dem. People's Rep.",2010,70.246,67.008,73.257,22.9,28.7,194.759,114.436,15.4,3.309,14.3,5.49,World Bank API,2026-09-30 02:09:10
5203,PRK,"Korea, Dem. People's Rep.",2011,70.772,67.74,73.57,21.7,27.2,187.666,112.994,14.6,3.35,13.75,5.749,World Bank API,2026-09-30 02:09:10
5204,PRK,"Korea, Dem. People's Rep.",2012,71.317,68.475,73.92,20.6,25.7,180.825,111.177,13.8,3.39,13.2,5.776,World Bank API,2026-09-30 02:09:10
5205,PRK,"Korea, Dem. People's Rep.",2013,71.867,69.191,74.304,19.3,24.1,174.565,109.018,12.9,3.42,13.133,5.737,World Bank API,2026-09-30 02:09:10
5206,PRK,"Korea, Dem. People's Rep.",2014,72.451,69.981,74.684,18.2,22.6,166.718,107.037,12.1,3.451,13.067,5.838,World Bank API,2026-09-30 02:09:10
5207,PRK,"Korea, Dem. People's Rep.",2015,72.825,70.435,74.992,17.2,21.4,163.07,105.487,11.4,3.548,13.0,6.065,World Bank API,2026-09-30 02:09:10
5208,PRK,"Korea, Dem. People's Rep.",2016,72.971,70.541,75.198,16.5,20.6,162.889,104.552,11.0,3.645,12.933,6.172,World Bank API,2026-09-30 02:09:10
5209,PRK,"Korea, Dem. People's Rep.",2017,73.034,70.445,75.461,15.4,19.1,165.83,103.361,10.2,3.628,12.867,6.136,World Bank API,2026-09-30 02:09:10
5210,PRK,"Korea, Dem. People's Rep.",2018,73.02,70.281,75.64,14.8,18.4,168.516,102.63,9.9,3.628,12.8,5.932,World Bank API,2026-09-30 02:09:10
5211,PRK,"Korea, Dem. People's Rep.",2019,72.928,69.945,75.863,14.3,17.7,176.274,100.395,9.5,3.628,12.8,5.745,World Bank API,2026-09-30 02:09:10
5212,PRK,"Korea, Dem. People's Rep.",2020,72.783,69.851,75.691,14.1,17.4,176.517,102.064,9.3,3.628,12.8,6.646,World Bank API,2026-09-30 02:09:10
5213,PRK,"Korea, Dem. People's Rep.",2021,73.437,71.282,75.487,14.1,17.4,161.75,108.696,9.4,3.628,12.8,6.64,World Bank API,2026-09-30 02:09:10
5214,PRK,"Korea, Dem. People's Rep.",2022,73.641,71.457,75.72,14.3,17.7,156.179,103.975,9.5,3.628,12.8,6.573,World Bank API,2026-09-30 02:09:10
5215,PRT,Portugal,1990,73.966,70.6,77.5,11.5,14.7,174.691,79.3,7.2,2.805,4.1,8.601,World Bank API,2026-09-30 02:09:10
5216,PRT,Portugal,1991,74.015,70.6,77.6,10.6,13.6,177.646,79.377,6.6,2.843,4.1,8.601,World Bank API,2026-09-30 02:09:10
5217,PRT,Portugal,1992,74.312,70.8,78.0,9.7,12.5,176.811,76.398,6.0,2.864,4.0,8.601,World Bank API,2026-09-30 02:09:10
5218,PRT,Portugal,1993,74.512,71.0,78.2,8.8,11.4,173.945,78.727,5.5,2.877,3.9,8.601,World Bank API,2026-09-30 02:09:10
5219,PRT,Portugal,1994,74.915,71.5,78.5,8.1,10.5,163.048,71.424,5.1,2.896,3.9,8.601,World Bank API,2026-09-30 02:09:10
5220,PRT,Portugal,1995,75.312,71.8,79.0,7.5,9.8,167.935,71.685,4.7,2.929,3.9,8.601,World Bank API,2026-09-30 02:09:10
5221,PRT,Portugal,1996,75.261,71.7,79.0,7.0,9.2,172.324,71.581,4.3,3.008,4.0,8.601,World Bank API,2026-09-30 02:09:10
5222,PRT,Portugal,1997,75.412,71.9,79.1,6.6,8.6,164.967,72.761,4.0,3.049,3.9,8.601,World Bank API,2026-09-30 02:09:10
5223,PRT,Portugal,1998,75.712,72.2,79.4,6.3,8.2,162.237,68.803,3.8,3.106,3.9,8.601,World Bank API,2026-09-30 02:09:10
5224,PRT,Portugal,1999,75.963,72.5,79.6,5.9,7.7,159.118,67.512,3.5,3.127,3.8,8.601,World Bank API,2026-09-30 02:09:10
5225,PRT,Portugal,2000,76.315,72.9,79.9,5.5,7.2,153.572,65.693,3.3,3.207,3.71,8.601,World Bank API,2026-09-30 02:09:10
5226,PRT,Portugal,2001,76.815,73.4,80.4,5.1,6.6,151.934,64.704,3.2,3.258,3.65,8.628,World Bank API,2026-09-30 02:09:10
5227,PRT,Portugal,2002,77.066,73.7,80.6,4.7,6.0,148.977,63.218,3.0,3.291,3.57,8.786,World Bank API,2026-09-30 02:09:10
5228,PRT,Portugal,2003,77.22,74.0,80.6,4.3,5.5,145.227,62.164,2.8,3.342,3.58,9.124,World Bank API,2026-09-30 02:09:10
5229,PRT,Portugal,2004,77.671,74.5,81.0,3.9,5.0,137.805,58.261,2.6,3.417,3.59,9.533,World Bank API,2026-09-30 02:09:10
5230,PRT,Portugal,2005,78.071,74.9,81.4,3.7,4.7,140.269,58.025,2.4,3.502,3.56,9.653,World Bank API,2026-09-30 02:09:10
5231,PRT,Portugal,2006,78.42,75.2,81.8,3.4,4.4,135.503,52.868,2.2,3.572,3.48,9.354,World Bank API,2026-09-30 02:09:10
5232,PRT,Portugal,2007,78.322,75.2,81.6,3.3,4.2,129.859,53.452,2.1,3.657,3.43,9.252,World Bank API,2026-09-30 02:09:10
5233,PRT,Portugal,2008,78.524,75.5,81.7,3.2,4.0,125.803,52.73,2.1,3.752,3.39,9.583,World Bank API,2026-09-30 02:09:10
5234,PRT,Portugal,2009,78.727,75.8,81.8,3.1,3.9,122.941,52.705,2.1,3.858,3.37,10.131,World Bank API,2026-09-30 02:09:10
5235,PRT,Portugal,2010,79.027,76.1,82.1,3.0,3.8,121.293,50.999,2.1,3.982,3.37,10.019,World Bank API,2026-09-30 02:09:10
5236,PRT,Portugal,2011,80.471,77.3,83.8,3.0,3.7,118.588,49.213,2.1,4.123,3.37,9.718,World Bank API,2026-09-30 02:09:10
5237,PRT,Portugal,2012,80.373,77.3,83.6,3.0,3.7,114.785,47.006,2.1,4.241,3.41,9.64,World Bank API,2026-09-30 02:09:10
5238,PRT,Portugal,2013,80.722,77.6,84.0,2.9,3.6,112.276,45.643,2.1,4.399,3.39,9.395,World Bank API,2026-09-30 02:09:10
5239,PRT,Portugal,2014,81.122,78.0,84.4,2.9,3.6,109.072,44.999,2.1,4.562,3.32,9.336,World Bank API,2026-09-30 02:09:10
5240,PRT,Portugal,2015,81.124,78.1,84.3,2.9,3.6,104.024,42.462,2.1,4.748,3.36,9.333,World Bank API,2026-09-30 02:09:10
5241,PRT,Portugal,2016,81.124,78.1,84.3,2.9,3.6,103.067,43.926,2.1,4.93,3.39,9.4,World Bank API,2026-09-30 02:09:10
5242,PRT,Portugal,2017,81.424,78.4,84.6,2.9,3.6,102.077,44.716,2.0,5.103,3.38,9.327,World Bank API,2026-09-30 02:09:10
5243,PRT,Portugal,2018,81.324,78.3,84.5,2.9,3.5,100.503,43.185,1.9,5.276,3.43,9.421,World Bank API,2026-09-30 02:09:10
5244,PRT,Portugal,2019,81.676,78.7,84.8,2.8,3.5,95.705,43.935,1.9,5.422,3.49,9.509,World Bank API,2026-09-30 02:09:10
5245,PRT,Portugal,2020,81.329,78.5,84.3,2.8,3.4,101.899,44.498,1.8,5.576,3.47,10.521,World Bank API,2026-09-30 02:09:10
5246,PRT,Portugal,2021,81.378,78.5,84.4,2.7,3.3,100.423,44.63,1.8,5.711,3.49,11.22,World Bank API,2026-09-30 02:09:10
5247,PRT,Portugal,2022,81.632,78.9,84.5,2.7,3.3,98.166,43.285,1.7,5.851,3.48,10.549,World Bank API,2026-09-30 02:09:10
5248,PRY,Paraguay,1990,67.341,65.558,69.184,37.8,45.6,216.188,162.999,22.1,0.65,0.932,6.019,World Bank API,2026-09-30 02:09:10
5249,PRY,Paraguay,1991,67.676,65.778,69.648,36.5,43.9,216.778,156.363,21.6,0.813,1.055,6.019,World Bank API,2026-09-30 02:09:10
5250,PRY,Paraguay,1992,67.961,66.037,69.962,35.3,42.4,214.6,154.083,21.1,0.635,1.177,6.019,World Bank API,2026-09-30 02:09:10
5251,PRY,Paraguay,1993,68.234,66.278,70.271,34.2,40.9,212.652,151.806,20.7,0.458,1.3,6.019,World Bank API,2026-09-30 02:09:10
5252,PRY,Paraguay,1994,68.504,66.515,70.579,33.2,39.6,210.678,149.479,20.3,0.28,0.601,6.019,World Bank API,2026-09-30 02:09:10
5253,PRY,Paraguay,1995,68.778,66.748,70.9,32.3,38.4,208.699,146.947,19.9,0.73,0.97,6.019,World Bank API,2026-09-30 02:09:10
5254,PRY,Paraguay,1996,69.05,66.975,71.224,31.5,37.3,206.718,144.332,19.6,0.914,1.34,6.019,World Bank API,2026-09-30 02:09:10
5255,PRY,Paraguay,1997,69.284,67.192,71.474,30.7,36.3,204.712,142.561,19.2,1.098,1.203,6.019,World Bank API,2026-09-30 02:09:10
5256,PRY,Paraguay,1998,69.507,67.4,71.715,30.0,35.3,202.848,140.699,18.8,1.122,1.065,6.019,World Bank API,2026-09-30 02:09:10
5257,PRY,Paraguay,1999,69.774,67.661,71.986,29.4,34.5,200.39,138.829,18.3,1.146,0.928,6.019,World Bank API,2026-09-30 02:09:10
5258,PRY,Paraguay,2000,70.026,67.881,72.273,28.7,33.6,198.348,136.571,18.0,1.17,0.79,6.019,World Bank API,2026-09-30 02:09:10
5259,PRY,Paraguay,2001,70.281,68.106,72.559,28.1,32.8,196.215,134.318,17.6,1.189,0.78,5.608,World Bank API,2026-09-30 02:09:10
5260,PRY,Paraguay,2002,70.539,68.323,72.864,27.5,32.0,194.205,131.88,17.1,1.208,0.83,4.758,World Bank API,2026-09-30 02:09:10
5261,PRY,Paraguay,2003,70.795,68.541,73.16,26.9,31.3,192.193,129.564,16.7,1.226,0.81,4.907,World Bank API,2026-09-30 02:09:10
5262,PRY,Paraguay,2004,71.054,68.771,73.454,26.4,30.5,190.009,127.299,16.3,1.245,0.78,4.932,World Bank API,2026-09-30 02:09:10
5263,PRY,Paraguay,2005,71.317,69.01,73.744,25.8,29.7,187.703,125.089,15.8,1.263,0.82,4.829,World Bank API,2026-09-30 02:09:10
5264,PRY,Paraguay,2006,71.584,69.256,74.033,25.1,28.9,185.326,122.939,15.4,1.281,0.81,5.019,World Bank API,2026-09-30 02:09:10
5265,PRY,Paraguay,2007,71.817,69.436,74.33,24.5,28.2,183.92,120.722,15.0,1.3,0.8,5.02,World Bank API,2026-09-30 02:09:10
5266,PRY,Paraguay,2008,72.047,69.612,74.625,23.8,27.3,182.563,118.556,14.5,1.318,0.82,5.038,World Bank API,2026-09-30 02:09:10
5267,PRY,Paraguay,2009,72.282,69.779,74.939,23.2,26.5,181.364,116.23,14.1,1.336,0.82,5.525,World Bank API,2026-09-30 02:09:10
5268,PRY,Paraguay,2010,72.551,70.004,75.257,22.5,25.7,179.348,113.895,13.7,1.354,0.84,5.466,World Bank API,2026-09-30 02:09:10
5269,PRY,Paraguay,2011,72.787,70.201,75.536,21.9,24.9,177.719,112.018,13.2,1.373,0.83,5.822,World Bank API,2026-09-30 02:09:10
5270,PRY,Paraguay,2012,73.105,70.431,75.944,21.2,24.2,177.563,107.469,12.8,1.391,0.85,6.531,World Bank API,2026-09-30 02:09:10
5271,PRY,Paraguay,2013,73.292,70.525,76.233,20.6,23.4,179.125,103.745,12.4,1.404,0.87,6.064,World Bank API,2026-09-30 02:09:10
5272,PRY,Paraguay,2014,73.415,70.567,76.445,20.0,22.7,181.018,100.45,12.1,1.416,0.89,6.627,World Bank API,2026-09-30 02:09:10
5273,PRY,Paraguay,2015,73.454,70.579,76.517,19.3,21.9,181.012,99.276,11.7,1.428,0.85,6.692,World Bank API,2026-09-30 02:09:10
5274,PRY,Paraguay,2016,73.487,70.572,76.599,18.7,21.2,180.631,98.096,11.3,1.441,0.89,6.676,World Bank API,2026-09-30 02:09:10
5275,PRY,Paraguay,2017,73.45,70.469,76.648,18.1,20.5,181.064,97.224,10.9,1.454,0.89,6.609,World Bank API,2026-09-30 02:09:10
5276,PRY,Paraguay,2018,73.627,70.699,76.745,17.6,19.9,181.273,96.679,10.5,1.466,0.9,6.745,World Bank API,2026-09-30 02:09:10
5277,PRY,Paraguay,2019,73.668,70.73,76.796,17.0,19.2,181.491,95.987,10.2,1.381,0.91,7.161,World Bank API,2026-09-30 02:09:10
5278,PRY,Paraguay,2020,72.72,69.652,76.063,16.5,18.6,191.353,105.789,9.8,1.296,1.01,7.675,World Bank API,2026-09-30 02:09:10
5279,PRY,Paraguay,2021,68.108,65.266,71.335,16.0,18.0,271.177,167.446,9.5,3.252,1.13,8.033,World Bank API,2026-09-30 02:09:10
5280,PRY,Paraguay,2022,72.319,69.416,75.414,15.5,17.5,201.415,113.498,9.2,3.893,1.04,7.735,World Bank API,2026-09-30 02:09:10
5281,PSE,West Bank and Gaza,1990,67.803,66.2,69.397,39.2,45.1,207.724,158.831,22.5,0.5,1.2,9.465,World Bank API,2026-09-30 02:09:10
5282,PSE,West Bank and Gaza,1991,68.222,66.68,69.749,37.3,43.0,200.528,154.909,21.9,0.5,1.2,9.465,World Bank API,2026-09-30 02:09:10
5283,PSE,West Bank and Gaza,1992,68.478,66.876,70.073,35.7,41.1,199.346,151.474,21.4,0.5,1.2,9.465,World Bank API,2026-09-30 02:09:10
5284,PSE,West Bank and Gaza,1993,68.759,67.048,70.475,34.2,39.4,198.795,147.136,20.9,0.5,1.2,9.465,World Bank API,2026-09-30 02:09:10
5285,PSE,West Bank and Gaza,1994,69.328,67.786,70.86,32.9,37.8,185.783,142.55,20.4,0.5,1.2,9.465,World Bank API,2026-09-30 02:09:10
5286,PSE,West Bank and Gaza,1995,69.583,67.984,71.18,31.6,36.3,184.534,139.114,19.9,0.5,1.2,9.465,World Bank API,2026-09-30 02:09:10
5287,PSE,West Bank and Gaza,1996,69.982,68.48,71.473,30.4,34.9,176.156,135.659,19.2,0.5,1.2,9.465,World Bank API,2026-09-30 02:09:10
5288,PSE,West Bank and Gaza,1997,70.328,68.883,71.76,29.2,33.6,169.89,132.404,18.6,0.5,1.198,9.465,World Bank API,2026-09-30 02:09:10
5289,PSE,West Bank and Gaza,1998,70.564,69.116,72.004,28.2,32.5,166.989,129.714,18.0,0.5,1.195,9.465,World Bank API,2026-09-30 02:09:10
5290,PSE,West Bank and Gaza,1999,70.789,69.34,72.233,27.2,31.3,164.147,127.183,17.5,0.612,1.193,9.465,World Bank API,2026-09-30 02:09:10
5291,PSE,West Bank and Gaza,2000,70.298,68.284,72.376,26.3,30.3,189.393,126.636,17.1,0.725,1.19,9.465,World Bank API,2026-09-30 02:09:10
5292,PSE,West Bank and Gaza,2001,69.75,67.077,72.585,25.5,29.4,217.625,125.577,16.7,0.837,1.37,10.315,World Bank API,2026-09-30 02:09:10
5293,PSE,West Bank and Gaza,2002,70.88,68.936,72.883,24.8,28.5,177.127,120.661,16.4,0.896,1.38,11.047,World Bank API,2026-09-30 02:09:10
5294,PSE,West Bank and Gaza,2003,70.967,68.755,73.27,24.0,27.7,184.239,117.228,16.0,0.954,1.25,9.559,World Bank API,2026-09-30 02:09:10
5295,PSE,West Bank and Gaza,2004,71.094,68.759,73.537,23.3,26.8,186.374,114.659,15.6,1.013,1.25,11.379,World Bank API,2026-09-30 02:09:10
5296,PSE,West Bank and Gaza,2005,72.004,70.188,73.869,22.6,26.0,157.258,110.226,15.2,1.071,1.3,10.996,World Bank API,2026-09-30 02:09:10
5297,PSE,West Bank and Gaza,2006,71.831,69.665,74.083,21.8,25.1,170.749,108.674,14.8,1.13,1.34,10.502,World Bank API,2026-09-30 02:09:10
5298,PSE,West Bank and Gaza,2007,72.064,69.887,74.328,21.1,24.3,167.898,106.185,14.4,1.188,1.34,9.588,World Bank API,2026-09-30 02:09:10
5299,PSE,West Bank and Gaza,2008,72.204,70.283,74.191,20.4,23.5,157.104,106.464,14.0,1.247,1.28,10.526,World Bank API,2026-09-30 02:09:10
5300,PSE,West Bank and Gaza,2009,72.306,70.358,74.324,19.7,22.7,156.414,105.028,13.6,1.305,2.19,10.765,World Bank API,2026-09-30 02:09:10
5301,PSE,West Bank and Gaza,2010,73.302,71.552,75.104,19.0,21.9,137.21,97.604,13.2,1.364,1.3,9.105,World Bank API,2026-09-30 02:09:10
5302,PSE,West Bank and Gaza,2011,73.557,71.72,75.458,18.3,21.1,135.252,94.329,12.9,1.423,1.3,11.346,World Bank API,2026-09-30 02:09:10
5303,PSE,West Bank and Gaza,2012,73.722,71.751,75.772,17.7,20.3,135.994,91.561,12.6,1.481,1.3,10.301,World Bank API,2026-09-30 02:09:10
5304,PSE,West Bank and Gaza,2013,74.14,72.196,76.165,17.0,19.6,128.491,87.882,12.2,1.54,1.25,10.449,World Bank API,2026-09-30 02:09:10
5305,PSE,West Bank and Gaza,2014,72.781,70.12,75.609,17.6,21.9,167.146,93.658,11.9,1.598,1.31,9.92,World Bank API,2026-09-30 02:09:10
5306,PSE,West Bank and Gaza,2015,74.577,72.512,76.733,15.8,18.2,125.109,82.998,11.5,1.657,1.28,9.285,World Bank API,2026-09-30 02:09:10
5307,PSE,West Bank and Gaza,2016,74.917,72.863,77.053,15.2,17.5,120.715,80.273,11.2,1.715,1.28,9.004,World Bank API,2026-09-30 02:09:10
5308,PSE,West Bank and Gaza,2017,75.216,73.163,77.343,14.6,16.9,117.177,77.865,10.8,1.774,1.32,9.122,World Bank API,2026-09-30 02:09:10
5309,PSE,West Bank and Gaza,2018,75.38,73.23,77.609,14.1,16.3,117.472,75.864,10.4,2.168,1.33,9.656,World Bank API,2026-09-30 02:09:10
5310,PSE,West Bank and Gaza,2019,75.811,73.612,78.092,13.6,15.7,112.504,72.113,10.0,2.168,1.29,9.186,World Bank API,2026-09-30 02:09:10
5311,PSE,West Bank and Gaza,2020,74.998,72.573,77.603,13.2,15.2,122.384,74.05,9.7,2.168,1.28,10.276,World Bank API,2026-09-30 02:09:10
5312,PSE,West Bank and Gaza,2021,73.89,71.495,76.44,12.8,14.6,143.05,88.029,9.4,2.168,1.49,10.435,World Bank API,2026-09-30 02:09:10
5313,PSE,West Bank and Gaza,2022,76.662,74.247,79.144,12.3,14.1,105.361,64.552,9.0,2.168,1.3,9.706,World Bank API,2026-09-30 02:09:10
5314,PYF,French Polynesia,1990,73.908,72.283,75.676,37.7,45.1,127.2,92.259,21.0,1.697,2.76,4.865,World Bank API,2026-09-30 02:09:10
5315,PYF,French Polynesia,1991,74.295,72.593,76.155,36.4,43.3,123.423,87.969,20.1,1.697,2.76,4.865,World Bank API,2026-09-30 02:09:10
5316,PYF,French Polynesia,1992,74.746,73.04,76.604,34.9,42.5,118.166,84.05,19.7,1.697,2.84,4.865,World Bank API,2026-09-30 02:09:10
5317,PYF,French Polynesia,1993,75.191,73.478,77.051,33.4,42.6,113.112,80.254,19.2,1.697,2.76,4.865,World Bank API,2026-09-30 02:09:10
5318,PYF,French Polynesia,1994,75.65,73.913,77.53,32.9,39.6,108.175,76.323,18.9,1.697,2.76,4.865,World Bank API,2026-09-30 02:09:10
5319,PYF,French Polynesia,1995,76.243,74.339,78.312,31.6,38.4,103.443,70.377,18.6,1.697,2.745,4.865,World Bank API,2026-09-30 02:09:10
5320,PYF,French Polynesia,1996,76.813,74.74,79.071,30.4,37.2,99.062,64.931,18.0,1.697,2.64,4.865,World Bank API,2026-09-30 02:09:10
5321,PYF,French Polynesia,1997,77.38,75.181,79.766,29.0,35.3,94.437,60.215,17.3,1.697,2.579,4.865,World Bank API,2026-09-30 02:09:10
5322,PYF,French Polynesia,1998,77.842,75.608,80.254,28.2,33.4,90.61,58.001,16.7,1.697,2.583,4.865,World Bank API,2026-09-30 02:09:10
5323,PYF,French Polynesia,1999,78.574,76.235,81.093,27.2,31.8,84.285,51.836,16.3,1.697,2.587,4.865,World Bank API,2026-09-30 02:09:10
5324,PYF,French Polynesia,2000,79.0,76.607,81.566,26.3,30.5,80.869,49.052,16.0,1.697,2.508,4.865,World Bank API,2026-09-30 02:09:10
5325,PYF,French Polynesia,2001,79.316,76.887,81.907,25.4,29.1,78.355,47.119,15.2,1.697,2.5,4.959,World Bank API,2026-09-30 02:09:10
5326,PYF,French Polynesia,2002,79.544,77.091,82.146,23.6,28.1,76.554,45.796,14.5,1.697,2.429,5.33,World Bank API,2026-09-30 02:09:10
5327,PYF,French Polynesia,2003,79.71,77.242,82.319,22.9,26.9,75.243,44.859,14.1,1.697,2.35,5.209,World Bank API,2026-09-30 02:09:10
5328,PYF,French Polynesia,2004,79.829,77.362,82.459,21.1,26.1,74.203,44.107,13.7,1.697,2.361,5.336,World Bank API,2026-09-30 02:09:10
5329,PYF,French Polynesia,2005,79.951,77.474,82.616,19.8,24.0,73.245,43.268,13.2,1.697,2.29,5.294,World Bank API,2026-09-30 02:09:10
5330,PYF,French Polynesia,2006,80.1,77.6,82.813,19.3,22.8,72.185,42.231,13.0,1.697,2.297,5.405,World Bank API,2026-09-30 02:09:10
5331,PYF,French Polynesia,2007,80.328,77.832,83.043,18.5,21.8,70.353,41.035,12.5,1.697,2.27,5.317,World Bank API,2026-09-30 02:09:10
5332,PYF,French Polynesia,2008,80.587,78.097,83.305,17.9,20.9,68.31,39.708,12.1,1.697,2.26,5.444,World Bank API,2026-09-30 02:09:10
5333,PYF,French Polynesia,2009,80.867,78.385,83.587,17.4,21.2,66.131,38.314,11.7,1.697,2.269,5.749,World Bank API,2026-09-30 02:09:10
5334,PYF,French Polynesia,2010,81.141,78.674,83.856,16.7,19.3,63.982,37.092,11.4,1.697,2.25,5.49,World Bank API,2026-09-30 02:09:10
5335,PYF,French Polynesia,2011,81.434,78.976,84.151,16.6,19.3,61.82,35.637,10.9,1.697,2.25,5.749,World Bank API,2026-09-30 02:09:10
5336,PYF,French Polynesia,2012,81.695,79.251,84.405,16.2,18.9,59.886,34.478,11.0,1.697,2.27,5.776,World Bank API,2026-09-30 02:09:10
5337,PYF,French Polynesia,2013,81.935,79.5,84.63,16.0,18.9,58.174,33.471,10.9,1.697,2.29,5.737,World Bank API,2026-09-30 02:09:10
5338,PYF,French Polynesia,2014,82.151,79.721,84.827,15.8,18.5,56.685,32.611,10.8,1.697,2.34,5.838,World Bank API,2026-09-30 02:09:10
5339,PYF,French Polynesia,2015,82.339,79.917,84.998,15.5,18.2,55.386,31.875,10.6,1.697,2.37,6.065,World Bank API,2026-09-30 02:09:10
5340,PYF,French Polynesia,2016,82.555,80.146,85.195,15.0,17.8,53.908,31.043,10.2,1.697,2.36,6.172,World Bank API,2026-09-30 02:09:10
5341,PYF,French Polynesia,2017,82.774,80.388,85.386,14.5,17.3,52.386,30.25,9.9,1.697,2.34,6.136,World Bank API,2026-09-30 02:09:10
5342,PYF,French Polynesia,2018,82.985,80.622,85.572,14.1,16.4,50.94,29.492,9.8,1.697,2.3,5.932,World Bank API,2026-09-30 02:09:10
5343,PYF,French Polynesia,2019,83.195,80.855,85.759,14.1,15.9,49.531,28.746,9.6,1.697,2.25,5.745,World Bank API,2026-09-30 02:09:10
5344,PYF,French Polynesia,2020,82.459,79.855,85.448,13.6,15.6,56.006,30.649,9.3,1.697,2.35,6.646,World Bank API,2026-09-30 02:09:10
5345,PYF,French Polynesia,2021,79.571,77.313,82.116,13.3,15.3,100.713,63.943,9.3,1.697,2.39,6.64,World Bank API,2026-09-30 02:09:10
5346,PYF,French Polynesia,2022,83.859,81.555,86.324,13.0,15.1,45.481,26.578,9.0,1.697,2.36,6.573,World Bank API,2026-09-30 02:09:10
5347,QAT,Qatar,1990,73.405,72.794,74.334,17.4,20.8,98.037,93.221,11.4,1.5,1.65,1.973,World Bank API,2026-09-30 02:09:10
5348,QAT,Qatar,1991,73.654,73.066,74.532,16.3,19.5,94.937,91.866,10.7,1.46,1.65,1.973,World Bank API,2026-09-30 02:09:10
5349,QAT,Qatar,1992,73.876,73.306,74.72,15.2,18.2,92.264,90.496,10.1,1.42,1.65,1.973,World Bank API,2026-09-30 02:09:10
5350,QAT,Qatar,1993,74.071,73.513,74.897,14.3,17.1,89.963,89.053,9.5,1.38,1.65,1.973,World Bank API,2026-09-30 02:09:10
5351,QAT,Qatar,1994,74.245,73.694,75.065,13.5,16.1,87.955,87.497,8.9,1.34,1.65,1.973,World Bank API,2026-09-30 02:09:10
5352,QAT,Qatar,1995,74.404,73.857,75.227,12.8,15.3,86.169,85.792,8.4,1.3,1.65,1.973,World Bank API,2026-09-30 02:09:10
5353,QAT,Qatar,1996,74.558,74.01,75.388,12.2,14.6,84.539,83.905,8.1,1.26,1.65,1.973,World Bank API,2026-09-30 02:09:10
5354,QAT,Qatar,1997,74.713,74.16,75.553,11.7,14.0,83.013,81.809,7.7,1.26,1.65,1.973,World Bank API,2026-09-30 02:09:10
5355,QAT,Qatar,1998,74.872,74.317,75.725,11.2,13.4,81.548,79.485,7.3,1.499,1.793,1.973,World Bank API,2026-09-30 02:09:10
5356,QAT,Qatar,1999,75.048,74.487,75.915,10.8,12.9,80.141,76.945,6.9,1.739,1.937,1.973,World Bank API,2026-09-30 02:09:10
5357,QAT,Qatar,2000,75.25,74.678,76.133,10.4,12.5,78.794,74.212,6.6,1.978,2.08,1.973,World Bank API,2026-09-30 02:09:10
5358,QAT,Qatar,2001,75.486,74.899,76.388,10.0,12.0,77.493,71.313,6.3,2.217,2.12,2.32,World Bank API,2026-09-30 02:09:10
5359,QAT,Qatar,2002,75.766,75.156,76.689,9.7,11.6,76.217,68.275,6.1,2.314,2.05,2.46,World Bank API,2026-09-30 02:09:10
5360,QAT,Qatar,2003,76.097,75.46,77.047,9.3,11.2,74.932,65.129,5.9,2.411,1.97,3.503,World Bank API,2026-09-30 02:09:10
5361,QAT,Qatar,2004,76.484,75.812,77.46,9.0,10.8,73.568,61.933,5.7,2.508,2.0,3.183,World Bank API,2026-09-30 02:09:10
5362,QAT,Qatar,2005,76.909,76.21,77.918,8.7,10.4,72.028,58.756,5.5,2.605,2.01,2.563,World Bank API,2026-09-30 02:09:10
5363,QAT,Qatar,2006,77.323,76.65,78.41,8.4,10.1,70.229,55.657,5.3,2.378,2.2,2.288,World Bank API,2026-09-30 02:09:10
5364,QAT,Qatar,2007,77.741,77.13,78.928,8.2,9.8,68.103,52.681,5.1,2.804,1.68,2.07,World Bank API,2026-09-30 02:09:10
5365,QAT,Qatar,2008,78.262,77.647,79.461,7.9,9.6,65.594,49.862,4.9,3.231,1.43,1.638,World Bank API,2026-09-30 02:09:10
5366,QAT,Qatar,2009,78.837,78.189,79.999,7.7,9.3,62.719,47.212,4.8,3.232,1.27,2.384,World Bank API,2026-09-30 02:09:10
5367,QAT,Qatar,2010,79.444,78.742,80.533,7.5,9.1,59.604,44.717,4.6,4.048,1.22,1.87,World Bank API,2026-09-30 02:09:10
5368,QAT,Qatar,2011,79.994,79.288,81.054,7.3,8.9,56.378,42.361,4.4,3.518,1.22,1.6,World Bank API,2026-09-30 02:09:10
5369,QAT,Qatar,2012,80.499,79.81,81.552,7.1,8.7,53.151,40.131,4.2,2.988,1.31,1.748,World Bank API,2026-09-30 02:09:10
5370,QAT,Qatar,2013,80.974,80.292,82.019,6.9,8.4,50.015,38.015,4.0,2.457,1.18,2.076,World Bank API,2026-09-30 02:09:10
5371,QAT,Qatar,2014,81.395,80.719,82.448,6.7,8.1,47.039,36.005,3.9,1.927,1.08,2.423,World Bank API,2026-09-30 02:09:10
5372,QAT,Qatar,2015,81.785,81.093,82.837,6.4,7.8,44.254,34.103,3.8,2.339,1.01,3.636,World Bank API,2026-09-30 02:09:10
5373,QAT,Qatar,2016,82.147,81.419,83.19,6.2,7.5,41.676,32.315,3.8,2.751,1.01,3.55,World Bank API,2026-09-30 02:09:10
5374,QAT,Qatar,2017,82.458,81.705,83.51,5.9,7.1,39.315,30.642,3.7,2.628,0.94,3.212,World Bank API,2026-09-30 02:09:10
5375,QAT,Qatar,2018,82.714,81.955,83.8,5.6,6.8,37.179,29.088,3.8,2.504,1.03,2.962,World Bank API,2026-09-30 02:09:10
5376,QAT,Qatar,2019,82.945,82.176,84.064,5.4,6.6,35.269,27.652,3.8,2.504,1.12,3.185,World Bank API,2026-09-30 02:09:10
5377,QAT,Qatar,2020,80.409,79.421,82.165,5.2,6.3,46.036,28.422,3.8,2.504,1.21,3.819,World Bank API,2026-09-30 02:09:10
5378,QAT,Qatar,2021,81.083,80.419,82.184,5.1,6.2,47.278,30.905,3.8,2.504,1.3,2.893,World Bank API,2026-09-30 02:09:10
5379,QAT,Qatar,2022,81.857,81.134,82.804,5.0,6.1,38.335,30.912,3.9,2.504,1.25,2.186,World Bank API,2026-09-30 02:09:10
5380,ROU,Romania,1990,69.741,66.59,73.05,24.2,30.9,238.769,113.609,15.1,1.823,8.92,4.209,World Bank API,2026-09-30 02:09:10
5381,ROU,Romania,1991,69.784,66.56,73.17,23.2,29.5,239.146,112.548,14.3,1.835,8.922,4.209,World Bank API,2026-09-30 02:09:10
5382,ROU,Romania,1992,69.784,66.56,73.17,22.8,28.7,257.806,115.834,14.0,1.856,7.862,4.209,World Bank API,2026-09-30 02:09:10
5383,ROU,Romania,1993,69.563,66.1,73.2,22.6,28.2,264.495,117.588,13.7,1.763,7.87,4.209,World Bank API,2026-09-30 02:09:10
5384,ROU,Romania,1994,69.51,65.9,73.3,22.3,27.6,272.569,119.291,13.4,1.763,7.694,4.209,World Bank API,2026-09-30 02:09:10
5385,ROU,Romania,1995,69.456,65.7,73.4,22.0,27.0,282.367,121.861,13.1,1.77,7.64,4.209,World Bank API,2026-09-30 02:09:10
5386,ROU,Romania,1996,69.105,65.3,73.1,21.7,26.5,286.653,125.052,12.8,1.815,7.56,4.209,World Bank API,2026-09-30 02:09:10
5387,ROU,Romania,1997,69.005,65.2,73.0,21.3,25.8,285.875,122.66,12.4,1.802,7.38,4.209,World Bank API,2026-09-30 02:09:10
5388,ROU,Romania,1998,69.807,66.1,73.7,20.5,24.6,264.655,117.186,11.8,1.854,7.31,4.209,World Bank API,2026-09-30 02:09:10
5389,ROU,Romania,1999,70.512,67.0,74.2,19.1,22.9,244.824,110.104,11.0,1.906,7.31,4.209,World Bank API,2026-09-30 02:09:10
5390,ROU,Romania,2000,71.163,67.7,74.8,18.0,21.4,237.089,106.314,10.2,1.961,7.83,4.209,World Bank API,2026-09-30 02:09:10
5391,ROU,Romania,2001,71.161,67.6,74.9,17.3,20.6,245.232,107.823,9.8,1.988,7.91,4.376,World Bank API,2026-09-30 02:09:10
5392,ROU,Romania,2002,71.01,67.4,74.8,17.1,20.2,248.884,109.872,9.6,2.104,7.68,4.577,World Bank API,2026-09-30 02:09:10
5393,ROU,Romania,2003,71.31,67.7,75.1,16.9,19.9,248.628,109.605,9.4,2.007,6.79,5.371,World Bank API,2026-09-30 02:09:10
5394,ROU,Romania,2004,71.561,68.0,75.3,16.4,19.3,243.101,105.33,9.0,2.25,6.83,5.477,World Bank API,2026-09-30 02:09:10
5395,ROU,Romania,2005,71.912,68.4,75.6,15.5,18.2,235.47,104.48,8.5,2.234,6.91,5.528,World Bank API,2026-09-30 02:09:10
5396,ROU,Romania,2006,72.163,68.7,75.8,14.3,16.7,229.021,100.225,7.7,2.231,6.92,5.071,World Bank API,2026-09-30 02:09:10
5397,ROU,Romania,2007,72.566,69.2,76.1,12.9,15.2,226.264,97.305,6.9,2.309,6.75,5.022,World Bank API,2026-09-30 02:09:10
5398,ROU,Romania,2008,72.566,69.2,76.1,11.8,13.9,230.723,96.555,6.2,2.426,6.82,5.023,World Bank API,2026-09-30 02:09:10
5399,ROU,Romania,2009,73.31,69.7,77.1,11.1,13.0,227.771,95.841,5.8,2.449,6.91,5.278,World Bank API,2026-09-30 02:09:10
5400,ROU,Romania,2010,73.459,69.8,77.3,10.5,12.4,221.568,91.409,5.5,2.485,6.59,5.639,World Bank API,2026-09-30 02:09:10
5401,ROU,Romania,2011,74.41,70.8,78.2,10.0,11.8,201.031,84.285,5.3,2.522,6.46,4.475,World Bank API,2026-09-30 02:09:10
5402,ROU,Romania,2012,74.412,70.9,78.1,9.5,11.2,198.67,83.68,5.1,2.598,6.56,4.509,World Bank API,2026-09-30 02:09:10
5403,ROU,Romania,2013,75.063,71.6,78.7,8.9,10.6,186.584,80.21,4.9,2.633,6.65,5.224,World Bank API,2026-09-30 02:09:10
5404,ROU,Romania,2014,74.91,71.3,78.7,8.3,9.9,193.614,82.626,4.6,2.69,6.69,5.028,World Bank API,2026-09-30 02:09:10
5405,ROU,Romania,2015,74.912,71.4,78.6,7.7,9.2,191.256,81.571,4.3,2.758,6.77,4.943,World Bank API,2026-09-30 02:09:10
5406,ROU,Romania,2016,75.21,71.6,79.0,7.1,8.5,192.331,80.311,3.9,2.83,6.81,5.08,World Bank API,2026-09-30 02:09:10
5407,ROU,Romania,2017,75.21,71.6,79.0,6.6,7.9,190.212,80.256,3.6,2.912,6.86,5.189,World Bank API,2026-09-30 02:09:10
5408,ROU,Romania,2018,75.359,71.7,79.2,6.1,7.3,190.35,79.695,3.4,3.028,6.92,5.515,World Bank API,2026-09-30 02:09:10
5409,ROU,Romania,2019,75.607,71.9,79.5,5.6,6.8,189.004,77.244,3.2,3.165,7.01,5.699,World Bank API,2026-09-30 02:09:10
5410,ROU,Romania,2020,74.254,70.4,78.3,5.4,6.5,201.83,85.941,3.1,3.307,7.07,6.21,World Bank API,2026-09-30 02:09:10
5411,ROU,Romania,2021,72.81,69.2,76.6,5.3,6.4,219.097,98.243,3.1,3.486,7.16,6.452,World Bank API,2026-09-30 02:09:10
5412,ROU,Romania,2022,75.154,71.3,79.2,5.4,6.6,188.96,77.79,3.2,3.625,7.23,5.798,World Bank API,2026-09-30 02:09:10
5413,RUS,Russian Federation,1990,68.886,63.73,74.3,17.5,21.6,322.864,112.626,10.8,4.479,13.055,5.02,World Bank API,2026-09-30 02:09:10
5414,RUS,Russian Federation,1991,68.474,63.45,73.75,17.4,21.6,331.307,115.718,10.8,4.23,12.702,5.02,World Bank API,2026-09-30 02:09:10
5415,RUS,Russian Federation,1992,66.873,62.0,71.99,17.5,21.7,372.595,127.505,10.7,4.28,12.234,5.02,World Bank API,2026-09-30 02:09:10
5416,RUS,Russian Federation,1993,64.936,58.97,71.2,17.7,21.9,450.622,155.38,10.8,4.331,12.196,5.02,World Bank API,2026-09-30 02:09:10
5417,RUS,Russian Federation,1994,64.467,57.55,71.73,17.8,22.1,490.762,171.461,10.7,4.297,11.961,5.02,World Bank API,2026-09-30 02:09:10
5418,RUS,Russian Federation,1995,64.691,58.12,71.59,17.8,22.0,482.897,165.201,10.6,4.408,11.87,5.02,World Bank API,2026-09-30 02:09:10
5419,RUS,Russian Federation,1996,65.854,59.62,72.4,17.5,21.7,439.378,149.678,10.3,4.519,11.63,5.02,World Bank API,2026-09-30 02:09:10
5420,RUS,Russian Federation,1997,66.699,60.85,72.84,17.2,21.3,398.908,138.589,10.1,4.555,11.34,5.02,World Bank API,2026-09-30 02:09:10
5421,RUS,Russian Federation,1998,67.03,61.22,73.13,16.8,20.8,390.158,134.52,9.7,4.605,11.11,5.02,World Bank API,2026-09-30 02:09:10
5422,RUS,Russian Federation,1999,65.982,59.87,72.4,16.2,20.2,430.144,146.77,9.4,4.635,10.85,5.02,World Bank API,2026-09-30 02:09:10
5423,RUS,Russian Federation,2000,65.484,59.03,72.26,15.6,19.4,454.196,153.419,9.0,4.636,10.73,5.02,World Bank API,2026-09-30 02:09:10
5424,RUS,Russian Federation,2001,65.383,58.92,72.17,14.8,18.4,458.645,158.212,8.5,4.639,10.66,5.243,World Bank API,2026-09-30 02:09:10
5425,RUS,Russian Federation,2002,65.129,58.68,71.9,13.9,17.3,472.165,165.892,8.0,4.676,10.49,5.522,World Bank API,2026-09-30 02:09:10
5426,RUS,Russian Federation,2003,65.028,58.53,71.85,12.9,16.1,478.384,170.618,7.4,4.705,10.34,5.164,World Bank API,2026-09-30 02:09:10
5427,RUS,Russian Federation,2004,65.471,58.91,72.36,12.0,15.0,473.061,168.234,6.8,4.74,9.79,4.76,World Bank API,2026-09-30 02:09:10
5428,RUS,Russian Federation,2005,65.53,58.92,72.47,11.1,13.9,475.471,169.67,6.3,4.774,9.64,4.772,World Bank API,2026-09-30 02:09:10
5429,RUS,Russian Federation,2006,66.728,60.43,73.34,10.2,12.8,437.529,155.348,5.9,4.873,9.55,4.767,World Bank API,2026-09-30 02:09:10
5430,RUS,Russian Federation,2007,67.587,61.46,74.02,9.5,12.0,413.631,147.101,5.4,4.917,9.39,4.748,World Bank API,2026-09-30 02:09:10
5431,RUS,Russian Federation,2008,67.949,61.92,74.28,9.0,11.3,405.63,144.608,4.9,4.894,9.12,4.904,World Bank API,2026-09-30 02:09:10
5432,RUS,Russian Federation,2009,68.685,62.87,74.79,8.6,10.7,383.267,138.248,4.5,4.944,8.89,5.644,World Bank API,2026-09-30 02:09:10
5433,RUS,Russian Federation,2010,68.841,63.09,74.88,8.3,10.4,393.417,142.905,4.5,4.973,8.69,4.971,World Bank API,2026-09-30 02:09:10
5434,RUS,Russian Federation,2011,69.684,64.04,75.61,8.1,10.2,361.822,131.131,4.7,4.22,8.51,4.795,World Bank API,2026-09-30 02:09:10
5435,RUS,Russian Federation,2012,70.072,64.56,75.86,7.9,9.9,348.229,126.201,4.8,4.003,8.33,4.936,World Bank API,2026-09-30 02:09:10
5436,RUS,Russian Federation,2013,70.579,65.13,76.3,7.6,9.5,339.467,123.116,4.7,3.987,8.08,5.081,World Bank API,2026-09-30 02:09:10
5437,RUS,Russian Federation,2014,70.744,65.29,76.47,7.1,8.9,339.604,122.93,4.5,4.12,7.85,5.182,World Bank API,2026-09-30 02:09:10
5438,RUS,Russian Federation,2015,71.183,65.92,76.71,6.6,8.2,325.084,120.72,4.2,3.925,7.55,5.296,World Bank API,2026-09-30 02:09:10
5439,RUS,Russian Federation,2016,71.651,66.5,77.06,6.0,7.5,310.981,116.811,4.0,3.964,7.37,5.29,World Bank API,2026-09-30 02:09:10
5440,RUS,Russian Federation,2017,72.451,67.51,77.64,5.5,6.9,288.463,109.061,3.7,4.058,7.21,5.359,World Bank API,2026-09-30 02:09:10
5441,RUS,Russian Federation,2018,72.662,67.75,77.82,5.1,6.4,288.509,108.846,3.4,4.097,7.14,5.355,World Bank API,2026-09-30 02:09:10
5442,RUS,Russian Federation,2019,73.084,68.24,78.17,4.8,6.0,289.46,108.717,3.1,4.165,7.03,5.648,World Bank API,2026-09-30 02:09:10
5443,RUS,Russian Federation,2020,71.339,66.49,76.43,4.6,5.7,294.051,127.867,2.8,3.807,7.05,8.041,World Bank API,2026-09-30 02:09:10
5444,RUS,Russian Federation,2021,69.9,65.51,74.51,4.4,5.5,312.199,140.024,2.6,5.087,6.99,7.03,World Bank API,2026-09-30 02:09:10
5445,RUS,Russian Federation,2022,72.546,67.57,77.77,4.3,5.4,283.455,107.821,2.4,5.111,6.84,6.879,World Bank API,2026-09-30 02:09:10
5446,RWA,Rwanda,1990,47.763,45.415,50.344,86.9,150.7,523.901,409.381,41.0,0.04,1.652,3.576,World Bank API,2026-09-30 02:09:10
5447,RWA,Rwanda,1991,46.243,43.714,49.052,92.6,160.4,559.357,431.612,42.2,0.04,1.594,3.576,World Bank API,2026-09-30 02:09:10
5448,RWA,Rwanda,1992,44.397,41.84,47.253,101.5,175.6,596.07,463.096,44.2,0.04,1.535,3.576,World Bank API,2026-09-30 02:09:10
5449,RWA,Rwanda,1993,42.937,40.598,45.528,111.5,192.8,615.426,490.929,46.5,0.04,1.477,3.576,World Bank API,2026-09-30 02:09:10
5450,RWA,Rwanda,1994,12.158,11.406,13.325,212.9,389.0,999.999,999.653,51.3,0.038,1.418,3.576,World Bank API,2026-09-30 02:09:10
5451,RWA,Rwanda,1995,41.518,39.203,43.728,126.5,218.4,608.671,492.652,49.5,0.035,1.36,3.576,World Bank API,2026-09-30 02:09:10
5452,RWA,Rwanda,1996,42.486,40.612,44.24,129.0,222.3,569.554,480.43,49.9,0.033,1.301,3.576,World Bank API,2026-09-30 02:09:10
5453,RWA,Rwanda,1997,41.978,39.564,44.274,128.5,221.4,589.832,472.851,49.4,0.031,1.243,3.576,World Bank API,2026-09-30 02:09:10
5454,RWA,Rwanda,1998,43.099,40.696,45.371,124.4,213.9,572.853,462.425,48.0,0.028,1.184,3.576,World Bank API,2026-09-30 02:09:10
5455,RWA,Rwanda,1999,45.749,44.299,47.085,117.1,200.6,491.587,433.593,45.7,0.026,1.126,3.576,World Bank API,2026-09-30 02:09:10
5456,RWA,Rwanda,2000,47.798,46.487,48.997,108.1,184.2,455.658,407.259,43.1,0.024,1.068,3.576,World Bank API,2026-09-30 02:09:10
5457,RWA,Rwanda,2001,49.49,47.956,50.888,98.4,166.5,443.839,386.18,40.3,0.021,1.009,3.316,World Bank API,2026-09-30 02:09:10
5458,RWA,Rwanda,2002,51.262,49.912,52.465,88.7,149.1,422.618,370.082,37.4,0.019,0.951,3.128,World Bank API,2026-09-30 02:09:10
5459,RWA,Rwanda,2003,53.529,52.26,54.663,79.5,132.7,387.783,347.331,34.8,0.034,0.892,6.929,World Bank API,2026-09-30 02:09:10
5460,RWA,Rwanda,2004,55.52,54.097,56.793,71.1,117.5,366.917,320.63,32.4,0.049,0.834,7.509,World Bank API,2026-09-30 02:09:10
5461,RWA,Rwanda,2005,56.968,55.309,58.444,64.0,104.5,361.249,303.698,30.2,0.024,0.775,7.72,World Bank API,2026-09-30 02:09:10
5462,RWA,Rwanda,2006,58.342,56.512,59.976,58.1,93.4,352.243,287.237,28.4,0.033,0.717,7.605,World Bank API,2026-09-30 02:09:10
5463,RWA,Rwanda,2007,59.504,57.527,61.272,53.2,84.1,345.491,274.575,26.8,0.043,0.658,7.863,World Bank API,2026-09-30 02:09:10
5464,RWA,Rwanda,2008,60.641,58.479,62.586,49.1,76.0,339.015,258.198,25.5,0.052,0.6,7.56,World Bank API,2026-09-30 02:09:10
5465,RWA,Rwanda,2009,61.813,59.679,63.727,45.7,69.1,322.524,244.463,24.3,0.055,0.75,7.8,World Bank API,2026-09-30 02:09:10
5466,RWA,Rwanda,2010,62.804,60.927,64.476,42.6,63.3,302.23,238.107,23.3,0.055,0.74,8.082,World Bank API,2026-09-30 02:09:10
5467,RWA,Rwanda,2011,63.476,61.479,65.264,39.3,58.1,299.214,229.281,22.3,0.013,0.72,7.932,World Bank API,2026-09-30 02:09:10
5468,RWA,Rwanda,2012,64.189,62.233,65.938,37.4,54.2,289.605,221.404,21.6,0.056,0.71,8.102,World Bank API,2026-09-30 02:09:10
5469,RWA,Rwanda,2013,64.651,62.572,66.51,35.9,51.4,287.913,214.751,20.9,0.1,0.77,6.774,World Bank API,2026-09-30 02:09:10
5470,RWA,Rwanda,2014,65.088,62.918,67.031,34.7,49.2,285.259,208.276,20.3,0.089,0.71,6.984,World Bank API,2026-09-30 02:09:10
5471,RWA,Rwanda,2015,65.419,63.226,67.386,33.9,47.3,282.404,203.925,19.9,0.11,0.74,6.651,World Bank API,2026-09-30 02:09:10
5472,RWA,Rwanda,2016,65.733,63.484,67.756,33.2,45.8,279.558,198.943,19.6,0.12,0.73,5.969,World Bank API,2026-09-30 02:09:10
5473,RWA,Rwanda,2017,66.14,63.808,68.245,32.7,44.7,275.082,193.281,19.2,0.135,0.72,5.376,World Bank API,2026-09-30 02:09:10
5474,RWA,Rwanda,2018,66.354,64.07,68.421,32.2,43.7,271.281,190.522,19.0,0.132,0.73,5.457,World Bank API,2026-09-30 02:09:10
5475,RWA,Rwanda,2019,66.691,64.358,68.809,31.7,42.7,267.176,185.636,18.7,0.117,0.73,4.915,World Bank API,2026-09-30 02:09:10
5476,RWA,Rwanda,2020,66.953,64.638,69.063,31.3,41.6,262.901,182.455,18.4,0.116,0.74,5.799,World Bank API,2026-09-30 02:09:10
5477,RWA,Rwanda,2021,66.85,64.585,68.922,30.9,40.6,270.146,189.797,18.2,0.121,0.74,6.231,World Bank API,2026-09-30 02:09:10
5478,RWA,Rwanda,2022,67.528,65.237,69.625,30.5,39.7,254.442,175.832,17.9,0.09,0.73,5.928,World Bank API,2026-09-30 02:09:10
5479,SAU,Saudi Arabia,1990,68.874,67.322,70.683,40.6,44.1,179.255,132.88,22.0,1.433,2.496,4.212,World Bank API,2026-09-30 02:09:10
5480,SAU,Saudi Arabia,1991,69.341,67.792,71.152,37.5,40.8,175.012,129.773,20.8,1.4,2.468,4.212,World Bank API,2026-09-30 02:09:10
5481,SAU,Saudi Arabia,1992,69.799,68.26,71.607,34.6,37.8,170.897,126.77,19.6,1.368,2.44,4.212,World Bank API,2026-09-30 02:09:10
5482,SAU,Saudi Arabia,1993,70.208,68.672,72.021,32.1,35.1,167.897,124.131,18.3,1.335,2.412,4.212,World Bank API,2026-09-30 02:09:10
5483,SAU,Saudi Arabia,1994,70.587,69.056,72.407,29.8,32.6,165.302,121.662,17.1,1.416,2.384,4.212,World Bank API,2026-09-30 02:09:10
5484,SAU,Saudi Arabia,1995,70.944,69.421,72.768,27.7,30.3,162.689,119.256,15.9,1.498,2.356,4.212,World Bank API,2026-09-30 02:09:10
5485,SAU,Saudi Arabia,1996,71.288,69.776,73.109,25.8,28.3,159.659,116.812,14.9,1.579,2.328,4.212,World Bank API,2026-09-30 02:09:10
5486,SAU,Saudi Arabia,1997,71.624,70.13,73.433,24.1,26.5,155.841,114.236,13.9,1.66,2.3,4.212,World Bank API,2026-09-30 02:09:10
5487,SAU,Saudi Arabia,1998,71.957,70.488,73.743,22.5,24.8,151.026,111.468,13.1,1.415,2.366,4.212,World Bank API,2026-09-30 02:09:10
5488,SAU,Saudi Arabia,1999,72.29,70.845,74.049,21.1,23.3,145.747,108.603,12.3,1.169,2.432,4.212,World Bank API,2026-09-30 02:09:10
5489,SAU,Saudi Arabia,2000,72.607,71.183,74.344,19.8,21.9,140.998,106.017,11.5,0.924,2.498,4.212,World Bank API,2026-09-30 02:09:10
5490,SAU,Saudi Arabia,2001,72.951,71.55,74.689,18.6,20.6,136.737,103.207,10.9,0.849,2.564,4.462,World Bank API,2026-09-30 02:09:10
5491,SAU,Saudi Arabia,2002,73.296,71.907,75.055,17.5,19.4,134.144,100.823,10.2,1.009,2.63,4.249,World Bank API,2026-09-30 02:09:10
5492,SAU,Saudi Arabia,2003,73.657,72.267,75.46,16.4,18.4,133.707,98.904,9.6,1.17,2.62,3.979,World Bank API,2026-09-30 02:09:10
5493,SAU,Saudi Arabia,2004,74.027,72.625,75.901,15.4,17.3,135.275,97.334,9.0,1.33,2.6,3.584,World Bank API,2026-09-30 02:09:10
5494,SAU,Saudi Arabia,2005,74.4,72.985,76.359,14.5,16.3,137.741,95.798,8.5,1.49,2.59,3.419,World Bank API,2026-09-30 02:09:10
5495,SAU,Saudi Arabia,2006,74.762,73.329,76.819,13.6,15.4,140.49,94.054,8.0,1.65,2.49,3.619,World Bank API,2026-09-30 02:09:10
5496,SAU,Saudi Arabia,2007,75.066,73.615,77.23,12.7,14.5,142.826,91.986,7.6,1.811,2.39,3.562,World Bank API,2026-09-30 02:09:10
5497,SAU,Saudi Arabia,2008,75.301,73.829,77.571,11.9,13.7,143.749,89.346,7.1,1.971,2.31,2.971,World Bank API,2026-09-30 02:09:10
5498,SAU,Saudi Arabia,2009,75.447,73.953,77.81,11.1,12.9,142.742,86.177,6.7,1.937,2.31,4.29,World Bank API,2026-09-30 02:09:10
5499,SAU,Saudi Arabia,2010,75.616,74.113,78.038,10.4,12.1,139.09,82.39,6.3,2.244,2.31,3.648,World Bank API,2026-09-30 02:09:10
5500,SAU,Saudi Arabia,2011,75.808,74.316,78.244,9.7,11.4,133.276,78.441,5.9,2.27,2.25,3.682,World Bank API,2026-09-30 02:09:10
5501,SAU,Saudi Arabia,2012,76.09,74.635,78.48,9.0,10.8,125.355,74.452,5.6,2.273,2.26,3.988,World Bank API,2026-09-30 02:09:10
5502,SAU,Saudi Arabia,2013,76.517,75.131,78.792,8.4,10.1,115.645,70.554,5.2,2.426,2.31,4.423,World Bank API,2026-09-30 02:09:10
5503,SAU,Saudi Arabia,2014,77.116,75.826,79.21,7.8,9.6,104.931,66.899,4.9,2.371,2.34,5.158,World Bank API,2026-09-30 02:09:10
5504,SAU,Saudi Arabia,2015,77.776,76.583,79.678,7.3,9.0,95.154,63.738,4.5,2.444,2.32,5.862,World Bank API,2026-09-30 02:09:10
5505,SAU,Saudi Arabia,2016,78.354,77.227,80.112,6.8,8.5,87.798,61.317,4.2,2.466,2.31,6.241,World Bank API,2026-09-30 02:09:10
5506,SAU,Saudi Arabia,2017,78.721,77.6,80.429,6.4,8.0,83.651,59.848,3.9,2.676,2.37,6.031,World Bank API,2026-09-30 02:09:10
5507,SAU,Saudi Arabia,2018,78.75,77.551,80.543,6.0,7.6,83.438,59.549,3.7,2.899,2.48,5.341,World Bank API,2026-09-30 02:09:10
5508,SAU,Saudi Arabia,2019,78.313,76.943,80.375,5.7,7.2,88.49,60.629,3.5,2.633,2.53,5.467,World Bank API,2026-09-30 02:09:10
5509,SAU,Saudi Arabia,2020,77.596,76.014,80.055,5.4,6.9,98.065,62.389,3.3,3.076,2.54,6.646,World Bank API,2026-09-30 02:09:10
5510,SAU,Saudi Arabia,2021,77.089,75.329,79.881,5.2,6.7,107.286,63.259,3.2,3.2,2.46,5.93,World Bank API,2026-09-30 02:09:10
5511,SAU,Saudi Arabia,2022,77.31,75.493,80.159,5.0,6.4,108.336,61.58,3.1,3.482,2.44,5.314,World Bank API,2026-09-30 02:09:10
5512,SDN,Sudan,1990,55.497,52.614,58.69,84.7,130.9,356.666,248.04,42.4,0.105,1.088,3.607,World Bank API,2026-09-30 02:09:10
5513,SDN,Sudan,1991,55.553,52.993,58.341,83.7,128.4,351.884,256.678,41.9,0.105,1.06,3.607,World Bank API,2026-09-30 02:09:10
5514,SDN,Sudan,1992,55.952,53.594,58.501,82.6,125.9,340.627,256.113,41.4,0.105,1.032,3.607,World Bank API,2026-09-30 02:09:10
5515,SDN,Sudan,1993,56.102,53.727,58.667,81.4,123.3,339.378,254.406,40.9,0.105,1.005,3.607,World Bank API,2026-09-30 02:09:10
5516,SDN,Sudan,1994,57.022,54.575,59.673,80.2,120.6,325.997,241.786,40.4,0.105,0.977,3.607,World Bank API,2026-09-30 02:09:10
5517,SDN,Sudan,1995,57.447,54.836,60.295,78.8,117.8,324.814,234.315,39.8,0.098,0.949,3.607,World Bank API,2026-09-30 02:09:10
5518,SDN,Sudan,1996,57.638,54.965,60.561,77.4,114.9,326.809,232.738,39.1,0.09,0.921,3.607,World Bank API,2026-09-30 02:09:10
5519,SDN,Sudan,1997,58.058,55.46,60.91,75.8,111.8,320.263,230.012,38.5,0.107,0.893,3.607,World Bank API,2026-09-30 02:09:10
5520,SDN,Sudan,1998,58.308,55.683,61.194,96.7,148.3,321.288,229.398,38.4,0.124,0.866,3.607,World Bank API,2026-09-30 02:09:10
5521,SDN,Sudan,1999,58.607,56.284,61.148,72.3,105.3,311.962,232.631,37.0,0.141,0.838,3.607,World Bank API,2026-09-30 02:09:10
5522,SDN,Sudan,2000,58.946,56.661,61.437,70.5,102.0,311.363,232.115,36.3,0.158,0.81,3.607,World Bank API,2026-09-30 02:09:10
5523,SDN,Sudan,2001,59.264,56.85,61.911,68.6,98.6,312.835,227.955,35.7,0.18,0.74,3.365,World Bank API,2026-09-30 02:09:10
5524,SDN,Sudan,2002,59.308,56.63,62.265,66.7,95.2,322.278,224.817,35.0,0.202,0.73,3.3,World Bank API,2026-09-30 02:09:10
5525,SDN,Sudan,2003,58.319,55.282,61.708,64.8,91.9,349.811,231.531,34.3,0.225,0.73,3.892,World Bank API,2026-09-30 02:09:10
5526,SDN,Sudan,2004,56.773,53.219,60.791,67.8,101.1,392.058,242.285,33.9,0.247,0.71,4.156,World Bank API,2026-09-30 02:09:10
5527,SDN,Sudan,2005,57.226,53.81,61.071,66.4,98.8,381.737,239.645,33.3,0.296,0.72,4.094,World Bank API,2026-09-30 02:09:10
5528,SDN,Sudan,2006,60.4,57.706,63.4,59.7,83.0,312.308,214.976,32.6,0.346,0.73,4.885,World Bank API,2026-09-30 02:09:10
5529,SDN,Sudan,2007,61.442,58.96,64.205,58.2,80.4,292.647,207.221,32.1,0.346,0.73,5.663,World Bank API,2026-09-30 02:09:10
5530,SDN,Sudan,2008,61.261,58.606,64.219,56.8,77.9,302.458,207.649,31.6,0.322,0.73,5.423,World Bank API,2026-09-30 02:09:10
5531,SDN,Sudan,2009,62.676,60.266,65.366,55.5,75.5,275.16,196.007,31.1,0.333,0.73,6.395,World Bank API,2026-09-30 02:09:10
5532,SDN,Sudan,2010,62.979,60.572,65.659,54.3,73.4,272.359,193.754,30.7,0.343,0.72,5.058,World Bank API,2026-09-30 02:09:10
5533,SDN,Sudan,2011,63.181,60.711,65.924,53.1,71.3,272.827,191.912,30.2,0.354,0.84,5.616,World Bank API,2026-09-30 02:09:10
5534,SDN,Sudan,2012,63.427,60.895,66.235,51.9,69.3,271.922,189.048,29.7,0.364,0.82,5.688,World Bank API,2026-09-30 02:09:10
5535,SDN,Sudan,2013,63.443,60.624,66.566,50.8,67.3,281.634,186.119,29.3,0.375,0.82,6.965,World Bank API,2026-09-30 02:09:10
5536,SDN,Sudan,2014,63.99,61.302,66.961,49.7,65.4,270.247,181.905,28.7,0.385,0.8,5.676,World Bank API,2026-09-30 02:09:10
5537,SDN,Sudan,2015,64.375,61.688,67.342,48.4,63.5,265.282,178.121,28.2,0.396,0.67,5.811,World Bank API,2026-09-30 02:09:10
5538,SDN,Sudan,2016,64.677,61.955,67.678,47.2,61.6,263.119,174.842,27.6,0.323,0.67,5.684,World Bank API,2026-09-30 02:09:10
5539,SDN,Sudan,2017,65.146,62.529,68.024,45.9,59.7,254.058,171.546,27.1,0.25,0.74,5.918,World Bank API,2026-09-30 02:09:10
5540,SDN,Sudan,2018,65.501,62.877,68.381,44.6,57.8,250.268,168.134,26.6,0.25,0.66,4.462,World Bank API,2026-09-30 02:09:10
5541,SDN,Sudan,2019,65.803,63.205,68.642,43.4,56.1,246.676,165.885,26.1,0.25,0.66,4.6,World Bank API,2026-09-30 02:09:10
5542,SDN,Sudan,2020,65.124,62.413,68.153,42.2,54.3,259.277,173.339,25.6,0.25,0.66,3.043,World Bank API,2026-09-30 02:09:10
5543,SDN,Sudan,2021,64.46,61.798,67.354,41.0,52.7,281.948,192.277,25.1,0.25,0.66,2.967,World Bank API,2026-09-30 02:09:10
5544,SDN,Sudan,2022,65.695,63.03,68.569,39.8,51.0,259.361,173.359,24.5,0.25,0.66,3.794,World Bank API,2026-09-30 02:09:10
5545,SEN,Senegal,1990,56.674,55.024,58.358,73.0,137.2,289.969,226.56,39.9,0.055,0.73,3.55,World Bank API,2026-09-30 02:09:10
5546,SEN,Senegal,1991,57.037,55.387,58.719,72.6,135.2,285.532,222.753,39.8,0.062,0.609,3.55,World Bank API,2026-09-30 02:09:10
5547,SEN,Senegal,1992,57.287,55.633,58.971,72.9,134.6,283.031,219.884,39.9,0.068,0.489,3.55,World Bank API,2026-09-30 02:09:10
5548,SEN,Senegal,1993,57.348,55.675,59.05,73.7,135.0,282.724,218.825,39.9,0.082,0.368,3.55,World Bank API,2026-09-30 02:09:10
5549,SEN,Senegal,1994,57.479,55.858,59.121,74.7,136.0,278.501,217.324,39.9,0.096,0.248,3.55,World Bank API,2026-09-30 02:09:10
5550,SEN,Senegal,1995,57.336,55.789,58.893,75.7,137.0,280.039,221.043,40.0,0.075,0.349,3.55,World Bank API,2026-09-30 02:09:10
5551,SEN,Senegal,1996,57.129,55.713,58.543,76.6,137.8,281.119,226.999,39.9,0.093,0.45,3.55,World Bank API,2026-09-30 02:09:10
5552,SEN,Senegal,1997,57.107,55.659,58.55,77.2,137.9,284.771,228.477,39.6,0.093,0.425,3.55,World Bank API,2026-09-30 02:09:10
5553,SEN,Senegal,1998,57.076,55.652,58.489,77.1,136.7,288.391,232.261,39.2,0.095,0.4,3.55,World Bank API,2026-09-30 02:09:10
5554,SEN,Senegal,1999,57.315,55.991,58.616,76.1,133.8,284.966,233.636,38.6,0.088,0.416,3.55,World Bank API,2026-09-30 02:09:10
5555,SEN,Senegal,2000,57.615,56.091,59.122,74.0,128.9,289.478,230.179,37.8,0.081,0.433,3.55,World Bank API,2026-09-30 02:09:10
5556,SEN,Senegal,2001,58.158,56.559,59.736,70.6,121.7,287.972,226.077,36.7,0.074,0.449,3.681,World Bank API,2026-09-30 02:09:10
5557,SEN,Senegal,2002,58.912,57.199,60.603,66.4,113.2,284.266,218.532,35.5,0.068,0.466,3.953,World Bank API,2026-09-30 02:09:10
5558,SEN,Senegal,2003,59.474,57.722,61.209,61.9,104.2,283.13,216.248,34.1,0.061,0.482,4.297,World Bank API,2026-09-30 02:09:10
5559,SEN,Senegal,2004,60.308,58.601,61.995,57.5,95.5,275.165,211.013,32.6,0.054,0.499,4.569,World Bank API,2026-09-30 02:09:10
5560,SEN,Senegal,2005,60.98,59.345,62.591,53.5,87.6,269.225,208.127,31.1,0.056,0.515,3.675,World Bank API,2026-09-30 02:09:10
5561,SEN,Senegal,2006,61.801,60.116,63.465,50.1,80.8,263.054,200.956,29.8,0.058,0.532,3.763,World Bank API,2026-09-30 02:09:10
5562,SEN,Senegal,2007,62.653,60.974,64.31,47.3,75.0,253.284,192.997,28.7,0.06,0.548,3.415,World Bank API,2026-09-30 02:09:10
5563,SEN,Senegal,2008,63.201,61.457,64.929,44.9,70.1,250.567,188.522,27.8,0.062,0.565,3.507,World Bank API,2026-09-30 02:09:10
5564,SEN,Senegal,2009,63.751,61.781,65.724,43.1,66.1,250.144,180.534,27.1,0.113,0.581,3.842,World Bank API,2026-09-30 02:09:10
5565,SEN,Senegal,2010,64.221,62.264,66.18,41.5,62.8,246.143,177.596,26.5,0.164,0.598,4.028,World Bank API,2026-09-30 02:09:10
5566,SEN,Senegal,2011,64.799,62.785,66.818,40.3,60.0,241.048,171.338,26.0,0.216,0.614,4.214,World Bank API,2026-09-30 02:09:10
5567,SEN,Senegal,2012,65.229,63.209,67.253,39.3,57.6,237.354,168.001,25.7,0.267,0.631,4.267,World Bank API,2026-09-30 02:09:10
5568,SEN,Senegal,2013,65.638,63.613,67.664,38.5,55.5,233.849,164.784,25.5,0.318,0.647,4.386,World Bank API,2026-09-30 02:09:10
5569,SEN,Senegal,2014,66.001,64.041,67.976,37.8,53.7,229.715,162.916,25.4,0.263,0.664,4.39,World Bank API,2026-09-30 02:09:10
5570,SEN,Senegal,2015,66.451,64.589,68.336,37.3,52.2,223.166,160.068,25.4,0.207,0.68,4.378,World Bank API,2026-09-30 02:09:10
5571,SEN,Senegal,2016,66.724,64.939,68.543,36.8,50.8,219.984,159.496,25.4,0.077,0.72,4.256,World Bank API,2026-09-30 02:09:10
5572,SEN,Senegal,2017,67.059,65.276,68.895,36.3,49.4,216.818,156.309,25.2,0.069,0.717,4.164,World Bank API,2026-09-30 02:09:10
5573,SEN,Senegal,2018,67.379,65.59,69.243,35.7,47.9,213.918,153.062,25.0,0.078,0.713,4.432,World Bank API,2026-09-30 02:09:10
5574,SEN,Senegal,2019,67.668,65.859,69.574,34.8,46.2,211.564,149.901,24.5,0.088,0.71,4.495,World Bank API,2026-09-30 02:09:10
5575,SEN,Senegal,2020,67.496,65.485,69.693,33.7,44.2,216.375,149.198,23.9,0.082,0.71,5.151,World Bank API,2026-09-30 02:09:10
5576,SEN,Senegal,2021,66.868,64.923,68.981,32.5,42.2,238.2,165.122,23.2,0.099,0.71,4.443,World Bank API,2026-09-30 02:09:10
5577,SEN,Senegal,2022,67.788,65.869,69.881,31.2,40.1,220.003,151.223,22.4,0.124,0.71,4.044,World Bank API,2026-09-30 02:09:10
5578,SGP,Singapore,1990,75.295,73.1,77.6,6.1,7.7,156.423,89.353,4.0,1.266,3.608,3.343,World Bank API,2026-09-30 02:09:10
5579,SGP,Singapore,1991,75.646,73.5,77.9,5.5,6.9,149.82,87.294,3.6,1.32,3.547,3.343,World Bank API,2026-09-30 02:09:10
5580,SGP,Singapore,1992,75.946,73.8,78.2,5.0,6.3,145.729,84.051,3.1,1.348,3.451,3.343,World Bank API,2026-09-30 02:09:10
5581,SGP,Singapore,1993,76.046,73.9,78.3,4.6,5.8,141.322,82.563,2.7,1.385,3.643,3.343,World Bank API,2026-09-30 02:09:10
5582,SGP,Singapore,1994,76.198,74.1,78.4,4.2,5.4,139.887,81.182,2.5,1.411,3.565,3.343,World Bank API,2026-09-30 02:09:10
5583,SGP,Singapore,1995,76.295,74.1,78.6,4.0,5.1,139.113,77.795,2.2,1.465,3.477,3.343,World Bank API,2026-09-30 02:09:10
5584,SGP,Singapore,1996,76.595,74.4,78.9,3.8,4.8,134.237,74.941,2.1,1.519,3.389,3.343,World Bank API,2026-09-30 02:09:10
5585,SGP,Singapore,1997,76.898,74.8,79.1,3.6,4.6,129.057,71.296,2.0,1.573,3.301,3.343,World Bank API,2026-09-30 02:09:10
5586,SGP,Singapore,1998,77.3,75.3,79.4,3.4,4.3,124.763,70.496,1.9,1.627,3.213,3.343,World Bank API,2026-09-30 02:09:10
5587,SGP,Singapore,1999,77.551,75.6,79.6,3.2,4.1,119.729,67.901,1.7,1.343,3.126,3.343,World Bank API,2026-09-30 02:09:10
5588,SGP,Singapore,2000,77.951,76.0,80.0,3.0,3.9,114.865,64.664,1.6,1.382,3.038,3.343,World Bank API,2026-09-30 02:09:10
5589,SGP,Singapore,2001,78.251,76.3,80.3,2.8,3.6,109.612,61.476,1.5,1.439,2.95,3.163,World Bank API,2026-09-30 02:09:10
5590,SGP,Singapore,2002,78.551,76.6,80.6,2.7,3.4,105.53,58.18,1.4,1.454,2.862,3.358,World Bank API,2026-09-30 02:09:10
5591,SGP,Singapore,2003,79.039,76.6,81.6,2.5,3.2,101.419,55.84,1.3,1.521,2.774,3.607,World Bank API,2026-09-30 02:09:10
5592,SGP,Singapore,2004,79.49,77.1,82.0,2.4,3.1,92.362,53.769,1.3,1.556,2.686,3.15,World Bank API,2026-09-30 02:09:10
5593,SGP,Singapore,2005,79.99,77.6,82.5,2.3,3.0,89.479,51.858,1.3,1.581,2.598,3.034,World Bank API,2026-09-30 02:09:10
5594,SGP,Singapore,2006,80.141,77.8,82.6,2.3,2.9,86.71,50.398,1.2,1.573,2.51,2.935,World Bank API,2026-09-30 02:09:10
5595,SGP,Singapore,2007,80.441,78.1,82.9,2.3,2.9,84.618,48.358,1.2,1.606,2.4,2.837,World Bank API,2026-09-30 02:09:10
5596,SGP,Singapore,2008,80.79,78.4,83.3,2.2,2.8,82.175,46.323,1.2,1.631,2.31,3.195,World Bank API,2026-09-30 02:09:10
5597,SGP,Singapore,2009,81.241,78.9,83.7,2.2,2.8,79.09,44.142,1.2,1.675,2.26,3.394,World Bank API,2026-09-30 02:09:10
5598,SGP,Singapore,2010,81.541,79.2,84.0,2.2,2.8,75.955,43.267,1.1,1.779,2.19,3.198,World Bank API,2026-09-30 02:09:10
5599,SGP,Singapore,2011,81.744,79.5,84.1,2.2,2.8,73.108,42.515,1.1,1.861,2.14,3.154,World Bank API,2026-09-30 02:09:10
5600,SGP,Singapore,2012,81.995,79.8,84.3,2.2,2.8,71.114,41.92,1.1,1.932,2.19,3.324,World Bank API,2026-09-30 02:09:10
5601,SGP,Singapore,2013,82.246,80.1,84.5,2.2,2.8,69.322,41.121,1.1,2.034,2.19,3.682,World Bank API,2026-09-30 02:09:10
5602,SGP,Singapore,2014,82.495,80.3,84.8,2.2,2.7,68.281,40.115,1.1,2.15,2.25,3.871,World Bank API,2026-09-30 02:09:10
5603,SGP,Singapore,2015,82.744,80.5,85.1,2.2,2.7,67.064,39.222,1.1,2.255,2.4,4.181,World Bank API,2026-09-30 02:09:10
5604,SGP,Singapore,2016,82.846,80.7,85.1,2.1,2.6,65.729,38.793,1.1,2.325,2.5,4.38,World Bank API,2026-09-30 02:09:10
5605,SGP,Singapore,2017,83.095,80.9,85.4,2.1,2.6,64.134,37.897,1.1,2.389,2.49,4.36,World Bank API,2026-09-30 02:09:10
5606,SGP,Singapore,2018,83.298,81.2,85.5,2.0,2.5,61.89,36.553,1.0,2.443,2.58,4.073,World Bank API,2026-09-30 02:09:10
5607,SGP,Singapore,2019,83.595,81.4,85.9,2.0,2.5,59.639,35.249,1.0,2.519,2.69,4.407,World Bank API,2026-09-30 02:09:10
5608,SGP,Singapore,2020,83.544,81.3,85.9,2.0,2.4,59.735,34.855,1.0,2.638,2.77,5.7,World Bank API,2026-09-30 02:09:10
5609,SGP,Singapore,2021,83.093,80.8,85.5,2.0,2.4,69.3,37.827,1.0,2.781,2.84,5.146,World Bank API,2026-09-30 02:09:10
5610,SGP,Singapore,2022,82.895,80.7,85.2,2.0,2.5,84.358,42.594,1.0,2.834,2.83,4.331,World Bank API,2026-09-30 02:09:10
5611,SLB,Solomon Islands,1990,66.194,64.302,68.673,28.8,38.1,253.74,180.317,14.8,0.157,0.828,4.828,World Bank API,2026-09-30 02:09:10
5612,SLB,Solomon Islands,1991,66.357,64.448,68.841,28.0,37.1,252.258,178.501,14.4,0.157,1.788,4.828,World Bank API,2026-09-30 02:09:10
5613,SLB,Solomon Islands,1992,66.471,64.528,68.983,27.4,36.1,251.953,177.023,14.1,0.157,2.748,4.828,World Bank API,2026-09-30 02:09:10
5614,SLB,Solomon Islands,1993,66.558,64.591,69.088,26.7,35.2,251.759,176.068,13.6,0.151,2.748,4.828,World Bank API,2026-09-30 02:09:10
5615,SLB,Solomon Islands,1994,66.661,64.642,69.247,26.1,34.3,252.23,174.469,13.4,0.146,2.748,4.828,World Bank API,2026-09-30 02:09:10
5616,SLB,Solomon Islands,1995,66.717,64.65,69.353,25.5,33.5,253.219,173.487,13.2,0.14,2.748,4.828,World Bank API,2026-09-30 02:09:10
5617,SLB,Solomon Islands,1996,66.739,64.615,69.438,25.0,32.8,254.894,172.748,13.1,0.136,2.748,4.828,World Bank API,2026-09-30 02:09:10
5618,SLB,Solomon Islands,1997,66.768,64.587,69.53,24.6,32.1,256.389,171.87,13.0,0.132,2.748,4.828,World Bank API,2026-09-30 02:09:10
5619,SLB,Solomon Islands,1998,66.89,64.734,69.608,24.2,31.5,254.167,171.117,13.0,0.129,2.748,4.828,World Bank API,2026-09-30 02:09:10
5620,SLB,Solomon Islands,1999,67.001,64.865,69.68,23.8,31.0,252.182,170.399,12.9,0.125,2.748,4.828,World Bank API,2026-09-30 02:09:10
5621,SLB,Solomon Islands,2000,67.116,65.011,69.746,23.5,30.5,249.827,169.736,12.8,0.126,2.748,4.828,World Bank API,2026-09-30 02:09:10
5622,SLB,Solomon Islands,2001,67.237,65.157,69.811,23.3,30.2,247.45,169.017,12.7,0.127,2.748,6.607,World Bank API,2026-09-30 02:09:10
5623,SLB,Solomon Islands,2002,67.35,65.296,69.876,23.1,29.8,245.049,168.282,12.5,0.128,2.748,10.106,World Bank API,2026-09-30 02:09:10
5624,SLB,Solomon Islands,2003,67.479,65.453,69.952,22.9,29.6,242.331,167.366,12.4,0.129,2.748,7.077,World Bank API,2026-09-30 02:09:10
5625,SLB,Solomon Islands,2004,67.628,65.649,70.026,22.8,29.3,238.831,166.437,12.2,0.156,2.748,7.726,World Bank API,2026-09-30 02:09:10
5626,SLB,Solomon Islands,2005,67.79,65.843,70.133,22.6,29.1,235.421,165.056,12.1,0.184,2.748,9.018,World Bank API,2026-09-30 02:09:10
5627,SLB,Solomon Islands,2006,67.968,66.063,70.244,22.5,28.8,231.584,163.621,11.9,0.181,2.748,8.008,World Bank API,2026-09-30 02:09:10
5628,SLB,Solomon Islands,2007,67.845,65.979,70.064,22.2,28.4,232.239,166.017,11.7,0.178,2.748,7.186,World Bank API,2026-09-30 02:09:10
5629,SLB,Solomon Islands,2008,68.336,66.512,70.49,22.0,28.0,224.054,160.585,11.5,0.175,2.748,5.507,World Bank API,2026-09-30 02:09:10
5630,SLB,Solomon Islands,2009,68.397,66.604,70.501,21.7,27.6,221.997,159.931,11.3,0.182,2.748,6.61,World Bank API,2026-09-30 02:09:10
5631,SLB,Solomon Islands,2010,68.669,66.941,70.687,21.4,27.2,217.278,158.6,11.0,0.19,2.748,4.669,World Bank API,2026-09-30 02:09:10
5632,SLB,Solomon Islands,2011,68.824,67.144,70.774,21.1,26.7,214.313,158.048,10.8,0.197,2.748,5.03,World Bank API,2026-09-30 02:09:10
5633,SLB,Solomon Islands,2012,68.961,67.351,70.816,20.8,26.2,211.255,158.107,10.6,0.15,2.748,4.88,World Bank API,2026-09-30 02:09:10
5634,SLB,Solomon Islands,2013,69.007,67.469,70.771,20.5,25.8,209.596,159.34,10.4,0.18,2.748,4.58,World Bank API,2026-09-30 02:09:10
5635,SLB,Solomon Islands,2014,68.984,67.476,70.705,20.3,25.4,208.665,159.346,10.2,0.18,2.748,4.89,World Bank API,2026-09-30 02:09:10
5636,SLB,Solomon Islands,2015,69.323,67.928,70.907,20.0,25.0,202.737,158.728,10.1,0.181,2.748,4.453,World Bank API,2026-09-30 02:09:10
5637,SLB,Solomon Islands,2016,69.501,68.153,71.026,19.7,24.6,199.741,157.771,9.9,0.181,2.748,4.53,World Bank API,2026-09-30 02:09:10
5638,SLB,Solomon Islands,2017,69.652,68.351,71.118,19.4,24.1,196.883,156.962,9.7,0.181,2.748,4.166,World Bank API,2026-09-30 02:09:10
5639,SLB,Solomon Islands,2018,69.806,68.54,71.231,19.1,23.6,194.188,155.788,9.5,0.181,2.748,3.864,World Bank API,2026-09-30 02:09:10
5640,SLB,Solomon Islands,2019,69.981,68.75,71.362,18.7,23.1,191.057,154.279,9.3,0.181,2.748,4.437,World Bank API,2026-09-30 02:09:10
5641,SLB,Solomon Islands,2020,69.258,67.776,70.977,18.3,22.5,200.755,158.469,9.1,0.181,2.748,4.895,World Bank API,2026-09-30 02:09:10
5642,SLB,Solomon Islands,2021,68.89,67.626,70.302,17.8,21.9,217.512,176.427,8.8,0.181,2.748,4.948,World Bank API,2026-09-30 02:09:10
5643,SLB,Solomon Islands,2022,70.409,69.141,71.814,17.4,21.3,186.358,148.654,8.6,0.181,2.748,4.824,World Bank API,2026-09-30 02:09:10
5644,SLE,Sierra Leone,1990,43.72,42.351,45.105,135.4,258.0,411.784,364.209,52.0,0.073,0.4,5.291,World Bank API,2026-09-30 02:09:10
5645,SLE,Sierra Leone,1991,43.287,41.778,44.822,135.1,256.0,430.628,372.606,51.8,0.073,0.4,5.291,World Bank API,2026-09-30 02:09:10
5646,SLE,Sierra Leone,1992,43.451,41.95,44.978,134.8,253.8,433.049,374.904,51.6,0.073,0.4,5.291,World Bank API,2026-09-30 02:09:10
5647,SLE,Sierra Leone,1993,43.428,41.936,44.946,134.5,251.7,438.217,379.514,51.4,0.073,0.4,5.291,World Bank API,2026-09-30 02:09:10
5648,SLE,Sierra Leone,1994,42.808,41.208,44.447,133.8,249.1,459.726,391.117,51.1,0.073,0.4,5.291,World Bank API,2026-09-30 02:09:10
5649,SLE,Sierra Leone,1995,42.579,40.832,44.38,132.9,245.9,475.918,396.251,50.8,0.073,0.4,5.291,World Bank API,2026-09-30 02:09:10
5650,SLE,Sierra Leone,1996,43.528,42.165,44.907,131.6,242.2,448.445,392.054,50.3,0.073,0.4,5.291,World Bank API,2026-09-30 02:09:10
5651,SLE,Sierra Leone,1997,43.649,42.267,45.048,130.0,237.9,453.239,394.181,49.8,0.068,0.4,5.291,World Bank API,2026-09-30 02:09:10
5652,SLE,Sierra Leone,1998,42.714,40.717,44.799,128.0,233.1,502.097,402.563,49.2,0.062,0.4,5.291,World Bank API,2026-09-30 02:09:10
5653,SLE,Sierra Leone,1999,41.962,38.767,45.521,125.9,228.2,573.352,401.111,48.6,0.057,0.4,5.291,World Bank API,2026-09-30 02:09:10
5654,SLE,Sierra Leone,2000,44.834,43.654,46.008,123.4,222.8,442.182,391.724,48.0,0.052,0.4,5.291,World Bank API,2026-09-30 02:09:10
5655,SLE,Sierra Leone,2001,45.448,44.276,46.612,120.8,217.3,436.666,386.886,47.3,0.047,0.4,5.222,World Bank API,2026-09-30 02:09:10
5656,SLE,Sierra Leone,2002,46.174,45.198,47.133,118.2,211.6,421.41,382.494,46.6,0.041,0.4,5.554,World Bank API,2026-09-30 02:09:10
5657,SLE,Sierra Leone,2003,46.784,45.846,47.704,115.4,205.7,414.203,377.584,45.9,0.036,0.4,5.062,World Bank API,2026-09-30 02:09:10
5658,SLE,Sierra Leone,2004,47.485,46.569,48.382,112.4,199.6,405.317,371.082,45.2,0.031,0.4,5.238,World Bank API,2026-09-30 02:09:10
5659,SLE,Sierra Leone,2005,48.306,47.412,49.18,109.3,193.2,393.913,362.204,44.5,0.027,0.4,5.23,World Bank API,2026-09-30 02:09:10
5660,SLE,Sierra Leone,2006,49.547,48.587,50.488,105.9,186.5,373.298,341.729,43.6,0.023,0.4,5.299,World Bank API,2026-09-30 02:09:10
5661,SLE,Sierra Leone,2007,50.024,49.002,51.029,102.3,179.6,373.021,339.674,42.5,0.019,0.4,5.317,World Bank API,2026-09-30 02:09:10
5662,SLE,Sierra Leone,2008,50.693,49.686,51.681,98.6,172.4,367.4,335.577,41.2,0.016,0.4,5.603,World Bank API,2026-09-30 02:09:10
5663,SLE,Sierra Leone,2009,51.312,50.301,52.304,94.7,165.2,363.29,331.996,40.0,0.019,0.4,6.271,World Bank API,2026-09-30 02:09:10
5664,SLE,Sierra Leone,2010,51.927,50.941,52.891,90.8,157.9,359.154,329.53,38.8,0.022,0.4,5.642,World Bank API,2026-09-30 02:09:10
5665,SLE,Sierra Leone,2011,52.594,51.659,53.503,87.0,150.8,352.049,325.871,37.6,0.026,0.4,6.606,World Bank API,2026-09-30 02:09:10
5666,SLE,Sierra Leone,2012,53.159,52.206,54.086,83.4,144.1,348.567,322.038,36.5,0.033,0.4,5.928,World Bank API,2026-09-30 02:09:10
5667,SLE,Sierra Leone,2013,54.051,53.121,54.954,80.1,137.9,336.117,312.477,35.6,0.04,0.4,8.458,World Bank API,2026-09-30 02:09:10
5668,SLE,Sierra Leone,2014,54.281,53.401,55.13,77.8,135.9,334.039,312.691,34.7,0.047,0.4,15.119,World Bank API,2026-09-30 02:09:10
5669,SLE,Sierra Leone,2015,55.454,54.54,56.338,76.9,136.8,314.963,295.084,34.0,0.054,0.4,12.383,World Bank API,2026-09-30 02:09:10
5670,SLE,Sierra Leone,2016,56.937,55.987,57.857,71.3,121.8,291.195,273.033,33.1,0.061,0.4,10.054,World Bank API,2026-09-30 02:09:10
5671,SLE,Sierra Leone,2017,57.761,56.692,58.804,68.7,117.0,279.231,257.567,32.4,0.068,0.4,6.005,World Bank API,2026-09-30 02:09:10
5672,SLE,Sierra Leone,2018,59.059,57.846,60.251,66.3,112.4,261.111,235.551,31.8,0.075,0.4,5.299,World Bank API,2026-09-30 02:09:10
5673,SLE,Sierra Leone,2019,59.593,58.299,60.871,64.0,108.3,257.721,228.863,31.1,0.033,0.4,5.705,World Bank API,2026-09-30 02:09:10
5674,SLE,Sierra Leone,2020,59.694,58.186,61.202,61.9,104.4,262.536,226.811,30.5,0.073,0.4,5.665,World Bank API,2026-09-30 02:09:10
5675,SLE,Sierra Leone,2021,60.26,58.773,61.736,59.9,100.6,263.678,226.316,29.9,0.104,0.4,5.072,World Bank API,2026-09-30 02:09:10
5676,SLE,Sierra Leone,2022,61.275,59.532,63.019,58.1,97.1,248.374,201.342,29.4,0.134,0.4,4.804,World Bank API,2026-09-30 02:09:10
5677,SLV,El Salvador,1990,61.981,57.076,67.148,47.2,59.5,374.898,175.681,22.4,0.84,1.471,7.843,World Bank API,2026-09-30 02:09:10
5678,SLV,El Salvador,1991,62.542,57.447,67.915,44.8,56.2,376.839,167.852,21.8,0.78,1.481,7.843,World Bank API,2026-09-30 02:09:10
5679,SLV,El Salvador,1992,62.944,57.915,68.215,42.4,53.0,381.843,167.399,21.0,0.72,1.49,7.843,World Bank API,2026-09-30 02:09:10
5680,SLV,El Salvador,1993,63.998,59.038,69.099,40.1,50.0,370.089,164.84,20.3,0.66,1.5,7.843,World Bank API,2026-09-30 02:09:10
5681,SLV,El Salvador,1994,64.47,59.478,69.606,37.9,47.0,367.232,161.156,19.5,0.785,1.55,7.843,World Bank API,2026-09-30 02:09:10
5682,SLV,El Salvador,1995,64.903,59.879,70.073,35.7,44.2,364.211,157.355,18.7,0.91,1.6,7.843,World Bank API,2026-09-30 02:09:10
5683,SLV,El Salvador,1996,65.48,60.502,70.573,33.6,41.4,357.605,154.086,18.0,0.99,1.65,7.843,World Bank API,2026-09-30 02:09:10
5684,SLV,El Salvador,1997,66.248,61.389,71.17,31.6,38.9,343.976,149.541,17.3,1.071,1.61,7.843,World Bank API,2026-09-30 02:09:10
5685,SLV,El Salvador,1998,66.655,61.99,71.333,29.8,36.4,334.982,149.438,16.5,1.15,1.57,7.843,World Bank API,2026-09-30 02:09:10
5686,SLV,El Salvador,1999,67.285,62.569,72.006,28.0,34.2,329.285,143.378,15.5,1.229,1.53,7.843,World Bank API,2026-09-30 02:09:10
5687,SLV,El Salvador,2000,67.711,63.003,72.407,26.4,32.2,324.472,140.344,14.5,1.261,1.49,7.843,World Bank API,2026-09-30 02:09:10
5688,SLV,El Salvador,2001,67.965,63.382,72.505,25.0,30.3,313.919,143.139,13.6,1.294,1.45,7.886,World Bank API,2026-09-30 02:09:10
5689,SLV,El Salvador,2002,68.526,63.831,73.168,23.6,28.6,315.246,134.496,12.8,1.326,1.41,7.886,World Bank API,2026-09-30 02:09:10
5690,SLV,El Salvador,2003,68.792,64.115,73.391,22.3,26.9,312.351,133.387,12.1,1.459,1.37,7.772,World Bank API,2026-09-30 02:09:10
5691,SLV,El Salvador,2004,69.295,64.603,73.881,21.1,25.4,306.745,128.971,11.4,1.591,1.33,8.13,World Bank API,2026-09-30 02:09:10
5692,SLV,El Salvador,2005,69.336,64.53,74.024,20.0,24.0,311.361,129.363,10.8,1.724,1.29,9.201,World Bank API,2026-09-30 02:09:10
5693,SLV,El Salvador,2006,69.612,64.754,74.328,19.0,22.7,310.737,128.08,10.2,1.787,1.25,8.693,World Bank API,2026-09-30 02:09:10
5694,SLV,El Salvador,2007,69.82,64.954,74.51,18.1,21.5,308.986,128.351,9.7,1.851,1.21,8.478,World Bank API,2026-09-30 02:09:10
5695,SLV,El Salvador,2008,70.138,65.382,74.688,17.2,20.4,302.865,127.155,9.2,1.914,1.17,8.496,World Bank API,2026-09-30 02:09:10
5696,SLV,El Salvador,2009,70.359,65.727,74.763,16.4,19.4,296.463,128.23,8.7,1.871,1.13,8.837,World Bank API,2026-09-30 02:09:10
5697,SLV,El Salvador,2010,70.909,66.381,75.186,15.6,18.4,285.922,123.918,8.3,1.827,1.09,8.904,World Bank API,2026-09-30 02:09:10
5698,SLV,El Salvador,2011,71.192,66.747,75.372,14.9,17.6,279.776,122.849,7.9,1.784,1.05,8.876,World Bank API,2026-09-30 02:09:10
5699,SLV,El Salvador,2012,71.42,66.978,75.585,14.3,16.7,276.861,120.193,7.5,1.74,1.09,8.606,World Bank API,2026-09-30 02:09:10
5700,SLV,El Salvador,2013,71.225,66.524,75.662,13.7,16.0,287.741,120.692,7.1,1.697,1.09,9.052,World Bank API,2026-09-30 02:09:10
5701,SLV,El Salvador,2014,71.144,66.309,75.721,13.1,15.3,293.612,120.535,6.7,1.653,1.38,8.599,World Bank API,2026-09-30 02:09:10
5702,SLV,El Salvador,2015,70.952,65.986,75.666,12.6,14.6,302.296,122.319,6.4,1.61,1.04,8.758,World Bank API,2026-09-30 02:09:10
5703,SLV,El Salvador,2016,70.908,65.792,75.774,12.0,13.9,309.427,121.648,6.1,1.566,1.08,8.715,World Bank API,2026-09-30 02:09:10
5704,SLV,El Salvador,2017,71.007,65.932,75.811,11.5,13.3,308.47,121.452,5.8,2.265,1.07,8.423,World Bank API,2026-09-30 02:09:10
5705,SLV,El Salvador,2018,71.384,66.504,75.944,11.1,12.7,298.416,119.714,5.5,2.963,1.08,8.323,World Bank API,2026-09-30 02:09:10
5706,SLV,El Salvador,2019,71.725,67.1,75.979,10.6,12.2,285.407,116.805,5.3,2.955,1.07,8.808,World Bank API,2026-09-30 02:09:10
5707,SLV,El Salvador,2020,70.244,65.467,74.716,10.2,11.7,311.477,130.496,5.1,2.948,1.09,8.951,World Bank API,2026-09-30 02:09:10
5708,SLV,El Salvador,2021,69.941,65.197,74.344,9.8,11.2,325.393,139.345,4.9,2.94,1.17,10.127,World Bank API,2026-09-30 02:09:10
5709,SLV,El Salvador,2022,71.969,67.369,76.164,9.5,10.8,282.974,116.006,4.7,1.566,1.2,9.82,World Bank API,2026-09-30 02:09:10
5710,SMR,San Marino,1990,77.783,75.17,80.4,11.0,12.7,96.676,46.282,6.7,4.814,7.16,5.788,World Bank API,2026-09-30 02:09:10
5711,SMR,San Marino,1991,77.944,75.325,80.564,10.2,11.6,95.832,45.798,6.1,4.814,6.986,5.788,World Bank API,2026-09-30 02:09:10
5712,SMR,San Marino,1992,78.133,75.491,80.777,9.4,10.6,95.369,45.077,5.6,4.814,6.812,5.788,World Bank API,2026-09-30 02:09:10
5713,SMR,San Marino,1993,78.373,75.716,81.025,8.6,9.7,94.344,44.344,5.0,4.814,6.639,5.788,World Bank API,2026-09-30 02:09:10
5714,SMR,San Marino,1994,78.67,76.01,81.309,8.0,8.8,92.588,43.453,4.6,4.814,6.465,5.788,World Bank API,2026-09-30 02:09:10
5715,SMR,San Marino,1995,79.031,76.409,81.593,7.4,8.1,89.866,42.558,4.2,4.814,6.291,5.788,World Bank API,2026-09-30 02:09:10
5716,SMR,San Marino,1996,79.332,76.73,81.868,6.8,7.4,87.64,41.886,3.8,4.814,6.117,5.788,World Bank API,2026-09-30 02:09:10
5717,SMR,San Marino,1997,79.677,77.106,82.171,6.3,6.8,84.723,41.097,3.4,4.814,5.943,5.788,World Bank API,2026-09-30 02:09:10
5718,SMR,San Marino,1998,79.918,77.351,82.402,5.8,6.2,82.916,40.844,3.1,4.814,5.77,5.788,World Bank API,2026-09-30 02:09:10
5719,SMR,San Marino,1999,80.2,77.737,82.563,5.3,5.7,79.784,41.114,2.8,4.814,5.596,5.788,World Bank API,2026-09-30 02:09:10
5720,SMR,San Marino,2000,80.504,78.13,82.761,4.9,5.2,76.585,41.205,2.5,4.814,5.422,5.788,World Bank API,2026-09-30 02:09:10
5721,SMR,San Marino,2001,80.803,78.531,82.944,4.5,4.8,73.22,41.382,2.3,4.814,5.248,5.641,World Bank API,2026-09-30 02:09:10
5722,SMR,San Marino,2002,81.061,78.845,83.135,4.2,4.5,71.022,41.498,2.1,4.814,5.074,5.392,World Bank API,2026-09-30 02:09:10
5723,SMR,San Marino,2003,81.33,79.189,83.319,3.9,4.1,68.489,41.598,1.9,4.814,4.9,4.772,World Bank API,2026-09-30 02:09:10
5724,SMR,San Marino,2004,81.592,79.457,83.568,3.6,3.8,66.926,41.031,1.7,4.814,4.727,4.865,World Bank API,2026-09-30 02:09:10
5725,SMR,San Marino,2005,81.926,79.814,83.871,3.4,3.6,64.142,39.322,1.6,4.814,4.553,4.887,World Bank API,2026-09-30 02:09:10
5726,SMR,San Marino,2006,82.258,80.152,84.189,3.1,3.3,61.566,37.562,1.5,4.814,4.379,4.914,World Bank API,2026-09-30 02:09:10
5727,SMR,San Marino,2007,82.605,80.498,84.53,2.9,3.1,59.245,35.718,1.4,4.814,4.205,5.096,World Bank API,2026-09-30 02:09:10
5728,SMR,San Marino,2008,82.894,80.793,84.805,2.8,2.9,56.939,34.242,1.3,4.814,4.031,5.411,World Bank API,2026-09-30 02:09:10
5729,SMR,San Marino,2009,83.224,81.141,85.107,2.6,2.7,54.551,32.79,1.2,4.814,3.858,6.184,World Bank API,2026-09-30 02:09:10
5730,SMR,San Marino,2010,83.464,81.395,85.327,2.4,2.6,52.73,31.858,1.1,4.814,3.684,6.209,World Bank API,2026-09-30 02:09:10
5731,SMR,San Marino,2011,83.713,81.65,85.573,2.3,2.4,51.157,30.98,1.1,4.814,3.51,8.071,World Bank API,2026-09-30 02:09:10
5732,SMR,San Marino,2012,83.943,81.941,85.769,2.2,2.3,49.179,30.432,1.0,4.896,3.37,8.989,World Bank API,2026-09-30 02:09:10
5733,SMR,San Marino,2013,84.175,82.255,85.933,2.0,2.1,47.211,30.066,0.9,4.881,3.36,8.238,World Bank API,2026-09-30 02:09:10
5734,SMR,San Marino,2014,84.394,82.499,86.117,1.9,2.0,45.787,29.756,0.9,5.964,3.35,8.301,World Bank API,2026-09-30 02:09:10
5735,SMR,San Marino,2015,84.596,82.74,86.266,1.8,1.9,44.392,29.651,0.8,5.801,3.35,8.433,World Bank API,2026-09-30 02:09:10
5736,SMR,San Marino,2016,84.775,82.945,86.421,1.7,1.8,43.137,29.592,0.8,5.639,3.35,8.422,World Bank API,2026-09-30 02:09:10
5737,SMR,San Marino,2017,84.933,83.175,86.525,1.6,1.7,41.835,29.735,0.7,5.476,3.35,8.26,World Bank API,2026-09-30 02:09:10
5738,SMR,San Marino,2018,85.095,83.393,86.648,1.6,1.6,40.589,29.771,0.7,5.314,3.35,8.278,World Bank API,2026-09-30 02:09:10
5739,SMR,San Marino,2019,85.257,83.586,86.787,1.5,1.5,39.635,29.716,0.7,5.151,3.35,8.148,World Bank API,2026-09-30 02:09:10
5740,SMR,San Marino,2020,82.65,80.262,85.115,1.4,1.5,60.812,46.919,0.6,4.988,3.35,8.481,World Bank API,2026-09-30 02:09:10
5741,SMR,San Marino,2021,83.539,81.852,85.172,1.4,1.4,51.263,38.613,0.6,4.826,3.35,7.513,World Bank API,2026-09-30 02:09:10
5742,SMR,San Marino,2022,85.708,84.166,87.127,1.3,1.4,36.595,29.727,0.6,4.663,3.35,7.223,World Bank API,2026-09-30 02:09:10
5743,SOM,"Somalia, Fed. Rep.",1990,46.896,43.126,51.185,106.3,180.4,522.242,333.38,45.5,0.042,0.753,3.37,World Bank API,2026-09-30 02:09:10
5744,SOM,"Somalia, Fed. Rep.",1991,25.418,23.715,27.335,216.4,366.5,709.238,554.212,48.2,0.042,0.703,3.37,World Bank API,2026-09-30 02:09:10
5745,SOM,"Somalia, Fed. Rep.",1992,25.034,23.875,26.254,223.2,376.6,676.208,563.921,48.0,0.042,0.652,3.37,World Bank API,2026-09-30 02:09:10
5746,SOM,"Somalia, Fed. Rep.",1993,50.551,49.052,52.063,218.5,368.3,374.038,317.799,47.7,0.042,0.602,3.37,World Bank API,2026-09-30 02:09:10
5747,SOM,"Somalia, Fed. Rep.",1994,50.303,48.812,51.807,103.9,173.2,379.03,322.071,44.4,0.042,0.551,3.37,World Bank API,2026-09-30 02:09:10
5748,SOM,"Somalia, Fed. Rep.",1995,50.65,49.09,52.231,103.9,173.2,376.482,316.599,44.3,0.041,0.501,3.37,World Bank API,2026-09-30 02:09:10
5749,SOM,"Somalia, Fed. Rep.",1996,50.524,48.972,52.099,103.9,173.2,378.475,318.383,44.2,0.04,0.451,3.37,World Bank API,2026-09-30 02:09:10
5750,SOM,"Somalia, Fed. Rep.",1997,50.278,48.803,51.767,103.9,173.2,376.5,319.393,44.2,0.04,0.4,3.37,World Bank API,2026-09-30 02:09:10
5751,SOM,"Somalia, Fed. Rep.",1998,50.755,49.305,52.221,103.9,173.2,370.988,316.495,44.3,0.039,0.407,3.37,World Bank API,2026-09-30 02:09:10
5752,SOM,"Somalia, Fed. Rep.",1999,50.611,49.148,52.092,103.9,173.2,374.159,318.401,44.4,0.037,0.413,3.37,World Bank API,2026-09-30 02:09:10
5753,SOM,"Somalia, Fed. Rep.",2000,50.747,49.329,52.179,103.9,173.2,370.289,317.18,44.7,0.036,0.42,3.37,World Bank API,2026-09-30 02:09:10
5754,SOM,"Somalia, Fed. Rep.",2001,50.829,49.407,52.267,103.9,173.2,369.02,315.801,45.1,0.034,0.42,3.37,World Bank API,2026-09-30 02:09:10
5755,SOM,"Somalia, Fed. Rep.",2002,50.82,49.402,52.255,103.9,173.2,369.171,315.984,45.4,0.033,0.42,3.37,World Bank API,2026-09-30 02:09:10
5756,SOM,"Somalia, Fed. Rep.",2003,50.721,49.233,52.232,103.9,173.2,373.576,316.362,45.7,0.031,0.42,3.37,World Bank API,2026-09-30 02:09:10
5757,SOM,"Somalia, Fed. Rep.",2004,50.685,49.164,52.233,103.9,173.2,375.86,316.774,45.8,0.03,0.42,3.37,World Bank API,2026-09-30 02:09:10
5758,SOM,"Somalia, Fed. Rep.",2005,50.894,49.393,52.42,103.9,173.2,372.144,314.523,45.7,0.028,0.484,3.37,World Bank API,2026-09-30 02:09:10
5759,SOM,"Somalia, Fed. Rep.",2006,50.915,49.313,52.555,103.5,172.6,376.615,313.606,45.7,0.027,0.549,3.37,World Bank API,2026-09-30 02:09:10
5760,SOM,"Somalia, Fed. Rep.",2007,50.885,49.215,52.601,102.5,170.5,381.033,314.486,45.4,0.03,0.613,3.37,World Bank API,2026-09-30 02:09:10
5761,SOM,"Somalia, Fed. Rep.",2008,51.456,49.766,53.194,100.5,166.7,374.259,307.832,45.0,0.032,0.677,3.37,World Bank API,2026-09-30 02:09:10
5762,SOM,"Somalia, Fed. Rep.",2009,52.101,50.502,53.734,98.4,162.4,362.82,302.406,44.3,0.035,0.741,3.37,World Bank API,2026-09-30 02:09:10
5763,SOM,"Somalia, Fed. Rep.",2010,48.9,47.07,50.797,112.5,186.7,406.816,325.334,44.2,0.038,0.806,3.37,World Bank API,2026-09-30 02:09:10
5764,SOM,"Somalia, Fed. Rep.",2011,32.453,31.294,33.651,217.6,363.1,568.469,478.754,46.4,0.04,0.87,3.37,World Bank API,2026-09-30 02:09:10
5765,SOM,"Somalia, Fed. Rep.",2012,49.138,47.319,51.019,112.2,185.4,402.052,321.376,42.9,0.043,0.87,3.37,World Bank API,2026-09-30 02:09:10
5766,SOM,"Somalia, Fed. Rep.",2013,54.016,52.118,55.964,88.4,143.2,354.941,282.411,41.7,0.045,0.87,3.37,World Bank API,2026-09-30 02:09:10
5767,SOM,"Somalia, Fed. Rep.",2014,54.442,52.394,56.557,86.0,138.6,356.871,277.053,41.0,0.048,0.87,3.021,World Bank API,2026-09-30 02:09:10
5768,SOM,"Somalia, Fed. Rep.",2015,55.056,53.037,57.135,83.7,134.3,349.066,271.574,40.3,0.048,0.87,2.941,World Bank API,2026-09-30 02:09:10
5769,SOM,"Somalia, Fed. Rep.",2016,55.283,53.095,57.554,81.5,130.2,354.039,268.432,39.5,0.048,0.87,2.284,World Bank API,2026-09-30 02:09:10
5770,SOM,"Somalia, Fed. Rep.",2017,52.19,50.18,54.275,96.5,156.4,376.1,291.37,39.3,0.048,0.87,2.443,World Bank API,2026-09-30 02:09:10
5771,SOM,"Somalia, Fed. Rep.",2018,54.767,52.694,56.911,85.1,136.4,351.945,269.977,38.3,0.048,0.87,2.509,World Bank API,2026-09-30 02:09:10
5772,SOM,"Somalia, Fed. Rep.",2019,57.249,55.241,59.31,75.0,118.4,324.429,250.972,37.4,0.048,0.87,2.406,World Bank API,2026-09-30 02:09:10
5773,SOM,"Somalia, Fed. Rep.",2020,57.095,55.076,59.176,72.9,114.7,330.805,258.461,36.7,0.048,0.87,2.47,World Bank API,2026-09-30 02:09:10
5774,SOM,"Somalia, Fed. Rep.",2021,55.703,53.724,57.752,70.9,111.0,378.546,300.415,36.2,0.048,0.87,2.735,World Bank API,2026-09-30 02:09:10
5775,SOM,"Somalia, Fed. Rep.",2022,53.931,51.791,56.159,89.2,143.1,359.766,270.922,36.1,0.048,0.87,2.847,World Bank API,2026-09-30 02:09:10
5776,SRB,Serbia,1990,72.155,68.986,75.483,24.2,28.0,198.82,98.857,17.0,2.707,5.47,5.808,World Bank API,2026-09-30 02:09:10
5777,SRB,Serbia,1991,71.876,68.578,75.339,22.4,26.0,206.916,100.586,15.8,2.707,5.47,5.808,World Bank API,2026-09-30 02:09:10
5778,SRB,Serbia,1992,71.569,68.222,75.083,21.3,24.5,212.533,103.061,15.0,2.707,5.47,5.808,World Bank API,2026-09-30 02:09:10
5779,SRB,Serbia,1993,71.795,68.642,75.105,20.1,23.2,205.374,103.2,14.2,2.707,5.47,5.808,World Bank API,2026-09-30 02:09:10
5780,SRB,Serbia,1994,72.204,69.245,75.311,18.6,21.5,196.868,101.967,13.2,2.707,5.47,5.808,World Bank API,2026-09-30 02:09:10
5781,SRB,Serbia,1995,72.616,69.745,75.63,16.9,19.5,191.484,100.642,12.1,2.707,5.47,5.808,World Bank API,2026-09-30 02:09:10
5782,SRB,Serbia,1996,72.795,70.109,75.615,15.1,17.4,188.415,101.928,10.8,2.707,5.47,5.808,World Bank API,2026-09-30 02:09:10
5783,SRB,Serbia,1997,72.828,70.072,75.722,13.4,15.5,190.232,102.126,9.7,2.707,5.47,5.808,World Bank API,2026-09-30 02:09:10
5784,SRB,Serbia,1998,72.195,69.23,75.308,12.2,14.1,205.365,107.734,8.8,2.707,5.47,5.808,World Bank API,2026-09-30 02:09:10
5785,SRB,Serbia,1999,69.927,66.693,73.323,11.5,13.3,244.096,136.579,8.1,2.707,5.47,5.808,World Bank API,2026-09-30 02:09:10
5786,SRB,Serbia,2000,71.583,68.9,74.4,11.0,12.7,202.57,103.467,7.7,2.707,5.47,5.808,World Bank API,2026-09-30 02:09:10
5787,SRB,Serbia,2001,72.234,69.6,75.0,10.5,12.1,202.462,103.56,7.3,2.707,5.47,6.192,World Bank API,2026-09-30 02:09:10
5788,SRB,Serbia,2002,72.285,69.7,75.0,9.9,11.4,199.261,101.763,7.0,2.707,5.47,7.25,World Bank API,2026-09-30 02:09:10
5789,SRB,Serbia,2003,72.437,69.9,75.1,9.2,10.6,198.128,99.787,6.5,2.707,5.47,7.306,World Bank API,2026-09-30 02:09:10
5790,SRB,Serbia,2004,72.683,70.0,75.5,8.4,9.7,196.054,99.033,6.0,2.772,5.47,7.636,World Bank API,2026-09-30 02:09:10
5791,SRB,Serbia,2005,72.834,70.2,75.6,7.8,9.0,192.035,96.73,5.6,2.757,5.47,8.093,World Bank API,2026-09-30 02:09:10
5792,SRB,Serbia,2006,73.385,70.8,76.1,7.3,8.5,188.041,94.179,5.3,2.783,5.47,8.286,World Bank API,2026-09-30 02:09:10
5793,SRB,Serbia,2007,73.632,70.9,76.5,7.1,8.1,184.917,91.66,5.1,2.852,5.27,9.018,World Bank API,2026-09-30 02:09:10
5794,SRB,Serbia,2008,73.885,71.3,76.6,6.9,7.9,181.986,90.179,4.9,2.943,5.26,9.128,World Bank API,2026-09-30 02:09:10
5795,SRB,Serbia,2009,73.985,71.4,76.7,6.7,7.8,178.096,88.764,4.8,2.973,5.28,8.989,World Bank API,2026-09-30 02:09:10
5796,SRB,Serbia,2010,74.337,71.8,77.0,6.6,7.6,172.68,86.114,4.7,3.017,5.31,9.152,World Bank API,2026-09-30 02:09:10
5797,SRB,Serbia,2011,74.537,72.0,77.2,6.4,7.4,167.036,83.882,4.7,3.043,5.33,8.759,World Bank API,2026-09-30 02:09:10
5798,SRB,Serbia,2012,74.837,72.3,77.5,6.1,7.1,161.252,81.659,4.6,3.047,5.35,8.957,World Bank API,2026-09-30 02:09:10
5799,SRB,Serbia,2013,75.185,72.6,77.9,5.9,6.8,157.05,80.722,4.4,3.058,5.41,8.932,World Bank API,2026-09-30 02:09:10
5800,SRB,Serbia,2014,75.337,72.8,78.0,5.6,6.6,155.123,79.829,4.2,3.03,5.45,8.86,World Bank API,2026-09-30 02:09:10
5801,SRB,Serbia,2015,75.288,72.8,77.9,5.4,6.3,152.093,79.302,4.0,3.043,5.52,8.463,World Bank API,2026-09-30 02:09:10
5802,SRB,Serbia,2016,75.688,73.2,78.3,5.2,6.1,150.365,78.808,3.8,2.926,5.54,8.152,World Bank API,2026-09-30 02:09:10
5803,SRB,Serbia,2017,75.539,73.1,78.1,5.1,5.9,148.786,78.36,3.7,2.937,5.57,7.9,World Bank API,2026-09-30 02:09:10
5804,SRB,Serbia,2018,75.89,73.5,78.4,4.9,5.8,144.076,75.598,3.6,2.966,5.61,8.185,World Bank API,2026-09-30 02:09:10
5805,SRB,Serbia,2019,75.937,73.4,78.6,4.8,5.6,146.857,73.964,3.5,2.92,5.67,8.288,World Bank API,2026-09-30 02:09:10
5806,SRB,Serbia,2020,74.478,71.6,77.5,4.7,5.5,170.467,83.066,3.5,2.875,5.69,8.306,World Bank API,2026-09-30 02:09:10
5807,SRB,Serbia,2021,72.78,70.0,75.7,4.6,5.4,189.126,96.682,3.4,3.029,5.76,9.234,World Bank API,2026-09-30 02:09:10
5808,SRB,Serbia,2022,75.237,72.7,77.9,4.6,5.4,141.93,71.609,3.2,3.099,5.78,8.584,World Bank API,2026-09-30 02:09:10
5809,SSD,South Sudan,1990,28.628,26.436,31.008,157.4,301.3,769.019,666.461,64.2,0.041,2.76,22.113,World Bank API,2026-09-30 02:09:10
5810,SSD,South Sudan,1991,29.185,26.899,31.67,155.8,295.6,763.261,656.636,63.7,0.041,2.76,22.113,World Bank API,2026-09-30 02:09:10
5811,SSD,South Sudan,1992,21.938,19.886,24.337,165.5,337.1,893.652,805.98,64.0,0.041,2.84,22.113,World Bank API,2026-09-30 02:09:10
5812,SSD,South Sudan,1993,22.263,20.126,24.759,163.4,330.6,892.449,801.147,63.5,0.041,2.76,22.113,World Bank API,2026-09-30 02:09:10
5813,SSD,South Sudan,1994,44.858,43.086,46.521,138.5,227.6,438.569,360.272,61.2,0.041,2.76,22.113,World Bank API,2026-09-30 02:09:10
5814,SSD,South Sudan,1995,31.51,29.203,33.952,146.8,268.0,733.354,628.927,61.2,0.041,2.745,22.113,World Bank API,2026-09-30 02:09:10
5815,SSD,South Sudan,1996,32.124,29.882,34.474,143.7,259.7,723.944,623.612,60.4,0.041,2.64,22.113,World Bank API,2026-09-30 02:09:10
5816,SSD,South Sudan,1997,33.068,30.899,35.318,140.3,250.9,709.666,613.867,59.6,0.041,2.579,22.113,World Bank API,2026-09-30 02:09:10
5817,SSD,South Sudan,1998,19.048,17.582,20.677,238.8,430.8,891.323,813.271,61.7,0.041,2.583,22.113,World Bank API,2026-09-30 02:09:10
5818,SSD,South Sudan,1999,44.537,43.211,45.775,122.4,189.0,475.906,419.752,56.9,0.041,2.587,22.113,World Bank API,2026-09-30 02:09:10
5819,SSD,South Sudan,2000,47.591,46.548,48.542,118.2,180.1,417.382,374.714,55.6,0.041,2.508,22.113,World Bank API,2026-09-30 02:09:10
5820,SSD,South Sudan,2001,48.55,47.502,49.512,113.6,171.1,407.514,366.097,54.2,0.041,2.5,22.113,World Bank API,2026-09-30 02:09:10
5821,SSD,South Sudan,2002,49.394,48.445,50.269,109.0,162.2,397.932,360.743,52.9,0.041,2.429,22.113,World Bank API,2026-09-30 02:09:10
5822,SSD,South Sudan,2003,52.324,51.772,52.808,104.5,153.7,341.817,321.317,51.6,0.041,2.35,22.113,World Bank API,2026-09-30 02:09:10
5823,SSD,South Sudan,2004,53.052,52.544,53.496,100.2,145.8,336.078,317.175,50.3,0.041,2.361,22.113,World Bank API,2026-09-30 02:09:10
5824,SSD,South Sudan,2005,53.965,53.393,54.473,96.2,138.4,328.301,308.048,48.9,0.041,2.29,22.113,World Bank API,2026-09-30 02:09:10
5825,SSD,South Sudan,2006,54.653,53.911,55.327,92.3,131.5,326.141,300.088,47.7,0.041,2.297,22.113,World Bank API,2026-09-30 02:09:10
5826,SSD,South Sudan,2007,55.425,54.607,56.177,88.6,124.9,320.622,292.191,46.3,0.041,2.27,22.113,World Bank API,2026-09-30 02:09:10
5827,SSD,South Sudan,2008,56.28,55.339,57.159,85.0,118.7,314.109,281.858,44.9,0.041,2.26,22.113,World Bank API,2026-09-30 02:09:10
5828,SSD,South Sudan,2009,56.848,55.823,57.814,81.5,112.7,311.418,276.073,43.5,0.041,2.269,22.113,World Bank API,2026-09-30 02:09:10
5829,SSD,South Sudan,2010,57.485,56.369,58.546,78.2,107.2,306.579,268.794,42.1,0.041,2.25,22.113,World Bank API,2026-09-30 02:09:10
5830,SSD,South Sudan,2011,57.674,56.315,58.991,75.3,102.3,313.465,264.651,40.8,0.041,2.25,22.113,World Bank API,2026-09-30 02:09:10
5831,SSD,South Sudan,2012,58.241,56.946,59.497,73.2,98.9,305.432,259.633,40.0,0.041,2.27,22.113,World Bank API,2026-09-30 02:09:10
5832,SSD,South Sudan,2013,58.285,56.831,59.711,72.2,97.2,310.147,257.699,39.6,0.041,2.29,22.113,World Bank API,2026-09-30 02:09:10
5833,SSD,South Sudan,2014,45.625,42.69,48.807,118.2,182.6,516.649,354.298,40.8,0.041,2.34,22.113,World Bank API,2026-09-30 02:09:10
5834,SSD,South Sudan,2015,39.757,36.935,42.868,151.3,240.8,585.629,407.861,41.8,0.041,2.37,22.113,World Bank API,2026-09-30 02:09:10
5835,SSD,South Sudan,2016,36.72,33.812,39.993,169.8,272.9,632.679,437.511,42.3,0.041,2.36,22.113,World Bank API,2026-09-30 02:09:10
5836,SSD,South Sudan,2017,35.351,32.406,38.675,181.5,292.0,651.461,449.092,42.6,0.041,2.34,22.113,World Bank API,2026-09-30 02:09:10
5837,SSD,South Sudan,2018,51.905,49.151,54.673,92.9,133.7,421.407,297.849,40.0,0.041,2.3,11.695,World Bank API,2026-09-30 02:09:10
5838,SSD,South Sudan,2019,58.129,55.734,60.474,71.9,96.7,336.056,249.611,39.5,0.033,2.25,9.066,World Bank API,2026-09-30 02:09:10
5839,SSD,South Sudan,2020,57.648,54.843,60.46,71.9,96.7,352.914,250.014,39.5,0.043,2.35,9.351,World Bank API,2026-09-30 02:09:10
5840,SSD,South Sudan,2021,57.047,54.371,59.726,71.9,96.7,370.398,269.818,39.5,0.042,2.39,6.301,World Bank API,2026-09-30 02:09:10
5841,SSD,South Sudan,2022,57.203,54.289,60.131,71.9,96.7,368.042,259.035,39.6,0.041,2.36,6.573,World Bank API,2026-09-30 02:09:10
5842,STP,Sao Tome and Principe,1990,60.707,58.937,62.55,65.5,108.7,247.84,194.308,27.0,0.53,4.737,9.319,World Bank API,2026-09-30 02:09:10
5843,STP,Sao Tome and Principe,1991,60.792,58.974,62.685,66.1,109.4,250.882,194.709,26.7,0.429,4.737,9.319,World Bank API,2026-09-30 02:09:10
5844,STP,Sao Tome and Principe,1992,60.706,58.836,62.656,66.2,109.4,256.893,197.487,26.3,0.328,4.672,9.319,World Bank API,2026-09-30 02:09:10
5845,STP,Sao Tome and Principe,1993,60.618,58.696,62.622,65.9,108.7,263.268,200.558,25.8,0.363,4.607,9.319,World Bank API,2026-09-30 02:09:10
5846,STP,Sao Tome and Principe,1994,60.552,58.576,62.611,65.1,107.2,269.9,203.789,25.0,0.398,4.542,9.319,World Bank API,2026-09-30 02:09:10
5847,STP,Sao Tome and Principe,1995,60.536,58.517,62.639,63.7,104.7,276.266,207.123,24.4,0.432,4.476,9.319,World Bank API,2026-09-30 02:09:10
5848,STP,Sao Tome and Principe,1996,60.576,58.533,62.7,61.9,101.4,282.058,210.73,23.8,0.467,4.411,9.319,World Bank API,2026-09-30 02:09:10
5849,STP,Sao Tome and Principe,1997,60.648,58.584,62.793,59.6,97.4,287.963,214.615,23.3,0.473,4.346,9.319,World Bank API,2026-09-30 02:09:10
5850,STP,Sao Tome and Principe,1998,60.785,58.728,62.921,56.8,92.7,292.739,218.611,22.9,0.479,4.28,9.319,World Bank API,2026-09-30 02:09:10
5851,STP,Sao Tome and Principe,1999,60.976,58.938,63.087,53.9,87.6,296.701,222.435,22.6,0.485,4.215,9.319,World Bank API,2026-09-30 02:09:10
5852,STP,Sao Tome and Principe,2000,61.207,59.184,63.295,50.7,82.2,300.135,225.89,22.2,0.491,4.15,9.319,World Bank API,2026-09-30 02:09:10
5853,STP,Sao Tome and Principe,2001,61.5,59.493,63.562,47.4,76.7,302.502,228.412,21.7,0.496,4.085,9.64,World Bank API,2026-09-30 02:09:10
5854,STP,Sao Tome and Principe,2002,61.826,59.822,63.879,44.1,71.1,304.434,229.944,21.1,0.502,4.019,9.499,World Bank API,2026-09-30 02:09:10
5855,STP,Sao Tome and Principe,2003,62.158,60.156,64.21,40.9,65.7,306.155,230.986,20.5,0.508,3.954,11.465,World Bank API,2026-09-30 02:09:10
5856,STP,Sao Tome and Principe,2004,62.56,60.527,64.649,37.8,60.5,307.057,230.12,19.9,0.514,3.889,10.721,World Bank API,2026-09-30 02:09:10
5857,STP,Sao Tome and Principe,2005,62.434,60.365,64.571,34.9,55.7,316.447,235.931,19.3,0.496,3.824,10.352,World Bank API,2026-09-30 02:09:10
5858,STP,Sao Tome and Principe,2006,63.041,60.887,65.281,32.1,51.1,315.518,231.336,18.7,0.478,3.758,7.106,World Bank API,2026-09-30 02:09:10
5859,STP,Sao Tome and Principe,2007,63.336,61.07,65.717,29.6,46.9,320.312,230.481,18.1,0.46,3.693,7.006,World Bank API,2026-09-30 02:09:10
5860,STP,Sao Tome and Principe,2008,63.448,61.107,65.932,27.3,43.1,327.058,232.468,17.4,0.442,3.628,5.97,World Bank API,2026-09-30 02:09:10
5861,STP,Sao Tome and Principe,2009,63.669,61.237,66.278,25.2,39.5,332.014,232.454,16.8,0.424,3.563,5.752,World Bank API,2026-09-30 02:09:10
5862,STP,Sao Tome and Principe,2010,63.867,61.4,66.534,23.2,36.2,335.441,233.238,16.1,0.405,3.497,5.808,World Bank API,2026-09-30 02:09:10
5863,STP,Sao Tome and Principe,2011,64.122,61.58,66.898,21.3,33.2,337.736,231.704,15.0,0.387,3.432,5.652,World Bank API,2026-09-30 02:09:10
5864,STP,Sao Tome and Principe,2012,64.505,61.877,67.406,19.6,30.4,336.731,227.141,13.9,0.369,3.367,7.073,World Bank API,2026-09-30 02:09:10
5865,STP,Sao Tome and Principe,2013,64.93,62.205,67.976,18.1,27.9,334.275,220.972,12.9,0.351,3.302,8.941,World Bank API,2026-09-30 02:09:10
5866,STP,Sao Tome and Principe,2014,65.478,62.676,68.638,16.6,25.5,328.34,212.862,11.9,0.333,3.236,7.915,World Bank API,2026-09-30 02:09:10
5867,STP,Sao Tome and Principe,2015,66.023,63.133,69.312,15.2,23.3,322.192,204.163,11.0,0.315,3.171,6.532,World Bank API,2026-09-30 02:09:10
5868,STP,Sao Tome and Principe,2016,66.563,63.58,69.986,14.0,21.3,315.88,195.235,10.1,0.359,3.106,7.602,World Bank API,2026-09-30 02:09:10
5869,STP,Sao Tome and Principe,2017,67.074,63.998,70.628,12.9,19.6,309.881,186.701,9.3,0.403,3.041,7.466,World Bank API,2026-09-30 02:09:10
5870,STP,Sao Tome and Principe,2018,67.602,64.398,71.335,12.0,18.2,304.006,177.305,8.6,0.448,2.975,5.92,World Bank API,2026-09-30 02:09:10
5871,STP,Sao Tome and Principe,2019,68.043,64.778,71.865,11.3,17.1,298.248,170.297,8.1,0.492,2.91,5.481,World Bank API,2026-09-30 02:09:10
5872,STP,Sao Tome and Principe,2020,67.979,64.591,72.049,10.8,16.1,300.102,167.386,7.6,0.483,2.91,7.32,World Bank API,2026-09-30 02:09:10
5873,STP,Sao Tome and Principe,2021,68.026,64.662,71.978,10.3,15.3,306.345,172.55,7.3,0.473,2.91,7.859,World Bank API,2026-09-30 02:09:10
5874,STP,Sao Tome and Principe,2022,69.237,65.751,73.289,9.9,14.7,283.286,151.953,7.0,0.464,2.91,5.774,World Bank API,2026-09-30 02:09:10
5875,SUR,Suriname,1990,62.088,59.235,65.225,37.3,44.8,370.537,246.656,20.5,0.75,5.7,5.871,World Bank API,2026-09-30 02:09:10
5876,SUR,Suriname,1991,62.151,59.255,65.326,36.3,43.3,373.259,245.406,20.1,0.754,5.18,5.871,World Bank API,2026-09-30 02:09:10
5877,SUR,Suriname,1992,62.246,59.309,65.452,35.3,41.8,375.408,243.907,19.7,0.758,4.66,5.871,World Bank API,2026-09-30 02:09:10
5878,SUR,Suriname,1993,62.382,59.403,65.621,34.2,40.3,376.607,241.774,19.2,0.762,4.14,5.871,World Bank API,2026-09-30 02:09:10
5879,SUR,Suriname,1994,62.542,59.518,65.814,33.2,38.8,377.283,239.067,18.9,0.756,3.62,5.871,World Bank API,2026-09-30 02:09:10
5880,SUR,Suriname,1995,62.779,59.739,66.044,32.1,37.4,374.862,237.327,18.6,0.75,3.1,5.871,World Bank API,2026-09-30 02:09:10
5881,SUR,Suriname,1996,63.079,60.05,66.338,31.1,36.0,370.027,234.345,18.2,0.252,3.74,5.871,World Bank API,2026-09-30 02:09:10
5882,SUR,Suriname,1997,63.385,60.366,66.648,30.1,34.6,364.382,230.688,17.8,0.289,3.685,5.871,World Bank API,2026-09-30 02:09:10
5883,SUR,Suriname,1998,63.706,60.709,66.961,29.2,33.4,357.951,226.829,17.4,0.326,3.63,5.871,World Bank API,2026-09-30 02:09:10
5884,SUR,Suriname,1999,64.035,61.081,67.262,28.2,32.2,350.611,223.019,17.1,0.364,3.575,5.871,World Bank API,2026-09-30 02:09:10
5885,SUR,Suriname,2000,64.409,61.49,67.62,27.3,31.0,342.542,217.888,16.9,0.401,3.52,5.871,World Bank API,2026-09-30 02:09:10
5886,SUR,Suriname,2001,64.82,61.931,68.025,26.5,30.0,333.983,211.816,16.9,0.495,3.465,3.825,World Bank API,2026-09-30 02:09:10
5887,SUR,Suriname,2002,65.274,62.416,68.469,25.8,29.0,324.987,205.184,16.9,0.59,3.41,5.33,World Bank API,2026-09-30 02:09:10
5888,SUR,Suriname,2003,65.778,62.936,68.983,25.0,28.1,315.561,197.402,17.0,0.684,3.355,4.889,World Bank API,2026-09-30 02:09:10
5889,SUR,Suriname,2004,66.362,63.523,69.591,24.4,27.2,305.059,188.75,17.0,0.778,3.3,5.461,World Bank API,2026-09-30 02:09:10
5890,SUR,Suriname,2005,66.997,64.13,70.235,23.8,26.5,294.314,180.103,16.8,0.758,3.245,5.244,World Bank API,2026-09-30 02:09:10
5891,SUR,Suriname,2006,67.643,64.736,70.9,23.2,25.7,283.594,171.522,16.6,0.738,3.19,5.856,World Bank API,2026-09-30 02:09:10
5892,SUR,Suriname,2007,68.307,65.347,71.6,22.6,25.1,273.383,163.163,16.2,0.719,3.135,5.221,World Bank API,2026-09-30 02:09:10
5893,SUR,Suriname,2008,68.873,65.857,72.213,22.1,24.4,264.912,156.495,15.8,0.699,3.08,4.747,World Bank API,2026-09-30 02:09:10
5894,SUR,Suriname,2009,69.323,66.241,72.727,21.6,23.8,258.769,151.146,15.3,0.679,3.025,4.978,World Bank API,2026-09-30 02:09:10
5895,SUR,Suriname,2010,69.626,66.49,73.085,21.2,23.2,254.822,147.67,14.9,0.734,2.97,4.698,World Bank API,2026-09-30 02:09:10
5896,SUR,Suriname,2011,69.82,66.649,73.312,20.7,22.7,252.159,146.008,14.4,0.788,3.03,4.409,World Bank API,2026-09-30 02:09:10
5897,SUR,Suriname,2012,69.957,66.781,73.443,20.3,22.2,249.771,145.781,14.0,0.842,2.99,4.284,World Bank API,2026-09-30 02:09:10
5898,SUR,Suriname,2013,70.11,66.945,73.571,19.9,21.6,246.861,145.642,13.6,0.897,2.96,4.487,World Bank API,2026-09-30 02:09:10
5899,SUR,Suriname,2014,70.33,67.184,73.753,19.5,21.1,242.917,145.219,13.3,0.952,2.93,4.521,World Bank API,2026-09-30 02:09:10
5900,SUR,Suriname,2015,70.567,67.451,73.939,19.0,20.6,238.334,145.008,12.9,1.006,2.9,5.808,World Bank API,2026-09-30 02:09:10
5901,SUR,Suriname,2016,70.979,67.862,74.324,18.6,20.1,232.367,142.63,12.5,1.087,2.8,5.993,World Bank API,2026-09-30 02:09:10
5902,SUR,Suriname,2017,71.247,68.16,74.53,18.0,19.5,227.192,142.394,12.1,1.139,2.83,5.323,World Bank API,2026-09-30 02:09:10
5903,SUR,Suriname,2018,71.468,68.333,74.798,17.6,18.9,224.971,141.368,11.8,0.787,2.85,6.606,World Bank API,2026-09-30 02:09:10
5904,SUR,Suriname,2019,71.773,68.638,75.08,17.1,18.4,220.435,140.196,11.4,1.013,2.69,8.384,World Bank API,2026-09-30 02:09:10
5905,SUR,Suriname,2020,72.321,68.639,76.22,16.6,17.9,224.545,131.732,11.0,1.24,2.87,6.034,World Bank API,2026-09-30 02:09:10
5906,SUR,Suriname,2021,68.943,66.041,72.14,16.2,17.4,249.879,177.63,10.7,1.466,2.82,5.017,World Bank API,2026-09-30 02:09:10
5907,SUR,Suriname,2022,73.254,70.063,76.5,15.6,16.8,201.015,124.045,10.3,1.466,2.87,5.933,World Bank API,2026-09-30 02:09:10
5908,SVK,Slovak Republic,1990,70.933,66.64,75.44,12.6,14.7,270.598,103.701,8.7,3.319,7.448,5.307,World Bank API,2026-09-30 02:09:10
5909,SVK,Slovak Republic,1991,70.883,66.8,75.17,12.2,14.2,260.513,102.873,8.4,3.319,7.578,5.307,World Bank API,2026-09-30 02:09:10
5910,SVK,Slovak Republic,1992,71.795,67.6,76.2,11.7,13.7,256.789,96.559,8.2,3.319,7.561,5.307,World Bank API,2026-09-30 02:09:10
5911,SVK,Slovak Republic,1993,72.449,68.4,76.7,11.1,13.1,243.268,94.854,7.9,3.319,7.874,5.307,World Bank API,2026-09-30 02:09:10
5912,SVK,Slovak Republic,1994,72.3,68.3,76.5,10.6,12.5,231.282,89.293,7.5,3.319,7.099,5.307,World Bank API,2026-09-30 02:09:10
5913,SVK,Slovak Republic,1995,72.254,68.4,76.3,10.1,12.0,229.482,89.154,7.1,3.319,7.7,5.307,World Bank API,2026-09-30 02:09:10
5914,SVK,Slovak Republic,1996,72.654,68.8,76.7,9.7,11.5,220.244,84.457,6.6,3.319,8.3,5.307,World Bank API,2026-09-30 02:09:10
5915,SVK,Slovak Republic,1997,72.705,68.9,76.7,9.2,10.9,225.281,90.665,6.0,3.319,8.1,5.307,World Bank API,2026-09-30 02:09:10
5916,SVK,Slovak Republic,1998,72.551,68.6,76.7,8.8,10.5,230.099,86.746,5.5,3.319,8.0,5.307,World Bank API,2026-09-30 02:09:10
5917,SVK,Slovak Republic,1999,72.902,69.0,77.0,8.4,10.0,223.433,85.718,5.2,3.319,8.0,5.307,World Bank API,2026-09-30 02:09:10
5918,SVK,Slovak Republic,2000,73.051,69.1,77.2,8.0,9.6,216.472,79.515,5.0,3.238,7.87,5.307,World Bank API,2026-09-30 02:09:10
5919,SVK,Slovak Republic,2001,73.402,69.5,77.5,7.8,9.3,210.583,82.025,4.8,3.223,7.67,5.341,World Bank API,2026-09-30 02:09:10
5920,SVK,Slovak Republic,2002,73.605,69.8,77.6,7.5,9.1,211.87,78.776,4.6,3.201,7.57,5.518,World Bank API,2026-09-30 02:09:10
5921,SVK,Slovak Republic,2003,73.605,69.8,77.6,7.3,8.8,209.07,78.895,4.3,3.148,7.24,5.484,World Bank API,2026-09-30 02:09:10
5922,SVK,Slovak Republic,2004,73.959,70.3,77.8,7.1,8.6,197.32,78.795,4.1,3.151,6.91,6.397,World Bank API,2026-09-30 02:09:10
5923,SVK,Slovak Republic,2005,73.905,70.1,77.9,6.9,8.3,201.329,77.449,3.9,3.035,6.78,6.616,World Bank API,2026-09-30 02:09:10
5924,SVK,Slovak Republic,2006,74.205,70.4,78.2,6.6,8.0,195.964,76.004,3.7,3.169,6.73,6.852,World Bank API,2026-09-30 02:09:10
5925,SVK,Slovak Republic,2007,74.207,70.5,78.1,6.3,7.7,196.458,78.342,3.5,3.388,6.78,7.175,World Bank API,2026-09-30 02:09:10
5926,SVK,Slovak Republic,2008,74.705,70.9,78.7,6.1,7.4,195.142,72.807,3.4,3.369,6.59,6.96,World Bank API,2026-09-30 02:09:10
5927,SVK,Slovak Republic,2009,74.91,71.3,78.7,5.9,7.1,184.04,74.204,3.3,3.305,6.55,7.953,World Bank API,2026-09-30 02:09:10
5928,SVK,Slovak Republic,2010,75.112,71.6,78.8,5.7,6.9,174.388,68.299,3.3,3.359,6.46,7.671,World Bank API,2026-09-30 02:09:10
5929,SVK,Slovak Republic,2011,75.959,72.3,79.8,5.5,6.7,169.798,69.13,3.3,3.307,6.05,7.315,World Bank API,2026-09-30 02:09:10
5930,SVK,Slovak Republic,2012,76.11,72.5,79.9,5.4,6.6,163.369,66.368,3.2,3.366,5.91,7.528,World Bank API,2026-09-30 02:09:10
5931,SVK,Slovak Republic,2013,76.412,72.9,80.1,5.3,6.4,155.397,65.422,3.2,3.393,5.81,7.48,World Bank API,2026-09-30 02:09:10
5932,SVK,Slovak Republic,2014,76.812,73.3,80.5,5.2,6.3,153.541,62.761,3.1,3.43,5.79,6.865,World Bank API,2026-09-30 02:09:10
5933,SVK,Slovak Republic,2015,76.563,73.1,80.2,5.2,6.2,155.245,64.35,3.1,3.454,5.75,6.741,World Bank API,2026-09-30 02:09:10
5934,SVK,Slovak Republic,2016,77.166,73.8,80.7,5.1,6.1,143.67,62.442,3.0,3.476,5.79,7.061,World Bank API,2026-09-30 02:09:10
5935,SVK,Slovak Republic,2017,77.166,73.8,80.7,5.0,6.0,144.036,63.806,3.0,3.423,5.82,6.734,World Bank API,2026-09-30 02:09:10
5936,SVK,Slovak Republic,2018,77.266,73.9,80.8,5.0,5.9,147.131,62.787,3.0,3.523,5.7,6.637,World Bank API,2026-09-30 02:09:10
5937,SVK,Slovak Republic,2019,77.666,74.3,81.2,5.0,5.9,139.729,61.401,3.0,3.569,5.76,6.911,World Bank API,2026-09-30 02:09:10
5938,SVK,Slovak Republic,2020,76.866,73.5,80.4,5.0,5.9,142.278,63.119,3.0,3.671,5.69,7.06,World Bank API,2026-09-30 02:09:10
5939,SVK,Slovak Republic,2021,74.615,71.2,78.2,5.0,6.0,174.566,78.524,3.0,3.683,5.68,7.629,World Bank API,2026-09-30 02:09:10
5940,SVK,Slovak Republic,2022,76.966,73.6,80.5,5.1,6.1,145.509,61.826,3.1,3.697,5.65,7.702,World Bank API,2026-09-30 02:09:10
5941,SVN,Slovenia,1990,73.205,69.4,77.2,8.8,10.4,206.041,81.105,5.8,2.057,6.041,7.855,World Bank API,2026-09-30 02:09:10
5942,SVN,Slovenia,1991,73.354,69.5,77.4,8.2,9.7,207.895,88.064,5.4,2.078,6.011,7.855,World Bank API,2026-09-30 02:09:10
5943,SVN,Slovenia,1992,73.305,69.5,77.3,7.6,9.0,203.582,85.952,5.0,2.089,5.937,7.855,World Bank API,2026-09-30 02:09:10
5944,SVN,Slovenia,1993,73.254,69.4,77.3,7.1,8.4,213.897,86.739,4.6,2.029,5.801,7.855,World Bank API,2026-09-30 02:09:10
5945,SVN,Slovenia,1994,73.405,69.6,77.4,6.6,7.9,201.126,85.924,4.3,2.191,5.777,7.855,World Bank API,2026-09-30 02:09:10
5946,SVN,Slovenia,1995,73.959,70.3,77.8,6.2,7.3,186.767,80.722,4.0,2.121,5.75,7.855,World Bank API,2026-09-30 02:09:10
5947,SVN,Slovenia,1996,74.459,70.8,78.3,5.8,6.9,180.221,82.355,3.8,2.14,5.66,7.855,World Bank API,2026-09-30 02:09:10
5948,SVN,Slovenia,1997,74.707,71.0,78.6,5.4,6.5,183.499,75.367,3.6,2.235,5.67,7.855,World Bank API,2026-09-30 02:09:10
5949,SVN,Slovenia,1998,74.807,71.1,78.7,5.1,6.1,179.693,76.527,3.5,2.189,5.62,7.855,World Bank API,2026-09-30 02:09:10
5950,SVN,Slovenia,1999,75.01,71.4,78.8,4.8,5.8,171.916,78.659,3.3,2.128,5.55,7.855,World Bank API,2026-09-30 02:09:10
5951,SVN,Slovenia,2000,75.412,71.9,79.1,4.5,5.4,168.105,73.562,3.2,2.154,5.41,7.855,World Bank API,2026-09-30 02:09:10
5952,SVN,Slovenia,2001,75.759,72.1,79.6,4.3,5.2,170.244,73.503,3.1,2.174,5.17,7.955,World Bank API,2026-09-30 02:09:10
5953,SVN,Slovenia,2002,76.007,72.3,79.9,4.1,4.9,161.651,68.804,2.9,2.229,5.09,8.116,World Bank API,2026-09-30 02:09:10
5954,SVN,Slovenia,2003,76.859,73.2,80.7,3.9,4.7,166.365,68.869,2.8,2.251,4.97,8.174,World Bank API,2026-09-30 02:09:10
5955,SVN,Slovenia,2004,77.207,73.5,81.1,3.7,4.4,152.943,70.931,2.6,2.302,4.81,8.0,World Bank API,2026-09-30 02:09:10
5956,SVN,Slovenia,2005,77.612,74.1,81.3,3.5,4.2,140.076,63.55,2.4,2.35,4.84,8.053,World Bank API,2026-09-30 02:09:10
5957,SVN,Slovenia,2006,78.087,74.55,81.8,3.3,4.0,148.874,56.615,2.3,2.366,4.78,7.867,World Bank API,2026-09-30 02:09:10
5958,SVN,Slovenia,2007,78.561,75.0,82.3,3.1,3.8,139.605,58.43,2.2,2.39,4.67,7.541,World Bank API,2026-09-30 02:09:10
5959,SVN,Slovenia,2008,78.766,75.4,82.3,2.9,3.6,133.547,54.831,2.0,2.397,4.73,7.893,World Bank API,2026-09-30 02:09:10
5960,SVN,Slovenia,2009,78.971,75.8,82.3,2.8,3.4,124.194,53.545,1.9,2.415,4.61,8.642,World Bank API,2026-09-30 02:09:10
5961,SVN,Slovenia,2010,79.422,76.3,82.7,2.6,3.2,120.569,51.815,1.8,2.435,4.58,8.639,World Bank API,2026-09-30 02:09:10
5962,SVN,Slovenia,2011,79.971,76.8,83.3,2.5,3.1,111.445,51.367,1.8,2.5,4.63,8.601,World Bank API,2026-09-30 02:09:10
5963,SVN,Slovenia,2012,80.124,77.1,83.3,2.4,2.9,110.594,50.943,1.7,2.546,4.55,8.793,World Bank API,2026-09-30 02:09:10
5964,SVN,Slovenia,2013,80.322,77.2,83.6,2.3,2.8,106.14,48.585,1.6,2.634,4.56,8.84,World Bank API,2026-09-30 02:09:10
5965,SVN,Slovenia,2014,81.078,78.2,84.1,2.2,2.7,94.604,43.961,1.6,2.775,4.55,8.585,World Bank API,2026-09-30 02:09:10
5966,SVN,Slovenia,2015,80.776,77.8,83.9,2.1,2.6,101.185,45.527,1.5,2.83,4.52,8.577,World Bank API,2026-09-30 02:09:10
5967,SVN,Slovenia,2016,81.176,78.2,84.3,2.1,2.5,97.882,43.387,1.5,3.019,4.5,8.569,World Bank API,2026-09-30 02:09:10
5968,SVN,Slovenia,2017,81.029,78.2,84.0,2.0,2.5,90.934,45.488,1.4,3.107,4.51,8.259,World Bank API,2026-09-30 02:09:10
5969,SVN,Slovenia,2018,81.378,78.5,84.4,2.0,2.4,87.09,42.722,1.4,3.185,4.44,8.352,World Bank API,2026-09-30 02:09:10
5970,SVN,Slovenia,2019,81.529,78.7,84.5,2.0,2.4,87.422,38.484,1.4,3.27,4.44,8.566,World Bank API,2026-09-30 02:09:10
5971,SVN,Slovenia,2020,80.532,77.8,83.4,1.9,2.4,87.422,38.484,1.4,3.303,4.28,9.49,World Bank API,2026-09-30 02:09:10
5972,SVN,Slovenia,2021,80.676,77.7,83.8,1.9,2.3,87.422,38.484,1.3,3.335,4.24,9.527,World Bank API,2026-09-30 02:09:10
5973,SVN,Slovenia,2022,81.283,78.6,84.1,1.9,2.3,87.422,38.484,1.3,3.367,4.11,9.627,World Bank API,2026-09-30 02:09:10
5974,SWE,Sweden,1990,77.537,74.81,80.4,5.9,7.0,114.392,65.697,3.5,3.249,12.4,7.325,World Bank API,2026-09-30 02:09:10
5975,SWE,Sweden,1991,77.667,74.94,80.53,5.6,6.6,115.134,64.663,3.4,3.361,11.9,7.325,World Bank API,2026-09-30 02:09:10
5976,SWE,Sweden,1992,77.999,75.35,80.78,5.2,6.2,107.173,62.516,3.2,3.468,7.6,7.325,World Bank API,2026-09-30 02:09:10
5977,SWE,Sweden,1993,78.06,75.48,80.77,4.8,5.7,106.084,61.304,3.1,3.566,7.0,7.325,World Bank API,2026-09-30 02:09:10
5978,SWE,Sweden,1994,78.65,76.06,81.37,4.4,5.2,102.547,61.572,2.9,3.656,6.5,7.325,World Bank API,2026-09-30 02:09:10
5979,SWE,Sweden,1995,78.74,76.16,81.45,4.0,4.8,99.434,58.881,2.7,2.817,4.9,7.325,World Bank API,2026-09-30 02:09:10
5980,SWE,Sweden,1996,78.959,76.52,81.52,3.8,4.6,94.483,58.808,2.6,2.838,4.4,7.325,World Bank API,2026-09-30 02:09:10
5981,SWE,Sweden,1997,79.198,76.7,81.82,3.6,4.4,93.164,56.204,2.4,2.854,5.2,7.325,World Bank API,2026-09-30 02:09:10
5982,SWE,Sweden,1998,79.339,76.9,81.9,3.5,4.2,90.303,55.904,2.4,2.919,3.8,7.325,World Bank API,2026-09-30 02:09:10
5983,SWE,Sweden,1999,79.441,77.1,81.9,3.4,4.2,89.98,55.175,2.3,2.966,3.7,7.325,World Bank API,2026-09-30 02:09:10
5984,SWE,Sweden,2000,79.644,77.4,82.0,3.4,4.1,87.232,56.208,2.3,3.026,3.58,7.325,World Bank API,2026-09-30 02:09:10
5985,SWE,Sweden,2001,79.795,77.6,82.1,3.3,4.0,87.822,54.738,2.3,3.121,3.27,7.892,World Bank API,2026-09-30 02:09:10
5986,SWE,Sweden,2002,79.846,77.7,82.1,3.3,4.0,84.604,53.316,2.2,3.212,3.13,8.186,World Bank API,2026-09-30 02:09:10
5987,SWE,Sweden,2003,80.095,77.9,82.4,3.2,3.9,82.312,52.088,2.1,3.283,3.05,8.317,World Bank API,2026-09-30 02:09:10
5988,SWE,Sweden,2004,80.498,78.4,82.7,3.1,3.7,81.84,50.547,2.0,3.373,3.01,8.143,World Bank API,2026-09-30 02:09:10
5989,SWE,Sweden,2005,80.546,78.4,82.8,3.0,3.6,79.604,51.076,1.9,3.454,2.93,8.16,World Bank API,2026-09-30 02:09:10
5990,SWE,Sweden,2006,80.749,78.7,82.9,2.8,3.5,77.773,49.434,1.8,3.543,2.89,8.042,World Bank API,2026-09-30 02:09:10
5991,SWE,Sweden,2007,80.9,78.9,83.0,2.7,3.3,77.631,47.552,1.8,3.625,2.86,7.988,World Bank API,2026-09-30 02:09:10
5992,SWE,Sweden,2008,81.1,79.1,83.2,2.6,3.2,75.892,47.389,1.7,3.681,2.81,8.226,World Bank API,2026-09-30 02:09:10
5993,SWE,Sweden,2009,81.351,79.4,83.4,2.6,3.1,74.488,46.728,1.6,3.749,2.76,8.777,World Bank API,2026-09-30 02:09:10
5994,SWE,Sweden,2010,81.451,79.5,83.5,2.5,3.1,71.863,43.121,1.6,3.808,2.73,8.324,World Bank API,2026-09-30 02:09:10
5995,SWE,Sweden,2011,81.802,79.9,83.8,2.5,3.0,70.821,43.573,1.6,3.888,2.7,10.502,World Bank API,2026-09-30 02:09:10
5996,SWE,Sweden,2012,81.705,79.9,83.6,2.4,3.0,68.068,43.703,1.6,3.967,2.66,10.834,World Bank API,2026-09-30 02:09:10
5997,SWE,Sweden,2013,81.956,80.2,83.8,2.4,2.9,67.302,43.703,1.6,4.043,2.59,10.987,World Bank API,2026-09-30 02:09:10
5998,SWE,Sweden,2014,82.254,80.4,84.2,2.4,2.9,66.376,42.586,1.6,4.109,2.54,11.072,World Bank API,2026-09-30 02:09:10
5999,SWE,Sweden,2015,82.205,80.4,84.1,2.3,2.9,66.933,39.95,1.6,4.174,2.44,10.931,World Bank API,2026-09-30 02:09:10
6000,SWE,Sweden,2016,82.307,80.6,84.1,2.3,2.8,63.956,39.668,1.5,4.233,2.34,10.957,World Bank API,2026-09-30 02:09:10
6001,SWE,Sweden,2017,82.41,80.8,84.1,2.3,2.8,63.288,39.084,1.5,4.269,2.21,10.947,World Bank API,2026-09-30 02:09:10
6002,SWE,Sweden,2018,82.559,80.9,84.3,2.2,2.7,62.062,38.431,1.5,4.322,2.13,11.091,World Bank API,2026-09-30 02:09:10
6003,SWE,Sweden,2019,83.11,81.5,84.8,2.2,2.6,58.136,37.733,1.5,4.288,2.07,10.934,World Bank API,2026-09-30 02:09:10
6004,SWE,Sweden,2020,82.356,80.6,84.2,2.1,2.6,60.859,36.66,1.5,4.322,2.05,11.425,World Bank API,2026-09-30 02:09:10
6005,SWE,Sweden,2021,83.056,81.3,84.9,2.1,2.5,59.257,36.638,1.4,4.408,2.0,11.23,World Bank API,2026-09-30 02:09:10
6006,SWE,Sweden,2022,83.059,81.4,84.8,2.0,2.5,56.846,35.781,1.4,4.408,1.9,10.855,World Bank API,2026-09-30 02:09:10
6007,SWZ,Eswatini,1990,61.167,58.787,63.421,56.7,66.3,345.735,256.973,21.0,0.108,2.02,4.61,World Bank API,2026-09-30 02:09:10
6008,SWZ,Eswatini,1991,60.392,58.051,62.623,56.0,65.5,366.918,278.474,20.9,0.115,2.02,4.61,World Bank API,2026-09-30 02:09:10
6009,SWZ,Eswatini,1992,59.284,57.04,61.431,56.4,66.7,391.895,306.486,20.9,0.122,2.02,4.61,World Bank API,2026-09-30 02:09:10
6010,SWZ,Eswatini,1993,58.092,55.99,60.11,57.8,70.0,416.626,337.248,21.0,0.13,2.02,4.61,World Bank API,2026-09-30 02:09:10
6011,SWZ,Eswatini,1994,56.643,54.711,58.499,60.0,75.3,444.238,372.106,21.1,0.137,2.02,4.61,World Bank API,2026-09-30 02:09:10
6012,SWZ,Eswatini,1995,55.08,53.336,56.739,62.1,81.3,472.346,408.929,21.3,0.144,2.02,4.61,World Bank API,2026-09-30 02:09:10
6013,SWZ,Eswatini,1996,53.296,51.755,54.761,65.2,88.4,503.414,448.273,21.6,0.151,2.02,4.61,World Bank API,2026-09-30 02:09:10
6014,SWZ,Eswatini,1997,51.699,50.221,53.104,67.5,95.4,537.488,483.483,22.2,0.155,2.02,4.61,World Bank API,2026-09-30 02:09:10
6015,SWZ,Eswatini,1998,50.066,48.651,51.407,69.1,101.9,571.424,518.612,22.9,0.159,2.02,4.61,World Bank API,2026-09-30 02:09:10
6016,SWZ,Eswatini,1999,48.808,47.406,50.133,70.7,107.6,597.56,542.271,23.9,0.162,2.02,4.61,World Bank API,2026-09-30 02:09:10
6017,SWZ,Eswatini,2000,47.627,46.329,48.852,71.7,112.5,619.415,568.415,24.9,0.166,2.02,4.61,World Bank API,2026-09-30 02:09:10
6018,SWZ,Eswatini,2001,46.344,45.019,47.597,72.6,115.7,649.891,594.416,25.9,0.17,2.02,5.139,World Bank API,2026-09-30 02:09:10
6019,SWZ,Eswatini,2002,45.38,43.785,46.915,73.1,117.0,683.419,611.833,26.6,0.16,2.02,5.523,World Bank API,2026-09-30 02:09:10
6020,SWZ,Eswatini,2003,44.632,43.218,45.984,73.7,117.9,698.442,634.848,26.9,0.15,2.02,6.379,World Bank API,2026-09-30 02:09:10
6021,SWZ,Eswatini,2004,43.906,42.781,44.972,73.2,118.0,712.389,664.135,27.1,0.159,2.02,6.814,World Bank API,2026-09-30 02:09:10
6022,SWZ,Eswatini,2005,43.958,42.765,45.096,72.2,117.0,717.34,664.082,27.2,0.159,2.02,7.376,World Bank API,2026-09-30 02:09:10
6023,SWZ,Eswatini,2006,44.563,43.009,46.08,63.0,106.4,717.814,644.564,27.4,0.158,2.02,7.826,World Bank API,2026-09-30 02:09:10
6024,SWZ,Eswatini,2007,45.16,43.601,46.681,63.7,100.3,710.444,637.291,27.5,0.158,2.02,7.93,World Bank API,2026-09-30 02:09:10
6025,SWZ,Eswatini,2008,45.853,44.68,46.971,66.1,97.9,692.475,641.115,27.6,0.157,2.02,8.858,World Bank API,2026-09-30 02:09:10
6026,SWZ,Eswatini,2009,46.913,45.757,48.006,63.8,92.4,675.968,624.318,27.6,0.157,2.02,8.633,World Bank API,2026-09-30 02:09:10
6027,SWZ,Eswatini,2010,48.331,46.9,49.697,60.4,82.1,658.396,593.457,27.3,0.128,2.02,8.591,World Bank API,2026-09-30 02:09:10
6028,SWZ,Eswatini,2011,49.057,47.607,50.439,55.3,67.6,652.666,587.757,26.9,0.098,2.02,8.47,World Bank API,2026-09-30 02:09:10
6029,SWZ,Eswatini,2012,50.714,48.843,52.527,56.0,62.7,630.408,543.183,26.6,0.097,2.02,7.82,World Bank API,2026-09-30 02:09:10
6030,SWZ,Eswatini,2013,52.11,50.058,54.106,55.4,59.7,606.3,511.988,26.4,0.096,2.02,7.457,World Bank API,2026-09-30 02:09:10
6031,SWZ,Eswatini,2014,53.491,51.317,55.606,56.5,60.0,578.37,479.261,26.5,0.095,2.02,7.256,World Bank API,2026-09-30 02:09:10
6032,SWZ,Eswatini,2015,54.941,52.622,57.201,54.1,57.5,548.842,444.55,26.6,0.094,2.02,7.059,World Bank API,2026-09-30 02:09:10
6033,SWZ,Eswatini,2016,56.228,53.709,58.704,51.3,54.4,523.406,411.533,26.8,0.093,2.02,6.82,World Bank API,2026-09-30 02:09:10
6034,SWZ,Eswatini,2017,57.574,54.916,60.197,51.1,53.6,494.778,377.452,26.9,0.18,2.02,6.981,World Bank API,2026-09-30 02:09:10
6035,SWZ,Eswatini,2018,58.707,55.984,61.391,47.7,50.4,469.455,350.78,27.1,0.238,2.02,7.319,World Bank API,2026-09-30 02:09:10
6036,SWZ,Eswatini,2019,59.85,57.106,62.541,47.6,51.5,443.353,325.605,27.0,0.188,2.02,8.4,World Bank API,2026-09-30 02:09:10
6037,SWZ,Eswatini,2020,59.862,56.924,62.79,47.3,50.5,445.899,317.235,26.8,0.138,2.02,7.098,World Bank API,2026-09-30 02:09:10
6038,SWZ,Eswatini,2021,58.228,55.151,61.392,46.2,47.9,501.395,350.912,26.4,0.35,2.02,7.406,World Bank API,2026-09-30 02:09:10
6039,SWZ,Eswatini,2022,63.028,60.112,65.859,45.9,47.3,374.432,254.781,26.0,0.561,2.02,7.245,World Bank API,2026-09-30 02:09:10
6040,SXM,Sint Maarten (Dutch part),1990,72.414,70.363,74.494,37.7,45.1,151.232,103.549,21.0,0.811,2.76,4.865,World Bank API,2026-09-30 02:09:10
6041,SXM,Sint Maarten (Dutch part),1991,72.384,70.288,74.538,36.4,43.3,152.175,103.101,20.1,0.863,2.76,4.865,World Bank API,2026-09-30 02:09:10
6042,SXM,Sint Maarten (Dutch part),1992,72.402,70.271,74.617,34.9,42.5,152.392,102.32,19.7,0.861,2.84,4.865,World Bank API,2026-09-30 02:09:10
6043,SXM,Sint Maarten (Dutch part),1993,72.462,70.301,74.72,33.4,42.6,152.012,101.289,19.2,0.844,2.76,4.865,World Bank API,2026-09-30 02:09:10
6044,SXM,Sint Maarten (Dutch part),1994,72.597,70.427,74.865,32.9,39.6,150.424,99.85,18.9,0.845,2.76,4.865,World Bank API,2026-09-30 02:09:10
6045,SXM,Sint Maarten (Dutch part),1995,72.849,70.692,75.1,31.6,38.4,147.089,97.58,18.6,0.949,2.745,4.865,World Bank API,2026-09-30 02:09:10
6046,SXM,Sint Maarten (Dutch part),1996,73.188,71.039,75.424,30.4,37.2,142.726,94.563,18.0,0.99,2.64,4.865,World Bank API,2026-09-30 02:09:10
6047,SXM,Sint Maarten (Dutch part),1997,73.551,71.402,75.779,29.0,35.3,138.182,91.327,17.3,0.949,2.579,4.865,World Bank API,2026-09-30 02:09:10
6048,SXM,Sint Maarten (Dutch part),1998,73.9,71.746,76.123,28.2,33.4,133.877,88.256,16.7,0.989,2.583,4.865,World Bank API,2026-09-30 02:09:10
6049,SXM,Sint Maarten (Dutch part),1999,74.222,72.06,76.442,27.2,31.8,129.976,85.45,16.3,1.031,2.587,4.865,World Bank API,2026-09-30 02:09:10
6050,SXM,Sint Maarten (Dutch part),2000,74.409,72.247,76.625,26.3,30.5,127.655,83.875,16.0,1.042,2.508,4.865,World Bank API,2026-09-30 02:09:10
6051,SXM,Sint Maarten (Dutch part),2001,74.525,72.326,76.763,25.4,29.1,126.669,82.695,15.2,1.084,2.5,4.959,World Bank API,2026-09-30 02:09:10
6052,SXM,Sint Maarten (Dutch part),2002,74.585,72.321,76.888,23.6,28.1,126.73,81.632,14.5,1.088,2.429,5.33,World Bank API,2026-09-30 02:09:10
6053,SXM,Sint Maarten (Dutch part),2003,74.588,72.25,76.976,22.9,26.9,127.611,80.89,14.1,1.085,2.35,5.209,World Bank API,2026-09-30 02:09:10
6054,SXM,Sint Maarten (Dutch part),2004,74.618,72.191,77.104,21.1,26.1,128.34,79.817,13.7,1.12,2.361,5.336,World Bank API,2026-09-30 02:09:10
6055,SXM,Sint Maarten (Dutch part),2005,74.681,72.122,77.317,19.8,24.0,129.205,78.046,13.2,1.12,2.29,5.294,World Bank API,2026-09-30 02:09:10
6056,SXM,Sint Maarten (Dutch part),2006,74.779,72.106,77.551,19.3,22.8,129.401,76.157,13.0,1.13,2.297,5.405,World Bank API,2026-09-30 02:09:10
6057,SXM,Sint Maarten (Dutch part),2007,74.812,72.048,77.709,18.5,21.8,130.125,74.93,12.5,1.178,2.27,5.317,World Bank API,2026-09-30 02:09:10
6058,SXM,Sint Maarten (Dutch part),2008,74.852,72.022,77.837,17.9,20.9,130.443,73.943,12.1,1.218,2.26,5.444,World Bank API,2026-09-30 02:09:10
6059,SXM,Sint Maarten (Dutch part),2009,74.796,71.924,77.847,17.4,21.2,131.667,73.868,11.7,1.226,2.269,5.749,World Bank API,2026-09-30 02:09:10
6060,SXM,Sint Maarten (Dutch part),2010,74.821,71.933,77.902,16.7,19.3,131.557,73.449,11.4,1.319,2.25,5.49,World Bank API,2026-09-30 02:09:10
6061,SXM,Sint Maarten (Dutch part),2011,74.868,71.975,77.962,16.6,19.3,131.023,72.991,10.9,1.386,2.25,5.749,World Bank API,2026-09-30 02:09:10
6062,SXM,Sint Maarten (Dutch part),2012,75.125,72.232,78.242,16.2,18.9,127.836,70.897,11.0,1.391,2.27,5.776,World Bank API,2026-09-30 02:09:10
6063,SXM,Sint Maarten (Dutch part),2013,75.391,72.492,78.547,16.0,18.9,124.622,68.653,10.9,1.449,2.29,5.737,World Bank API,2026-09-30 02:09:10
6064,SXM,Sint Maarten (Dutch part),2014,75.735,72.856,78.893,15.8,18.5,120.322,66.182,10.8,1.432,2.34,5.838,World Bank API,2026-09-30 02:09:10
6065,SXM,Sint Maarten (Dutch part),2015,75.899,73.076,79.016,15.5,18.2,117.749,65.315,10.6,1.461,2.37,6.065,World Bank API,2026-09-30 02:09:10
6066,SXM,Sint Maarten (Dutch part),2016,75.952,73.183,79.028,15.0,17.8,116.508,65.228,10.2,1.514,2.36,6.172,World Bank API,2026-09-30 02:09:10
6067,SXM,Sint Maarten (Dutch part),2017,75.455,72.899,78.309,14.5,17.3,118.484,71.454,9.9,1.578,2.34,6.136,World Bank API,2026-09-30 02:09:10
6068,SXM,Sint Maarten (Dutch part),2018,75.693,73.116,78.595,14.1,16.4,117.291,68.31,9.8,1.573,2.3,5.932,World Bank API,2026-09-30 02:09:10
6069,SXM,Sint Maarten (Dutch part),2019,75.68,73.132,78.577,14.1,15.9,117.102,68.438,9.6,1.588,2.25,5.745,World Bank API,2026-09-30 02:09:10
6070,SXM,Sint Maarten (Dutch part),2020,75.002,72.082,78.535,13.6,15.6,129.812,68.063,9.3,1.63,2.35,6.646,World Bank API,2026-09-30 02:09:10
6071,SXM,Sint Maarten (Dutch part),2021,74.505,71.914,77.614,13.3,15.3,134.901,79.004,9.3,1.664,2.39,6.64,World Bank API,2026-09-30 02:09:10
6072,SXM,Sint Maarten (Dutch part),2022,76.18,73.572,79.284,13.0,15.1,112.04,63.46,9.0,1.625,2.36,6.573,World Bank API,2026-09-30 02:09:10
6073,SYC,Seychelles,1990,68.107,62.4,74.1,13.2,16.3,282.097,121.05,10.9,1.027,4.81,4.611,World Bank API,2026-09-30 02:09:10
6074,SYC,Seychelles,1991,70.712,65.2,76.5,12.8,15.8,285.501,116.4,10.5,1.027,4.81,4.611,World Bank API,2026-09-30 02:09:10
6075,SYC,Seychelles,1992,71.215,65.8,76.9,12.5,15.3,288.419,113.173,10.1,1.027,4.81,4.611,World Bank API,2026-09-30 02:09:10
6076,SYC,Seychelles,1993,69.468,64.2,75.0,12.3,14.9,290.205,111.682,9.7,1.027,4.81,4.611,World Bank API,2026-09-30 02:09:10
6077,SYC,Seychelles,1994,70.729,65.9,75.8,12.1,14.6,289.467,111.5,9.4,1.126,4.81,4.611,World Bank API,2026-09-30 02:09:10
6078,SYC,Seychelles,1995,72.483,65.8,79.5,12.0,14.3,285.916,111.919,9.2,1.225,4.81,4.611,World Bank API,2026-09-30 02:09:10
6079,SYC,Seychelles,1996,71.561,66.0,77.4,11.9,14.1,280.608,113.065,9.0,1.324,4.81,4.611,World Bank API,2026-09-30 02:09:10
6080,SYC,Seychelles,1997,71.212,65.7,77.0,11.8,14.0,276.142,115.696,8.9,1.33,4.81,4.611,World Bank API,2026-09-30 02:09:10
6081,SYC,Seychelles,1998,71.746,67.6,76.1,11.8,13.9,268.741,116.028,8.8,1.336,4.81,4.611,World Bank API,2026-09-30 02:09:10
6082,SYC,Seychelles,1999,72.668,67.4,78.2,11.8,13.8,263.286,116.865,8.7,1.342,4.81,4.611,World Bank API,2026-09-30 02:09:10
6083,SYC,Seychelles,2000,72.778,67.9,77.9,11.8,13.8,258.168,117.251,8.7,1.348,4.81,4.611,World Bank API,2026-09-30 02:09:10
6084,SYC,Seychelles,2001,73.254,67.4,79.4,11.9,13.8,253.196,116.558,8.7,1.354,4.81,4.548,World Bank API,2026-09-30 02:09:10
6085,SYC,Seychelles,2002,71.088,66.6,75.8,11.9,13.7,248.225,115.284,8.7,1.36,4.81,4.196,World Bank API,2026-09-30 02:09:10
6086,SYC,Seychelles,2003,71.029,66.2,76.1,12.0,13.8,243.205,112.869,8.7,1.366,4.81,4.861,World Bank API,2026-09-30 02:09:10
6087,SYC,Seychelles,2004,72.661,69.1,76.4,12.0,13.8,239.69,112.481,8.7,1.372,4.72,4.666,World Bank API,2026-09-30 02:09:10
6088,SYC,Seychelles,2005,72.132,67.4,77.1,12.1,13.8,234.57,109.35,8.7,1.165,4.58,4.446,World Bank API,2026-09-30 02:09:10
6089,SYC,Seychelles,2006,72.217,68.9,75.7,12.2,13.8,229.985,107.706,8.7,0.83,4.61,4.332,World Bank API,2026-09-30 02:09:10
6090,SYC,Seychelles,2007,73.144,68.9,77.6,12.3,13.9,225.209,106.42,8.7,0.995,4.38,3.793,World Bank API,2026-09-30 02:09:10
6091,SYC,Seychelles,2008,73.163,67.7,78.9,12.4,13.9,220.335,104.455,8.7,0.757,3.68,3.515,World Bank API,2026-09-30 02:09:10
6092,SYC,Seychelles,2009,73.083,68.4,78.0,12.5,14.0,216.949,103.648,8.7,1.1,3.51,3.436,World Bank API,2026-09-30 02:09:10
6093,SYC,Seychelles,2010,73.198,69.1,77.5,12.6,14.1,213.848,103.314,8.7,1.053,3.47,4.401,World Bank API,2026-09-30 02:09:10
6094,SYC,Seychelles,2011,72.724,67.7,78.0,12.7,14.2,211.411,103.326,8.8,1.103,3.25,4.355,World Bank API,2026-09-30 02:09:10
6095,SYC,Seychelles,2012,74.276,69.3,79.5,12.8,14.3,209.93,103.714,8.8,0.935,3.08,5.29,World Bank API,2026-09-30 02:09:10
6096,SYC,Seychelles,2013,73.12,69.9,76.5,12.9,14.4,209.909,104.421,8.8,1.164,2.96,4.191,World Bank API,2026-09-30 02:09:10
6097,SYC,Seychelles,2014,73.229,68.4,78.3,13.1,14.5,210.069,105.119,8.8,1.392,2.89,4.436,World Bank API,2026-09-30 02:09:10
6098,SYC,Seychelles,2015,74.295,70.1,78.7,13.2,14.6,210.671,105.621,8.8,1.62,2.82,4.244,World Bank API,2026-09-30 02:09:10
6099,SYC,Seychelles,2016,74.31,68.7,80.2,13.3,14.7,210.589,106.101,8.9,1.849,2.75,4.713,World Bank API,2026-09-30 02:09:10
6100,SYC,Seychelles,2017,74.3,70.3,78.5,13.4,14.7,209.708,106.975,8.9,1.968,2.69,4.477,World Bank API,2026-09-30 02:09:10
6101,SYC,Seychelles,2018,72.841,68.5,77.4,13.5,14.8,209.847,107.815,8.9,2.087,2.9,4.417,World Bank API,2026-09-30 02:09:10
6102,SYC,Seychelles,2019,74.046,69.9,78.4,13.6,14.8,210.225,108.466,8.9,1.869,2.88,4.253,World Bank API,2026-09-30 02:09:10
6103,SYC,Seychelles,2020,77.237,72.7,82.0,13.6,14.8,209.745,86.32,8.9,2.752,2.8,5.837,World Bank API,2026-09-30 02:09:10
6104,SYC,Seychelles,2021,73.398,71.3,75.6,13.5,14.7,206.855,122.77,8.8,3.634,2.74,5.209,World Bank API,2026-09-30 02:09:10
6105,SYC,Seychelles,2022,74.51,70.9,78.3,13.4,14.5,204.651,122.699,8.7,6.598,2.68,4.399,World Bank API,2026-09-30 02:09:10
6106,SYR,Syrian Arab Republic,1990,69.83,67.752,72.145,31.6,36.9,186.475,123.119,16.7,0.835,1.087,4.572,World Bank API,2026-09-30 02:09:10
6107,SYR,Syrian Arab Republic,1991,70.075,67.897,72.511,30.4,35.3,185.751,119.44,16.1,0.898,1.155,4.572,World Bank API,2026-09-30 02:09:10
6108,SYR,Syrian Arab Republic,1992,70.243,68.008,72.744,29.3,33.8,185.717,117.749,15.6,0.961,1.224,4.572,World Bank API,2026-09-30 02:09:10
6109,SYR,Syrian Arab Republic,1993,70.309,68.07,72.806,28.1,32.2,186.606,118.39,15.0,1.024,1.293,4.572,World Bank API,2026-09-30 02:09:10
6110,SYR,Syrian Arab Republic,1994,70.296,68.113,72.717,26.9,30.7,187.91,121.128,14.6,1.087,1.362,4.572,World Bank API,2026-09-30 02:09:10
6111,SYR,Syrian Arab Republic,1995,70.209,68.11,72.523,25.7,29.2,189.87,125.351,14.1,1.15,1.431,4.572,World Bank API,2026-09-30 02:09:10
6112,SYR,Syrian Arab Republic,1996,70.156,68.141,72.367,24.6,27.8,191.257,129.368,13.7,1.213,1.5,4.572,World Bank API,2026-09-30 02:09:10
6113,SYR,Syrian Arab Republic,1997,70.158,68.229,72.263,23.5,26.5,191.342,132.491,13.3,1.276,1.5,4.572,World Bank API,2026-09-30 02:09:10
6114,SYR,Syrian Arab Republic,1998,70.237,68.379,72.257,22.5,25.2,190.044,133.895,12.9,1.32,1.5,4.572,World Bank API,2026-09-30 02:09:10
6115,SYR,Syrian Arab Republic,1999,70.507,68.709,72.452,21.6,24.1,185.438,131.968,12.6,1.318,1.4,4.572,World Bank API,2026-09-30 02:09:10
6116,SYR,Syrian Arab Republic,2000,70.856,69.105,72.747,20.8,23.1,179.15,128.297,12.2,1.347,1.4,4.572,World Bank API,2026-09-30 02:09:10
6117,SYR,Syrian Arab Republic,2001,71.296,69.558,73.171,20.1,22.2,171.594,122.755,11.9,1.391,1.4,4.715,World Bank API,2026-09-30 02:09:10
6118,SYR,Syrian Arab Republic,2002,71.742,69.973,73.656,19.4,21.4,164.776,116.724,11.6,1.435,1.38,4.964,World Bank API,2026-09-30 02:09:10
6119,SYR,Syrian Arab Republic,2003,72.188,70.364,74.167,18.9,20.8,158.378,110.469,11.3,1.368,1.49,5.135,World Bank API,2026-09-30 02:09:10
6120,SYR,Syrian Arab Republic,2004,72.494,70.605,74.552,18.5,20.2,154.24,106.004,11.0,1.412,1.49,4.498,World Bank API,2026-09-30 02:09:10
6121,SYR,Syrian Arab Republic,2005,72.797,70.906,74.85,18.1,19.8,149.414,102.467,10.8,1.501,1.28,4.127,World Bank API,2026-09-30 02:09:10
6122,SYR,Syrian Arab Republic,2006,73.04,71.14,75.097,17.8,19.4,145.743,99.63,10.6,1.459,1.47,3.796,World Bank API,2026-09-30 02:09:10
6123,SYR,Syrian Arab Republic,2007,73.256,71.321,75.36,17.6,19.1,142.895,96.83,10.3,1.417,1.47,3.739,World Bank API,2026-09-30 02:09:10
6124,SYR,Syrian Arab Republic,2008,73.368,71.437,75.469,17.5,18.9,141.047,95.677,10.2,1.419,1.54,3.414,World Bank API,2026-09-30 02:09:10
6125,SYR,Syrian Arab Republic,2009,73.496,71.55,75.603,17.5,18.8,139.175,94.304,10.1,1.362,1.51,3.574,World Bank API,2026-09-30 02:09:10
6126,SYR,Syrian Arab Republic,2010,73.542,71.614,75.618,17.5,18.8,138.041,94.134,10.0,1.388,1.54,3.353,World Bank API,2026-09-30 02:09:10
6127,SYR,Syrian Arab Republic,2011,72.259,69.863,74.86,18.7,21.6,169.411,101.558,10.1,1.399,1.55,2.662,World Bank API,2026-09-30 02:09:10
6128,SYR,Syrian Arab Republic,2012,66.206,61.626,71.525,23.8,34.2,322.22,136.275,10.3,1.41,1.53,3.221,World Bank API,2026-09-30 02:09:10
6129,SYR,Syrian Arab Republic,2013,65.146,60.25,70.871,25.0,36.9,347.258,143.085,10.4,1.421,1.52,3.775,World Bank API,2026-09-30 02:09:10
6130,SYR,Syrian Arab Republic,2014,65.492,60.579,71.198,24.6,35.5,342.786,140.022,10.4,1.432,1.5,4.232,World Bank API,2026-09-30 02:09:10
6131,SYR,Syrian Arab Republic,2015,63.265,57.195,70.646,25.5,37.1,414.09,148.618,10.6,1.302,1.47,3.675,World Bank API,2026-09-30 02:09:10
6132,SYR,Syrian Arab Republic,2016,65.19,59.5,71.924,23.7,32.2,373.314,135.465,10.6,1.172,1.46,3.891,World Bank API,2026-09-30 02:09:10
6133,SYR,Syrian Arab Republic,2017,65.651,60.292,71.877,24.2,32.9,354.949,134.745,10.7,1.468,1.4,3.913,World Bank API,2026-09-30 02:09:10
6134,SYR,Syrian Arab Republic,2018,67.371,63.031,72.185,24.2,32.5,295.917,128.991,10.8,1.5,1.26,3.939,World Bank API,2026-09-30 02:09:10
6135,SYR,Syrian Arab Republic,2019,70.97,67.833,74.253,21.1,24.6,208.12,107.738,10.6,1.517,1.26,3.97,World Bank API,2026-09-30 02:09:10
6136,SYR,Syrian Arab Republic,2020,71.944,69.174,74.808,20.0,21.9,178.756,101.69,10.5,1.5,1.39,3.67,World Bank API,2026-09-30 02:09:10
6137,SYR,Syrian Arab Republic,2021,72.418,70.235,74.594,19.3,20.5,161.017,105.561,10.3,1.521,1.43,3.504,World Bank API,2026-09-30 02:09:10
6138,SYR,Syrian Arab Republic,2022,72.79,70.383,75.204,19.1,20.7,160.424,97.922,10.1,1.521,1.43,3.384,World Bank API,2026-09-30 02:09:10
6139,TCA,Turks and Caicos Islands,1990,70.218,68.102,72.462,15.4,20.8,210.455,163.431,11.1,0.811,2.76,4.865,World Bank API,2026-09-30 02:09:10
6140,TCA,Turks and Caicos Islands,1991,70.54,68.404,72.812,14.5,19.7,207.056,159.508,10.5,0.863,2.76,4.865,World Bank API,2026-09-30 02:09:10
6141,TCA,Turks and Caicos Islands,1992,70.887,68.758,73.158,13.6,18.6,202.425,155.738,9.9,0.861,2.84,4.865,World Bank API,2026-09-30 02:09:10
6142,TCA,Turks and Caicos Islands,1993,71.194,69.154,73.361,12.8,17.6,196.766,153.805,9.3,0.844,2.76,4.865,World Bank API,2026-09-30 02:09:10
6143,TCA,Turks and Caicos Islands,1994,71.575,69.614,73.655,12.0,16.6,189.893,150.817,8.8,0.845,2.76,4.865,World Bank API,2026-09-30 02:09:10
6144,TCA,Turks and Caicos Islands,1995,71.948,70.065,73.959,11.3,15.7,182.983,147.731,8.3,0.949,2.745,4.865,World Bank API,2026-09-30 02:09:10
6145,TCA,Turks and Caicos Islands,1996,72.328,70.519,74.281,10.5,14.8,176.006,144.314,7.9,0.99,2.64,4.865,World Bank API,2026-09-30 02:09:10
6146,TCA,Turks and Caicos Islands,1997,72.713,70.963,74.634,9.9,14.0,169.257,140.304,7.4,0.949,2.579,4.865,World Bank API,2026-09-30 02:09:10
6147,TCA,Turks and Caicos Islands,1998,73.113,71.385,75.042,9.3,13.2,162.929,135.308,7.0,0.989,2.583,4.865,World Bank API,2026-09-30 02:09:10
6148,TCA,Turks and Caicos Islands,1999,73.531,71.796,75.495,8.7,12.5,156.815,129.41,6.7,1.031,2.587,4.865,World Bank API,2026-09-30 02:09:10
6149,TCA,Turks and Caicos Islands,2000,73.972,72.181,76.028,8.2,11.7,151.2,122.277,6.3,1.042,2.508,4.865,World Bank API,2026-09-30 02:09:10
6150,TCA,Turks and Caicos Islands,2001,74.409,72.541,76.566,7.7,11.1,146.06,114.889,5.9,1.084,2.5,4.959,World Bank API,2026-09-30 02:09:10
6151,TCA,Turks and Caicos Islands,2002,74.843,72.905,77.104,7.2,10.5,140.97,107.489,5.6,1.088,2.429,5.33,World Bank API,2026-09-30 02:09:10
6152,TCA,Turks and Caicos Islands,2003,75.262,73.232,77.603,6.8,9.9,136.439,100.734,5.3,1.085,2.35,5.209,World Bank API,2026-09-30 02:09:10
6153,TCA,Turks and Caicos Islands,2004,75.63,73.534,78.011,6.4,9.4,132.376,95.241,5.0,1.12,2.361,5.336,World Bank API,2026-09-30 02:09:10
6154,TCA,Turks and Caicos Islands,2005,75.954,73.825,78.34,6.0,8.9,128.625,91.007,4.8,1.12,2.29,5.294,World Bank API,2026-09-30 02:09:10
6155,TCA,Turks and Caicos Islands,2006,76.197,74.072,78.558,5.8,8.5,125.55,88.279,4.6,1.13,2.297,5.405,World Bank API,2026-09-30 02:09:10
6156,TCA,Turks and Caicos Islands,2007,76.427,74.322,78.743,5.5,8.1,122.671,86.305,4.4,1.178,2.27,5.317,World Bank API,2026-09-30 02:09:10
6157,TCA,Turks and Caicos Islands,2008,76.084,74.139,78.201,5.2,7.8,122.943,91.727,4.2,1.218,2.26,5.444,World Bank API,2026-09-30 02:09:10
6158,TCA,Turks and Caicos Islands,2009,76.672,74.635,78.888,5.0,7.5,119.513,84.96,4.0,1.226,2.269,5.749,World Bank API,2026-09-30 02:09:10
6159,TCA,Turks and Caicos Islands,2010,76.784,74.786,78.954,4.8,7.3,118.088,84.377,3.9,1.319,2.25,5.49,World Bank API,2026-09-30 02:09:10
6160,TCA,Turks and Caicos Islands,2011,76.87,74.868,79.048,4.6,7.0,117.369,83.456,3.7,1.386,2.25,5.749,World Bank API,2026-09-30 02:09:10
6161,TCA,Turks and Caicos Islands,2012,76.969,74.978,79.128,4.5,6.8,116.304,82.525,3.6,1.391,2.27,5.776,World Bank API,2026-09-30 02:09:10
6162,TCA,Turks and Caicos Islands,2013,77.1,75.094,79.261,4.3,6.6,115.151,81.098,3.5,1.449,2.29,5.737,World Bank API,2026-09-30 02:09:10
6163,TCA,Turks and Caicos Islands,2014,77.212,75.178,79.402,4.2,6.4,114.329,79.643,3.3,1.432,2.34,5.838,World Bank API,2026-09-30 02:09:10
6164,TCA,Turks and Caicos Islands,2015,77.321,75.257,79.539,4.1,6.2,113.635,78.336,3.2,1.461,2.37,6.065,World Bank API,2026-09-30 02:09:10
6165,TCA,Turks and Caicos Islands,2016,77.437,75.324,79.708,3.9,6.0,113.147,76.895,3.1,1.514,2.36,6.172,World Bank API,2026-09-30 02:09:10
6166,TCA,Turks and Caicos Islands,2017,77.505,75.387,79.771,3.8,5.8,112.752,76.359,3.0,1.578,2.34,6.136,World Bank API,2026-09-30 02:09:10
6167,TCA,Turks and Caicos Islands,2018,77.596,75.459,79.879,3.7,5.6,112.301,75.583,3.0,1.573,2.3,5.932,World Bank API,2026-09-30 02:09:10
6168,TCA,Turks and Caicos Islands,2019,77.691,75.556,79.966,3.6,5.5,111.603,74.984,2.8,1.588,2.25,5.745,World Bank API,2026-09-30 02:09:10
6169,TCA,Turks and Caicos Islands,2020,77.499,75.188,79.999,3.4,5.3,115.434,74.584,2.8,1.63,2.35,6.646,World Bank API,2026-09-30 02:09:10
6170,TCA,Turks and Caicos Islands,2021,77.234,75.0,79.633,3.3,5.1,118.298,78.117,2.7,1.664,2.39,6.64,World Bank API,2026-09-30 02:09:10
6171,TCA,Turks and Caicos Islands,2022,77.918,75.736,80.215,3.2,5.0,110.461,73.25,2.6,1.625,2.36,6.573,World Bank API,2026-09-30 02:09:10
6172,TCD,Chad,1990,45.074,41.63,48.799,116.8,211.4,503.005,340.467,51.6,0.033,0.72,4.207,World Bank API,2026-09-30 02:09:10
6173,TCD,Chad,1991,46.596,44.59,48.606,115.2,208.4,421.211,343.251,50.6,0.033,0.72,4.207,World Bank API,2026-09-30 02:09:10
6174,TCD,Chad,1992,46.777,44.855,48.706,113.6,205.5,420.646,344.871,49.7,0.033,0.71,4.207,World Bank API,2026-09-30 02:09:10
6175,TCD,Chad,1993,47.002,45.327,48.667,112.2,202.8,412.692,349.034,49.0,0.033,0.699,4.207,World Bank API,2026-09-30 02:09:10
6176,TCD,Chad,1994,47.08,45.523,48.615,110.9,200.2,412.178,352.591,48.4,0.033,0.689,4.207,World Bank API,2026-09-30 02:09:10
6177,TCD,Chad,1995,47.453,46.012,48.869,109.5,197.5,404.935,351.027,47.9,0.03,0.678,4.207,World Bank API,2026-09-30 02:09:10
6178,TCD,Chad,1996,47.551,46.17,48.911,108.1,194.7,404.65,352.754,47.3,0.028,0.668,4.207,World Bank API,2026-09-30 02:09:10
6179,TCD,Chad,1997,47.762,46.339,49.169,106.7,191.9,404.796,350.935,46.6,0.025,0.658,4.207,World Bank API,2026-09-30 02:09:10
6180,TCD,Chad,1998,47.802,46.521,49.064,105.1,189.0,404.663,356.331,45.7,0.02,0.647,4.207,World Bank API,2026-09-30 02:09:10
6181,TCD,Chad,1999,47.934,46.684,49.164,103.5,185.8,404.839,357.72,44.7,0.028,0.637,4.207,World Bank API,2026-09-30 02:09:10
6182,TCD,Chad,2000,47.937,46.692,49.166,101.7,182.4,409.399,361.223,43.7,0.028,0.626,4.207,World Bank API,2026-09-30 02:09:10
6183,TCD,Chad,2001,48.306,47.222,49.368,99.9,179.0,401.166,361.038,42.7,0.03,0.616,4.08,World Bank API,2026-09-30 02:09:10
6184,TCD,Chad,2002,48.36,47.254,49.45,98.0,175.6,405.884,363.709,41.7,0.032,0.605,5.603,World Bank API,2026-09-30 02:09:10
6185,TCD,Chad,2003,48.609,47.561,49.645,96.2,172.3,402.745,363.66,40.9,0.033,0.595,4.247,World Bank API,2026-09-30 02:09:10
6186,TCD,Chad,2004,48.687,47.597,49.77,94.3,168.8,406.606,364.834,40.2,0.035,0.585,4.24,World Bank API,2026-09-30 02:09:10
6187,TCD,Chad,2005,48.86,47.851,49.866,92.4,165.4,405.864,366.939,39.5,0.034,0.574,3.732,World Bank API,2026-09-30 02:09:10
6188,TCD,Chad,2006,48.747,47.56,49.942,90.4,161.8,418.423,369.266,38.9,0.034,0.564,3.734,World Bank API,2026-09-30 02:09:10
6189,TCD,Chad,2007,49.21,48.059,50.365,88.3,158.1,411.622,365.589,38.5,0.035,0.553,3.472,World Bank API,2026-09-30 02:09:10
6190,TCD,Chad,2008,49.503,48.459,50.543,86.2,154.3,406.93,366.224,38.2,0.036,0.543,3.164,World Bank API,2026-09-30 02:09:10
6191,TCD,Chad,2009,49.828,48.831,50.816,84.1,150.5,404.159,365.241,37.9,0.037,0.533,3.363,World Bank API,2026-09-30 02:09:10
6192,TCD,Chad,2010,50.107,49.111,51.096,82.0,146.7,402.787,364.052,37.6,0.038,0.522,3.088,World Bank API,2026-09-30 02:09:10
6193,TCD,Chad,2011,50.426,49.42,51.426,79.9,142.9,400.941,361.862,37.3,0.039,0.512,2.856,World Bank API,2026-09-30 02:09:10
6194,TCD,Chad,2012,50.765,49.771,51.754,77.8,139.3,398.666,359.954,36.9,0.04,0.501,2.673,World Bank API,2026-09-30 02:09:10
6195,TCD,Chad,2013,51.051,50.03,52.069,75.9,135.8,398.123,358.251,36.4,0.042,0.491,2.958,World Bank API,2026-09-30 02:09:10
6196,TCD,Chad,2014,51.141,49.983,52.307,74.0,132.3,403.577,357.764,35.9,0.043,0.48,3.297,World Bank API,2026-09-30 02:09:10
6197,TCD,Chad,2015,51.32,50.105,52.548,72.1,128.7,405.914,357.171,35.4,0.048,0.47,3.403,World Bank API,2026-09-30 02:09:10
6198,TCD,Chad,2016,51.603,50.39,52.828,70.2,125.0,404.329,355.966,35.0,0.036,0.455,3.708,World Bank API,2026-09-30 02:09:10
6199,TCD,Chad,2017,51.875,50.51,53.266,68.3,121.4,406.707,352.024,34.4,0.042,0.44,3.51,World Bank API,2026-09-30 02:09:10
6200,TCD,Chad,2018,52.447,51.021,53.903,66.4,117.6,400.954,344.577,33.8,0.05,0.343,3.289,World Bank API,2026-09-30 02:09:10
6201,TCD,Chad,2019,52.993,51.444,54.583,64.6,114.0,397.412,336.625,33.2,0.052,0.247,3.385,World Bank API,2026-09-30 02:09:10
6202,TCD,Chad,2020,53.082,51.341,54.893,62.9,110.6,404.973,336.608,32.7,0.058,0.15,4.352,World Bank API,2026-09-30 02:09:10
6203,TCD,Chad,2021,53.136,51.359,54.983,61.3,107.3,417.525,346.297,32.1,0.056,0.15,3.972,World Bank API,2026-09-30 02:09:10
6204,TCD,Chad,2022,54.528,52.656,56.471,59.6,103.9,386.516,315.145,31.5,0.082,0.15,4.158,World Bank API,2026-09-30 02:09:10
6205,TGO,Togo,1990,54.566,53.14,55.965,85.4,147.3,319.409,265.403,43.7,0.088,1.511,3.334,World Bank API,2026-09-30 02:09:10
6206,TGO,Togo,1991,54.263,52.944,55.556,84.5,145.2,326.512,275.24,43.1,0.088,1.462,3.334,World Bank API,2026-09-30 02:09:10
6207,TGO,Togo,1992,54.084,52.968,55.168,83.5,143.1,328.688,285.111,42.5,0.077,1.413,3.334,World Bank API,2026-09-30 02:09:10
6208,TGO,Togo,1993,53.858,52.844,54.841,82.5,140.8,334.337,293.971,41.9,0.067,1.363,3.334,World Bank API,2026-09-30 02:09:10
6209,TGO,Togo,1994,53.731,52.832,54.561,81.3,138.5,337.794,302.147,41.2,0.056,1.314,3.334,World Bank API,2026-09-30 02:09:10
6210,TGO,Togo,1995,53.708,52.856,54.509,79.9,135.7,340.818,306.164,40.6,0.076,1.265,3.334,World Bank API,2026-09-30 02:09:10
6211,TGO,Togo,1996,53.829,53.027,54.587,78.3,132.8,340.961,307.902,39.9,0.073,1.216,3.334,World Bank API,2026-09-30 02:09:10
6212,TGO,Togo,1997,53.855,53.085,54.586,76.6,129.6,343.818,311.336,39.1,0.07,1.166,3.334,World Bank API,2026-09-30 02:09:10
6213,TGO,Togo,1998,53.963,53.213,54.681,74.7,126.2,345.172,312.821,38.2,0.066,1.117,3.334,World Bank API,2026-09-30 02:09:10
6214,TGO,Togo,1999,54.318,53.53,55.074,72.8,122.8,343.351,309.472,37.4,0.063,1.068,3.334,World Bank API,2026-09-30 02:09:10
6215,TGO,Togo,2000,54.587,53.842,55.295,70.8,119.2,341.453,309.035,36.5,0.06,1.019,3.334,World Bank API,2026-09-30 02:09:10
6216,TGO,Togo,2001,54.757,54.071,55.403,68.8,115.7,341.195,310.561,35.7,0.057,0.969,3.442,World Bank API,2026-09-30 02:09:10
6217,TGO,Togo,2002,55.044,54.402,55.644,66.7,112.2,339.135,309.806,34.9,0.052,0.92,3.445,World Bank API,2026-09-30 02:09:10
6218,TGO,Togo,2003,55.312,54.702,55.879,64.8,108.8,337.508,308.964,34.1,0.048,0.81,3.445,World Bank API,2026-09-30 02:09:10
6219,TGO,Togo,2004,55.608,54.992,56.179,62.9,105.5,336.002,306.8,33.4,0.043,0.78,3.481,World Bank API,2026-09-30 02:09:10
6220,TGO,Togo,2005,55.931,55.307,56.508,61.1,102.4,333.865,303.973,32.7,0.044,0.7,3.982,World Bank API,2026-09-30 02:09:10
6221,TGO,Togo,2006,56.154,55.661,56.603,59.4,99.3,330.742,305.44,32.0,0.046,0.84,4.31,World Bank API,2026-09-30 02:09:10
6222,TGO,Togo,2007,56.395,55.955,56.79,57.7,96.5,328.731,304.968,31.3,0.047,0.64,3.677,World Bank API,2026-09-30 02:09:10
6223,TGO,Togo,2008,56.663,56.282,57.001,56.1,93.7,326.162,304.244,30.6,0.055,0.62,3.741,World Bank API,2026-09-30 02:09:10
6224,TGO,Togo,2009,56.94,56.571,57.263,54.5,90.9,324.141,302.447,29.9,0.053,0.63,3.927,World Bank API,2026-09-30 02:09:10
6225,TGO,Togo,2010,57.24,56.887,57.547,53.0,88.3,321.462,300.17,29.3,0.051,0.57,4.333,World Bank API,2026-09-30 02:09:10
6226,TGO,Togo,2011,57.624,57.308,57.895,51.4,85.6,316.733,296.872,28.7,0.05,0.56,4.389,World Bank API,2026-09-30 02:09:10
6227,TGO,Togo,2012,57.953,57.608,58.252,49.8,82.9,314.275,293.348,28.2,0.049,0.63,4.644,World Bank API,2026-09-30 02:09:10
6228,TGO,Togo,2013,58.356,58.029,58.641,48.3,80.2,309.353,289.234,27.7,0.048,0.62,4.787,World Bank API,2026-09-30 02:09:10
6229,TGO,Togo,2014,58.776,58.47,59.044,46.8,77.7,303.99,284.86,27.2,0.048,0.61,4.905,World Bank API,2026-09-30 02:09:10
6230,TGO,Togo,2015,59.23,58.923,59.498,45.4,75.2,298.335,279.587,26.7,0.047,0.64,6.247,World Bank API,2026-09-30 02:09:10
6231,TGO,Togo,2016,59.677,59.414,59.904,44.0,72.8,291.916,275.071,26.3,0.044,0.65,6.586,World Bank API,2026-09-30 02:09:10
6232,TGO,Togo,2017,60.145,59.858,60.394,42.6,70.4,286.483,269.182,25.8,0.072,0.64,6.502,World Bank API,2026-09-30 02:09:10
6233,TGO,Togo,2018,60.608,60.4,60.782,41.4,68.1,278.951,264.881,25.3,0.074,0.63,6.161,World Bank API,2026-09-30 02:09:10
6234,TGO,Togo,2019,61.061,60.887,61.204,40.2,66.0,272.445,260.027,24.8,0.074,0.56,5.913,World Bank API,2026-09-30 02:09:10
6235,TGO,Togo,2020,61.14,60.781,61.445,39.1,63.9,275.316,258.678,24.3,0.079,0.37,6.189,World Bank API,2026-09-30 02:09:10
6236,TGO,Togo,2021,61.337,61.051,61.589,38.0,62.0,280.058,263.945,23.9,0.057,0.41,5.617,World Bank API,2026-09-30 02:09:10
6237,TGO,Togo,2022,62.292,62.084,62.476,37.0,60.0,257.6,245.151,23.5,0.08,0.33,6.241,World Bank API,2026-09-30 02:09:10
6238,THA,Thailand,1990,68.924,65.629,72.384,30.9,36.9,254.76,141.148,20.7,0.225,1.633,3.101,World Bank API,2026-09-30 02:09:10
6239,THA,Thailand,1991,69.132,65.74,72.706,29.2,34.8,256.331,138.987,19.6,0.23,1.661,3.101,World Bank API,2026-09-30 02:09:10
6240,THA,Thailand,1992,69.353,65.885,73.016,27.6,32.9,257.637,137.108,18.5,0.234,1.707,3.101,World Bank API,2026-09-30 02:09:10
6241,THA,Thailand,1993,69.568,66.069,73.267,26.2,31.1,259.186,136.067,17.5,0.238,1.801,3.101,World Bank API,2026-09-30 02:09:10
6242,THA,Thailand,1994,69.661,65.96,73.6,24.8,29.5,265.555,134.056,16.6,0.239,1.896,3.101,World Bank API,2026-09-30 02:09:10
6243,THA,Thailand,1995,69.757,65.876,73.909,23.5,28.0,270.914,131.824,15.7,0.24,1.99,3.101,World Bank API,2026-09-30 02:09:10
6244,THA,Thailand,1996,69.94,65.918,74.255,22.4,26.6,273.046,128.995,14.9,0.256,2.043,3.101,World Bank API,2026-09-30 02:09:10
6245,THA,Thailand,1997,70.362,66.473,74.506,21.3,25.2,265.331,127.113,14.2,0.273,2.095,3.101,World Bank API,2026-09-30 02:09:10
6246,THA,Thailand,1998,70.703,66.94,74.685,20.2,24.0,259.79,127.318,13.4,0.292,2.148,3.101,World Bank API,2026-09-30 02:09:10
6247,THA,Thailand,1999,70.979,67.187,74.975,19.2,22.8,259.208,130.075,12.8,0.291,2.2,3.101,World Bank API,2026-09-30 02:09:10
6248,THA,Thailand,2000,71.205,67.368,75.244,18.3,21.7,259.459,132.861,12.2,0.294,2.16,3.101,World Bank API,2026-09-30 02:09:10
6249,THA,Thailand,2001,71.52,67.652,75.591,17.4,20.7,257.058,133.077,11.6,0.298,2.16,3.026,World Bank API,2026-09-30 02:09:10
6250,THA,Thailand,2002,71.775,68.02,75.717,16.6,19.7,252.472,131.14,11.0,0.295,2.09,3.335,World Bank API,2026-09-30 02:09:10
6251,THA,Thailand,2003,72.101,68.412,75.97,15.9,18.9,247.634,126.502,10.5,0.292,2.08,3.243,World Bank API,2026-09-30 02:09:10
6252,THA,Thailand,2004,72.1,68.524,75.845,15.2,18.0,245.45,125.665,10.1,0.289,2.04,3.139,World Bank API,2026-09-30 02:09:10
6253,THA,Thailand,2005,72.894,69.343,76.61,14.5,17.2,234.177,114.882,9.6,0.286,2.01,3.16,World Bank API,2026-09-30 02:09:10
6254,THA,Thailand,2006,73.341,69.87,76.967,13.9,16.5,225.52,108.284,9.2,0.284,2.02,3.1,World Bank API,2026-09-30 02:09:10
6255,THA,Thailand,2007,73.779,70.387,77.313,13.4,15.9,217.709,104.215,8.8,0.292,2.07,3.193,World Bank API,2026-09-30 02:09:10
6256,THA,Thailand,2008,74.221,70.859,77.716,12.9,15.2,211.033,99.445,8.5,0.311,1.86,3.459,World Bank API,2026-09-30 02:09:10
6257,THA,Thailand,2009,74.669,71.273,78.19,12.4,14.7,203.518,97.874,8.2,0.333,1.73,3.619,World Bank API,2026-09-30 02:09:10
6258,THA,Thailand,2010,75.012,71.434,78.738,11.9,14.1,202.63,95.554,7.9,0.383,1.96,3.39,World Bank API,2026-09-30 02:09:10
6259,THA,Thailand,2011,75.302,71.534,79.247,11.5,13.6,203.449,94.157,7.6,0.397,2.09,3.568,World Bank API,2026-09-30 02:09:10
6260,THA,Thailand,2012,75.59,71.698,79.672,11.1,13.1,206.381,92.522,7.3,0.411,2.12,3.523,World Bank API,2026-09-30 02:09:10
6261,THA,Thailand,2013,75.96,72.003,80.109,10.8,12.7,205.49,88.8,7.1,0.425,2.17,3.453,World Bank API,2026-09-30 02:09:10
6262,THA,Thailand,2014,76.279,72.254,80.497,10.4,12.3,205.515,87.582,6.8,0.439,2.14,3.684,World Bank API,2026-09-30 02:09:10
6263,THA,Thailand,2015,76.563,72.464,80.858,10.1,11.9,206.049,86.552,6.6,0.453,2.13,3.852,World Bank API,2026-09-30 02:09:10
6264,THA,Thailand,2016,76.769,72.628,81.105,9.8,11.5,206.446,88.239,6.4,0.433,2.0,3.939,World Bank API,2026-09-30 02:09:10
6265,THA,Thailand,2017,76.989,72.792,81.383,9.5,11.1,205.996,87.477,6.2,0.788,2.12,3.853,World Bank API,2026-09-30 02:09:10
6266,THA,Thailand,2018,77.19,72.95,81.629,9.2,10.8,205.18,86.785,6.1,0.518,2.1,3.87,World Bank API,2026-09-30 02:09:10
6267,THA,Thailand,2019,77.197,72.849,81.763,8.9,10.4,207.606,86.995,5.9,0.548,2.21,3.789,World Bank API,2026-09-30 02:09:10
6268,THA,Thailand,2020,77.331,72.971,81.904,8.7,10.1,206.267,86.032,5.7,0.509,2.32,4.357,World Bank API,2026-09-30 02:09:10
6269,THA,Thailand,2021,77.606,73.303,82.098,8.4,9.8,201.73,83.553,5.6,0.541,2.34,5.154,World Bank API,2026-09-30 02:09:10
6270,THA,Thailand,2022,75.291,71.025,79.79,8.2,9.5,251.679,109.341,5.4,0.541,2.39,5.355,World Bank API,2026-09-30 02:09:10
6271,TJK,Tajikistan,1990,61.636,59.244,63.985,76.7,99.2,267.467,179.893,29.7,2.505,10.662,4.265,World Bank API,2026-09-30 02:09:10
6272,TJK,Tajikistan,1991,61.679,59.453,63.873,78.5,101.5,260.699,181.192,29.3,2.555,10.963,4.265,World Bank API,2026-09-30 02:09:10
6273,TJK,Tajikistan,1992,57.085,51.518,63.336,81.2,105.1,443.301,198.114,29.1,2.314,11.242,4.265,World Bank API,2026-09-30 02:09:10
6274,TJK,Tajikistan,1993,55.512,48.575,63.762,83.8,108.3,521.939,201.179,28.9,2.119,10.681,4.265,World Bank API,2026-09-30 02:09:10
6275,TJK,Tajikistan,1994,60.093,56.687,63.597,84.8,109.4,322.337,183.681,28.8,2.17,8.941,4.265,World Bank API,2026-09-30 02:09:10
6276,TJK,Tajikistan,1995,61.389,58.925,63.864,83.5,107.6,269.986,179.486,28.8,2.035,8.2,4.265,World Bank API,2026-09-30 02:09:10
6277,TJK,Tajikistan,1996,60.806,58.129,63.521,80.4,103.4,288.491,185.59,28.7,1.972,7.47,4.265,World Bank API,2026-09-30 02:09:10
6278,TJK,Tajikistan,1997,61.928,59.474,64.403,76.3,98.0,268.726,179.563,28.5,1.918,7.22,4.265,World Bank API,2026-09-30 02:09:10
6279,TJK,Tajikistan,1998,62.404,59.99,64.832,71.6,91.7,264.488,178.519,28.1,2.032,6.91,4.265,World Bank API,2026-09-30 02:09:10
6280,TJK,Tajikistan,1999,63.114,60.58,65.668,66.5,85.0,262.471,170.834,27.3,2.088,6.8,4.265,World Bank API,2026-09-30 02:09:10
6281,TJK,Tajikistan,2000,63.542,61.005,66.086,61.5,78.4,261.029,176.724,26.2,2.148,6.44,4.265,World Bank API,2026-09-30 02:09:10
6282,TJK,Tajikistan,2001,64.197,62.166,66.215,56.5,71.8,242.69,184.722,24.9,2.095,6.3,4.578,World Bank API,2026-09-30 02:09:10
6283,TJK,Tajikistan,2002,64.898,62.455,67.381,51.7,65.6,248.708,168.618,23.6,2.008,6.19,4.436,World Bank API,2026-09-30 02:09:10
6284,TJK,Tajikistan,2003,65.874,63.584,68.169,47.3,59.8,232.215,161.433,22.4,1.906,6.04,4.702,World Bank API,2026-09-30 02:09:10
6285,TJK,Tajikistan,2004,66.604,64.007,69.239,43.3,54.6,230.207,142.093,21.4,1.914,5.97,4.799,World Bank API,2026-09-30 02:09:10
6286,TJK,Tajikistan,2005,66.531,63.983,69.12,40.0,50.3,239.902,156.71,20.6,1.917,5.86,5.21,World Bank API,2026-09-30 02:09:10
6287,TJK,Tajikistan,2006,66.997,64.443,69.582,37.2,46.6,233.892,152.593,20.0,1.88,5.72,5.033,World Bank API,2026-09-30 02:09:10
6288,TJK,Tajikistan,2007,67.405,64.725,70.126,34.9,43.6,235.63,148.718,19.6,1.861,5.4,5.541,World Bank API,2026-09-30 02:09:10
6289,TJK,Tajikistan,2008,67.924,65.266,70.606,33.1,41.2,225.211,141.187,19.2,1.895,5.27,5.912,World Bank API,2026-09-30 02:09:10
6290,TJK,Tajikistan,2009,68.248,65.521,70.998,31.6,39.3,223.145,135.528,18.6,1.616,5.16,5.856,World Bank API,2026-09-30 02:09:10
6291,TJK,Tajikistan,2010,68.37,65.663,71.074,30.4,37.6,221.345,137.795,17.9,1.67,4.99,5.735,World Bank API,2026-09-30 02:09:10
6292,TJK,Tajikistan,2011,68.698,66.087,71.297,29.3,36.2,215.581,135.322,16.9,1.693,4.88,5.86,World Bank API,2026-09-30 02:09:10
6293,TJK,Tajikistan,2012,69.13,66.514,71.715,28.4,35.0,205.302,128.779,15.7,1.697,4.76,5.982,World Bank API,2026-09-30 02:09:10
6294,TJK,Tajikistan,2013,69.579,67.149,71.966,27.6,34.0,193.233,127.215,14.7,1.677,4.7,6.532,World Bank API,2026-09-30 02:09:10
6295,TJK,Tajikistan,2014,69.697,67.239,72.127,26.9,33.0,193.171,125.266,13.7,1.727,4.59,6.665,World Bank API,2026-09-30 02:09:10
6296,TJK,Tajikistan,2015,69.665,67.155,72.156,26.3,32.2,198.391,125.73,13.1,1.747,4.52,6.907,World Bank API,2026-09-30 02:09:10
6297,TJK,Tajikistan,2016,69.982,67.625,72.317,25.8,31.5,188.277,124.283,12.6,1.754,4.49,6.963,World Bank API,2026-09-30 02:09:10
6298,TJK,Tajikistan,2017,70.524,68.303,72.717,25.5,31.0,177.503,120.11,12.3,1.785,4.41,6.854,World Bank API,2026-09-30 02:09:10
6299,TJK,Tajikistan,2018,70.737,68.482,72.974,25.3,30.7,174.811,115.871,12.1,1.934,4.34,7.014,World Bank API,2026-09-30 02:09:10
6300,TJK,Tajikistan,2019,70.962,68.73,73.182,25.0,30.4,169.895,112.326,12.0,1.933,4.26,6.948,World Bank API,2026-09-30 02:09:10
6301,TJK,Tajikistan,2020,68.605,66.216,71.088,24.9,30.1,210.743,138.315,11.9,1.995,4.26,8.89,World Bank API,2026-09-30 02:09:10
6302,TJK,Tajikistan,2021,69.594,67.343,71.863,24.7,29.8,198.218,132.615,11.7,1.949,4.22,8.375,World Bank API,2026-09-30 02:09:10
6303,TJK,Tajikistan,2022,71.562,69.325,73.776,24.4,29.4,162.284,106.625,11.6,1.939,4.22,7.629,World Bank API,2026-09-30 02:09:10
6304,TKM,Turkmenistan,1990,63.867,60.614,67.047,68.1,77.9,282.017,161.354,25.9,3.614,11.485,4.031,World Bank API,2026-09-30 02:09:10
6305,TKM,Turkmenistan,1991,63.842,60.53,67.108,67.2,77.2,286.504,162.753,26.5,3.673,11.555,4.031,World Bank API,2026-09-30 02:09:10
6306,TKM,Turkmenistan,1992,63.753,60.442,67.032,66.9,77.2,290.383,165.83,27.3,3.589,11.415,4.031,World Bank API,2026-09-30 02:09:10
6307,TKM,Turkmenistan,1993,63.586,60.226,66.937,66.9,77.5,296.548,168.703,28.0,3.57,11.679,4.031,World Bank API,2026-09-30 02:09:10
6308,TKM,Turkmenistan,1994,63.515,60.142,66.894,67.0,77.9,297.93,169.943,28.5,3.535,11.471,4.031,World Bank API,2026-09-30 02:09:10
6309,TKM,Turkmenistan,1995,63.514,60.102,66.945,66.8,78.0,298.021,168.941,28.9,3.17,10.26,4.031,World Bank API,2026-09-30 02:09:10
6310,TKM,Turkmenistan,1996,63.538,60.066,67.046,66.2,77.7,298.66,167.112,29.2,3.222,8.01,4.031,World Bank API,2026-09-30 02:09:10
6311,TKM,Turkmenistan,1997,63.667,60.101,67.294,64.9,76.5,299.015,163.078,29.3,3.171,7.11,4.031,World Bank API,2026-09-30 02:09:10
6312,TKM,Turkmenistan,1998,63.966,60.326,67.683,62.9,74.5,296.169,156.682,29.5,3.017,6.477,4.031,World Bank API,2026-09-30 02:09:10
6313,TKM,Turkmenistan,1999,64.475,60.83,68.195,60.4,71.9,287.097,149.351,29.5,2.862,5.843,4.031,World Bank API,2026-09-30 02:09:10
6314,TKM,Turkmenistan,2000,64.931,61.299,68.622,57.5,68.7,280.263,145.23,29.4,2.708,5.21,4.031,World Bank API,2026-09-30 02:09:10
6315,TKM,Turkmenistan,2001,65.325,61.697,68.993,54.5,65.4,275.828,143.666,29.0,2.702,5.31,4.766,World Bank API,2026-09-30 02:09:10
6316,TKM,Turkmenistan,2002,65.593,61.919,69.306,51.3,61.9,276.725,143.216,28.5,2.657,5.19,4.107,World Bank API,2026-09-30 02:09:10
6317,TKM,Turkmenistan,2003,65.854,62.093,69.656,48.4,58.6,278.887,141.565,27.8,2.551,5.08,4.978,World Bank API,2026-09-30 02:09:10
6318,TKM,Turkmenistan,2004,66.055,62.217,69.934,45.6,55.4,281.779,140.968,27.0,2.479,4.92,6.187,World Bank API,2026-09-30 02:09:10
6319,TKM,Turkmenistan,2005,66.275,62.396,70.183,43.0,52.6,282.441,140.744,26.2,2.356,4.21,5.589,World Bank API,2026-09-30 02:09:10
6320,TKM,Turkmenistan,2006,66.574,62.731,70.417,40.9,50.1,278.416,140.378,25.4,2.236,4.13,4.921,World Bank API,2026-09-30 02:09:10
6321,TKM,Turkmenistan,2007,67.02,63.238,70.76,39.0,48.1,270.239,137.008,24.7,2.175,3.85,3.093,World Bank API,2026-09-30 02:09:10
6322,TKM,Turkmenistan,2008,67.584,63.911,71.164,37.5,46.4,257.636,131.39,24.1,2.126,3.8,3.454,World Bank API,2026-09-30 02:09:10
6323,TKM,Turkmenistan,2009,68.155,64.594,71.576,36.3,45.0,244.27,124.561,23.5,2.105,3.77,2.815,World Bank API,2026-09-30 02:09:10
6324,TKM,Turkmenistan,2010,68.608,65.185,71.844,35.3,44.0,232.0,120.599,23.2,2.079,3.71,3.209,World Bank API,2026-09-30 02:09:10
6325,TKM,Turkmenistan,2011,68.87,65.532,71.985,34.7,43.4,225.265,118.945,23.0,2.079,3.65,3.223,World Bank API,2026-09-30 02:09:10
6326,TKM,Turkmenistan,2012,68.961,65.655,72.018,34.2,42.9,223.328,119.37,23.0,2.029,3.53,3.342,World Bank API,2026-09-30 02:09:10
6327,TKM,Turkmenistan,2013,68.968,65.614,72.056,33.9,42.8,225.354,118.713,23.1,1.999,3.47,3.969,World Bank API,2026-09-30 02:09:10
6328,TKM,Turkmenistan,2014,69.001,65.628,72.091,33.9,42.9,225.189,117.908,23.3,2.002,3.52,4.257,World Bank API,2026-09-30 02:09:10
6329,TKM,Turkmenistan,2015,69.061,65.692,72.126,33.9,43.2,223.736,116.792,23.7,1.974,3.94,5.017,World Bank API,2026-09-30 02:09:10
6330,TKM,Turkmenistan,2016,69.142,65.805,72.153,34.1,43.5,220.724,116.106,24.0,1.959,3.88,5.587,World Bank API,2026-09-30 02:09:10
6331,TKM,Turkmenistan,2017,69.19,65.862,72.172,34.2,43.8,219.499,115.609,24.2,1.969,3.86,5.824,World Bank API,2026-09-30 02:09:10
6332,TKM,Turkmenistan,2018,69.272,65.944,72.231,34.1,43.8,217.859,114.703,24.2,1.971,3.82,5.553,World Bank API,2026-09-30 02:09:10
6333,TKM,Turkmenistan,2019,69.405,66.105,72.309,33.9,43.5,214.666,113.669,24.2,1.957,3.73,5.552,World Bank API,2026-09-30 02:09:10
6334,TKM,Turkmenistan,2020,68.846,65.355,71.928,33.4,42.9,225.273,118.009,23.9,1.96,3.68,5.572,World Bank API,2026-09-30 02:09:10
6335,TKM,Turkmenistan,2021,69.353,66.092,72.189,32.7,42.1,220.122,118.622,23.7,1.917,3.6,5.492,World Bank API,2026-09-30 02:09:10
6336,TKM,Turkmenistan,2022,69.913,66.677,72.682,32.0,41.1,204.985,109.267,23.2,1.916,3.6,5.371,World Bank API,2026-09-30 02:09:10
6337,TLS,Timor-Leste,1990,45.185,43.903,46.57,165.5,228.0,451.59,383.005,58.8,0.082,0.44,2.842,World Bank API,2026-09-30 02:09:10
6338,TLS,Timor-Leste,1991,45.076,43.745,46.573,161.7,224.3,456.043,382.387,57.3,0.082,0.44,2.842,World Bank API,2026-09-30 02:09:10
6339,TLS,Timor-Leste,1992,46.19,44.85,47.695,153.5,212.8,442.94,370.971,55.4,0.082,0.44,2.842,World Bank API,2026-09-30 02:09:10
6340,TLS,Timor-Leste,1993,47.008,45.629,48.556,145.5,201.5,435.49,362.685,53.4,0.082,0.44,2.842,World Bank API,2026-09-30 02:09:10
6341,TLS,Timor-Leste,1994,47.861,46.514,49.367,139.1,193.1,423.151,353.765,51.4,0.082,0.44,2.842,World Bank API,2026-09-30 02:09:10
6342,TLS,Timor-Leste,1995,47.543,46.139,49.118,137.9,193.6,427.393,353.708,49.4,0.082,0.44,2.842,World Bank API,2026-09-30 02:09:10
6343,TLS,Timor-Leste,1996,48.26,46.788,49.916,131.4,184.8,421.723,345.313,47.3,0.082,0.44,2.842,World Bank API,2026-09-30 02:09:10
6344,TLS,Timor-Leste,1997,48.968,47.387,50.755,125.2,176.4,417.922,336.556,45.3,0.082,0.44,2.842,World Bank API,2026-09-30 02:09:10
6345,TLS,Timor-Leste,1998,48.583,46.988,50.386,124.8,178.0,420.628,337.422,43.7,0.082,0.44,2.842,World Bank API,2026-09-30 02:09:10
6346,TLS,Timor-Leste,1999,45.246,42.408,48.717,134.0,200.6,527.171,359.69,42.5,0.082,0.44,2.842,World Bank API,2026-09-30 02:09:10
6347,TLS,Timor-Leste,2000,58.097,56.671,59.645,84.4,111.5,311.691,260.217,39.5,0.082,0.44,2.842,World Bank API,2026-09-30 02:09:10
6348,TLS,Timor-Leste,2001,58.772,57.314,60.355,80.4,106.4,304.358,252.791,37.8,0.082,0.44,2.842,World Bank API,2026-09-30 02:09:10
6349,TLS,Timor-Leste,2002,59.477,57.996,61.082,76.4,101.5,296.607,245.174,36.2,0.082,0.44,2.842,World Bank API,2026-09-30 02:09:10
6350,TLS,Timor-Leste,2003,60.13,58.641,61.741,72.6,96.8,289.235,238.195,34.7,0.082,0.44,2.842,World Bank API,2026-09-30 02:09:10
6351,TLS,Timor-Leste,2004,60.743,59.246,62.357,69.1,92.3,282.303,231.718,33.3,0.082,0.44,4.261,World Bank API,2026-09-30 02:09:10
6352,TLS,Timor-Leste,2005,61.272,59.745,62.917,65.6,88.0,276.758,226.131,32.0,0.066,0.44,5.28,World Bank API,2026-09-30 02:09:10
6353,TLS,Timor-Leste,2006,61.881,60.341,63.542,62.5,84.0,269.791,219.565,30.9,0.05,0.44,6.002,World Bank API,2026-09-30 02:09:10
6354,TLS,Timor-Leste,2007,62.396,60.862,64.052,59.5,80.4,263.909,214.315,29.9,0.034,0.44,5.648,World Bank API,2026-09-30 02:09:10
6355,TLS,Timor-Leste,2008,62.858,61.331,64.509,56.8,76.9,258.587,209.608,29.1,0.037,0.44,6.966,World Bank API,2026-09-30 02:09:10
6356,TLS,Timor-Leste,2009,63.265,61.746,64.912,54.3,73.9,253.846,205.423,28.3,0.044,0.44,7.309,World Bank API,2026-09-30 02:09:10
6357,TLS,Timor-Leste,2010,63.66,62.115,65.341,52.0,71.0,249.604,201.042,27.6,0.079,0.44,6.471,World Bank API,2026-09-30 02:09:10
6358,TLS,Timor-Leste,2011,64.022,62.447,65.741,50.0,68.4,245.784,196.945,27.0,0.078,0.43,6.865,World Bank API,2026-09-30 02:09:10
6359,TLS,Timor-Leste,2012,64.384,62.808,66.102,48.1,65.9,241.767,193.232,26.4,0.347,0.42,6.992,World Bank API,2026-09-30 02:09:10
6360,TLS,Timor-Leste,2013,64.719,63.145,66.433,46.5,63.9,238.011,189.814,25.9,0.615,0.41,8.532,World Bank API,2026-09-30 02:09:10
6361,TLS,Timor-Leste,2014,65.027,63.456,66.737,45.0,61.9,234.542,186.667,25.4,0.678,0.4,7.6,World Bank API,2026-09-30 02:09:10
6362,TLS,Timor-Leste,2015,65.326,63.758,67.033,43.6,60.2,231.116,183.569,24.9,0.69,0.39,7.691,World Bank API,2026-09-30 02:09:10
6363,TLS,Timor-Leste,2016,65.61,64.045,67.311,42.5,58.7,227.865,180.649,24.5,0.718,0.405,6.943,World Bank API,2026-09-30 02:09:10
6364,TLS,Timor-Leste,2017,65.898,64.321,67.609,41.4,57.3,224.708,177.516,24.2,0.745,0.42,6.804,World Bank API,2026-09-30 02:09:10
6365,TLS,Timor-Leste,2018,66.204,64.589,67.955,40.6,56.0,221.64,173.855,23.9,0.718,0.42,6.402,World Bank API,2026-09-30 02:09:10
6366,TLS,Timor-Leste,2019,66.496,64.846,68.285,39.6,54.8,218.672,170.357,23.5,0.764,0.41,4.992,World Bank API,2026-09-30 02:09:10
6367,TLS,Timor-Leste,2020,66.919,65.136,68.871,38.7,53.4,212.017,162.618,23.2,0.752,0.4,7.264,World Bank API,2026-09-30 02:09:10
6368,TLS,Timor-Leste,2021,66.199,64.575,67.959,37.7,52.0,230.657,181.069,22.9,0.752,0.39,4.919,World Bank API,2026-09-30 02:09:10
6369,TLS,Timor-Leste,2022,67.368,65.733,69.131,36.7,50.7,208.415,161.39,22.5,0.752,0.39,7.464,World Bank API,2026-09-30 02:09:10
6370,TON,Tonga,1990,67.539,64.201,71.399,18.0,22.1,294.834,169.86,9.8,0.508,2.48,2.904,World Bank API,2026-09-30 02:09:10
6371,TON,Tonga,1991,67.749,64.383,71.637,17.3,21.3,292.851,167.239,9.4,0.508,2.48,2.904,World Bank API,2026-09-30 02:09:10
6372,TON,Tonga,1992,67.927,64.531,71.852,16.7,20.5,291.089,164.728,9.0,0.497,2.48,2.904,World Bank API,2026-09-30 02:09:10
6373,TON,Tonga,1993,68.157,64.714,72.146,16.2,19.9,288.421,161.09,8.6,0.485,2.48,2.904,World Bank API,2026-09-30 02:09:10
6374,TON,Tonga,1994,68.371,64.907,72.385,15.7,19.3,285.395,158.004,8.3,0.474,2.48,2.904,World Bank API,2026-09-30 02:09:10
6375,TON,Tonga,1995,68.592,65.11,72.634,15.3,18.8,282.037,154.771,8.1,0.463,2.48,2.904,World Bank API,2026-09-30 02:09:10
6376,TON,Tonga,1996,68.803,65.312,72.859,15.0,18.4,278.565,151.837,7.9,0.451,2.48,2.904,World Bank API,2026-09-30 02:09:10
6377,TON,Tonga,1997,69.012,65.52,73.073,14.7,18.1,274.956,149.054,7.7,0.44,2.48,2.904,World Bank API,2026-09-30 02:09:10
6378,TON,Tonga,1998,69.224,65.721,73.277,14.4,17.7,271.486,146.465,7.5,0.46,2.48,2.904,World Bank API,2026-09-30 02:09:10
6379,TON,Tonga,1999,69.431,65.92,73.472,14.1,17.3,268.029,144.041,7.3,0.479,2.48,2.904,World Bank API,2026-09-30 02:09:10
6380,TON,Tonga,2000,69.635,66.114,73.671,13.8,16.9,264.708,141.632,7.2,0.499,2.48,2.904,World Bank API,2026-09-30 02:09:10
6381,TON,Tonga,2001,69.8,66.299,73.792,13.4,16.5,261.445,140.154,7.0,0.339,2.48,3.425,World Bank API,2026-09-30 02:09:10
6382,TON,Tonga,2002,70.03,66.512,74.036,13.1,16.0,257.995,137.269,6.8,0.289,2.48,3.59,World Bank API,2026-09-30 02:09:10
6383,TON,Tonga,2003,70.228,66.709,74.226,12.7,15.6,254.729,135.061,6.6,0.33,2.48,3.436,World Bank API,2026-09-30 02:09:10
6384,TON,Tonga,2004,70.433,66.93,74.404,12.4,15.2,251.067,133.01,6.4,0.37,2.48,4.507,World Bank API,2026-09-30 02:09:10
6385,TON,Tonga,2005,70.56,67.102,74.469,12.0,14.8,248.267,132.232,6.2,0.411,2.48,4.386,World Bank API,2026-09-30 02:09:10
6386,TON,Tonga,2006,70.71,67.259,74.614,11.7,14.4,245.716,130.58,6.0,0.452,2.48,5.472,World Bank API,2026-09-30 02:09:10
6387,TON,Tonga,2007,70.887,67.453,74.774,11.4,14.0,242.544,128.786,5.9,0.492,2.48,4.733,World Bank API,2026-09-30 02:09:10
6388,TON,Tonga,2008,71.041,67.607,74.914,11.1,13.7,240.045,127.223,5.7,0.533,2.48,6.058,World Bank API,2026-09-30 02:09:10
6389,TON,Tonga,2009,70.949,67.542,74.777,10.9,13.4,240.278,129.003,5.6,0.578,2.48,3.974,World Bank API,2026-09-30 02:09:10
6390,TON,Tonga,2010,71.319,67.881,75.166,10.6,13.1,235.558,124.401,5.5,0.54,2.48,4.816,World Bank API,2026-09-30 02:09:10
6391,TON,Tonga,2011,71.437,68.002,75.267,10.4,12.8,233.586,123.269,5.4,0.531,2.48,4.74,World Bank API,2026-09-30 02:09:10
6392,TON,Tonga,2012,71.546,68.113,75.361,10.2,12.6,231.769,122.213,5.3,0.523,2.48,8.138,World Bank API,2026-09-30 02:09:10
6393,TON,Tonga,2013,71.65,68.216,75.448,10.0,12.3,230.076,121.226,5.3,0.514,2.48,4.168,World Bank API,2026-09-30 02:09:10
6394,TON,Tonga,2014,71.721,68.294,75.494,9.8,12.1,228.606,120.671,5.2,0.597,2.48,5.196,World Bank API,2026-09-30 02:09:10
6395,TON,Tonga,2015,71.851,68.413,75.623,9.6,11.9,226.862,119.277,5.1,0.68,2.48,4.781,World Bank API,2026-09-30 02:09:10
6396,TON,Tonga,2016,71.951,68.518,75.701,9.4,11.6,225.17,118.425,5.1,0.763,2.48,5.226,World Bank API,2026-09-30 02:09:10
6397,TON,Tonga,2017,72.066,68.646,75.784,9.2,11.4,223.141,117.559,5.0,0.846,2.48,5.63,World Bank API,2026-09-30 02:09:10
6398,TON,Tonga,2018,72.169,68.733,75.873,9.1,11.1,221.791,116.67,4.9,0.929,2.48,6.122,World Bank API,2026-09-30 02:09:10
6399,TON,Tonga,2019,72.292,68.85,75.965,8.8,10.9,220.03,115.787,4.8,1.012,2.48,5.745,World Bank API,2026-09-30 02:09:10
6400,TON,Tonga,2020,72.379,68.882,76.077,8.7,10.6,221.665,114.751,4.6,0.946,2.48,5.559,World Bank API,2026-09-30 02:09:10
6401,TON,Tonga,2021,72.13,68.714,75.693,8.5,10.4,227.249,122.839,4.5,1.014,2.48,7.063,World Bank API,2026-09-30 02:09:10
6402,TON,Tonga,2022,72.635,69.161,76.176,8.2,10.1,215.391,114.187,4.4,1.014,2.48,7.953,World Bank API,2026-09-30 02:09:10
6403,TTO,Trinidad and Tobago,1990,67.591,65.068,70.156,29.4,32.3,252.544,173.756,21.7,0.72,4.0,4.235,World Bank API,2026-09-30 02:09:10
6404,TTO,Trinidad and Tobago,1991,67.782,65.271,70.323,29.0,31.8,251.177,170.472,21.4,0.732,3.748,4.235,World Bank API,2026-09-30 02:09:10
6405,TTO,Trinidad and Tobago,1992,67.78,65.299,70.284,28.6,31.4,251.868,170.856,21.2,0.695,3.495,4.235,World Bank API,2026-09-30 02:09:10
6406,TTO,Trinidad and Tobago,1993,67.825,65.374,70.292,28.3,31.1,249.737,173.363,21.0,0.658,3.243,4.235,World Bank API,2026-09-30 02:09:10
6407,TTO,Trinidad and Tobago,1994,67.837,65.335,70.358,28.0,30.7,253.163,173.677,20.8,0.788,3.521,4.235,World Bank API,2026-09-30 02:09:10
6408,TTO,Trinidad and Tobago,1995,67.995,65.496,70.505,27.7,30.4,249.835,172.45,20.7,0.913,3.8,4.235,World Bank API,2026-09-30 02:09:10
6409,TTO,Trinidad and Tobago,1996,68.039,65.535,70.548,27.4,30.1,246.918,172.386,20.5,0.736,5.11,4.235,World Bank API,2026-09-30 02:09:10
6410,TTO,Trinidad and Tobago,1997,68.143,65.66,70.617,27.2,29.8,244.429,170.812,20.4,0.727,4.891,4.235,World Bank API,2026-09-30 02:09:10
6411,TTO,Trinidad and Tobago,1998,68.331,65.74,70.917,26.9,29.5,245.212,165.019,20.2,0.904,4.673,4.235,World Bank API,2026-09-30 02:09:10
6412,TTO,Trinidad and Tobago,1999,68.509,65.915,71.086,26.6,29.2,241.808,161.391,20.0,0.891,4.454,4.235,World Bank API,2026-09-30 02:09:10
6413,TTO,Trinidad and Tobago,2000,68.629,65.948,71.301,26.3,28.8,241.189,157.555,19.8,0.966,4.236,4.235,World Bank API,2026-09-30 02:09:10
6414,TTO,Trinidad and Tobago,2001,68.874,66.128,71.615,25.9,28.5,238.188,152.648,19.5,0.931,4.017,4.035,World Bank API,2026-09-30 02:09:10
6415,TTO,Trinidad and Tobago,2002,69.232,66.369,72.094,25.6,28.1,232.562,146.528,19.3,0.791,3.799,4.723,World Bank API,2026-09-30 02:09:10
6416,TTO,Trinidad and Tobago,2003,69.454,66.507,72.406,25.2,27.7,229.445,141.323,19.0,0.775,3.58,4.188,World Bank API,2026-09-30 02:09:10
6417,TTO,Trinidad and Tobago,2004,69.879,66.84,72.927,24.8,27.3,223.198,133.591,18.7,0.907,3.361,4.308,World Bank API,2026-09-30 02:09:10
6418,TTO,Trinidad and Tobago,2005,70.185,67.143,73.223,24.5,26.9,218.619,129.528,18.4,1.04,3.143,4.435,World Bank API,2026-09-30 02:09:10
6419,TTO,Trinidad and Tobago,2006,70.437,67.324,73.556,24.1,26.5,217.05,123.934,18.2,1.172,2.924,4.154,World Bank API,2026-09-30 02:09:10
6420,TTO,Trinidad and Tobago,2007,70.797,67.661,73.937,23.7,26.1,212.98,119.23,17.8,1.13,2.706,4.154,World Bank API,2026-09-30 02:09:10
6421,TTO,Trinidad and Tobago,2008,71.117,67.951,74.287,23.3,25.7,207.55,115.777,17.5,1.287,2.487,3.658,World Bank API,2026-09-30 02:09:10
6422,TTO,Trinidad and Tobago,2009,71.404,68.269,74.536,22.9,25.3,203.153,114.103,17.2,1.444,2.269,5.487,World Bank API,2026-09-30 02:09:10
6423,TTO,Trinidad and Tobago,2010,71.809,68.698,74.912,22.5,24.8,197.172,111.006,16.9,1.732,2.05,5.08,World Bank API,2026-09-30 02:09:10
6424,TTO,Trinidad and Tobago,2011,72.232,69.213,75.227,22.1,24.4,190.211,109.241,16.6,1.743,2.325,4.722,World Bank API,2026-09-30 02:09:10
6425,TTO,Trinidad and Tobago,2012,72.513,69.505,75.496,21.7,23.9,187.251,107.17,16.3,1.943,2.6,4.629,World Bank API,2026-09-30 02:09:10
6426,TTO,Trinidad and Tobago,2013,72.785,69.826,75.716,21.3,23.5,184.57,106.827,16.1,2.142,2.58,4.802,World Bank API,2026-09-30 02:09:10
6427,TTO,Trinidad and Tobago,2014,72.898,69.936,75.841,20.9,23.1,184.702,106.343,15.8,2.342,2.85,4.874,World Bank API,2026-09-30 02:09:10
6428,TTO,Trinidad and Tobago,2015,72.882,69.861,75.903,20.6,22.7,188.147,107.809,15.5,2.541,2.43,5.653,World Bank API,2026-09-30 02:09:10
6429,TTO,Trinidad and Tobago,2016,72.935,69.901,75.978,20.2,22.3,188.281,108.392,15.2,2.882,2.46,6.475,World Bank API,2026-09-30 02:09:10
6430,TTO,Trinidad and Tobago,2017,72.984,69.947,76.038,19.9,22.0,188.306,109.195,14.9,3.222,2.47,6.566,World Bank API,2026-09-30 02:09:10
6431,TTO,Trinidad and Tobago,2018,72.658,69.475,75.896,19.5,21.6,198.265,111.465,14.6,3.939,2.44,6.651,World Bank API,2026-09-30 02:09:10
6432,TTO,Trinidad and Tobago,2019,72.836,69.732,76.034,19.2,21.2,193.65,111.356,14.3,4.205,1.95,6.907,World Bank API,2026-09-30 02:09:10
6433,TTO,Trinidad and Tobago,2020,72.645,69.36,76.044,18.8,20.8,202.411,111.937,14.0,4.298,1.97,7.477,World Bank API,2026-09-30 02:09:10
6434,TTO,Trinidad and Tobago,2021,71.111,67.905,74.481,18.4,20.4,230.253,135.055,13.7,4.157,1.65,7.205,World Bank API,2026-09-30 02:09:10
6435,TTO,Trinidad and Tobago,2022,73.331,70.214,76.522,18.0,19.9,188.918,107.218,13.4,4.157,1.96,6.644,World Bank API,2026-09-30 02:09:10
6436,TUN,Tunisia,1990,69.092,67.151,71.224,37.2,54.9,162.6,98.577,27.2,0.531,1.917,4.813,World Bank API,2026-09-30 02:09:10
6437,TUN,Tunisia,1991,69.398,67.419,71.572,36.1,52.4,161.317,96.714,26.6,0.529,2.012,4.813,World Bank API,2026-09-30 02:09:10
6438,TUN,Tunisia,1992,69.684,67.685,71.877,34.9,49.9,159.667,95.528,26.0,0.587,2.857,4.813,World Bank API,2026-09-30 02:09:10
6439,TUN,Tunisia,1993,69.992,67.967,72.214,33.7,47.4,157.251,93.474,25.3,0.594,2.309,4.813,World Bank API,2026-09-30 02:09:10
6440,TUN,Tunisia,1994,70.363,68.302,72.624,32.5,44.8,153.37,90.191,24.4,0.593,1.762,4.813,World Bank API,2026-09-30 02:09:10
6441,TUN,Tunisia,1995,70.785,68.668,73.109,31.1,42.0,149.388,85.768,23.4,0.651,1.881,4.813,World Bank API,2026-09-30 02:09:10
6442,TUN,Tunisia,1996,71.247,69.095,73.604,29.7,39.2,145.292,82.097,22.3,0.665,2.0,4.813,World Bank API,2026-09-30 02:09:10
6443,TUN,Tunisia,1997,71.67,69.499,74.038,28.2,36.5,142.186,79.66,21.1,0.686,1.7,4.813,World Bank API,2026-09-30 02:09:10
6444,TUN,Tunisia,1998,72.067,69.889,74.435,26.7,33.8,139.803,77.879,19.7,0.715,1.703,4.813,World Bank API,2026-09-30 02:09:10
6445,TUN,Tunisia,1999,72.344,70.137,74.737,25.3,31.4,139.232,77.295,18.3,0.74,1.707,4.813,World Bank API,2026-09-30 02:09:10
6446,TUN,Tunisia,2000,72.604,70.364,75.032,23.9,29.2,138.691,76.583,17.1,0.762,1.71,4.813,World Bank API,2026-09-30 02:09:10
6447,TUN,Tunisia,2001,72.822,70.549,75.281,22.7,27.2,138.228,76.248,16.1,0.787,1.69,4.861,World Bank API,2026-09-30 02:09:10
6448,TUN,Tunisia,2002,73.07,70.772,75.547,21.6,25.5,137.274,75.392,15.2,0.799,1.67,5.12,World Bank API,2026-09-30 02:09:10
6449,TUN,Tunisia,2003,73.304,70.991,75.79,20.5,24.0,136.097,74.512,14.4,0.813,1.67,5.209,World Bank API,2026-09-30 02:09:10
6450,TUN,Tunisia,2004,73.519,71.194,76.011,19.7,22.7,134.973,73.703,13.8,1.311,1.72,5.199,World Bank API,2026-09-30 02:09:10
6451,TUN,Tunisia,2005,73.712,71.379,76.203,18.9,21.6,133.819,72.886,13.2,0.919,1.72,5.146,World Bank API,2026-09-30 02:09:10
6452,TUN,Tunisia,2006,73.888,71.55,76.379,18.2,20.7,132.605,72.038,12.8,0.965,1.74,5.131,World Bank API,2026-09-30 02:09:10
6453,TUN,Tunisia,2007,74.039,71.693,76.531,17.7,20.0,131.559,71.237,12.5,1.011,1.72,5.175,World Bank API,2026-09-30 02:09:10
6454,TUN,Tunisia,2008,74.192,71.844,76.679,17.2,19.4,130.228,70.28,12.2,1.094,1.78,5.164,World Bank API,2026-09-30 02:09:10
6455,TUN,Tunisia,2009,74.32,71.97,76.801,16.9,19.0,128.918,69.384,12.1,1.15,1.8,5.406,World Bank API,2026-09-30 02:09:10
6456,TUN,Tunisia,2010,74.438,72.095,76.902,16.7,18.7,127.527,68.678,12.0,1.207,1.82,5.61,World Bank API,2026-09-30 02:09:10
6457,TUN,Tunisia,2011,74.471,72.109,76.953,16.5,18.5,127.855,68.444,12.0,1.219,1.8,6.123,World Bank API,2026-09-30 02:09:10
6458,TUN,Tunisia,2012,74.599,72.248,77.059,16.4,18.4,126.098,67.648,12.0,1.23,1.79,6.29,World Bank API,2026-09-30 02:09:10
6459,TUN,Tunisia,2013,74.674,72.302,77.153,16.3,18.3,125.947,66.944,12.0,1.241,1.81,6.514,World Bank API,2026-09-30 02:09:10
6460,TUN,Tunisia,2014,74.784,72.406,77.263,16.1,18.3,125.046,66.105,12.1,1.253,1.79,6.45,World Bank API,2026-09-30 02:09:10
6461,TUN,Tunisia,2015,74.875,72.446,77.406,16.0,18.2,125.245,64.936,12.1,1.285,1.8,6.213,World Bank API,2026-09-30 02:09:10
6462,TUN,Tunisia,2016,75.007,72.53,77.588,15.8,18.1,125.075,63.673,12.1,1.258,1.79,6.248,World Bank API,2026-09-30 02:09:10
6463,TUN,Tunisia,2017,75.177,72.659,77.798,15.5,17.9,124.088,62.456,11.9,1.278,1.81,6.186,World Bank API,2026-09-30 02:09:10
6464,TUN,Tunisia,2018,75.37,72.834,78.007,15.1,17.5,122.817,61.725,11.6,1.288,1.82,5.938,World Bank API,2026-09-30 02:09:10
6465,TUN,Tunisia,2019,75.599,73.038,78.259,14.4,16.9,121.311,60.811,11.0,1.299,1.82,6.025,World Bank API,2026-09-30 02:09:10
6466,TUN,Tunisia,2020,75.004,72.397,77.745,13.5,16.0,126.215,64.978,10.4,1.315,2.42,7.056,World Bank API,2026-09-30 02:09:10
6467,TUN,Tunisia,2021,72.893,70.195,75.82,12.5,15.0,160.339,83.615,9.7,1.315,2.46,7.342,World Bank API,2026-09-30 02:09:10
6468,TUN,Tunisia,2022,76.05,73.456,78.712,11.5,13.9,119.063,59.929,9.0,1.315,2.46,7.513,World Bank API,2026-09-30 02:09:10
6469,TUR,Turkiye,1990,67.835,64.475,71.519,60.9,73.9,206.957,100.949,32.4,0.904,2.4,4.6,World Bank API,2026-09-30 02:09:10
6470,TUR,Turkiye,1991,68.287,64.917,71.963,57.3,69.4,203.355,98.538,30.8,0.956,2.4,4.6,World Bank API,2026-09-30 02:09:10
6471,TUR,Turkiye,1992,68.603,65.176,72.332,53.8,65.2,203.725,97.055,29.0,0.983,2.4,4.6,World Bank API,2026-09-30 02:09:10
6472,TUR,Turkiye,1993,69.018,65.578,72.739,50.4,61.1,201.217,94.738,27.2,1.035,2.5,4.6,World Bank API,2026-09-30 02:09:10
6473,TUR,Turkiye,1994,69.402,65.94,73.134,47.2,57.1,199.258,92.604,25.4,1.097,2.5,4.6,World Bank API,2026-09-30 02:09:10
6474,TUR,Turkiye,1995,69.734,66.216,73.522,44.1,53.4,198.914,90.534,23.8,1.112,2.5,4.6,World Bank API,2026-09-30 02:09:10
6475,TUR,Turkiye,1996,70.245,66.797,73.933,41.2,49.8,191.946,87.89,22.4,1.116,2.5,4.6,World Bank API,2026-09-30 02:09:10
6476,TUR,Turkiye,1997,70.668,67.258,74.303,38.3,46.4,187.159,85.613,21.1,1.138,2.5,4.6,World Bank API,2026-09-30 02:09:10
6477,TUR,Turkiye,1998,71.144,67.816,74.67,35.6,43.1,180.269,83.254,20.1,1.178,2.5,4.6,World Bank API,2026-09-30 02:09:10
6478,TUR,Turkiye,1999,70.752,67.622,74.051,33.1,40.1,184.04,92.685,19.0,1.233,2.6,4.6,World Bank API,2026-09-30 02:09:10
6479,TUR,Turkiye,2000,71.931,68.679,75.365,30.7,37.2,171.658,78.887,18.1,1.303,2.55,4.6,World Bank API,2026-09-30 02:09:10
6480,TUR,Turkiye,2001,72.271,69.034,75.689,28.5,34.5,168.945,76.99,16.9,1.356,2.5,4.888,World Bank API,2026-09-30 02:09:10
6481,TUR,Turkiye,2002,72.605,69.38,76.011,26.4,32.0,166.355,75.16,15.6,1.371,2.45,5.062,World Bank API,2026-09-30 02:09:10
6482,TUR,Turkiye,2003,72.906,69.682,76.319,24.4,29.6,164.422,73.52,14.5,1.393,2.44,5.014,World Bank API,2026-09-30 02:09:10
6483,TUR,Turkiye,2004,73.223,70.037,76.591,22.5,27.4,161.675,72.132,13.5,1.416,2.43,4.91,World Bank API,2026-09-30 02:09:10
6484,TUR,Turkiye,2005,73.51,70.304,76.909,20.9,25.3,160.207,70.504,12.6,1.455,2.47,4.894,World Bank API,2026-09-30 02:09:10
6485,TUR,Turkiye,2006,73.804,70.637,77.158,19.3,23.5,157.407,69.377,11.7,1.492,2.49,5.146,World Bank API,2026-09-30 02:09:10
6486,TUR,Turkiye,2007,74.129,70.975,77.468,17.9,21.8,154.585,67.841,10.8,1.532,2.52,5.238,World Bank API,2026-09-30 02:09:10
6487,TUR,Turkiye,2008,74.38,71.246,77.702,16.7,20.3,152.144,66.617,10.0,1.581,2.56,5.218,World Bank API,2026-09-30 02:09:10
6488,TUR,Turkiye,2009,74.679,71.555,77.997,15.5,18.9,147.769,64.292,9.2,1.637,2.6,5.494,World Bank API,2026-09-30 02:09:10
6489,TUR,Turkiye,2010,74.964,71.903,78.212,14.5,17.6,143.625,63.08,8.5,1.683,2.73,5.021,World Bank API,2026-09-30 02:09:10
6490,TUR,Turkiye,2011,74.823,71.758,78.121,13.6,16.6,145.759,63.944,7.9,1.698,2.62,4.653,World Bank API,2026-09-30 02:09:10
6491,TUR,Turkiye,2012,75.552,72.477,78.813,12.8,15.6,136.498,59.447,7.4,1.726,2.66,4.444,World Bank API,2026-09-30 02:09:10
6492,TUR,Turkiye,2013,76.171,73.118,79.365,12.1,14.7,128.298,56.069,7.0,1.751,2.64,4.371,World Bank API,2026-09-30 02:09:10
6493,TUR,Turkiye,2014,76.452,73.443,79.582,11.5,14.0,123.751,54.701,6.7,1.738,2.65,4.325,World Bank API,2026-09-30 02:09:10
6494,TUR,Turkiye,2015,76.539,73.481,79.74,11.0,13.3,123.431,53.808,6.5,1.765,2.62,4.117,World Bank API,2026-09-30 02:09:10
6495,TUR,Turkiye,2016,76.595,73.49,79.858,10.5,12.7,123.83,53.213,6.3,1.774,2.67,4.285,World Bank API,2026-09-30 02:09:10
6496,TUR,Turkiye,2017,77.037,73.957,80.252,10.1,12.2,117.247,51.016,6.1,1.805,2.72,4.18,World Bank API,2026-09-30 02:09:10
6497,TUR,Turkiye,2018,77.454,74.385,80.634,9.7,11.7,112.191,49.115,5.9,1.814,2.75,4.121,World Bank API,2026-09-30 02:09:10
6498,TUR,Turkiye,2019,77.737,74.678,80.89,9.4,11.3,108.758,47.84,5.9,1.884,2.78,4.36,World Bank API,2026-09-30 02:09:10
6499,TUR,Turkiye,2020,76.525,73.441,79.887,9.1,10.9,117.598,50.391,5.7,1.989,2.92,4.616,World Bank API,2026-09-30 02:09:10
6500,TUR,Turkiye,2021,75.722,72.719,79.004,8.8,10.6,137.08,62.06,5.4,2.118,2.94,4.561,World Bank API,2026-09-30 02:09:10
6501,TUR,Turkiye,2022,77.591,74.655,80.719,8.5,10.2,110.218,49.818,5.0,2.236,3.01,3.703,World Bank API,2026-09-30 02:09:10
6502,TUV,Tuvalu,1990,61.643,58.722,64.424,45.0,54.0,360.149,250.936,28.8,0.625,4.16,22.282,World Bank API,2026-09-30 02:09:10
6503,TUV,Tuvalu,1991,61.809,58.904,64.568,44.6,53.4,356.972,249.194,28.7,0.625,4.16,22.282,World Bank API,2026-09-30 02:09:10
6504,TUV,Tuvalu,1992,60.29,57.572,62.858,44.1,52.7,376.826,272.096,28.5,0.625,4.16,22.282,World Bank API,2026-09-30 02:09:10
6505,TUV,Tuvalu,1993,62.11,59.272,64.795,43.4,51.9,351.032,247.049,28.2,0.625,4.16,22.282,World Bank API,2026-09-30 02:09:10
6506,TUV,Tuvalu,1994,62.317,59.545,64.935,42.7,50.9,346.606,245.835,27.8,0.625,4.16,22.282,World Bank API,2026-09-30 02:09:10
6507,TUV,Tuvalu,1995,62.505,59.776,65.08,41.7,49.7,343.235,244.704,27.4,0.625,4.16,22.282,World Bank API,2026-09-30 02:09:10
6508,TUV,Tuvalu,1996,62.709,60.011,65.255,40.7,48.4,339.875,243.157,26.8,0.625,4.16,22.282,World Bank API,2026-09-30 02:09:10
6509,TUV,Tuvalu,1997,62.942,60.267,65.467,39.5,47.0,336.09,241.109,26.2,0.625,4.16,22.282,World Bank API,2026-09-30 02:09:10
6510,TUV,Tuvalu,1998,63.162,60.559,65.615,38.3,45.5,331.554,240.09,25.7,0.625,4.16,22.282,World Bank API,2026-09-30 02:09:10
6511,TUV,Tuvalu,1999,63.346,60.752,65.795,37.2,44.1,329.02,238.526,25.2,0.625,4.16,22.282,World Bank API,2026-09-30 02:09:10
6512,TUV,Tuvalu,2000,63.536,60.97,65.965,36.1,42.8,326.116,237.075,24.8,0.625,4.16,22.282,World Bank API,2026-09-30 02:09:10
6513,TUV,Tuvalu,2001,63.709,61.137,66.161,35.3,41.8,324.349,235.117,24.6,0.625,4.16,17.965,World Bank API,2026-09-30 02:09:10
6514,TUV,Tuvalu,2002,63.825,61.221,66.334,34.5,40.8,324.56,233.469,24.3,0.625,4.16,11.837,World Bank API,2026-09-30 02:09:10
6515,TUV,Tuvalu,2003,63.897,61.27,66.452,33.8,40.0,325.54,232.57,24.0,1.031,4.16,13.703,World Bank API,2026-09-30 02:09:10
6516,TUV,Tuvalu,2004,63.989,61.323,66.593,33.1,39.1,326.515,231.48,23.5,1.019,4.16,9.331,World Bank API,2026-09-30 02:09:10
6517,TUV,Tuvalu,2005,64.096,61.386,66.763,32.3,38.1,327.327,230.119,22.8,1.007,4.16,10.067,World Bank API,2026-09-30 02:09:10
6518,TUV,Tuvalu,2006,64.247,61.524,66.939,31.3,36.9,326.786,228.665,21.7,0.995,4.16,12.176,World Bank API,2026-09-30 02:09:10
6519,TUV,Tuvalu,2007,64.402,61.656,67.132,30.2,35.6,326.318,227.017,20.4,0.983,4.16,10.459,World Bank API,2026-09-30 02:09:10
6520,TUV,Tuvalu,2008,64.516,61.715,67.325,29.0,34.2,327.584,225.519,18.9,0.971,4.16,10.34,World Bank API,2026-09-30 02:09:10
6521,TUV,Tuvalu,2009,64.693,61.864,67.547,27.9,32.8,327.172,223.52,17.5,1.143,4.16,13.011,World Bank API,2026-09-30 02:09:10
6522,TUV,Tuvalu,2010,64.834,61.938,67.787,26.7,31.4,328.338,221.15,16.3,1.096,4.16,16.214,World Bank API,2026-09-30 02:09:10
6523,TUV,Tuvalu,2011,64.96,62.005,68.007,25.7,30.2,329.652,219.161,15.2,1.049,4.16,14.744,World Bank API,2026-09-30 02:09:10
6524,TUV,Tuvalu,2012,65.079,62.048,68.248,24.7,29.0,331.346,216.799,14.2,1.003,4.16,13.874,World Bank API,2026-09-30 02:09:10
6525,TUV,Tuvalu,2013,65.171,62.086,68.436,23.8,28.0,333.058,215.137,13.4,0.956,4.16,13.804,World Bank API,2026-09-30 02:09:10
6526,TUV,Tuvalu,2014,65.278,62.139,68.644,23.0,26.9,334.267,213.096,12.6,0.909,4.16,14.528,World Bank API,2026-09-30 02:09:10
6527,TUV,Tuvalu,2015,65.365,62.148,68.876,22.2,26.0,336.159,210.656,12.0,0.982,4.16,13.442,World Bank API,2026-09-30 02:09:10
6528,TUV,Tuvalu,2016,65.51,62.277,69.084,21.5,25.2,335.332,208.511,11.5,1.055,4.16,18.325,World Bank API,2026-09-30 02:09:10
6529,TUV,Tuvalu,2017,65.683,62.467,69.273,20.8,24.3,333.026,206.588,11.0,1.128,4.16,24.458,World Bank API,2026-09-30 02:09:10
6530,TUV,Tuvalu,2018,65.871,62.654,69.511,20.1,23.5,330.531,203.893,10.6,1.2,4.16,18.422,World Bank API,2026-09-30 02:09:10
6531,TUV,Tuvalu,2019,66.109,62.865,69.735,19.4,22.7,327.385,201.33,10.3,1.273,4.16,22.223,World Bank API,2026-09-30 02:09:10
6532,TUV,Tuvalu,2020,66.357,63.094,69.96,18.7,21.9,323.741,198.678,9.9,1.346,4.16,17.887,World Bank API,2026-09-30 02:09:10
6533,TUV,Tuvalu,2021,65.824,62.433,69.601,18.2,21.2,347.1,214.657,9.6,1.346,4.16,18.574,World Bank API,2026-09-30 02:09:10
6534,TUV,Tuvalu,2022,66.852,63.547,70.412,17.6,20.5,316.372,193.237,9.2,1.346,4.16,21.288,World Bank API,2026-09-30 02:09:10
6535,TZA,Tanzania,1990,51.985,50.288,53.75,106.2,167.9,376.36,311.177,40.0,0.042,1.025,3.415,World Bank API,2026-09-30 02:09:10
6536,TZA,Tanzania,1991,51.837,50.206,53.528,105.2,165.7,384.432,322.539,39.2,0.042,0.957,3.415,World Bank API,2026-09-30 02:09:10
6537,TZA,Tanzania,1992,51.432,49.807,53.11,104.4,163.6,400.307,337.786,38.5,0.042,0.89,3.415,World Bank API,2026-09-30 02:09:10
6538,TZA,Tanzania,1993,51.215,49.669,52.803,103.5,161.4,411.479,353.329,37.8,0.042,0.875,3.415,World Bank API,2026-09-30 02:09:10
6539,TZA,Tanzania,1994,51.077,49.633,52.558,102.4,158.9,418.754,365.626,37.2,0.042,0.86,3.415,World Bank API,2026-09-30 02:09:10
6540,TZA,Tanzania,1995,51.005,49.628,52.419,101.1,156.0,426.27,376.565,36.5,0.041,0.844,3.415,World Bank API,2026-09-30 02:09:10
6541,TZA,Tanzania,1996,51.132,49.873,52.412,99.3,152.3,427.623,385.13,35.9,0.038,0.829,3.415,World Bank API,2026-09-30 02:09:10
6542,TZA,Tanzania,1997,51.246,50.066,52.428,96.8,147.7,430.585,392.953,35.2,0.036,0.814,3.415,World Bank API,2026-09-30 02:09:10
6543,TZA,Tanzania,1998,51.807,50.755,52.851,93.7,142.1,423.544,394.621,34.4,0.033,0.798,3.415,World Bank API,2026-09-30 02:09:10
6544,TZA,Tanzania,1999,52.399,51.404,53.378,89.8,135.5,418.449,393.952,33.6,0.031,0.783,3.415,World Bank API,2026-09-30 02:09:10
6545,TZA,Tanzania,2000,53.244,52.145,54.329,85.2,128.0,411.892,383.688,32.6,0.028,0.768,3.415,World Bank API,2026-09-30 02:09:10
6546,TZA,Tanzania,2001,54.124,52.921,55.316,80.3,120.3,404.697,373.492,31.6,0.026,0.752,4.236,World Bank API,2026-09-30 02:09:10
6547,TZA,Tanzania,2002,54.94,53.699,56.16,75.3,112.4,397.65,367.219,30.5,0.023,0.737,4.689,World Bank API,2026-09-30 02:09:10
6548,TZA,Tanzania,2003,55.929,54.603,57.232,70.6,105.0,387.493,355.108,29.4,0.024,0.722,5.342,World Bank API,2026-09-30 02:09:10
6549,TZA,Tanzania,2004,56.836,55.441,58.207,66.3,98.3,378.294,344.49,28.4,0.025,0.707,5.737,World Bank API,2026-09-30 02:09:10
6550,TZA,Tanzania,2005,57.675,56.228,59.099,62.3,92.2,369.972,335.426,27.6,0.025,0.691,6.323,World Bank API,2026-09-30 02:09:10
6551,TZA,Tanzania,2006,58.512,56.931,60.076,58.9,86.7,362.99,322.987,26.8,0.026,0.676,7.598,World Bank API,2026-09-30 02:09:10
6552,TZA,Tanzania,2007,59.26,57.597,60.907,55.5,81.3,356.969,313.587,26.2,0.027,0.661,6.884,World Bank API,2026-09-30 02:09:10
6553,TZA,Tanzania,2008,59.896,58.178,61.597,53.0,76.6,352.007,306.715,25.6,0.028,0.645,5.557,World Bank API,2026-09-30 02:09:10
6554,TZA,Tanzania,2009,60.494,58.814,62.151,50.3,72.0,344.119,303.316,25.1,0.029,0.63,5.063,World Bank API,2026-09-30 02:09:10
6555,TZA,Tanzania,2010,61.127,59.326,62.904,48.3,68.2,339.479,293.38,24.6,0.029,0.74,5.224,World Bank API,2026-09-30 02:09:10
6556,TZA,Tanzania,2011,61.618,59.788,63.42,46.4,64.6,335.299,288.532,24.2,0.03,0.76,5.056,World Bank API,2026-09-30 02:09:10
6557,TZA,Tanzania,2012,62.286,60.321,64.228,44.8,61.7,327.882,275.868,23.9,0.031,0.885,5.018,World Bank API,2026-09-30 02:09:10
6558,TZA,Tanzania,2013,62.788,60.769,64.784,43.5,59.0,322.664,269.122,23.7,0.046,1.01,4.646,World Bank API,2026-09-30 02:09:10
6559,TZA,Tanzania,2014,63.364,61.122,65.596,42.1,56.3,319.634,255.664,23.5,0.06,0.68,4.015,World Bank API,2026-09-30 02:09:10
6560,TZA,Tanzania,2015,63.928,61.61,66.237,40.8,54.3,311.957,245.966,23.4,0.057,0.57,3.65,World Bank API,2026-09-30 02:09:10
6561,TZA,Tanzania,2016,64.404,61.968,66.844,39.3,52.0,308.418,237.242,23.4,0.055,0.46,3.964,World Bank API,2026-09-30 02:09:10
6562,TZA,Tanzania,2017,64.963,62.377,67.57,37.5,49.8,303.406,225.372,23.3,0.053,0.45,4.023,World Bank API,2026-09-30 02:09:10
6563,TZA,Tanzania,2018,65.488,62.761,68.251,35.9,47.6,299.144,215.243,23.1,0.05,0.44,4.328,World Bank API,2026-09-30 02:09:10
6564,TZA,Tanzania,2019,66.007,63.141,68.916,34.5,45.6,294.104,204.702,22.7,0.071,0.62,4.023,World Bank API,2026-09-30 02:09:10
6565,TZA,Tanzania,2020,66.771,63.667,69.961,33.2,43.8,281.553,188.005,22.3,0.092,0.64,3.05,World Bank API,2026-09-30 02:09:10
6566,TZA,Tanzania,2021,66.131,63.204,69.093,32.1,41.7,299.253,206.529,21.7,0.113,0.64,3.47,World Bank API,2026-09-30 02:09:10
6567,TZA,Tanzania,2022,66.879,64.118,69.625,30.9,40.1,280.304,201.54,21.2,0.134,0.84,3.135,World Bank API,2026-09-30 02:09:10
6568,UGA,Uganda,1990,47.561,45.32,49.846,107.1,182.2,489.585,407.187,39.2,0.04,0.916,5.083,World Bank API,2026-09-30 02:09:10
6569,UGA,Uganda,1991,47.549,45.302,49.839,104.8,177.7,498.346,416.538,38.0,0.04,0.916,5.083,World Bank API,2026-09-30 02:09:10
6570,UGA,Uganda,1992,47.671,45.52,49.852,102.6,173.1,500.457,423.743,36.9,0.04,0.888,5.083,World Bank API,2026-09-30 02:09:10
6571,UGA,Uganda,1993,47.681,45.58,49.808,100.7,169.0,506.422,432.755,36.1,0.04,0.859,5.083,World Bank API,2026-09-30 02:09:10
6572,UGA,Uganda,1994,47.675,45.633,49.737,99.2,165.5,511.958,441.803,35.4,0.041,0.83,5.083,World Bank API,2026-09-30 02:09:10
6573,UGA,Uganda,1995,47.706,45.754,49.669,98.1,162.7,515.015,450.379,35.0,0.042,0.801,5.083,World Bank API,2026-09-30 02:09:10
6574,UGA,Uganda,1996,47.759,45.842,49.677,97.3,160.3,518.16,456.283,34.6,0.042,0.773,5.083,World Bank API,2026-09-30 02:09:10
6575,UGA,Uganda,1997,48.026,46.205,49.838,96.4,157.7,514.872,459.121,34.1,0.043,0.744,5.083,World Bank API,2026-09-30 02:09:10
6576,UGA,Uganda,1998,48.263,46.508,50.001,94.8,154.2,513.723,462.507,33.6,0.044,0.715,5.083,World Bank API,2026-09-30 02:09:10
6577,UGA,Uganda,1999,48.977,47.243,50.687,92.4,149.6,505.108,455.493,33.1,0.045,0.687,5.083,World Bank API,2026-09-30 02:09:10
6578,UGA,Uganda,2000,49.64,47.85,51.405,89.3,143.9,500.302,448.613,32.3,0.045,0.658,5.083,World Bank API,2026-09-30 02:09:10
6579,UGA,Uganda,2001,50.576,48.8,52.318,85.5,137.2,488.053,438.242,31.5,0.046,0.629,5.052,World Bank API,2026-09-30 02:09:10
6580,UGA,Uganda,2002,51.443,49.548,53.305,81.2,129.9,482.553,426.592,30.6,0.047,0.601,4.771,World Bank API,2026-09-30 02:09:10
6581,UGA,Uganda,2003,52.414,50.453,54.338,76.6,122.1,471.051,413.672,29.7,0.064,0.572,4.299,World Bank API,2026-09-30 02:09:10
6582,UGA,Uganda,2004,53.699,51.742,55.599,71.9,114.2,453.063,397.433,28.9,0.081,0.543,4.7,World Bank API,2026-09-30 02:09:10
6583,UGA,Uganda,2005,54.926,52.929,56.853,67.3,106.5,436.295,380.853,28.3,0.12,0.515,5.805,World Bank API,2026-09-30 02:09:10
6584,UGA,Uganda,2006,56.118,54.114,58.042,63.0,99.2,419.719,365.362,27.7,0.117,0.486,6.463,World Bank API,2026-09-30 02:09:10
6585,UGA,Uganda,2007,57.248,55.243,59.16,58.9,92.5,403.754,351.138,27.2,0.114,0.457,6.113,World Bank API,2026-09-30 02:09:10
6586,UGA,Uganda,2008,58.253,56.203,60.202,55.3,86.4,391.871,338.012,26.6,0.111,0.429,5.455,World Bank API,2026-09-30 02:09:10
6587,UGA,Uganda,2009,59.157,57.018,61.194,52.7,81.2,383.111,325.53,26.2,0.107,0.4,5.788,World Bank API,2026-09-30 02:09:10
6588,UGA,Uganda,2010,59.959,57.732,62.081,49.9,76.0,375.993,314.44,25.7,0.104,0.5,6.809,World Bank API,2026-09-30 02:09:10
6589,UGA,Uganda,2011,60.791,58.555,62.91,47.0,70.9,365.371,306.092,25.3,0.101,0.5,6.696,World Bank API,2026-09-30 02:09:10
6590,UGA,Uganda,2012,61.579,59.241,63.797,44.4,66.5,357.612,294.25,24.8,0.098,0.5,6.109,World Bank API,2026-09-30 02:09:10
6591,UGA,Uganda,2013,62.353,59.916,64.669,42.9,62.8,349.39,282.132,24.3,0.098,0.5,5.783,World Bank API,2026-09-30 02:09:10
6592,UGA,Uganda,2014,63.057,60.481,65.516,41.6,60.2,343.422,270.207,23.8,0.097,0.5,5.337,World Bank API,2026-09-30 02:09:10
6593,UGA,Uganda,2015,63.831,61.206,66.335,40.3,57.9,332.567,258.414,23.3,0.097,0.5,4.996,World Bank API,2026-09-30 02:09:10
6594,UGA,Uganda,2016,64.494,61.77,67.102,39.1,55.6,325.608,247.274,22.9,0.134,0.5,5.016,World Bank API,2026-09-30 02:09:10
6595,UGA,Uganda,2017,65.174,62.412,67.823,38.1,54.0,316.326,236.912,22.6,0.172,0.5,3.999,World Bank API,2026-09-30 02:09:10
6596,UGA,Uganda,2018,65.775,62.969,68.473,37.3,52.7,308.31,227.293,22.3,0.167,0.5,4.022,World Bank API,2026-09-30 02:09:10
6597,UGA,Uganda,2019,66.354,63.475,69.13,36.9,51.6,300.936,217.824,22.0,0.163,0.5,3.793,World Bank API,2026-09-30 02:09:10
6598,UGA,Uganda,2020,66.41,63.352,69.43,36.6,50.9,298.863,211.568,21.8,0.158,0.5,5.239,World Bank API,2026-09-30 02:09:10
6599,UGA,Uganda,2021,66.45,63.584,69.235,36.4,50.2,305.307,219.8,21.6,0.174,0.5,5.474,World Bank API,2026-09-30 02:09:10
6600,UGA,Uganda,2022,67.675,64.697,70.544,36.5,50.0,278.99,197.445,21.6,0.191,0.5,4.451,World Bank API,2026-09-30 02:09:10
6601,UKR,Ukraine,1990,70.354,65.388,74.828,18.3,19.2,287.918,111.947,11.8,4.29,13.013,5.307,World Bank API,2026-09-30 02:09:10
6602,UKR,Ukraine,1991,69.688,64.593,74.412,18.4,19.2,306.891,117.046,11.8,4.345,12.969,5.307,World Bank API,2026-09-30 02:09:10
6603,UKR,Ukraine,1992,68.947,63.774,73.865,18.6,19.4,325.256,123.721,11.8,4.297,12.729,5.307,World Bank API,2026-09-30 02:09:10
6604,UKR,Ukraine,1993,68.287,63.026,73.409,18.9,19.7,343.776,130.795,12.0,4.342,12.471,5.307,World Bank API,2026-09-30 02:09:10
6605,UKR,Ukraine,1994,67.534,62.155,72.898,19.1,19.9,366.572,139.247,12.1,4.314,12.302,5.307,World Bank API,2026-09-30 02:09:10
6606,UKR,Ukraine,1995,67.114,61.607,72.704,19.4,20.1,382.793,143.848,12.2,4.407,11.89,5.307,World Bank API,2026-09-30 02:09:10
6607,UKR,Ukraine,1996,67.097,61.547,72.763,19.4,20.1,386.135,143.877,12.2,2.992,10.84,5.307,World Bank API,2026-09-30 02:09:10
6608,UKR,Ukraine,1997,67.658,62.18,73.197,19.2,19.9,371.084,137.221,12.1,2.97,9.37,5.307,World Bank API,2026-09-30 02:09:10
6609,UKR,Ukraine,1998,67.993,62.553,73.473,18.8,19.5,361.79,133.064,11.8,2.99,9.04,5.307,World Bank API,2026-09-30 02:09:10
6610,UKR,Ukraine,1999,68.004,62.507,73.582,18.3,18.9,363.591,132.041,11.4,2.986,8.95,5.307,World Bank API,2026-09-30 02:09:10
6611,UKR,Ukraine,2000,67.786,62.208,73.514,17.6,18.2,372.165,134.631,10.9,2.986,8.76,5.307,World Bank API,2026-09-30 02:09:10
6612,UKR,Ukraine,2001,67.675,62.028,73.52,16.8,17.4,378.783,137.267,10.4,2.984,8.74,5.725,World Bank API,2026-09-30 02:09:10
6613,UKR,Ukraine,2002,67.699,62.077,73.526,16.1,16.6,380.394,139.534,9.8,2.976,8.77,5.992,World Bank API,2026-09-30 02:09:10
6614,UKR,Ukraine,2003,67.638,61.997,73.517,15.3,15.8,386.335,142.803,9.3,2.964,8.69,6.546,World Bank API,2026-09-30 02:09:10
6615,UKR,Ukraine,2004,67.472,61.805,73.418,14.7,15.1,393.276,146.063,8.9,2.968,8.6,6.169,World Bank API,2026-09-30 02:09:10
6616,UKR,Ukraine,2005,67.517,61.824,73.5,14.1,14.5,393.912,146.165,8.5,2.974,8.56,6.346,World Bank API,2026-09-30 02:09:10
6617,UKR,Ukraine,2006,67.49,61.748,73.521,13.6,14.0,394.775,146.41,8.2,3.04,8.61,6.417,World Bank API,2026-09-30 02:09:10
6618,UKR,Ukraine,2007,67.715,62.001,73.706,13.1,13.4,390.734,144.841,7.9,3.043,8.59,6.018,World Bank API,2026-09-30 02:09:10
6619,UKR,Ukraine,2008,68.262,62.66,74.053,12.5,12.9,374.507,139.988,7.6,3.074,8.61,5.498,World Bank API,2026-09-30 02:09:10
6620,UKR,Ukraine,2009,69.159,63.784,74.573,12.0,12.3,345.795,130.561,7.2,3.442,9.25,6.61,World Bank API,2026-09-30 02:09:10
6621,UKR,Ukraine,2010,70.188,65.021,75.254,11.4,11.7,313.243,119.21,6.9,3.433,9.23,6.814,World Bank API,2026-09-30 02:09:10
6622,UKR,Ukraine,2011,70.711,65.592,75.678,10.9,11.2,300.253,113.957,6.6,3.432,8.9,6.817,World Bank API,2026-09-30 02:09:10
6623,UKR,Ukraine,2012,71.09,65.963,76.049,10.4,10.7,294.532,111.633,6.3,3.434,8.75,7.118,World Bank API,2026-09-30 02:09:10
6624,UKR,Ukraine,2013,71.474,66.345,76.424,10.0,10.2,289.204,108.886,6.0,3.433,8.63,6.944,World Bank API,2026-09-30 02:09:10
6625,UKR,Ukraine,2014,71.803,66.611,76.818,9.6,9.8,285.569,105.606,5.8,2.936,7.31,7.195,World Bank API,2026-09-30 02:09:10
6626,UKR,Ukraine,2015,72.686,67.651,77.458,9.2,9.5,268.138,100.358,5.6,2.936,7.27,7.784,World Bank API,2026-09-30 02:09:10
6627,UKR,Ukraine,2016,73.389,68.458,78.004,8.9,9.1,255.492,96.847,5.4,2.936,6.91,7.552,World Bank API,2026-09-30 02:09:10
6628,UKR,Ukraine,2017,73.993,69.1,78.55,8.7,8.9,247.585,93.703,5.2,2.936,6.8,7.446,World Bank API,2026-09-30 02:09:10
6629,UKR,Ukraine,2018,73.569,68.569,78.326,8.5,8.7,254.486,93.178,5.1,2.936,6.68,7.521,World Bank API,2026-09-30 02:09:10
6630,UKR,Ukraine,2019,73.92,68.866,78.73,8.3,8.5,249.581,90.459,5.0,2.936,6.56,7.094,World Bank API,2026-09-30 02:09:10
6631,UKR,Ukraine,2020,73.283,68.348,78.024,8.2,8.4,249.938,96.507,4.9,2.936,6.15,7.562,World Bank API,2026-09-30 02:09:10
6632,UKR,Ukraine,2021,71.631,67.124,76.033,8.0,8.2,266.671,110.716,4.8,2.936,5.53,8.203,World Bank API,2026-09-30 02:09:10
6633,UKR,Ukraine,2022,72.658,66.193,79.413,8.0,8.5,310.498,93.796,4.8,2.936,6.14,8.203,World Bank API,2026-09-30 02:09:10
6634,URY,Uruguay,1990,72.994,69.262,76.898,20.7,23.6,188.333,97.972,11.8,3.68,4.523,9.172,World Bank API,2026-09-30 02:09:10
6635,URY,Uruguay,1991,73.198,69.473,77.094,20.4,23.2,183.64,94.728,11.7,3.453,4.515,9.172,World Bank API,2026-09-30 02:09:10
6636,URY,Uruguay,1992,73.185,69.421,77.128,20.0,22.9,182.566,92.988,11.5,3.226,4.508,9.172,World Bank API,2026-09-30 02:09:10
6637,URY,Uruguay,1993,73.147,69.249,77.254,19.7,22.5,186.828,92.048,11.3,3.337,4.5,9.172,World Bank API,2026-09-30 02:09:10
6638,URY,Uruguay,1994,73.162,69.205,77.336,19.2,22.0,188.027,93.12,11.0,3.449,4.463,9.172,World Bank API,2026-09-30 02:09:10
6639,URY,Uruguay,1995,73.493,69.474,77.72,18.5,21.3,185.106,92.35,10.3,3.56,4.427,9.172,World Bank API,2026-09-30 02:09:10
6640,URY,Uruguay,1996,73.812,69.762,78.05,17.7,20.3,184.175,91.357,9.6,3.703,4.39,9.172,World Bank API,2026-09-30 02:09:10
6641,URY,Uruguay,1997,73.92,69.885,78.121,16.8,19.4,183.644,91.572,9.1,3.717,4.019,9.172,World Bank API,2026-09-30 02:09:10
6642,URY,Uruguay,1998,74.029,69.989,78.228,16.0,18.4,184.526,90.541,8.7,3.731,3.648,9.172,World Bank API,2026-09-30 02:09:10
6643,URY,Uruguay,1999,74.293,70.214,78.518,15.2,17.6,182.399,90.26,8.6,3.745,3.277,9.172,World Bank API,2026-09-30 02:09:10
6644,URY,Uruguay,2000,74.693,70.641,78.858,14.7,17.0,176.509,88.868,8.5,3.756,2.906,9.172,World Bank API,2026-09-30 02:09:10
6645,URY,Uruguay,2001,74.987,70.943,79.124,14.3,16.6,172.969,89.994,8.4,3.766,2.534,9.757,World Bank API,2026-09-30 02:09:10
6646,URY,Uruguay,2002,74.979,71.01,79.042,14.0,16.2,168.132,89.429,8.2,3.777,2.163,9.64,World Bank API,2026-09-30 02:09:10
6647,URY,Uruguay,2003,75.086,71.145,79.122,13.6,15.7,166.735,89.318,8.0,3.814,1.792,9.577,World Bank API,2026-09-30 02:09:10
6648,URY,Uruguay,2004,75.319,71.452,79.257,13.1,15.2,163.902,88.674,7.7,3.85,1.421,8.266,World Bank API,2026-09-30 02:09:10
6649,URY,Uruguay,2005,75.829,71.911,79.796,12.4,14.4,161.549,86.238,7.3,3.886,1.05,7.724,World Bank API,2026-09-30 02:09:10
6650,URY,Uruguay,2006,75.888,71.91,79.908,11.7,13.6,162.206,85.199,6.8,3.923,1.0,7.71,World Bank API,2026-09-30 02:09:10
6651,URY,Uruguay,2007,76.15,72.156,80.141,10.9,12.7,159.412,83.547,6.1,3.96,0.99,7.462,World Bank API,2026-09-30 02:09:10
6652,URY,Uruguay,2008,76.275,72.289,80.225,10.2,11.9,159.085,83.478,5.5,3.996,0.96,8.091,World Bank API,2026-09-30 02:09:10
6653,URY,Uruguay,2009,76.67,72.693,80.566,9.7,11.3,156.339,81.995,5.1,3.998,1.11,7.916,World Bank API,2026-09-30 02:09:10
6654,URY,Uruguay,2010,76.691,72.673,80.635,9.2,10.8,156.387,81.403,4.9,3.999,2.61,7.878,World Bank API,2026-09-30 02:09:10
6655,URY,Uruguay,2011,76.614,72.631,80.516,8.9,10.4,155.529,81.567,4.9,4.0,2.58,7.915,World Bank API,2026-09-30 02:09:10
6656,URY,Uruguay,2012,76.691,72.71,80.577,8.5,10.0,155.082,81.154,5.0,4.002,2.54,8.033,World Bank API,2026-09-30 02:09:10
6657,URY,Uruguay,2013,76.953,72.968,80.82,8.2,9.7,152.93,80.409,5.0,4.004,2.54,8.084,World Bank API,2026-09-30 02:09:10
6658,URY,Uruguay,2014,77.194,73.259,80.987,7.9,9.3,151.156,80.14,5.0,4.005,2.5,8.039,World Bank API,2026-09-30 02:09:10
6659,URY,Uruguay,2015,77.285,73.381,81.046,7.5,8.9,147.718,79.348,5.0,4.006,2.48,8.257,World Bank API,2026-09-30 02:09:10
6660,URY,Uruguay,2016,77.351,73.537,81.013,7.1,8.4,144.773,79.707,4.9,4.008,2.51,8.639,World Bank API,2026-09-30 02:09:10
6661,URY,Uruguay,2017,77.618,73.856,81.204,6.8,8.0,140.518,80.421,4.9,5.01,2.47,8.717,World Bank API,2026-09-30 02:09:10
6662,URY,Uruguay,2018,77.527,73.449,81.501,6.5,7.7,148.261,77.532,4.8,4.894,2.52,8.9,World Bank API,2026-09-30 02:09:10
6663,URY,Uruguay,2019,77.503,73.58,81.293,6.2,7.5,145.596,77.197,4.8,4.779,2.5,9.241,World Bank API,2026-09-30 02:09:10
6664,URY,Uruguay,2020,78.381,74.511,82.015,6.1,7.3,136.193,76.847,4.6,4.664,2.52,9.088,World Bank API,2026-09-30 02:09:10
6665,URY,Uruguay,2021,75.434,71.501,79.444,6.1,7.3,170.987,95.295,4.4,4.548,2.5,8.92,World Bank API,2026-09-30 02:09:10
6666,URY,Uruguay,2022,76.468,72.434,80.505,6.1,7.3,159.85,86.227,4.2,4.674,2.51,8.89,World Bank API,2026-09-30 02:09:10
6667,USA,United States,1990,75.215,71.8,78.8,9.4,11.2,172.059,90.868,5.8,1.8,4.9,12.49,World Bank API,2026-09-30 02:09:10
6668,USA,United States,1991,75.366,72.0,78.9,9.1,10.9,170.606,90.652,5.6,1.9,4.8,12.49,World Bank API,2026-09-30 02:09:10
6669,USA,United States,1992,75.617,72.3,79.1,8.8,10.5,168.459,88.984,5.4,1.9,4.6,12.49,World Bank API,2026-09-30 02:09:10
6670,USA,United States,1993,75.42,72.2,78.8,8.5,10.1,170.257,90.066,5.2,1.9,4.5,12.49,World Bank API,2026-09-30 02:09:10
6671,USA,United States,1994,75.62,72.4,79.0,8.2,9.8,169.025,89.515,5.1,2.156,4.3,12.49,World Bank API,2026-09-30 02:09:10
6672,USA,United States,1995,75.622,72.5,78.9,7.9,9.5,166.964,89.372,5.0,2.411,4.1,12.49,World Bank API,2026-09-30 02:09:10
6673,USA,United States,1996,76.027,73.1,79.1,7.7,9.2,158.008,87.123,4.9,2.448,3.9,12.49,World Bank API,2026-09-30 02:09:10
6674,USA,United States,1997,76.429,73.6,79.4,7.5,8.9,149.441,85.4,4.8,2.485,3.8,12.49,World Bank API,2026-09-30 02:09:10
6675,USA,United States,1998,76.58,73.8,79.5,7.3,8.7,145.506,83.564,4.7,2.522,3.7,12.49,World Bank API,2026-09-30 02:09:10
6676,USA,United States,1999,76.583,73.9,79.4,7.2,8.6,144.774,83.804,4.6,2.559,3.6,12.49,World Bank API,2026-09-30 02:09:10
6677,USA,United States,2000,76.637,74.1,79.3,7.1,8.4,143.926,83.359,4.6,2.596,3.49,12.49,World Bank API,2026-09-30 02:09:10
6678,USA,United States,2001,76.837,74.3,79.5,7.0,8.3,144.307,84.172,4.7,2.625,3.47,13.168,World Bank API,2026-09-30 02:09:10
6679,USA,United States,2002,76.937,74.4,79.6,7.0,8.2,144.378,83.72,4.7,2.654,3.4,13.995,World Bank API,2026-09-30 02:09:10
6680,USA,United States,2003,77.037,74.5,79.7,6.9,8.1,143.909,83.557,4.6,2.682,3.33,14.506,World Bank API,2026-09-30 02:09:10
6681,USA,United States,2004,77.488,75.0,80.1,6.8,8.1,140.559,81.47,4.5,2.711,3.26,14.551,World Bank API,2026-09-30 02:09:10
6682,USA,United States,2005,77.488,75.0,80.1,6.8,8.0,141.969,81.507,4.5,2.699,3.2,14.579,World Bank API,2026-09-30 02:09:10
6683,USA,United States,2006,77.688,75.2,80.3,6.7,7.9,141.119,80.928,4.4,2.688,3.17,14.709,World Bank API,2026-09-30 02:09:10
6684,USA,United States,2007,77.988,75.5,80.6,6.6,7.7,138.605,79.447,4.3,2.676,3.13,14.918,World Bank API,2026-09-30 02:09:10
6685,USA,United States,2008,78.039,75.6,80.6,6.5,7.6,136.811,78.705,4.2,2.664,3.12,15.207,World Bank API,2026-09-30 02:09:10
6686,USA,United States,2009,78.39,76.0,80.9,6.4,7.5,134.966,79.055,4.1,2.653,3.07,16.201,World Bank API,2026-09-30 02:09:10
6687,USA,United States,2010,78.541,76.2,81.0,6.2,7.3,131.884,77.159,4.1,2.641,3.03,16.197,World Bank API,2026-09-30 02:09:10
6688,USA,United States,2011,78.641,76.3,81.1,6.1,7.2,132.138,77.926,4.1,2.63,2.94,16.14,World Bank API,2026-09-30 02:09:10
6689,USA,United States,2012,78.741,76.4,81.2,6.0,7.0,131.345,77.717,4.1,2.618,2.9,16.12,World Bank API,2026-09-30 02:09:10
6690,USA,United States,2013,78.741,76.4,81.2,5.9,6.9,131.259,78.083,4.0,2.606,2.86,15.952,World Bank API,2026-09-30 02:09:10
6691,USA,United States,2014,78.841,76.5,81.3,5.8,6.8,131.878,79.372,4.0,2.595,2.79,16.142,World Bank API,2026-09-30 02:09:10
6692,USA,United States,2015,78.69,76.3,81.2,5.8,6.8,134.303,80.429,3.9,2.583,2.75,16.402,World Bank API,2026-09-30 02:09:10
6693,USA,United States,2016,78.539,76.1,81.1,5.7,6.7,138.505,82.097,3.8,2.571,2.72,16.692,World Bank API,2026-09-30 02:09:10
6694,USA,United States,2017,78.539,76.1,81.1,5.6,6.6,139.215,81.986,3.8,2.56,2.8,16.638,World Bank API,2026-09-30 02:09:10
6695,USA,United States,2018,78.639,76.2,81.2,5.6,6.5,137.524,80.593,3.8,2.548,2.76,16.513,World Bank API,2026-09-30 02:09:10
6696,USA,United States,2019,78.788,76.3,81.4,5.5,6.5,136.829,79.455,3.7,3.482,2.72,16.545,World Bank API,2026-09-30 02:09:10
6697,USA,United States,2020,76.98,74.2,79.9,5.5,6.5,162.969,92.257,3.6,3.518,2.71,18.516,World Bank API,2026-09-30 02:09:10
6698,USA,United States,2021,76.329,73.5,79.3,5.5,6.5,180.549,103.648,3.5,3.575,2.7,17.352,World Bank API,2026-09-30 02:09:10
6699,USA,United States,2022,77.434,74.8,80.2,5.5,6.5,159.272,90.891,3.5,3.681,2.68,16.529,World Bank API,2026-09-30 02:09:10
6700,UZB,Uzbekistan,1990,65.772,63.039,68.468,60.2,69.8,232.444,139.904,30.3,3.38,12.483,5.133,World Bank API,2026-09-30 02:09:10
6701,UZB,Uzbekistan,1991,65.529,62.562,68.504,60.2,69.3,247.467,142.026,30.3,3.368,10.947,5.133,World Bank API,2026-09-30 02:09:10
6702,UZB,Uzbekistan,1992,65.236,62.238,68.259,60.5,69.4,257.734,149.137,30.4,3.357,10.754,5.133,World Bank API,2026-09-30 02:09:10
6703,UZB,Uzbekistan,1993,64.924,61.918,67.968,60.8,69.4,267.221,156.247,30.4,3.326,9.394,5.133,World Bank API,2026-09-30 02:09:10
6704,UZB,Uzbekistan,1994,64.681,61.767,67.637,60.8,69.1,269.868,164.136,30.4,3.296,8.663,5.133,World Bank API,2026-09-30 02:09:10
6705,UZB,Uzbekistan,1995,64.67,61.598,67.821,60.5,68.5,273.607,160.297,30.3,3.238,8.3,5.133,World Bank API,2026-09-30 02:09:10
6706,UZB,Uzbekistan,1996,64.78,61.593,68.072,60.1,67.6,273.916,155.816,30.1,3.14,7.93,5.133,World Bank API,2026-09-30 02:09:10
6707,UZB,Uzbekistan,1997,65.028,61.885,68.267,59.3,66.6,267.541,153.304,29.8,3.089,6.48,5.133,World Bank API,2026-09-30 02:09:10
6708,UZB,Uzbekistan,1998,65.169,62.153,68.259,58.2,65.0,264.097,156.971,29.4,3.062,5.55,5.133,World Bank API,2026-09-30 02:09:10
6709,UZB,Uzbekistan,1999,65.307,62.324,68.366,56.7,63.0,265.131,159.174,28.9,3.012,5.39,5.133,World Bank API,2026-09-30 02:09:10
6710,UZB,Uzbekistan,2000,65.456,62.395,68.616,54.8,60.7,270.279,159.265,28.1,2.961,5.59,5.133,World Bank API,2026-09-30 02:09:10
6711,UZB,Uzbekistan,2001,65.853,62.802,69.001,52.6,58.0,266.674,156.334,27.3,2.911,5.58,5.237,World Bank API,2026-09-30 02:09:10
6712,UZB,Uzbekistan,2002,66.376,63.351,69.49,50.0,55.0,258.967,151.067,26.4,2.849,5.79,5.142,World Bank API,2026-09-30 02:09:10
6713,UZB,Uzbekistan,2003,66.852,63.916,69.858,47.3,51.9,250.875,148.826,25.3,2.786,5.71,5.188,World Bank API,2026-09-30 02:09:10
6714,UZB,Uzbekistan,2004,67.203,64.29,70.185,44.4,48.6,248.038,148.089,24.2,2.726,5.49,4.841,World Bank API,2026-09-30 02:09:10
6715,UZB,Uzbekistan,2005,67.481,64.604,70.424,41.4,45.2,247.011,149.542,23.1,2.677,5.4,4.782,World Bank API,2026-09-30 02:09:10
6716,UZB,Uzbekistan,2006,67.905,65.003,70.879,38.5,41.9,243.509,146.045,21.9,2.662,5.38,4.751,World Bank API,2026-09-30 02:09:10
6717,UZB,Uzbekistan,2007,68.483,65.528,71.516,35.7,38.6,236.802,138.25,20.8,2.645,5.13,4.543,World Bank API,2026-09-30 02:09:10
6718,UZB,Uzbekistan,2008,69.035,66.124,72.008,32.9,35.5,228.048,133.674,19.4,2.617,5.0,4.704,World Bank API,2026-09-30 02:09:10
6719,UZB,Uzbekistan,2009,69.517,66.65,72.435,30.2,32.6,221.137,130.646,17.8,2.582,5.0,4.796,World Bank API,2026-09-30 02:09:10
6720,UZB,Uzbekistan,2010,69.836,67.046,72.663,27.8,29.8,217.274,132.048,16.3,2.555,4.92,5.299,World Bank API,2026-09-30 02:09:10
6721,UZB,Uzbekistan,2011,70.143,67.337,72.99,25.5,27.3,215.856,130.862,15.0,2.517,4.85,5.262,World Bank API,2026-09-30 02:09:10
6722,UZB,Uzbekistan,2012,70.411,67.559,73.314,23.4,25.0,215.756,129.737,13.8,2.461,4.73,5.548,World Bank API,2026-09-30 02:09:10
6723,UZB,Uzbekistan,2013,70.692,67.808,73.634,21.6,23.0,214.382,128.28,12.7,2.421,4.51,5.719,World Bank API,2026-09-30 02:09:10
6724,UZB,Uzbekistan,2014,70.973,68.069,73.937,20.0,21.3,212.425,127.087,11.8,2.39,4.33,4.431,World Bank API,2026-09-30 02:09:10
6725,UZB,Uzbekistan,2015,71.33,68.489,74.212,18.6,19.7,206.083,125.914,11.0,2.363,4.22,4.736,World Bank API,2026-09-30 02:09:10
6726,UZB,Uzbekistan,2016,71.58,68.711,74.493,17.4,18.4,204.241,124.369,10.3,2.298,4.22,4.715,World Bank API,2026-09-30 02:09:10
6727,UZB,Uzbekistan,2017,71.737,68.751,74.794,16.4,17.3,206.346,122.241,9.7,2.27,4.26,4.309,World Bank API,2026-09-30 02:09:10
6728,UZB,Uzbekistan,2018,71.999,68.914,75.174,15.6,16.4,205.744,117.434,9.3,2.329,4.74,4.553,World Bank API,2026-09-30 02:09:10
6729,UZB,Uzbekistan,2019,72.093,68.924,75.374,14.9,15.7,207.918,116.372,8.9,2.322,4.65,4.835,World Bank API,2026-09-30 02:09:10
6730,UZB,Uzbekistan,2020,71.461,68.598,74.462,14.4,15.1,193.207,118.01,8.5,2.31,4.77,6.086,World Bank API,2026-09-30 02:09:10
6731,UZB,Uzbekistan,2021,71.681,68.921,74.485,13.9,14.6,195.771,120.666,8.3,2.805,4.83,6.927,World Bank API,2026-09-30 02:09:10
6732,UZB,Uzbekistan,2022,72.147,69.029,75.346,13.5,14.1,199.622,119.449,8.0,2.805,4.78,6.617,World Bank API,2026-09-30 02:09:10
6733,VCT,St. Vincent and the Grenadines,1990,70.647,68.436,72.876,19.5,23.8,196.124,139.298,12.6,0.46,4.7,3.983,World Bank API,2026-09-30 02:09:10
6734,VCT,St. Vincent and the Grenadines,1991,70.64,68.42,72.902,19.0,23.1,197.186,141.371,12.4,0.135,4.805,3.983,World Bank API,2026-09-30 02:09:10
6735,VCT,St. Vincent and the Grenadines,1992,70.745,69.102,72.36,18.7,22.6,181.386,179.907,12.4,0.216,4.91,3.983,World Bank API,2026-09-30 02:09:10
6736,VCT,St. Vincent and the Grenadines,1993,70.621,68.38,72.922,18.6,22.4,199.467,145.848,12.5,0.298,5.015,3.983,World Bank API,2026-09-30 02:09:10
6737,VCT,St. Vincent and the Grenadines,1994,70.602,68.356,72.915,18.6,22.3,200.69,148.266,12.6,0.379,3.96,3.983,World Bank API,2026-09-30 02:09:10
6738,VCT,St. Vincent and the Grenadines,1995,70.575,68.329,72.898,18.7,22.3,201.968,150.814,12.8,0.46,2.905,3.983,World Bank API,2026-09-30 02:09:10
6739,VCT,St. Vincent and the Grenadines,1996,70.466,68.096,72.957,18.8,22.3,207.276,149.542,12.9,0.676,1.85,3.983,World Bank API,2026-09-30 02:09:10
6740,VCT,St. Vincent and the Grenadines,1997,70.382,67.89,73.043,19.0,22.4,211.502,147.102,13.0,0.893,1.895,3.983,World Bank API,2026-09-30 02:09:10
6741,VCT,St. Vincent and the Grenadines,1998,70.263,67.757,72.97,19.1,22.5,214.165,146.623,13.1,0.857,1.939,3.983,World Bank API,2026-09-30 02:09:10
6742,VCT,St. Vincent and the Grenadines,1999,70.312,67.782,73.071,19.2,22.5,213.3,144.287,13.2,0.82,1.984,3.983,World Bank API,2026-09-30 02:09:10
6743,VCT,St. Vincent and the Grenadines,2000,70.35,67.824,73.125,19.3,22.6,211.799,141.518,13.3,0.784,2.029,3.983,World Bank API,2026-09-30 02:09:10
6744,VCT,St. Vincent and the Grenadines,2001,70.382,67.859,73.172,19.4,22.6,210.361,138.834,13.5,0.546,2.073,4.011,World Bank API,2026-09-30 02:09:10
6745,VCT,St. Vincent and the Grenadines,2002,70.658,68.45,73.052,19.5,22.6,209.062,160.185,13.6,0.662,2.118,4.081,World Bank API,2026-09-30 02:09:10
6746,VCT,St. Vincent and the Grenadines,2003,70.43,67.912,73.25,19.6,22.6,207.669,133.707,13.7,0.779,2.163,3.963,World Bank API,2026-09-30 02:09:10
6747,VCT,St. Vincent and the Grenadines,2004,70.445,67.929,73.281,19.7,22.7,206.415,131.259,13.7,0.895,2.207,3.871,World Bank API,2026-09-30 02:09:10
6748,VCT,St. Vincent and the Grenadines,2005,70.454,67.941,73.306,19.8,22.8,205.221,128.883,13.7,0.855,2.252,3.834,World Bank API,2026-09-30 02:09:10
6749,VCT,St. Vincent and the Grenadines,2006,70.434,67.967,73.251,19.9,22.8,203.633,127.701,13.8,0.815,2.297,3.656,World Bank API,2026-09-30 02:09:10
6750,VCT,St. Vincent and the Grenadines,2007,70.446,68.02,73.229,19.9,22.7,201.207,127.81,13.8,0.775,2.341,3.822,World Bank API,2026-09-30 02:09:10
6751,VCT,St. Vincent and the Grenadines,2008,70.611,68.25,73.333,19.7,22.4,198.302,129.869,13.8,0.735,2.386,3.888,World Bank API,2026-09-30 02:09:10
6752,VCT,St. Vincent and the Grenadines,2009,70.712,68.336,73.473,19.4,22.0,197.01,131.15,13.7,0.695,2.431,4.093,World Bank API,2026-09-30 02:09:10
6753,VCT,St. Vincent and the Grenadines,2010,70.66,68.217,73.534,18.9,21.4,200.377,134.344,13.5,0.655,2.475,4.303,World Bank API,2026-09-30 02:09:10
6754,VCT,St. Vincent and the Grenadines,2011,70.609,68.051,73.665,18.3,20.7,205.369,136.785,13.1,0.796,2.52,4.233,World Bank API,2026-09-30 02:09:10
6755,VCT,St. Vincent and the Grenadines,2012,70.539,67.864,73.777,17.6,19.9,210.529,139.318,12.6,0.938,2.42,4.469,World Bank API,2026-09-30 02:09:10
6756,VCT,St. Vincent and the Grenadines,2013,70.091,67.221,73.626,16.9,19.1,223.012,151.666,12.1,0.938,2.43,4.238,World Bank API,2026-09-30 02:09:10
6757,VCT,St. Vincent and the Grenadines,2014,70.355,67.424,73.955,16.2,18.2,221.382,144.678,11.6,0.938,2.45,4.174,World Bank API,2026-09-30 02:09:10
6758,VCT,St. Vincent and the Grenadines,2015,70.463,67.401,74.283,15.5,17.4,224.548,137.054,11.2,0.938,4.43,4.116,World Bank API,2026-09-30 02:09:10
6759,VCT,St. Vincent and the Grenadines,2016,70.7,68.254,73.654,14.8,16.6,221.635,146.118,10.8,0.938,4.46,4.098,World Bank API,2026-09-30 02:09:10
6760,VCT,St. Vincent and the Grenadines,2017,71.013,68.448,74.177,14.1,15.8,223.152,140.389,10.5,0.938,4.303,4.232,World Bank API,2026-09-30 02:09:10
6761,VCT,St. Vincent and the Grenadines,2018,71.017,68.471,74.166,13.5,15.0,224.12,138.45,10.3,0.938,4.147,4.253,World Bank API,2026-09-30 02:09:10
6762,VCT,St. Vincent and the Grenadines,2019,70.994,68.554,73.993,12.8,14.3,225.314,137.051,10.1,0.938,3.99,4.261,World Bank API,2026-09-30 02:09:10
6763,VCT,St. Vincent and the Grenadines,2020,69.605,66.055,74.459,12.2,13.6,236.689,125.564,9.9,0.938,4.02,4.871,World Bank API,2026-09-30 02:09:10
6764,VCT,St. Vincent and the Grenadines,2021,69.132,66.156,72.83,11.7,12.9,263.839,165.965,9.7,0.938,4.26,5.266,World Bank API,2026-09-30 02:09:10
6765,VCT,St. Vincent and the Grenadines,2022,71.191,68.628,74.288,11.1,12.3,221.43,137.251,9.5,0.938,3.21,4.605,World Bank API,2026-09-30 02:09:10
6766,VEN,"Venezuela, RB",1990,70.964,68.364,73.687,24.3,29.6,201.502,117.666,12.8,1.564,2.678,2.417,World Bank API,2026-09-30 02:09:10
6767,VEN,"Venezuela, RB",1991,71.172,68.286,74.231,23.5,28.6,204.41,115.798,13.6,1.639,2.678,2.417,World Bank API,2026-09-30 02:09:10
6768,VEN,"Venezuela, RB",1992,71.177,68.132,74.412,22.8,27.8,209.251,115.422,14.4,1.714,2.573,2.417,World Bank API,2026-09-30 02:09:10
6769,VEN,"Venezuela, RB",1993,71.385,68.2,74.768,22.4,27.3,212.108,110.731,14.4,1.79,2.6,2.417,World Bank API,2026-09-30 02:09:10
6770,VEN,"Venezuela, RB",1994,71.283,68.114,74.637,22.0,26.8,214.475,114.023,13.8,1.865,2.223,2.417,World Bank API,2026-09-30 02:09:10
6771,VEN,"Venezuela, RB",1995,71.714,68.655,74.929,21.5,26.3,206.049,112.828,12.8,1.94,1.847,2.417,World Bank API,2026-09-30 02:09:10
6772,VEN,"Venezuela, RB",1996,71.92,68.896,75.091,20.8,25.5,201.445,112.794,11.9,1.937,1.47,2.417,World Bank API,2026-09-30 02:09:10
6773,VEN,"Venezuela, RB",1997,72.56,69.583,75.669,19.9,24.5,190.887,105.996,11.3,1.934,1.435,2.417,World Bank API,2026-09-30 02:09:10
6774,VEN,"Venezuela, RB",1998,72.446,69.252,75.805,19.1,23.4,199.965,104.021,11.1,1.931,1.399,2.417,World Bank API,2026-09-30 02:09:10
6775,VEN,"Venezuela, RB",1999,72.088,68.889,75.444,18.2,22.4,206.912,108.406,11.1,1.928,1.364,2.417,World Bank API,2026-09-30 02:09:10
6776,VEN,"Venezuela, RB",2000,72.388,68.757,76.244,17.5,21.5,213.675,100.697,10.8,1.925,1.329,2.417,World Bank API,2026-09-30 02:09:10
6777,VEN,"Venezuela, RB",2001,71.019,67.019,75.35,17.0,20.9,248.107,111.633,10.3,1.922,1.293,2.417,World Bank API,2026-09-30 02:09:10
6778,VEN,"Venezuela, RB",2002,72.823,69.015,76.865,16.6,20.3,215.494,97.242,9.9,1.906,1.258,2.417,World Bank API,2026-09-30 02:09:10
6779,VEN,"Venezuela, RB",2003,72.056,68.2,76.161,16.2,19.8,228.118,106.89,9.9,1.89,1.223,2.417,World Bank API,2026-09-30 02:09:10
6780,VEN,"Venezuela, RB",2004,72.752,69.014,76.702,15.7,19.2,217.32,100.903,10.2,1.874,1.187,2.417,World Bank API,2026-09-30 02:09:10
6781,VEN,"Venezuela, RB",2005,73.075,69.378,76.967,15.3,18.5,213.67,100.392,10.3,1.858,1.152,2.417,World Bank API,2026-09-30 02:09:10
6782,VEN,"Venezuela, RB",2006,72.972,69.006,77.184,14.8,17.9,223.278,99.594,10.2,1.841,1.117,2.417,World Bank API,2026-09-30 02:09:10
6783,VEN,"Venezuela, RB",2007,73.348,69.283,77.664,14.5,17.4,218.363,92.47,10.1,1.825,1.081,2.417,World Bank API,2026-09-30 02:09:10
6784,VEN,"Venezuela, RB",2008,72.578,68.266,77.204,14.4,17.2,236.242,100.003,10.2,1.809,1.046,2.417,World Bank API,2026-09-30 02:09:10
6785,VEN,"Venezuela, RB",2009,72.785,68.546,77.315,14.4,17.1,233.044,98.812,10.4,1.793,1.011,2.417,World Bank API,2026-09-30 02:09:10
6786,VEN,"Venezuela, RB",2010,73.092,69.064,77.362,14.5,17.2,219.914,96.603,10.7,1.777,0.975,2.417,World Bank API,2026-09-30 02:09:10
6787,VEN,"Venezuela, RB",2011,73.09,68.714,77.786,14.8,17.4,223.169,91.159,10.9,1.761,0.94,2.417,World Bank API,2026-09-30 02:09:10
6788,VEN,"Venezuela, RB",2012,73.086,68.829,77.632,15.1,17.6,220.899,93.242,11.1,1.745,0.89,2.417,World Bank API,2026-09-30 02:09:10
6789,VEN,"Venezuela, RB",2013,73.076,68.94,77.473,15.4,17.9,218.597,95.379,11.3,1.728,0.84,2.417,World Bank API,2026-09-30 02:09:10
6790,VEN,"Venezuela, RB",2014,72.837,68.618,77.339,15.8,18.3,222.524,96.692,11.5,1.712,0.79,2.417,World Bank API,2026-09-30 02:09:10
6791,VEN,"Venezuela, RB",2015,73.004,68.871,77.395,16.5,19.1,215.717,94.897,14.6,1.696,0.75,2.417,World Bank API,2026-09-30 02:09:10
6792,VEN,"Venezuela, RB",2016,72.002,67.563,76.793,21.2,24.2,237.423,102.61,15.0,1.68,0.88,2.417,World Bank API,2026-09-30 02:09:10
6793,VEN,"Venezuela, RB",2017,71.903,67.776,76.306,21.2,24.2,231.987,110.524,15.0,1.664,0.91,2.417,World Bank API,2026-09-30 02:09:10
6794,VEN,"Venezuela, RB",2018,72.641,68.902,76.554,21.2,24.2,212.337,108.019,15.0,1.664,1.09,2.417,World Bank API,2026-09-30 02:09:10
6795,VEN,"Venezuela, RB",2019,72.766,69.025,76.677,21.2,24.2,210.409,106.11,15.0,1.664,0.93,2.186,World Bank API,2026-09-30 02:09:10
6796,VEN,"Venezuela, RB",2020,72.369,68.459,76.501,21.2,24.2,215.748,107.446,15.0,1.664,0.99,4.116,World Bank API,2026-09-30 02:09:10
6797,VEN,"Venezuela, RB",2021,71.536,67.683,75.619,21.2,24.2,236.005,119.93,15.0,1.664,0.99,4.102,World Bank API,2026-09-30 02:09:10
6798,VEN,"Venezuela, RB",2022,72.566,68.789,76.525,21.2,24.2,214.261,108.002,15.0,1.664,0.99,4.55,World Bank API,2026-09-30 02:09:10
6799,VGB,British Virgin Islands,1990,72.392,70.604,74.6,19.2,22.9,149.394,108.46,12.3,0.811,2.76,4.865,World Bank API,2026-09-30 02:09:10
6800,VGB,British Virgin Islands,1991,72.75,70.952,74.974,18.4,21.9,144.678,104.199,11.8,0.863,2.76,4.865,World Bank API,2026-09-30 02:09:10
6801,VGB,British Virgin Islands,1992,73.109,71.317,75.307,17.7,21.0,139.532,100.524,11.3,0.861,2.84,4.865,World Bank API,2026-09-30 02:09:10
6802,VGB,British Virgin Islands,1993,73.431,71.624,75.637,17.0,20.2,135.385,96.852,10.9,0.844,2.76,4.865,World Bank API,2026-09-30 02:09:10
6803,VGB,British Virgin Islands,1994,73.794,71.908,76.091,16.5,19.4,131.523,91.484,10.5,0.845,2.76,4.865,World Bank API,2026-09-30 02:09:10
6804,VGB,British Virgin Islands,1995,74.089,72.122,76.481,16.0,18.9,128.848,86.788,10.1,0.949,2.745,4.865,World Bank API,2026-09-30 02:09:10
6805,VGB,British Virgin Islands,1996,74.341,72.336,76.771,15.7,18.3,126.388,83.242,9.8,0.99,2.64,4.865,World Bank API,2026-09-30 02:09:10
6806,VGB,British Virgin Islands,1997,74.469,72.378,77.008,15.3,17.9,126.669,80.628,9.6,0.949,2.579,4.865,World Bank API,2026-09-30 02:09:10
6807,VGB,British Virgin Islands,1998,74.569,72.446,77.14,15.1,17.5,126.568,79.035,9.4,0.989,2.583,4.865,World Bank API,2026-09-30 02:09:10
6808,VGB,British Virgin Islands,1999,74.652,72.526,77.225,14.8,17.1,126.147,78.438,9.2,1.031,2.587,4.865,World Bank API,2026-09-30 02:09:10
6809,VGB,British Virgin Islands,2000,74.753,72.651,77.296,14.6,16.8,124.925,78.103,9.0,1.042,2.508,4.865,World Bank API,2026-09-30 02:09:10
6810,VGB,British Virgin Islands,2001,74.831,72.745,77.354,14.4,16.6,123.844,77.692,8.9,1.084,2.5,4.959,World Bank API,2026-09-30 02:09:10
6811,VGB,British Virgin Islands,2002,74.971,72.841,77.532,14.3,16.4,122.395,75.68,8.7,1.088,2.429,5.33,World Bank API,2026-09-30 02:09:10
6812,VGB,British Virgin Islands,2003,75.183,72.991,77.764,14.2,16.1,120.103,72.937,8.6,1.085,2.35,5.209,World Bank API,2026-09-30 02:09:10
6813,VGB,British Virgin Islands,2004,75.404,73.108,78.071,14.1,16.0,118.144,69.207,8.5,1.12,2.361,5.336,World Bank API,2026-09-30 02:09:10
6814,VGB,British Virgin Islands,2005,75.569,73.166,78.335,14.0,15.9,117.04,65.986,8.5,1.12,2.29,5.294,World Bank API,2026-09-30 02:09:10
6815,VGB,British Virgin Islands,2006,75.745,73.266,78.568,13.9,15.8,115.468,63.104,8.4,1.13,2.297,5.405,World Bank API,2026-09-30 02:09:10
6816,VGB,British Virgin Islands,2007,75.893,73.403,78.698,13.9,15.7,113.111,60.998,8.4,1.178,2.27,5.317,World Bank API,2026-09-30 02:09:10
6817,VGB,British Virgin Islands,2008,76.07,73.54,78.897,14.0,15.7,110.773,58.424,8.4,1.218,2.26,5.444,World Bank API,2026-09-30 02:09:10
6818,VGB,British Virgin Islands,2009,76.205,73.644,79.043,14.0,15.6,109.039,56.523,8.4,1.226,2.269,5.749,World Bank API,2026-09-30 02:09:10
6819,VGB,British Virgin Islands,2010,76.289,73.713,79.126,14.0,15.6,107.947,55.375,8.4,1.319,2.25,5.49,World Bank API,2026-09-30 02:09:10
6820,VGB,British Virgin Islands,2011,76.363,73.773,79.211,14.1,15.6,107.018,54.372,8.3,1.386,2.25,5.749,World Bank API,2026-09-30 02:09:10
6821,VGB,British Virgin Islands,2012,76.433,73.797,79.291,14.1,15.6,106.59,53.413,8.3,1.391,2.27,5.776,World Bank API,2026-09-30 02:09:10
6822,VGB,British Virgin Islands,2013,76.472,73.825,79.314,14.1,15.6,106.358,53.231,8.3,1.449,2.29,5.737,World Bank API,2026-09-30 02:09:10
6823,VGB,British Virgin Islands,2014,76.527,73.856,79.364,14.2,15.6,106.133,52.905,8.3,1.432,2.34,5.838,World Bank API,2026-09-30 02:09:10
6824,VGB,British Virgin Islands,2015,76.558,73.878,79.391,14.1,15.5,106.19,52.914,8.2,1.461,2.37,6.065,World Bank API,2026-09-30 02:09:10
6825,VGB,British Virgin Islands,2016,76.624,73.931,79.436,13.9,15.2,105.989,52.852,8.0,1.514,2.36,6.172,World Bank API,2026-09-30 02:09:10
6826,VGB,British Virgin Islands,2017,75.67,73.275,78.199,13.6,14.9,109.956,65.915,7.9,1.578,2.34,6.136,World Bank API,2026-09-30 02:09:10
6827,VGB,British Virgin Islands,2018,76.728,74.039,79.556,13.4,14.6,105.46,52.442,7.7,1.573,2.3,5.932,World Bank API,2026-09-30 02:09:10
6828,VGB,British Virgin Islands,2019,76.845,74.137,79.646,13.0,14.2,104.827,52.111,7.5,1.588,2.25,5.745,World Bank API,2026-09-30 02:09:10
6829,VGB,British Virgin Islands,2020,76.894,74.141,79.718,12.7,13.8,105.216,51.767,7.3,1.63,2.35,6.646,World Bank API,2026-09-30 02:09:10
6830,VGB,British Virgin Islands,2021,75.297,72.466,78.262,12.4,13.5,128.17,67.015,7.1,1.664,2.39,6.64,World Bank API,2026-09-30 02:09:10
6831,VGB,British Virgin Islands,2022,77.177,74.434,79.935,12.1,13.1,102.737,50.857,6.9,1.625,2.36,6.573,World Bank API,2026-09-30 02:09:10
6832,VIR,Virgin Islands (U.S.),1990,70.68,67.219,74.314,37.7,45.1,222.628,111.841,21.0,1.65,4.8,4.865,World Bank API,2026-09-30 02:09:10
6833,VIR,Virgin Islands (U.S.),1991,70.808,67.345,74.444,36.4,43.3,221.335,110.826,20.1,1.649,7.113,4.865,World Bank API,2026-09-30 02:09:10
6834,VIR,Virgin Islands (U.S.),1992,70.963,67.527,74.57,34.9,42.5,219.035,109.842,19.7,1.648,9.427,4.865,World Bank API,2026-09-30 02:09:10
6835,VIR,Virgin Islands (U.S.),1993,71.078,67.669,74.658,33.4,42.6,217.4,109.329,19.2,1.647,11.74,4.865,World Bank API,2026-09-30 02:09:10
6836,VIR,Virgin Islands (U.S.),1994,71.225,67.85,74.768,32.9,39.6,215.163,108.489,18.9,1.646,14.053,4.865,World Bank API,2026-09-30 02:09:10
6837,VIR,Virgin Islands (U.S.),1995,71.167,67.891,74.606,31.6,38.4,213.784,110.639,18.6,1.645,16.367,4.865,World Bank API,2026-09-30 02:09:10
6838,VIR,Virgin Islands (U.S.),1996,71.576,68.316,74.998,30.4,37.2,208.502,106.673,18.0,1.645,18.68,4.865,World Bank API,2026-09-30 02:09:10
6839,VIR,Virgin Islands (U.S.),1997,70.915,67.104,74.917,29.0,35.3,233.68,108.1,17.3,1.645,18.68,4.865,World Bank API,2026-09-30 02:09:10
6840,VIR,Virgin Islands (U.S.),1998,71.246,67.777,74.889,28.2,33.4,221.329,108.896,16.7,1.645,18.68,4.865,World Bank API,2026-09-30 02:09:10
6841,VIR,Virgin Islands (U.S.),1999,71.112,67.336,75.076,27.2,31.8,230.341,106.709,16.3,1.645,18.68,4.865,World Bank API,2026-09-30 02:09:10
6842,VIR,Virgin Islands (U.S.),2000,76.62,73.4,80.0,26.3,30.5,220.409,96.59,16.0,1.645,18.68,4.865,World Bank API,2026-09-30 02:09:10
6843,VIR,Virgin Islands (U.S.),2001,77.622,74.5,80.9,25.4,29.1,206.476,96.582,15.2,1.645,18.68,4.959,World Bank API,2026-09-30 02:09:10
6844,VIR,Virgin Islands (U.S.),2002,77.522,74.4,80.8,23.6,28.1,212.614,96.384,14.5,1.645,18.68,5.33,World Bank API,2026-09-30 02:09:10
6845,VIR,Virgin Islands (U.S.),2003,77.522,74.4,80.8,22.9,26.9,204.713,103.497,14.1,1.645,18.68,5.209,World Bank API,2026-09-30 02:09:10
6846,VIR,Virgin Islands (U.S.),2004,77.773,74.7,81.0,21.1,26.1,210.926,103.34,13.7,1.645,18.68,5.336,World Bank API,2026-09-30 02:09:10
6847,VIR,Virgin Islands (U.S.),2005,77.422,74.3,80.7,19.8,24.0,202.981,97.964,13.2,1.645,18.68,5.294,World Bank API,2026-09-30 02:09:10
6848,VIR,Virgin Islands (U.S.),2006,78.324,75.3,81.5,19.3,22.8,201.364,92.981,13.0,1.645,18.68,5.405,World Bank API,2026-09-30 02:09:10
6849,VIR,Virgin Islands (U.S.),2007,76.863,73.4,80.5,18.5,21.8,202.04,90.077,12.5,1.645,18.68,5.317,World Bank API,2026-09-30 02:09:10
6850,VIR,Virgin Islands (U.S.),2008,77.163,73.7,80.8,17.9,20.9,203.556,87.728,12.1,1.645,18.68,5.444,World Bank API,2026-09-30 02:09:10
6851,VIR,Virgin Islands (U.S.),2009,77.515,74.1,81.1,17.4,21.2,201.815,83.206,11.7,1.645,18.68,5.749,World Bank API,2026-09-30 02:09:10
6852,VIR,Virgin Islands (U.S.),2010,77.866,74.5,81.4,16.7,19.3,198.846,78.622,11.4,1.645,18.68,5.49,World Bank API,2026-09-30 02:09:10
6853,VIR,Virgin Islands (U.S.),2011,78.317,75.0,81.8,16.6,19.3,197.463,76.373,10.9,1.645,18.68,5.749,World Bank API,2026-09-30 02:09:10
6854,VIR,Virgin Islands (U.S.),2012,78.517,75.2,82.0,16.2,18.9,194.471,72.576,11.0,1.645,18.68,5.776,World Bank API,2026-09-30 02:09:10
6855,VIR,Virgin Islands (U.S.),2013,78.717,75.4,82.2,16.0,18.9,192.995,68.856,10.9,1.645,18.68,5.737,World Bank API,2026-09-30 02:09:10
6856,VIR,Virgin Islands (U.S.),2014,78.868,75.6,82.3,15.8,18.5,190.735,65.797,10.8,1.645,18.68,5.838,World Bank API,2026-09-30 02:09:10
6857,VIR,Virgin Islands (U.S.),2015,79.017,75.7,82.5,15.5,18.2,192.022,63.089,10.6,1.645,18.68,6.065,World Bank API,2026-09-30 02:09:10
6858,VIR,Virgin Islands (U.S.),2016,79.168,75.9,82.6,15.0,17.8,192.895,60.578,10.2,1.645,18.68,6.172,World Bank API,2026-09-30 02:09:10
6859,VIR,Virgin Islands (U.S.),2017,79.368,76.1,82.8,14.5,17.3,194.254,60.431,9.9,1.645,18.68,6.136,World Bank API,2026-09-30 02:09:10
6860,VIR,Virgin Islands (U.S.),2018,79.52,76.3,82.9,14.1,16.4,191.152,56.941,9.8,1.645,18.68,5.932,World Bank API,2026-09-30 02:09:10
6861,VIR,Virgin Islands (U.S.),2019,79.668,76.4,83.1,14.1,15.9,187.207,56.024,9.6,1.645,18.68,5.745,World Bank API,2026-09-30 02:09:10
6862,VIR,Virgin Islands (U.S.),2020,79.82,76.6,83.2,13.6,15.6,190.097,55.357,9.3,1.645,18.68,6.646,World Bank API,2026-09-30 02:09:10
6863,VIR,Virgin Islands (U.S.),2021,80.068,76.8,83.5,13.3,15.3,190.537,59.001,9.3,1.645,18.68,6.64,World Bank API,2026-09-30 02:09:10
6864,VIR,Virgin Islands (U.S.),2022,80.32,77.1,83.7,13.0,15.1,184.579,55.974,9.0,1.645,18.68,6.573,World Bank API,2026-09-30 02:09:10
6865,VNM,Viet Nam,1990,69.027,64.991,73.056,37.4,51.6,219.458,113.112,23.7,0.404,3.833,4.108,World Bank API,2026-09-30 02:09:10
6866,VNM,Viet Nam,1991,69.303,65.282,73.309,35.7,49.1,217.644,112.003,23.1,0.407,3.524,4.108,World Bank API,2026-09-30 02:09:10
6867,VNM,Viet Nam,1992,69.62,65.699,73.504,33.9,46.6,213.99,111.701,22.3,0.437,3.215,4.108,World Bank API,2026-09-30 02:09:10
6868,VNM,Viet Nam,1993,69.957,66.131,73.727,32.1,44.1,209.985,110.965,21.6,0.463,2.906,4.108,World Bank API,2026-09-30 02:09:10
6869,VNM,Viet Nam,1994,70.379,66.714,73.961,30.4,41.7,203.463,110.066,20.8,0.49,2.597,4.108,World Bank API,2026-09-30 02:09:10
6870,VNM,Viet Nam,1995,70.871,67.116,74.543,28.8,39.4,199.817,105.257,19.9,0.516,2.288,4.108,World Bank API,2026-09-30 02:09:10
6871,VNM,Viet Nam,1996,71.296,67.485,75.019,27.2,37.2,196.411,101.615,19.1,0.543,1.979,4.108,World Bank API,2026-09-30 02:09:10
6872,VNM,Viet Nam,1997,71.67,67.727,75.531,25.7,35.2,194.355,97.938,18.1,0.569,1.67,4.108,World Bank API,2026-09-30 02:09:10
6873,VNM,Viet Nam,1998,72.283,68.13,76.371,24.4,33.4,191.269,90.915,17.0,0.48,1.59,4.108,World Bank API,2026-09-30 02:09:10
6874,VNM,Viet Nam,1999,72.575,68.138,76.991,23.2,31.8,192.965,86.208,16.1,0.515,1.51,4.108,World Bank API,2026-09-30 02:09:10
6875,VNM,Viet Nam,2000,72.746,68.2,77.278,22.1,30.3,193.903,84.559,15.3,0.529,1.43,4.108,World Bank API,2026-09-30 02:09:10
6876,VNM,Viet Nam,2001,72.984,68.297,77.673,21.2,29.0,194.034,81.976,14.6,0.543,1.44,4.801,World Bank API,2026-09-30 02:09:10
6877,VNM,Viet Nam,2002,73.138,68.278,78.014,20.3,27.9,195.887,79.796,14.0,0.571,1.45,3.871,World Bank API,2026-09-30 02:09:10
6878,VNM,Viet Nam,2003,73.236,68.289,78.186,19.6,26.9,196.965,78.969,13.5,0.592,1.47,3.942,World Bank API,2026-09-30 02:09:10
6879,VNM,Viet Nam,2004,73.062,68.282,77.807,19.0,26.1,198.161,82.514,13.1,0.614,1.55,4.088,World Bank API,2026-09-30 02:09:10
6880,VNM,Viet Nam,2005,73.198,68.393,77.951,18.5,25.4,197.269,81.707,12.8,0.635,1.57,4.318,World Bank API,2026-09-30 02:09:10
6881,VNM,Viet Nam,2006,73.293,68.477,78.049,18.0,24.8,196.641,81.247,12.5,0.643,1.6,4.57,World Bank API,2026-09-30 02:09:10
6882,VNM,Viet Nam,2007,73.385,68.559,78.152,17.6,24.3,196.043,80.64,12.3,0.655,1.71,4.629,World Bank API,2026-09-30 02:09:10
6883,VNM,Viet Nam,2008,73.455,68.632,78.213,17.3,23.8,195.425,80.379,12.1,0.673,1.78,4.36,World Bank API,2026-09-30 02:09:10
6884,VNM,Viet Nam,2009,73.525,68.706,78.272,17.0,23.4,194.742,80.106,11.9,0.703,1.9,4.485,World Bank API,2026-09-30 02:09:10
6885,VNM,Viet Nam,2010,73.611,68.775,78.377,16.7,23.1,194.08,79.409,11.8,0.714,2.02,5.071,World Bank API,2026-09-30 02:09:10
6886,VNM,Viet Nam,2011,73.713,68.908,78.439,16.4,22.8,192.499,79.055,11.7,0.769,2.21,4.975,World Bank API,2026-09-30 02:09:10
6887,VNM,Viet Nam,2012,73.762,68.979,78.465,16.2,22.5,191.714,78.944,11.5,0.824,2.27,5.002,World Bank API,2026-09-30 02:09:10
6888,VNM,Viet Nam,2013,73.821,69.042,78.524,16.0,22.3,190.991,78.569,11.4,0.804,2.3,4.412,World Bank API,2026-09-30 02:09:10
6889,VNM,Viet Nam,2014,73.886,69.1,78.598,15.7,22.0,190.402,78.097,11.2,0.783,2.42,4.691,World Bank API,2026-09-30 02:09:10
6890,VNM,Viet Nam,2015,73.955,69.147,78.7,15.5,21.6,189.94,77.416,11.1,0.795,2.51,4.711,World Bank API,2026-09-30 02:09:10
6891,VNM,Viet Nam,2016,73.984,69.153,78.762,15.2,21.3,190.006,77.022,10.9,0.825,2.47,4.87,World Bank API,2026-09-30 02:09:10
6892,VNM,Viet Nam,2017,74.026,69.217,78.79,14.9,20.9,189.245,76.874,10.7,0.853,2.52,4.99,World Bank API,2026-09-30 02:09:10
6893,VNM,Viet Nam,2018,74.1,69.303,78.863,14.5,20.5,188.213,76.395,10.5,0.881,2.52,5.027,World Bank API,2026-09-30 02:09:10
6894,VNM,Viet Nam,2019,74.211,69.414,78.972,14.1,20.0,186.788,75.669,10.2,0.99,2.52,4.974,World Bank API,2026-09-30 02:09:10
6895,VNM,Viet Nam,2020,75.383,70.366,80.314,13.7,19.5,175.967,66.609,10.0,0.856,2.52,4.332,World Bank API,2026-09-30 02:09:10
6896,VNM,Viet Nam,2021,74.145,69.492,78.771,13.3,18.9,190.531,79.073,9.7,1.107,2.52,4.538,World Bank API,2026-09-30 02:09:10
6897,VNM,Viet Nam,2022,74.502,69.761,79.211,12.9,18.4,182.265,74.162,9.4,1.107,2.52,4.538,World Bank API,2026-09-30 02:09:10
6898,VUT,Vanuatu,1990,66.684,64.769,69.969,27.6,35.1,249.367,162.686,19.5,0.099,1.73,3.307,World Bank API,2026-09-30 02:09:10
6899,VUT,Vanuatu,1991,67.114,65.21,70.389,26.5,33.6,242.142,157.304,18.7,0.099,1.73,3.307,World Bank API,2026-09-30 02:09:10
6900,VUT,Vanuatu,1992,67.433,65.529,70.712,25.5,32.3,237.062,152.99,18.1,0.102,1.73,3.307,World Bank API,2026-09-30 02:09:10
6901,VUT,Vanuatu,1993,67.724,65.86,70.943,24.6,31.1,231.574,150.502,17.6,0.104,1.73,3.307,World Bank API,2026-09-30 02:09:10
6902,VUT,Vanuatu,1994,67.984,66.094,71.253,23.9,30.2,228.95,146.996,17.2,0.107,1.73,3.307,World Bank API,2026-09-30 02:09:10
6903,VUT,Vanuatu,1995,68.104,66.27,71.281,23.3,29.4,226.607,148.02,16.9,0.11,1.73,3.307,World Bank API,2026-09-30 02:09:10
6904,VUT,Vanuatu,1996,68.176,66.374,71.299,22.8,28.7,225.743,149.008,16.6,0.112,1.73,3.307,World Bank API,2026-09-30 02:09:10
6905,VUT,Vanuatu,1997,68.309,66.624,71.237,22.4,28.1,221.33,151.366,16.3,0.115,1.73,3.307,World Bank API,2026-09-30 02:09:10
6906,VUT,Vanuatu,1998,68.372,66.742,71.212,22.0,27.6,219.523,152.905,15.9,0.119,1.73,3.307,World Bank API,2026-09-30 02:09:10
6907,VUT,Vanuatu,1999,67.924,66.467,70.493,21.7,27.1,220.302,162.113,15.2,0.124,1.73,3.307,World Bank API,2026-09-30 02:09:10
6908,VUT,Vanuatu,2000,68.586,67.034,71.278,21.3,26.6,214.978,153.417,14.3,0.128,1.73,3.307,World Bank API,2026-09-30 02:09:10
6909,VUT,Vanuatu,2001,68.722,67.192,71.332,21.0,26.1,212.284,152.918,13.1,0.133,1.73,3.387,World Bank API,2026-09-30 02:09:10
6910,VUT,Vanuatu,2002,68.836,67.297,71.415,20.7,25.7,211.113,152.347,12.2,0.137,1.73,3.904,World Bank API,2026-09-30 02:09:10
6911,VUT,Vanuatu,2003,68.933,67.415,71.438,20.4,25.3,209.335,152.652,11.7,0.142,1.73,3.507,World Bank API,2026-09-30 02:09:10
6912,VUT,Vanuatu,2004,68.985,67.483,71.425,20.2,25.0,208.481,153.62,11.3,0.146,1.73,3.54,World Bank API,2026-09-30 02:09:10
6913,VUT,Vanuatu,2005,69.166,67.62,71.624,19.9,24.5,206.757,150.859,11.1,0.137,1.73,3.305,World Bank API,2026-09-30 02:09:10
6914,VUT,Vanuatu,2006,69.126,67.46,71.715,19.5,24.1,211.514,150.229,10.8,0.127,1.73,3.322,World Bank API,2026-09-30 02:09:10
6915,VUT,Vanuatu,2007,69.144,67.314,71.92,19.1,23.5,216.227,147.616,10.5,0.118,1.73,3.108,World Bank API,2026-09-30 02:09:10
6916,VUT,Vanuatu,2008,69.302,67.382,72.156,18.5,22.7,216.278,144.758,10.1,0.115,1.73,3.139,World Bank API,2026-09-30 02:09:10
6917,VUT,Vanuatu,2009,69.422,67.451,72.293,17.9,21.9,216.441,143.633,9.7,0.132,1.73,3.252,World Bank API,2026-09-30 02:09:10
6918,VUT,Vanuatu,2010,69.57,67.552,72.455,17.3,21.1,215.902,142.365,9.5,0.15,1.73,3.526,World Bank API,2026-09-30 02:09:10
6919,VUT,Vanuatu,2011,69.729,67.705,72.604,16.7,20.3,214.123,141.164,9.5,0.167,1.73,3.598,World Bank API,2026-09-30 02:09:10
6920,VUT,Vanuatu,2012,69.898,67.854,72.786,16.2,19.7,212.3,139.366,9.9,0.185,1.73,3.936,World Bank API,2026-09-30 02:09:10
6921,VUT,Vanuatu,2013,69.986,67.965,72.819,15.8,19.2,211.184,139.953,10.3,0.181,1.73,4.392,World Bank API,2026-09-30 02:09:10
6922,VUT,Vanuatu,2014,70.043,68.083,72.77,15.5,18.8,208.331,140.846,10.7,0.177,1.73,3.64,World Bank API,2026-09-30 02:09:10
6923,VUT,Vanuatu,2015,70.163,68.214,72.851,15.4,18.6,206.596,140.48,11.0,0.173,1.73,4.158,World Bank API,2026-09-30 02:09:10
6924,VUT,Vanuatu,2016,70.397,68.492,73.004,15.3,18.4,202.63,139.775,11.0,0.169,1.73,2.989,World Bank API,2026-09-30 02:09:10
6925,VUT,Vanuatu,2017,70.5,68.638,73.017,15.2,18.3,200.582,140.353,10.8,0.153,1.73,2.881,World Bank API,2026-09-30 02:09:10
6926,VUT,Vanuatu,2018,70.626,68.724,73.147,15.2,18.2,199.479,139.095,10.5,0.137,1.73,3.44,World Bank API,2026-09-30 02:09:10
6927,VUT,Vanuatu,2019,70.783,68.848,73.292,15.1,18.1,197.843,137.483,10.2,0.164,1.73,3.496,World Bank API,2026-09-30 02:09:10
6928,VUT,Vanuatu,2020,70.385,68.198,73.245,15.1,18.1,203.16,137.104,9.8,0.164,1.73,4.121,World Bank API,2026-09-30 02:09:10
6929,VUT,Vanuatu,2021,69.952,67.95,72.43,15.1,18.0,220.129,155.26,9.6,0.164,1.73,4.588,World Bank API,2026-09-30 02:09:10
6930,VUT,Vanuatu,2022,71.302,69.291,73.761,14.9,17.8,192.015,133.04,9.4,0.164,1.73,4.059,World Bank API,2026-09-30 02:09:10
6931,WSM,Samoa,1990,67.808,65.128,71.036,22.9,29.6,254.13,157.26,12.9,0.365,0.95,4.282,World Bank API,2026-09-30 02:09:10
6932,WSM,Samoa,1991,68.039,65.348,71.243,22.2,28.7,250.2,154.585,12.5,0.365,0.95,4.282,World Bank API,2026-09-30 02:09:10
6933,WSM,Samoa,1992,68.532,65.775,71.781,21.5,27.8,244.855,148.15,12.0,0.365,0.95,4.282,World Bank API,2026-09-30 02:09:10
6934,WSM,Samoa,1993,68.818,66.028,72.094,20.8,26.9,240.843,144.096,11.5,0.36,0.95,4.282,World Bank API,2026-09-30 02:09:10
6935,WSM,Samoa,1994,69.162,66.362,72.431,20.1,26.0,235.475,139.788,11.0,0.354,0.95,4.282,World Bank API,2026-09-30 02:09:10
6936,WSM,Samoa,1995,69.469,66.657,72.739,19.5,25.0,230.796,135.9,10.5,0.349,0.95,4.282,World Bank API,2026-09-30 02:09:10
6937,WSM,Samoa,1996,69.767,66.95,73.026,18.8,24.2,226.205,132.433,10.1,0.344,0.95,4.282,World Bank API,2026-09-30 02:09:10
6938,WSM,Samoa,1997,70.045,67.231,73.285,18.2,23.4,221.868,129.502,9.7,0.337,0.95,4.282,World Bank API,2026-09-30 02:09:10
6939,WSM,Samoa,1998,70.308,67.504,73.52,17.5,22.5,217.683,127.015,9.4,0.33,0.95,4.282,World Bank API,2026-09-30 02:09:10
6940,WSM,Samoa,1999,70.555,67.764,73.74,16.9,21.7,213.737,124.761,9.0,0.666,0.95,4.282,World Bank API,2026-09-30 02:09:10
6941,WSM,Samoa,2000,70.791,68.018,73.941,16.4,21.0,209.772,122.747,8.6,0.567,0.95,4.282,World Bank API,2026-09-30 02:09:10
6942,WSM,Samoa,2001,71.028,68.277,74.141,15.9,20.3,205.625,120.716,8.4,0.468,0.95,3.818,World Bank API,2026-09-30 02:09:10
6943,WSM,Samoa,2002,71.233,68.508,74.302,15.5,19.8,201.852,119.041,8.1,0.369,0.95,4.492,World Bank API,2026-09-30 02:09:10
6944,WSM,Samoa,2003,71.441,68.729,74.479,15.3,19.4,198.176,117.264,7.9,0.27,0.95,4.172,World Bank API,2026-09-30 02:09:10
6945,WSM,Samoa,2004,71.508,68.842,74.477,15.1,19.1,196.063,117.451,7.7,0.268,0.95,4.526,World Bank API,2026-09-30 02:09:10
6946,WSM,Samoa,2005,71.487,68.848,74.415,15.0,19.0,195.083,118.442,7.6,0.267,0.95,4.634,World Bank API,2026-09-30 02:09:10
6947,WSM,Samoa,2006,71.62,68.983,74.539,15.0,19.0,193.835,117.559,7.6,0.327,0.95,4.885,World Bank API,2026-09-30 02:09:10
6948,WSM,Samoa,2007,71.605,68.998,74.482,15.1,19.0,193.618,118.788,7.6,0.387,0.95,4.745,World Bank API,2026-09-30 02:09:10
6949,WSM,Samoa,2008,71.531,68.995,74.313,15.1,19.0,193.704,121.339,7.7,0.447,0.95,4.533,World Bank API,2026-09-30 02:09:10
6950,WSM,Samoa,2009,69.486,67.307,71.846,17.4,25.3,213.998,152.869,7.8,0.39,0.95,5.127,World Bank API,2026-09-30 02:09:10
6951,WSM,Samoa,2010,71.451,69.0,74.118,15.2,19.1,193.754,125.451,7.7,0.332,0.95,5.153,World Bank API,2026-09-30 02:09:10
6952,WSM,Samoa,2011,71.393,69.014,73.967,15.2,19.0,193.639,128.405,7.7,0.376,0.95,5.384,World Bank API,2026-09-30 02:09:10
6953,WSM,Samoa,2012,71.159,68.904,73.581,15.1,18.8,194.487,134.179,7.6,0.42,0.95,4.988,World Bank API,2026-09-30 02:09:10
6954,WSM,Samoa,2013,71.229,69.022,73.598,15.0,18.7,194.132,135.856,7.5,0.464,0.95,6.218,World Bank API,2026-09-30 02:09:10
6955,WSM,Samoa,2014,71.142,69.028,73.404,14.9,18.5,194.5,139.89,7.4,0.419,0.95,6.361,World Bank API,2026-09-30 02:09:10
6956,WSM,Samoa,2015,71.06,69.029,73.231,14.8,18.3,194.981,143.708,7.3,0.374,0.95,6.013,World Bank API,2026-09-30 02:09:10
6957,WSM,Samoa,2016,71.003,69.045,73.092,14.6,18.1,195.242,146.913,7.2,0.329,0.95,5.64,World Bank API,2026-09-30 02:09:10
6958,WSM,Samoa,2017,70.991,69.093,73.014,14.5,17.8,194.911,149.011,7.0,0.405,0.95,5.163,World Bank API,2026-09-30 02:09:10
6959,WSM,Samoa,2018,71.052,69.197,73.028,14.2,17.5,193.708,149.699,6.9,0.482,0.95,4.775,World Bank API,2026-09-30 02:09:10
6960,WSM,Samoa,2019,70.269,68.469,72.195,14.9,20.0,204.381,160.302,6.8,0.558,0.95,5.648,World Bank API,2026-09-30 02:09:10
6961,WSM,Samoa,2020,70.727,68.757,72.881,13.6,16.7,197.661,151.411,6.6,0.562,0.95,6.091,World Bank API,2026-09-30 02:09:10
6962,WSM,Samoa,2021,71.096,69.306,73.016,13.3,16.2,196.787,153.675,6.4,0.561,0.95,7.197,World Bank API,2026-09-30 02:09:10
6963,WSM,Samoa,2022,71.55,69.737,73.486,13.0,15.8,186.77,145.83,6.2,0.561,0.95,6.934,World Bank API,2026-09-30 02:09:10
6964,YEM,"Yemen, Rep.",1990,58.528,56.744,60.288,96.9,125.2,287.885,226.137,43.8,0.007,0.836,4.666,World Bank API,2026-09-30 02:09:10
6965,YEM,"Yemen, Rep.",1991,58.805,56.842,60.764,94.7,121.6,291.478,221.237,42.8,0.055,0.812,4.666,World Bank API,2026-09-30 02:09:10
6966,YEM,"Yemen, Rep.",1992,59.26,57.319,61.194,92.7,118.4,286.105,217.409,42.1,0.103,0.787,4.666,World Bank API,2026-09-30 02:09:10
6967,YEM,"Yemen, Rep.",1993,59.655,57.691,61.616,91.0,115.5,282.479,213.477,41.4,0.151,0.763,4.666,World Bank API,2026-09-30 02:09:10
6968,YEM,"Yemen, Rep.",1994,59.828,57.667,62.011,89.4,112.9,288.709,210.171,40.8,0.199,0.739,4.666,World Bank API,2026-09-30 02:09:10
6969,YEM,"Yemen, Rep.",1995,60.532,58.592,62.468,87.9,110.5,271.349,204.975,40.3,0.247,0.714,4.666,World Bank API,2026-09-30 02:09:10
6970,YEM,"Yemen, Rep.",1996,60.884,58.93,62.836,86.3,107.9,267.904,201.507,39.8,0.23,0.69,4.666,World Bank API,2026-09-30 02:09:10
6971,YEM,"Yemen, Rep.",1997,61.34,59.386,63.292,84.4,105.0,263.233,197.693,39.3,0.213,0.645,4.666,World Bank API,2026-09-30 02:09:10
6972,YEM,"Yemen, Rep.",1998,61.788,59.863,63.708,82.0,101.5,257.886,194.297,38.6,0.226,0.6,4.666,World Bank API,2026-09-30 02:09:10
6973,YEM,"Yemen, Rep.",1999,62.275,60.382,64.161,79.1,97.4,252.344,190.902,37.7,0.239,0.601,4.666,World Bank API,2026-09-30 02:09:10
6974,YEM,"Yemen, Rep.",2000,62.761,60.895,64.616,75.8,92.9,247.192,187.67,36.7,0.252,0.603,4.666,World Bank API,2026-09-30 02:09:10
6975,YEM,"Yemen, Rep.",2001,63.286,61.461,65.098,72.2,88.2,241.275,184.036,35.7,0.266,0.604,4.945,World Bank API,2026-09-30 02:09:10
6976,YEM,"Yemen, Rep.",2002,63.807,61.934,65.669,68.7,83.5,237.344,178.865,34.5,0.279,0.605,4.832,World Bank API,2026-09-30 02:09:10
6977,YEM,"Yemen, Rep.",2003,64.407,62.519,66.284,65.2,79.0,231.139,173.373,33.4,0.292,0.606,5.758,World Bank API,2026-09-30 02:09:10
6978,YEM,"Yemen, Rep.",2004,64.881,63.017,66.731,61.9,74.7,226.567,170.004,32.3,0.305,0.608,5.514,World Bank API,2026-09-30 02:09:10
6979,YEM,"Yemen, Rep.",2005,65.356,63.466,67.234,58.8,70.6,222.635,165.621,31.2,0.298,0.609,5.206,World Bank API,2026-09-30 02:09:10
6980,YEM,"Yemen, Rep.",2006,65.8,63.911,67.679,55.9,66.9,218.619,162.127,30.2,0.29,0.61,5.529,World Bank API,2026-09-30 02:09:10
6981,YEM,"Yemen, Rep.",2007,66.23,64.332,68.121,53.2,63.4,214.63,158.301,29.2,0.283,0.6,5.821,World Bank API,2026-09-30 02:09:10
6982,YEM,"Yemen, Rep.",2008,66.609,64.724,68.488,50.8,60.2,211.074,155.495,28.3,0.275,0.59,5.762,World Bank API,2026-09-30 02:09:10
6983,YEM,"Yemen, Rep.",2009,66.905,64.999,68.812,48.6,57.5,209.77,153.344,27.5,0.275,0.61,5.986,World Bank API,2026-09-30 02:09:10
6984,YEM,"Yemen, Rep.",2010,67.223,65.308,69.143,46.7,55.0,206.962,150.468,26.7,0.274,0.6,5.159,World Bank API,2026-09-30 02:09:10
6985,YEM,"Yemen, Rep.",2011,67.412,65.443,69.397,45.2,53.1,207.425,148.58,26.1,0.273,0.59,4.77,World Bank API,2026-09-30 02:09:10
6986,YEM,"Yemen, Rep.",2012,67.569,65.553,69.609,44.0,51.6,207.659,146.883,25.5,0.272,0.57,5.196,World Bank API,2026-09-30 02:09:10
6987,YEM,"Yemen, Rep.",2013,67.961,66.028,69.909,42.6,49.6,200.583,144.245,25.0,0.271,0.55,4.961,World Bank API,2026-09-30 02:09:10
6988,YEM,"Yemen, Rep.",2014,68.003,65.996,70.038,41.8,48.7,203.307,143.436,24.6,0.27,0.54,5.838,World Bank API,2026-09-30 02:09:10
6989,YEM,"Yemen, Rep.",2015,66.761,63.985,69.708,41.6,49.3,247.331,148.443,24.2,0.254,0.521,6.49,World Bank API,2026-09-30 02:09:10
6990,YEM,"Yemen, Rep.",2016,67.105,64.403,69.961,40.7,47.9,240.428,145.981,23.8,0.239,0.503,7.712,World Bank API,2026-09-30 02:09:10
6991,YEM,"Yemen, Rep.",2017,67.12,64.295,70.122,40.1,47.5,245.247,145.01,23.5,0.223,0.484,8.147,World Bank API,2026-09-30 02:09:10
6992,YEM,"Yemen, Rep.",2018,65.915,62.311,69.883,39.7,47.3,288.921,149.151,23.2,0.207,0.466,9.089,World Bank API,2026-09-30 02:09:10
6993,YEM,"Yemen, Rep.",2019,66.567,63.337,70.061,39.0,46.1,267.757,147.076,22.8,0.192,0.447,10.974,World Bank API,2026-09-30 02:09:10
6994,YEM,"Yemen, Rep.",2020,66.435,63.33,69.805,37.6,43.4,265.105,151.965,22.5,0.176,0.429,11.648,World Bank API,2026-09-30 02:09:10
6995,YEM,"Yemen, Rep.",2021,66.019,63.09,69.17,36.9,42.6,279.496,166.973,22.1,0.174,0.41,9.441,World Bank API,2026-09-30 02:09:10
6996,YEM,"Yemen, Rep.",2022,67.952,65.665,70.319,36.0,41.1,223.766,148.0,21.8,0.165,0.48,8.818,World Bank API,2026-09-30 02:09:10
6997,ZAF,South Africa,1990,62.942,59.477,66.891,52.1,58.1,353.508,202.044,20.5,0.624,2.99,7.337,World Bank API,2026-09-30 02:09:10
6998,ZAF,South Africa,1991,62.983,59.495,66.966,50.1,56.8,356.581,203.345,20.1,0.624,2.99,7.337,World Bank API,2026-09-30 02:09:10
6999,ZAF,South Africa,1992,62.839,59.365,66.807,48.6,56.2,361.925,207.816,19.7,0.624,2.99,7.337,World Bank API,2026-09-30 02:09:10
7000,ZAF,South Africa,1993,62.618,59.111,66.504,47.5,56.6,369.395,214.735,19.2,0.616,2.99,7.337,World Bank API,2026-09-30 02:09:10
7001,ZAF,South Africa,1994,62.069,58.799,65.986,46.7,57.8,377.977,225.521,18.7,0.608,2.99,7.337,World Bank API,2026-09-30 02:09:10
7002,ZAF,South Africa,1995,61.603,58.282,65.158,46.0,59.2,390.486,241.565,18.1,0.601,2.99,7.337,World Bank API,2026-09-30 02:09:10
7003,ZAF,South Africa,1996,61.079,57.778,64.462,45.5,60.9,408.93,263.19,17.2,0.593,2.99,7.337,World Bank API,2026-09-30 02:09:10
7004,ZAF,South Africa,1997,60.538,57.218,63.657,45.3,62.9,422.43,282.832,16.2,0.608,2.99,7.337,World Bank API,2026-09-30 02:09:10
7005,ZAF,South Africa,1998,59.912,56.715,62.897,45.4,65.8,434.199,300.827,15.1,0.622,2.99,7.337,World Bank API,2026-09-30 02:09:10
7006,ZAF,South Africa,1999,59.19,56.11,62.047,46.0,68.7,447.635,319.615,14.2,0.637,2.99,7.337,World Bank API,2026-09-30 02:09:10
7007,ZAF,South Africa,2000,58.368,55.415,61.082,46.5,71.4,473.064,342.502,13.5,0.652,2.99,7.337,World Bank API,2026-09-30 02:09:10
7008,ZAF,South Africa,2001,57.161,54.583,59.491,47.2,74.5,489.812,370.566,13.0,0.667,2.99,7.123,World Bank API,2026-09-30 02:09:10
7009,ZAF,South Africa,2002,55.58,53.215,57.703,47.6,77.0,514.96,407.12,12.7,0.682,2.99,6.678,World Bank API,2026-09-30 02:09:10
7010,ZAF,South Africa,2003,54.245,51.993,56.266,48.3,79.2,539.364,436.031,12.6,0.696,2.885,7.041,World Bank API,2026-09-30 02:09:10
7011,ZAF,South Africa,2004,53.963,51.915,55.754,48.7,80.7,543.782,453.736,12.6,0.711,2.78,6.938,World Bank API,2026-09-30 02:09:10
7012,ZAF,South Africa,2005,53.914,52.088,55.465,47.7,79.8,544.084,460.984,12.8,0.7,2.633,6.862,World Bank API,2026-09-30 02:09:10
7013,ZAF,South Africa,2006,54.22,52.233,55.926,46.0,76.9,545.478,459.373,13.1,0.69,2.487,6.877,World Bank API,2026-09-30 02:09:10
7014,ZAF,South Africa,2007,54.948,52.715,56.887,44.0,71.2,539.741,443.696,13.3,0.679,2.34,6.905,World Bank API,2026-09-30 02:09:10
7015,ZAF,South Africa,2008,55.982,53.511,58.146,41.0,63.7,526.761,424.338,13.4,0.679,2.32,7.148,World Bank API,2026-09-30 02:09:10
7016,ZAF,South Africa,2009,57.413,54.816,59.69,38.2,56.9,507.838,403.042,13.3,0.69,2.285,7.649,World Bank API,2026-09-30 02:09:10
7017,ZAF,South Africa,2010,58.886,56.197,61.237,36.0,50.3,480.491,375.254,13.0,0.705,2.25,7.794,World Bank API,2026-09-30 02:09:10
7018,ZAF,South Africa,2011,60.602,57.735,63.139,34.5,45.6,458.132,346.71,12.5,0.709,2.25,7.944,World Bank API,2026-09-30 02:09:10
7019,ZAF,South Africa,2012,61.737,58.714,64.427,33.3,43.1,432.549,320.219,12.1,0.715,2.25,8.004,World Bank API,2026-09-30 02:09:10
7020,ZAF,South Africa,2013,62.388,59.233,65.244,32.1,41.4,420.19,303.13,11.9,0.729,2.25,8.103,World Bank API,2026-09-30 02:09:10
7021,ZAF,South Africa,2014,63.184,59.91,66.184,30.7,39.7,403.681,284.727,11.7,0.74,2.25,7.871,World Bank API,2026-09-30 02:09:10
7022,ZAF,South Africa,2015,64.053,60.802,67.027,29.3,38.2,391.264,274.858,11.7,0.763,2.25,8.053,World Bank API,2026-09-30 02:09:10
7023,ZAF,South Africa,2016,64.749,61.332,67.916,28.0,36.8,381.314,263.469,11.6,0.753,2.25,8.08,World Bank API,2026-09-30 02:09:10
7024,ZAF,South Africa,2017,65.422,61.98,68.58,26.8,35.7,370.427,254.61,11.5,0.775,2.25,7.977,World Bank API,2026-09-30 02:09:10
7025,ZAF,South Africa,2018,65.726,62.296,68.906,25.8,34.9,359.292,245.332,11.4,0.742,2.25,8.082,World Bank API,2026-09-30 02:09:10
7026,ZAF,South Africa,2019,66.071,62.696,69.216,25.1,34.3,342.77,234.54,11.5,0.779,2.25,8.247,World Bank API,2026-09-30 02:09:10
7027,ZAF,South Africa,2020,65.15,62.174,67.948,24.5,33.9,353.022,255.531,11.6,0.78,2.25,9.022,World Bank API,2026-09-30 02:09:10
7028,ZAF,South Africa,2021,62.01,59.193,64.772,24.3,34.0,404.674,298.193,11.7,0.781,2.25,8.665,World Bank API,2026-09-30 02:09:10
7029,ZAF,South Africa,2022,65.454,61.813,69.037,24.3,34.3,345.339,223.504,12.0,0.794,2.25,8.745,World Bank API,2026-09-30 02:09:10
7030,ZMB,Zambia,1990,48.204,46.912,49.41,102.3,180.7,439.7,397.45,35.5,0.092,1.9,4.12,World Bank API,2026-09-30 02:09:10
7031,ZMB,Zambia,1991,47.443,46.197,48.602,102.6,180.9,458.705,418.085,34.9,0.087,1.9,4.12,World Bank API,2026-09-30 02:09:10
7032,ZMB,Zambia,1992,46.968,45.749,48.1,102.4,180.2,473.774,434.771,34.4,0.083,1.9,4.12,World Bank API,2026-09-30 02:09:10
7033,ZMB,Zambia,1993,46.678,45.43,47.836,101.5,178.5,487.558,446.948,34.1,0.078,1.9,4.12,World Bank API,2026-09-30 02:09:10
7034,ZMB,Zambia,1994,46.344,45.199,47.4,100.3,175.8,500.111,464.933,33.9,0.074,1.9,4.12,World Bank API,2026-09-30 02:09:10
7035,ZMB,Zambia,1995,46.051,44.916,47.096,98.5,172.2,514.513,479.716,33.8,0.069,1.9,4.12,World Bank API,2026-09-30 02:09:10
7036,ZMB,Zambia,1996,45.757,44.714,46.718,96.9,168.7,527.354,498.391,33.9,0.076,1.9,4.12,World Bank API,2026-09-30 02:09:10
7037,ZMB,Zambia,1997,45.743,44.72,46.682,95.6,165.6,535.162,506.798,33.9,0.083,1.9,4.12,World Bank API,2026-09-30 02:09:10
7038,ZMB,Zambia,1998,45.709,44.805,46.541,94.5,162.5,542.126,521.007,33.8,0.09,1.9,4.12,World Bank API,2026-09-30 02:09:10
7039,ZMB,Zambia,1999,45.924,45.125,46.657,92.5,158.1,542.91,527.43,33.6,0.097,1.9,4.12,World Bank API,2026-09-30 02:09:10
7040,ZMB,Zambia,2000,46.577,45.797,47.295,89.3,151.8,537.387,525.315,33.0,0.104,1.9,4.12,World Bank API,2026-09-30 02:09:10
7041,ZMB,Zambia,2001,47.408,46.645,48.105,84.6,143.2,529.251,518.388,32.1,0.111,1.9,4.779,World Bank API,2026-09-30 02:09:10
7042,ZMB,Zambia,2002,48.461,47.702,49.145,78.7,132.9,517.202,504.563,31.0,0.118,1.9,5.888,World Bank API,2026-09-30 02:09:10
7043,ZMB,Zambia,2003,49.616,48.72,50.419,72.3,122.1,506.989,487.107,29.6,0.125,1.9,5.996,World Bank API,2026-09-30 02:09:10
7044,ZMB,Zambia,2004,50.54,49.901,51.097,65.8,111.7,491.483,488.01,28.3,0.132,1.9,5.466,World Bank API,2026-09-30 02:09:10
7045,ZMB,Zambia,2005,51.615,51.029,52.115,60.2,102.7,477.565,476.903,27.2,0.055,1.9,6.331,World Bank API,2026-09-30 02:09:10
7046,ZMB,Zambia,2006,52.693,51.932,53.346,56.4,94.8,467.201,454.92,26.4,0.054,1.9,5.577,World Bank API,2026-09-30 02:09:10
7047,ZMB,Zambia,2007,53.73,52.877,54.47,54.3,89.1,454.522,437.954,25.8,0.057,1.9,4.56,World Bank API,2026-09-30 02:09:10
7048,ZMB,Zambia,2008,54.835,53.693,55.855,52.1,84.2,443.496,411.519,25.4,0.061,1.9,4.494,World Bank API,2026-09-30 02:09:10
7049,ZMB,Zambia,2009,55.886,54.719,56.933,50.2,78.4,423.742,391.812,25.1,0.059,1.95,5.226,World Bank API,2026-09-30 02:09:10
7050,ZMB,Zambia,2010,56.896,55.479,58.195,48.6,74.3,410.763,367.188,24.8,0.06,2.0,4.134,World Bank API,2026-09-30 02:09:10
7051,ZMB,Zambia,2011,57.843,56.186,59.388,47.4,71.8,397.15,340.42,24.5,0.065,2.0,3.959,World Bank API,2026-09-30 02:09:10
7052,ZMB,Zambia,2012,58.704,56.954,60.344,46.1,69.2,381.043,320.483,24.2,0.07,2.0,4.045,World Bank API,2026-09-30 02:09:10
7053,ZMB,Zambia,2013,59.445,57.623,61.161,44.5,66.0,367.231,303.975,23.9,0.075,2.0,4.574,World Bank API,2026-09-30 02:09:10
7054,ZMB,Zambia,2014,60.109,58.094,62.03,43.0,62.6,359.38,286.036,23.7,0.08,2.0,3.829,World Bank API,2026-09-30 02:09:10
7055,ZMB,Zambia,2015,60.728,58.545,62.83,42.4,60.2,349.717,268.497,23.4,0.085,2.0,4.43,World Bank API,2026-09-30 02:09:10
7056,ZMB,Zambia,2016,61.129,58.919,63.259,40.6,57.1,343.616,261.777,23.1,0.09,2.0,4.469,World Bank API,2026-09-30 02:09:10
7057,ZMB,Zambia,2017,61.564,59.207,63.863,38.8,55.2,339.027,248.802,22.7,0.157,2.0,4.782,World Bank API,2026-09-30 02:09:10
7058,ZMB,Zambia,2018,62.138,59.693,64.533,37.7,54.7,328.242,235.116,22.4,0.224,2.0,4.77,World Bank API,2026-09-30 02:09:10
7059,ZMB,Zambia,2019,62.914,60.349,65.44,36.1,53.5,313.438,215.69,22.1,0.237,2.0,6.753,World Bank API,2026-09-30 02:09:10
7060,ZMB,Zambia,2020,63.361,60.731,65.953,35.7,52.5,299.649,203.387,21.9,0.253,2.0,6.307,World Bank API,2026-09-30 02:09:10
7061,ZMB,Zambia,2021,62.363,59.79,64.925,35.6,50.4,333.659,229.545,21.7,0.295,2.0,6.64,World Bank API,2026-09-30 02:09:10
7062,ZMB,Zambia,2022,65.279,62.768,67.717,35.4,49.5,258.231,172.209,21.6,0.324,2.0,5.21,World Bank API,2026-09-30 02:09:10
7063,ZWE,Zimbabwe,1990,58.319,55.161,61.569,54.0,84.0,420.195,287.875,20.4,0.13,0.511,10.476,World Bank API,2026-09-30 02:09:10
7064,ZWE,Zimbabwe,1991,57.037,54.098,60.052,53.5,87.9,444.687,321.28,18.7,0.134,0.579,10.476,World Bank API,2026-09-30 02:09:10
7065,ZWE,Zimbabwe,1992,55.602,52.908,58.353,53.7,92.3,471.516,358.621,17.7,0.138,0.647,10.476,World Bank API,2026-09-30 02:09:10
7066,ZWE,Zimbabwe,1993,53.976,51.629,56.467,55.2,97.5,500.841,401.216,17.7,0.141,0.716,10.476,World Bank API,2026-09-30 02:09:10
7067,ZWE,Zimbabwe,1994,52.537,50.402,54.78,58.0,102.7,530.813,439.786,18.7,0.145,0.784,10.476,World Bank API,2026-09-30 02:09:10
7068,ZWE,Zimbabwe,1995,51.144,49.181,53.194,58.7,104.2,561.094,476.926,20.3,0.149,0.852,10.476,World Bank API,2026-09-30 02:09:10
7069,ZWE,Zimbabwe,1996,48.981,46.94,51.135,63.1,108.1,621.463,529.306,21.9,0.144,0.921,10.476,World Bank API,2026-09-30 02:09:10
7070,ZWE,Zimbabwe,1997,48.536,47.001,50.13,62.2,100.7,620.071,556.132,23.2,0.14,0.989,10.476,World Bank API,2026-09-30 02:09:10
7071,ZWE,Zimbabwe,1998,47.551,46.024,49.159,59.6,97.1,648.405,580.41,23.6,0.135,1.058,10.476,World Bank API,2026-09-30 02:09:10
7072,ZWE,Zimbabwe,1999,46.379,45.031,47.811,59.0,99.7,677.463,616.574,23.4,0.131,1.126,10.476,World Bank API,2026-09-30 02:09:10
7073,ZWE,Zimbabwe,2000,46.034,44.834,47.298,58.3,99.4,685.421,632.119,23.0,0.126,1.194,10.476,World Bank API,2026-09-30 02:09:10
7074,ZWE,Zimbabwe,2001,44.525,43.997,45.127,58.3,96.3,711.492,687.242,22.9,0.137,1.263,10.476,World Bank API,2026-09-30 02:09:10
7075,ZWE,Zimbabwe,2002,45.938,45.135,46.793,58.7,93.8,682.77,647.808,23.2,0.148,1.331,10.476,World Bank API,2026-09-30 02:09:10
7076,ZWE,Zimbabwe,2003,45.373,44.987,45.834,59.5,91.9,688.402,672.559,23.7,0.158,1.4,10.476,World Bank API,2026-09-30 02:09:10
7077,ZWE,Zimbabwe,2004,46.043,45.655,46.507,61.7,91.2,670.594,656.732,24.4,0.169,1.468,10.476,World Bank API,2026-09-30 02:09:10
7078,ZWE,Zimbabwe,2005,46.57,46.198,47.005,64.5,91.6,655.537,643.76,25.3,0.121,1.536,10.476,World Bank API,2026-09-30 02:09:10
7079,ZWE,Zimbabwe,2006,47.056,46.856,47.351,65.9,87.6,637.341,635.691,26.5,0.088,1.605,10.476,World Bank API,2026-09-30 02:09:10
7080,ZWE,Zimbabwe,2007,47.576,47.644,47.641,68.8,90.6,616.663,629.3,27.7,0.054,1.673,10.476,World Bank API,2026-09-30 02:09:10
7081,ZWE,Zimbabwe,2008,48.456,48.246,48.749,69.8,91.1,597.916,599.107,28.4,0.06,1.742,10.476,World Bank API,2026-09-30 02:09:10
7082,ZWE,Zimbabwe,2009,49.75,49.245,50.289,69.8,89.8,575.365,565.59,28.5,0.115,1.81,10.476,World Bank API,2026-09-30 02:09:10
7083,ZWE,Zimbabwe,2010,51.925,51.197,52.655,67.4,85.2,534.002,517.948,28.1,0.121,1.78,10.476,World Bank API,2026-09-30 02:09:10
7084,ZWE,Zimbabwe,2011,53.911,52.508,55.218,64.2,77.2,509.089,460.939,27.5,0.078,1.75,8.082,World Bank API,2026-09-30 02:09:10
7085,ZWE,Zimbabwe,2012,55.386,54.066,56.609,58.8,68.0,476.153,437.556,27.0,0.077,1.86,6.918,World Bank API,2026-09-30 02:09:10
7086,ZWE,Zimbabwe,2013,56.842,55.397,58.171,56.6,62.6,448.129,405.782,26.7,0.08,1.905,7.11,World Bank API,2026-09-30 02:09:10
7087,ZWE,Zimbabwe,2014,58.106,56.569,59.508,54.7,59.8,422.627,380.219,26.9,0.119,1.95,8.134,World Bank API,2026-09-30 02:09:10
7088,ZWE,Zimbabwe,2015,58.989,57.33,60.49,54.7,59.2,410.176,362.062,27.3,0.174,1.95,7.452,World Bank API,2026-09-30 02:09:10
7089,ZWE,Zimbabwe,2016,59.76,57.94,61.401,54.3,57.5,400.331,344.668,27.9,0.172,1.95,7.258,World Bank API,2026-09-30 02:09:10
7090,ZWE,Zimbabwe,2017,60.263,58.304,62.016,54.2,56.7,395.518,333.036,28.6,0.179,1.95,6.174,World Bank API,2026-09-30 02:09:10
7091,ZWE,Zimbabwe,2018,60.906,58.852,62.741,54.4,56.3,385.737,319.593,29.4,0.201,1.95,4.673,World Bank API,2026-09-30 02:09:10
7092,ZWE,Zimbabwe,2019,61.06,58.83,63.049,55.8,58.6,389.287,313.598,30.3,0.123,1.95,3.233,World Bank API,2026-09-30 02:09:10
7093,ZWE,Zimbabwe,2020,61.53,59.091,63.747,57.8,61.7,383.099,299.007,31.3,0.128,1.95,2.954,World Bank API,2026-09-30 02:09:10
7094,ZWE,Zimbabwe,2021,60.135,57.717,62.289,59.8,62.4,428.229,335.803,32.2,0.136,1.95,2.671,World Bank API,2026-09-30 02:09:10
7095,ZWE,Zimbabwe,2022,62.36,59.88,64.544,61.6,64.0,371.191,285.306,33.1,0.127,1.95,3.395,World Bank API,2026-09-30 02:09:10
