id,country_code,country_name,year,deaths_per_100k,deaths_total,age_std_death_rate,dalys_per_100k,share_of_deaths_pct,high_sbp_deaths,high_cholesterol_deaths,smoking_deaths,obesity_deaths,data_source,loaded_at
1,AFG,Afghanistan,1990,682.157,42743,682.157,1466.6376,58.0,35.5,24.14,38.0,18.46,Our World in Data / WHO,2026-09-30 02:09:06
2,AFG,Afghanistan,1991,682.157,42743,682.157,1466.6376,58.0,35.5,24.14,38.0,18.46,Our World in Data / WHO,2026-09-30 02:09:06
3,AFG,Afghanistan,1992,682.157,42743,682.157,1466.6376,58.0,35.6,24.208,38.0,18.512,Our World in Data / WHO,2026-09-30 02:09:06
4,AFG,Afghanistan,1993,682.157,42743,682.157,1466.6376,58.0,35.6,24.208,38.0,18.512,Our World in Data / WHO,2026-09-30 02:09:06
5,AFG,Afghanistan,1994,682.157,42743,682.157,1466.6376,58.0,35.7,24.276,38.0,18.564,Our World in Data / WHO,2026-09-30 02:09:06
6,AFG,Afghanistan,1995,682.157,42743,682.157,1466.6376,58.0,35.8,24.344,38.0,18.616,Our World in Data / WHO,2026-09-30 02:09:06
7,AFG,Afghanistan,1996,682.157,42743,682.157,1466.6376,58.0,35.8,24.344,38.0,18.616,Our World in Data / WHO,2026-09-30 02:09:06
8,AFG,Afghanistan,1997,682.157,42743,682.157,1466.6376,58.0,35.9,24.412,38.0,18.668,Our World in Data / WHO,2026-09-30 02:09:06
9,AFG,Afghanistan,1998,682.157,42743,682.157,1466.6376,58.0,36.1,24.548,38.0,18.772,Our World in Data / WHO,2026-09-30 02:09:06
10,AFG,Afghanistan,1999,682.157,42743,682.157,1466.6376,58.0,36.2,24.616,38.0,18.824,Our World in Data / WHO,2026-09-30 02:09:06
11,AFG,Afghanistan,2000,682.157,42743,682.157,1466.6376,58.0,36.4,24.752,38.0,18.928,Our World in Data / WHO,2026-09-30 02:09:06
12,AFG,Afghanistan,2001,687.9393,43332,687.9393,1479.0695,58.0,36.5,24.82,37.1,18.98,Our World in Data / WHO,2026-09-30 02:09:06
13,AFG,Afghanistan,2002,686.989,45328,686.989,1477.0264,58.0,36.7,24.956,36.2,19.084,Our World in Data / WHO,2026-09-30 02:09:06
14,AFG,Afghanistan,2003,685.59,48415,685.59,1474.0185,58.0,36.9,25.092,35.3,19.188,Our World in Data / WHO,2026-09-30 02:09:06
15,AFG,Afghanistan,2004,681.6107,49728,681.6107,1465.463,58.0,37.1,25.228,34.4,19.292,Our World in Data / WHO,2026-09-30 02:09:06
16,AFG,Afghanistan,2005,676.2835,50471,676.2835,1454.0095,58.0,37.2,25.296,33.5,19.344,Our World in Data / WHO,2026-09-30 02:09:06
17,AFG,Afghanistan,2006,665.8629,51277,665.8629,1431.6052,58.0,37.4,25.432,32.65,19.448,Our World in Data / WHO,2026-09-30 02:09:06
18,AFG,Afghanistan,2007,639.7227,51080,639.7227,1375.4038,58.0,37.6,25.568,31.8,19.552,Our World in Data / WHO,2026-09-30 02:09:06
19,AFG,Afghanistan,2008,616.1202,50388,616.1202,1324.6584,58.0,37.8,25.704,31.1,19.656,Our World in Data / WHO,2026-09-30 02:09:06
20,AFG,Afghanistan,2009,597.4361,50048,597.4361,1284.4876,58.0,38.0,25.84,30.4,19.76,Our World in Data / WHO,2026-09-30 02:09:06
21,AFG,Afghanistan,2010,583.2159,50411,583.2159,1253.9142,58.0,38.2,25.976,29.7,19.864,Our World in Data / WHO,2026-09-30 02:09:06
22,AFG,Afghanistan,2011,581.7678,52265,581.7678,1250.8008,58.0,38.4,26.112,29.04,19.968,Our World in Data / WHO,2026-09-30 02:09:06
23,AFG,Afghanistan,2012,575.01,53422,575.01,1236.2715,58.0,38.6,26.248,28.38,20.072,Our World in Data / WHO,2026-09-30 02:09:06
24,AFG,Afghanistan,2013,567.2064,54917,567.2064,1219.4938,58.0,38.8,26.384,27.72,20.176,Our World in Data / WHO,2026-09-30 02:09:06
25,AFG,Afghanistan,2014,560.0775,55948,560.0775,1204.1666,58.0,39.0,26.52,27.06,20.28,Our World in Data / WHO,2026-09-30 02:09:06
26,AFG,Afghanistan,2015,550.8761,56755,550.8761,1184.3836,58.0,39.2,26.656,26.4,20.384,Our World in Data / WHO,2026-09-30 02:09:06
27,AFG,Afghanistan,2016,544.4298,58236,544.4298,1170.5241,57.6513,39.5,26.86,25.86,20.54,Our World in Data / WHO,2026-09-30 02:09:06
28,AFG,Afghanistan,2017,544.4343,60394,544.4343,1170.5337,57.6518,39.7,26.996,25.32,20.644,Our World in Data / WHO,2026-09-30 02:09:06
29,AFG,Afghanistan,2018,539.1603,61872,539.1603,1159.1946,57.0933,39.9,27.132,24.78,20.748,Our World in Data / WHO,2026-09-30 02:09:06
30,AFG,Afghanistan,2019,537.9304,64083,537.9304,1156.5504,56.9631,40.2,27.336,24.24,20.904,Our World in Data / WHO,2026-09-30 02:09:06
31,AFG,Afghanistan,2020,557.5572,68300,557.5572,1198.748,58.0,40.2,27.336,23.7,20.904,Our World in Data / WHO,2026-09-30 02:09:06
32,AFG,Afghanistan,2021,509.7263,64374,509.7263,1095.9115,53.9765,40.2,27.336,23.3,20.904,Our World in Data / WHO,2026-09-30 02:09:06
33,AFG,Afghanistan,2022,509.7263,64374,509.7263,1095.9115,53.9765,40.2,27.336,22.9,20.904,Our World in Data / WHO,2026-09-30 02:09:06
34,AGO,Angola,1990,371.7113,21291,371.7113,799.1793,39.3616,37.2,25.296,31.1,19.344,Our World in Data / WHO,2026-09-30 02:09:06
35,AGO,Angola,1991,371.7113,21291,371.7113,799.1793,39.3616,37.2,25.296,31.1,19.344,Our World in Data / WHO,2026-09-30 02:09:06
36,AGO,Angola,1992,371.7113,21291,371.7113,799.1793,39.3616,37.3,25.364,31.1,19.396,Our World in Data / WHO,2026-09-30 02:09:06
37,AGO,Angola,1993,371.7113,21291,371.7113,799.1793,39.3616,37.3,25.364,31.1,19.396,Our World in Data / WHO,2026-09-30 02:09:06
38,AGO,Angola,1994,371.7113,21291,371.7113,799.1793,39.3616,37.4,25.432,31.1,19.448,Our World in Data / WHO,2026-09-30 02:09:06
39,AGO,Angola,1995,371.7113,21291,371.7113,799.1793,39.3616,37.4,25.432,31.1,19.448,Our World in Data / WHO,2026-09-30 02:09:06
40,AGO,Angola,1996,371.7113,21291,371.7113,799.1793,39.3616,37.5,25.5,31.1,19.5,Our World in Data / WHO,2026-09-30 02:09:06
41,AGO,Angola,1997,371.7113,21291,371.7113,799.1793,39.3616,37.5,25.5,31.1,19.5,Our World in Data / WHO,2026-09-30 02:09:06
42,AGO,Angola,1998,371.7113,21291,371.7113,799.1793,39.3616,37.6,25.568,31.1,19.552,Our World in Data / WHO,2026-09-30 02:09:06
43,AGO,Angola,1999,371.7113,21291,371.7113,799.1793,39.3616,37.7,25.636,31.1,19.604,Our World in Data / WHO,2026-09-30 02:09:06
44,AGO,Angola,2000,371.7113,21291,371.7113,799.1793,39.3616,37.9,25.772,31.1,19.708,Our World in Data / WHO,2026-09-30 02:09:06
45,AGO,Angola,2001,358.3166,20942,358.3166,770.3807,37.9432,38.0,25.84,29.84,19.76,Our World in Data / WHO,2026-09-30 02:09:06
46,AGO,Angola,2002,355.7697,21583,355.7697,764.9049,37.6735,38.2,25.976,29.18,19.864,Our World in Data / WHO,2026-09-30 02:09:06
47,AGO,Angola,2003,357.8572,23094,357.8572,769.393,37.8946,38.4,26.112,28.72,19.968,Our World in Data / WHO,2026-09-30 02:09:06
48,AGO,Angola,2004,353.8648,23738,353.8648,760.8093,37.4718,38.6,26.248,28.26,20.072,Our World in Data / WHO,2026-09-30 02:09:06
49,AGO,Angola,2005,337.9406,23344,337.9406,726.5723,35.7856,38.8,26.384,27.8,20.176,Our World in Data / WHO,2026-09-30 02:09:06
50,AGO,Angola,2006,340.8371,24496,340.8371,732.7998,36.0923,39.0,26.52,27.5,20.28,Our World in Data / WHO,2026-09-30 02:09:06
51,AGO,Angola,2007,323.3268,24077,323.3268,695.1526,34.2381,39.1,26.588,26.9,20.332,Our World in Data / WHO,2026-09-30 02:09:06
52,AGO,Angola,2008,315.1856,24254,315.1856,677.649,33.376,39.2,26.656,26.5333,20.384,Our World in Data / WHO,2026-09-30 02:09:06
53,AGO,Angola,2009,307.4854,24419,307.4854,661.0936,32.5606,39.3,26.724,25.8667,20.436,Our World in Data / WHO,2026-09-30 02:09:06
54,AGO,Angola,2010,296.4961,24355,296.4961,637.4666,31.3969,39.3,26.724,25.2,20.436,Our World in Data / WHO,2026-09-30 02:09:06
55,AGO,Angola,2011,295.5467,25215,295.5467,635.4254,31.2963,39.3,26.724,24.86,20.436,Our World in Data / WHO,2026-09-30 02:09:06
56,AGO,Angola,2012,288.749,25514,288.749,620.8104,30.5765,39.3,26.724,24.22,20.436,Our World in Data / WHO,2026-09-30 02:09:06
57,AGO,Angola,2013,288.9547,26538,288.9547,621.2526,30.5983,39.2,26.656,23.76,20.384,Our World in Data / WHO,2026-09-30 02:09:06
58,AGO,Angola,2014,273.463,25893,273.463,587.9455,28.9578,39.1,26.588,23.16,20.332,Our World in Data / WHO,2026-09-30 02:09:06
59,AGO,Angola,2015,279.3443,27495,279.3443,600.5902,29.5806,39.1,26.588,22.6,20.332,Our World in Data / WHO,2026-09-30 02:09:06
60,AGO,Angola,2016,278.3609,28326,278.3609,598.4759,29.4765,39.0,26.52,22.34,20.28,Our World in Data / WHO,2026-09-30 02:09:06
61,AGO,Angola,2017,277.0951,29158,277.0951,595.7545,29.3424,38.9,26.452,21.98,20.228,Our World in Data / WHO,2026-09-30 02:09:06
62,AGO,Angola,2018,293.9661,32376,293.9661,632.0271,31.129,38.8,26.384,21.56,20.176,Our World in Data / WHO,2026-09-30 02:09:06
63,AGO,Angola,2019,304.1741,34839,304.1741,653.9743,32.2099,38.7,26.316,21.2,20.124,Our World in Data / WHO,2026-09-30 02:09:06
64,AGO,Angola,2020,321.3546,37876,321.3546,690.9124,34.0292,38.7,26.316,20.6,20.124,Our World in Data / WHO,2026-09-30 02:09:06
65,AGO,Angola,2021,317.8023,39425,317.8023,683.2749,33.6531,38.7,26.316,20.175,20.124,Our World in Data / WHO,2026-09-30 02:09:06
66,ALB,Albania,1990,450.0884,11823,450.0884,967.6901,47.6612,44.5,30.26,34.1,23.14,Our World in Data / WHO,2026-09-30 02:09:06
67,ALB,Albania,1991,450.0884,11823,450.0884,967.6901,47.6612,44.1,29.988,34.1,22.932,Our World in Data / WHO,2026-09-30 02:09:06
68,ALB,Albania,1992,450.0884,11823,450.0884,967.6901,47.6612,43.7,29.716,34.1,22.724,Our World in Data / WHO,2026-09-30 02:09:06
69,ALB,Albania,1993,450.0884,11823,450.0884,967.6901,47.6612,43.2,29.376,34.1,22.464,Our World in Data / WHO,2026-09-30 02:09:06
70,ALB,Albania,1994,450.0884,11823,450.0884,967.6901,47.6612,42.8,29.104,34.1,22.256,Our World in Data / WHO,2026-09-30 02:09:06
71,ALB,Albania,1995,450.0884,11823,450.0884,967.6901,47.6612,42.4,28.832,34.1,22.048,Our World in Data / WHO,2026-09-30 02:09:06
72,ALB,Albania,1996,450.0884,11823,450.0884,967.6901,47.6612,42.0,28.56,34.1,21.84,Our World in Data / WHO,2026-09-30 02:09:06
73,ALB,Albania,1997,450.0884,11823,450.0884,967.6901,47.6612,41.6,28.288,34.1,21.632,Our World in Data / WHO,2026-09-30 02:09:06
74,ALB,Albania,1998,450.0884,11823,450.0884,967.6901,47.6612,41.3,28.084,34.1,21.476,Our World in Data / WHO,2026-09-30 02:09:06
75,ALB,Albania,1999,450.0884,11823,450.0884,967.6901,47.6612,41.1,27.948,34.1,21.372,Our World in Data / WHO,2026-09-30 02:09:06
76,ALB,Albania,2000,450.0884,11823,450.0884,967.6901,47.6612,40.9,27.812,34.1,21.268,Our World in Data / WHO,2026-09-30 02:09:06
77,ALB,Albania,2001,313.1187,8531,313.1187,673.2052,33.1571,40.8,27.744,33.48,21.216,Our World in Data / WHO,2026-09-30 02:09:06
78,ALB,Albania,2002,353.4099,9854,353.4099,759.8313,37.4237,40.8,27.744,32.86,21.216,Our World in Data / WHO,2026-09-30 02:09:06
79,ALB,Albania,2003,401.0074,11494,401.0074,862.1659,42.4639,40.8,27.744,32.24,21.216,Our World in Data / WHO,2026-09-30 02:09:06
80,ALB,Albania,2004,380.6246,11374,380.6246,818.3429,40.3055,40.9,27.812,31.62,21.268,Our World in Data / WHO,2026-09-30 02:09:06
81,ALB,Albania,2005,386.1933,12084,386.1933,830.3156,40.8952,41.0,27.88,31.0,21.32,Our World in Data / WHO,2026-09-30 02:09:06
82,ALB,Albania,2006,369.1203,12128,369.1203,793.6086,39.0873,41.1,27.948,30.4,21.372,Our World in Data / WHO,2026-09-30 02:09:06
83,ALB,Albania,2007,356.0565,12110,356.0565,765.5215,37.7039,41.2,28.016,29.8,21.424,Our World in Data / WHO,2026-09-30 02:09:06
84,ALB,Albania,2008,342.0921,12039,342.0921,735.498,36.2252,41.4,28.152,29.2333,21.528,Our World in Data / WHO,2026-09-30 02:09:06
85,ALB,Albania,2009,325.2086,11842,325.2086,699.1985,34.4373,41.5,28.22,28.6667,21.58,Our World in Data / WHO,2026-09-30 02:09:06
86,ALB,Albania,2010,305.8744,11511,305.8744,657.63,32.39,41.5,28.22,28.1,21.58,Our World in Data / WHO,2026-09-30 02:09:06
87,ALB,Albania,2011,294.1315,11425,294.1315,632.3827,31.1465,41.6,28.288,27.58,21.632,Our World in Data / WHO,2026-09-30 02:09:06
88,ALB,Albania,2012,339.2634,13678,339.2634,729.4163,35.9256,41.6,28.288,27.06,21.632,Our World in Data / WHO,2026-09-30 02:09:06
89,ALB,Albania,2013,325.2544,13549,325.2544,699.297,34.4422,41.7,28.356,26.54,21.684,Our World in Data / WHO,2026-09-30 02:09:06
90,ALB,Albania,2014,326.6312,14067,326.6312,702.2571,34.588,41.7,28.356,26.02,21.684,Our World in Data / WHO,2026-09-30 02:09:06
91,ALB,Albania,2015,351.5144,15744,351.5144,755.756,37.2229,41.7,28.356,25.5,21.684,Our World in Data / WHO,2026-09-30 02:09:06
92,ALB,Albania,2016,369.4717,17238,369.4717,794.3642,39.1245,41.7,28.356,25.04,21.684,Our World in Data / WHO,2026-09-30 02:09:06
93,ALB,Albania,2017,390.2281,19024,390.2281,838.9904,41.3224,41.8,28.424,24.58,21.736,Our World in Data / WHO,2026-09-30 02:09:06
94,ALB,Albania,2018,409.9898,20949,409.9898,881.4781,43.4151,41.8,28.424,24.12,21.736,Our World in Data / WHO,2026-09-30 02:09:06
95,ALB,Albania,2019,429.7283,23093,429.7283,923.9158,45.5052,41.8,28.424,23.66,21.736,Our World in Data / WHO,2026-09-30 02:09:06
96,ALB,Albania,2020,445.2448,25199,445.2448,957.2763,47.1483,41.8,28.424,23.2,21.736,Our World in Data / WHO,2026-09-30 02:09:06
97,ALB,Albania,2021,264.922,15050,264.922,569.5823,28.0534,41.8,28.424,22.75,21.736,Our World in Data / WHO,2026-09-30 02:09:06
98,ALB,Albania,2022,264.922,15050,264.922,569.5823,28.0534,41.8,28.424,22.3,21.736,Our World in Data / WHO,2026-09-30 02:09:06
99,AND,Andorra,1990,129.4728,148,129.4728,278.3665,13.7103,38.5,26.18,36.0,20.02,Our World in Data / WHO,2026-09-30 02:09:06
100,AND,Andorra,1991,129.4728,148,129.4728,278.3665,13.7103,38.4,26.112,36.0,19.968,Our World in Data / WHO,2026-09-30 02:09:06
101,AND,Andorra,1992,129.4728,148,129.4728,278.3665,13.7103,38.2,25.976,36.0,19.864,Our World in Data / WHO,2026-09-30 02:09:06
102,AND,Andorra,1993,129.4728,148,129.4728,278.3665,13.7103,38.0,25.84,36.0,19.76,Our World in Data / WHO,2026-09-30 02:09:06
103,AND,Andorra,1994,129.4728,148,129.4728,278.3665,13.7103,37.9,25.772,36.0,19.708,Our World in Data / WHO,2026-09-30 02:09:06
104,AND,Andorra,1995,129.4728,148,129.4728,278.3665,13.7103,37.7,25.636,36.0,19.604,Our World in Data / WHO,2026-09-30 02:09:06
105,AND,Andorra,1996,129.4728,148,129.4728,278.3665,13.7103,37.5,25.5,36.0,19.5,Our World in Data / WHO,2026-09-30 02:09:06
106,AND,Andorra,1997,129.4728,148,129.4728,278.3665,13.7103,37.3,25.364,36.0,19.396,Our World in Data / WHO,2026-09-30 02:09:06
107,AND,Andorra,1998,129.4728,148,129.4728,278.3665,13.7103,37.2,25.296,36.0,19.344,Our World in Data / WHO,2026-09-30 02:09:06
108,AND,Andorra,1999,129.4728,148,129.4728,278.3665,13.7103,37.0,25.16,36.0,19.24,Our World in Data / WHO,2026-09-30 02:09:06
109,AND,Andorra,2000,129.4728,148,129.4728,278.3665,13.7103,36.8,25.024,36.0,19.136,Our World in Data / WHO,2026-09-30 02:09:06
110,AND,Andorra,2001,122.3423,149,122.3423,263.0359,12.9552,36.7,24.956,35.9,19.084,Our World in Data / WHO,2026-09-30 02:09:06
111,AND,Andorra,2002,114.632,148,114.632,246.4588,12.1387,36.6,24.888,35.8,19.032,Our World in Data / WHO,2026-09-30 02:09:06
112,AND,Andorra,2003,109.6264,150,109.6264,235.6968,12.0,36.4,24.752,35.7,18.928,Our World in Data / WHO,2026-09-30 02:09:06
113,AND,Andorra,2004,109.4428,156,109.4428,235.302,12.0,36.3,24.684,35.6,18.876,Our World in Data / WHO,2026-09-30 02:09:06
114,AND,Andorra,2005,106.2701,157,106.2701,228.4807,12.0,36.1,24.548,35.5,18.772,Our World in Data / WHO,2026-09-30 02:09:06
115,AND,Andorra,2006,101.6376,156,101.6376,218.5208,12.0,35.8,24.344,35.6,18.616,Our World in Data / WHO,2026-09-30 02:09:06
116,AND,Andorra,2007,89.6728,146,89.6728,192.7965,12.0,35.6,24.208,35.7,18.512,Our World in Data / WHO,2026-09-30 02:09:06
117,AND,Andorra,2008,82.736,140,82.736,177.8824,12.0,35.2,23.936,35.6,18.304,Our World in Data / WHO,2026-09-30 02:09:06
118,AND,Andorra,2009,76.5923,132,76.5923,164.6734,12.0,34.9,23.732,35.5,18.148,Our World in Data / WHO,2026-09-30 02:09:06
119,AND,Andorra,2010,74.0694,121,74.0694,159.2492,12.0,34.5,23.46,35.4,17.94,Our World in Data / WHO,2026-09-30 02:09:06
120,AND,Andorra,2011,73.4727,115,73.4727,157.9663,12.0,34.1,23.188,35.4,17.732,Our World in Data / WHO,2026-09-30 02:09:06
121,AND,Andorra,2012,76.4517,119,76.4517,164.3712,12.0,33.7,22.916,35.4,17.524,Our World in Data / WHO,2026-09-30 02:09:06
122,AND,Andorra,2013,82.8827,127,82.8827,178.1978,12.0,33.2,22.576,35.4,17.264,Our World in Data / WHO,2026-09-30 02:09:06
123,AND,Andorra,2014,88.4946,133,88.4946,190.2634,12.0,32.8,22.304,35.4,17.056,Our World in Data / WHO,2026-09-30 02:09:06
124,AND,Andorra,2015,94.8796,138,94.8796,203.9911,12.0,32.4,22.032,35.4,16.848,Our World in Data / WHO,2026-09-30 02:09:06
125,AND,Andorra,2016,99.0963,143,99.0963,213.057,12.0,32.0,21.76,35.38,16.64,Our World in Data / WHO,2026-09-30 02:09:06
126,AND,Andorra,2017,96.8599,144,96.8599,208.2488,12.0,31.7,21.556,35.36,16.484,Our World in Data / WHO,2026-09-30 02:09:06
127,AND,Andorra,2018,94.949,146,94.949,204.1403,12.0,31.4,21.352,35.34,16.328,Our World in Data / WHO,2026-09-30 02:09:06
128,AND,Andorra,2019,92.9899,145,92.9899,199.9283,12.0,31.0,21.08,35.32,16.12,Our World in Data / WHO,2026-09-30 02:09:06
129,AND,Andorra,2020,70.4631,113,70.4631,151.4957,12.0,31.0,21.08,35.3,16.12,Our World in Data / WHO,2026-09-30 02:09:06
130,AND,Andorra,2021,73.0275,124,73.0275,157.0091,12.0,31.0,21.08,35.35,16.12,Our World in Data / WHO,2026-09-30 02:09:06
131,AND,Andorra,2022,73.0275,124,73.0275,157.0091,12.0,31.0,21.08,35.4,16.12,Our World in Data / WHO,2026-09-30 02:09:06
132,ARE,United Arab Emirates,1990,224.3881,1546,224.3881,482.4344,23.7611,36.7,24.956,16.9,19.084,Our World in Data / WHO,2026-09-30 02:09:06
133,ARE,United Arab Emirates,1991,224.3881,1546,224.3881,482.4344,23.7611,36.8,25.024,16.9,19.136,Our World in Data / WHO,2026-09-30 02:09:06
134,ARE,United Arab Emirates,1992,224.3881,1546,224.3881,482.4344,23.7611,36.9,25.092,16.9,19.188,Our World in Data / WHO,2026-09-30 02:09:06
135,ARE,United Arab Emirates,1993,224.3881,1546,224.3881,482.4344,23.7611,37.0,25.16,16.9,19.24,Our World in Data / WHO,2026-09-30 02:09:06
136,ARE,United Arab Emirates,1994,224.3881,1546,224.3881,482.4344,23.7611,37.1,25.228,16.9,19.292,Our World in Data / WHO,2026-09-30 02:09:06
137,ARE,United Arab Emirates,1995,224.3881,1546,224.3881,482.4344,23.7611,37.2,25.296,16.9,19.344,Our World in Data / WHO,2026-09-30 02:09:06
138,ARE,United Arab Emirates,1996,224.3881,1546,224.3881,482.4344,23.7611,37.3,25.364,16.9,19.396,Our World in Data / WHO,2026-09-30 02:09:06
139,ARE,United Arab Emirates,1997,224.3881,1546,224.3881,482.4344,23.7611,37.4,25.432,16.9,19.448,Our World in Data / WHO,2026-09-30 02:09:06
140,ARE,United Arab Emirates,1998,224.3881,1546,224.3881,482.4344,23.7611,37.5,25.5,16.9,19.5,Our World in Data / WHO,2026-09-30 02:09:06
141,ARE,United Arab Emirates,1999,224.3881,1546,224.3881,482.4344,23.7611,37.6,25.568,16.9,19.552,Our World in Data / WHO,2026-09-30 02:09:06
142,ARE,United Arab Emirates,2000,224.3881,1546,224.3881,482.4344,23.7611,37.7,25.636,16.9,19.604,Our World in Data / WHO,2026-09-30 02:09:06
143,ARE,United Arab Emirates,2001,215.3926,1680,215.3926,463.0941,22.8086,37.8,25.704,16.46,19.656,Our World in Data / WHO,2026-09-30 02:09:06
144,ARE,United Arab Emirates,2002,211.4657,1884,211.4657,454.6513,22.3927,38.0,25.84,16.02,19.76,Our World in Data / WHO,2026-09-30 02:09:06
145,ARE,United Arab Emirates,2003,199.1802,1995,199.1802,428.2374,21.0918,38.1,25.908,15.58,19.812,Our World in Data / WHO,2026-09-30 02:09:06
146,ARE,United Arab Emirates,2004,195.7711,2236,195.7711,420.9079,20.7308,38.2,25.976,15.14,19.864,Our World in Data / WHO,2026-09-30 02:09:06
147,ARE,United Arab Emirates,2005,185.4453,2439,185.4453,398.7074,19.6374,38.3,26.044,14.7,19.916,Our World in Data / WHO,2026-09-30 02:09:06
148,ARE,United Arab Emirates,2006,170.7384,2549,170.7384,367.0876,18.08,38.5,26.18,14.3,20.02,Our World in Data / WHO,2026-09-30 02:09:06
149,ARE,United Arab Emirates,2007,158.8446,2466,158.8446,341.5159,16.8205,38.6,26.248,13.9,20.072,Our World in Data / WHO,2026-09-30 02:09:06
150,ARE,United Arab Emirates,2008,153.3553,2406,153.3553,329.7139,16.2393,38.8,26.384,13.5,20.176,Our World in Data / WHO,2026-09-30 02:09:06
151,ARE,United Arab Emirates,2009,158.7746,2450,158.7746,341.3654,16.8131,39.0,26.52,13.1,20.28,Our World in Data / WHO,2026-09-30 02:09:06
152,ARE,United Arab Emirates,2010,172.7714,2572,172.7714,371.4585,18.2953,39.2,26.656,12.7,20.384,Our World in Data / WHO,2026-09-30 02:09:06
153,ARE,United Arab Emirates,2011,181.6466,2745,181.6466,390.5402,19.2351,39.4,26.792,12.4,20.488,Our World in Data / WHO,2026-09-30 02:09:06
154,ARE,United Arab Emirates,2012,185.0258,2955,185.0258,397.8055,19.5929,39.7,26.996,12.1,20.644,Our World in Data / WHO,2026-09-30 02:09:06
155,ARE,United Arab Emirates,2013,180.9664,3058,180.9664,389.0778,19.1631,39.9,27.132,11.8,20.748,Our World in Data / WHO,2026-09-30 02:09:06
156,ARE,United Arab Emirates,2014,180.2852,3216,180.2852,387.6132,19.091,40.1,27.268,11.5,20.852,Our World in Data / WHO,2026-09-30 02:09:06
157,ARE,United Arab Emirates,2015,180.9631,3432,180.9631,389.0707,19.1627,40.3,27.404,11.2,20.956,Our World in Data / WHO,2026-09-30 02:09:06
158,ARE,United Arab Emirates,2016,181.5259,3460,181.5259,390.2807,19.2223,40.5,27.54,10.94,21.06,Our World in Data / WHO,2026-09-30 02:09:06
159,ARE,United Arab Emirates,2017,181.1086,3519,181.1086,389.3835,19.1781,40.8,27.744,10.68,21.216,Our World in Data / WHO,2026-09-30 02:09:06
160,ARE,United Arab Emirates,2018,176.2374,3566,176.2374,378.9104,18.6623,41.1,27.948,10.42,21.372,Our World in Data / WHO,2026-09-30 02:09:06
161,ARE,United Arab Emirates,2019,170.4918,3567,170.4918,366.5574,18.0539,41.4,28.152,10.16,21.528,Our World in Data / WHO,2026-09-30 02:09:06
162,ARE,United Arab Emirates,2020,162.6779,3724,162.6779,349.7575,17.2265,41.4,28.152,9.9,21.528,Our World in Data / WHO,2026-09-30 02:09:06
163,ARE,United Arab Emirates,2021,220.3967,4433,220.3967,473.8529,23.3385,41.4,28.152,9.65,21.528,Our World in Data / WHO,2026-09-30 02:09:06
164,ARE,United Arab Emirates,2022,220.3967,4433,220.3967,473.8529,23.3385,41.4,28.152,9.4,21.528,Our World in Data / WHO,2026-09-30 02:09:06
165,ARG,Argentina,1990,220.8345,93675,220.8345,474.7942,23.3848,37.4,25.432,33.1,19.448,Our World in Data / WHO,2026-09-30 02:09:06
166,ARG,Argentina,1991,220.8345,93675,220.8345,474.7942,23.3848,37.6,25.568,33.1,19.552,Our World in Data / WHO,2026-09-30 02:09:06
167,ARG,Argentina,1992,220.8345,93675,220.8345,474.7942,23.3848,37.8,25.704,33.1,19.656,Our World in Data / WHO,2026-09-30 02:09:06
168,ARG,Argentina,1993,220.8345,93675,220.8345,474.7942,23.3848,38.0,25.84,33.1,19.76,Our World in Data / WHO,2026-09-30 02:09:06
169,ARG,Argentina,1994,220.8345,93675,220.8345,474.7942,23.3848,38.2,25.976,33.1,19.864,Our World in Data / WHO,2026-09-30 02:09:06
170,ARG,Argentina,1995,220.8345,93675,220.8345,474.7942,23.3848,38.5,26.18,33.1,20.02,Our World in Data / WHO,2026-09-30 02:09:06
171,ARG,Argentina,1996,220.8345,93675,220.8345,474.7942,23.3848,38.7,26.316,33.1,20.124,Our World in Data / WHO,2026-09-30 02:09:06
172,ARG,Argentina,1997,220.8345,93675,220.8345,474.7942,23.3848,39.0,26.52,33.1,20.28,Our World in Data / WHO,2026-09-30 02:09:06
173,ARG,Argentina,1998,220.8345,93675,220.8345,474.7942,23.3848,39.3,26.724,33.1,20.436,Our World in Data / WHO,2026-09-30 02:09:06
174,ARG,Argentina,1999,220.8345,93675,220.8345,474.7942,23.3848,39.7,26.996,33.1,20.644,Our World in Data / WHO,2026-09-30 02:09:06
175,ARG,Argentina,2000,220.8345,93675,220.8345,474.7942,23.3848,40.0,27.2,33.1,20.8,Our World in Data / WHO,2026-09-30 02:09:06
176,ARG,Argentina,2001,220.7111,96672,220.7111,474.5289,23.3718,40.4,27.472,32.64,21.008,Our World in Data / WHO,2026-09-30 02:09:06
177,ARG,Argentina,2002,218.916,98560,218.916,470.6694,23.1817,40.8,27.744,32.18,21.216,Our World in Data / WHO,2026-09-30 02:09:06
178,ARG,Argentina,2003,215.0808,99809,215.0808,462.4237,22.7756,41.2,28.016,31.72,21.424,Our World in Data / WHO,2026-09-30 02:09:06
179,ARG,Argentina,2004,200.9032,95625,200.9032,431.9419,21.2743,41.6,28.288,31.26,21.632,Our World in Data / WHO,2026-09-30 02:09:06
180,ARG,Argentina,2005,191.8125,93844,191.8125,412.3969,20.3116,42.1,28.628,30.8,21.892,Our World in Data / WHO,2026-09-30 02:09:06
181,ARG,Argentina,2006,185.662,93215,185.662,399.1733,19.6603,42.5,28.9,30.35,22.1,Our World in Data / WHO,2026-09-30 02:09:06
182,ARG,Argentina,2007,192.9986,99567,192.9986,414.947,20.4372,42.9,29.172,29.9,22.308,Our World in Data / WHO,2026-09-30 02:09:06
183,ARG,Argentina,2008,179.7399,94631,179.7399,386.4408,19.0332,43.4,29.512,29.5,22.568,Our World in Data / WHO,2026-09-30 02:09:06
184,ARG,Argentina,2009,175.7852,94741,175.7852,377.9382,18.6144,43.8,29.784,29.1,22.776,Our World in Data / WHO,2026-09-30 02:09:06
185,ARG,Argentina,2010,184.1223,102267,184.1223,395.8629,19.4973,44.2,30.056,28.7,22.984,Our World in Data / WHO,2026-09-30 02:09:06
186,ARG,Argentina,2011,179.2818,101817,179.2818,385.4559,18.9847,44.5,30.26,28.3,23.14,Our World in Data / WHO,2026-09-30 02:09:06
187,ARG,Argentina,2012,173.6242,100489,173.6242,373.292,18.3856,44.9,30.532,27.9,23.348,Our World in Data / WHO,2026-09-30 02:09:06
188,ARG,Argentina,2013,168.0307,99454,168.0307,361.266,17.7933,45.2,30.736,27.5,23.504,Our World in Data / WHO,2026-09-30 02:09:06
189,ARG,Argentina,2014,160.3901,96824,160.3901,344.8387,16.9842,45.5,30.94,27.1,23.66,Our World in Data / WHO,2026-09-30 02:09:06
190,ARG,Argentina,2015,160.8828,99143,160.8828,345.898,17.0364,45.9,31.212,26.7,23.868,Our World in Data / WHO,2026-09-30 02:09:06
191,ARG,Argentina,2016,168.0538,105733,168.0538,361.3157,17.7957,46.3,31.484,26.32,24.076,Our World in Data / WHO,2026-09-30 02:09:06
192,ARG,Argentina,2017,158.6661,101712,158.6661,341.1321,16.8016,46.7,31.756,25.94,24.284,Our World in Data / WHO,2026-09-30 02:09:06
193,ARG,Argentina,2018,155.2152,101030,155.2152,333.7127,16.4362,47.1,32.028,25.56,24.492,Our World in Data / WHO,2026-09-30 02:09:06
194,ARG,Argentina,2019,154.0884,102413,154.0884,331.2901,16.3169,47.5,32.3,25.18,24.7,Our World in Data / WHO,2026-09-30 02:09:06
195,ARG,Argentina,2020,148.0673,100689,148.0673,318.3447,15.6793,47.5,32.3,24.8,24.7,Our World in Data / WHO,2026-09-30 02:09:06
196,ARG,Argentina,2021,159.3018,112591,159.3018,342.4989,16.869,47.5,32.3,24.55,24.7,Our World in Data / WHO,2026-09-30 02:09:06
197,ARG,Argentina,2022,159.3018,112591,159.3018,342.4989,16.869,47.5,32.3,24.3,24.7,Our World in Data / WHO,2026-09-30 02:09:06
198,ARM,Armenia,1990,491.57,13818,491.57,1056.8755,52.0538,42.2,28.696,34.0,21.944,Our World in Data / WHO,2026-09-30 02:09:06
199,ARM,Armenia,1991,491.57,13818,491.57,1056.8755,52.0538,42.3,28.764,34.0,21.996,Our World in Data / WHO,2026-09-30 02:09:06
200,ARM,Armenia,1992,491.57,13818,491.57,1056.8755,52.0538,42.4,28.832,34.0,22.048,Our World in Data / WHO,2026-09-30 02:09:06
201,ARM,Armenia,1993,491.57,13818,491.57,1056.8755,52.0538,42.6,28.968,34.0,22.152,Our World in Data / WHO,2026-09-30 02:09:06
202,ARM,Armenia,1994,491.57,13818,491.57,1056.8755,52.0538,42.7,29.036,34.0,22.204,Our World in Data / WHO,2026-09-30 02:09:06
203,ARM,Armenia,1995,491.57,13818,491.57,1056.8755,52.0538,42.8,29.104,34.0,22.256,Our World in Data / WHO,2026-09-30 02:09:06
204,ARM,Armenia,1996,491.57,13818,491.57,1056.8755,52.0538,42.9,29.172,34.0,22.308,Our World in Data / WHO,2026-09-30 02:09:06
205,ARM,Armenia,1997,491.57,13818,491.57,1056.8755,52.0538,43.1,29.308,34.0,22.412,Our World in Data / WHO,2026-09-30 02:09:06
206,ARM,Armenia,1998,491.57,13818,491.57,1056.8755,52.0538,43.2,29.376,34.0,22.464,Our World in Data / WHO,2026-09-30 02:09:06
207,ARM,Armenia,1999,491.57,13818,491.57,1056.8755,52.0538,43.4,29.512,34.0,22.568,Our World in Data / WHO,2026-09-30 02:09:06
208,ARM,Armenia,2000,491.57,13818,491.57,1056.8755,52.0538,43.6,29.648,34.0,22.672,Our World in Data / WHO,2026-09-30 02:09:06
209,ARM,Armenia,2001,472.2907,13656,472.2907,1015.425,50.0123,43.8,29.784,33.66,22.776,Our World in Data / WHO,2026-09-30 02:09:06
210,ARM,Armenia,2002,498.8937,14593,498.8937,1072.6215,52.8294,44.1,29.988,33.32,22.932,Our World in Data / WHO,2026-09-30 02:09:06
211,ARM,Armenia,2003,486.7015,14687,486.7015,1046.4082,51.5383,44.4,30.192,32.98,23.088,Our World in Data / WHO,2026-09-30 02:09:06
212,ARM,Armenia,2004,451.807,14064,451.807,971.385,47.8432,44.6,30.328,32.64,23.192,Our World in Data / WHO,2026-09-30 02:09:06
213,ARM,Armenia,2005,439.8683,14251,439.8683,945.7168,46.579,44.9,30.532,32.3,23.348,Our World in Data / WHO,2026-09-30 02:09:06
214,ARM,Armenia,2006,413.1774,14044,413.1774,888.3314,43.7526,45.2,30.736,31.95,23.504,Our World in Data / WHO,2026-09-30 02:09:06
215,ARM,Armenia,2007,398.1034,13908,398.1034,855.9223,42.1564,45.4,30.872,31.6,23.608,Our World in Data / WHO,2026-09-30 02:09:06
216,ARM,Armenia,2008,392.586,14068,392.586,844.0599,41.5721,45.7,31.076,31.2667,23.764,Our World in Data / WHO,2026-09-30 02:09:06
217,ARM,Armenia,2009,377.1802,13915,377.1802,810.9374,39.9408,45.9,31.212,30.9333,23.868,Our World in Data / WHO,2026-09-30 02:09:06
218,ARM,Armenia,2010,366.3966,14043,366.3966,787.7527,38.7989,46.2,31.416,30.6,24.024,Our World in Data / WHO,2026-09-30 02:09:06
219,ARM,Armenia,2011,346.7848,13731,346.7848,745.5873,36.7221,46.4,31.552,30.26,24.128,Our World in Data / WHO,2026-09-30 02:09:06
220,ARM,Armenia,2012,336.9201,13713,336.9201,724.3782,35.6775,46.6,31.688,29.92,24.232,Our World in Data / WHO,2026-09-30 02:09:06
221,ARM,Armenia,2013,318.3891,13265,318.3891,684.5366,33.7152,46.7,31.756,29.58,24.284,Our World in Data / WHO,2026-09-30 02:09:06
222,ARM,Armenia,2014,321.2405,13581,321.2405,690.6671,34.0171,46.9,31.892,29.24,24.388,Our World in Data / WHO,2026-09-30 02:09:06
223,ARM,Armenia,2015,302.2149,13022,302.2149,649.762,32.0025,47.0,31.96,28.9,24.44,Our World in Data / WHO,2026-09-30 02:09:06
224,ARM,Armenia,2016,311.9928,13747,311.9928,670.7845,33.0379,47.1,32.028,28.6,24.492,Our World in Data / WHO,2026-09-30 02:09:06
225,ARM,Armenia,2017,333.4894,14956,333.4894,717.0022,35.3142,47.2,32.096,28.3,24.544,Our World in Data / WHO,2026-09-30 02:09:06
226,ARM,Armenia,2018,311.0762,14021,311.0762,668.8138,32.9408,47.3,32.164,28.0,24.596,Our World in Data / WHO,2026-09-30 02:09:06
227,ARM,Armenia,2019,309.9958,14099,309.9958,666.491,32.8264,47.3,32.164,27.7,24.596,Our World in Data / WHO,2026-09-30 02:09:06
228,ARM,Armenia,2020,372.2159,16955,372.2159,800.2642,39.4151,47.3,32.164,27.4,24.596,Our World in Data / WHO,2026-09-30 02:09:06
229,ARM,Armenia,2021,364.9138,16332,364.9138,784.5647,38.6418,47.3,32.164,27.0,24.596,Our World in Data / WHO,2026-09-30 02:09:06
230,ARM,Armenia,2022,364.9138,16332,364.9138,784.5647,38.6418,47.3,32.164,26.6,24.596,Our World in Data / WHO,2026-09-30 02:09:06
231,ATG,Antigua and Barbuda,1990,243.1978,184,243.1978,522.8753,25.753,36.9,25.092,31.1,19.188,Our World in Data / WHO,2026-09-30 02:09:06
232,ATG,Antigua and Barbuda,1991,243.1978,184,243.1978,522.8753,25.753,37.0,25.16,31.1,19.24,Our World in Data / WHO,2026-09-30 02:09:06
233,ATG,Antigua and Barbuda,1992,243.1978,184,243.1978,522.8753,25.753,37.2,25.296,31.1,19.344,Our World in Data / WHO,2026-09-30 02:09:06
234,ATG,Antigua and Barbuda,1993,243.1978,184,243.1978,522.8753,25.753,37.4,25.432,31.1,19.448,Our World in Data / WHO,2026-09-30 02:09:06
235,ATG,Antigua and Barbuda,1994,243.1978,184,243.1978,522.8753,25.753,37.6,25.568,31.1,19.552,Our World in Data / WHO,2026-09-30 02:09:06
236,ATG,Antigua and Barbuda,1995,243.1978,184,243.1978,522.8753,25.753,37.7,25.636,31.1,19.604,Our World in Data / WHO,2026-09-30 02:09:06
237,ATG,Antigua and Barbuda,1996,243.1978,184,243.1978,522.8753,25.753,37.9,25.772,31.1,19.708,Our World in Data / WHO,2026-09-30 02:09:06
238,ATG,Antigua and Barbuda,1997,243.1978,184,243.1978,522.8753,25.753,38.1,25.908,31.1,19.812,Our World in Data / WHO,2026-09-30 02:09:06
239,ATG,Antigua and Barbuda,1998,243.1978,184,243.1978,522.8753,25.753,38.3,26.044,31.1,19.916,Our World in Data / WHO,2026-09-30 02:09:06
240,ATG,Antigua and Barbuda,1999,243.1978,184,243.1978,522.8753,25.753,38.6,26.248,31.1,20.072,Our World in Data / WHO,2026-09-30 02:09:06
241,ATG,Antigua and Barbuda,2000,243.1978,184,243.1978,522.8753,25.753,38.8,26.384,31.1,20.176,Our World in Data / WHO,2026-09-30 02:09:06
242,ATG,Antigua and Barbuda,2001,225.4039,172,225.4039,484.6184,23.8687,39.1,26.588,29.84,20.332,Our World in Data / WHO,2026-09-30 02:09:06
243,ATG,Antigua and Barbuda,2002,235.3094,182,235.3094,505.9152,24.9176,39.4,26.792,29.18,20.488,Our World in Data / WHO,2026-09-30 02:09:06
244,ATG,Antigua and Barbuda,2003,226.9248,179,226.9248,487.8883,24.0298,39.7,26.996,28.72,20.644,Our World in Data / WHO,2026-09-30 02:09:06
245,ATG,Antigua and Barbuda,2004,228.529,185,228.529,491.3374,24.1996,40.0,27.2,28.26,20.8,Our World in Data / WHO,2026-09-30 02:09:06
246,ATG,Antigua and Barbuda,2005,223.9927,184,223.9927,481.5843,23.7193,40.3,27.404,27.8,20.956,Our World in Data / WHO,2026-09-30 02:09:06
247,ATG,Antigua and Barbuda,2006,222.0839,184,222.0839,477.4804,23.5171,40.7,27.676,27.5,21.164,Our World in Data / WHO,2026-09-30 02:09:06
248,ATG,Antigua and Barbuda,2007,236.373,195,236.373,508.202,25.0303,41.0,27.88,26.9,21.32,Our World in Data / WHO,2026-09-30 02:09:06
249,ATG,Antigua and Barbuda,2008,224.7128,189,224.7128,483.1325,23.7955,41.3,28.084,26.5333,21.476,Our World in Data / WHO,2026-09-30 02:09:06
250,ATG,Antigua and Barbuda,2009,211.2172,181,211.2172,454.117,22.3664,41.5,28.22,25.8667,21.58,Our World in Data / WHO,2026-09-30 02:09:06
251,ATG,Antigua and Barbuda,2010,202.5348,178,202.5348,435.4498,21.447,41.8,28.424,25.2,21.736,Our World in Data / WHO,2026-09-30 02:09:06
252,ATG,Antigua and Barbuda,2011,204.3636,183,204.3636,439.3817,21.6407,41.9,28.492,24.86,21.788,Our World in Data / WHO,2026-09-30 02:09:06
253,ATG,Antigua and Barbuda,2012,211.229,195,211.229,454.1424,22.3677,42.1,28.628,24.22,21.892,Our World in Data / WHO,2026-09-30 02:09:06
254,ATG,Antigua and Barbuda,2013,218.5307,206,218.5307,469.841,23.1409,42.1,28.628,23.76,21.892,Our World in Data / WHO,2026-09-30 02:09:06
255,ATG,Antigua and Barbuda,2014,218.3567,212,218.3567,469.4669,23.1225,42.2,28.696,23.16,21.944,Our World in Data / WHO,2026-09-30 02:09:06
256,ATG,Antigua and Barbuda,2015,213.5933,214,213.5933,459.2256,22.618,42.3,28.764,22.6,21.996,Our World in Data / WHO,2026-09-30 02:09:06
257,ATG,Antigua and Barbuda,2016,213.9561,219,213.9561,460.0056,22.6565,42.4,28.832,22.34,22.048,Our World in Data / WHO,2026-09-30 02:09:06
258,ATG,Antigua and Barbuda,2017,218.2155,228,218.2155,469.1633,23.1075,42.4,28.832,21.98,22.048,Our World in Data / WHO,2026-09-30 02:09:06
259,ATG,Antigua and Barbuda,2018,222.4674,238,222.4674,478.3049,23.5578,42.5,28.9,21.56,22.1,Our World in Data / WHO,2026-09-30 02:09:06
260,ATG,Antigua and Barbuda,2019,226.6111,252,226.6111,487.2139,23.9965,42.6,28.968,21.2,22.152,Our World in Data / WHO,2026-09-30 02:09:06
261,ATG,Antigua and Barbuda,2020,189.1,220,189.1,406.565,20.0244,42.6,28.968,20.6,22.152,Our World in Data / WHO,2026-09-30 02:09:06
262,ATG,Antigua and Barbuda,2021,125.0157,149,125.0157,268.7838,13.2383,42.6,28.968,20.175,22.152,Our World in Data / WHO,2026-09-30 02:09:06
263,AUS,Australia,1990,153.0496,48281,153.0496,329.0566,16.2069,34.2,23.256,24.9,17.784,Our World in Data / WHO,2026-09-30 02:09:06
264,AUS,Australia,1991,153.0496,48281,153.0496,329.0566,16.2069,33.9,23.052,24.9,17.628,Our World in Data / WHO,2026-09-30 02:09:06
265,AUS,Australia,1992,153.0496,48281,153.0496,329.0566,16.2069,33.6,22.848,24.9,17.472,Our World in Data / WHO,2026-09-30 02:09:06
266,AUS,Australia,1993,153.0496,48281,153.0496,329.0566,16.2069,33.2,22.576,24.9,17.264,Our World in Data / WHO,2026-09-30 02:09:06
267,AUS,Australia,1994,153.0496,48281,153.0496,329.0566,16.2069,32.9,22.372,24.9,17.108,Our World in Data / WHO,2026-09-30 02:09:06
268,AUS,Australia,1995,153.0496,48281,153.0496,329.0566,16.2069,32.5,22.1,24.9,16.9,Our World in Data / WHO,2026-09-30 02:09:06
269,AUS,Australia,1996,153.0496,48281,153.0496,329.0566,16.2069,32.1,21.828,24.9,16.692,Our World in Data / WHO,2026-09-30 02:09:06
270,AUS,Australia,1997,153.0496,48281,153.0496,329.0566,16.2069,31.7,21.556,24.9,16.484,Our World in Data / WHO,2026-09-30 02:09:06
271,AUS,Australia,1998,153.0496,48281,153.0496,329.0566,16.2069,31.4,21.352,24.9,16.328,Our World in Data / WHO,2026-09-30 02:09:06
272,AUS,Australia,1999,153.0496,48281,153.0496,329.0566,16.2069,31.0,21.08,24.9,16.12,Our World in Data / WHO,2026-09-30 02:09:06
273,AUS,Australia,2000,153.0496,48281,153.0496,329.0566,16.2069,30.7,20.876,24.9,15.964,Our World in Data / WHO,2026-09-30 02:09:06
274,AUS,Australia,2001,146.1468,47759,146.1468,314.2156,15.4759,30.4,20.672,24.16,15.808,Our World in Data / WHO,2026-09-30 02:09:06
275,AUS,Australia,2002,141.6724,48055,141.6724,304.5957,15.0021,30.2,20.536,23.42,15.704,Our World in Data / WHO,2026-09-30 02:09:06
276,AUS,Australia,2003,133.8317,46718,133.8317,287.7382,14.1718,30.0,20.4,22.68,15.6,Our World in Data / WHO,2026-09-30 02:09:06
277,AUS,Australia,2004,128.4383,46370,128.4383,276.1423,13.6007,29.9,20.332,21.94,15.548,Our World in Data / WHO,2026-09-30 02:09:06
278,AUS,Australia,2005,125.2811,47051,125.2811,269.3544,13.2664,29.7,20.196,21.2,15.444,Our World in Data / WHO,2026-09-30 02:09:06
279,AUS,Australia,2006,119.2048,46658,119.2048,256.2903,12.623,29.7,20.196,20.55,15.444,Our World in Data / WHO,2026-09-30 02:09:06
280,AUS,Australia,2007,113.3074,45875,113.3074,243.6109,12.0,29.6,20.128,19.9,15.392,Our World in Data / WHO,2026-09-30 02:09:06
281,AUS,Australia,2008,113.4391,47662,113.4391,243.8941,12.0124,29.5,20.06,19.3,15.34,Our World in Data / WHO,2026-09-30 02:09:06
282,AUS,Australia,2009,104.4109,45312,104.4109,224.4834,12.0,29.5,20.06,18.7,15.34,Our World in Data / WHO,2026-09-30 02:09:06
283,AUS,Australia,2010,99.4812,44634,99.4812,213.8846,12.0,29.5,20.06,18.1,15.34,Our World in Data / WHO,2026-09-30 02:09:06
284,AUS,Australia,2011,97.6671,45475,97.6671,209.9843,12.0,29.4,19.992,17.56,15.288,Our World in Data / WHO,2026-09-30 02:09:06
285,AUS,Australia,2012,91.4356,43957,91.4356,196.5865,12.0,29.4,19.992,17.02,15.288,Our World in Data / WHO,2026-09-30 02:09:06
286,AUS,Australia,2013,87.7447,43341,87.7447,188.6511,12.0,29.3,19.924,16.48,15.236,Our World in Data / WHO,2026-09-30 02:09:06
287,AUS,Australia,2014,88.3868,44919,88.3868,190.0316,12.0,29.3,19.924,15.94,15.236,Our World in Data / WHO,2026-09-30 02:09:06
288,AUS,Australia,2015,86.7244,45408,86.7244,186.4575,12.0,29.3,19.924,15.4,15.236,Our World in Data / WHO,2026-09-30 02:09:06
289,AUS,Australia,2016,81.9353,43976,81.9353,176.1609,12.0,29.3,19.924,14.96,15.236,Our World in Data / WHO,2026-09-30 02:09:06
290,AUS,Australia,2017,79.1981,43635,79.1981,170.2759,12.0,29.2,19.856,14.52,15.184,Our World in Data / WHO,2026-09-30 02:09:06
291,AUS,Australia,2018,75.2533,42353,75.2533,161.7946,12.0,29.2,19.856,14.08,15.184,Our World in Data / WHO,2026-09-30 02:09:06
292,AUS,Australia,2019,76.7855,43994,76.7855,165.0888,12.0,29.3,19.924,13.64,15.236,Our World in Data / WHO,2026-09-30 02:09:06
293,AUS,Australia,2020,69.6081,41186,69.6081,149.6574,12.0,29.3,19.924,13.2,15.236,Our World in Data / WHO,2026-09-30 02:09:06
294,AUS,Australia,2021,70.8598,43493,70.8598,152.3486,12.0,29.3,19.924,12.8,15.236,Our World in Data / WHO,2026-09-30 02:09:06
295,AUS,Australia,2022,70.8598,43493,70.8598,152.3486,12.0,29.3,19.924,12.4,15.236,Our World in Data / WHO,2026-09-30 02:09:06
296,AUT,Austria,1990,226.9596,38574,226.9596,487.9631,24.0334,44.0,29.92,49.8,22.88,Our World in Data / WHO,2026-09-30 02:09:06
297,AUT,Austria,1991,226.9596,38574,226.9596,487.9631,24.0334,43.9,29.852,49.8,22.828,Our World in Data / WHO,2026-09-30 02:09:06
298,AUT,Austria,1992,226.9596,38574,226.9596,487.9631,24.0334,43.7,29.716,49.8,22.724,Our World in Data / WHO,2026-09-30 02:09:06
299,AUT,Austria,1993,226.9596,38574,226.9596,487.9631,24.0334,43.5,29.58,49.8,22.62,Our World in Data / WHO,2026-09-30 02:09:06
300,AUT,Austria,1994,226.9596,38574,226.9596,487.9631,24.0334,43.4,29.512,49.8,22.568,Our World in Data / WHO,2026-09-30 02:09:06
301,AUT,Austria,1995,226.9596,38574,226.9596,487.9631,24.0334,43.2,29.376,49.8,22.464,Our World in Data / WHO,2026-09-30 02:09:06
302,AUT,Austria,1996,226.9596,38574,226.9596,487.9631,24.0334,43.0,29.24,49.8,22.36,Our World in Data / WHO,2026-09-30 02:09:06
303,AUT,Austria,1997,226.9596,38574,226.9596,487.9631,24.0334,42.8,29.104,49.8,22.256,Our World in Data / WHO,2026-09-30 02:09:06
304,AUT,Austria,1998,226.9596,38574,226.9596,487.9631,24.0334,42.6,28.968,49.8,22.152,Our World in Data / WHO,2026-09-30 02:09:06
305,AUT,Austria,1999,226.9596,38574,226.9596,487.9631,24.0334,42.4,28.832,49.8,22.048,Our World in Data / WHO,2026-09-30 02:09:06
306,AUT,Austria,2000,226.9596,38574,226.9596,487.9631,24.0334,42.2,28.696,49.8,21.944,Our World in Data / WHO,2026-09-30 02:09:06
307,AUT,Austria,2001,214.3732,36833,214.3732,460.9024,22.7006,42.0,28.56,48.34,21.84,Our World in Data / WHO,2026-09-30 02:09:06
308,AUT,Austria,2002,205.08,35954,205.08,440.922,21.7165,41.8,28.424,46.88,21.736,Our World in Data / WHO,2026-09-30 02:09:06
309,AUT,Austria,2003,192.9507,34233,192.9507,414.844,20.4321,41.6,28.288,45.42,21.632,Our World in Data / WHO,2026-09-30 02:09:06
310,AUT,Austria,2004,177.037,32003,177.037,380.6296,18.747,41.4,28.152,43.96,21.528,Our World in Data / WHO,2026-09-30 02:09:06
311,AUT,Austria,2005,172.3105,32087,172.3105,370.4676,18.2465,41.1,27.948,42.5,21.372,Our World in Data / WHO,2026-09-30 02:09:06
312,AUT,Austria,2006,165.4067,32034,165.4067,355.6244,17.5154,40.7,27.676,41.2,21.164,Our World in Data / WHO,2026-09-30 02:09:06
313,AUT,Austria,2007,161.4844,32388,161.4844,347.1915,17.1001,40.4,27.472,39.9,21.008,Our World in Data / WHO,2026-09-30 02:09:06
314,AUT,Austria,2008,152.4965,31822,152.4965,327.8675,16.1483,40.0,27.2,38.7667,20.8,Our World in Data / WHO,2026-09-30 02:09:06
315,AUT,Austria,2009,155.5758,33228,155.5758,334.488,16.4744,39.6,26.928,37.6333,20.592,Our World in Data / WHO,2026-09-30 02:09:06
316,AUT,Austria,2010,151.4417,33226,151.4417,325.5997,16.0366,39.1,26.588,36.5,20.332,Our World in Data / WHO,2026-09-30 02:09:06
317,AUT,Austria,2011,143.7865,32456,143.7865,309.141,15.226,38.6,26.248,35.44,20.072,Our World in Data / WHO,2026-09-30 02:09:06
318,AUT,Austria,2012,145.5835,34045,145.5835,313.0045,15.4163,38.0,25.84,34.38,19.76,Our World in Data / WHO,2026-09-30 02:09:06
319,AUT,Austria,2013,144.1429,34177,144.1429,309.9072,15.2637,37.4,25.432,33.32,19.448,Our World in Data / WHO,2026-09-30 02:09:06
320,AUT,Austria,2014,136.5585,33198,136.5585,293.6008,14.4606,36.8,25.024,32.26,19.136,Our World in Data / WHO,2026-09-30 02:09:06
321,AUT,Austria,2015,142.8613,35663,142.8613,307.1518,15.128,36.1,24.548,31.2,18.772,Our World in Data / WHO,2026-09-30 02:09:06
322,AUT,Austria,2016,132.3318,33366,132.3318,284.5134,14.013,35.5,24.14,30.32,18.46,Our World in Data / WHO,2026-09-30 02:09:06
323,AUT,Austria,2017,129.361,33368,129.361,278.1261,13.6984,35.0,23.8,29.44,18.2,Our World in Data / WHO,2026-09-30 02:09:06
324,AUT,Austria,2018,126.6566,32925,126.6566,272.3117,13.4121,34.4,23.392,28.56,17.888,Our World in Data / WHO,2026-09-30 02:09:06
325,AUT,Austria,2019,123.0643,32452,123.0643,264.5882,13.0317,33.8,22.984,27.68,17.576,Our World in Data / WHO,2026-09-30 02:09:06
326,AUT,Austria,2020,121.8116,32813,121.8116,261.8949,12.899,33.8,22.984,26.8,17.576,Our World in Data / WHO,2026-09-30 02:09:06
327,AUT,Austria,2021,115.4581,31899,115.4581,248.2349,12.2262,33.8,22.984,26.05,17.576,Our World in Data / WHO,2026-09-30 02:09:06
328,AUT,Austria,2022,115.4581,31899,115.4581,248.2349,12.2262,33.8,22.984,25.3,17.576,Our World in Data / WHO,2026-09-30 02:09:06
329,AZE,Azerbaijan,1990,584.9274,27902,584.9274,1257.5939,58.0,37.6,25.568,31.5,19.552,Our World in Data / WHO,2026-09-30 02:09:06
330,AZE,Azerbaijan,1991,584.9274,27902,584.9274,1257.5939,58.0,37.6,25.568,31.5,19.552,Our World in Data / WHO,2026-09-30 02:09:06
331,AZE,Azerbaijan,1992,584.9274,27902,584.9274,1257.5939,58.0,37.6,25.568,31.5,19.552,Our World in Data / WHO,2026-09-30 02:09:06
332,AZE,Azerbaijan,1993,584.9274,27902,584.9274,1257.5939,58.0,37.5,25.5,31.5,19.5,Our World in Data / WHO,2026-09-30 02:09:06
333,AZE,Azerbaijan,1994,584.9274,27902,584.9274,1257.5939,58.0,37.5,25.5,31.5,19.5,Our World in Data / WHO,2026-09-30 02:09:06
334,AZE,Azerbaijan,1995,584.9274,27902,584.9274,1257.5939,58.0,37.5,25.5,31.5,19.5,Our World in Data / WHO,2026-09-30 02:09:06
335,AZE,Azerbaijan,1996,584.9274,27902,584.9274,1257.5939,58.0,37.5,25.5,31.5,19.5,Our World in Data / WHO,2026-09-30 02:09:06
336,AZE,Azerbaijan,1997,584.9274,27902,584.9274,1257.5939,58.0,37.6,25.568,31.5,19.552,Our World in Data / WHO,2026-09-30 02:09:06
337,AZE,Azerbaijan,1998,584.9274,27902,584.9274,1257.5939,58.0,37.6,25.568,31.5,19.552,Our World in Data / WHO,2026-09-30 02:09:06
338,AZE,Azerbaijan,1999,584.9274,27902,584.9274,1257.5939,58.0,37.7,25.636,31.5,19.604,Our World in Data / WHO,2026-09-30 02:09:06
339,AZE,Azerbaijan,2000,584.9274,27902,584.9274,1257.5939,58.0,37.8,25.704,31.5,19.656,Our World in Data / WHO,2026-09-30 02:09:06
340,AZE,Azerbaijan,2001,538.9128,26826,538.9128,1158.6625,57.0671,37.9,25.772,30.84,19.708,Our World in Data / WHO,2026-09-30 02:09:06
341,AZE,Azerbaijan,2002,554.8215,28099,554.8215,1192.8662,58.0,38.1,25.908,30.18,19.812,Our World in Data / WHO,2026-09-30 02:09:06
342,AZE,Azerbaijan,2003,572.0887,29918,572.0887,1229.9907,58.0,38.2,25.976,29.52,19.864,Our World in Data / WHO,2026-09-30 02:09:06
343,AZE,Azerbaijan,2004,560.1657,30015,560.1657,1204.3563,58.0,38.4,26.112,28.86,19.968,Our World in Data / WHO,2026-09-30 02:09:06
344,AZE,Azerbaijan,2005,570.6794,31636,570.6794,1226.9607,58.0,38.6,26.248,28.2,20.072,Our World in Data / WHO,2026-09-30 02:09:06
345,AZE,Azerbaijan,2006,633.8746,34837,633.8746,1362.8304,58.0,38.8,26.384,27.55,20.176,Our World in Data / WHO,2026-09-30 02:09:06
346,AZE,Azerbaijan,2007,518.3646,30261,518.3646,1114.4839,54.8912,39.1,26.588,26.9,20.332,Our World in Data / WHO,2026-09-30 02:09:06
347,AZE,Azerbaijan,2008,583.0562,34230,583.0562,1253.5708,58.0,39.3,26.724,26.3,20.436,Our World in Data / WHO,2026-09-30 02:09:06
348,AZE,Azerbaijan,2009,546.8862,33344,546.8862,1175.8053,57.9114,39.5,26.86,25.7,20.54,Our World in Data / WHO,2026-09-30 02:09:06
349,AZE,Azerbaijan,2010,526.6666,33368,526.6666,1132.3332,55.7703,39.7,26.996,25.1,20.644,Our World in Data / WHO,2026-09-30 02:09:06
350,AZE,Azerbaijan,2011,504.3883,33024,504.3883,1084.4348,53.4112,39.9,27.132,24.56,20.748,Our World in Data / WHO,2026-09-30 02:09:06
351,AZE,Azerbaijan,2012,474.525,31977,474.525,1020.2287,50.2489,40.1,27.268,24.02,20.852,Our World in Data / WHO,2026-09-30 02:09:06
352,AZE,Azerbaijan,2013,437.0538,30619,437.0538,939.6657,46.281,40.3,27.404,23.48,20.956,Our World in Data / WHO,2026-09-30 02:09:06
353,AZE,Azerbaijan,2014,413.4849,29973,413.4849,888.9925,43.7852,40.5,27.54,22.94,21.06,Our World in Data / WHO,2026-09-30 02:09:06
354,AZE,Azerbaijan,2015,372.6103,28126,372.6103,801.1121,39.4568,40.6,27.608,22.4,21.112,Our World in Data / WHO,2026-09-30 02:09:06
355,AZE,Azerbaijan,2016,366.0516,28568,366.0516,787.0109,38.7623,40.7,27.676,21.96,21.164,Our World in Data / WHO,2026-09-30 02:09:06
356,AZE,Azerbaijan,2017,339.2118,27660,339.2118,729.3054,35.9202,40.8,27.744,21.52,21.216,Our World in Data / WHO,2026-09-30 02:09:06
357,AZE,Azerbaijan,2018,326.5687,27379,326.5687,702.1227,34.5814,40.9,27.812,21.08,21.268,Our World in Data / WHO,2026-09-30 02:09:06
358,AZE,Azerbaijan,2019,301.7452,26058,301.7452,648.7522,31.9527,41.0,27.88,20.64,21.32,Our World in Data / WHO,2026-09-30 02:09:06
359,AZE,Azerbaijan,2020,328.2524,29401,328.2524,705.7427,34.7596,41.0,27.88,20.2,21.32,Our World in Data / WHO,2026-09-30 02:09:06
360,AZE,Azerbaijan,2021,253.2816,22705,253.2816,544.5554,26.8208,41.0,27.88,19.75,21.32,Our World in Data / WHO,2026-09-30 02:09:06
361,AZE,Azerbaijan,2022,253.2816,22705,253.2816,544.5554,26.8208,41.0,27.88,19.3,21.32,Our World in Data / WHO,2026-09-30 02:09:06
362,BDI,Burundi,1990,381.6675,8094,381.6675,820.5851,40.4159,34.7,23.596,27.4,18.044,Our World in Data / WHO,2026-09-30 02:09:06
363,BDI,Burundi,1991,381.6675,8094,381.6675,820.5851,40.4159,34.8,23.664,27.4,18.096,Our World in Data / WHO,2026-09-30 02:09:06
364,BDI,Burundi,1992,381.6675,8094,381.6675,820.5851,40.4159,34.9,23.732,27.4,18.148,Our World in Data / WHO,2026-09-30 02:09:06
365,BDI,Burundi,1993,381.6675,8094,381.6675,820.5851,40.4159,35.0,23.8,27.4,18.2,Our World in Data / WHO,2026-09-30 02:09:06
366,BDI,Burundi,1994,381.6675,8094,381.6675,820.5851,40.4159,35.1,23.868,27.4,18.252,Our World in Data / WHO,2026-09-30 02:09:06
367,BDI,Burundi,1995,381.6675,8094,381.6675,820.5851,40.4159,35.2,23.936,27.4,18.304,Our World in Data / WHO,2026-09-30 02:09:06
368,BDI,Burundi,1996,381.6675,8094,381.6675,820.5851,40.4159,35.3,24.004,27.4,18.356,Our World in Data / WHO,2026-09-30 02:09:06
369,BDI,Burundi,1997,381.6675,8094,381.6675,820.5851,40.4159,35.4,24.072,27.4,18.408,Our World in Data / WHO,2026-09-30 02:09:06
370,BDI,Burundi,1998,381.6675,8094,381.6675,820.5851,40.4159,35.5,24.14,27.4,18.46,Our World in Data / WHO,2026-09-30 02:09:06
371,BDI,Burundi,1999,381.6675,8094,381.6675,820.5851,40.4159,35.7,24.276,27.4,18.564,Our World in Data / WHO,2026-09-30 02:09:06
372,BDI,Burundi,2000,381.6675,8094,381.6675,820.5851,40.4159,35.8,24.344,27.4,18.616,Our World in Data / WHO,2026-09-30 02:09:06
373,BDI,Burundi,2001,364.6038,7881,364.6038,783.8982,38.609,36.0,24.48,26.28,18.72,Our World in Data / WHO,2026-09-30 02:09:06
374,BDI,Burundi,2002,350.0401,7690,350.0401,752.5862,37.0668,36.2,24.616,25.16,18.824,Our World in Data / WHO,2026-09-30 02:09:06
375,BDI,Burundi,2003,338.1674,7590,338.1674,727.0599,35.8096,36.5,24.82,24.04,18.98,Our World in Data / WHO,2026-09-30 02:09:06
376,BDI,Burundi,2004,329.7256,7688,329.7256,708.91,34.9157,36.7,24.956,22.92,19.084,Our World in Data / WHO,2026-09-30 02:09:06
377,BDI,Burundi,2005,314.3374,7493,314.3374,675.8254,33.2861,36.9,25.092,21.8,19.188,Our World in Data / WHO,2026-09-30 02:09:06
378,BDI,Burundi,2006,301.7976,7479,301.7976,648.8648,31.9583,37.0,25.16,20.85,19.24,Our World in Data / WHO,2026-09-30 02:09:06
379,BDI,Burundi,2007,286.2065,7323,286.2065,615.344,30.3073,37.1,25.228,19.9,19.292,Our World in Data / WHO,2026-09-30 02:09:06
380,BDI,Burundi,2008,277.0522,7320,277.0522,595.6622,29.3379,37.2,25.296,19.1,19.344,Our World in Data / WHO,2026-09-30 02:09:06
381,BDI,Burundi,2009,277.2285,7705,277.2285,596.0413,29.3566,37.1,25.228,18.3,19.292,Our World in Data / WHO,2026-09-30 02:09:06
382,BDI,Burundi,2010,276.8256,8020,276.8256,595.175,29.3139,37.0,25.16,17.5,19.24,Our World in Data / WHO,2026-09-30 02:09:06
383,BDI,Burundi,2011,272.9702,8149,272.9702,586.8859,28.9056,36.8,25.024,16.82,19.136,Our World in Data / WHO,2026-09-30 02:09:06
384,BDI,Burundi,2012,271.1087,8370,271.1087,582.8837,28.7085,36.5,24.82,16.14,18.98,Our World in Data / WHO,2026-09-30 02:09:06
385,BDI,Burundi,2013,269.5477,8599,269.5477,579.5276,28.5432,36.3,24.684,15.46,18.876,Our World in Data / WHO,2026-09-30 02:09:06
386,BDI,Burundi,2014,267.1746,8818,267.1746,574.4254,28.2919,35.9,24.412,14.78,18.668,Our World in Data / WHO,2026-09-30 02:09:06
387,BDI,Burundi,2015,263.5256,8852,263.5256,566.58,27.9055,35.6,24.208,14.1,18.512,Our World in Data / WHO,2026-09-30 02:09:06
388,BDI,Burundi,2016,263.9956,9053,263.9956,567.5905,27.9553,35.3,24.004,13.62,18.356,Our World in Data / WHO,2026-09-30 02:09:06
389,BDI,Burundi,2017,262.9774,9262,262.9774,565.4014,27.8475,34.9,23.732,13.14,18.148,Our World in Data / WHO,2026-09-30 02:09:06
390,BDI,Burundi,2018,261.8104,9551,261.8104,562.8924,27.7239,34.6,23.528,12.66,17.992,Our World in Data / WHO,2026-09-30 02:09:06
391,BDI,Burundi,2019,260.7927,9871,260.7927,560.7043,27.6161,34.2,23.256,12.18,17.784,Our World in Data / WHO,2026-09-30 02:09:06
392,BDI,Burundi,2020,267.9276,10436,267.9276,576.0443,28.3717,34.2,23.256,11.7,17.784,Our World in Data / WHO,2026-09-30 02:09:06
393,BDI,Burundi,2021,278.9308,11486,278.9308,599.7012,29.5368,34.2,23.256,11.3,17.784,Our World in Data / WHO,2026-09-30 02:09:06
394,BDI,Burundi,2022,278.9308,11486,278.9308,599.7012,29.5368,34.2,23.256,10.9,17.784,Our World in Data / WHO,2026-09-30 02:09:06
395,BEL,Belgium,1990,172.6352,37728,172.6352,371.1657,18.2809,36.9,25.092,29.7,19.188,Our World in Data / WHO,2026-09-30 02:09:06
396,BEL,Belgium,1991,172.6352,37728,172.6352,371.1657,18.2809,36.8,25.024,29.7,19.136,Our World in Data / WHO,2026-09-30 02:09:06
397,BEL,Belgium,1992,172.6352,37728,172.6352,371.1657,18.2809,36.8,25.024,29.7,19.136,Our World in Data / WHO,2026-09-30 02:09:06
398,BEL,Belgium,1993,172.6352,37728,172.6352,371.1657,18.2809,36.7,24.956,29.7,19.084,Our World in Data / WHO,2026-09-30 02:09:06
399,BEL,Belgium,1994,172.6352,37728,172.6352,371.1657,18.2809,36.6,24.888,29.7,19.032,Our World in Data / WHO,2026-09-30 02:09:06
400,BEL,Belgium,1995,172.6352,37728,172.6352,371.1657,18.2809,36.6,24.888,29.7,19.032,Our World in Data / WHO,2026-09-30 02:09:06
401,BEL,Belgium,1996,172.6352,37728,172.6352,371.1657,18.2809,36.5,24.82,29.7,18.98,Our World in Data / WHO,2026-09-30 02:09:06
402,BEL,Belgium,1997,172.6352,37728,172.6352,371.1657,18.2809,36.4,24.752,29.7,18.928,Our World in Data / WHO,2026-09-30 02:09:06
403,BEL,Belgium,1998,172.6352,37728,172.6352,371.1657,18.2809,36.3,24.684,29.7,18.876,Our World in Data / WHO,2026-09-30 02:09:06
404,BEL,Belgium,1999,172.6352,37728,172.6352,371.1657,18.2809,36.3,24.684,29.7,18.876,Our World in Data / WHO,2026-09-30 02:09:06
405,BEL,Belgium,2000,172.6352,37728,172.6352,371.1657,18.2809,36.3,24.684,29.7,18.876,Our World in Data / WHO,2026-09-30 02:09:06
406,BEL,Belgium,2001,163.9404,36586,163.9404,352.4719,17.3601,36.3,24.684,29.42,18.876,Our World in Data / WHO,2026-09-30 02:09:06
407,BEL,Belgium,2002,164.633,36976,164.633,353.961,17.4335,36.2,24.616,29.14,18.824,Our World in Data / WHO,2026-09-30 02:09:06
408,BEL,Belgium,2003,162.8239,36907,162.8239,350.0714,17.2419,36.2,24.616,28.86,18.824,Our World in Data / WHO,2026-09-30 02:09:06
409,BEL,Belgium,2004,151.7146,34949,151.7146,326.1864,16.0655,36.1,24.548,28.58,18.772,Our World in Data / WHO,2026-09-30 02:09:06
410,BEL,Belgium,2005,145.0362,34328,145.0362,311.8278,15.3583,36.0,24.48,28.3,18.72,Our World in Data / WHO,2026-09-30 02:09:06
411,BEL,Belgium,2006,135.4439,33026,135.4439,291.2044,14.3426,35.9,24.412,28.05,18.668,Our World in Data / WHO,2026-09-30 02:09:06
412,BEL,Belgium,2007,128.937,32469,128.937,277.2146,13.6535,35.7,24.276,27.8,18.564,Our World in Data / WHO,2026-09-30 02:09:06
413,BEL,Belgium,2008,125.5715,32700,125.5715,269.9787,13.2971,35.5,24.14,27.5333,18.46,Our World in Data / WHO,2026-09-30 02:09:06
414,BEL,Belgium,2009,120.025,32208,120.025,258.0538,12.7098,35.2,23.936,27.2667,18.304,Our World in Data / WHO,2026-09-30 02:09:06
415,BEL,Belgium,2010,118.594,32983,118.594,254.9771,12.5583,34.9,23.732,27.0,18.148,Our World in Data / WHO,2026-09-30 02:09:06
416,BEL,Belgium,2011,111.306,31871,111.306,239.3079,12.0,34.5,23.46,26.74,17.94,Our World in Data / WHO,2026-09-30 02:09:06
417,BEL,Belgium,2012,109.2756,32281,109.2756,234.9425,12.0,34.0,23.12,26.48,17.68,Our World in Data / WHO,2026-09-30 02:09:06
418,BEL,Belgium,2013,105.6719,31846,105.6719,227.1946,12.0,33.4,22.712,26.22,17.368,Our World in Data / WHO,2026-09-30 02:09:06
419,BEL,Belgium,2014,98.7313,30450,98.7313,212.2723,12.0,32.9,22.372,25.96,17.108,Our World in Data / WHO,2026-09-30 02:09:06
420,BEL,Belgium,2015,100.9456,31978,100.9456,217.033,12.0,32.3,21.964,25.7,16.796,Our World in Data / WHO,2026-09-30 02:09:06
421,BEL,Belgium,2016,95.2838,30631,95.2838,204.8602,12.0,31.7,21.556,25.46,16.484,Our World in Data / WHO,2026-09-30 02:09:06
422,BEL,Belgium,2017,93.1893,30504,93.1893,200.357,12.0,31.1,21.148,25.22,16.172,Our World in Data / WHO,2026-09-30 02:09:06
423,BEL,Belgium,2018,87.6895,29349,87.6895,188.5324,12.0,30.6,20.808,24.98,15.912,Our World in Data / WHO,2026-09-30 02:09:06
424,BEL,Belgium,2019,83.595,28749,83.595,179.7292,12.0,30.0,20.4,24.74,15.6,Our World in Data / WHO,2026-09-30 02:09:06
425,BEL,Belgium,2020,77.7716,27005,77.7716,167.2089,12.0,30.0,20.4,24.5,15.6,Our World in Data / WHO,2026-09-30 02:09:06
426,BEL,Belgium,2021,75.3766,25490,75.3766,162.0597,12.0,30.0,20.4,24.25,15.6,Our World in Data / WHO,2026-09-30 02:09:06
427,BEL,Belgium,2022,75.3766,25490,75.3766,162.0597,12.0,30.0,20.4,24.0,15.6,Our World in Data / WHO,2026-09-30 02:09:06
428,BEN,Benin,1990,300.1801,8667,300.1801,645.3872,31.787,33.9,23.052,14.4,17.628,Our World in Data / WHO,2026-09-30 02:09:06
429,BEN,Benin,1991,300.1801,8667,300.1801,645.3872,31.787,33.9,23.052,14.4,17.628,Our World in Data / WHO,2026-09-30 02:09:06
430,BEN,Benin,1992,300.1801,8667,300.1801,645.3872,31.787,34.0,23.12,14.4,17.68,Our World in Data / WHO,2026-09-30 02:09:06
431,BEN,Benin,1993,300.1801,8667,300.1801,645.3872,31.787,34.1,23.188,14.4,17.732,Our World in Data / WHO,2026-09-30 02:09:06
432,BEN,Benin,1994,300.1801,8667,300.1801,645.3872,31.787,34.2,23.256,14.4,17.784,Our World in Data / WHO,2026-09-30 02:09:06
433,BEN,Benin,1995,300.1801,8667,300.1801,645.3872,31.787,34.3,23.324,14.4,17.836,Our World in Data / WHO,2026-09-30 02:09:06
434,BEN,Benin,1996,300.1801,8667,300.1801,645.3872,31.787,34.5,23.46,14.4,17.94,Our World in Data / WHO,2026-09-30 02:09:06
435,BEN,Benin,1997,300.1801,8667,300.1801,645.3872,31.787,34.6,23.528,14.4,17.992,Our World in Data / WHO,2026-09-30 02:09:06
436,BEN,Benin,1998,300.1801,8667,300.1801,645.3872,31.787,34.7,23.596,14.4,18.044,Our World in Data / WHO,2026-09-30 02:09:06
437,BEN,Benin,1999,300.1801,8667,300.1801,645.3872,31.787,34.9,23.732,14.4,18.148,Our World in Data / WHO,2026-09-30 02:09:06
438,BEN,Benin,2000,300.1801,8667,300.1801,645.3872,31.787,35.0,23.8,14.4,18.2,Our World in Data / WHO,2026-09-30 02:09:06
439,BEN,Benin,2001,296.8495,8748,296.8495,638.2264,31.4343,35.2,23.936,14.0,18.304,Our World in Data / WHO,2026-09-30 02:09:06
440,BEN,Benin,2002,293.9101,8896,293.9101,631.9067,31.123,35.3,24.004,13.6,18.356,Our World in Data / WHO,2026-09-30 02:09:06
441,BEN,Benin,2003,288.8696,8944,288.8696,621.0696,30.5893,35.5,24.14,13.2,18.46,Our World in Data / WHO,2026-09-30 02:09:06
442,BEN,Benin,2004,285.7369,9062,285.7369,614.3343,30.2576,35.6,24.208,12.8,18.512,Our World in Data / WHO,2026-09-30 02:09:06
443,BEN,Benin,2005,282.6204,9203,282.6204,607.6339,29.9275,35.7,24.276,12.4,18.564,Our World in Data / WHO,2026-09-30 02:09:06
444,BEN,Benin,2006,280.5911,9391,280.5911,603.2709,29.7126,35.7,24.276,12.05,18.564,Our World in Data / WHO,2026-09-30 02:09:06
445,BEN,Benin,2007,279.8574,9617,279.8574,601.6934,29.635,35.7,24.276,11.7,18.564,Our World in Data / WHO,2026-09-30 02:09:06
446,BEN,Benin,2008,280.5832,9949,280.5832,603.2539,29.7118,35.6,24.208,11.4,18.512,Our World in Data / WHO,2026-09-30 02:09:06
447,BEN,Benin,2009,281.2318,10276,281.2318,604.6484,29.7805,35.4,24.072,11.1,18.408,Our World in Data / WHO,2026-09-30 02:09:06
448,BEN,Benin,2010,281.8471,10610,281.8471,605.9713,29.8457,35.1,23.868,10.8,18.252,Our World in Data / WHO,2026-09-30 02:09:06
449,BEN,Benin,2011,283.5018,10992,283.5018,609.5289,30.0209,34.7,23.596,10.52,18.044,Our World in Data / WHO,2026-09-30 02:09:06
450,BEN,Benin,2012,283.9691,11326,283.9691,610.5336,30.0704,34.4,23.392,10.24,17.888,Our World in Data / WHO,2026-09-30 02:09:06
451,BEN,Benin,2013,281.2217,11524,281.2217,604.6267,29.7794,33.9,23.052,9.96,17.628,Our World in Data / WHO,2026-09-30 02:09:06
452,BEN,Benin,2014,280.2555,11817,280.2555,602.5493,29.6771,33.5,22.78,9.68,17.42,Our World in Data / WHO,2026-09-30 02:09:06
453,BEN,Benin,2015,284.3587,12397,284.3587,611.3712,30.1116,33.1,22.508,9.4,17.212,Our World in Data / WHO,2026-09-30 02:09:06
454,BEN,Benin,2016,281.1614,12618,281.1614,604.497,29.773,32.6,22.168,9.16,16.952,Our World in Data / WHO,2026-09-30 02:09:06
455,BEN,Benin,2017,277.4907,12834,277.4907,596.605,29.3843,32.1,21.828,8.92,16.692,Our World in Data / WHO,2026-09-30 02:09:06
456,BEN,Benin,2018,275.0335,13103,275.0335,591.322,29.1241,31.6,21.488,8.68,16.432,Our World in Data / WHO,2026-09-30 02:09:06
457,BEN,Benin,2019,272.1974,13361,272.1974,585.2244,28.8238,31.2,21.216,8.44,16.224,Our World in Data / WHO,2026-09-30 02:09:06
458,BEN,Benin,2020,281.2792,14097,281.2792,604.7503,29.7855,31.2,21.216,8.2,16.224,Our World in Data / WHO,2026-09-30 02:09:06
459,BEN,Benin,2021,269.5537,14040,269.5537,579.5405,28.5439,31.2,21.216,8.0,16.224,Our World in Data / WHO,2026-09-30 02:09:06
460,BEN,Benin,2022,269.5537,14040,269.5537,579.5405,28.5439,31.2,21.216,7.8,16.224,Our World in Data / WHO,2026-09-30 02:09:06
461,BFA,Burkina Faso,1990,297.9829,13380,297.9829,640.6632,31.5543,32.2,21.896,32.0,16.744,Our World in Data / WHO,2026-09-30 02:09:06
462,BFA,Burkina Faso,1991,297.9829,13380,297.9829,640.6632,31.5543,32.2,21.896,32.0,16.744,Our World in Data / WHO,2026-09-30 02:09:06
463,BFA,Burkina Faso,1992,297.9829,13380,297.9829,640.6632,31.5543,32.2,21.896,32.0,16.744,Our World in Data / WHO,2026-09-30 02:09:06
464,BFA,Burkina Faso,1993,297.9829,13380,297.9829,640.6632,31.5543,32.2,21.896,32.0,16.744,Our World in Data / WHO,2026-09-30 02:09:06
465,BFA,Burkina Faso,1994,297.9829,13380,297.9829,640.6632,31.5543,32.2,21.896,32.0,16.744,Our World in Data / WHO,2026-09-30 02:09:06
466,BFA,Burkina Faso,1995,297.9829,13380,297.9829,640.6632,31.5543,32.3,21.964,32.0,16.796,Our World in Data / WHO,2026-09-30 02:09:06
467,BFA,Burkina Faso,1996,297.9829,13380,297.9829,640.6632,31.5543,32.3,21.964,32.0,16.796,Our World in Data / WHO,2026-09-30 02:09:06
468,BFA,Burkina Faso,1997,297.9829,13380,297.9829,640.6632,31.5543,32.4,22.032,32.0,16.848,Our World in Data / WHO,2026-09-30 02:09:06
469,BFA,Burkina Faso,1998,297.9829,13380,297.9829,640.6632,31.5543,32.4,22.032,32.0,16.848,Our World in Data / WHO,2026-09-30 02:09:06
470,BFA,Burkina Faso,1999,297.9829,13380,297.9829,640.6632,31.5543,32.5,22.1,32.0,16.9,Our World in Data / WHO,2026-09-30 02:09:06
471,BFA,Burkina Faso,2000,297.9829,13380,297.9829,640.6632,31.5543,32.6,22.168,32.0,16.952,Our World in Data / WHO,2026-09-30 02:09:06
472,BFA,Burkina Faso,2001,306.9918,13944,306.9918,660.0324,32.5083,32.8,22.304,30.66,17.056,Our World in Data / WHO,2026-09-30 02:09:06
473,BFA,Burkina Faso,2002,315.1047,14445,315.1047,677.4751,33.3674,32.9,22.372,29.32,17.108,Our World in Data / WHO,2026-09-30 02:09:06
474,BFA,Burkina Faso,2003,311.4184,14571,311.4184,669.5496,32.977,33.0,22.44,27.98,17.16,Our World in Data / WHO,2026-09-30 02:09:06
475,BFA,Burkina Faso,2004,310.1625,14803,310.1625,666.8494,32.8441,33.1,22.508,26.64,17.212,Our World in Data / WHO,2026-09-30 02:09:06
476,BFA,Burkina Faso,2005,309.6026,15082,309.6026,665.6456,32.7848,33.2,22.576,25.3,17.264,Our World in Data / WHO,2026-09-30 02:09:06
477,BFA,Burkina Faso,2006,312.3262,15580,312.3262,671.5013,33.0732,33.2,22.576,24.2,17.264,Our World in Data / WHO,2026-09-30 02:09:06
478,BFA,Burkina Faso,2007,312.5423,15907,312.5423,671.9659,33.0961,33.2,22.576,23.1,17.264,Our World in Data / WHO,2026-09-30 02:09:06
479,BFA,Burkina Faso,2008,316.5596,16446,316.5596,680.6031,33.5215,33.1,22.508,22.1667,17.212,Our World in Data / WHO,2026-09-30 02:09:06
480,BFA,Burkina Faso,2009,321.4949,17058,321.4949,691.214,34.0441,33.0,22.44,21.2333,17.16,Our World in Data / WHO,2026-09-30 02:09:06
481,BFA,Burkina Faso,2010,318.9693,17324,318.9693,685.784,33.7766,32.8,22.304,20.3,17.056,Our World in Data / WHO,2026-09-30 02:09:06
482,BFA,Burkina Faso,2011,318.5046,17709,318.5046,684.7849,33.7274,32.5,22.1,19.54,16.9,Our World in Data / WHO,2026-09-30 02:09:06
483,BFA,Burkina Faso,2012,318.7065,18301,318.7065,685.219,33.7488,32.2,21.896,18.78,16.744,Our World in Data / WHO,2026-09-30 02:09:06
484,BFA,Burkina Faso,2013,314.8073,18594,314.8073,676.8357,33.3359,32.0,21.76,18.02,16.64,Our World in Data / WHO,2026-09-30 02:09:06
485,BFA,Burkina Faso,2014,311.1005,18892,311.1005,668.8661,32.9434,31.7,21.556,17.26,16.484,Our World in Data / WHO,2026-09-30 02:09:06
486,BFA,Burkina Faso,2015,312.6271,19592,312.6271,672.1483,33.105,31.5,21.42,16.5,16.38,Our World in Data / WHO,2026-09-30 02:09:06
487,BFA,Burkina Faso,2016,310.2728,19997,310.2728,667.0865,32.8557,31.2,21.216,15.9,16.224,Our World in Data / WHO,2026-09-30 02:09:06
488,BFA,Burkina Faso,2017,305.7422,20296,305.7422,657.3457,32.376,31.0,21.08,15.3,16.12,Our World in Data / WHO,2026-09-30 02:09:06
489,BFA,Burkina Faso,2018,302.5785,20658,302.5785,650.5438,32.041,30.7,20.876,14.7,15.964,Our World in Data / WHO,2026-09-30 02:09:06
490,BFA,Burkina Faso,2019,297.3669,20848,297.3669,639.3388,31.4891,30.5,20.74,14.1,15.86,Our World in Data / WHO,2026-09-30 02:09:06
491,BFA,Burkina Faso,2020,308.1918,22221,308.1918,662.6124,32.6354,30.5,20.74,13.5,15.86,Our World in Data / WHO,2026-09-30 02:09:06
492,BFA,Burkina Faso,2021,291.7325,21825,291.7325,627.2249,30.8924,30.5,20.74,13.0,15.86,Our World in Data / WHO,2026-09-30 02:09:06
493,BFA,Burkina Faso,2022,291.7325,21825,291.7325,627.2249,30.8924,30.5,20.74,12.5,15.86,Our World in Data / WHO,2026-09-30 02:09:06
494,BGD,Bangladesh,1990,370.1535,176338,370.1535,795.83,39.1967,29.1,19.788,57.9,15.132,Our World in Data / WHO,2026-09-30 02:09:06
495,BGD,Bangladesh,1991,370.1535,176338,370.1535,795.83,39.1967,29.0,19.72,57.9,15.08,Our World in Data / WHO,2026-09-30 02:09:06
496,BGD,Bangladesh,1992,370.1535,176338,370.1535,795.83,39.1967,28.9,19.652,57.9,15.028,Our World in Data / WHO,2026-09-30 02:09:06
497,BGD,Bangladesh,1993,370.1535,176338,370.1535,795.83,39.1967,28.9,19.652,57.9,15.028,Our World in Data / WHO,2026-09-30 02:09:06
498,BGD,Bangladesh,1994,370.1535,176338,370.1535,795.83,39.1967,28.8,19.584,57.9,14.976,Our World in Data / WHO,2026-09-30 02:09:06
499,BGD,Bangladesh,1995,370.1535,176338,370.1535,795.83,39.1967,28.7,19.516,57.9,14.924,Our World in Data / WHO,2026-09-30 02:09:06
500,BGD,Bangladesh,1996,370.1535,176338,370.1535,795.83,39.1967,28.7,19.516,57.9,14.924,Our World in Data / WHO,2026-09-30 02:09:06
501,BGD,Bangladesh,1997,370.1535,176338,370.1535,795.83,39.1967,28.6,19.448,57.9,14.872,Our World in Data / WHO,2026-09-30 02:09:06
502,BGD,Bangladesh,1998,370.1535,176338,370.1535,795.83,39.1967,28.6,19.448,57.9,14.872,Our World in Data / WHO,2026-09-30 02:09:06
503,BGD,Bangladesh,1999,370.1535,176338,370.1535,795.83,39.1967,28.6,19.448,57.9,14.872,Our World in Data / WHO,2026-09-30 02:09:06
504,BGD,Bangladesh,2000,370.1535,176338,370.1535,795.83,39.1967,28.6,19.448,57.9,14.872,Our World in Data / WHO,2026-09-30 02:09:06
505,BGD,Bangladesh,2001,376.2032,180601,376.2032,808.8369,39.8373,28.5,19.38,56.5,14.82,Our World in Data / WHO,2026-09-30 02:09:06
506,BGD,Bangladesh,2002,397.2611,191158,397.2611,854.1114,42.0672,28.5,19.38,55.1,14.82,Our World in Data / WHO,2026-09-30 02:09:06
507,BGD,Bangladesh,2003,401.6631,197811,401.6631,863.5757,42.5333,28.5,19.38,53.7,14.82,Our World in Data / WHO,2026-09-30 02:09:06
508,BGD,Bangladesh,2004,386.61,198441,386.61,831.2115,40.9393,28.4,19.312,52.3,14.768,Our World in Data / WHO,2026-09-30 02:09:06
509,BGD,Bangladesh,2005,383.1845,206832,383.1845,823.8467,40.5766,28.3,19.244,50.9,14.716,Our World in Data / WHO,2026-09-30 02:09:06
510,BGD,Bangladesh,2006,390.3422,219329,390.3422,839.2357,41.3345,28.3,19.244,49.45,14.716,Our World in Data / WHO,2026-09-30 02:09:06
511,BGD,Bangladesh,2007,385.9534,224761,385.9534,829.7998,40.8698,28.2,19.176,48.0,14.664,Our World in Data / WHO,2026-09-30 02:09:06
512,BGD,Bangladesh,2008,368.4923,224345,368.4923,792.2584,39.0208,28.0,19.04,46.7333,14.56,Our World in Data / WHO,2026-09-30 02:09:06
513,BGD,Bangladesh,2009,352.8322,225338,352.8322,758.5892,37.3625,27.9,18.972,45.4667,14.508,Our World in Data / WHO,2026-09-30 02:09:06
514,BGD,Bangladesh,2010,340.4999,227664,340.4999,732.0748,36.0566,27.9,18.972,44.2,14.508,Our World in Data / WHO,2026-09-30 02:09:06
515,BGD,Bangladesh,2011,291.9977,211781,291.9977,627.7951,30.9205,27.8,18.904,43.18,14.456,Our World in Data / WHO,2026-09-30 02:09:06
516,BGD,Bangladesh,2012,257.4792,203836,257.4792,553.5803,27.2653,27.8,18.904,42.16,14.456,Our World in Data / WHO,2026-09-30 02:09:06
517,BGD,Bangladesh,2013,248.4602,207530,248.4602,534.1894,26.3102,27.8,18.904,41.14,14.456,Our World in Data / WHO,2026-09-30 02:09:06
518,BGD,Bangladesh,2014,250.6291,217953,250.6291,538.8526,26.5399,27.9,18.972,40.12,14.508,Our World in Data / WHO,2026-09-30 02:09:06
519,BGD,Bangladesh,2015,243.3142,224011,243.3142,523.1255,25.7653,28.0,19.04,39.1,14.56,Our World in Data / WHO,2026-09-30 02:09:06
520,BGD,Bangladesh,2016,240.0999,232701,240.0999,516.2148,25.4249,28.2,19.176,38.26,14.664,Our World in Data / WHO,2026-09-30 02:09:06
521,BGD,Bangladesh,2017,250.1921,252349,250.1921,537.913,26.4936,28.4,19.312,37.42,14.768,Our World in Data / WHO,2026-09-30 02:09:06
522,BGD,Bangladesh,2018,248.6406,262606,248.6406,534.5773,26.3293,28.6,19.448,36.58,14.872,Our World in Data / WHO,2026-09-30 02:09:06
523,BGD,Bangladesh,2019,247.761,273550,247.761,532.6862,26.2362,28.8,19.584,35.74,14.976,Our World in Data / WHO,2026-09-30 02:09:06
524,BGD,Bangladesh,2020,251.7037,286546,251.7037,541.163,26.6537,28.8,19.584,34.9,14.976,Our World in Data / WHO,2026-09-30 02:09:06
525,BGD,Bangladesh,2021,240.1688,282647,240.1688,516.3629,25.4322,28.8,19.584,34.1,14.976,Our World in Data / WHO,2026-09-30 02:09:06
526,BGD,Bangladesh,2022,240.1688,282647,240.1688,516.3629,25.4322,28.8,19.584,33.3,14.976,Our World in Data / WHO,2026-09-30 02:09:06
527,BGR,Bulgaria,1990,658.1797,88939,658.1797,1415.0864,58.0,47.4,32.232,44.0,24.648,Our World in Data / WHO,2026-09-30 02:09:06
528,BGR,Bulgaria,1991,658.1797,88939,658.1797,1415.0864,58.0,47.1,32.028,44.0,24.492,Our World in Data / WHO,2026-09-30 02:09:06
529,BGR,Bulgaria,1992,658.1797,88939,658.1797,1415.0864,58.0,46.8,31.824,44.0,24.336,Our World in Data / WHO,2026-09-30 02:09:06
530,BGR,Bulgaria,1993,658.1797,88939,658.1797,1415.0864,58.0,46.5,31.62,44.0,24.18,Our World in Data / WHO,2026-09-30 02:09:06
531,BGR,Bulgaria,1994,658.1797,88939,658.1797,1415.0864,58.0,46.2,31.416,44.0,24.024,Our World in Data / WHO,2026-09-30 02:09:06
532,BGR,Bulgaria,1995,658.1797,88939,658.1797,1415.0864,58.0,45.9,31.212,44.0,23.868,Our World in Data / WHO,2026-09-30 02:09:06
533,BGR,Bulgaria,1996,658.1797,88939,658.1797,1415.0864,58.0,45.6,31.008,44.0,23.712,Our World in Data / WHO,2026-09-30 02:09:06
534,BGR,Bulgaria,1997,658.1797,88939,658.1797,1415.0864,58.0,45.3,30.804,44.0,23.556,Our World in Data / WHO,2026-09-30 02:09:06
535,BGR,Bulgaria,1998,658.1797,88939,658.1797,1415.0864,58.0,45.1,30.668,44.0,23.452,Our World in Data / WHO,2026-09-30 02:09:06
536,BGR,Bulgaria,1999,658.1797,88939,658.1797,1415.0864,58.0,44.9,30.532,44.0,23.348,Our World in Data / WHO,2026-09-30 02:09:06
537,BGR,Bulgaria,2000,658.1797,88939,658.1797,1415.0864,58.0,44.8,30.464,44.0,23.296,Our World in Data / WHO,2026-09-30 02:09:06
538,BGR,Bulgaria,2001,622.8934,85409,622.8934,1339.2208,58.0,44.7,30.396,43.7,23.244,Our World in Data / WHO,2026-09-30 02:09:06
539,BGR,Bulgaria,2002,637.7155,87069,637.7155,1371.0883,58.0,44.6,30.328,43.4,23.192,Our World in Data / WHO,2026-09-30 02:09:06
540,BGR,Bulgaria,2003,639.4982,86666,639.4982,1374.9211,58.0,44.7,30.396,43.1,23.244,Our World in Data / WHO,2026-09-30 02:09:06
541,BGR,Bulgaria,2004,606.8653,83853,606.8653,1304.7604,58.0,44.7,30.396,42.8,23.244,Our World in Data / WHO,2026-09-30 02:09:06
542,BGR,Bulgaria,2005,575.5944,82739,575.5944,1237.528,58.0,44.8,30.464,42.5,23.296,Our World in Data / WHO,2026-09-30 02:09:06
543,BGR,Bulgaria,2006,551.9434,82053,551.9434,1186.6783,58.0,44.9,30.532,42.35,23.348,Our World in Data / WHO,2026-09-30 02:09:06
544,BGR,Bulgaria,2007,526.0723,80378,526.0723,1131.0554,55.7074,45.0,30.6,42.2,23.4,Our World in Data / WHO,2026-09-30 02:09:06
545,BGR,Bulgaria,2008,494.7104,77279,494.7104,1063.6274,52.3864,45.1,30.668,41.9333,23.452,Our World in Data / WHO,2026-09-30 02:09:06
546,BGR,Bulgaria,2009,484.8731,76871,484.8731,1042.4772,51.3447,45.1,30.668,41.6667,23.452,Our World in Data / WHO,2026-09-30 02:09:06
547,BGR,Bulgaria,2010,495.5666,80297,495.5666,1065.4682,52.4771,45.2,30.736,41.4,23.504,Our World in Data / WHO,2026-09-30 02:09:06
548,BGR,Bulgaria,2011,472.4424,77694,472.4424,1015.7512,50.0284,45.2,30.736,41.2,23.504,Our World in Data / WHO,2026-09-30 02:09:06
549,BGR,Bulgaria,2012,454.943,76331,454.943,978.1274,48.1753,45.2,30.736,41.0,23.504,Our World in Data / WHO,2026-09-30 02:09:06
550,BGR,Bulgaria,2013,427.2693,72206,427.2693,918.629,45.2449,45.2,30.736,40.8,23.504,Our World in Data / WHO,2026-09-30 02:09:06
551,BGR,Bulgaria,2014,445.4766,76232,445.4766,957.7747,47.1729,45.2,30.736,40.6,23.504,Our World in Data / WHO,2026-09-30 02:09:06
552,BGR,Bulgaria,2015,442.8666,77032,442.8666,952.1632,46.8965,45.2,30.736,40.4,23.504,Our World in Data / WHO,2026-09-30 02:09:06
553,BGR,Bulgaria,2016,434.5304,75600,434.5304,934.2404,46.0138,45.2,30.736,40.2,23.504,Our World in Data / WHO,2026-09-30 02:09:06
554,BGR,Bulgaria,2017,442.0298,77761,442.0298,950.3641,46.8079,45.2,30.736,40.0,23.504,Our World in Data / WHO,2026-09-30 02:09:06
555,BGR,Bulgaria,2018,432.1012,76471,432.1012,929.0176,45.7565,45.2,30.736,39.8,23.504,Our World in Data / WHO,2026-09-30 02:09:06
556,BGR,Bulgaria,2019,416.5128,74787,416.5128,895.5025,44.1058,45.2,30.736,39.6,23.504,Our World in Data / WHO,2026-09-30 02:09:06
557,BGR,Bulgaria,2020,450.2072,81153,450.2072,967.9455,47.6738,45.2,30.736,39.4,23.504,Our World in Data / WHO,2026-09-30 02:09:06
558,BGR,Bulgaria,2021,488.4783,87289,488.4783,1050.2283,51.7265,45.2,30.736,39.25,23.504,Our World in Data / WHO,2026-09-30 02:09:06
559,BGR,Bulgaria,2022,488.4783,87289,488.4783,1050.2283,51.7265,45.2,30.736,39.1,23.504,Our World in Data / WHO,2026-09-30 02:09:06
560,BHR,Bahrain,1990,605.4951,1182,605.4951,1301.8145,58.0,37.8,25.704,21.1,19.656,Our World in Data / WHO,2026-09-30 02:09:06
561,BHR,Bahrain,1991,605.4951,1182,605.4951,1301.8145,58.0,38.0,25.84,21.1,19.76,Our World in Data / WHO,2026-09-30 02:09:06
562,BHR,Bahrain,1992,605.4951,1182,605.4951,1301.8145,58.0,38.1,25.908,21.1,19.812,Our World in Data / WHO,2026-09-30 02:09:06
563,BHR,Bahrain,1993,605.4951,1182,605.4951,1301.8145,58.0,38.2,25.976,21.1,19.864,Our World in Data / WHO,2026-09-30 02:09:06
564,BHR,Bahrain,1994,605.4951,1182,605.4951,1301.8145,58.0,38.3,26.044,21.1,19.916,Our World in Data / WHO,2026-09-30 02:09:06
565,BHR,Bahrain,1995,605.4951,1182,605.4951,1301.8145,58.0,38.5,26.18,21.1,20.02,Our World in Data / WHO,2026-09-30 02:09:06
566,BHR,Bahrain,1996,605.4951,1182,605.4951,1301.8145,58.0,38.6,26.248,21.1,20.072,Our World in Data / WHO,2026-09-30 02:09:06
567,BHR,Bahrain,1997,605.4951,1182,605.4951,1301.8145,58.0,38.7,26.316,21.1,20.124,Our World in Data / WHO,2026-09-30 02:09:06
568,BHR,Bahrain,1998,605.4951,1182,605.4951,1301.8145,58.0,38.8,26.384,21.1,20.176,Our World in Data / WHO,2026-09-30 02:09:06
569,BHR,Bahrain,1999,605.4951,1182,605.4951,1301.8145,58.0,38.9,26.452,21.1,20.228,Our World in Data / WHO,2026-09-30 02:09:06
570,BHR,Bahrain,2000,605.4951,1182,605.4951,1301.8145,58.0,39.0,26.52,21.1,20.28,Our World in Data / WHO,2026-09-30 02:09:06
571,BHR,Bahrain,2001,591.608,1195,591.608,1271.9572,58.0,39.2,26.656,20.8,20.384,Our World in Data / WHO,2026-09-30 02:09:06
572,BHR,Bahrain,2002,565.9936,1198,565.9936,1216.8862,58.0,39.3,26.724,20.5,20.436,Our World in Data / WHO,2026-09-30 02:09:06
573,BHR,Bahrain,2003,568.6046,1271,568.6046,1222.4999,58.0,39.3,26.724,20.2,20.436,Our World in Data / WHO,2026-09-30 02:09:06
574,BHR,Bahrain,2004,548.9146,1316,548.9146,1180.1664,58.0,39.4,26.792,19.9,20.488,Our World in Data / WHO,2026-09-30 02:09:06
575,BHR,Bahrain,2005,519.974,1346,519.974,1117.9441,55.0616,39.4,26.792,19.6,20.488,Our World in Data / WHO,2026-09-30 02:09:06
576,BHR,Bahrain,2006,462.6546,1297,462.6546,994.7074,48.9919,39.4,26.792,19.35,20.488,Our World in Data / WHO,2026-09-30 02:09:06
577,BHR,Bahrain,2007,418.0124,1297,418.0124,898.7267,44.2646,39.4,26.792,19.1,20.488,Our World in Data / WHO,2026-09-30 02:09:06
578,BHR,Bahrain,2008,379.3977,1300,379.3977,815.7051,40.1756,39.3,26.724,18.8333,20.436,Our World in Data / WHO,2026-09-30 02:09:06
579,BHR,Bahrain,2009,346.3448,1304,346.3448,744.6413,36.6755,39.3,26.724,18.5667,20.436,Our World in Data / WHO,2026-09-30 02:09:06
580,BHR,Bahrain,2010,336.4435,1347,336.4435,723.3535,35.627,39.3,26.724,18.3,20.436,Our World in Data / WHO,2026-09-30 02:09:06
581,BHR,Bahrain,2011,319.3814,1341,319.3814,686.67,33.8203,39.2,26.656,18.08,20.384,Our World in Data / WHO,2026-09-30 02:09:06
582,BHR,Bahrain,2012,295.6751,1315,295.6751,635.7015,31.3099,39.2,26.656,17.86,20.384,Our World in Data / WHO,2026-09-30 02:09:06
583,BHR,Bahrain,2013,261.4073,1290,261.4073,562.0257,27.6812,39.1,26.588,17.64,20.332,Our World in Data / WHO,2026-09-30 02:09:06
584,BHR,Bahrain,2014,231.5346,1275,231.5346,497.7994,24.5179,39.0,26.52,17.42,20.28,Our World in Data / WHO,2026-09-30 02:09:06
585,BHR,Bahrain,2015,243.3089,1345,243.3089,523.1141,25.7647,38.9,26.452,17.2,20.228,Our World in Data / WHO,2026-09-30 02:09:06
586,BHR,Bahrain,2016,256.3571,1425,256.3571,551.1678,27.1464,38.8,26.384,16.98,20.176,Our World in Data / WHO,2026-09-30 02:09:06
587,BHR,Bahrain,2017,249.7414,1453,249.7414,536.944,26.4459,38.8,26.384,16.76,20.176,Our World in Data / WHO,2026-09-30 02:09:06
588,BHR,Bahrain,2018,237.5997,1461,237.5997,510.8394,25.1602,38.8,26.384,16.54,20.176,Our World in Data / WHO,2026-09-30 02:09:06
589,BHR,Bahrain,2019,232.5727,1486,232.5727,500.0313,24.6278,38.7,26.316,16.32,20.124,Our World in Data / WHO,2026-09-30 02:09:06
590,BHR,Bahrain,2020,241.9,1628,241.9,520.085,25.6155,38.7,26.316,16.1,20.124,Our World in Data / WHO,2026-09-30 02:09:06
591,BHR,Bahrain,2021,250.267,1699,250.267,538.074,26.5015,38.7,26.316,15.9,20.124,Our World in Data / WHO,2026-09-30 02:09:06
592,BHR,Bahrain,2022,250.267,1699,250.267,538.074,26.5015,38.7,26.316,15.7,20.124,Our World in Data / WHO,2026-09-30 02:09:06
593,BHS,Bahamas,1990,197.2523,549,197.2523,424.0924,20.8876,37.7,25.636,13.4,19.604,Our World in Data / WHO,2026-09-30 02:09:06
594,BHS,Bahamas,1991,197.2523,549,197.2523,424.0924,20.8876,37.9,25.772,13.4,19.708,Our World in Data / WHO,2026-09-30 02:09:06
595,BHS,Bahamas,1992,197.2523,549,197.2523,424.0924,20.8876,38.1,25.908,13.4,19.812,Our World in Data / WHO,2026-09-30 02:09:06
596,BHS,Bahamas,1993,197.2523,549,197.2523,424.0924,20.8876,38.3,26.044,13.4,19.916,Our World in Data / WHO,2026-09-30 02:09:06
597,BHS,Bahamas,1994,197.2523,549,197.2523,424.0924,20.8876,38.5,26.18,13.4,20.02,Our World in Data / WHO,2026-09-30 02:09:06
598,BHS,Bahamas,1995,197.2523,549,197.2523,424.0924,20.8876,38.7,26.316,13.4,20.124,Our World in Data / WHO,2026-09-30 02:09:06
599,BHS,Bahamas,1996,197.2523,549,197.2523,424.0924,20.8876,38.9,26.452,13.4,20.228,Our World in Data / WHO,2026-09-30 02:09:06
600,BHS,Bahamas,1997,197.2523,549,197.2523,424.0924,20.8876,39.2,26.656,13.4,20.384,Our World in Data / WHO,2026-09-30 02:09:06
601,BHS,Bahamas,1998,197.2523,549,197.2523,424.0924,20.8876,39.4,26.792,13.4,20.488,Our World in Data / WHO,2026-09-30 02:09:06
602,BHS,Bahamas,1999,197.2523,549,197.2523,424.0924,20.8876,39.7,26.996,13.4,20.644,Our World in Data / WHO,2026-09-30 02:09:06
603,BHS,Bahamas,2000,197.2523,549,197.2523,424.0924,20.8876,40.0,27.2,13.4,20.8,Our World in Data / WHO,2026-09-30 02:09:06
604,BHS,Bahamas,2001,197.9142,573,197.9142,425.5155,20.9577,40.3,27.404,13.5,20.956,Our World in Data / WHO,2026-09-30 02:09:06
605,BHS,Bahamas,2002,194.9656,587,194.9656,419.176,20.6455,40.6,27.608,13.6,21.112,Our World in Data / WHO,2026-09-30 02:09:06
606,BHS,Bahamas,2003,192.9177,607,192.9177,414.7731,20.4286,41.0,27.88,13.7,21.32,Our World in Data / WHO,2026-09-30 02:09:06
607,BHS,Bahamas,2004,196.9257,642,196.9257,423.3903,20.8531,41.4,28.152,13.8,21.528,Our World in Data / WHO,2026-09-30 02:09:06
608,BHS,Bahamas,2005,183.6276,619,183.6276,394.7993,19.4449,41.7,28.356,13.9,21.684,Our World in Data / WHO,2026-09-30 02:09:06
609,BHS,Bahamas,2006,182.5924,635,182.5924,392.5737,19.3353,42.1,28.628,14.05,21.892,Our World in Data / WHO,2026-09-30 02:09:06
610,BHS,Bahamas,2007,175.1486,630,175.1486,376.5695,18.547,42.5,28.9,14.2,22.1,Our World in Data / WHO,2026-09-30 02:09:06
611,BHS,Bahamas,2008,177.4502,660,177.4502,381.5179,18.7907,42.8,29.104,14.3333,22.256,Our World in Data / WHO,2026-09-30 02:09:06
612,BHS,Bahamas,2009,181.2614,696,181.2614,389.712,19.1943,43.1,29.308,14.4667,22.412,Our World in Data / WHO,2026-09-30 02:09:06
613,BHS,Bahamas,2010,185.9897,736,185.9897,399.8779,19.695,43.4,29.512,14.6,22.568,Our World in Data / WHO,2026-09-30 02:09:06
614,BHS,Bahamas,2011,179.3887,732,179.3887,385.6857,18.996,43.6,29.648,14.78,22.672,Our World in Data / WHO,2026-09-30 02:09:06
615,BHS,Bahamas,2012,172.2477,723,172.2477,370.3326,18.2398,43.8,29.784,14.96,22.776,Our World in Data / WHO,2026-09-30 02:09:06
616,BHS,Bahamas,2013,166.2081,721,166.2081,357.3474,17.6003,43.9,29.852,15.14,22.828,Our World in Data / WHO,2026-09-30 02:09:06
617,BHS,Bahamas,2014,178.5439,801,178.5439,383.8694,18.9066,44.0,29.92,15.32,22.88,Our World in Data / WHO,2026-09-30 02:09:06
618,BHS,Bahamas,2015,173.7834,806,173.7834,373.6343,18.4025,44.1,29.988,15.5,22.932,Our World in Data / WHO,2026-09-30 02:09:06
619,BHS,Bahamas,2016,178.1299,851,178.1299,382.9793,18.8627,44.2,30.056,15.7,22.984,Our World in Data / WHO,2026-09-30 02:09:06
620,BHS,Bahamas,2017,176.7242,866,176.7242,379.957,18.7139,44.3,30.124,15.9,23.036,Our World in Data / WHO,2026-09-30 02:09:06
621,BHS,Bahamas,2018,175.7266,885,175.7266,377.8122,18.6082,44.4,30.192,16.1,23.088,Our World in Data / WHO,2026-09-30 02:09:06
622,BHS,Bahamas,2019,177.3157,916,177.3157,381.2288,18.7765,44.5,30.26,16.3,23.14,Our World in Data / WHO,2026-09-30 02:09:06
623,BHS,Bahamas,2020,177.5211,944,177.5211,381.6704,18.7983,44.5,30.26,16.5,23.14,Our World in Data / WHO,2026-09-30 02:09:06
624,BHS,Bahamas,2021,172.945,919,172.945,371.8317,18.3137,44.5,30.26,16.75,23.14,Our World in Data / WHO,2026-09-30 02:09:06
625,BHS,Bahamas,2022,172.945,919,172.945,371.8317,18.3137,44.5,30.26,17.0,23.14,Our World in Data / WHO,2026-09-30 02:09:06
626,BIH,Bosnia and Herzegovina,1990,342.8948,15998,342.8948,737.2238,36.3102,47.7,32.436,46.3,24.804,Our World in Data / WHO,2026-09-30 02:09:06
627,BIH,Bosnia and Herzegovina,1991,342.8948,15998,342.8948,737.2238,36.3102,47.4,32.232,46.3,24.648,Our World in Data / WHO,2026-09-30 02:09:06
628,BIH,Bosnia and Herzegovina,1992,342.8948,15998,342.8948,737.2238,36.3102,47.0,31.96,46.3,24.44,Our World in Data / WHO,2026-09-30 02:09:06
629,BIH,Bosnia and Herzegovina,1993,342.8948,15998,342.8948,737.2238,36.3102,46.7,31.756,46.3,24.284,Our World in Data / WHO,2026-09-30 02:09:06
630,BIH,Bosnia and Herzegovina,1994,342.8948,15998,342.8948,737.2238,36.3102,46.4,31.552,46.3,24.128,Our World in Data / WHO,2026-09-30 02:09:06
631,BIH,Bosnia and Herzegovina,1995,342.8948,15998,342.8948,737.2238,36.3102,46.1,31.348,46.3,23.972,Our World in Data / WHO,2026-09-30 02:09:06
632,BIH,Bosnia and Herzegovina,1996,342.8948,15998,342.8948,737.2238,36.3102,45.7,31.076,46.3,23.764,Our World in Data / WHO,2026-09-30 02:09:06
633,BIH,Bosnia and Herzegovina,1997,342.8948,15998,342.8948,737.2238,36.3102,45.5,30.94,46.3,23.66,Our World in Data / WHO,2026-09-30 02:09:06
634,BIH,Bosnia and Herzegovina,1998,342.8948,15998,342.8948,737.2238,36.3102,45.2,30.736,46.3,23.504,Our World in Data / WHO,2026-09-30 02:09:06
635,BIH,Bosnia and Herzegovina,1999,342.8948,15998,342.8948,737.2238,36.3102,45.0,30.6,46.3,23.4,Our World in Data / WHO,2026-09-30 02:09:06
636,BIH,Bosnia and Herzegovina,2000,342.8948,15998,342.8948,737.2238,36.3102,44.8,30.464,46.3,23.296,Our World in Data / WHO,2026-09-30 02:09:06
637,BIH,Bosnia and Herzegovina,2001,323.8737,15916,323.8737,696.3285,34.296,44.7,30.396,45.82,23.244,Our World in Data / WHO,2026-09-30 02:09:06
638,BIH,Bosnia and Herzegovina,2002,310.257,15971,310.257,667.0526,32.8541,44.6,30.328,45.34,23.192,Our World in Data / WHO,2026-09-30 02:09:06
639,BIH,Bosnia and Herzegovina,2003,295.7484,15927,295.7484,635.8591,31.3177,44.6,30.328,44.86,23.192,Our World in Data / WHO,2026-09-30 02:09:06
640,BIH,Bosnia and Herzegovina,2004,283.9995,16034,283.9995,610.5989,30.0736,44.6,30.328,44.38,23.192,Our World in Data / WHO,2026-09-30 02:09:06
641,BIH,Bosnia and Herzegovina,2005,279.8205,16548,279.8205,601.6141,29.631,44.6,30.328,43.9,23.192,Our World in Data / WHO,2026-09-30 02:09:06
642,BIH,Bosnia and Herzegovina,2006,269.8051,16628,269.8051,580.081,28.5705,44.6,30.328,43.5,23.192,Our World in Data / WHO,2026-09-30 02:09:06
643,BIH,Bosnia and Herzegovina,2007,280.1736,17880,280.1736,602.3732,29.6684,44.7,30.396,43.1,23.244,Our World in Data / WHO,2026-09-30 02:09:06
644,BIH,Bosnia and Herzegovina,2008,263.9454,17406,263.9454,567.4826,27.95,44.7,30.396,42.7,23.244,Our World in Data / WHO,2026-09-30 02:09:06
645,BIH,Bosnia and Herzegovina,2009,259.7034,17664,259.7034,558.3623,27.5008,44.7,30.396,42.3,23.244,Our World in Data / WHO,2026-09-30 02:09:06
646,BIH,Bosnia and Herzegovina,2010,249.2336,17484,249.2336,535.8522,26.3921,44.7,30.396,41.9,23.244,Our World in Data / WHO,2026-09-30 02:09:06
647,BIH,Bosnia and Herzegovina,2011,243.7469,17570,243.7469,524.0558,25.8111,44.6,30.328,41.52,23.192,Our World in Data / WHO,2026-09-30 02:09:06
648,BIH,Bosnia and Herzegovina,2012,232.1805,17189,232.1805,499.1881,24.5863,44.6,30.328,41.14,23.192,Our World in Data / WHO,2026-09-30 02:09:06
649,BIH,Bosnia and Herzegovina,2013,228.706,17332,228.706,491.7179,24.2184,44.5,30.26,40.76,23.14,Our World in Data / WHO,2026-09-30 02:09:06
650,BIH,Bosnia and Herzegovina,2014,226.6157,17593,226.6157,487.2238,23.997,44.4,30.192,40.38,23.088,Our World in Data / WHO,2026-09-30 02:09:06
651,BIH,Bosnia and Herzegovina,2015,230.3521,18253,230.3521,495.257,24.3927,44.4,30.192,40.0,23.088,Our World in Data / WHO,2026-09-30 02:09:06
652,BIH,Bosnia and Herzegovina,2016,225.8641,18241,225.8641,485.6078,23.9174,44.3,30.124,39.64,23.036,Our World in Data / WHO,2026-09-30 02:09:06
653,BIH,Bosnia and Herzegovina,2017,224.9205,18563,224.9205,483.5791,23.8175,44.3,30.124,39.28,23.036,Our World in Data / WHO,2026-09-30 02:09:06
654,BIH,Bosnia and Herzegovina,2018,222.8009,18723,222.8009,479.0219,23.5931,44.2,30.056,38.92,22.984,Our World in Data / WHO,2026-09-30 02:09:06
655,BIH,Bosnia and Herzegovina,2019,228.0835,19425,228.0835,490.3795,24.1525,44.2,30.056,38.56,22.984,Our World in Data / WHO,2026-09-30 02:09:06
656,BIH,Bosnia and Herzegovina,2020,230.3239,20057,230.3239,495.1964,24.3897,44.2,30.056,38.2,22.984,Our World in Data / WHO,2026-09-30 02:09:06
657,BIH,Bosnia and Herzegovina,2021,225.4001,19447,225.4001,484.6102,23.8683,44.2,30.056,37.9,22.984,Our World in Data / WHO,2026-09-30 02:09:06
658,BIH,Bosnia and Herzegovina,2022,225.4001,19447,225.4001,484.6102,23.8683,44.2,30.056,37.6,22.984,Our World in Data / WHO,2026-09-30 02:09:06
659,BLR,Belarus,1990,526.9715,77355,526.9715,1132.9887,55.8026,53.3,36.244,43.1,27.716,Our World in Data / WHO,2026-09-30 02:09:06
660,BLR,Belarus,1991,526.9715,77355,526.9715,1132.9887,55.8026,53.0,36.04,43.1,27.56,Our World in Data / WHO,2026-09-30 02:09:06
661,BLR,Belarus,1992,526.9715,77355,526.9715,1132.9887,55.8026,52.8,35.904,43.1,27.456,Our World in Data / WHO,2026-09-30 02:09:06
662,BLR,Belarus,1993,526.9715,77355,526.9715,1132.9887,55.8026,52.6,35.768,43.1,27.352,Our World in Data / WHO,2026-09-30 02:09:06
663,BLR,Belarus,1994,526.9715,77355,526.9715,1132.9887,55.8026,52.3,35.564,43.1,27.196,Our World in Data / WHO,2026-09-30 02:09:06
664,BLR,Belarus,1995,526.9715,77355,526.9715,1132.9887,55.8026,52.1,35.428,43.1,27.092,Our World in Data / WHO,2026-09-30 02:09:06
665,BLR,Belarus,1996,526.9715,77355,526.9715,1132.9887,55.8026,51.8,35.224,43.1,26.936,Our World in Data / WHO,2026-09-30 02:09:06
666,BLR,Belarus,1997,526.9715,77355,526.9715,1132.9887,55.8026,51.6,35.088,43.1,26.832,Our World in Data / WHO,2026-09-30 02:09:06
667,BLR,Belarus,1998,526.9715,77355,526.9715,1132.9887,55.8026,51.4,34.952,43.1,26.728,Our World in Data / WHO,2026-09-30 02:09:06
668,BLR,Belarus,1999,526.9715,77355,526.9715,1132.9887,55.8026,51.2,34.816,43.1,26.624,Our World in Data / WHO,2026-09-30 02:09:06
669,BLR,Belarus,2000,526.9715,77355,526.9715,1132.9887,55.8026,51.1,34.748,43.1,26.572,Our World in Data / WHO,2026-09-30 02:09:06
670,BLR,Belarus,2001,555.6888,81767,555.6888,1194.7309,58.0,51.0,34.68,42.44,26.52,Our World in Data / WHO,2026-09-30 02:09:06
671,BLR,Belarus,2002,596.213,87823,596.213,1281.8579,58.0,50.9,34.612,41.78,26.468,Our World in Data / WHO,2026-09-30 02:09:06
672,BLR,Belarus,2003,587.0415,87239,587.0415,1262.1392,58.0,50.8,34.544,41.12,26.416,Our World in Data / WHO,2026-09-30 02:09:06
673,BLR,Belarus,2004,574.2637,85910,574.2637,1234.667,58.0,50.7,34.476,40.46,26.364,Our World in Data / WHO,2026-09-30 02:09:06
674,BLR,Belarus,2005,577.5699,86999,577.5699,1241.7753,58.0,50.7,34.476,39.8,26.364,Our World in Data / WHO,2026-09-30 02:09:06
675,BLR,Belarus,2006,553.1266,84593,553.1266,1189.2222,58.0,50.6,34.408,39.05,26.312,Our World in Data / WHO,2026-09-30 02:09:06
676,BLR,Belarus,2007,519.8474,81025,519.8474,1117.6719,55.0482,50.5,34.34,38.3,26.26,Our World in Data / WHO,2026-09-30 02:09:06
677,BLR,Belarus,2008,515.948,81892,515.948,1109.2882,54.6353,50.5,34.34,37.7333,26.26,Our World in Data / WHO,2026-09-30 02:09:06
678,BLR,Belarus,2009,515.7377,83213,515.7377,1108.8361,54.613,50.4,34.272,37.1667,26.208,Our World in Data / WHO,2026-09-30 02:09:06
679,BLR,Belarus,2010,519.4316,85040,519.4316,1116.7779,55.0042,50.3,34.204,36.6,26.156,Our World in Data / WHO,2026-09-30 02:09:06
680,BLR,Belarus,2011,501.7856,83057,501.7856,1078.839,53.1356,50.2,34.136,36.02,26.104,Our World in Data / WHO,2026-09-30 02:09:06
681,BLR,Belarus,2012,467.2842,79466,467.2842,1004.661,49.4822,50.1,34.068,35.44,26.052,Our World in Data / WHO,2026-09-30 02:09:06
682,BLR,Belarus,2013,459.3483,79887,459.3483,987.5988,48.6418,49.9,33.932,34.86,25.948,Our World in Data / WHO,2026-09-30 02:09:06
683,BLR,Belarus,2014,441.8998,77948,441.8998,950.0846,46.7941,49.8,33.864,34.28,25.896,Our World in Data / WHO,2026-09-30 02:09:06
684,BLR,Belarus,2015,432.6738,77907,432.6738,930.2487,45.8172,49.7,33.796,33.7,25.844,Our World in Data / WHO,2026-09-30 02:09:06
685,BLR,Belarus,2016,428.1601,78068,428.1601,920.5442,45.3392,49.6,33.728,33.18,25.792,Our World in Data / WHO,2026-09-30 02:09:06
686,BLR,Belarus,2017,417.9985,77206,417.9985,898.6968,44.2631,49.5,33.66,32.66,25.74,Our World in Data / WHO,2026-09-30 02:09:06
687,BLR,Belarus,2018,419.9441,78422,419.9441,902.8798,44.4692,49.3,33.524,32.14,25.636,Our World in Data / WHO,2026-09-30 02:09:06
688,BLR,Belarus,2019,406.8466,76113,406.8466,874.7202,43.0822,49.2,33.456,31.62,25.584,Our World in Data / WHO,2026-09-30 02:09:06
689,BLR,Belarus,2020,402.6421,74542,402.6421,865.6805,42.637,49.2,33.456,31.1,25.584,Our World in Data / WHO,2026-09-30 02:09:06
690,BLR,Belarus,2021,397.3121,72406,397.3121,854.221,42.0726,49.2,33.456,30.65,25.584,Our World in Data / WHO,2026-09-30 02:09:06
691,BLR,Belarus,2022,397.3121,72406,397.3121,854.221,42.0726,49.2,33.456,30.2,25.584,Our World in Data / WHO,2026-09-30 02:09:06
692,BLZ,Belize,1990,274.5063,318,274.5063,590.1885,29.0683,32.4,22.032,13.8,16.848,Our World in Data / WHO,2026-09-30 02:09:06
693,BLZ,Belize,1991,274.5063,318,274.5063,590.1885,29.0683,32.4,22.032,13.8,16.848,Our World in Data / WHO,2026-09-30 02:09:06
694,BLZ,Belize,1992,274.5063,318,274.5063,590.1885,29.0683,32.4,22.032,13.8,16.848,Our World in Data / WHO,2026-09-30 02:09:06
695,BLZ,Belize,1993,274.5063,318,274.5063,590.1885,29.0683,32.4,22.032,13.8,16.848,Our World in Data / WHO,2026-09-30 02:09:06
696,BLZ,Belize,1994,274.5063,318,274.5063,590.1885,29.0683,32.4,22.032,13.8,16.848,Our World in Data / WHO,2026-09-30 02:09:06
697,BLZ,Belize,1995,274.5063,318,274.5063,590.1885,29.0683,32.5,22.1,13.8,16.9,Our World in Data / WHO,2026-09-30 02:09:06
698,BLZ,Belize,1996,274.5063,318,274.5063,590.1885,29.0683,32.5,22.1,13.8,16.9,Our World in Data / WHO,2026-09-30 02:09:06
699,BLZ,Belize,1997,274.5063,318,274.5063,590.1885,29.0683,32.6,22.168,13.8,16.952,Our World in Data / WHO,2026-09-30 02:09:06
700,BLZ,Belize,1998,274.5063,318,274.5063,590.1885,29.0683,32.7,22.236,13.8,17.004,Our World in Data / WHO,2026-09-30 02:09:06
701,BLZ,Belize,1999,274.5063,318,274.5063,590.1885,29.0683,32.8,22.304,13.8,17.056,Our World in Data / WHO,2026-09-30 02:09:06
702,BLZ,Belize,2000,274.5063,318,274.5063,590.1885,29.0683,32.9,22.372,13.8,17.108,Our World in Data / WHO,2026-09-30 02:09:06
703,BLZ,Belize,2001,224.8019,271,224.8019,483.3241,23.805,33.1,22.508,13.52,17.212,Our World in Data / WHO,2026-09-30 02:09:06
704,BLZ,Belize,2002,207.8319,260,207.8319,446.8386,22.008,33.3,22.644,13.24,17.316,Our World in Data / WHO,2026-09-30 02:09:06
705,BLZ,Belize,2003,203.3571,264,203.3571,437.2178,21.5341,33.6,22.848,12.96,17.472,Our World in Data / WHO,2026-09-30 02:09:06
706,BLZ,Belize,2004,200.5224,271,200.5224,431.1232,21.2339,33.9,23.052,12.68,17.628,Our World in Data / WHO,2026-09-30 02:09:06
707,BLZ,Belize,2005,187.6556,262,187.6556,403.4595,19.8714,34.2,23.256,12.4,17.784,Our World in Data / WHO,2026-09-30 02:09:06
708,BLZ,Belize,2006,180.8994,263,180.8994,388.9337,19.156,34.5,23.46,12.15,17.94,Our World in Data / WHO,2026-09-30 02:09:06
709,BLZ,Belize,2007,173.6232,263,173.6232,373.2899,18.3855,34.8,23.664,11.9,18.096,Our World in Data / WHO,2026-09-30 02:09:06
710,BLZ,Belize,2008,159.5646,252,159.5646,343.0639,16.8968,35.2,23.936,11.6667,18.304,Our World in Data / WHO,2026-09-30 02:09:06
711,BLZ,Belize,2009,171.2822,283,171.2822,368.2567,18.1376,35.5,24.14,11.4333,18.46,Our World in Data / WHO,2026-09-30 02:09:06
712,BLZ,Belize,2010,169.6314,292,169.6314,364.7075,17.9628,35.8,24.344,11.2,18.616,Our World in Data / WHO,2026-09-30 02:09:06
713,BLZ,Belize,2011,168.2963,299,168.2963,361.837,17.8214,36.1,24.548,10.98,18.772,Our World in Data / WHO,2026-09-30 02:09:06
714,BLZ,Belize,2012,163.0898,299,163.0898,350.6431,17.2701,36.3,24.684,10.76,18.876,Our World in Data / WHO,2026-09-30 02:09:06
715,BLZ,Belize,2013,163.8472,308,163.8472,352.2715,17.3503,36.6,24.888,10.54,19.032,Our World in Data / WHO,2026-09-30 02:09:06
716,BLZ,Belize,2014,167.818,322,167.818,360.8087,17.7708,36.8,25.024,10.32,19.136,Our World in Data / WHO,2026-09-30 02:09:06
717,BLZ,Belize,2015,166.1625,329,166.1625,357.2494,17.5955,37.0,25.16,10.1,19.24,Our World in Data / WHO,2026-09-30 02:09:06
718,BLZ,Belize,2016,163.9098,335,163.9098,352.4061,17.3569,37.2,25.296,9.9,19.344,Our World in Data / WHO,2026-09-30 02:09:06
719,BLZ,Belize,2017,168.1133,356,168.1133,361.4436,17.802,37.5,25.5,9.7,19.5,Our World in Data / WHO,2026-09-30 02:09:06
720,BLZ,Belize,2018,169.3123,367,169.3123,364.0214,17.929,37.7,25.636,9.5,19.604,Our World in Data / WHO,2026-09-30 02:09:06
721,BLZ,Belize,2019,166.1464,369,166.1464,357.2148,17.5937,38.0,25.84,9.3,19.76,Our World in Data / WHO,2026-09-30 02:09:06
722,BLZ,Belize,2020,177.2602,400,177.2602,381.1094,18.7706,38.0,25.84,9.1,19.76,Our World in Data / WHO,2026-09-30 02:09:06
723,BLZ,Belize,2021,166.0796,385,166.0796,357.0711,17.5867,38.0,25.84,8.95,19.76,Our World in Data / WHO,2026-09-30 02:09:06
724,BLZ,Belize,2022,166.0796,385,166.0796,357.0711,17.5867,38.0,25.84,8.8,19.76,Our World in Data / WHO,2026-09-30 02:09:06
725,BOL,Bolivia,1990,230.9076,12687,230.9076,496.4513,24.4515,25.4,17.272,29.8,13.208,Our World in Data / WHO,2026-09-30 02:09:06
726,BOL,Bolivia,1991,230.9076,12687,230.9076,496.4513,24.4515,25.5,17.34,29.8,13.26,Our World in Data / WHO,2026-09-30 02:09:06
727,BOL,Bolivia,1992,230.9076,12687,230.9076,496.4513,24.4515,25.5,17.34,29.8,13.26,Our World in Data / WHO,2026-09-30 02:09:06
728,BOL,Bolivia,1993,230.9076,12687,230.9076,496.4513,24.4515,25.6,17.408,29.8,13.312,Our World in Data / WHO,2026-09-30 02:09:06
729,BOL,Bolivia,1994,230.9076,12687,230.9076,496.4513,24.4515,25.6,17.408,29.8,13.312,Our World in Data / WHO,2026-09-30 02:09:06
730,BOL,Bolivia,1995,230.9076,12687,230.9076,496.4513,24.4515,25.7,17.476,29.8,13.364,Our World in Data / WHO,2026-09-30 02:09:06
731,BOL,Bolivia,1996,230.9076,12687,230.9076,496.4513,24.4515,25.7,17.476,29.8,13.364,Our World in Data / WHO,2026-09-30 02:09:06
732,BOL,Bolivia,1997,230.9076,12687,230.9076,496.4513,24.4515,25.8,17.544,29.8,13.416,Our World in Data / WHO,2026-09-30 02:09:06
733,BOL,Bolivia,1998,230.9076,12687,230.9076,496.4513,24.4515,25.9,17.612,29.8,13.468,Our World in Data / WHO,2026-09-30 02:09:06
734,BOL,Bolivia,1999,230.9076,12687,230.9076,496.4513,24.4515,26.0,17.68,29.8,13.52,Our World in Data / WHO,2026-09-30 02:09:06
735,BOL,Bolivia,2000,230.9076,12687,230.9076,496.4513,24.4515,26.1,17.748,29.8,13.572,Our World in Data / WHO,2026-09-30 02:09:06
736,BOL,Bolivia,2001,217.2977,12359,217.2977,467.1901,23.0103,26.2,17.816,28.58,13.624,Our World in Data / WHO,2026-09-30 02:09:06
737,BOL,Bolivia,2002,207.0049,12081,207.0049,445.0605,21.9204,26.4,17.952,27.36,13.728,Our World in Data / WHO,2026-09-30 02:09:06
738,BOL,Bolivia,2003,198.2634,11779,198.2634,426.2663,20.9947,26.5,18.02,26.14,13.78,Our World in Data / WHO,2026-09-30 02:09:06
739,BOL,Bolivia,2004,190.6772,11545,190.6772,409.956,20.1914,26.6,18.088,24.92,13.832,Our World in Data / WHO,2026-09-30 02:09:06
740,BOL,Bolivia,2005,185.479,11452,185.479,398.7798,19.6409,26.8,18.224,23.7,13.936,Our World in Data / WHO,2026-09-30 02:09:06
741,BOL,Bolivia,2006,179.6716,11312,179.6716,386.2939,19.026,26.9,18.292,22.7,13.988,Our World in Data / WHO,2026-09-30 02:09:06
742,BOL,Bolivia,2007,177.9539,11444,177.9539,382.6009,18.8441,27.0,18.36,21.7,14.04,Our World in Data / WHO,2026-09-30 02:09:06
743,BOL,Bolivia,2008,175.1115,11497,175.1115,376.4897,18.5431,27.2,18.496,20.9,14.144,Our World in Data / WHO,2026-09-30 02:09:06
744,BOL,Bolivia,2009,172.6452,11573,172.6452,371.1872,18.2819,27.3,18.564,20.1,14.196,Our World in Data / WHO,2026-09-30 02:09:06
745,BOL,Bolivia,2010,170.3133,11654,170.3133,366.1736,18.035,27.4,18.632,19.3,14.248,Our World in Data / WHO,2026-09-30 02:09:06
746,BOL,Bolivia,2011,168.023,11742,168.023,361.2494,17.7925,27.5,18.7,18.68,14.3,Our World in Data / WHO,2026-09-30 02:09:06
747,BOL,Bolivia,2012,164.5562,11742,164.5562,353.7958,17.4254,27.6,18.768,18.06,14.352,Our World in Data / WHO,2026-09-30 02:09:06
748,BOL,Bolivia,2013,162.3083,11837,162.3083,348.9628,17.1873,27.6,18.768,17.44,14.352,Our World in Data / WHO,2026-09-30 02:09:06
749,BOL,Bolivia,2014,161.909,12072,161.909,348.1043,17.145,27.7,18.836,16.82,14.404,Our World in Data / WHO,2026-09-30 02:09:06
750,BOL,Bolivia,2015,160.8813,12270,160.8813,345.8948,17.0362,27.8,18.904,16.2,14.456,Our World in Data / WHO,2026-09-30 02:09:06
751,BOL,Bolivia,2016,158.3874,12357,158.3874,340.5329,16.7721,27.9,18.972,15.72,14.508,Our World in Data / WHO,2026-09-30 02:09:06
752,BOL,Bolivia,2017,156.843,12514,156.843,337.2124,16.6086,28.0,19.04,15.24,14.56,Our World in Data / WHO,2026-09-30 02:09:06
753,BOL,Bolivia,2018,154.6768,12617,154.6768,332.5551,16.3792,28.2,19.176,14.76,14.664,Our World in Data / WHO,2026-09-30 02:09:06
754,BOL,Bolivia,2019,152.4306,12715,152.4306,327.7258,16.1413,28.3,19.244,14.28,14.716,Our World in Data / WHO,2026-09-30 02:09:06
755,BOL,Bolivia,2020,162.9802,13730,162.9802,350.4074,17.2585,28.3,19.244,13.8,14.716,Our World in Data / WHO,2026-09-30 02:09:06
756,BOL,Bolivia,2021,151.6372,12764,151.6372,326.02,16.0573,28.3,19.244,13.4,14.716,Our World in Data / WHO,2026-09-30 02:09:06
757,BOL,Bolivia,2022,151.6372,12764,151.6372,326.02,16.0573,28.3,19.244,13.0,14.716,Our World in Data / WHO,2026-09-30 02:09:06
758,BRA,Brazil,1990,292.416,305689,292.416,628.6944,30.9648,39.3,26.724,23.2,20.436,Our World in Data / WHO,2026-09-30 02:09:06
759,BRA,Brazil,1991,292.416,305689,292.416,628.6944,30.9648,39.7,26.996,23.2,20.644,Our World in Data / WHO,2026-09-30 02:09:06
760,BRA,Brazil,1992,292.416,305689,292.416,628.6944,30.9648,40.1,27.268,23.2,20.852,Our World in Data / WHO,2026-09-30 02:09:06
761,BRA,Brazil,1993,292.416,305689,292.416,628.6944,30.9648,40.4,27.472,23.2,21.008,Our World in Data / WHO,2026-09-30 02:09:06
762,BRA,Brazil,1994,292.416,305689,292.416,628.6944,30.9648,40.8,27.744,23.2,21.216,Our World in Data / WHO,2026-09-30 02:09:06
763,BRA,Brazil,1995,292.416,305689,292.416,628.6944,30.9648,41.2,28.016,23.2,21.424,Our World in Data / WHO,2026-09-30 02:09:06
764,BRA,Brazil,1996,292.416,305689,292.416,628.6944,30.9648,41.6,28.288,23.2,21.632,Our World in Data / WHO,2026-09-30 02:09:06
765,BRA,Brazil,1997,292.416,305689,292.416,628.6944,30.9648,42.0,28.56,23.2,21.84,Our World in Data / WHO,2026-09-30 02:09:06
766,BRA,Brazil,1998,292.416,305689,292.416,628.6944,30.9648,42.5,28.9,23.2,22.1,Our World in Data / WHO,2026-09-30 02:09:06
767,BRA,Brazil,1999,292.416,305689,292.416,628.6944,30.9648,42.9,29.172,23.2,22.308,Our World in Data / WHO,2026-09-30 02:09:06
768,BRA,Brazil,2000,292.416,305689,292.416,628.6944,30.9648,43.4,29.512,23.2,22.568,Our World in Data / WHO,2026-09-30 02:09:06
769,BRA,Brazil,2001,284.1656,307905,284.1656,610.956,30.0912,43.8,29.784,22.58,22.776,Our World in Data / WHO,2026-09-30 02:09:06
770,BRA,Brazil,2002,276.8072,310584,276.8072,595.1355,29.312,44.2,30.056,21.96,22.984,Our World in Data / WHO,2026-09-30 02:09:06
771,BRA,Brazil,2003,270.6883,315943,270.6883,581.9798,28.664,44.6,30.328,21.34,23.192,Our World in Data / WHO,2026-09-30 02:09:06
772,BRA,Brazil,2004,266.8746,324596,266.8746,573.7804,28.2602,45.0,30.6,20.72,23.4,Our World in Data / WHO,2026-09-30 02:09:06
773,BRA,Brazil,2005,247.923,313878,247.923,533.0344,26.2533,45.3,30.804,20.1,23.556,Our World in Data / WHO,2026-09-30 02:09:06
774,BRA,Brazil,2006,245.1043,323548,245.1043,526.9742,25.9548,45.6,31.008,19.55,23.712,Our World in Data / WHO,2026-09-30 02:09:06
775,BRA,Brazil,2007,236.8205,326554,236.8205,509.1641,25.0776,45.8,31.144,19.0,23.816,Our World in Data / WHO,2026-09-30 02:09:06
776,BRA,Brazil,2008,231.6825,334259,231.6825,498.1174,24.5336,46.0,31.28,18.5,23.92,Our World in Data / WHO,2026-09-30 02:09:06
777,BRA,Brazil,2009,223.0976,336426,223.0976,479.6598,23.6245,46.1,31.348,18.0,23.972,Our World in Data / WHO,2026-09-30 02:09:06
778,BRA,Brazil,2010,216.2718,341263,216.2718,464.9844,22.9017,46.1,31.348,17.5,23.972,Our World in Data / WHO,2026-09-30 02:09:06
779,BRA,Brazil,2011,211.4101,348993,211.4101,454.5317,22.3869,46.1,31.348,17.04,23.972,Our World in Data / WHO,2026-09-30 02:09:06
780,BRA,Brazil,2012,200.2466,346030,200.2466,430.5302,21.2047,45.9,31.212,16.58,23.868,Our World in Data / WHO,2026-09-30 02:09:06
781,BRA,Brazil,2013,193.734,350336,193.734,416.5281,20.5151,45.8,31.144,16.12,23.816,Our World in Data / WHO,2026-09-30 02:09:06
782,BRA,Brazil,2014,185.7253,351309,185.7253,399.3094,19.667,45.6,31.008,15.66,23.712,Our World in Data / WHO,2026-09-30 02:09:06
783,BRA,Brazil,2015,182.0173,359650,182.0173,391.3372,19.2744,45.5,30.94,15.2,23.66,Our World in Data / WHO,2026-09-30 02:09:06
784,BRA,Brazil,2016,181.0643,373372,181.0643,389.2882,19.1735,45.4,30.872,14.8,23.608,Our World in Data / WHO,2026-09-30 02:09:06
785,BRA,Brazil,2017,171.6608,368682,171.6608,369.0707,18.1777,45.2,30.736,14.4,23.504,Our World in Data / WHO,2026-09-30 02:09:06
786,BRA,Brazil,2018,164.0194,366781,164.0194,352.6417,17.3685,45.1,30.668,14.0,23.452,Our World in Data / WHO,2026-09-30 02:09:06
787,BRA,Brazil,2019,159.4458,370547,159.4458,342.8085,16.8842,45.0,30.6,13.6,23.4,Our World in Data / WHO,2026-09-30 02:09:06
788,BRA,Brazil,2020,153.6973,368438,153.6973,330.4492,16.2755,45.0,30.6,13.2,23.4,Our World in Data / WHO,2026-09-30 02:09:06
789,BRA,Brazil,2021,158.0828,389463,158.0828,339.878,16.7399,45.0,30.6,12.85,23.4,Our World in Data / WHO,2026-09-30 02:09:06
790,BRA,Brazil,2022,158.0828,389463,158.0828,339.878,16.7399,45.0,30.6,12.5,23.4,Our World in Data / WHO,2026-09-30 02:09:06
791,BRB,Barbados,1990,181.6899,686,181.6899,390.6333,19.2397,36.8,25.024,31.1,19.136,Our World in Data / WHO,2026-09-30 02:09:06
792,BRB,Barbados,1991,181.6899,686,181.6899,390.6333,19.2397,36.9,25.092,31.1,19.188,Our World in Data / WHO,2026-09-30 02:09:06
793,BRB,Barbados,1992,181.6899,686,181.6899,390.6333,19.2397,37.1,25.228,31.1,19.292,Our World in Data / WHO,2026-09-30 02:09:06
794,BRB,Barbados,1993,181.6899,686,181.6899,390.6333,19.2397,37.2,25.296,31.1,19.344,Our World in Data / WHO,2026-09-30 02:09:06
795,BRB,Barbados,1994,181.6899,686,181.6899,390.6333,19.2397,37.4,25.432,31.1,19.448,Our World in Data / WHO,2026-09-30 02:09:06
796,BRB,Barbados,1995,181.6899,686,181.6899,390.6333,19.2397,37.5,25.5,31.1,19.5,Our World in Data / WHO,2026-09-30 02:09:06
797,BRB,Barbados,1996,181.6899,686,181.6899,390.6333,19.2397,37.7,25.636,31.1,19.604,Our World in Data / WHO,2026-09-30 02:09:06
798,BRB,Barbados,1997,181.6899,686,181.6899,390.6333,19.2397,37.8,25.704,31.1,19.656,Our World in Data / WHO,2026-09-30 02:09:06
799,BRB,Barbados,1998,181.6899,686,181.6899,390.6333,19.2397,38.0,25.84,31.1,19.76,Our World in Data / WHO,2026-09-30 02:09:06
800,BRB,Barbados,1999,181.6899,686,181.6899,390.6333,19.2397,38.2,25.976,31.1,19.864,Our World in Data / WHO,2026-09-30 02:09:06
801,BRB,Barbados,2000,181.6899,686,181.6899,390.6333,19.2397,38.5,26.18,31.1,20.02,Our World in Data / WHO,2026-09-30 02:09:06
802,BRB,Barbados,2001,174.7441,667,174.7441,375.6998,18.5042,38.7,26.316,29.84,20.124,Our World in Data / WHO,2026-09-30 02:09:06
803,BRB,Barbados,2002,173.8636,676,173.8636,373.8067,18.4109,39.0,26.52,29.18,20.28,Our World in Data / WHO,2026-09-30 02:09:06
804,BRB,Barbados,2003,179.566,705,179.566,386.0669,19.0148,39.3,26.724,28.72,20.436,Our World in Data / WHO,2026-09-30 02:09:06
805,BRB,Barbados,2004,173.0233,687,173.0233,372.0001,18.322,39.6,26.928,28.26,20.592,Our World in Data / WHO,2026-09-30 02:09:06
806,BRB,Barbados,2005,164.0603,656,164.0603,352.7296,17.3728,39.8,27.064,27.8,20.696,Our World in Data / WHO,2026-09-30 02:09:06
807,BRB,Barbados,2006,163.9391,658,163.9391,352.4691,17.36,40.1,27.268,27.5,20.852,Our World in Data / WHO,2026-09-30 02:09:06
808,BRB,Barbados,2007,161.1761,653,161.1761,346.5286,17.0674,40.4,27.472,26.9,21.008,Our World in Data / WHO,2026-09-30 02:09:06
809,BRB,Barbados,2008,159.3392,654,159.3392,342.5793,16.8729,40.7,27.676,26.5333,21.164,Our World in Data / WHO,2026-09-30 02:09:06
810,BRB,Barbados,2009,151.0717,630,151.0717,324.8042,15.9974,40.9,27.812,25.8667,21.268,Our World in Data / WHO,2026-09-30 02:09:06
811,BRB,Barbados,2010,148.53,630,148.53,319.3395,15.7283,41.1,27.948,25.2,21.372,Our World in Data / WHO,2026-09-30 02:09:06
812,BRB,Barbados,2011,146.9249,630,146.9249,315.8885,15.5583,41.3,28.084,24.86,21.476,Our World in Data / WHO,2026-09-30 02:09:06
813,BRB,Barbados,2012,142.6045,622,142.6045,306.5997,15.1008,41.4,28.152,24.22,21.528,Our World in Data / WHO,2026-09-30 02:09:06
814,BRB,Barbados,2013,144.924,640,144.924,311.5866,15.3464,41.4,28.152,23.76,21.528,Our World in Data / WHO,2026-09-30 02:09:06
815,BRB,Barbados,2014,146.948,658,146.948,315.9382,15.5608,41.5,28.22,23.16,21.58,Our World in Data / WHO,2026-09-30 02:09:06
816,BRB,Barbados,2015,145.6521,664,145.6521,313.152,15.4235,41.5,28.22,22.6,21.58,Our World in Data / WHO,2026-09-30 02:09:06
817,BRB,Barbados,2016,148.5551,685,148.5551,319.3935,15.731,41.6,28.288,22.34,21.632,Our World in Data / WHO,2026-09-30 02:09:06
818,BRB,Barbados,2017,147.2938,693,147.2938,316.6817,15.5974,41.6,28.288,21.98,21.632,Our World in Data / WHO,2026-09-30 02:09:06
819,BRB,Barbados,2018,150.7393,720,150.7393,324.0895,15.9622,41.7,28.356,21.56,21.684,Our World in Data / WHO,2026-09-30 02:09:06
820,BRB,Barbados,2019,159.4826,772,159.4826,342.8876,16.8881,41.8,28.424,21.2,21.736,Our World in Data / WHO,2026-09-30 02:09:06
821,BRB,Barbados,2020,146.1627,722,146.1627,314.2498,15.4776,41.8,28.424,20.6,21.736,Our World in Data / WHO,2026-09-30 02:09:06
822,BRB,Barbados,2021,138.4368,703,138.4368,297.6391,14.6595,41.8,28.424,20.175,21.736,Our World in Data / WHO,2026-09-30 02:09:06
823,BRN,Brunei,1990,222.7388,289,222.7388,478.8884,23.5865,36.9,25.092,19.0,19.188,Our World in Data / WHO,2026-09-30 02:09:06
824,BRN,Brunei,1991,222.7388,289,222.7388,478.8884,23.5865,37.2,25.296,19.0,19.344,Our World in Data / WHO,2026-09-30 02:09:06
825,BRN,Brunei,1992,222.7388,289,222.7388,478.8884,23.5865,37.5,25.5,19.0,19.5,Our World in Data / WHO,2026-09-30 02:09:06
826,BRN,Brunei,1993,222.7388,289,222.7388,478.8884,23.5865,37.8,25.704,19.0,19.656,Our World in Data / WHO,2026-09-30 02:09:06
827,BRN,Brunei,1994,222.7388,289,222.7388,478.8884,23.5865,38.1,25.908,19.0,19.812,Our World in Data / WHO,2026-09-30 02:09:06
828,BRN,Brunei,1995,222.7388,289,222.7388,478.8884,23.5865,38.4,26.112,19.0,19.968,Our World in Data / WHO,2026-09-30 02:09:06
829,BRN,Brunei,1996,222.7388,289,222.7388,478.8884,23.5865,38.7,26.316,19.0,20.124,Our World in Data / WHO,2026-09-30 02:09:06
830,BRN,Brunei,1997,222.7388,289,222.7388,478.8884,23.5865,38.9,26.452,19.0,20.228,Our World in Data / WHO,2026-09-30 02:09:06
831,BRN,Brunei,1998,222.7388,289,222.7388,478.8884,23.5865,39.2,26.656,19.0,20.384,Our World in Data / WHO,2026-09-30 02:09:06
832,BRN,Brunei,1999,222.7388,289,222.7388,478.8884,23.5865,39.6,26.928,19.0,20.592,Our World in Data / WHO,2026-09-30 02:09:06
833,BRN,Brunei,2000,222.7388,289,222.7388,478.8884,23.5865,40.0,27.2,19.0,20.8,Our World in Data / WHO,2026-09-30 02:09:06
834,BRN,Brunei,2001,226.9021,299,226.9021,487.8395,24.0274,40.4,27.472,18.76,21.008,Our World in Data / WHO,2026-09-30 02:09:06
835,BRN,Brunei,2002,240.2358,332,240.2358,516.507,25.4393,40.8,27.744,18.52,21.216,Our World in Data / WHO,2026-09-30 02:09:06
836,BRN,Brunei,2003,238.8417,347,238.8417,513.5097,25.2917,41.3,28.084,18.28,21.476,Our World in Data / WHO,2026-09-30 02:09:06
837,BRN,Brunei,2004,220.7576,333,220.7576,474.6288,23.3767,41.8,28.424,18.04,21.736,Our World in Data / WHO,2026-09-30 02:09:06
838,BRN,Brunei,2005,211.408,332,211.408,454.5272,22.3866,42.3,28.764,17.8,21.996,Our World in Data / WHO,2026-09-30 02:09:06
839,BRN,Brunei,2006,204.3798,337,204.3798,439.4166,21.6424,42.7,29.036,17.6,22.204,Our World in Data / WHO,2026-09-30 02:09:06
840,BRN,Brunei,2007,198.3262,344,198.3262,426.4013,21.0014,43.2,29.376,17.4,22.464,Our World in Data / WHO,2026-09-30 02:09:06
841,BRN,Brunei,2008,196.2202,361,196.2202,421.8734,20.7784,43.6,29.648,17.2,22.672,Our World in Data / WHO,2026-09-30 02:09:06
842,BRN,Brunei,2009,187.925,357,187.925,404.0388,19.9,43.9,29.852,17.0,22.828,Our World in Data / WHO,2026-09-30 02:09:06
843,BRN,Brunei,2010,181.0549,358,181.0549,389.268,19.1725,44.3,30.124,16.8,23.036,Our World in Data / WHO,2026-09-30 02:09:06
844,BRN,Brunei,2011,156.0472,322,156.0472,335.5015,16.5243,44.5,30.26,16.62,23.14,Our World in Data / WHO,2026-09-30 02:09:06
845,BRN,Brunei,2012,156.0712,335,156.0712,335.5531,16.5269,44.8,30.464,16.44,23.296,Our World in Data / WHO,2026-09-30 02:09:06
846,BRN,Brunei,2013,157.1905,355,157.1905,337.9596,16.6454,45.0,30.6,16.26,23.4,Our World in Data / WHO,2026-09-30 02:09:06
847,BRN,Brunei,2014,158.4887,379,158.4887,340.7507,16.7829,45.2,30.736,16.08,23.504,Our World in Data / WHO,2026-09-30 02:09:06
848,BRN,Brunei,2015,159.4413,401,159.4413,342.7988,16.8837,45.4,30.872,15.9,23.608,Our World in Data / WHO,2026-09-30 02:09:06
849,BRN,Brunei,2016,165.0658,438,165.0658,354.8915,17.4793,45.7,31.076,15.72,23.764,Our World in Data / WHO,2026-09-30 02:09:06
850,BRN,Brunei,2017,173.6792,482,173.6792,373.4103,18.3914,45.9,31.212,15.54,23.868,Our World in Data / WHO,2026-09-30 02:09:06
851,BRN,Brunei,2018,181.0137,531,181.0137,389.1795,19.1681,46.1,31.348,15.36,23.972,Our World in Data / WHO,2026-09-30 02:09:06
852,BRN,Brunei,2019,169.5932,535,169.5932,364.6254,17.9587,46.4,31.552,15.18,24.128,Our World in Data / WHO,2026-09-30 02:09:06
853,BRN,Brunei,2020,164.6558,549,164.6558,354.01,17.4359,46.4,31.552,15.0,24.128,Our World in Data / WHO,2026-09-30 02:09:06
854,BRN,Brunei,2021,155.6356,549,155.6356,334.6165,16.4807,46.4,31.552,14.85,24.128,Our World in Data / WHO,2026-09-30 02:09:06
855,BRN,Brunei,2022,155.6356,549,155.6356,334.6165,16.4807,46.4,31.552,14.7,24.128,Our World in Data / WHO,2026-09-30 02:09:06
856,BTN,Bhutan,1990,234.9126,671,234.9126,505.0621,24.8756,36.6,24.888,31.8,19.032,Our World in Data / WHO,2026-09-30 02:09:06
857,BTN,Bhutan,1991,234.9126,671,234.9126,505.0621,24.8756,36.7,24.956,31.8,19.084,Our World in Data / WHO,2026-09-30 02:09:06
858,BTN,Bhutan,1992,234.9126,671,234.9126,505.0621,24.8756,36.8,25.024,31.8,19.136,Our World in Data / WHO,2026-09-30 02:09:06
859,BTN,Bhutan,1993,234.9126,671,234.9126,505.0621,24.8756,36.9,25.092,31.8,19.188,Our World in Data / WHO,2026-09-30 02:09:06
860,BTN,Bhutan,1994,234.9126,671,234.9126,505.0621,24.8756,37.1,25.228,31.8,19.292,Our World in Data / WHO,2026-09-30 02:09:06
861,BTN,Bhutan,1995,234.9126,671,234.9126,505.0621,24.8756,37.2,25.296,31.8,19.344,Our World in Data / WHO,2026-09-30 02:09:06
862,BTN,Bhutan,1996,234.9126,671,234.9126,505.0621,24.8756,37.3,25.364,31.8,19.396,Our World in Data / WHO,2026-09-30 02:09:06
863,BTN,Bhutan,1997,234.9126,671,234.9126,505.0621,24.8756,37.5,25.5,31.8,19.5,Our World in Data / WHO,2026-09-30 02:09:06
864,BTN,Bhutan,1998,234.9126,671,234.9126,505.0621,24.8756,37.7,25.636,31.8,19.604,Our World in Data / WHO,2026-09-30 02:09:06
865,BTN,Bhutan,1999,234.9126,671,234.9126,505.0621,24.8756,37.9,25.772,31.8,19.708,Our World in Data / WHO,2026-09-30 02:09:06
866,BTN,Bhutan,2000,234.9126,671,234.9126,505.0621,24.8756,38.1,25.908,31.8,19.812,Our World in Data / WHO,2026-09-30 02:09:06
867,BTN,Bhutan,2001,230.8042,700,230.8042,496.229,24.4406,38.4,26.112,31.06,19.968,Our World in Data / WHO,2026-09-30 02:09:06
868,BTN,Bhutan,2002,224.9732,722,224.9732,483.6924,23.8231,38.6,26.248,30.32,20.072,Our World in Data / WHO,2026-09-30 02:09:06
869,BTN,Bhutan,2003,223.7515,765,223.7515,481.0657,23.6937,38.9,26.452,29.58,20.228,Our World in Data / WHO,2026-09-30 02:09:06
870,BTN,Bhutan,2004,220.5884,801,220.5884,474.2651,23.3588,39.2,26.656,28.84,20.384,Our World in Data / WHO,2026-09-30 02:09:06
871,BTN,Bhutan,2005,217.8018,830,217.8018,468.2739,23.0637,39.5,26.86,28.1,20.54,Our World in Data / WHO,2026-09-30 02:09:06
872,BTN,Bhutan,2006,215.3341,845,215.3341,462.9683,22.8024,39.8,27.064,27.5,20.696,Our World in Data / WHO,2026-09-30 02:09:06
873,BTN,Bhutan,2007,211.7143,849,211.7143,455.1857,22.4191,40.1,27.268,26.9,20.852,Our World in Data / WHO,2026-09-30 02:09:06
874,BTN,Bhutan,2008,209.1245,861,209.1245,449.6177,22.1448,40.4,27.472,26.2667,21.008,Our World in Data / WHO,2026-09-30 02:09:06
875,BTN,Bhutan,2009,205.4048,868,205.4048,441.6203,21.7509,40.7,27.676,25.6333,21.164,Our World in Data / WHO,2026-09-30 02:09:06
876,BTN,Bhutan,2010,201.3878,877,201.3878,432.9838,21.3256,41.0,27.88,25.0,21.32,Our World in Data / WHO,2026-09-30 02:09:06
877,BTN,Bhutan,2011,199.4168,898,199.4168,428.7461,21.1169,41.3,28.084,24.54,21.476,Our World in Data / WHO,2026-09-30 02:09:06
878,BTN,Bhutan,2012,201.1419,940,201.1419,432.4551,21.2995,41.6,28.288,24.08,21.632,Our World in Data / WHO,2026-09-30 02:09:06
879,BTN,Bhutan,2013,201.1712,978,201.1712,432.5181,21.3026,41.9,28.492,23.62,21.788,Our World in Data / WHO,2026-09-30 02:09:06
880,BTN,Bhutan,2014,202.9868,1028,202.9868,436.4216,21.4949,42.2,28.696,23.16,21.944,Our World in Data / WHO,2026-09-30 02:09:06
881,BTN,Bhutan,2015,202.2523,1067,202.2523,434.8424,21.4171,42.4,28.832,22.7,22.048,Our World in Data / WHO,2026-09-30 02:09:06
882,BTN,Bhutan,2016,200.2254,1104,200.2254,430.4846,21.2025,42.7,29.036,22.34,22.204,Our World in Data / WHO,2026-09-30 02:09:06
883,BTN,Bhutan,2017,201.5074,1138,201.5074,433.2409,21.3382,42.9,29.172,21.98,22.308,Our World in Data / WHO,2026-09-30 02:09:06
884,BTN,Bhutan,2018,197.9856,1122,197.9856,425.669,20.9653,43.1,29.308,21.62,22.412,Our World in Data / WHO,2026-09-30 02:09:06
885,BTN,Bhutan,2019,191.4454,1093,191.4454,411.6076,20.2727,43.4,29.512,21.26,22.568,Our World in Data / WHO,2026-09-30 02:09:06
886,BTN,Bhutan,2020,187.0214,1082,187.0214,402.096,19.8043,43.4,29.512,20.9,22.568,Our World in Data / WHO,2026-09-30 02:09:06
887,BTN,Bhutan,2021,179.9842,1054,179.9842,386.966,19.0591,43.4,29.512,20.55,22.568,Our World in Data / WHO,2026-09-30 02:09:06
888,BTN,Bhutan,2022,179.9842,1054,179.9842,386.966,19.0591,43.4,29.512,20.2,22.568,Our World in Data / WHO,2026-09-30 02:09:06
889,BWA,Botswana,1990,261.7651,1811,261.7651,562.795,27.7191,39.1,26.588,33.9,20.332,Our World in Data / WHO,2026-09-30 02:09:06
890,BWA,Botswana,1991,261.7651,1811,261.7651,562.795,27.7191,39.3,26.724,33.9,20.436,Our World in Data / WHO,2026-09-30 02:09:06
891,BWA,Botswana,1992,261.7651,1811,261.7651,562.795,27.7191,39.5,26.86,33.9,20.54,Our World in Data / WHO,2026-09-30 02:09:06
892,BWA,Botswana,1993,261.7651,1811,261.7651,562.795,27.7191,39.7,26.996,33.9,20.644,Our World in Data / WHO,2026-09-30 02:09:06
893,BWA,Botswana,1994,261.7651,1811,261.7651,562.795,27.7191,39.9,27.132,33.9,20.748,Our World in Data / WHO,2026-09-30 02:09:06
894,BWA,Botswana,1995,261.7651,1811,261.7651,562.795,27.7191,40.1,27.268,33.9,20.852,Our World in Data / WHO,2026-09-30 02:09:06
895,BWA,Botswana,1996,261.7651,1811,261.7651,562.795,27.7191,40.3,27.404,33.9,20.956,Our World in Data / WHO,2026-09-30 02:09:06
896,BWA,Botswana,1997,261.7651,1811,261.7651,562.795,27.7191,40.6,27.608,33.9,21.112,Our World in Data / WHO,2026-09-30 02:09:06
897,BWA,Botswana,1998,261.7651,1811,261.7651,562.795,27.7191,40.9,27.812,33.9,21.268,Our World in Data / WHO,2026-09-30 02:09:06
898,BWA,Botswana,1999,261.7651,1811,261.7651,562.795,27.7191,41.2,28.016,33.9,21.424,Our World in Data / WHO,2026-09-30 02:09:06
899,BWA,Botswana,2000,261.7651,1811,261.7651,562.795,27.7191,41.5,28.22,33.9,21.58,Our World in Data / WHO,2026-09-30 02:09:06
900,BWA,Botswana,2001,265.2316,1869,265.2316,570.2479,28.0862,41.9,28.492,32.9,21.788,Our World in Data / WHO,2026-09-30 02:09:06
901,BWA,Botswana,2002,249.4589,1804,249.4589,536.3366,26.416,42.3,28.764,31.9,21.996,Our World in Data / WHO,2026-09-30 02:09:06
902,BWA,Botswana,2003,244.4942,1806,244.4942,525.6625,25.8902,42.8,29.104,30.9,22.256,Our World in Data / WHO,2026-09-30 02:09:06
903,BWA,Botswana,2004,244.2962,1810,244.2962,525.2368,25.8693,43.2,29.376,29.9,22.464,Our World in Data / WHO,2026-09-30 02:09:06
904,BWA,Botswana,2005,251.0565,1901,251.0565,539.7715,26.5851,43.6,29.648,28.9,22.672,Our World in Data / WHO,2026-09-30 02:09:06
905,BWA,Botswana,2006,229.9041,1798,229.9041,494.2938,24.3452,44.0,29.92,28.1,22.88,Our World in Data / WHO,2026-09-30 02:09:06
906,BWA,Botswana,2007,252.6282,2059,252.6282,543.1506,26.7516,44.3,30.124,27.3,23.036,Our World in Data / WHO,2026-09-30 02:09:06
907,BWA,Botswana,2008,293.4836,2519,293.4836,630.9897,31.0779,44.6,30.328,26.5333,23.192,Our World in Data / WHO,2026-09-30 02:09:06
908,BWA,Botswana,2009,312.1422,2786,312.1422,671.1057,33.0537,44.7,30.396,25.7667,23.244,Our World in Data / WHO,2026-09-30 02:09:06
909,BWA,Botswana,2010,310.1792,2848,310.1792,666.8853,32.8458,44.8,30.464,25.0,23.296,Our World in Data / WHO,2026-09-30 02:09:06
910,BWA,Botswana,2011,311.6119,2929,311.6119,669.9656,32.9975,44.8,30.464,24.42,23.296,Our World in Data / WHO,2026-09-30 02:09:06
911,BWA,Botswana,2012,312.4067,3012,312.4067,671.6744,33.0817,44.8,30.464,23.84,23.296,Our World in Data / WHO,2026-09-30 02:09:06
912,BWA,Botswana,2013,312.4366,3083,312.4366,671.7387,33.0849,44.8,30.464,23.26,23.296,Our World in Data / WHO,2026-09-30 02:09:06
913,BWA,Botswana,2014,299.5378,3018,299.5378,644.0063,31.719,44.7,30.396,22.68,23.244,Our World in Data / WHO,2026-09-30 02:09:06
914,BWA,Botswana,2015,280.1862,2874,280.1862,602.4003,29.6698,44.6,30.328,22.1,23.192,Our World in Data / WHO,2026-09-30 02:09:06
915,BWA,Botswana,2016,273.9984,2908,273.9984,589.0966,29.0145,44.5,30.26,21.6,23.14,Our World in Data / WHO,2026-09-30 02:09:06
916,BWA,Botswana,2017,264.9543,2898,264.9543,569.6517,28.0568,44.4,30.192,21.1,23.088,Our World in Data / WHO,2026-09-30 02:09:06
917,BWA,Botswana,2018,252.0386,2820,252.0386,541.883,26.6891,44.2,30.056,20.6,22.984,Our World in Data / WHO,2026-09-30 02:09:06
918,BWA,Botswana,2019,237.2958,2719,237.2958,510.186,25.128,44.1,29.988,20.1,22.932,Our World in Data / WHO,2026-09-30 02:09:06
919,BWA,Botswana,2020,262.033,3072,262.033,563.371,27.7475,44.1,29.988,19.6,22.932,Our World in Data / WHO,2026-09-30 02:09:06
920,BWA,Botswana,2021,217.6168,2672,217.6168,467.8761,23.0441,44.1,29.988,19.2,22.932,Our World in Data / WHO,2026-09-30 02:09:06
921,BWA,Botswana,2022,217.6168,2672,217.6168,467.8761,23.0441,44.1,29.988,18.8,22.932,Our World in Data / WHO,2026-09-30 02:09:06
922,CAF,Central African Republic,1990,424.6812,5575,424.6812,913.0646,44.9708,39.7,26.996,31.1,20.644,Our World in Data / WHO,2026-09-30 02:09:06
923,CAF,Central African Republic,1991,424.6812,5575,424.6812,913.0646,44.9708,39.7,26.996,31.1,20.644,Our World in Data / WHO,2026-09-30 02:09:06
924,CAF,Central African Republic,1992,424.6812,5575,424.6812,913.0646,44.9708,39.8,27.064,31.1,20.696,Our World in Data / WHO,2026-09-30 02:09:06
925,CAF,Central African Republic,1993,424.6812,5575,424.6812,913.0646,44.9708,39.8,27.064,31.1,20.696,Our World in Data / WHO,2026-09-30 02:09:06
926,CAF,Central African Republic,1994,424.6812,5575,424.6812,913.0646,44.9708,39.9,27.132,31.1,20.748,Our World in Data / WHO,2026-09-30 02:09:06
927,CAF,Central African Republic,1995,424.6812,5575,424.6812,913.0646,44.9708,39.9,27.132,31.1,20.748,Our World in Data / WHO,2026-09-30 02:09:06
928,CAF,Central African Republic,1996,424.6812,5575,424.6812,913.0646,44.9708,40.0,27.2,31.1,20.8,Our World in Data / WHO,2026-09-30 02:09:06
929,CAF,Central African Republic,1997,424.6812,5575,424.6812,913.0646,44.9708,40.1,27.268,31.1,20.852,Our World in Data / WHO,2026-09-30 02:09:06
930,CAF,Central African Republic,1998,424.6812,5575,424.6812,913.0646,44.9708,40.2,27.336,31.1,20.904,Our World in Data / WHO,2026-09-30 02:09:06
931,CAF,Central African Republic,1999,424.6812,5575,424.6812,913.0646,44.9708,40.4,27.472,31.1,21.008,Our World in Data / WHO,2026-09-30 02:09:06
932,CAF,Central African Republic,2000,424.6812,5575,424.6812,913.0646,44.9708,40.5,27.54,31.1,21.06,Our World in Data / WHO,2026-09-30 02:09:06
933,CAF,Central African Republic,2001,413.7115,5454,413.7115,889.4797,43.8092,40.7,27.676,29.84,21.164,Our World in Data / WHO,2026-09-30 02:09:06
934,CAF,Central African Republic,2002,424.7923,5651,424.7923,913.3034,44.9826,40.9,27.812,29.18,21.268,Our World in Data / WHO,2026-09-30 02:09:06
935,CAF,Central African Republic,2003,402.6187,5416,402.6187,865.6302,42.6345,41.1,27.948,28.72,21.372,Our World in Data / WHO,2026-09-30 02:09:06
936,CAF,Central African Republic,2004,398.7416,5474,398.7416,857.2944,42.224,41.3,28.084,28.26,21.476,Our World in Data / WHO,2026-09-30 02:09:06
937,CAF,Central African Republic,2005,378.2592,5223,378.2592,813.2573,40.055,41.5,28.22,27.8,21.58,Our World in Data / WHO,2026-09-30 02:09:06
938,CAF,Central African Republic,2006,396.9661,5638,396.9661,853.4771,42.036,41.7,28.356,27.5,21.684,Our World in Data / WHO,2026-09-30 02:09:06
939,CAF,Central African Republic,2007,386.0483,5562,386.0483,830.0038,40.8798,41.9,28.492,26.9,21.788,Our World in Data / WHO,2026-09-30 02:09:06
940,CAF,Central African Republic,2008,382.1514,5588,382.1514,821.6255,40.4672,42.0,28.56,26.5333,21.84,Our World in Data / WHO,2026-09-30 02:09:06
941,CAF,Central African Republic,2009,437.0303,5982,437.0303,939.6151,46.2785,42.1,28.628,25.8667,21.892,Our World in Data / WHO,2026-09-30 02:09:06
942,CAF,Central African Republic,2010,473.2691,5875,473.2691,1017.5286,50.1159,42.1,28.628,25.2,21.892,Our World in Data / WHO,2026-09-30 02:09:06
943,CAF,Central African Republic,2011,521.122,6695,521.122,1120.4123,55.1832,42.1,28.628,24.86,21.892,Our World in Data / WHO,2026-09-30 02:09:06
944,CAF,Central African Republic,2012,470.5886,6004,470.5886,1011.7655,49.8321,42.0,28.56,24.22,21.84,Our World in Data / WHO,2026-09-30 02:09:06
945,CAF,Central African Republic,2013,473.688,6142,473.688,1018.4292,50.1603,41.9,28.492,23.76,21.788,Our World in Data / WHO,2026-09-30 02:09:06
946,CAF,Central African Republic,2014,495.2094,6390,495.2094,1064.7002,52.4392,41.8,28.424,23.16,21.736,Our World in Data / WHO,2026-09-30 02:09:06
947,CAF,Central African Republic,2015,503.339,6477,503.339,1082.1788,53.3001,41.7,28.356,22.6,21.684,Our World in Data / WHO,2026-09-30 02:09:06
948,CAF,Central African Republic,2016,503.4384,6662,503.4384,1082.3926,53.3106,41.6,28.288,22.34,21.632,Our World in Data / WHO,2026-09-30 02:09:06
949,CAF,Central African Republic,2017,499.9859,6753,499.9859,1074.9697,52.945,41.5,28.22,21.98,21.58,Our World in Data / WHO,2026-09-30 02:09:06
950,CAF,Central African Republic,2018,508.7007,6967,508.7007,1093.7065,53.8679,41.4,28.152,21.56,21.528,Our World in Data / WHO,2026-09-30 02:09:06
951,CAF,Central African Republic,2019,524.1618,7081,524.1618,1126.9479,55.5051,41.3,28.084,21.2,21.476,Our World in Data / WHO,2026-09-30 02:09:06
952,CAF,Central African Republic,2020,549.9094,7492,549.9094,1182.3052,58.0,41.3,28.084,20.6,21.476,Our World in Data / WHO,2026-09-30 02:09:06
953,CAF,Central African Republic,2021,488.8394,6845,488.8394,1051.0047,51.7647,41.3,28.084,20.175,21.476,Our World in Data / WHO,2026-09-30 02:09:06
954,CAN,Canada,1990,148.8664,75956,148.8664,320.0628,15.7639,33.0,22.44,28.9,17.16,Our World in Data / WHO,2026-09-30 02:09:06
955,CAN,Canada,1991,148.8664,75956,148.8664,320.0628,15.7639,32.5,22.1,28.9,16.9,Our World in Data / WHO,2026-09-30 02:09:06
956,CAN,Canada,1992,148.8664,75956,148.8664,320.0628,15.7639,32.1,21.828,28.9,16.692,Our World in Data / WHO,2026-09-30 02:09:06
957,CAN,Canada,1993,148.8664,75956,148.8664,320.0628,15.7639,31.6,21.488,28.9,16.432,Our World in Data / WHO,2026-09-30 02:09:06
958,CAN,Canada,1994,148.8664,75956,148.8664,320.0628,15.7639,31.2,21.216,28.9,16.224,Our World in Data / WHO,2026-09-30 02:09:06
959,CAN,Canada,1995,148.8664,75956,148.8664,320.0628,15.7639,30.7,20.876,28.9,15.964,Our World in Data / WHO,2026-09-30 02:09:06
960,CAN,Canada,1996,148.8664,75956,148.8664,320.0628,15.7639,30.2,20.536,28.9,15.704,Our World in Data / WHO,2026-09-30 02:09:06
961,CAN,Canada,1997,148.8664,75956,148.8664,320.0628,15.7639,29.7,20.196,28.9,15.444,Our World in Data / WHO,2026-09-30 02:09:06
962,CAN,Canada,1998,148.8664,75956,148.8664,320.0628,15.7639,29.2,19.856,28.9,15.184,Our World in Data / WHO,2026-09-30 02:09:06
963,CAN,Canada,1999,148.8664,75956,148.8664,320.0628,15.7639,28.7,19.516,28.9,14.924,Our World in Data / WHO,2026-09-30 02:09:06
964,CAN,Canada,2000,148.8664,75956,148.8664,320.0628,15.7639,28.2,19.176,28.9,14.664,Our World in Data / WHO,2026-09-30 02:09:06
965,CAN,Canada,2001,141.318,74531,141.318,303.8337,14.9646,27.8,18.904,27.84,14.456,Our World in Data / WHO,2026-09-30 02:09:06
966,CAN,Canada,2002,136.5928,74373,136.5928,293.6745,14.4642,27.4,18.632,26.78,14.248,Our World in Data / WHO,2026-09-30 02:09:06
967,CAN,Canada,2003,132.6488,74129,132.6488,285.1949,14.0466,27.0,18.36,25.72,14.04,Our World in Data / WHO,2026-09-30 02:09:06
968,CAN,Canada,2004,125.736,72458,125.736,270.3324,13.3146,26.6,18.088,24.66,13.832,Our World in Data / WHO,2026-09-30 02:09:06
969,CAN,Canada,2005,120.1699,71454,120.1699,258.3653,12.7252,26.2,17.816,23.6,13.624,Our World in Data / WHO,2026-09-30 02:09:06
970,CAN,Canada,2006,112.1373,68942,112.1373,241.0952,12.0,25.9,17.612,22.7,13.468,Our World in Data / WHO,2026-09-30 02:09:06
971,CAN,Canada,2007,109.6586,69717,109.6586,235.766,12.0,25.6,17.408,21.8,13.312,Our World in Data / WHO,2026-09-30 02:09:06
972,CAN,Canada,2008,106.1223,69727,106.1223,228.1629,12.0,25.2,17.136,20.9667,13.104,Our World in Data / WHO,2026-09-30 02:09:06
973,CAN,Canada,2009,101.0859,68558,101.0859,217.3347,12.0,24.9,16.932,20.1333,12.948,Our World in Data / WHO,2026-09-30 02:09:06
974,CAN,Canada,2010,96.4717,67688,96.4717,207.4142,12.0,24.6,16.728,19.3,12.792,Our World in Data / WHO,2026-09-30 02:09:06
975,CAN,Canada,2011,91.5252,66313,91.5252,196.7792,12.0,24.3,16.524,18.62,12.636,Our World in Data / WHO,2026-09-30 02:09:06
976,CAN,Canada,2012,89.4341,66882,89.4341,192.2833,12.0,24.0,16.32,17.94,12.48,Our World in Data / WHO,2026-09-30 02:09:06
977,CAN,Canada,2013,88.5165,68097,88.5165,190.3105,12.0,23.7,16.116,17.26,12.324,Our World in Data / WHO,2026-09-30 02:09:06
978,CAN,Canada,2014,87.4523,69290,87.4523,188.0224,12.0,23.4,15.912,16.58,12.168,Our World in Data / WHO,2026-09-30 02:09:06
979,CAN,Canada,2015,86.3231,70250,86.3231,185.5947,12.0,23.1,15.708,15.9,12.012,Our World in Data / WHO,2026-09-30 02:09:06
980,CAN,Canada,2016,84.359,70093,84.359,181.3718,12.0,22.9,15.572,15.32,11.908,Our World in Data / WHO,2026-09-30 02:09:06
981,CAN,Canada,2017,83.1615,71706,83.1615,178.7972,12.0,22.6,15.368,14.74,11.752,Our World in Data / WHO,2026-09-30 02:09:06
982,CAN,Canada,2018,81.8128,72302,81.8128,175.8975,12.0,22.4,15.232,14.16,11.648,Our World in Data / WHO,2026-09-30 02:09:06
983,CAN,Canada,2019,79.6894,72104,79.6894,171.3322,12.0,22.1,15.028,13.58,11.492,Our World in Data / WHO,2026-09-30 02:09:06
984,CAN,Canada,2020,81.2221,73807,81.2221,174.6275,12.0,22.1,15.028,13.0,11.492,Our World in Data / WHO,2026-09-30 02:09:06
985,CAN,Canada,2021,79.4374,75034,79.4374,170.7904,12.0,22.1,15.028,12.55,11.492,Our World in Data / WHO,2026-09-30 02:09:06
986,CAN,Canada,2022,79.4374,75034,79.4374,170.7904,12.0,22.1,15.028,12.1,11.492,Our World in Data / WHO,2026-09-30 02:09:06
987,CHE,Switzerland,1990,152.0779,24552,152.0779,326.9675,16.104,34.2,23.256,30.4,17.784,Our World in Data / WHO,2026-09-30 02:09:06
988,CHE,Switzerland,1991,152.0779,24552,152.0779,326.9675,16.104,33.8,22.984,30.4,17.576,Our World in Data / WHO,2026-09-30 02:09:06
989,CHE,Switzerland,1992,152.0779,24552,152.0779,326.9675,16.104,33.5,22.78,30.4,17.42,Our World in Data / WHO,2026-09-30 02:09:06
990,CHE,Switzerland,1993,152.0779,24552,152.0779,326.9675,16.104,33.2,22.576,30.4,17.264,Our World in Data / WHO,2026-09-30 02:09:06
991,CHE,Switzerland,1994,152.0779,24552,152.0779,326.9675,16.104,32.9,22.372,30.4,17.108,Our World in Data / WHO,2026-09-30 02:09:06
992,CHE,Switzerland,1995,152.0779,24552,152.0779,326.9675,16.104,32.5,22.1,30.4,16.9,Our World in Data / WHO,2026-09-30 02:09:06
993,CHE,Switzerland,1996,152.0779,24552,152.0779,326.9675,16.104,32.2,21.896,30.4,16.744,Our World in Data / WHO,2026-09-30 02:09:06
994,CHE,Switzerland,1997,152.0779,24552,152.0779,326.9675,16.104,31.9,21.692,30.4,16.588,Our World in Data / WHO,2026-09-30 02:09:06
995,CHE,Switzerland,1998,152.0779,24552,152.0779,326.9675,16.104,31.5,21.42,30.4,16.38,Our World in Data / WHO,2026-09-30 02:09:06
996,CHE,Switzerland,1999,152.0779,24552,152.0779,326.9675,16.104,31.2,21.216,30.4,16.224,Our World in Data / WHO,2026-09-30 02:09:06
997,CHE,Switzerland,2000,152.0779,24552,152.0779,326.9675,16.104,30.9,21.012,30.4,16.068,Our World in Data / WHO,2026-09-30 02:09:06
998,CHE,Switzerland,2001,144.2776,23862,144.2776,310.1968,15.278,30.6,20.808,30.04,15.912,Our World in Data / WHO,2026-09-30 02:09:06
999,CHE,Switzerland,2002,138.1064,23184,138.1064,296.9288,14.6245,30.3,20.604,29.68,15.756,Our World in Data / WHO,2026-09-30 02:09:06
1000,CHE,Switzerland,2003,138.2654,23655,138.2654,297.2706,14.6413,30.0,20.4,29.32,15.6,Our World in Data / WHO,2026-09-30 02:09:06
1001,CHE,Switzerland,2004,127.6412,22184,127.6412,274.4286,13.5163,29.6,20.128,28.96,15.392,Our World in Data / WHO,2026-09-30 02:09:06
1002,CHE,Switzerland,2005,126.5117,22536,126.5117,272.0002,13.3967,29.2,19.856,28.6,15.184,Our World in Data / WHO,2026-09-30 02:09:06
1003,CHE,Switzerland,2006,120.3206,22018,120.3206,258.6893,12.7411,28.8,19.584,28.25,14.976,Our World in Data / WHO,2026-09-30 02:09:06
1004,CHE,Switzerland,2007,116.6948,22028,116.6948,250.8938,12.3572,28.3,19.244,27.9,14.716,Our World in Data / WHO,2026-09-30 02:09:06
1005,CHE,Switzerland,2008,112.1014,21787,112.1014,241.018,12.0,27.9,18.972,27.5667,14.508,Our World in Data / WHO,2026-09-30 02:09:06
1006,CHE,Switzerland,2009,109.4862,21782,109.4862,235.3953,12.0,27.4,18.632,27.2333,14.248,Our World in Data / WHO,2026-09-30 02:09:06
1007,CHE,Switzerland,2010,105.4461,21513,105.4461,226.7091,12.0,26.9,18.292,26.9,13.988,Our World in Data / WHO,2026-09-30 02:09:06
1008,CHE,Switzerland,2011,99.5387,21032,99.5387,214.0082,12.0,26.3,17.884,26.64,13.676,Our World in Data / WHO,2026-09-30 02:09:06
1009,CHE,Switzerland,2012,100.4975,21843,100.4975,216.0696,12.0,25.7,17.476,26.38,13.364,Our World in Data / WHO,2026-09-30 02:09:06
1010,CHE,Switzerland,2013,97.119,21681,97.119,208.8058,12.0,25.1,17.068,26.12,13.052,Our World in Data / WHO,2026-09-30 02:09:06
1011,CHE,Switzerland,2014,92.7698,21199,92.7698,199.4551,12.0,24.5,16.66,25.86,12.74,Our World in Data / WHO,2026-09-30 02:09:06
1012,CHE,Switzerland,2015,92.3246,21827,92.3246,198.4979,12.0,24.0,16.32,25.6,12.48,Our World in Data / WHO,2026-09-30 02:09:06
1013,CHE,Switzerland,2016,86.9744,21006,86.9744,186.995,12.0,23.4,15.912,25.3,12.168,Our World in Data / WHO,2026-09-30 02:09:06
1014,CHE,Switzerland,2017,86.1849,21319,86.1849,185.2975,12.0,22.9,15.572,25.0,11.908,Our World in Data / WHO,2026-09-30 02:09:06
1015,CHE,Switzerland,2018,82.575,20962,82.575,177.5362,12.0,22.4,15.232,24.7,11.648,Our World in Data / WHO,2026-09-30 02:09:06
1016,CHE,Switzerland,2019,80.3462,20836,80.3462,172.7443,12.0,21.9,14.892,24.4,11.388,Our World in Data / WHO,2026-09-30 02:09:06
1017,CHE,Switzerland,2020,79.9887,21177,79.9887,171.9757,12.0,21.9,14.892,24.1,11.388,Our World in Data / WHO,2026-09-30 02:09:06
1018,CHE,Switzerland,2021,76.0006,20381,76.0006,163.4013,12.0,21.9,14.892,23.85,11.388,Our World in Data / WHO,2026-09-30 02:09:06
1019,CHE,Switzerland,2022,76.0006,20381,76.0006,163.4013,12.0,21.9,14.892,23.6,11.388,Our World in Data / WHO,2026-09-30 02:09:06
1020,CHL,Chile,1990,160.0248,22229,160.0248,344.0533,16.9455,36.6,24.888,47.0,19.032,Our World in Data / WHO,2026-09-30 02:09:06
1021,CHL,Chile,1991,160.0248,22229,160.0248,344.0533,16.9455,36.9,25.092,47.0,19.188,Our World in Data / WHO,2026-09-30 02:09:06
1022,CHL,Chile,1992,160.0248,22229,160.0248,344.0533,16.9455,37.1,25.228,47.0,19.292,Our World in Data / WHO,2026-09-30 02:09:06
1023,CHL,Chile,1993,160.0248,22229,160.0248,344.0533,16.9455,37.4,25.432,47.0,19.448,Our World in Data / WHO,2026-09-30 02:09:06
1024,CHL,Chile,1994,160.0248,22229,160.0248,344.0533,16.9455,37.6,25.568,47.0,19.552,Our World in Data / WHO,2026-09-30 02:09:06
1025,CHL,Chile,1995,160.0248,22229,160.0248,344.0533,16.9455,37.9,25.772,47.0,19.708,Our World in Data / WHO,2026-09-30 02:09:06
1026,CHL,Chile,1996,160.0248,22229,160.0248,344.0533,16.9455,38.2,25.976,47.0,19.864,Our World in Data / WHO,2026-09-30 02:09:06
1027,CHL,Chile,1997,160.0248,22229,160.0248,344.0533,16.9455,38.4,26.112,47.0,19.968,Our World in Data / WHO,2026-09-30 02:09:06
1028,CHL,Chile,1998,160.0248,22229,160.0248,344.0533,16.9455,38.7,26.316,47.0,20.124,Our World in Data / WHO,2026-09-30 02:09:06
1029,CHL,Chile,1999,160.0248,22229,160.0248,344.0533,16.9455,38.9,26.452,47.0,20.228,Our World in Data / WHO,2026-09-30 02:09:06
1030,CHL,Chile,2000,160.0248,22229,160.0248,344.0533,16.9455,39.2,26.656,47.0,20.384,Our World in Data / WHO,2026-09-30 02:09:06
1031,CHL,Chile,2001,156.046,22864,156.046,335.4989,16.5242,39.4,26.792,45.94,20.488,Our World in Data / WHO,2026-09-30 02:09:06
1032,CHL,Chile,2002,145.2075,22525,145.2075,312.1961,15.3765,39.6,26.928,44.88,20.592,Our World in Data / WHO,2026-09-30 02:09:06
1033,CHL,Chile,2003,146.0532,23799,146.0532,314.0144,15.466,39.7,26.996,43.82,20.644,Our World in Data / WHO,2026-09-30 02:09:06
1034,CHL,Chile,2004,142.3574,24350,142.3574,306.0684,15.0747,39.8,27.064,42.76,20.696,Our World in Data / WHO,2026-09-30 02:09:06
1035,CHL,Chile,2005,135.0352,24360,135.0352,290.3257,14.2993,39.9,27.132,41.7,20.748,Our World in Data / WHO,2026-09-30 02:09:06
1036,CHL,Chile,2006,127.0042,24052,127.0042,273.059,13.4489,39.9,27.132,40.7,20.748,Our World in Data / WHO,2026-09-30 02:09:06
1037,CHL,Chile,2007,127.9268,25409,127.9268,275.0426,13.5466,39.8,27.064,39.7,20.696,Our World in Data / WHO,2026-09-30 02:09:06
1038,CHL,Chile,2008,116.6274,24168,116.6274,250.7489,12.35,39.7,26.996,38.8,20.644,Our World in Data / WHO,2026-09-30 02:09:06
1039,CHL,Chile,2009,115.6419,25081,115.6419,248.6301,12.2457,39.6,26.928,37.9,20.592,Our World in Data / WHO,2026-09-30 02:09:06
1040,CHL,Chile,2010,119.9216,27289,119.9216,257.8314,12.6989,39.3,26.724,37.0,20.436,Our World in Data / WHO,2026-09-30 02:09:06
1041,CHL,Chile,2011,110.0726,25954,110.0726,236.6561,12.0,39.1,26.588,36.18,20.332,Our World in Data / WHO,2026-09-30 02:09:06
1042,CHL,Chile,2012,112.1786,27595,112.1786,241.184,12.0,38.7,26.316,35.36,20.124,Our World in Data / WHO,2026-09-30 02:09:06
1043,CHL,Chile,2013,109.8362,27836,109.8362,236.1478,12.0,38.3,26.044,34.54,19.916,Our World in Data / WHO,2026-09-30 02:09:06
1044,CHL,Chile,2014,108.1374,28522,108.1374,232.4954,12.0,37.9,25.772,33.72,19.708,Our World in Data / WHO,2026-09-30 02:09:06
1045,CHL,Chile,2015,104.7418,28693,104.7418,225.1949,12.0,37.5,25.5,32.9,19.5,Our World in Data / WHO,2026-09-30 02:09:06
1046,CHL,Chile,2016,100.2356,28558,100.2356,215.5065,12.0,37.1,25.228,32.18,19.292,Our World in Data / WHO,2026-09-30 02:09:06
1047,CHL,Chile,2017,97.15,28866,97.15,208.8725,12.0,36.8,25.024,31.46,19.136,Our World in Data / WHO,2026-09-30 02:09:06
1048,CHL,Chile,2018,92.9978,28458,92.9978,199.9453,12.0,36.4,24.752,30.74,18.928,Our World in Data / WHO,2026-09-30 02:09:06
1049,CHL,Chile,2019,90.359,28390,90.359,194.2718,12.0,36.1,24.548,30.02,18.772,Our World in Data / WHO,2026-09-30 02:09:06
1050,CHL,Chile,2020,90.0314,29293,90.0314,193.5675,12.0,36.1,24.548,29.3,18.772,Our World in Data / WHO,2026-09-30 02:09:06
1051,CHL,Chile,2021,99.3474,34070,99.3474,213.5969,12.0,36.1,24.548,28.6,18.772,Our World in Data / WHO,2026-09-30 02:09:06
1052,CHL,Chile,2022,99.3474,34070,99.3474,213.5969,12.0,36.1,24.548,27.9,18.772,Our World in Data / WHO,2026-09-30 02:09:06
1053,CHN,China,1990,307.6573,3092625,307.6573,661.4632,32.5788,20.3,13.804,27.1,10.556,Our World in Data / WHO,2026-09-30 02:09:06
1054,CHN,China,1991,307.6573,3092625,307.6573,661.4632,32.5788,21.1,14.348,27.1,10.972,Our World in Data / WHO,2026-09-30 02:09:06
1055,CHN,China,1992,307.6573,3092625,307.6573,661.4632,32.5788,21.9,14.892,27.1,11.388,Our World in Data / WHO,2026-09-30 02:09:06
1056,CHN,China,1993,307.6573,3092625,307.6573,661.4632,32.5788,22.7,15.436,27.1,11.804,Our World in Data / WHO,2026-09-30 02:09:06
1057,CHN,China,1994,307.6573,3092625,307.6573,661.4632,32.5788,23.4,15.912,27.1,12.168,Our World in Data / WHO,2026-09-30 02:09:06
1058,CHN,China,1995,307.6573,3092625,307.6573,661.4632,32.5788,24.1,16.388,27.1,12.532,Our World in Data / WHO,2026-09-30 02:09:06
1059,CHN,China,1996,307.6573,3092625,307.6573,661.4632,32.5788,24.6,16.728,27.1,12.792,Our World in Data / WHO,2026-09-30 02:09:06
1060,CHN,China,1997,307.6573,3092625,307.6573,661.4632,32.5788,25.1,17.068,27.1,13.052,Our World in Data / WHO,2026-09-30 02:09:06
1061,CHN,China,1998,307.6573,3092625,307.6573,661.4632,32.5788,25.6,17.408,27.1,13.312,Our World in Data / WHO,2026-09-30 02:09:06
1062,CHN,China,1999,307.6573,3092625,307.6573,661.4632,32.5788,26.1,17.748,27.1,13.572,Our World in Data / WHO,2026-09-30 02:09:06
1063,CHN,China,2000,307.6573,3092625,307.6573,661.4632,32.5788,26.5,18.02,27.1,13.78,Our World in Data / WHO,2026-09-30 02:09:06
1064,CHN,China,2001,311.3669,3243333,311.3669,669.4388,32.9716,27.0,18.36,26.88,14.04,Our World in Data / WHO,2026-09-30 02:09:06
1065,CHN,China,2002,312.93,3384963,312.93,672.7995,33.1371,27.4,18.632,26.66,14.248,Our World in Data / WHO,2026-09-30 02:09:06
1066,CHN,China,2003,322.1839,3611134,322.1839,692.6954,34.117,27.9,18.972,26.44,14.508,Our World in Data / WHO,2026-09-30 02:09:06
1067,CHN,China,2004,327.8408,3811784,327.8408,704.8577,34.7161,28.3,19.244,26.22,14.716,Our World in Data / WHO,2026-09-30 02:09:06
1068,CHN,China,2005,321.5822,3883986,321.5822,691.4017,34.0533,28.7,19.516,26.0,14.924,Our World in Data / WHO,2026-09-30 02:09:06
1069,CHN,China,2006,297.1343,3736951,297.1343,638.8387,31.4645,29.0,19.72,25.8,15.08,Our World in Data / WHO,2026-09-30 02:09:06
1070,CHN,China,2007,287.3192,3747024,287.3192,617.7363,30.4251,29.3,19.924,25.6,15.236,Our World in Data / WHO,2026-09-30 02:09:06
1071,CHN,China,2008,287.4415,3885656,287.4415,617.9992,30.4381,29.5,20.06,25.4333,15.34,Our World in Data / WHO,2026-09-30 02:09:06
1072,CHN,China,2009,288.6324,4041978,288.6324,620.5597,30.5642,29.6,20.128,25.2667,15.392,Our World in Data / WHO,2026-09-30 02:09:06
1073,CHN,China,2010,288.7488,4194806,288.7488,620.8099,30.5765,29.6,20.128,25.1,15.392,Our World in Data / WHO,2026-09-30 02:09:06
1074,CHN,China,2011,283.5725,4269622,283.5725,609.6809,30.0284,29.4,19.992,24.94,15.288,Our World in Data / WHO,2026-09-30 02:09:06
1075,CHN,China,2012,273.2938,4264710,273.2938,587.5817,28.9399,29.2,19.856,24.78,15.184,Our World in Data / WHO,2026-09-30 02:09:06
1076,CHN,China,2013,268.4802,4346391,268.4802,577.2324,28.4302,28.9,19.652,24.62,15.028,Our World in Data / WHO,2026-09-30 02:09:06
1077,CHN,China,2014,261.5758,4386948,261.5758,562.388,27.6991,28.6,19.448,24.46,14.872,Our World in Data / WHO,2026-09-30 02:09:06
1078,CHN,China,2015,254.1318,4413481,254.1318,546.3834,26.9108,28.3,19.244,24.3,14.716,Our World in Data / WHO,2026-09-30 02:09:06
1079,CHN,China,2016,250.7548,4509072,250.7548,539.1228,26.5532,28.0,19.04,24.12,14.56,Our World in Data / WHO,2026-09-30 02:09:06
1080,CHN,China,2017,246.3907,4585646,246.3907,529.74,26.0911,27.8,18.904,23.94,14.456,Our World in Data / WHO,2026-09-30 02:09:06
1081,CHN,China,2018,242.1489,4673896,242.1489,520.6201,25.6419,27.5,18.7,23.76,14.3,Our World in Data / WHO,2026-09-30 02:09:06
1082,CHN,China,2019,238.7316,4777742,238.7316,513.2729,25.28,27.3,18.564,23.58,14.196,Our World in Data / WHO,2026-09-30 02:09:06
1083,CHN,China,2020,233.9432,4852428,233.9432,502.9779,24.773,27.3,18.564,23.4,14.196,Our World in Data / WHO,2026-09-30 02:09:06
1084,CHN,China,2021,233.6754,5022440,233.6754,502.4021,24.7446,27.3,18.564,23.25,14.196,Our World in Data / WHO,2026-09-30 02:09:06
1085,CHN,China,2022,233.6754,5022440,233.6754,502.4021,24.7446,27.3,18.564,23.1,14.196,Our World in Data / WHO,2026-09-30 02:09:06
1086,CIV,Cote d'Ivoire,1990,301.6348,15870,301.6348,648.5148,31.941,36.6,24.888,21.4,19.032,Our World in Data / WHO,2026-09-30 02:09:06
1087,CIV,Cote d'Ivoire,1991,301.6348,15870,301.6348,648.5148,31.941,36.7,24.956,21.4,19.084,Our World in Data / WHO,2026-09-30 02:09:06
1088,CIV,Cote d'Ivoire,1992,301.6348,15870,301.6348,648.5148,31.941,36.8,25.024,21.4,19.136,Our World in Data / WHO,2026-09-30 02:09:06
1089,CIV,Cote d'Ivoire,1993,301.6348,15870,301.6348,648.5148,31.941,36.9,25.092,21.4,19.188,Our World in Data / WHO,2026-09-30 02:09:06
1090,CIV,Cote d'Ivoire,1994,301.6348,15870,301.6348,648.5148,31.941,37.0,25.16,21.4,19.24,Our World in Data / WHO,2026-09-30 02:09:06
1091,CIV,Cote d'Ivoire,1995,301.6348,15870,301.6348,648.5148,31.941,37.1,25.228,21.4,19.292,Our World in Data / WHO,2026-09-30 02:09:06
1092,CIV,Cote d'Ivoire,1996,301.6348,15870,301.6348,648.5148,31.941,37.2,25.296,21.4,19.344,Our World in Data / WHO,2026-09-30 02:09:06
1093,CIV,Cote d'Ivoire,1997,301.6348,15870,301.6348,648.5148,31.941,37.4,25.432,21.4,19.448,Our World in Data / WHO,2026-09-30 02:09:06
1094,CIV,Cote d'Ivoire,1998,301.6348,15870,301.6348,648.5148,31.941,37.5,25.5,21.4,19.5,Our World in Data / WHO,2026-09-30 02:09:06
1095,CIV,Cote d'Ivoire,1999,301.6348,15870,301.6348,648.5148,31.941,37.7,25.636,21.4,19.604,Our World in Data / WHO,2026-09-30 02:09:06
1096,CIV,Cote d'Ivoire,2000,301.6348,15870,301.6348,648.5148,31.941,37.8,25.704,21.4,19.656,Our World in Data / WHO,2026-09-30 02:09:06
1097,CIV,Cote d'Ivoire,2001,295.8571,15964,295.8571,636.0928,31.3292,38.0,25.84,20.52,19.76,Our World in Data / WHO,2026-09-30 02:09:06
1098,CIV,Cote d'Ivoire,2002,292.7676,16048,292.7676,629.4503,31.0021,38.2,25.976,19.64,19.864,Our World in Data / WHO,2026-09-30 02:09:06
1099,CIV,Cote d'Ivoire,2003,296.6256,16475,296.6256,637.745,31.4106,38.4,26.112,18.76,19.968,Our World in Data / WHO,2026-09-30 02:09:06
1100,CIV,Cote d'Ivoire,2004,288.5955,16059,288.5955,620.4803,30.5603,38.6,26.248,17.88,20.072,Our World in Data / WHO,2026-09-30 02:09:06
1101,CIV,Cote d'Ivoire,2005,294.8811,16652,294.8811,633.9944,31.2259,38.8,26.384,17.0,20.176,Our World in Data / WHO,2026-09-30 02:09:06
1102,CIV,Cote d'Ivoire,2006,304.6455,17327,304.6455,654.9878,32.2598,39.0,26.52,16.25,20.28,Our World in Data / WHO,2026-09-30 02:09:06
1103,CIV,Cote d'Ivoire,2007,320.753,18450,320.753,689.6189,33.9655,39.1,26.588,15.5,20.332,Our World in Data / WHO,2026-09-30 02:09:06
1104,CIV,Cote d'Ivoire,2008,332.0562,19727,332.0562,713.9208,35.1624,39.1,26.588,14.8667,20.332,Our World in Data / WHO,2026-09-30 02:09:06
1105,CIV,Cote d'Ivoire,2009,332.1769,21407,332.1769,714.1803,35.1752,39.1,26.588,14.2333,20.332,Our World in Data / WHO,2026-09-30 02:09:06
1106,CIV,Cote d'Ivoire,2010,336.6015,23803,336.6015,723.6932,35.6438,39.0,26.52,13.6,20.28,Our World in Data / WHO,2026-09-30 02:09:06
1107,CIV,Cote d'Ivoire,2011,324.185,24966,324.185,696.9978,34.3289,38.8,26.384,13.04,20.176,Our World in Data / WHO,2026-09-30 02:09:06
1108,CIV,Cote d'Ivoire,2012,305.4898,25264,305.4898,656.8031,32.3492,38.6,26.248,12.48,20.072,Our World in Data / WHO,2026-09-30 02:09:06
1109,CIV,Cote d'Ivoire,2013,283.6121,24969,283.6121,609.766,30.0326,38.4,26.112,11.92,19.968,Our World in Data / WHO,2026-09-30 02:09:06
1110,CIV,Cote d'Ivoire,2014,270.3162,24680,270.3162,581.1798,28.6246,38.2,25.976,11.36,19.864,Our World in Data / WHO,2026-09-30 02:09:06
1111,CIV,Cote d'Ivoire,2015,270.1784,24934,270.1784,580.8836,28.61,38.0,25.84,10.8,19.76,Our World in Data / WHO,2026-09-30 02:09:06
1112,CIV,Cote d'Ivoire,2016,268.5472,25140,268.5472,577.3765,28.4373,37.8,25.704,10.38,19.656,Our World in Data / WHO,2026-09-30 02:09:06
1113,CIV,Cote d'Ivoire,2017,266.6101,25385,266.6101,573.2117,28.2322,37.6,25.568,9.96,19.552,Our World in Data / WHO,2026-09-30 02:09:06
1114,CIV,Cote d'Ivoire,2018,267.523,25989,267.523,575.1744,28.3288,37.4,25.432,9.54,19.448,Our World in Data / WHO,2026-09-30 02:09:06
1115,CIV,Cote d'Ivoire,2019,267.8411,26694,267.8411,575.8584,28.3625,37.3,25.364,9.12,19.396,Our World in Data / WHO,2026-09-30 02:09:06
1116,CIV,Cote d'Ivoire,2020,279.9283,28224,279.9283,601.8458,29.6425,37.3,25.364,8.7,19.396,Our World in Data / WHO,2026-09-30 02:09:06
1117,CIV,Cote d'Ivoire,2021,259.2447,27405,259.2447,557.3761,27.4522,37.3,25.364,8.35,19.396,Our World in Data / WHO,2026-09-30 02:09:06
1118,CIV,Cote d'Ivoire,2022,259.2447,27405,259.2447,557.3761,27.4522,37.3,25.364,8.0,19.396,Our World in Data / WHO,2026-09-30 02:09:06
1119,CMR,Cameroon,1990,321.5508,19919,321.5508,691.3342,34.05,33.4,22.712,15.8,17.368,Our World in Data / WHO,2026-09-30 02:09:06
1120,CMR,Cameroon,1991,321.5508,19919,321.5508,691.3342,34.05,33.4,22.712,15.8,17.368,Our World in Data / WHO,2026-09-30 02:09:06
1121,CMR,Cameroon,1992,321.5508,19919,321.5508,691.3342,34.05,33.4,22.712,15.8,17.368,Our World in Data / WHO,2026-09-30 02:09:06
1122,CMR,Cameroon,1993,321.5508,19919,321.5508,691.3342,34.05,33.4,22.712,15.8,17.368,Our World in Data / WHO,2026-09-30 02:09:06
1123,CMR,Cameroon,1994,321.5508,19919,321.5508,691.3342,34.05,33.4,22.712,15.8,17.368,Our World in Data / WHO,2026-09-30 02:09:06
1124,CMR,Cameroon,1995,321.5508,19919,321.5508,691.3342,34.05,33.4,22.712,15.8,17.368,Our World in Data / WHO,2026-09-30 02:09:06
1125,CMR,Cameroon,1996,321.5508,19919,321.5508,691.3342,34.05,33.4,22.712,15.8,17.368,Our World in Data / WHO,2026-09-30 02:09:06
1126,CMR,Cameroon,1997,321.5508,19919,321.5508,691.3342,34.05,33.5,22.78,15.8,17.42,Our World in Data / WHO,2026-09-30 02:09:06
1127,CMR,Cameroon,1998,321.5508,19919,321.5508,691.3342,34.05,33.6,22.848,15.8,17.472,Our World in Data / WHO,2026-09-30 02:09:06
1128,CMR,Cameroon,1999,321.5508,19919,321.5508,691.3342,34.05,33.7,22.916,15.8,17.524,Our World in Data / WHO,2026-09-30 02:09:06
1129,CMR,Cameroon,2000,321.5508,19919,321.5508,691.3342,34.05,33.8,22.984,15.8,17.576,Our World in Data / WHO,2026-09-30 02:09:06
1130,CMR,Cameroon,2001,338.5671,21485,338.5671,727.9193,35.8519,34.0,23.12,15.16,17.68,Our World in Data / WHO,2026-09-30 02:09:06
1131,CMR,Cameroon,2002,342.2424,22147,342.2424,735.8212,36.2411,34.2,23.256,14.52,17.784,Our World in Data / WHO,2026-09-30 02:09:06
1132,CMR,Cameroon,2003,351.739,23143,351.739,756.2388,37.2467,34.5,23.46,13.88,17.94,Our World in Data / WHO,2026-09-30 02:09:06
1133,CMR,Cameroon,2004,347.4104,23218,347.4104,746.9324,36.7883,34.8,23.664,13.24,18.096,Our World in Data / WHO,2026-09-30 02:09:06
1134,CMR,Cameroon,2005,351.3915,23899,351.3915,755.4917,37.2099,35.1,23.868,12.6,18.252,Our World in Data / WHO,2026-09-30 02:09:06
1135,CMR,Cameroon,2006,350.8725,24305,350.8725,754.3759,37.155,35.3,24.004,12.1,18.356,Our World in Data / WHO,2026-09-30 02:09:06
1136,CMR,Cameroon,2007,350.2979,24698,350.2979,753.1405,37.0941,35.6,24.208,11.6,18.512,Our World in Data / WHO,2026-09-30 02:09:06
1137,CMR,Cameroon,2008,349.4656,25161,349.4656,751.351,37.006,35.8,24.344,11.1333,18.616,Our World in Data / WHO,2026-09-30 02:09:06
1138,CMR,Cameroon,2009,345.9101,25533,345.9101,743.7067,36.6295,36.0,24.48,10.6667,18.72,Our World in Data / WHO,2026-09-30 02:09:06
1139,CMR,Cameroon,2010,343.3817,25886,343.3817,738.2707,36.3617,36.2,24.616,10.2,18.824,Our World in Data / WHO,2026-09-30 02:09:06
1140,CMR,Cameroon,2011,340.8764,26235,340.8764,732.8843,36.0964,36.3,24.684,9.8,18.876,Our World in Data / WHO,2026-09-30 02:09:06
1141,CMR,Cameroon,2012,343.6756,27135,343.6756,738.9025,36.3929,36.3,24.684,9.4,18.876,Our World in Data / WHO,2026-09-30 02:09:06
1142,CMR,Cameroon,2013,342.2084,27632,342.2084,735.7481,36.2375,36.4,24.752,9.0,18.928,Our World in Data / WHO,2026-09-30 02:09:06
1143,CMR,Cameroon,2014,342.7553,28422,342.7553,736.9239,36.2954,36.5,24.82,8.6,18.98,Our World in Data / WHO,2026-09-30 02:09:06
1144,CMR,Cameroon,2015,340.4671,29014,340.4671,732.0043,36.0531,36.5,24.82,8.2,18.98,Our World in Data / WHO,2026-09-30 02:09:06
1145,CMR,Cameroon,2016,332.2003,28954,332.2003,714.2306,35.1777,36.6,24.888,7.9,19.032,Our World in Data / WHO,2026-09-30 02:09:06
1146,CMR,Cameroon,2017,325.0607,28939,325.0607,698.8805,34.4217,36.6,24.888,7.6,19.032,Our World in Data / WHO,2026-09-30 02:09:06
1147,CMR,Cameroon,2018,318.4451,29054,318.4451,684.657,33.7211,36.7,24.956,7.3,19.084,Our World in Data / WHO,2026-09-30 02:09:06
1148,CMR,Cameroon,2019,315.247,29518,315.247,677.7811,33.3825,36.8,25.024,7.0,19.136,Our World in Data / WHO,2026-09-30 02:09:06
1149,CMR,Cameroon,2020,325.5182,30841,325.5182,699.8641,34.4701,36.8,25.024,6.7,19.136,Our World in Data / WHO,2026-09-30 02:09:06
1150,CMR,Cameroon,2021,304.5503,30293,304.5503,654.7831,32.2498,36.8,25.024,6.4,19.136,Our World in Data / WHO,2026-09-30 02:09:06
1151,CMR,Cameroon,2022,304.5503,30293,304.5503,654.7831,32.2498,36.8,25.024,6.1,19.136,Our World in Data / WHO,2026-09-30 02:09:06
1152,COD,Democratic Republic of Congo,1990,326.1015,62689,326.1015,701.1182,34.5319,33.0,22.44,19.7,17.16,Our World in Data / WHO,2026-09-30 02:09:06
1153,COD,Democratic Republic of Congo,1991,326.1015,62689,326.1015,701.1182,34.5319,32.9,22.372,19.7,17.108,Our World in Data / WHO,2026-09-30 02:09:06
1154,COD,Democratic Republic of Congo,1992,326.1015,62689,326.1015,701.1182,34.5319,32.8,22.304,19.7,17.056,Our World in Data / WHO,2026-09-30 02:09:06
1155,COD,Democratic Republic of Congo,1993,326.1015,62689,326.1015,701.1182,34.5319,32.7,22.236,19.7,17.004,Our World in Data / WHO,2026-09-30 02:09:06
1156,COD,Democratic Republic of Congo,1994,326.1015,62689,326.1015,701.1182,34.5319,32.6,22.168,19.7,16.952,Our World in Data / WHO,2026-09-30 02:09:06
1157,COD,Democratic Republic of Congo,1995,326.1015,62689,326.1015,701.1182,34.5319,32.5,22.1,19.7,16.9,Our World in Data / WHO,2026-09-30 02:09:06
1158,COD,Democratic Republic of Congo,1996,326.1015,62689,326.1015,701.1182,34.5319,32.4,22.032,19.7,16.848,Our World in Data / WHO,2026-09-30 02:09:06
1159,COD,Democratic Republic of Congo,1997,326.1015,62689,326.1015,701.1182,34.5319,32.4,22.032,19.7,16.848,Our World in Data / WHO,2026-09-30 02:09:06
1160,COD,Democratic Republic of Congo,1998,326.1015,62689,326.1015,701.1182,34.5319,32.4,22.032,19.7,16.848,Our World in Data / WHO,2026-09-30 02:09:06
1161,COD,Democratic Republic of Congo,1999,326.1015,62689,326.1015,701.1182,34.5319,32.4,22.032,19.7,16.848,Our World in Data / WHO,2026-09-30 02:09:06
1162,COD,Democratic Republic of Congo,2000,326.1015,62689,326.1015,701.1182,34.5319,32.4,22.032,19.7,16.848,Our World in Data / WHO,2026-09-30 02:09:06
1163,COD,Democratic Republic of Congo,2001,328.0199,64938,328.0199,705.2428,34.735,32.5,22.1,19.26,16.9,Our World in Data / WHO,2026-09-30 02:09:06
1164,COD,Democratic Republic of Congo,2002,324.9651,66456,324.9651,698.675,34.4115,32.6,22.168,18.82,16.952,Our World in Data / WHO,2026-09-30 02:09:06
1165,COD,Democratic Republic of Congo,2003,331.2346,69818,331.2346,712.1544,35.0754,32.8,22.304,18.38,17.056,Our World in Data / WHO,2026-09-30 02:09:06
1166,COD,Democratic Republic of Congo,2004,331.3131,72173,331.3131,712.3232,35.0838,32.9,22.372,17.94,17.108,Our World in Data / WHO,2026-09-30 02:09:06
1167,COD,Democratic Republic of Congo,2005,326.449,73219,326.449,701.8654,34.5687,33.1,22.508,17.5,17.212,Our World in Data / WHO,2026-09-30 02:09:06
1168,COD,Democratic Republic of Congo,2006,323.2714,74819,323.2714,695.0335,34.2322,33.3,22.644,17.1,17.316,Our World in Data / WHO,2026-09-30 02:09:06
1169,COD,Democratic Republic of Congo,2007,327.0627,78127,327.0627,703.1848,34.6337,33.5,22.78,16.7,17.42,Our World in Data / WHO,2026-09-30 02:09:06
1170,COD,Democratic Republic of Congo,2008,329.2737,81159,329.2737,707.9385,34.8678,33.6,22.848,16.3667,17.472,Our World in Data / WHO,2026-09-30 02:09:06
1171,COD,Democratic Republic of Congo,2009,322.8538,82285,322.8538,694.1357,34.188,33.8,22.984,16.0333,17.576,Our World in Data / WHO,2026-09-30 02:09:06
1172,COD,Democratic Republic of Congo,2010,319.8401,84177,319.8401,687.6562,33.8688,33.9,23.052,15.7,17.628,Our World in Data / WHO,2026-09-30 02:09:06
1173,COD,Democratic Republic of Congo,2011,315.4416,86070,315.4416,678.1994,33.4031,34.0,23.12,15.42,17.68,Our World in Data / WHO,2026-09-30 02:09:06
1174,COD,Democratic Republic of Congo,2012,310.621,87467,310.621,667.8351,32.8926,34.0,23.12,15.14,17.68,Our World in Data / WHO,2026-09-30 02:09:06
1175,COD,Democratic Republic of Congo,2013,306.2793,89292,306.2793,658.5005,32.4329,34.0,23.12,14.86,17.68,Our World in Data / WHO,2026-09-30 02:09:06
1176,COD,Democratic Republic of Congo,2014,303.5006,91637,303.5006,652.5263,32.1386,34.1,23.188,14.58,17.732,Our World in Data / WHO,2026-09-30 02:09:06
1177,COD,Democratic Republic of Congo,2015,302.6811,94341,302.6811,650.7644,32.0518,34.1,23.188,14.3,17.732,Our World in Data / WHO,2026-09-30 02:09:06
1178,COD,Democratic Republic of Congo,2016,300.414,97240,300.414,645.8901,31.8118,34.1,23.188,14.06,17.732,Our World in Data / WHO,2026-09-30 02:09:06
1179,COD,Democratic Republic of Congo,2017,300.5534,100912,300.5534,646.1898,31.8265,34.2,23.256,13.82,17.784,Our World in Data / WHO,2026-09-30 02:09:06
1180,COD,Democratic Republic of Congo,2018,300.2974,103881,300.2974,645.6394,31.7994,34.2,23.256,13.58,17.784,Our World in Data / WHO,2026-09-30 02:09:06
1181,COD,Democratic Republic of Congo,2019,297.302,105444,297.302,639.1993,31.4822,34.3,23.324,13.34,17.836,Our World in Data / WHO,2026-09-30 02:09:06
1182,COD,Democratic Republic of Congo,2020,312.9124,113834,312.9124,672.7617,33.1352,34.3,23.324,13.1,17.836,Our World in Data / WHO,2026-09-30 02:09:06
1183,COD,Democratic Republic of Congo,2021,306.3575,115891,306.3575,658.6686,32.4411,34.3,23.324,12.9,17.836,Our World in Data / WHO,2026-09-30 02:09:06
1184,COD,Democratic Republic of Congo,2022,306.3575,115891,306.3575,658.6686,32.4411,34.3,23.324,12.7,17.836,Our World in Data / WHO,2026-09-30 02:09:06
1185,COG,Congo,1990,528.8222,6524,528.8222,1136.9677,55.9986,38.6,26.248,11.7,20.072,Our World in Data / WHO,2026-09-30 02:09:06
1186,COG,Congo,1991,528.8222,6524,528.8222,1136.9677,55.9986,38.7,26.316,11.7,20.124,Our World in Data / WHO,2026-09-30 02:09:06
1187,COG,Congo,1992,528.8222,6524,528.8222,1136.9677,55.9986,38.8,26.384,11.7,20.176,Our World in Data / WHO,2026-09-30 02:09:06
1188,COG,Congo,1993,528.8222,6524,528.8222,1136.9677,55.9986,38.9,26.452,11.7,20.228,Our World in Data / WHO,2026-09-30 02:09:06
1189,COG,Congo,1994,528.8222,6524,528.8222,1136.9677,55.9986,39.0,26.52,11.7,20.28,Our World in Data / WHO,2026-09-30 02:09:06
1190,COG,Congo,1995,528.8222,6524,528.8222,1136.9677,55.9986,39.1,26.588,11.7,20.332,Our World in Data / WHO,2026-09-30 02:09:06
1191,COG,Congo,1996,528.8222,6524,528.8222,1136.9677,55.9986,39.1,26.588,11.7,20.332,Our World in Data / WHO,2026-09-30 02:09:06
1192,COG,Congo,1997,528.8222,6524,528.8222,1136.9677,55.9986,39.3,26.724,11.7,20.436,Our World in Data / WHO,2026-09-30 02:09:06
1193,COG,Congo,1998,528.8222,6524,528.8222,1136.9677,55.9986,39.4,26.792,11.7,20.488,Our World in Data / WHO,2026-09-30 02:09:06
1194,COG,Congo,1999,528.8222,6524,528.8222,1136.9677,55.9986,39.6,26.928,11.7,20.592,Our World in Data / WHO,2026-09-30 02:09:06
1195,COG,Congo,2000,528.8222,6524,528.8222,1136.9677,55.9986,39.7,26.996,11.7,20.644,Our World in Data / WHO,2026-09-30 02:09:06
1196,COG,Congo,2001,494.5518,6248,494.5518,1063.2864,52.3696,39.9,27.132,11.8,20.748,Our World in Data / WHO,2026-09-30 02:09:06
1197,COG,Congo,2002,465.2875,5956,465.2875,1000.3681,49.2707,40.1,27.268,11.9,20.852,Our World in Data / WHO,2026-09-30 02:09:06
1198,COG,Congo,2003,432.2747,5655,432.2747,929.3906,45.7749,40.3,27.404,12.0,20.956,Our World in Data / WHO,2026-09-30 02:09:06
1199,COG,Congo,2004,435.1588,5870,435.1588,935.5914,46.0803,40.5,27.54,12.1,21.06,Our World in Data / WHO,2026-09-30 02:09:06
1200,COG,Congo,2005,420.1503,5839,420.1503,903.3231,44.491,40.7,27.676,12.2,21.164,Our World in Data / WHO,2026-09-30 02:09:06
1201,COG,Congo,2006,393.3706,5597,393.3706,845.7468,41.6552,40.9,27.812,12.3,21.268,Our World in Data / WHO,2026-09-30 02:09:06
1202,COG,Congo,2007,389.6194,5720,389.6194,837.6817,41.258,41.0,27.88,12.4,21.32,Our World in Data / WHO,2026-09-30 02:09:06
1203,COG,Congo,2008,382.3649,5767,382.3649,822.0845,40.4898,41.1,27.948,12.5667,21.372,Our World in Data / WHO,2026-09-30 02:09:06
1204,COG,Congo,2009,381.9274,5984,381.9274,821.1439,40.4435,41.1,27.948,12.7333,21.372,Our World in Data / WHO,2026-09-30 02:09:06
1205,COG,Congo,2010,374.9492,6059,374.9492,806.1408,39.7045,41.1,27.948,12.9,21.372,Our World in Data / WHO,2026-09-30 02:09:06
1206,COG,Congo,2011,371.3646,6144,371.3646,798.4339,39.3249,41.0,27.88,13.08,21.32,Our World in Data / WHO,2026-09-30 02:09:06
1207,COG,Congo,2012,368.5642,6266,368.5642,792.413,39.0284,40.9,27.812,13.26,21.268,Our World in Data / WHO,2026-09-30 02:09:06
1208,COG,Congo,2013,359.7886,6231,359.7886,773.5455,38.0991,40.8,27.744,13.44,21.216,Our World in Data / WHO,2026-09-30 02:09:06
1209,COG,Congo,2014,347.1821,6126,347.1821,746.4415,36.7642,40.6,27.608,13.62,21.112,Our World in Data / WHO,2026-09-30 02:09:06
1210,COG,Congo,2015,334.0333,5990,334.0333,718.1716,35.3718,40.5,27.54,13.8,21.06,Our World in Data / WHO,2026-09-30 02:09:06
1211,COG,Congo,2016,320.6284,5888,320.6284,689.3511,33.9523,40.3,27.404,14.04,20.956,Our World in Data / WHO,2026-09-30 02:09:06
1212,COG,Congo,2017,314.1539,5943,314.1539,675.4309,33.2667,40.1,27.268,14.28,20.852,Our World in Data / WHO,2026-09-30 02:09:06
1213,COG,Congo,2018,321.4349,6293,321.4349,691.085,34.0377,40.0,27.2,14.52,20.8,Our World in Data / WHO,2026-09-30 02:09:06
1214,COG,Congo,2019,329.1166,6670,329.1166,707.6007,34.8512,39.8,27.064,14.76,20.696,Our World in Data / WHO,2026-09-30 02:09:06
1215,COG,Congo,2020,317.7675,6550,317.7675,683.2001,33.6494,39.8,27.064,15.0,20.696,Our World in Data / WHO,2026-09-30 02:09:06
1216,COG,Congo,2021,302.6366,6518,302.6366,650.6687,32.0471,39.8,27.064,15.25,20.696,Our World in Data / WHO,2026-09-30 02:09:06
1217,COG,Congo,2022,302.6366,6518,302.6366,650.6687,32.0471,39.8,27.064,15.5,20.696,Our World in Data / WHO,2026-09-30 02:09:06
1218,COK,Cook Islands,1990,304.1755,34,304.1755,653.9773,32.2101,39.2,26.656,37.1,20.384,Our World in Data / WHO,2026-09-30 02:09:06
1219,COK,Cook Islands,1991,304.1755,34,304.1755,653.9773,32.2101,39.1,26.588,37.1,20.332,Our World in Data / WHO,2026-09-30 02:09:06
1220,COK,Cook Islands,1992,304.1755,34,304.1755,653.9773,32.2101,39.0,26.52,37.1,20.28,Our World in Data / WHO,2026-09-30 02:09:06
1221,COK,Cook Islands,1993,304.1755,34,304.1755,653.9773,32.2101,38.9,26.452,37.1,20.228,Our World in Data / WHO,2026-09-30 02:09:06
1222,COK,Cook Islands,1994,304.1755,34,304.1755,653.9773,32.2101,38.8,26.384,37.1,20.176,Our World in Data / WHO,2026-09-30 02:09:06
1223,COK,Cook Islands,1995,304.1755,34,304.1755,653.9773,32.2101,38.8,26.384,37.1,20.176,Our World in Data / WHO,2026-09-30 02:09:06
1224,COK,Cook Islands,1996,304.1755,34,304.1755,653.9773,32.2101,38.8,26.384,37.1,20.176,Our World in Data / WHO,2026-09-30 02:09:06
1225,COK,Cook Islands,1997,304.1755,34,304.1755,653.9773,32.2101,38.8,26.384,37.1,20.176,Our World in Data / WHO,2026-09-30 02:09:06
1226,COK,Cook Islands,1998,304.1755,34,304.1755,653.9773,32.2101,38.8,26.384,37.1,20.176,Our World in Data / WHO,2026-09-30 02:09:06
1227,COK,Cook Islands,1999,304.1755,34,304.1755,653.9773,32.2101,38.9,26.452,37.1,20.228,Our World in Data / WHO,2026-09-30 02:09:06
1228,COK,Cook Islands,2000,304.1755,34,304.1755,653.9773,32.2101,39.1,26.588,37.1,20.332,Our World in Data / WHO,2026-09-30 02:09:06
1229,COK,Cook Islands,2001,288.1138,32,288.1138,619.4447,30.5093,39.2,26.656,36.68,20.384,Our World in Data / WHO,2026-09-30 02:09:06
1230,COK,Cook Islands,2002,277.3551,31,277.3551,596.3135,29.37,39.4,26.792,36.26,20.488,Our World in Data / WHO,2026-09-30 02:09:06
1231,COK,Cook Islands,2003,268.0216,31,268.0216,576.2464,28.3816,39.6,26.928,35.84,20.592,Our World in Data / WHO,2026-09-30 02:09:06
1232,COK,Cook Islands,2004,257.2242,30,257.2242,553.032,27.2383,39.9,27.132,35.42,20.748,Our World in Data / WHO,2026-09-30 02:09:06
1233,COK,Cook Islands,2005,258.4026,32,258.4026,555.5656,27.363,40.1,27.268,35.0,20.852,Our World in Data / WHO,2026-09-30 02:09:06
1234,COK,Cook Islands,2006,255.3349,32,255.3349,548.97,27.0382,40.4,27.472,34.6,21.008,Our World in Data / WHO,2026-09-30 02:09:06
1235,COK,Cook Islands,2007,238.8399,32,238.8399,513.5058,25.2915,40.7,27.676,34.2,21.164,Our World in Data / WHO,2026-09-30 02:09:06
1236,COK,Cook Islands,2008,235.6038,33,235.6038,506.5482,24.9488,40.9,27.812,33.8333,21.268,Our World in Data / WHO,2026-09-30 02:09:06
1237,COK,Cook Islands,2009,230.8388,35,230.8388,496.3034,24.4442,41.2,28.016,33.4667,21.424,Our World in Data / WHO,2026-09-30 02:09:06
1238,COK,Cook Islands,2010,233.1573,37,233.1573,501.2882,24.6897,41.5,28.22,33.1,21.58,Our World in Data / WHO,2026-09-30 02:09:06
1239,COK,Cook Islands,2011,228.0441,39,228.0441,490.2948,24.1483,41.7,28.356,32.76,21.684,Our World in Data / WHO,2026-09-30 02:09:06
1240,COK,Cook Islands,2012,228.5569,41,228.5569,491.3973,24.2026,41.8,28.424,32.42,21.736,Our World in Data / WHO,2026-09-30 02:09:06
1241,COK,Cook Islands,2013,227.9813,41,227.9813,490.1598,24.1416,42.0,28.56,32.08,21.84,Our World in Data / WHO,2026-09-30 02:09:06
1242,COK,Cook Islands,2014,226.0501,42,226.0501,486.0077,23.9371,42.1,28.628,31.74,21.892,Our World in Data / WHO,2026-09-30 02:09:06
1243,COK,Cook Islands,2015,225.8394,44,225.8394,485.5547,23.9148,42.2,28.696,31.4,21.944,Our World in Data / WHO,2026-09-30 02:09:06
1244,COK,Cook Islands,2016,229.9201,45,229.9201,494.3282,24.3469,42.3,28.764,31.04,21.996,Our World in Data / WHO,2026-09-30 02:09:06
1245,COK,Cook Islands,2017,225.865,45,225.865,485.6098,23.9175,42.4,28.832,30.68,22.048,Our World in Data / WHO,2026-09-30 02:09:06
1246,COK,Cook Islands,2018,223.9394,45,223.9394,481.4697,23.7136,42.5,28.9,30.32,22.1,Our World in Data / WHO,2026-09-30 02:09:06
1247,COK,Cook Islands,2019,217.9688,44,217.9688,468.6329,23.0814,42.6,28.968,29.96,22.152,Our World in Data / WHO,2026-09-30 02:09:06
1248,COK,Cook Islands,2020,218.7555,44,218.7555,470.3243,23.1647,42.6,28.968,29.6,22.152,Our World in Data / WHO,2026-09-30 02:09:06
1249,COK,Cook Islands,2021,227.0219,46,227.0219,488.0971,24.04,42.6,28.968,29.3,22.152,Our World in Data / WHO,2026-09-30 02:09:06
1250,COK,Cook Islands,2022,227.0219,46,227.0219,488.0971,24.04,42.6,28.968,29.0,22.152,Our World in Data / WHO,2026-09-30 02:09:06
1251,COL,Colombia,1990,222.8519,48902,222.8519,479.1316,23.5985,29.1,19.788,14.4,15.132,Our World in Data / WHO,2026-09-30 02:09:06
1252,COL,Colombia,1991,222.8519,48902,222.8519,479.1316,23.5985,29.3,19.924,14.4,15.236,Our World in Data / WHO,2026-09-30 02:09:06
1253,COL,Colombia,1992,222.8519,48902,222.8519,479.1316,23.5985,29.5,20.06,14.4,15.34,Our World in Data / WHO,2026-09-30 02:09:06
1254,COL,Colombia,1993,222.8519,48902,222.8519,479.1316,23.5985,29.7,20.196,14.4,15.444,Our World in Data / WHO,2026-09-30 02:09:06
1255,COL,Colombia,1994,222.8519,48902,222.8519,479.1316,23.5985,29.9,20.332,14.4,15.548,Our World in Data / WHO,2026-09-30 02:09:06
1256,COL,Colombia,1995,222.8519,48902,222.8519,479.1316,23.5985,30.0,20.4,14.4,15.6,Our World in Data / WHO,2026-09-30 02:09:06
1257,COL,Colombia,1996,222.8519,48902,222.8519,479.1316,23.5985,30.2,20.536,14.4,15.704,Our World in Data / WHO,2026-09-30 02:09:06
1258,COL,Colombia,1997,222.8519,48902,222.8519,479.1316,23.5985,30.4,20.672,14.4,15.808,Our World in Data / WHO,2026-09-30 02:09:06
1259,COL,Colombia,1998,222.8519,48902,222.8519,479.1316,23.5985,30.6,20.808,14.4,15.912,Our World in Data / WHO,2026-09-30 02:09:06
1260,COL,Colombia,1999,222.8519,48902,222.8519,479.1316,23.5985,30.8,20.944,14.4,16.016,Our World in Data / WHO,2026-09-30 02:09:06
1261,COL,Colombia,2000,222.8519,48902,222.8519,479.1316,23.5985,31.0,21.08,14.4,16.12,Our World in Data / WHO,2026-09-30 02:09:06
1262,COL,Colombia,2001,216.876,48945,216.876,466.2834,22.9657,31.1,21.148,14.06,16.172,Our World in Data / WHO,2026-09-30 02:09:06
1263,COL,Colombia,2002,209.4402,48759,209.4402,450.2964,22.1783,31.3,21.284,13.72,16.276,Our World in Data / WHO,2026-09-30 02:09:06
1264,COL,Colombia,2003,211.0504,50757,211.0504,453.7584,22.3488,31.4,21.352,13.38,16.328,Our World in Data / WHO,2026-09-30 02:09:06
1265,COL,Colombia,2004,207.5076,51731,207.5076,446.1413,21.9736,31.6,21.488,13.04,16.432,Our World in Data / WHO,2026-09-30 02:09:06
1266,COL,Colombia,2005,206.7901,53508,206.7901,444.5987,21.8976,31.7,21.556,12.7,16.484,Our World in Data / WHO,2026-09-30 02:09:06
1267,COL,Colombia,2006,203.9798,54921,203.9798,438.5566,21.6,31.8,21.624,12.4,16.536,Our World in Data / WHO,2026-09-30 02:09:06
1268,COL,Colombia,2007,193.9553,54670,193.9553,417.0039,20.5385,31.9,21.692,12.1,16.588,Our World in Data / WHO,2026-09-30 02:09:06
1269,COL,Colombia,2008,190.0096,56098,190.0096,408.5206,20.1207,32.0,21.76,11.8,16.64,Our World in Data / WHO,2026-09-30 02:09:06
1270,COL,Colombia,2009,174.6388,54165,174.6388,375.4734,18.493,32.0,21.76,11.5,16.64,Our World in Data / WHO,2026-09-30 02:09:06
1271,COL,Colombia,2010,174.0751,56335,174.0751,374.2615,18.4333,32.0,21.76,11.2,16.64,Our World in Data / WHO,2026-09-30 02:09:06
1272,COL,Colombia,2011,167.369,56496,167.369,359.8434,17.7232,32.0,21.76,10.94,16.64,Our World in Data / WHO,2026-09-30 02:09:06
1273,COL,Colombia,2012,164.6284,58018,164.6284,353.9511,17.433,31.9,21.692,10.68,16.588,Our World in Data / WHO,2026-09-30 02:09:06
1274,COL,Colombia,2013,161.5844,59645,161.5844,347.4065,17.1107,31.8,21.624,10.42,16.536,Our World in Data / WHO,2026-09-30 02:09:06
1275,COL,Colombia,2014,163.7477,63156,163.7477,352.0576,17.3397,31.6,21.488,10.16,16.432,Our World in Data / WHO,2026-09-30 02:09:06
1276,COL,Colombia,2015,166.9825,67200,166.9825,359.0124,17.6823,31.5,21.42,9.9,16.38,Our World in Data / WHO,2026-09-30 02:09:06
1277,COL,Colombia,2016,162.6016,68004,162.6016,349.5934,17.2184,31.3,21.284,9.68,16.276,Our World in Data / WHO,2026-09-30 02:09:06
1278,COL,Colombia,2017,161.8859,70218,161.8859,348.0547,17.1426,31.2,21.216,9.46,16.224,Our World in Data / WHO,2026-09-30 02:09:06
1279,COL,Colombia,2018,163.2192,74044,163.2192,350.9213,17.2838,31.1,21.148,9.24,16.172,Our World in Data / WHO,2026-09-30 02:09:06
1280,COL,Colombia,2019,156.3623,74048,156.3623,336.1789,16.5577,31.0,21.08,9.02,16.12,Our World in Data / WHO,2026-09-30 02:09:06
1281,COL,Colombia,2020,169.3046,82894,169.3046,364.0049,17.9282,31.0,21.08,8.8,16.12,Our World in Data / WHO,2026-09-30 02:09:06
1282,COL,Colombia,2021,193.4073,96191,193.4073,415.8257,20.4805,31.0,21.08,8.55,16.12,Our World in Data / WHO,2026-09-30 02:09:06
1283,COL,Colombia,2022,193.4073,96191,193.4073,415.8257,20.4805,31.0,21.08,8.3,16.12,Our World in Data / WHO,2026-09-30 02:09:06
1284,COM,Comoros,1990,306.7388,800,306.7388,659.4884,32.4815,33.9,23.052,57.0,17.628,Our World in Data / WHO,2026-09-30 02:09:06
1285,COM,Comoros,1991,306.7388,800,306.7388,659.4884,32.4815,33.9,23.052,57.0,17.628,Our World in Data / WHO,2026-09-30 02:09:06
1286,COM,Comoros,1992,306.7388,800,306.7388,659.4884,32.4815,34.0,23.12,57.0,17.68,Our World in Data / WHO,2026-09-30 02:09:06
1287,COM,Comoros,1993,306.7388,800,306.7388,659.4884,32.4815,34.1,23.188,57.0,17.732,Our World in Data / WHO,2026-09-30 02:09:06
1288,COM,Comoros,1994,306.7388,800,306.7388,659.4884,32.4815,34.2,23.256,57.0,17.784,Our World in Data / WHO,2026-09-30 02:09:06
1289,COM,Comoros,1995,306.7388,800,306.7388,659.4884,32.4815,34.3,23.324,57.0,17.836,Our World in Data / WHO,2026-09-30 02:09:06
1290,COM,Comoros,1996,306.7388,800,306.7388,659.4884,32.4815,34.4,23.392,57.0,17.888,Our World in Data / WHO,2026-09-30 02:09:06
1291,COM,Comoros,1997,306.7388,800,306.7388,659.4884,32.4815,34.5,23.46,57.0,17.94,Our World in Data / WHO,2026-09-30 02:09:06
1292,COM,Comoros,1998,306.7388,800,306.7388,659.4884,32.4815,34.6,23.528,57.0,17.992,Our World in Data / WHO,2026-09-30 02:09:06
1293,COM,Comoros,1999,306.7388,800,306.7388,659.4884,32.4815,34.8,23.664,57.0,18.096,Our World in Data / WHO,2026-09-30 02:09:06
1294,COM,Comoros,2000,306.7388,800,306.7388,659.4884,32.4815,35.0,23.8,57.0,18.2,Our World in Data / WHO,2026-09-30 02:09:06
1295,COM,Comoros,2001,296.4949,785,296.4949,637.464,31.3968,35.2,23.936,52.88,18.304,Our World in Data / WHO,2026-09-30 02:09:06
1296,COM,Comoros,2002,285.9604,772,285.9604,614.8149,30.2812,35.4,24.072,48.76,18.408,Our World in Data / WHO,2026-09-30 02:09:06
1297,COM,Comoros,2003,274.5393,754,274.5393,590.2595,29.0718,35.6,24.208,44.64,18.512,Our World in Data / WHO,2026-09-30 02:09:06
1298,COM,Comoros,2004,269.0158,754,269.0158,578.384,28.4869,35.8,24.344,40.52,18.616,Our World in Data / WHO,2026-09-30 02:09:06
1299,COM,Comoros,2005,264.4926,757,264.4926,568.6591,28.0079,36.0,24.48,36.4,18.72,Our World in Data / WHO,2026-09-30 02:09:06
1300,COM,Comoros,2006,262.0032,768,262.0032,563.3069,27.7443,36.1,24.548,33.4,18.772,Our World in Data / WHO,2026-09-30 02:09:06
1301,COM,Comoros,2007,258.4316,774,258.4316,555.6279,27.3661,36.2,24.616,30.4,18.824,Our World in Data / WHO,2026-09-30 02:09:06
1302,COM,Comoros,2008,258.4659,794,258.4659,555.7017,27.3697,36.2,24.616,28.1333,18.824,Our World in Data / WHO,2026-09-30 02:09:06
1303,COM,Comoros,2009,254.4339,801,254.4339,547.0329,26.9428,36.2,24.616,25.8667,18.824,Our World in Data / WHO,2026-09-30 02:09:06
1304,COM,Comoros,2010,254.1408,825,254.1408,546.4027,26.9117,36.0,24.48,23.6,18.72,Our World in Data / WHO,2026-09-30 02:09:06
1305,COM,Comoros,2011,251.441,838,251.441,540.5982,26.6259,35.8,24.344,22.12,18.616,Our World in Data / WHO,2026-09-30 02:09:06
1306,COM,Comoros,2012,249.7693,857,249.7693,537.004,26.4488,35.6,24.208,20.64,18.512,Our World in Data / WHO,2026-09-30 02:09:06
1307,COM,Comoros,2013,246.543,868,246.543,530.0674,26.1072,35.3,24.004,19.16,18.356,Our World in Data / WHO,2026-09-30 02:09:06
1308,COM,Comoros,2014,247.4636,898,247.4636,532.0467,26.2047,34.9,23.732,17.68,18.148,Our World in Data / WHO,2026-09-30 02:09:06
1309,COM,Comoros,2015,245.0885,914,245.0885,526.9403,25.9532,34.6,23.528,16.2,17.992,Our World in Data / WHO,2026-09-30 02:09:06
1310,COM,Comoros,2016,241.2993,929,241.2993,518.7935,25.5519,34.2,23.256,15.26,17.784,Our World in Data / WHO,2026-09-30 02:09:06
1311,COM,Comoros,2017,237.6455,942,237.6455,510.9378,25.165,33.9,23.052,14.32,17.628,Our World in Data / WHO,2026-09-30 02:09:06
1312,COM,Comoros,2018,236.4319,963,236.4319,508.3286,25.0365,33.5,22.78,13.38,17.42,Our World in Data / WHO,2026-09-30 02:09:06
1313,COM,Comoros,2019,236.3406,988,236.3406,508.1323,25.0268,33.2,22.576,12.44,17.264,Our World in Data / WHO,2026-09-30 02:09:06
1314,COM,Comoros,2020,245.7672,1047,245.7672,528.3995,26.025,33.2,22.576,11.5,17.264,Our World in Data / WHO,2026-09-30 02:09:06
1315,COM,Comoros,2021,236.8818,1032,236.8818,509.2959,25.0841,33.2,22.576,10.85,17.264,Our World in Data / WHO,2026-09-30 02:09:06
1316,COM,Comoros,2022,236.8818,1032,236.8818,509.2959,25.0841,33.2,22.576,10.2,17.264,Our World in Data / WHO,2026-09-30 02:09:06
1317,CPV,Cape Verde,1990,213.1655,525,213.1655,458.3058,22.5727,42.3,28.764,20.5,21.996,Our World in Data / WHO,2026-09-30 02:09:06
1318,CPV,Cape Verde,1991,213.1655,525,213.1655,458.3058,22.5727,42.5,28.9,20.5,22.1,Our World in Data / WHO,2026-09-30 02:09:06
1319,CPV,Cape Verde,1992,213.1655,525,213.1655,458.3058,22.5727,42.8,29.104,20.5,22.256,Our World in Data / WHO,2026-09-30 02:09:06
1320,CPV,Cape Verde,1993,213.1655,525,213.1655,458.3058,22.5727,43.0,29.24,20.5,22.36,Our World in Data / WHO,2026-09-30 02:09:06
1321,CPV,Cape Verde,1994,213.1655,525,213.1655,458.3058,22.5727,43.2,29.376,20.5,22.464,Our World in Data / WHO,2026-09-30 02:09:06
1322,CPV,Cape Verde,1995,213.1655,525,213.1655,458.3058,22.5727,43.5,29.58,20.5,22.62,Our World in Data / WHO,2026-09-30 02:09:06
1323,CPV,Cape Verde,1996,213.1655,525,213.1655,458.3058,22.5727,43.7,29.716,20.5,22.724,Our World in Data / WHO,2026-09-30 02:09:06
1324,CPV,Cape Verde,1997,213.1655,525,213.1655,458.3058,22.5727,44.0,29.92,20.5,22.88,Our World in Data / WHO,2026-09-30 02:09:06
1325,CPV,Cape Verde,1998,213.1655,525,213.1655,458.3058,22.5727,44.3,30.124,20.5,23.036,Our World in Data / WHO,2026-09-30 02:09:06
1326,CPV,Cape Verde,1999,213.1655,525,213.1655,458.3058,22.5727,44.6,30.328,20.5,23.192,Our World in Data / WHO,2026-09-30 02:09:06
1327,CPV,Cape Verde,2000,213.1655,525,213.1655,458.3058,22.5727,44.9,30.532,20.5,23.348,Our World in Data / WHO,2026-09-30 02:09:06
1328,CPV,Cape Verde,2001,218.8357,550,218.8357,470.4968,23.1732,45.2,30.736,19.94,23.504,Our World in Data / WHO,2026-09-30 02:09:06
1329,CPV,Cape Verde,2002,226.4123,580,226.4123,486.7864,23.9755,45.5,30.94,19.38,23.66,Our World in Data / WHO,2026-09-30 02:09:06
1330,CPV,Cape Verde,2003,235.2675,614,235.2675,505.8251,24.9132,45.9,31.212,18.82,23.868,Our World in Data / WHO,2026-09-30 02:09:06
1331,CPV,Cape Verde,2004,246.8915,655,246.8915,530.8167,26.1441,46.2,31.416,18.26,24.024,Our World in Data / WHO,2026-09-30 02:09:06
1332,CPV,Cape Verde,2005,263.1551,711,263.1551,565.7835,27.8663,46.4,31.552,17.7,24.128,Our World in Data / WHO,2026-09-30 02:09:06
1333,CPV,Cape Verde,2006,261.7656,715,261.7656,562.796,27.7192,46.7,31.756,17.2,24.284,Our World in Data / WHO,2026-09-30 02:09:06
1334,CPV,Cape Verde,2007,271.3301,753,271.3301,583.3597,28.732,46.8,31.824,16.7,24.336,Our World in Data / WHO,2026-09-30 02:09:06
1335,CPV,Cape Verde,2008,285.5951,806,285.5951,614.0295,30.2425,46.9,31.892,16.2333,24.388,Our World in Data / WHO,2026-09-30 02:09:06
1336,CPV,Cape Verde,2009,300.8289,865,300.8289,646.7821,31.8557,46.9,31.892,15.7667,24.388,Our World in Data / WHO,2026-09-30 02:09:06
1337,CPV,Cape Verde,2010,298.8679,884,298.8679,642.566,31.648,46.8,31.824,15.3,24.336,Our World in Data / WHO,2026-09-30 02:09:06
1338,CPV,Cape Verde,2011,295.3997,906,295.3997,635.1094,31.2808,46.6,31.688,14.9,24.232,Our World in Data / WHO,2026-09-30 02:09:06
1339,CPV,Cape Verde,2012,287.766,916,287.766,618.6969,30.4724,46.3,31.484,14.5,24.076,Our World in Data / WHO,2026-09-30 02:09:06
1340,CPV,Cape Verde,2013,276.1388,910,276.1388,593.6984,29.2412,46.0,31.28,14.1,23.92,Our World in Data / WHO,2026-09-30 02:09:06
1341,CPV,Cape Verde,2014,272.6814,926,272.6814,586.265,28.8751,45.7,31.076,13.7,23.764,Our World in Data / WHO,2026-09-30 02:09:06
1342,CPV,Cape Verde,2015,277.001,967,277.001,595.5521,29.3325,45.4,30.872,13.3,23.608,Our World in Data / WHO,2026-09-30 02:09:06
1343,CPV,Cape Verde,2016,283.5088,1016,283.5088,609.5439,30.0216,45.1,30.668,12.96,23.452,Our World in Data / WHO,2026-09-30 02:09:06
1344,CPV,Cape Verde,2017,283.079,1044,283.079,608.6198,29.9761,44.7,30.396,12.62,23.244,Our World in Data / WHO,2026-09-30 02:09:06
1345,CPV,Cape Verde,2018,324.5717,1225,324.5717,697.8292,34.3699,44.4,30.192,12.28,23.088,Our World in Data / WHO,2026-09-30 02:09:06
1346,CPV,Cape Verde,2019,313.9533,1218,313.9533,674.9996,33.2455,44.1,29.988,11.94,22.932,Our World in Data / WHO,2026-09-30 02:09:06
1347,CPV,Cape Verde,2020,310.0565,1227,310.0565,666.6215,32.8328,44.1,29.988,11.6,22.932,Our World in Data / WHO,2026-09-30 02:09:06
1348,CPV,Cape Verde,2021,298.3277,1195,298.3277,641.4046,31.5908,44.1,29.988,11.3,22.932,Our World in Data / WHO,2026-09-30 02:09:06
1349,CPV,Cape Verde,2022,298.3277,1195,298.3277,641.4046,31.5908,44.1,29.988,11.0,22.932,Our World in Data / WHO,2026-09-30 02:09:06
1350,CRI,Costa Rica,1990,177.1904,4700,177.1904,380.9594,18.7632,33.5,22.78,17.3,17.42,Our World in Data / WHO,2026-09-30 02:09:06
1351,CRI,Costa Rica,1991,177.1904,4700,177.1904,380.9594,18.7632,33.8,22.984,17.3,17.576,Our World in Data / WHO,2026-09-30 02:09:06
1352,CRI,Costa Rica,1992,177.1904,4700,177.1904,380.9594,18.7632,34.1,23.188,17.3,17.732,Our World in Data / WHO,2026-09-30 02:09:06
1353,CRI,Costa Rica,1993,177.1904,4700,177.1904,380.9594,18.7632,34.4,23.392,17.3,17.888,Our World in Data / WHO,2026-09-30 02:09:06
1354,CRI,Costa Rica,1994,177.1904,4700,177.1904,380.9594,18.7632,34.7,23.596,17.3,18.044,Our World in Data / WHO,2026-09-30 02:09:06
1355,CRI,Costa Rica,1995,177.1904,4700,177.1904,380.9594,18.7632,35.0,23.8,17.3,18.2,Our World in Data / WHO,2026-09-30 02:09:06
1356,CRI,Costa Rica,1996,177.1904,4700,177.1904,380.9594,18.7632,35.3,24.004,17.3,18.356,Our World in Data / WHO,2026-09-30 02:09:06
1357,CRI,Costa Rica,1997,177.1904,4700,177.1904,380.9594,18.7632,35.7,24.276,17.3,18.564,Our World in Data / WHO,2026-09-30 02:09:06
1358,CRI,Costa Rica,1998,177.1904,4700,177.1904,380.9594,18.7632,36.0,24.48,17.3,18.72,Our World in Data / WHO,2026-09-30 02:09:06
1359,CRI,Costa Rica,1999,177.1904,4700,177.1904,380.9594,18.7632,36.3,24.684,17.3,18.876,Our World in Data / WHO,2026-09-30 02:09:06
1360,CRI,Costa Rica,2000,177.1904,4700,177.1904,380.9594,18.7632,36.6,24.888,17.3,19.032,Our World in Data / WHO,2026-09-30 02:09:06
1361,CRI,Costa Rica,2001,174.4582,4838,174.4582,375.0851,18.4739,36.9,25.092,16.76,19.188,Our World in Data / WHO,2026-09-30 02:09:06
1362,CRI,Costa Rica,2002,157.1448,4565,157.1448,337.8613,16.6405,37.2,25.296,16.22,19.344,Our World in Data / WHO,2026-09-30 02:09:06
1363,CRI,Costa Rica,2003,146.4356,4451,146.4356,314.8365,15.5065,37.4,25.432,15.68,19.448,Our World in Data / WHO,2026-09-30 02:09:06
1364,CRI,Costa Rica,2004,148.4624,4752,148.4624,319.1942,15.7211,37.7,25.636,15.14,19.604,Our World in Data / WHO,2026-09-30 02:09:06
1365,CRI,Costa Rica,2005,134.362,4506,134.362,288.8783,14.228,38.0,25.84,14.6,19.76,Our World in Data / WHO,2026-09-30 02:09:06
1366,CRI,Costa Rica,2006,137.6245,4862,137.6245,295.8927,14.5735,38.2,25.976,14.15,19.864,Our World in Data / WHO,2026-09-30 02:09:06
1367,CRI,Costa Rica,2007,126.5927,4693,126.5927,272.1743,13.4053,38.5,26.18,13.7,20.02,Our World in Data / WHO,2026-09-30 02:09:06
1368,CRI,Costa Rica,2008,121.1123,4729,121.1123,260.3914,12.825,38.7,26.316,13.2667,20.124,Our World in Data / WHO,2026-09-30 02:09:06
1369,CRI,Costa Rica,2009,117.7574,4836,117.7574,253.1784,12.4697,38.8,26.384,12.8333,20.176,Our World in Data / WHO,2026-09-30 02:09:06
1370,CRI,Costa Rica,2010,128.7177,5552,128.7177,276.7431,13.6303,38.9,26.452,12.4,20.228,Our World in Data / WHO,2026-09-30 02:09:06
1371,CRI,Costa Rica,2011,119.6331,5415,119.6331,257.2112,12.6683,38.9,26.452,12.02,20.228,Our World in Data / WHO,2026-09-30 02:09:06
1372,CRI,Costa Rica,2012,120.019,5698,120.019,258.0408,12.7092,38.9,26.452,11.64,20.228,Our World in Data / WHO,2026-09-30 02:09:06
1373,CRI,Costa Rica,2013,112.517,5610,112.517,241.9116,12.0,38.7,26.316,11.26,20.124,Our World in Data / WHO,2026-09-30 02:09:06
1374,CRI,Costa Rica,2014,114.243,5979,114.243,245.6224,12.0975,38.6,26.248,10.88,20.072,Our World in Data / WHO,2026-09-30 02:09:06
1375,CRI,Costa Rica,2015,103.6512,5687,103.6512,222.8501,12.0,38.4,26.112,10.5,19.968,Our World in Data / WHO,2026-09-30 02:09:06
1376,CRI,Costa Rica,2016,101.8312,5844,101.8312,218.9371,12.0,38.2,25.976,10.2,19.864,Our World in Data / WHO,2026-09-30 02:09:06
1377,CRI,Costa Rica,2017,100.5698,6016,100.5698,216.2251,12.0,38.1,25.908,9.9,19.812,Our World in Data / WHO,2026-09-30 02:09:06
1378,CRI,Costa Rica,2018,100.9636,6319,100.9636,217.0717,12.0,37.9,25.772,9.6,19.708,Our World in Data / WHO,2026-09-30 02:09:06
1379,CRI,Costa Rica,2019,93.9511,6137,93.9511,201.9949,12.0,37.8,25.704,9.3,19.656,Our World in Data / WHO,2026-09-30 02:09:06
1380,CRI,Costa Rica,2020,84.623,5768,84.623,181.9394,12.0,37.8,25.704,9.0,19.656,Our World in Data / WHO,2026-09-30 02:09:06
1381,CRI,Costa Rica,2021,88.3459,6197,88.3459,189.9437,12.0,37.8,25.704,8.7,19.656,Our World in Data / WHO,2026-09-30 02:09:06
1382,CRI,Costa Rica,2022,88.3459,6197,88.3459,189.9437,12.0,37.8,25.704,8.4,19.656,Our World in Data / WHO,2026-09-30 02:09:06
1383,CUB,Cuba,1990,221.361,31102,221.361,475.9261,23.4406,34.9,23.732,40.5,18.148,Our World in Data / WHO,2026-09-30 02:09:06
1384,CUB,Cuba,1991,221.361,31102,221.361,475.9261,23.4406,35.0,23.8,40.5,18.2,Our World in Data / WHO,2026-09-30 02:09:06
1385,CUB,Cuba,1992,221.361,31102,221.361,475.9261,23.4406,35.1,23.868,40.5,18.252,Our World in Data / WHO,2026-09-30 02:09:06
1386,CUB,Cuba,1993,221.361,31102,221.361,475.9261,23.4406,35.2,23.936,40.5,18.304,Our World in Data / WHO,2026-09-30 02:09:06
1387,CUB,Cuba,1994,221.361,31102,221.361,475.9261,23.4406,35.3,24.004,40.5,18.356,Our World in Data / WHO,2026-09-30 02:09:06
1388,CUB,Cuba,1995,221.361,31102,221.361,475.9261,23.4406,35.4,24.072,40.5,18.408,Our World in Data / WHO,2026-09-30 02:09:06
1389,CUB,Cuba,1996,221.361,31102,221.361,475.9261,23.4406,35.6,24.208,40.5,18.512,Our World in Data / WHO,2026-09-30 02:09:06
1390,CUB,Cuba,1997,221.361,31102,221.361,475.9261,23.4406,35.7,24.276,40.5,18.564,Our World in Data / WHO,2026-09-30 02:09:06
1391,CUB,Cuba,1998,221.361,31102,221.361,475.9261,23.4406,35.9,24.412,40.5,18.668,Our World in Data / WHO,2026-09-30 02:09:06
1392,CUB,Cuba,1999,221.361,31102,221.361,475.9261,23.4406,36.0,24.48,40.5,18.72,Our World in Data / WHO,2026-09-30 02:09:06
1393,CUB,Cuba,2000,221.361,31102,221.361,475.9261,23.4406,36.2,24.616,40.5,18.824,Our World in Data / WHO,2026-09-30 02:09:06
1394,CUB,Cuba,2001,219.9955,31923,219.9955,472.9903,23.296,36.5,24.82,39.04,18.98,Our World in Data / WHO,2026-09-30 02:09:06
1395,CUB,Cuba,2002,196.6541,29413,196.6541,422.8063,20.8243,36.7,24.956,37.58,19.084,Our World in Data / WHO,2026-09-30 02:09:06
1396,CUB,Cuba,2003,200.8777,31068,200.8777,431.8871,21.2716,37.0,25.16,36.12,19.24,Our World in Data / WHO,2026-09-30 02:09:06
1397,CUB,Cuba,2004,200.0379,31852,200.0379,430.0815,21.1826,37.2,25.296,34.66,19.344,Our World in Data / WHO,2026-09-30 02:09:06
1398,CUB,Cuba,2005,206.1065,33775,206.1065,443.129,21.8252,37.5,25.5,33.2,19.5,Our World in Data / WHO,2026-09-30 02:09:06
1399,CUB,Cuba,2006,191.0762,31878,191.0762,410.8138,20.2336,37.8,25.704,31.95,19.656,Our World in Data / WHO,2026-09-30 02:09:06
1400,CUB,Cuba,2007,186.2104,31864,186.2104,400.3524,19.7184,38.1,25.908,30.7,19.812,Our World in Data / WHO,2026-09-30 02:09:06
1401,CUB,Cuba,2008,193.6351,33993,193.6351,416.3155,20.5046,38.4,26.112,29.5667,19.968,Our World in Data / WHO,2026-09-30 02:09:06
1402,CUB,Cuba,2009,187.0687,33618,187.0687,402.1977,19.8093,38.6,26.248,28.4333,20.072,Our World in Data / WHO,2026-09-30 02:09:06
1403,CUB,Cuba,2010,195.12,35887,195.12,419.508,20.6619,38.8,26.384,27.3,20.176,Our World in Data / WHO,2026-09-30 02:09:06
1404,CUB,Cuba,2011,174.7421,32933,174.7421,375.6955,18.504,39.0,26.52,26.34,20.28,Our World in Data / WHO,2026-09-30 02:09:06
1405,CUB,Cuba,2012,174.1606,33479,174.1606,374.4453,18.4424,39.1,26.588,25.38,20.332,Our World in Data / WHO,2026-09-30 02:09:06
1406,CUB,Cuba,2013,173.3897,34150,173.3897,372.7879,18.3608,39.3,26.724,24.42,20.436,Our World in Data / WHO,2026-09-30 02:09:06
1407,CUB,Cuba,2014,177.6196,35715,177.6196,381.8821,18.8087,39.4,26.792,23.46,20.488,Our World in Data / WHO,2026-09-30 02:09:06
1408,CUB,Cuba,2015,177.8332,36449,177.8332,382.3414,18.8313,39.5,26.86,22.5,20.54,Our World in Data / WHO,2026-09-30 02:09:06
1409,CUB,Cuba,2016,173.9812,36255,173.9812,374.0596,18.4234,39.6,26.928,21.72,20.592,Our World in Data / WHO,2026-09-30 02:09:06
1410,CUB,Cuba,2017,188.418,39860,188.418,405.0987,19.9522,39.7,26.996,20.94,20.644,Our World in Data / WHO,2026-09-30 02:09:06
1411,CUB,Cuba,2018,179.7219,38604,179.7219,386.4021,19.0313,39.8,27.064,20.16,20.696,Our World in Data / WHO,2026-09-30 02:09:06
1412,CUB,Cuba,2019,182.7794,39870,182.7794,392.9757,19.3551,39.9,27.132,19.38,20.748,Our World in Data / WHO,2026-09-30 02:09:06
1413,CUB,Cuba,2020,195.3462,43803,195.3462,419.9943,20.6858,39.9,27.132,18.6,20.748,Our World in Data / WHO,2026-09-30 02:09:06
1414,CUB,Cuba,2021,215.7936,49799,215.7936,463.9562,22.851,39.9,27.132,17.95,20.748,Our World in Data / WHO,2026-09-30 02:09:06
1415,CUB,Cuba,2022,215.7936,49799,215.7936,463.9562,22.851,39.9,27.132,17.3,20.748,Our World in Data / WHO,2026-09-30 02:09:06
1416,CYP,Cyprus,1990,194.8086,2365,194.8086,418.8385,20.6289,38.3,26.044,40.0,19.916,Our World in Data / WHO,2026-09-30 02:09:06
1417,CYP,Cyprus,1991,194.8086,2365,194.8086,418.8385,20.6289,38.1,25.908,40.0,19.812,Our World in Data / WHO,2026-09-30 02:09:06
1418,CYP,Cyprus,1992,194.8086,2365,194.8086,418.8385,20.6289,37.9,25.772,40.0,19.708,Our World in Data / WHO,2026-09-30 02:09:06
1419,CYP,Cyprus,1993,194.8086,2365,194.8086,418.8385,20.6289,37.7,25.636,40.0,19.604,Our World in Data / WHO,2026-09-30 02:09:06
1420,CYP,Cyprus,1994,194.8086,2365,194.8086,418.8385,20.6289,37.5,25.5,40.0,19.5,Our World in Data / WHO,2026-09-30 02:09:06
1421,CYP,Cyprus,1995,194.8086,2365,194.8086,418.8385,20.6289,37.3,25.364,40.0,19.396,Our World in Data / WHO,2026-09-30 02:09:06
1422,CYP,Cyprus,1996,194.8086,2365,194.8086,418.8385,20.6289,37.2,25.296,40.0,19.344,Our World in Data / WHO,2026-09-30 02:09:06
1423,CYP,Cyprus,1997,194.8086,2365,194.8086,418.8385,20.6289,37.0,25.16,40.0,19.24,Our World in Data / WHO,2026-09-30 02:09:06
1424,CYP,Cyprus,1998,194.8086,2365,194.8086,418.8385,20.6289,36.8,25.024,40.0,19.136,Our World in Data / WHO,2026-09-30 02:09:06
1425,CYP,Cyprus,1999,194.8086,2365,194.8086,418.8385,20.6289,36.6,24.888,40.0,19.032,Our World in Data / WHO,2026-09-30 02:09:06
1426,CYP,Cyprus,2000,194.8086,2365,194.8086,418.8385,20.6289,36.4,24.752,40.0,18.928,Our World in Data / WHO,2026-09-30 02:09:06
1427,CYP,Cyprus,2001,193.1254,2412,193.1254,415.2196,20.4506,36.3,24.684,39.64,18.876,Our World in Data / WHO,2026-09-30 02:09:06
1428,CYP,Cyprus,2002,188.7802,2415,188.7802,405.8774,19.9905,36.1,24.548,39.28,18.772,Our World in Data / WHO,2026-09-30 02:09:06
1429,CYP,Cyprus,2003,185.5543,2432,185.5543,398.9417,19.6489,36.0,24.48,38.92,18.72,Our World in Data / WHO,2026-09-30 02:09:06
1430,CYP,Cyprus,2004,182.5903,2442,182.5903,392.5691,19.335,35.8,24.344,38.56,18.616,Our World in Data / WHO,2026-09-30 02:09:06
1431,CYP,Cyprus,2005,176.3235,2446,176.3235,379.0955,18.6714,35.6,24.208,38.2,18.512,Our World in Data / WHO,2026-09-30 02:09:06
1432,CYP,Cyprus,2006,172.1789,2436,172.1789,370.1846,18.2325,35.3,24.004,37.85,18.356,Our World in Data / WHO,2026-09-30 02:09:06
1433,CYP,Cyprus,2007,160.6119,2348,160.6119,345.3156,17.0077,35.0,23.8,37.5,18.2,Our World in Data / WHO,2026-09-30 02:09:06
1434,CYP,Cyprus,2008,152.9951,2312,152.9951,328.9395,16.2011,34.7,23.596,37.1333,18.044,Our World in Data / WHO,2026-09-30 02:09:06
1435,CYP,Cyprus,2009,143.5754,2271,143.5754,308.6871,15.2036,34.3,23.324,36.7667,17.836,Our World in Data / WHO,2026-09-30 02:09:06
1436,CYP,Cyprus,2010,142.519,2326,142.519,306.4158,15.0918,33.9,23.052,36.4,17.628,Our World in Data / WHO,2026-09-30 02:09:06
1437,CYP,Cyprus,2011,139.4743,2384,139.4743,299.8697,14.7694,33.6,22.848,36.08,17.472,Our World in Data / WHO,2026-09-30 02:09:06
1438,CYP,Cyprus,2012,129.5632,2288,129.5632,278.5609,13.7198,33.2,22.576,35.76,17.264,Our World in Data / WHO,2026-09-30 02:09:06
1439,CYP,Cyprus,2013,118.6997,2174,118.6997,255.2044,12.5695,32.8,22.304,35.44,17.056,Our World in Data / WHO,2026-09-30 02:09:06
1440,CYP,Cyprus,2014,121.1168,2290,121.1168,260.4011,12.8254,32.4,22.032,35.12,16.848,Our World in Data / WHO,2026-09-30 02:09:06
1441,CYP,Cyprus,2015,120.6933,2368,120.6933,259.4906,12.7806,32.1,21.828,34.8,16.692,Our World in Data / WHO,2026-09-30 02:09:06
1442,CYP,Cyprus,2016,116.2036,2379,116.2036,249.8377,12.3052,31.7,21.556,34.56,16.484,Our World in Data / WHO,2026-09-30 02:09:06
1443,CYP,Cyprus,2017,110.9003,2332,110.9003,238.4356,12.0,31.4,21.352,34.32,16.328,Our World in Data / WHO,2026-09-30 02:09:06
1444,CYP,Cyprus,2018,101.9318,2217,101.9318,219.1534,12.0,31.1,21.148,34.08,16.172,Our World in Data / WHO,2026-09-30 02:09:06
1445,CYP,Cyprus,2019,95.3451,2138,95.3451,204.992,12.0,30.8,20.944,33.84,16.016,Our World in Data / WHO,2026-09-30 02:09:06
1446,CYP,Cyprus,2020,96.7762,2285,96.7762,208.0688,12.0,30.8,20.944,33.6,16.016,Our World in Data / WHO,2026-09-30 02:09:06
1447,CYP,Cyprus,2021,88.8482,2138,88.8482,191.0236,12.0,30.8,20.944,33.2,16.016,Our World in Data / WHO,2026-09-30 02:09:06
1448,CYP,Cyprus,2022,88.8482,2138,88.8482,191.0236,12.0,30.8,20.944,32.8,16.016,Our World in Data / WHO,2026-09-30 02:09:06
1449,CZE,Czechia,1990,337.2767,56146,337.2767,725.1449,35.7153,46.4,31.552,34.7,24.128,Our World in Data / WHO,2026-09-30 02:09:06
1450,CZE,Czechia,1991,337.2767,56146,337.2767,725.1449,35.7153,45.9,31.212,34.7,23.868,Our World in Data / WHO,2026-09-30 02:09:06
1451,CZE,Czechia,1992,337.2767,56146,337.2767,725.1449,35.7153,45.3,30.804,34.7,23.556,Our World in Data / WHO,2026-09-30 02:09:06
1452,CZE,Czechia,1993,337.2767,56146,337.2767,725.1449,35.7153,44.8,30.464,34.7,23.296,Our World in Data / WHO,2026-09-30 02:09:06
1453,CZE,Czechia,1994,337.2767,56146,337.2767,725.1449,35.7153,44.2,30.056,34.7,22.984,Our World in Data / WHO,2026-09-30 02:09:06
1454,CZE,Czechia,1995,337.2767,56146,337.2767,725.1449,35.7153,43.7,29.716,34.7,22.724,Our World in Data / WHO,2026-09-30 02:09:06
1455,CZE,Czechia,1996,337.2767,56146,337.2767,725.1449,35.7153,43.2,29.376,34.7,22.464,Our World in Data / WHO,2026-09-30 02:09:06
1456,CZE,Czechia,1997,337.2767,56146,337.2767,725.1449,35.7153,42.8,29.104,34.7,22.256,Our World in Data / WHO,2026-09-30 02:09:06
1457,CZE,Czechia,1998,337.2767,56146,337.2767,725.1449,35.7153,42.4,28.832,34.7,22.048,Our World in Data / WHO,2026-09-30 02:09:06
1458,CZE,Czechia,1999,337.2767,56146,337.2767,725.1449,35.7153,42.1,28.628,34.7,21.892,Our World in Data / WHO,2026-09-30 02:09:06
1459,CZE,Czechia,2000,337.2767,56146,337.2767,725.1449,35.7153,41.8,28.424,34.7,21.736,Our World in Data / WHO,2026-09-30 02:09:06
1460,CZE,Czechia,2001,331.8434,56058,331.8434,713.4633,35.1399,41.7,28.356,34.42,21.684,Our World in Data / WHO,2026-09-30 02:09:06
1461,CZE,Czechia,2002,330.7609,56191,330.7609,711.1359,35.0253,41.6,28.288,34.14,21.632,Our World in Data / WHO,2026-09-30 02:09:06
1462,CZE,Czechia,2003,333.2077,57017,333.2077,716.3966,35.2844,41.6,28.288,33.86,21.632,Our World in Data / WHO,2026-09-30 02:09:06
1463,CZE,Czechia,2004,311.131,54026,311.131,668.9316,32.9466,41.6,28.288,33.58,21.632,Our World in Data / WHO,2026-09-30 02:09:06
1464,CZE,Czechia,2005,304.2799,54442,304.2799,654.2018,32.2211,41.6,28.288,33.3,21.632,Our World in Data / WHO,2026-09-30 02:09:06
1465,CZE,Czechia,2006,281.9255,52039,281.9255,606.1398,29.854,41.7,28.356,33.0,21.684,Our World in Data / WHO,2026-09-30 02:09:06
1466,CZE,Czechia,2007,272.6556,52305,272.6556,586.2095,28.8723,41.8,28.424,32.7,21.736,Our World in Data / WHO,2026-09-30 02:09:06
1467,CZE,Czechia,2008,262.5792,52125,262.5792,564.5453,27.8053,41.9,28.492,32.4333,21.788,Our World in Data / WHO,2026-09-30 02:09:06
1468,CZE,Czechia,2009,263.2036,53967,263.2036,565.8877,27.8714,41.9,28.492,32.1667,21.788,Our World in Data / WHO,2026-09-30 02:09:06
1469,CZE,Czechia,2010,253.7186,53419,253.7186,545.495,26.867,42.0,28.56,31.9,21.84,Our World in Data / WHO,2026-09-30 02:09:06
1470,CZE,Czechia,2011,243.3677,52482,243.3677,523.2406,25.7709,42.0,28.56,31.64,21.84,Our World in Data / WHO,2026-09-30 02:09:06
1471,CZE,Czechia,2012,238.2196,52830,238.2196,512.1721,25.2258,41.9,28.492,31.38,21.788,Our World in Data / WHO,2026-09-30 02:09:06
1472,CZE,Czechia,2013,228.3228,51824,228.3228,490.894,24.1778,41.9,28.492,31.12,21.788,Our World in Data / WHO,2026-09-30 02:09:06
1473,CZE,Czechia,2014,209.4409,48704,209.4409,450.2979,22.1783,41.8,28.424,30.86,21.736,Our World in Data / WHO,2026-09-30 02:09:06
1474,CZE,Czechia,2015,214.6556,51187,214.6556,461.5095,22.7305,41.8,28.424,30.6,21.736,Our World in Data / WHO,2026-09-30 02:09:06
1475,CZE,Czechia,2016,195.9403,47681,195.9403,421.2716,20.7487,41.7,28.356,30.34,21.684,Our World in Data / WHO,2026-09-30 02:09:06
1476,CZE,Czechia,2017,197.8927,49249,197.8927,425.4693,20.9555,41.7,28.356,30.08,21.684,Our World in Data / WHO,2026-09-30 02:09:06
1477,CZE,Czechia,2018,190.8525,48504,190.8525,410.3329,20.21,41.6,28.288,29.82,21.632,Our World in Data / WHO,2026-09-30 02:09:06
1478,CZE,Czechia,2019,181.4377,46921,181.4377,390.0911,19.213,41.6,28.288,29.56,21.632,Our World in Data / WHO,2026-09-30 02:09:06
1479,CZE,Czechia,2020,191.6367,50346,191.6367,412.0189,20.293,41.6,28.288,29.3,21.632,Our World in Data / WHO,2026-09-30 02:09:06
1480,CZE,Czechia,2021,183.1169,47882,183.1169,393.7013,19.3908,41.6,28.288,29.05,21.632,Our World in Data / WHO,2026-09-30 02:09:06
1481,CZE,Czechia,2022,183.1169,47882,183.1169,393.7013,19.3908,41.6,28.288,28.8,21.632,Our World in Data / WHO,2026-09-30 02:09:06
1482,DEU,Germany,1990,213.2231,383842,213.2231,458.4297,22.5788,48.1,32.708,34.9,25.012,Our World in Data / WHO,2026-09-30 02:09:06
1483,DEU,Germany,1991,213.2231,383842,213.2231,458.4297,22.5788,47.3,32.164,34.9,24.596,Our World in Data / WHO,2026-09-30 02:09:06
1484,DEU,Germany,1992,213.2231,383842,213.2231,458.4297,22.5788,46.5,31.62,34.9,24.18,Our World in Data / WHO,2026-09-30 02:09:06
1485,DEU,Germany,1993,213.2231,383842,213.2231,458.4297,22.5788,45.7,31.076,34.9,23.764,Our World in Data / WHO,2026-09-30 02:09:06
1486,DEU,Germany,1994,213.2231,383842,213.2231,458.4297,22.5788,44.8,30.464,34.9,23.296,Our World in Data / WHO,2026-09-30 02:09:06
1487,DEU,Germany,1995,213.2231,383842,213.2231,458.4297,22.5788,44.0,29.92,34.9,22.88,Our World in Data / WHO,2026-09-30 02:09:06
1488,DEU,Germany,1996,213.2231,383842,213.2231,458.4297,22.5788,43.1,29.308,34.9,22.412,Our World in Data / WHO,2026-09-30 02:09:06
1489,DEU,Germany,1997,213.2231,383842,213.2231,458.4297,22.5788,42.3,28.764,34.9,21.996,Our World in Data / WHO,2026-09-30 02:09:06
1490,DEU,Germany,1998,213.2231,383842,213.2231,458.4297,22.5788,41.6,28.288,34.9,21.632,Our World in Data / WHO,2026-09-30 02:09:06
1491,DEU,Germany,1999,213.2231,383842,213.2231,458.4297,22.5788,40.9,27.812,34.9,21.268,Our World in Data / WHO,2026-09-30 02:09:06
1492,DEU,Germany,2000,213.2231,383842,213.2231,458.4297,22.5788,40.2,27.336,34.9,20.904,Our World in Data / WHO,2026-09-30 02:09:06
1493,DEU,Germany,2001,207.6154,379173,207.6154,446.3731,21.985,39.6,26.928,34.24,20.592,Our World in Data / WHO,2026-09-30 02:09:06
1494,DEU,Germany,2002,206.7952,380513,206.7952,444.6097,21.8982,39.0,26.52,33.58,20.28,Our World in Data / WHO,2026-09-30 02:09:06
1495,DEU,Germany,2003,207.274,382529,207.274,445.6391,21.9489,38.5,26.18,32.92,20.02,Our World in Data / WHO,2026-09-30 02:09:06
1496,DEU,Germany,2004,190.9718,356662,190.9718,410.5894,20.2226,37.9,25.772,32.26,19.708,Our World in Data / WHO,2026-09-30 02:09:06
1497,DEU,Germany,2005,184.1999,354986,184.1999,396.0298,19.5055,37.4,25.432,31.6,19.448,Our World in Data / WHO,2026-09-30 02:09:06
1498,DEU,Germany,2006,174.0237,347083,174.0237,374.151,18.4279,36.8,25.024,31.0,19.136,Our World in Data / WHO,2026-09-30 02:09:06
1499,DEU,Germany,2007,168.386,346663,168.386,362.0299,17.8309,36.2,24.616,30.4,18.824,Our World in Data / WHO,2026-09-30 02:09:06
1500,DEU,Germany,2008,162.7314,345756,162.7314,349.8725,17.2321,35.7,24.276,29.8333,18.564,Our World in Data / WHO,2026-09-30 02:09:06
1501,DEU,Germany,2009,158.5622,345229,158.5622,340.9087,16.7906,35.2,23.936,29.2667,18.304,Our World in Data / WHO,2026-09-30 02:09:06
1502,DEU,Germany,2010,152.6748,341414,152.6748,328.2508,16.1672,34.6,23.528,28.7,17.992,Our World in Data / WHO,2026-09-30 02:09:06
1503,DEU,Germany,2011,143.6526,330663,143.6526,308.8531,15.2118,34.0,23.12,28.18,17.68,Our World in Data / WHO,2026-09-30 02:09:06
1504,DEU,Germany,2012,142.6036,337460,142.6036,306.5977,15.1007,33.4,22.712,27.66,17.368,Our World in Data / WHO,2026-09-30 02:09:06
1505,DEU,Germany,2013,145.508,353998,145.508,312.8422,15.4083,32.8,22.304,27.14,17.056,Our World in Data / WHO,2026-09-30 02:09:06
1506,DEU,Germany,2014,135.8366,337671,135.8366,292.0487,14.3842,32.2,21.896,26.62,16.744,Our World in Data / WHO,2026-09-30 02:09:06
1507,DEU,Germany,2015,139.1407,355193,139.1407,299.1525,14.734,31.7,21.556,26.1,16.484,Our World in Data / WHO,2026-09-30 02:09:06
1508,DEU,Germany,2016,130.4571,339290,130.4571,280.4828,13.8145,31.2,21.216,25.62,16.224,Our World in Data / WHO,2026-09-30 02:09:06
1509,DEU,Germany,2017,129.4158,344866,129.4158,278.244,13.7042,30.7,20.876,25.14,15.964,Our World in Data / WHO,2026-09-30 02:09:06
1510,DEU,Germany,2018,128.9156,348454,128.9156,277.1685,13.6513,30.2,20.536,24.66,15.704,Our World in Data / WHO,2026-09-30 02:09:06
1511,DEU,Germany,2019,122.841,340268,122.841,264.1081,13.008,29.7,20.196,24.18,15.444,Our World in Data / WHO,2026-09-30 02:09:06
1512,DEU,Germany,2020,122.5286,348816,122.5286,263.4365,12.9749,29.7,20.196,23.7,15.444,Our World in Data / WHO,2026-09-30 02:09:06
1513,DEU,Germany,2021,121.1731,352983,121.1731,260.5222,12.8314,29.7,20.196,23.25,15.444,Our World in Data / WHO,2026-09-30 02:09:06
1514,DEU,Germany,2022,121.1731,352983,121.1731,260.5222,12.8314,29.7,20.196,22.8,15.444,Our World in Data / WHO,2026-09-30 02:09:06
1515,DJI,Djibouti,1990,272.4539,817,272.4539,585.7759,28.851,34.8,23.664,31.1,18.096,Our World in Data / WHO,2026-09-30 02:09:06
1516,DJI,Djibouti,1991,272.4539,817,272.4539,585.7759,28.851,34.9,23.732,31.1,18.148,Our World in Data / WHO,2026-09-30 02:09:06
1517,DJI,Djibouti,1992,272.4539,817,272.4539,585.7759,28.851,34.9,23.732,31.1,18.148,Our World in Data / WHO,2026-09-30 02:09:06
1518,DJI,Djibouti,1993,272.4539,817,272.4539,585.7759,28.851,35.0,23.8,31.1,18.2,Our World in Data / WHO,2026-09-30 02:09:06
1519,DJI,Djibouti,1994,272.4539,817,272.4539,585.7759,28.851,35.1,23.868,31.1,18.252,Our World in Data / WHO,2026-09-30 02:09:06
1520,DJI,Djibouti,1995,272.4539,817,272.4539,585.7759,28.851,35.2,23.936,31.1,18.304,Our World in Data / WHO,2026-09-30 02:09:06
1521,DJI,Djibouti,1996,272.4539,817,272.4539,585.7759,28.851,35.3,24.004,31.1,18.356,Our World in Data / WHO,2026-09-30 02:09:06
1522,DJI,Djibouti,1997,272.4539,817,272.4539,585.7759,28.851,35.4,24.072,31.1,18.408,Our World in Data / WHO,2026-09-30 02:09:06
1523,DJI,Djibouti,1998,272.4539,817,272.4539,585.7759,28.851,35.6,24.208,31.1,18.512,Our World in Data / WHO,2026-09-30 02:09:06
1524,DJI,Djibouti,1999,272.4539,817,272.4539,585.7759,28.851,35.7,24.276,31.1,18.564,Our World in Data / WHO,2026-09-30 02:09:06
1525,DJI,Djibouti,2000,272.4539,817,272.4539,585.7759,28.851,35.9,24.412,31.1,18.668,Our World in Data / WHO,2026-09-30 02:09:06
1526,DJI,Djibouti,2001,270.3981,843,270.3981,581.3559,28.6333,36.1,24.548,29.84,18.772,Our World in Data / WHO,2026-09-30 02:09:06
1527,DJI,Djibouti,2002,284.8154,924,284.8154,612.3531,30.16,36.3,24.684,29.18,18.876,Our World in Data / WHO,2026-09-30 02:09:06
1528,DJI,Djibouti,2003,285.3053,965,285.3053,613.4064,30.2118,36.5,24.82,28.72,18.98,Our World in Data / WHO,2026-09-30 02:09:06
1529,DJI,Djibouti,2004,289.39,1009,289.39,622.1885,30.6444,36.7,24.956,28.26,19.084,Our World in Data / WHO,2026-09-30 02:09:06
1530,DJI,Djibouti,2005,281.6788,1009,281.6788,605.6094,29.8278,36.9,25.092,27.8,19.188,Our World in Data / WHO,2026-09-30 02:09:06
1531,DJI,Djibouti,2006,276.1647,1017,276.1647,593.7541,29.2439,37.1,25.228,27.5,19.292,Our World in Data / WHO,2026-09-30 02:09:06
1532,DJI,Djibouti,2007,276.526,1057,276.526,594.5309,29.2822,37.2,25.296,26.9,19.344,Our World in Data / WHO,2026-09-30 02:09:06
1533,DJI,Djibouti,2008,266.0673,1049,266.0673,572.0447,28.1747,37.2,25.296,26.5333,19.344,Our World in Data / WHO,2026-09-30 02:09:06
1534,DJI,Djibouti,2009,264.4423,1087,264.4423,568.5509,28.0026,37.2,25.296,25.8667,19.344,Our World in Data / WHO,2026-09-30 02:09:06
1535,DJI,Djibouti,2010,251.9298,1075,251.9298,541.6491,26.6776,37.1,25.228,25.2,19.292,Our World in Data / WHO,2026-09-30 02:09:06
1536,DJI,Djibouti,2011,258.1165,1144,258.1165,554.9505,27.3327,36.9,25.092,24.86,19.188,Our World in Data / WHO,2026-09-30 02:09:06
1537,DJI,Djibouti,2012,259.217,1197,259.217,557.3165,27.4493,36.6,24.888,24.22,19.032,Our World in Data / WHO,2026-09-30 02:09:06
1538,DJI,Djibouti,2013,261.6419,1255,261.6419,562.5301,27.7061,36.3,24.684,23.76,18.876,Our World in Data / WHO,2026-09-30 02:09:06
1539,DJI,Djibouti,2014,270.6612,1354,270.6612,581.9216,28.6611,36.0,24.48,23.16,18.72,Our World in Data / WHO,2026-09-30 02:09:06
1540,DJI,Djibouti,2015,269.7102,1399,269.7102,579.8769,28.5604,35.6,24.208,22.6,18.512,Our World in Data / WHO,2026-09-30 02:09:06
1541,DJI,Djibouti,2016,271.1453,1466,271.1453,582.9624,28.7124,35.3,24.004,22.34,18.356,Our World in Data / WHO,2026-09-30 02:09:06
1542,DJI,Djibouti,2017,274.4892,1542,274.4892,590.1518,29.0665,34.9,23.732,21.98,18.148,Our World in Data / WHO,2026-09-30 02:09:06
1543,DJI,Djibouti,2018,273.4322,1595,273.4322,587.8792,28.9546,34.6,23.528,21.56,17.992,Our World in Data / WHO,2026-09-30 02:09:06
1544,DJI,Djibouti,2019,269.838,1625,269.838,580.1517,28.574,34.2,23.256,21.2,17.784,Our World in Data / WHO,2026-09-30 02:09:06
1545,DJI,Djibouti,2020,280.0286,1732,280.0286,602.0615,29.6531,34.2,23.256,20.6,17.784,Our World in Data / WHO,2026-09-30 02:09:06
1546,DJI,Djibouti,2021,262.5661,1691,262.5661,564.5171,27.8039,34.2,23.256,20.175,17.784,Our World in Data / WHO,2026-09-30 02:09:06
1547,DMA,Dominica,1990,277.7384,238,277.7384,597.1376,29.4106,41.4,28.152,31.1,21.528,Our World in Data / WHO,2026-09-30 02:09:06
1548,DMA,Dominica,1991,277.7384,238,277.7384,597.1376,29.4106,41.7,28.356,31.1,21.684,Our World in Data / WHO,2026-09-30 02:09:06
1549,DMA,Dominica,1992,277.7384,238,277.7384,597.1376,29.4106,42.0,28.56,31.1,21.84,Our World in Data / WHO,2026-09-30 02:09:06
1550,DMA,Dominica,1993,277.7384,238,277.7384,597.1376,29.4106,42.3,28.764,31.1,21.996,Our World in Data / WHO,2026-09-30 02:09:06
1551,DMA,Dominica,1994,277.7384,238,277.7384,597.1376,29.4106,42.6,28.968,31.1,22.152,Our World in Data / WHO,2026-09-30 02:09:06
1552,DMA,Dominica,1995,277.7384,238,277.7384,597.1376,29.4106,43.0,29.24,31.1,22.36,Our World in Data / WHO,2026-09-30 02:09:06
1553,DMA,Dominica,1996,277.7384,238,277.7384,597.1376,29.4106,43.3,29.444,31.1,22.516,Our World in Data / WHO,2026-09-30 02:09:06
1554,DMA,Dominica,1997,277.7384,238,277.7384,597.1376,29.4106,43.6,29.648,31.1,22.672,Our World in Data / WHO,2026-09-30 02:09:06
1555,DMA,Dominica,1998,277.7384,238,277.7384,597.1376,29.4106,43.9,29.852,31.1,22.828,Our World in Data / WHO,2026-09-30 02:09:06
1556,DMA,Dominica,1999,277.7384,238,277.7384,597.1376,29.4106,44.2,30.056,31.1,22.984,Our World in Data / WHO,2026-09-30 02:09:06
1557,DMA,Dominica,2000,277.7384,238,277.7384,597.1376,29.4106,44.6,30.328,31.1,23.192,Our World in Data / WHO,2026-09-30 02:09:06
1558,DMA,Dominica,2001,270.3362,236,270.3362,581.2228,28.6267,44.9,30.532,29.84,23.348,Our World in Data / WHO,2026-09-30 02:09:06
1559,DMA,Dominica,2002,268.2954,235,268.2954,576.8351,28.4106,45.3,30.804,29.18,23.556,Our World in Data / WHO,2026-09-30 02:09:06
1560,DMA,Dominica,2003,265.353,234,265.353,570.509,28.099,45.7,31.076,28.72,23.764,Our World in Data / WHO,2026-09-30 02:09:06
1561,DMA,Dominica,2004,258.6011,230,258.6011,555.9924,27.3841,46.1,31.348,28.26,23.972,Our World in Data / WHO,2026-09-30 02:09:06
1562,DMA,Dominica,2005,258.071,232,258.071,554.8526,27.3279,46.5,31.62,27.8,24.18,Our World in Data / WHO,2026-09-30 02:09:06
1563,DMA,Dominica,2006,255.6865,234,255.6865,549.726,27.0754,46.9,31.892,27.5,24.388,Our World in Data / WHO,2026-09-30 02:09:06
1564,DMA,Dominica,2007,250.9783,235,250.9783,539.6033,26.5769,47.2,32.096,26.9,24.544,Our World in Data / WHO,2026-09-30 02:09:06
1565,DMA,Dominica,2008,252.2247,243,252.2247,542.2831,26.7088,47.5,32.3,26.5333,24.7,Our World in Data / WHO,2026-09-30 02:09:06
1566,DMA,Dominica,2009,248.9802,247,248.9802,535.3074,26.3653,47.7,32.436,25.8667,24.804,Our World in Data / WHO,2026-09-30 02:09:06
1567,DMA,Dominica,2010,250.7437,257,250.7437,539.099,26.552,47.9,32.572,25.2,24.908,Our World in Data / WHO,2026-09-30 02:09:06
1568,DMA,Dominica,2011,252.1898,256,252.1898,542.2081,26.7051,48.0,32.64,24.86,24.96,Our World in Data / WHO,2026-09-30 02:09:06
1569,DMA,Dominica,2012,248.436,246,248.436,534.1374,26.3076,48.0,32.64,24.22,24.96,Our World in Data / WHO,2026-09-30 02:09:06
1570,DMA,Dominica,2013,260.3224,242,260.3224,559.6932,27.5663,48.0,32.64,23.76,24.96,Our World in Data / WHO,2026-09-30 02:09:06
1571,DMA,Dominica,2014,260.8889,226,260.8889,560.9111,27.6263,47.9,32.572,23.16,24.908,Our World in Data / WHO,2026-09-30 02:09:06
1572,DMA,Dominica,2015,238.1671,208,238.1671,512.0593,25.2202,47.9,32.572,22.6,24.908,Our World in Data / WHO,2026-09-30 02:09:06
1573,DMA,Dominica,2016,220.479,210,220.479,474.0298,23.3472,47.8,32.504,22.34,24.856,Our World in Data / WHO,2026-09-30 02:09:06
1574,DMA,Dominica,2017,197.6553,203,197.6553,424.9589,20.9303,47.8,32.504,21.98,24.856,Our World in Data / WHO,2026-09-30 02:09:06
1575,DMA,Dominica,2018,193.5782,199,193.5782,416.1931,20.4986,47.7,32.436,21.56,24.804,Our World in Data / WHO,2026-09-30 02:09:06
1576,DMA,Dominica,2019,193.6231,198,193.6231,416.2897,20.5033,47.7,32.436,21.2,24.804,Our World in Data / WHO,2026-09-30 02:09:06
1577,DMA,Dominica,2020,185.2398,190,185.2398,398.2656,19.6156,47.7,32.436,20.6,24.804,Our World in Data / WHO,2026-09-30 02:09:06
1578,DMA,Dominica,2021,174.7043,181,174.7043,375.6142,18.5,47.7,32.436,20.175,24.804,Our World in Data / WHO,2026-09-30 02:09:06
1579,DNK,Denmark,1990,186.886,20974,186.886,401.8049,19.7899,38.0,25.84,38.3,19.76,Our World in Data / WHO,2026-09-30 02:09:06
1580,DNK,Denmark,1991,186.886,20974,186.886,401.8049,19.7899,38.3,26.044,38.3,19.916,Our World in Data / WHO,2026-09-30 02:09:06
1581,DNK,Denmark,1992,186.886,20974,186.886,401.8049,19.7899,38.6,26.248,38.3,20.072,Our World in Data / WHO,2026-09-30 02:09:06
1582,DNK,Denmark,1993,186.886,20974,186.886,401.8049,19.7899,39.0,26.52,38.3,20.28,Our World in Data / WHO,2026-09-30 02:09:06
1583,DNK,Denmark,1994,186.886,20974,186.886,401.8049,19.7899,39.3,26.724,38.3,20.436,Our World in Data / WHO,2026-09-30 02:09:06
1584,DNK,Denmark,1995,186.886,20974,186.886,401.8049,19.7899,39.6,26.928,38.3,20.592,Our World in Data / WHO,2026-09-30 02:09:06
1585,DNK,Denmark,1996,186.886,20974,186.886,401.8049,19.7899,39.8,27.064,38.3,20.696,Our World in Data / WHO,2026-09-30 02:09:06
1586,DNK,Denmark,1997,186.886,20974,186.886,401.8049,19.7899,40.1,27.268,38.3,20.852,Our World in Data / WHO,2026-09-30 02:09:06
1587,DNK,Denmark,1998,186.886,20974,186.886,401.8049,19.7899,40.4,27.472,38.3,21.008,Our World in Data / WHO,2026-09-30 02:09:06
1588,DNK,Denmark,1999,186.886,20974,186.886,401.8049,19.7899,40.7,27.676,38.3,21.164,Our World in Data / WHO,2026-09-30 02:09:06
1589,DNK,Denmark,2000,186.886,20974,186.886,401.8049,19.7899,41.0,27.88,38.3,21.32,Our World in Data / WHO,2026-09-30 02:09:06
1590,DNK,Denmark,2001,188.1516,21349,188.1516,404.5259,19.9239,41.2,28.016,37.0,21.424,Our World in Data / WHO,2026-09-30 02:09:06
1591,DNK,Denmark,2002,182.302,20831,182.302,391.9493,19.3045,41.4,28.152,35.7,21.528,Our World in Data / WHO,2026-09-30 02:09:06
1592,DNK,Denmark,2003,175.9684,20222,175.9684,378.3321,18.6338,41.6,28.288,34.4,21.632,Our World in Data / WHO,2026-09-30 02:09:06
1593,DNK,Denmark,2004,163.8071,18935,163.8071,352.1853,17.346,41.7,28.356,33.1,21.684,Our World in Data / WHO,2026-09-30 02:09:06
1594,DNK,Denmark,2005,151.1757,17855,151.1757,325.0278,16.0085,41.8,28.424,31.8,21.736,Our World in Data / WHO,2026-09-30 02:09:06
1595,DNK,Denmark,2006,145.0789,17295,145.0789,311.9196,15.3628,41.7,28.356,30.7,21.684,Our World in Data / WHO,2026-09-30 02:09:06
1596,DNK,Denmark,2007,138.9999,16901,138.9999,298.8498,14.7191,41.6,28.288,29.6,21.632,Our World in Data / WHO,2026-09-30 02:09:06
1597,DNK,Denmark,2008,129.6666,16005,129.6666,278.7832,13.7308,41.5,28.22,28.5333,21.58,Our World in Data / WHO,2026-09-30 02:09:06
1598,DNK,Denmark,2009,126.4317,15808,126.4317,271.8282,13.3882,41.2,28.016,27.4667,21.424,Our World in Data / WHO,2026-09-30 02:09:06
1599,DNK,Denmark,2010,121.1405,15394,121.1405,260.4521,12.8279,40.9,27.812,26.4,21.268,Our World in Data / WHO,2026-09-30 02:09:06
1600,DNK,Denmark,2011,109.6242,14138,109.6242,235.692,12.0,40.5,27.54,25.52,21.06,Our World in Data / WHO,2026-09-30 02:09:06
1601,DNK,Denmark,2012,105.8444,13968,105.8444,227.5655,12.0,40.0,27.2,24.64,20.8,Our World in Data / WHO,2026-09-30 02:09:06
1602,DNK,Denmark,2013,101.8481,13636,101.8481,218.9734,12.0,39.5,26.86,23.76,20.54,Our World in Data / WHO,2026-09-30 02:09:06
1603,DNK,Denmark,2014,95.3208,13001,95.3208,204.9397,12.0,38.9,26.452,22.88,20.228,Our World in Data / WHO,2026-09-30 02:09:06
1604,DNK,Denmark,2015,96.3001,13408,96.3001,207.0452,12.0,38.3,26.044,22.0,19.916,Our World in Data / WHO,2026-09-30 02:09:06
1605,DNK,Denmark,2016,93.3535,13210,93.3535,200.71,12.0,37.7,25.636,21.24,19.604,Our World in Data / WHO,2026-09-30 02:09:06
1606,DNK,Denmark,2017,90.3167,13058,90.3167,194.1809,12.0,37.1,25.228,20.48,19.292,Our World in Data / WHO,2026-09-30 02:09:06
1607,DNK,Denmark,2018,88.6854,13109,88.6854,190.6736,12.0,36.5,24.82,19.72,18.98,Our World in Data / WHO,2026-09-30 02:09:06
1608,DNK,Denmark,2019,81.2233,12215,81.2233,174.6301,12.0,35.9,24.412,18.96,18.668,Our World in Data / WHO,2026-09-30 02:09:06
1609,DNK,Denmark,2020,79.2894,12228,79.2894,170.4722,12.0,35.9,24.412,18.2,18.668,Our World in Data / WHO,2026-09-30 02:09:06
1610,DNK,Denmark,2021,80.0258,12700,80.0258,172.0555,12.0,35.9,24.412,17.6,18.668,Our World in Data / WHO,2026-09-30 02:09:06
1611,DNK,Denmark,2022,80.0258,12700,80.0258,172.0555,12.0,35.9,24.412,17.0,18.668,Our World in Data / WHO,2026-09-30 02:09:06
1612,DOM,Dominican Republic,1990,208.6932,10010,208.6932,448.6904,22.0992,41.6,28.288,31.1,21.632,Our World in Data / WHO,2026-09-30 02:09:06
1613,DOM,Dominican Republic,1991,208.6932,10010,208.6932,448.6904,22.0992,41.8,28.424,31.1,21.736,Our World in Data / WHO,2026-09-30 02:09:06
1614,DOM,Dominican Republic,1992,208.6932,10010,208.6932,448.6904,22.0992,42.1,28.628,31.1,21.892,Our World in Data / WHO,2026-09-30 02:09:06
1615,DOM,Dominican Republic,1993,208.6932,10010,208.6932,448.6904,22.0992,42.4,28.832,31.1,22.048,Our World in Data / WHO,2026-09-30 02:09:06
1616,DOM,Dominican Republic,1994,208.6932,10010,208.6932,448.6904,22.0992,42.7,29.036,31.1,22.204,Our World in Data / WHO,2026-09-30 02:09:06
1617,DOM,Dominican Republic,1995,208.6932,10010,208.6932,448.6904,22.0992,43.0,29.24,31.1,22.36,Our World in Data / WHO,2026-09-30 02:09:06
1618,DOM,Dominican Republic,1996,208.6932,10010,208.6932,448.6904,22.0992,43.3,29.444,31.1,22.516,Our World in Data / WHO,2026-09-30 02:09:06
1619,DOM,Dominican Republic,1997,208.6932,10010,208.6932,448.6904,22.0992,43.6,29.648,31.1,22.672,Our World in Data / WHO,2026-09-30 02:09:06
1620,DOM,Dominican Republic,1998,208.6932,10010,208.6932,448.6904,22.0992,43.9,29.852,31.1,22.828,Our World in Data / WHO,2026-09-30 02:09:06
1621,DOM,Dominican Republic,1999,208.6932,10010,208.6932,448.6904,22.0992,44.3,30.124,31.1,23.036,Our World in Data / WHO,2026-09-30 02:09:06
1622,DOM,Dominican Republic,2000,208.6932,10010,208.6932,448.6904,22.0992,44.6,30.328,31.1,23.192,Our World in Data / WHO,2026-09-30 02:09:06
1623,DOM,Dominican Republic,2001,206.0107,10244,206.0107,442.923,21.8151,45.0,30.6,29.84,23.4,Our World in Data / WHO,2026-09-30 02:09:06
1624,DOM,Dominican Republic,2002,205.3904,10563,205.3904,441.5894,21.7494,45.4,30.872,29.18,23.608,Our World in Data / WHO,2026-09-30 02:09:06
1625,DOM,Dominican Republic,2003,207.9909,11092,207.9909,447.1804,22.0248,45.8,31.144,28.72,23.816,Our World in Data / WHO,2026-09-30 02:09:06
1626,DOM,Dominican Republic,2004,219.2717,12122,219.2717,471.4342,23.2193,46.2,31.416,28.26,24.024,Our World in Data / WHO,2026-09-30 02:09:06
1627,DOM,Dominican Republic,2005,228.294,13102,228.294,490.8321,24.1747,46.6,31.688,27.8,24.232,Our World in Data / WHO,2026-09-30 02:09:06
1628,DOM,Dominican Republic,2006,230.307,13679,230.307,495.16,24.3879,47.0,31.96,27.5,24.44,Our World in Data / WHO,2026-09-30 02:09:06
1629,DOM,Dominican Republic,2007,226.109,13887,226.109,486.1344,23.9434,47.4,32.232,26.9,24.648,Our World in Data / WHO,2026-09-30 02:09:06
1630,DOM,Dominican Republic,2008,223.5104,14208,223.5104,480.5474,23.6682,47.8,32.504,26.5333,24.856,Our World in Data / WHO,2026-09-30 02:09:06
1631,DOM,Dominican Republic,2009,221.4276,14558,221.4276,476.0693,23.4476,48.1,32.708,25.8667,25.012,Our World in Data / WHO,2026-09-30 02:09:06
1632,DOM,Dominican Republic,2010,212.8438,14480,212.8438,457.6142,22.5387,48.4,32.912,25.2,25.168,Our World in Data / WHO,2026-09-30 02:09:06
1633,DOM,Dominican Republic,2011,210.5051,14860,210.5051,452.586,22.291,48.6,33.048,24.86,25.272,Our World in Data / WHO,2026-09-30 02:09:06
1634,DOM,Dominican Republic,2012,219.8456,16136,219.8456,472.668,23.2801,48.7,33.116,24.22,25.324,Our World in Data / WHO,2026-09-30 02:09:06
1635,DOM,Dominican Republic,2013,228.6115,17407,228.6115,491.5147,24.2084,48.8,33.184,23.76,25.376,Our World in Data / WHO,2026-09-30 02:09:06
1636,DOM,Dominican Republic,2014,226.1494,17893,226.1494,486.2212,23.9477,48.9,33.252,23.16,25.428,Our World in Data / WHO,2026-09-30 02:09:06
1637,DOM,Dominican Republic,2015,227.8737,18681,227.8737,489.9285,24.1302,48.9,33.252,22.6,25.428,Our World in Data / WHO,2026-09-30 02:09:06
1638,DOM,Dominican Republic,2016,226.1791,19191,226.1791,486.2851,23.9508,49.0,33.32,22.34,25.48,Our World in Data / WHO,2026-09-30 02:09:06
1639,DOM,Dominican Republic,2017,225.4941,19835,225.4941,484.8123,23.8783,49.0,33.32,21.98,25.48,Our World in Data / WHO,2026-09-30 02:09:06
1640,DOM,Dominican Republic,2018,222.9029,20255,222.9029,479.2412,23.6039,49.1,33.388,21.56,25.532,Our World in Data / WHO,2026-09-30 02:09:06
1641,DOM,Dominican Republic,2019,216.7816,20311,216.7816,466.0804,22.9557,49.1,33.388,21.2,25.532,Our World in Data / WHO,2026-09-30 02:09:06
1642,DOM,Dominican Republic,2020,234.3516,22385,234.3516,503.8559,24.8162,49.1,33.388,20.6,25.532,Our World in Data / WHO,2026-09-30 02:09:06
1643,DOM,Dominican Republic,2021,211.4455,20812,211.4455,454.6078,22.3906,49.1,33.388,20.175,25.532,Our World in Data / WHO,2026-09-30 02:09:06
1644,DZA,Algeria,1990,335.2882,49867,335.2882,720.8696,35.5047,36.7,24.956,20.5,19.084,Our World in Data / WHO,2026-09-30 02:09:06
1645,DZA,Algeria,1991,335.2882,49867,335.2882,720.8696,35.5047,36.8,25.024,20.5,19.136,Our World in Data / WHO,2026-09-30 02:09:06
1646,DZA,Algeria,1992,335.2882,49867,335.2882,720.8696,35.5047,36.9,25.092,20.5,19.188,Our World in Data / WHO,2026-09-30 02:09:06
1647,DZA,Algeria,1993,335.2882,49867,335.2882,720.8696,35.5047,37.0,25.16,20.5,19.24,Our World in Data / WHO,2026-09-30 02:09:06
1648,DZA,Algeria,1994,335.2882,49867,335.2882,720.8696,35.5047,37.1,25.228,20.5,19.292,Our World in Data / WHO,2026-09-30 02:09:06
1649,DZA,Algeria,1995,335.2882,49867,335.2882,720.8696,35.5047,37.2,25.296,20.5,19.344,Our World in Data / WHO,2026-09-30 02:09:06
1650,DZA,Algeria,1996,335.2882,49867,335.2882,720.8696,35.5047,37.3,25.364,20.5,19.396,Our World in Data / WHO,2026-09-30 02:09:06
1651,DZA,Algeria,1997,335.2882,49867,335.2882,720.8696,35.5047,37.4,25.432,20.5,19.448,Our World in Data / WHO,2026-09-30 02:09:06
1652,DZA,Algeria,1998,335.2882,49867,335.2882,720.8696,35.5047,37.5,25.5,20.5,19.5,Our World in Data / WHO,2026-09-30 02:09:06
1653,DZA,Algeria,1999,335.2882,49867,335.2882,720.8696,35.5047,37.6,25.568,20.5,19.552,Our World in Data / WHO,2026-09-30 02:09:06
1654,DZA,Algeria,2000,335.2882,49867,335.2882,720.8696,35.5047,37.7,25.636,20.5,19.604,Our World in Data / WHO,2026-09-30 02:09:06
1655,DZA,Algeria,2001,330.1958,50814,330.1958,709.921,34.9654,37.8,25.704,20.5,19.656,Our World in Data / WHO,2026-09-30 02:09:06
1656,DZA,Algeria,2002,324.6686,51498,324.6686,698.0375,34.3801,37.8,25.704,20.5,19.656,Our World in Data / WHO,2026-09-30 02:09:06
1657,DZA,Algeria,2003,324.3144,52487,324.3144,697.276,34.3426,37.8,25.704,20.5,19.656,Our World in Data / WHO,2026-09-30 02:09:06
1658,DZA,Algeria,2004,320.2433,53215,320.2433,688.5231,33.9115,37.8,25.704,20.5,19.656,Our World in Data / WHO,2026-09-30 02:09:06
1659,DZA,Algeria,2005,315.8143,53776,315.8143,679.0007,33.4425,37.8,25.704,20.5,19.656,Our World in Data / WHO,2026-09-30 02:09:06
1660,DZA,Algeria,2006,313.5081,54658,313.5081,674.0424,33.1983,37.7,25.636,20.55,19.604,Our World in Data / WHO,2026-09-30 02:09:06
1661,DZA,Algeria,2007,311.2912,55567,311.2912,669.2761,32.9636,37.6,25.568,20.6,19.552,Our World in Data / WHO,2026-09-30 02:09:06
1662,DZA,Algeria,2008,310.36,56802,310.36,667.274,32.865,37.5,25.5,20.6333,19.5,Our World in Data / WHO,2026-09-30 02:09:06
1663,DZA,Algeria,2009,307.1503,57840,307.1503,660.3731,32.5251,37.4,25.432,20.6667,19.448,Our World in Data / WHO,2026-09-30 02:09:06
1664,DZA,Algeria,2010,311.0637,60071,311.0637,668.787,32.9395,37.4,25.432,20.7,19.448,Our World in Data / WHO,2026-09-30 02:09:06
1665,DZA,Algeria,2011,310.7807,62083,310.7807,668.1785,32.9095,37.3,25.364,20.8,19.396,Our World in Data / WHO,2026-09-30 02:09:06
1666,DZA,Algeria,2012,302.8376,63042,302.8376,651.1008,32.0684,37.2,25.296,20.9,19.344,Our World in Data / WHO,2026-09-30 02:09:06
1667,DZA,Algeria,2013,299.7132,65220,299.7132,644.3834,31.7375,37.1,25.228,21.0,19.292,Our World in Data / WHO,2026-09-30 02:09:06
1668,DZA,Algeria,2014,295.7776,67450,295.7776,635.9218,31.3208,37.0,25.16,21.1,19.24,Our World in Data / WHO,2026-09-30 02:09:06
1669,DZA,Algeria,2015,293.4748,70171,293.4748,630.9708,31.0769,36.8,25.024,21.2,19.136,Our World in Data / WHO,2026-09-30 02:09:06
1670,DZA,Algeria,2016,286.1978,71861,286.1978,615.3253,30.3064,36.6,24.888,21.3,19.032,Our World in Data / WHO,2026-09-30 02:09:06
1671,DZA,Algeria,2017,283.3187,74531,283.3187,609.1352,30.0015,36.5,24.82,21.4,18.98,Our World in Data / WHO,2026-09-30 02:09:06
1672,DZA,Algeria,2018,286.9029,78724,286.9029,616.8412,30.381,36.3,24.684,21.5,18.876,Our World in Data / WHO,2026-09-30 02:09:06
1673,DZA,Algeria,2019,288.2647,82337,288.2647,619.7691,30.5252,36.2,24.616,21.6,18.824,Our World in Data / WHO,2026-09-30 02:09:06
1674,DZA,Algeria,2020,306.3662,87925,306.3662,658.6873,32.4421,36.2,24.616,21.7,18.824,Our World in Data / WHO,2026-09-30 02:09:06
1675,DZA,Algeria,2021,316.437,92984,316.437,680.3396,33.5085,36.2,24.616,21.9,18.824,Our World in Data / WHO,2026-09-30 02:09:06
1676,DZA,Algeria,2022,316.437,92984,316.437,680.3396,33.5085,36.2,24.616,22.1,18.824,Our World in Data / WHO,2026-09-30 02:09:06
1677,ECU,Ecuador,1990,205.708,14953,205.708,442.2722,21.783,23.5,15.98,14.1,12.22,Our World in Data / WHO,2026-09-30 02:09:06
1678,ECU,Ecuador,1991,205.708,14953,205.708,442.2722,21.783,23.5,15.98,14.1,12.22,Our World in Data / WHO,2026-09-30 02:09:06
1679,ECU,Ecuador,1992,205.708,14953,205.708,442.2722,21.783,23.5,15.98,14.1,12.22,Our World in Data / WHO,2026-09-30 02:09:06
1680,ECU,Ecuador,1993,205.708,14953,205.708,442.2722,21.783,23.5,15.98,14.1,12.22,Our World in Data / WHO,2026-09-30 02:09:06
1681,ECU,Ecuador,1994,205.708,14953,205.708,442.2722,21.783,23.5,15.98,14.1,12.22,Our World in Data / WHO,2026-09-30 02:09:06
1682,ECU,Ecuador,1995,205.708,14953,205.708,442.2722,21.783,23.6,16.048,14.1,12.272,Our World in Data / WHO,2026-09-30 02:09:06
1683,ECU,Ecuador,1996,205.708,14953,205.708,442.2722,21.783,23.6,16.048,14.1,12.272,Our World in Data / WHO,2026-09-30 02:09:06
1684,ECU,Ecuador,1997,205.708,14953,205.708,442.2722,21.783,23.7,16.116,14.1,12.324,Our World in Data / WHO,2026-09-30 02:09:06
1685,ECU,Ecuador,1998,205.708,14953,205.708,442.2722,21.783,23.7,16.116,14.1,12.324,Our World in Data / WHO,2026-09-30 02:09:06
1686,ECU,Ecuador,1999,205.708,14953,205.708,442.2722,21.783,23.8,16.184,14.1,12.376,Our World in Data / WHO,2026-09-30 02:09:06
1687,ECU,Ecuador,2000,205.708,14953,205.708,442.2722,21.783,23.9,16.252,14.1,12.428,Our World in Data / WHO,2026-09-30 02:09:06
1688,ECU,Ecuador,2001,197.6089,15008,197.6089,424.8591,20.9254,24.0,16.32,13.9,12.48,Our World in Data / WHO,2026-09-30 02:09:06
1689,ECU,Ecuador,2002,202.3573,16027,202.3573,435.0682,21.4282,24.1,16.388,13.7,12.532,Our World in Data / WHO,2026-09-30 02:09:06
1690,ECU,Ecuador,2003,188.621,15635,188.621,405.5352,19.9737,24.3,16.524,13.5,12.636,Our World in Data / WHO,2026-09-30 02:09:06
1691,ECU,Ecuador,2004,177.3248,15264,177.3248,381.2483,18.7775,24.4,16.592,13.3,12.688,Our World in Data / WHO,2026-09-30 02:09:06
1692,ECU,Ecuador,2005,183.3932,16421,183.3932,394.2954,19.4201,24.6,16.728,13.1,12.792,Our World in Data / WHO,2026-09-30 02:09:06
1693,ECU,Ecuador,2006,182.7324,17000,182.7324,392.8747,19.3501,24.8,16.864,12.9,12.896,Our World in Data / WHO,2026-09-30 02:09:06
1694,ECU,Ecuador,2007,174.8654,16945,174.8654,375.9606,18.517,25.0,17.0,12.7,13.0,Our World in Data / WHO,2026-09-30 02:09:06
1695,ECU,Ecuador,2008,173.3928,17491,173.3928,372.7945,18.3611,25.2,17.136,12.5,13.104,Our World in Data / WHO,2026-09-30 02:09:06
1696,ECU,Ecuador,2009,160.807,16931,160.807,345.735,17.0283,25.3,17.204,12.3,13.156,Our World in Data / WHO,2026-09-30 02:09:06
1697,ECU,Ecuador,2010,153.8735,16879,153.8735,330.828,16.2941,25.5,17.34,12.1,13.26,Our World in Data / WHO,2026-09-30 02:09:06
1698,ECU,Ecuador,2011,151.1536,17243,151.1536,324.9802,16.0061,25.7,17.476,11.94,13.364,Our World in Data / WHO,2026-09-30 02:09:06
1699,ECU,Ecuador,2012,150.1331,17725,150.1331,322.7862,15.8981,25.8,17.544,11.78,13.416,Our World in Data / WHO,2026-09-30 02:09:06
1700,ECU,Ecuador,2013,147.5263,18046,147.5263,317.1815,15.622,26.0,17.68,11.62,13.52,Our World in Data / WHO,2026-09-30 02:09:06
1701,ECU,Ecuador,2014,146.1749,18519,146.1749,314.276,15.4789,26.1,17.748,11.46,13.572,Our World in Data / WHO,2026-09-30 02:09:06
1702,ECU,Ecuador,2015,146.5919,19208,146.5919,315.1726,15.5231,26.3,17.884,11.3,13.676,Our World in Data / WHO,2026-09-30 02:09:06
1703,ECU,Ecuador,2016,152.6044,20678,152.6044,328.0995,16.1597,26.5,18.02,11.18,13.78,Our World in Data / WHO,2026-09-30 02:09:06
1704,ECU,Ecuador,2017,157.1304,22020,157.1304,337.8304,16.639,26.7,18.156,11.06,13.884,Our World in Data / WHO,2026-09-30 02:09:06
1705,ECU,Ecuador,2018,154.8622,22659,154.8622,332.9537,16.3988,26.9,18.292,10.94,13.988,Our World in Data / WHO,2026-09-30 02:09:06
1706,ECU,Ecuador,2019,148.9863,22952,148.9863,320.3205,15.7766,27.2,18.496,10.82,14.144,Our World in Data / WHO,2026-09-30 02:09:06
1707,ECU,Ecuador,2020,196.4788,31432,196.4788,422.4294,20.8057,27.2,18.496,10.7,14.144,Our World in Data / WHO,2026-09-30 02:09:06
1708,ECU,Ecuador,2021,188.9108,31042,188.9108,406.1582,20.0043,27.2,18.496,10.55,14.144,Our World in Data / WHO,2026-09-30 02:09:06
1709,ECU,Ecuador,2022,188.9108,31042,188.9108,406.1582,20.0043,27.2,18.496,10.4,14.144,Our World in Data / WHO,2026-09-30 02:09:06
1710,EGY,Egypt,1990,470.4035,156913,470.4035,1011.3675,49.8125,35.0,23.8,19.7,18.2,Our World in Data / WHO,2026-09-30 02:09:06
1711,EGY,Egypt,1991,470.4035,156913,470.4035,1011.3675,49.8125,35.3,24.004,19.7,18.356,Our World in Data / WHO,2026-09-30 02:09:06
1712,EGY,Egypt,1992,470.4035,156913,470.4035,1011.3675,49.8125,35.5,24.14,19.7,18.46,Our World in Data / WHO,2026-09-30 02:09:06
1713,EGY,Egypt,1993,470.4035,156913,470.4035,1011.3675,49.8125,35.8,24.344,19.7,18.616,Our World in Data / WHO,2026-09-30 02:09:06
1714,EGY,Egypt,1994,470.4035,156913,470.4035,1011.3675,49.8125,36.1,24.548,19.7,18.772,Our World in Data / WHO,2026-09-30 02:09:06
1715,EGY,Egypt,1995,470.4035,156913,470.4035,1011.3675,49.8125,36.4,24.752,19.7,18.928,Our World in Data / WHO,2026-09-30 02:09:06
1716,EGY,Egypt,1996,470.4035,156913,470.4035,1011.3675,49.8125,36.6,24.888,19.7,19.032,Our World in Data / WHO,2026-09-30 02:09:06
1717,EGY,Egypt,1997,470.4035,156913,470.4035,1011.3675,49.8125,36.8,25.024,19.7,19.136,Our World in Data / WHO,2026-09-30 02:09:06
1718,EGY,Egypt,1998,470.4035,156913,470.4035,1011.3675,49.8125,37.1,25.228,19.7,19.292,Our World in Data / WHO,2026-09-30 02:09:06
1719,EGY,Egypt,1999,470.4035,156913,470.4035,1011.3675,49.8125,37.3,25.364,19.7,19.396,Our World in Data / WHO,2026-09-30 02:09:06
1720,EGY,Egypt,2000,470.4035,156913,470.4035,1011.3675,49.8125,37.5,25.5,19.7,19.5,Our World in Data / WHO,2026-09-30 02:09:06
1721,EGY,Egypt,2001,497.9077,170381,497.9077,1070.5016,52.725,37.6,25.568,19.84,19.552,Our World in Data / WHO,2026-09-30 02:09:06
1722,EGY,Egypt,2002,510.2887,178887,510.2887,1097.1207,54.036,37.8,25.704,19.98,19.656,Our World in Data / WHO,2026-09-30 02:09:06
1723,EGY,Egypt,2003,527.618,189366,527.618,1134.3787,55.8711,37.9,25.772,20.12,19.708,Our World in Data / WHO,2026-09-30 02:09:06
1724,EGY,Egypt,2004,507.2986,188713,507.2986,1090.692,53.7194,37.9,25.772,20.26,19.708,Our World in Data / WHO,2026-09-30 02:09:06
1725,EGY,Egypt,2005,491.4807,188594,491.4807,1056.6835,52.0444,37.9,25.772,20.4,19.708,Our World in Data / WHO,2026-09-30 02:09:06
1726,EGY,Egypt,2006,489.918,193668,489.918,1053.3237,51.8789,37.9,25.772,20.6,19.708,Our World in Data / WHO,2026-09-30 02:09:06
1727,EGY,Egypt,2007,486.4452,197193,486.4452,1045.8572,51.5112,37.9,25.772,20.8,19.708,Our World in Data / WHO,2026-09-30 02:09:06
1728,EGY,Egypt,2008,489.348,204077,489.348,1052.0982,51.8186,37.8,25.704,21.0333,19.656,Our World in Data / WHO,2026-09-30 02:09:06
1729,EGY,Egypt,2009,490.6776,211056,490.6776,1054.9568,51.9593,37.9,25.772,21.2667,19.708,Our World in Data / WHO,2026-09-30 02:09:06
1730,EGY,Egypt,2010,491.0401,217098,491.0401,1055.7362,51.9977,37.9,25.772,21.5,19.708,Our World in Data / WHO,2026-09-30 02:09:06
1731,EGY,Egypt,2011,480.3535,218350,480.3535,1032.76,50.8661,38.0,25.84,21.72,19.76,Our World in Data / WHO,2026-09-30 02:09:06
1732,EGY,Egypt,2012,509.4054,236967,509.4054,1095.2216,53.9425,38.1,25.908,21.94,19.812,Our World in Data / WHO,2026-09-30 02:09:06
1733,EGY,Egypt,2013,475.7368,229285,475.7368,1022.8341,50.3772,38.1,25.908,22.16,19.812,Our World in Data / WHO,2026-09-30 02:09:06
1734,EGY,Egypt,2014,483.9218,238622,483.9218,1040.4319,51.244,38.1,25.908,22.38,19.812,Our World in Data / WHO,2026-09-30 02:09:06
1735,EGY,Egypt,2015,519.5033,259497,519.5033,1116.9321,55.0118,38.1,25.908,22.6,19.812,Our World in Data / WHO,2026-09-30 02:09:06
1736,EGY,Egypt,2016,483.9178,249381,483.9178,1040.4233,51.2435,38.1,25.908,22.86,19.812,Our World in Data / WHO,2026-09-30 02:09:06
1737,EGY,Egypt,2017,467.5213,246090,467.5213,1005.1708,49.5073,38.2,25.976,23.12,19.864,Our World in Data / WHO,2026-09-30 02:09:06
1738,EGY,Egypt,2018,470.5773,255613,470.5773,1011.7412,49.8309,38.2,25.976,23.38,19.864,Our World in Data / WHO,2026-09-30 02:09:06
1739,EGY,Egypt,2019,476.6978,262715,476.6978,1024.9003,50.479,38.2,25.976,23.64,19.864,Our World in Data / WHO,2026-09-30 02:09:06
1740,EGY,Egypt,2020,448.6543,254318,448.6543,964.6067,47.5094,38.2,25.976,23.9,19.864,Our World in Data / WHO,2026-09-30 02:09:06
1741,EGY,Egypt,2021,462.7687,254566,462.7687,994.9527,49.004,38.2,25.976,24.15,19.864,Our World in Data / WHO,2026-09-30 02:09:06
1742,EGY,Egypt,2022,462.7687,254566,462.7687,994.9527,49.004,38.2,25.976,24.4,19.864,Our World in Data / WHO,2026-09-30 02:09:06
1743,ERI,Eritrea,1990,462.82,4290,462.82,995.063,49.0094,26.0,17.68,31.1,13.52,Our World in Data / WHO,2026-09-30 02:09:06
1744,ERI,Eritrea,1991,462.82,4290,462.82,995.063,49.0094,25.8,17.544,31.1,13.416,Our World in Data / WHO,2026-09-30 02:09:06
1745,ERI,Eritrea,1992,462.82,4290,462.82,995.063,49.0094,25.7,17.476,31.1,13.364,Our World in Data / WHO,2026-09-30 02:09:06
1746,ERI,Eritrea,1993,462.82,4290,462.82,995.063,49.0094,25.5,17.34,31.1,13.26,Our World in Data / WHO,2026-09-30 02:09:06
1747,ERI,Eritrea,1994,462.82,4290,462.82,995.063,49.0094,25.4,17.272,31.1,13.208,Our World in Data / WHO,2026-09-30 02:09:06
1748,ERI,Eritrea,1995,462.82,4290,462.82,995.063,49.0094,25.3,17.204,31.1,13.156,Our World in Data / WHO,2026-09-30 02:09:06
1749,ERI,Eritrea,1996,462.82,4290,462.82,995.063,49.0094,25.2,17.136,31.1,13.104,Our World in Data / WHO,2026-09-30 02:09:06
1750,ERI,Eritrea,1997,462.82,4290,462.82,995.063,49.0094,25.1,17.068,31.1,13.052,Our World in Data / WHO,2026-09-30 02:09:06
1751,ERI,Eritrea,1998,462.82,4290,462.82,995.063,49.0094,25.0,17.0,31.1,13.0,Our World in Data / WHO,2026-09-30 02:09:06
1752,ERI,Eritrea,1999,462.82,4290,462.82,995.063,49.0094,25.0,17.0,31.1,13.0,Our World in Data / WHO,2026-09-30 02:09:06
1753,ERI,Eritrea,2000,462.82,4290,462.82,995.063,49.0094,24.9,16.932,31.1,12.948,Our World in Data / WHO,2026-09-30 02:09:06
1754,ERI,Eritrea,2001,439.3814,4208,439.3814,944.67,46.5274,24.9,16.932,29.84,12.948,Our World in Data / WHO,2026-09-30 02:09:06
1755,ERI,Eritrea,2002,429.9052,4291,429.9052,924.2962,45.524,25.0,17.0,29.18,13.0,Our World in Data / WHO,2026-09-30 02:09:06
1756,ERI,Eritrea,2003,405.0567,4226,405.0567,870.8719,42.8927,25.0,17.0,28.72,13.0,Our World in Data / WHO,2026-09-30 02:09:06
1757,ERI,Eritrea,2004,404.038,4426,404.038,868.6817,42.7848,25.1,17.068,28.26,13.052,Our World in Data / WHO,2026-09-30 02:09:06
1758,ERI,Eritrea,2005,403.5504,4553,403.5504,867.6334,42.7332,25.1,17.068,27.8,13.052,Our World in Data / WHO,2026-09-30 02:09:06
1759,ERI,Eritrea,2006,403.4797,4657,403.4797,867.4814,42.7257,25.1,17.068,27.5,13.052,Our World in Data / WHO,2026-09-30 02:09:06
1760,ERI,Eritrea,2007,396.4389,4685,396.4389,852.3436,41.9801,25.2,17.136,26.9,13.104,Our World in Data / WHO,2026-09-30 02:09:06
1761,ERI,Eritrea,2008,399.0484,4899,399.0484,857.9541,42.2565,25.1,17.068,26.5333,13.052,Our World in Data / WHO,2026-09-30 02:09:06
1762,ERI,Eritrea,2009,401.2567,5106,401.2567,862.7019,42.4903,25.1,17.068,25.8667,13.052,Our World in Data / WHO,2026-09-30 02:09:06
1763,ERI,Eritrea,2010,399.1023,5228,399.1023,858.0699,42.2622,25.0,17.0,25.2,13.0,Our World in Data / WHO,2026-09-30 02:09:06
1764,ERI,Eritrea,2011,392.0223,5275,392.0223,842.8479,41.5124,24.9,16.932,24.86,12.948,Our World in Data / WHO,2026-09-30 02:09:06
1765,ERI,Eritrea,2012,386.6295,5323,386.6295,831.2534,40.9414,24.7,16.796,24.22,12.844,Our World in Data / WHO,2026-09-30 02:09:06
1766,ERI,Eritrea,2013,386.8768,5466,386.8768,831.7851,40.9676,24.6,16.728,23.76,12.792,Our World in Data / WHO,2026-09-30 02:09:06
1767,ERI,Eritrea,2014,380.6018,5481,380.6018,818.2939,40.3031,24.4,16.592,23.16,12.688,Our World in Data / WHO,2026-09-30 02:09:06
1768,ERI,Eritrea,2015,381.8952,5604,381.8952,821.0747,40.44,24.3,16.524,22.6,12.636,Our World in Data / WHO,2026-09-30 02:09:06
1769,ERI,Eritrea,2016,376.8824,5646,376.8824,810.2972,39.9092,24.1,16.388,22.34,12.532,Our World in Data / WHO,2026-09-30 02:09:06
1770,ERI,Eritrea,2017,377.4395,5790,377.4395,811.4949,39.9682,23.9,16.252,21.98,12.428,Our World in Data / WHO,2026-09-30 02:09:06
1771,ERI,Eritrea,2018,376.2783,5937,376.2783,808.9983,39.8453,23.8,16.184,21.56,12.376,Our World in Data / WHO,2026-09-30 02:09:06
1772,ERI,Eritrea,2019,372.9182,6049,372.9182,801.7741,39.4894,23.7,16.116,21.2,12.324,Our World in Data / WHO,2026-09-30 02:09:06
1773,ERI,Eritrea,2020,378.779,6285,378.779,814.3748,40.1101,23.7,16.116,20.6,12.324,Our World in Data / WHO,2026-09-30 02:09:06
1774,ERI,Eritrea,2021,377.0138,6433,377.0138,810.5797,39.9231,23.7,16.116,20.175,12.324,Our World in Data / WHO,2026-09-30 02:09:06
1775,ESP,Spain,1990,147.3841,126765,147.3841,316.8758,15.607,36.3,24.684,34.7,18.876,Our World in Data / WHO,2026-09-30 02:09:06
1776,ESP,Spain,1991,147.3841,126765,147.3841,316.8758,15.607,36.2,24.616,34.7,18.824,Our World in Data / WHO,2026-09-30 02:09:06
1777,ESP,Spain,1992,147.3841,126765,147.3841,316.8758,15.607,36.2,24.616,34.7,18.824,Our World in Data / WHO,2026-09-30 02:09:06
1778,ESP,Spain,1993,147.3841,126765,147.3841,316.8758,15.607,36.1,24.548,34.7,18.772,Our World in Data / WHO,2026-09-30 02:09:06
1779,ESP,Spain,1994,147.3841,126765,147.3841,316.8758,15.607,36.1,24.548,34.7,18.772,Our World in Data / WHO,2026-09-30 02:09:06
1780,ESP,Spain,1995,147.3841,126765,147.3841,316.8758,15.607,36.0,24.48,34.7,18.72,Our World in Data / WHO,2026-09-30 02:09:06
1781,ESP,Spain,1996,147.3841,126765,147.3841,316.8758,15.607,36.0,24.48,34.7,18.72,Our World in Data / WHO,2026-09-30 02:09:06
1782,ESP,Spain,1997,147.3841,126765,147.3841,316.8758,15.607,36.0,24.48,34.7,18.72,Our World in Data / WHO,2026-09-30 02:09:06
1783,ESP,Spain,1998,147.3841,126765,147.3841,316.8758,15.607,36.0,24.48,34.7,18.72,Our World in Data / WHO,2026-09-30 02:09:06
1784,ESP,Spain,1999,147.3841,126765,147.3841,316.8758,15.607,36.0,24.48,34.7,18.72,Our World in Data / WHO,2026-09-30 02:09:06
1785,ESP,Spain,2000,147.3841,126765,147.3841,316.8758,15.607,36.0,24.48,34.7,18.72,Our World in Data / WHO,2026-09-30 02:09:06
1786,ESP,Spain,2001,141.8983,125762,141.8983,305.0813,15.026,35.9,24.412,34.38,18.668,Our World in Data / WHO,2026-09-30 02:09:06
1787,ESP,Spain,2002,139.333,127230,139.333,299.566,14.7544,35.9,24.412,34.06,18.668,Our World in Data / WHO,2026-09-30 02:09:06
1788,ESP,Spain,2003,139.409,131264,139.409,299.7293,14.7624,35.8,24.344,33.74,18.616,Our World in Data / WHO,2026-09-30 02:09:06
1789,ESP,Spain,2004,129.0717,124192,129.0717,277.5042,13.6678,35.6,24.208,33.42,18.512,Our World in Data / WHO,2026-09-30 02:09:06
1790,ESP,Spain,2005,127.9425,126833,127.9425,275.0764,13.5482,35.3,24.004,33.1,18.356,Our World in Data / WHO,2026-09-30 02:09:06
1791,ESP,Spain,2006,118.3259,120700,118.3259,254.4007,12.5299,35.0,23.8,32.75,18.2,Our World in Data / WHO,2026-09-30 02:09:06
1792,ESP,Spain,2007,117.4757,124657,117.4757,252.5728,12.4399,34.5,23.46,32.4,17.94,Our World in Data / WHO,2026-09-30 02:09:06
1793,ESP,Spain,2008,112.6345,123788,112.6345,242.1642,12.0,34.0,23.12,32.1,17.68,Our World in Data / WHO,2026-09-30 02:09:06
1794,ESP,Spain,2009,106.5172,121136,106.5172,229.012,12.0,33.4,22.712,31.8,17.368,Our World in Data / WHO,2026-09-30 02:09:06
1795,ESP,Spain,2010,102.3636,120745,102.3636,220.0817,12.0,32.8,22.304,31.5,17.056,Our World in Data / WHO,2026-09-30 02:09:06
1796,ESP,Spain,2011,98.2096,120210,98.2096,211.1506,12.0,32.1,21.828,31.2,16.692,Our World in Data / WHO,2026-09-30 02:09:06
1797,ESP,Spain,2012,95.8418,121443,95.8418,206.0599,12.0,31.4,21.352,30.9,16.328,Our World in Data / WHO,2026-09-30 02:09:06
1798,ESP,Spain,2013,90.001,116650,90.001,193.5022,12.0,30.7,20.876,30.6,15.964,Our World in Data / WHO,2026-09-30 02:09:06
1799,ESP,Spain,2014,87.2649,116356,87.2649,187.6195,12.0,30.1,20.468,30.3,15.652,Our World in Data / WHO,2026-09-30 02:09:06
1800,ESP,Spain,2015,89.584,123354,89.584,192.6056,12.0,29.4,19.992,30.0,15.288,Our World in Data / WHO,2026-09-30 02:09:06
1801,ESP,Spain,2016,84.7959,118596,84.7959,182.3112,12.0,28.8,19.584,29.7,14.976,Our World in Data / WHO,2026-09-30 02:09:06
1802,ESP,Spain,2017,84.201,121623,84.201,181.0321,12.0,28.2,19.176,29.4,14.664,Our World in Data / WHO,2026-09-30 02:09:06
1803,ESP,Spain,2018,82.0651,120537,82.0651,176.44,12.0,27.7,18.836,29.1,14.404,Our World in Data / WHO,2026-09-30 02:09:06
1804,ESP,Spain,2019,77.6008,116191,77.6008,166.8417,12.0,27.2,18.496,28.8,14.144,Our World in Data / WHO,2026-09-30 02:09:06
1805,ESP,Spain,2020,78.2029,119019,78.2029,168.1362,12.0,27.2,18.496,28.5,14.144,Our World in Data / WHO,2026-09-30 02:09:06
1806,ESP,Spain,2021,76.8904,118318,76.8904,165.3144,12.0,27.2,18.496,28.3,14.144,Our World in Data / WHO,2026-09-30 02:09:06
1807,ESP,Spain,2022,76.8904,118318,76.8904,165.3144,12.0,27.2,18.496,28.1,14.144,Our World in Data / WHO,2026-09-30 02:09:06
1808,EST,Estonia,1990,445.3488,10610,445.3488,957.4999,47.1593,47.2,32.096,47.8,24.544,Our World in Data / WHO,2026-09-30 02:09:06
1809,EST,Estonia,1991,445.3488,10610,445.3488,957.4999,47.1593,46.9,31.892,47.8,24.388,Our World in Data / WHO,2026-09-30 02:09:06
1810,EST,Estonia,1992,445.3488,10610,445.3488,957.4999,47.1593,46.6,31.688,47.8,24.232,Our World in Data / WHO,2026-09-30 02:09:06
1811,EST,Estonia,1993,445.3488,10610,445.3488,957.4999,47.1593,46.3,31.484,47.8,24.076,Our World in Data / WHO,2026-09-30 02:09:06
1812,EST,Estonia,1994,445.3488,10610,445.3488,957.4999,47.1593,45.9,31.212,47.8,23.868,Our World in Data / WHO,2026-09-30 02:09:06
1813,EST,Estonia,1995,445.3488,10610,445.3488,957.4999,47.1593,45.6,31.008,47.8,23.712,Our World in Data / WHO,2026-09-30 02:09:06
1814,EST,Estonia,1996,445.3488,10610,445.3488,957.4999,47.1593,45.3,30.804,47.8,23.556,Our World in Data / WHO,2026-09-30 02:09:06
1815,EST,Estonia,1997,445.3488,10610,445.3488,957.4999,47.1593,45.0,30.6,47.8,23.4,Our World in Data / WHO,2026-09-30 02:09:06
1816,EST,Estonia,1998,445.3488,10610,445.3488,957.4999,47.1593,44.7,30.396,47.8,23.244,Our World in Data / WHO,2026-09-30 02:09:06
1817,EST,Estonia,1999,445.3488,10610,445.3488,957.4999,47.1593,44.5,30.26,47.8,23.14,Our World in Data / WHO,2026-09-30 02:09:06
1818,EST,Estonia,2000,445.3488,10610,445.3488,957.4999,47.1593,44.3,30.124,47.8,23.036,Our World in Data / WHO,2026-09-30 02:09:06
1819,EST,Estonia,2001,434.9847,10456,434.9847,935.2171,46.0619,44.0,29.92,46.64,22.88,Our World in Data / WHO,2026-09-30 02:09:06
1820,EST,Estonia,2002,433.6253,10511,433.6253,932.2944,45.9179,43.8,29.784,45.48,22.776,Our World in Data / WHO,2026-09-30 02:09:06
1821,EST,Estonia,2003,424.3343,10440,424.3343,912.3187,44.9341,43.6,29.648,44.32,22.672,Our World in Data / WHO,2026-09-30 02:09:06
1822,EST,Estonia,2004,393.8534,9797,393.8534,846.7848,41.7063,43.4,29.512,43.16,22.568,Our World in Data / WHO,2026-09-30 02:09:06
1823,EST,Estonia,2005,381.39,9630,381.39,819.9885,40.3866,43.2,29.376,42.0,22.464,Our World in Data / WHO,2026-09-30 02:09:06
1824,EST,Estonia,2006,372.1625,9576,372.1625,800.1494,39.4094,42.9,29.172,41.0,22.308,Our World in Data / WHO,2026-09-30 02:09:06
1825,EST,Estonia,2007,357.1666,9460,357.1666,767.9082,37.8215,42.7,29.036,40.0,22.204,Our World in Data / WHO,2026-09-30 02:09:06
1826,EST,Estonia,2008,339.3254,9230,339.3254,729.5496,35.9322,42.5,28.9,39.0333,22.1,Our World in Data / WHO,2026-09-30 02:09:06
1827,EST,Estonia,2009,316.2099,8931,316.2099,679.8513,33.4844,42.3,28.764,38.0667,21.996,Our World in Data / WHO,2026-09-30 02:09:06
1828,EST,Estonia,2010,305.541,8896,305.541,656.9132,32.3547,42.0,28.56,37.1,21.84,Our World in Data / WHO,2026-09-30 02:09:06
1829,EST,Estonia,2011,276.6896,8303,276.6896,594.8826,29.2995,41.8,28.424,36.2,21.736,Our World in Data / WHO,2026-09-30 02:09:06
1830,EST,Estonia,2012,271.9439,8458,271.9439,584.6794,28.797,41.6,28.288,35.3,21.632,Our World in Data / WHO,2026-09-30 02:09:06
1831,EST,Estonia,2013,262.6104,8416,262.6104,564.6124,27.8086,41.3,28.084,34.4,21.476,Our World in Data / WHO,2026-09-30 02:09:06
1832,EST,Estonia,2014,254.494,8377,254.494,547.1621,26.9491,41.1,27.948,33.5,21.372,Our World in Data / WHO,2026-09-30 02:09:06
1833,EST,Estonia,2015,240.1418,8132,240.1418,516.3049,25.4293,40.9,27.812,32.6,21.268,Our World in Data / WHO,2026-09-30 02:09:06
1834,EST,Estonia,2016,236.3184,8210,236.3184,508.0846,25.0245,40.7,27.676,31.86,21.164,Our World in Data / WHO,2026-09-30 02:09:06
1835,EST,Estonia,2017,226.232,8151,226.232,486.3988,23.9564,40.5,27.54,31.12,21.06,Our World in Data / WHO,2026-09-30 02:09:06
1836,EST,Estonia,2018,219.6177,8073,219.6177,472.1781,23.256,40.3,27.404,30.38,20.956,Our World in Data / WHO,2026-09-30 02:09:06
1837,EST,Estonia,2019,208.0428,7751,208.0428,447.292,22.0303,40.2,27.336,29.64,20.904,Our World in Data / WHO,2026-09-30 02:09:06
1838,EST,Estonia,2020,203.6212,7767,203.6212,437.7856,21.5621,40.2,27.336,28.9,20.904,Our World in Data / WHO,2026-09-30 02:09:06
1839,EST,Estonia,2021,215.2062,8408,215.2062,462.6933,22.7888,40.2,27.336,28.2,20.904,Our World in Data / WHO,2026-09-30 02:09:06
1840,EST,Estonia,2022,215.2062,8408,215.2062,462.6933,22.7888,40.2,27.336,27.5,20.904,Our World in Data / WHO,2026-09-30 02:09:06
1841,ETH,Ethiopia,1990,236.796,54281,236.796,509.1114,25.0751,27.6,18.768,6.3,14.352,Our World in Data / WHO,2026-09-30 02:09:06
1842,ETH,Ethiopia,1991,236.796,54281,236.796,509.1114,25.0751,27.4,18.632,6.3,14.248,Our World in Data / WHO,2026-09-30 02:09:06
1843,ETH,Ethiopia,1992,236.796,54281,236.796,509.1114,25.0751,27.3,18.564,6.3,14.196,Our World in Data / WHO,2026-09-30 02:09:06
1844,ETH,Ethiopia,1993,236.796,54281,236.796,509.1114,25.0751,27.2,18.496,6.3,14.144,Our World in Data / WHO,2026-09-30 02:09:06
1845,ETH,Ethiopia,1994,236.796,54281,236.796,509.1114,25.0751,27.1,18.428,6.3,14.092,Our World in Data / WHO,2026-09-30 02:09:06
1846,ETH,Ethiopia,1995,236.796,54281,236.796,509.1114,25.0751,27.0,18.36,6.3,14.04,Our World in Data / WHO,2026-09-30 02:09:06
1847,ETH,Ethiopia,1996,236.796,54281,236.796,509.1114,25.0751,26.9,18.292,6.3,13.988,Our World in Data / WHO,2026-09-30 02:09:06
1848,ETH,Ethiopia,1997,236.796,54281,236.796,509.1114,25.0751,26.9,18.292,6.3,13.988,Our World in Data / WHO,2026-09-30 02:09:06
1849,ETH,Ethiopia,1998,236.796,54281,236.796,509.1114,25.0751,26.8,18.224,6.3,13.936,Our World in Data / WHO,2026-09-30 02:09:06
1850,ETH,Ethiopia,1999,236.796,54281,236.796,509.1114,25.0751,26.9,18.292,6.3,13.988,Our World in Data / WHO,2026-09-30 02:09:06
1851,ETH,Ethiopia,2000,236.796,54281,236.796,509.1114,25.0751,26.9,18.292,6.3,13.988,Our World in Data / WHO,2026-09-30 02:09:06
1852,ETH,Ethiopia,2001,231.0129,53989,231.0129,496.6777,24.4627,27.0,18.36,6.24,14.04,Our World in Data / WHO,2026-09-30 02:09:06
1853,ETH,Ethiopia,2002,227.2929,54086,227.2929,488.6797,24.0687,27.1,18.428,6.18,14.092,Our World in Data / WHO,2026-09-30 02:09:06
1854,ETH,Ethiopia,2003,222.3113,54171,222.3113,477.9693,23.5412,27.3,18.564,6.12,14.196,Our World in Data / WHO,2026-09-30 02:09:06
1855,ETH,Ethiopia,2004,217.9695,54474,217.9695,468.6344,23.0815,27.5,18.7,6.06,14.3,Our World in Data / WHO,2026-09-30 02:09:06
1856,ETH,Ethiopia,2005,211.1331,54251,211.1331,453.9362,22.3575,27.7,18.836,6.0,14.404,Our World in Data / WHO,2026-09-30 02:09:06
1857,ETH,Ethiopia,2006,202.8087,53945,202.8087,436.0387,21.476,27.9,18.972,5.95,14.508,Our World in Data / WHO,2026-09-30 02:09:06
1858,ETH,Ethiopia,2007,196.0547,53895,196.0547,421.5176,20.7608,28.1,19.108,5.9,14.612,Our World in Data / WHO,2026-09-30 02:09:06
1859,ETH,Ethiopia,2008,192.4021,54574,192.4021,413.6645,20.374,28.2,19.176,5.8333,14.664,Our World in Data / WHO,2026-09-30 02:09:06
1860,ETH,Ethiopia,2009,186.9398,55012,186.9398,401.9206,19.7956,28.3,19.244,5.7667,14.716,Our World in Data / WHO,2026-09-30 02:09:06
1861,ETH,Ethiopia,2010,182.9359,55825,182.9359,393.3122,19.3716,28.3,19.244,5.7,14.716,Our World in Data / WHO,2026-09-30 02:09:06
1862,ETH,Ethiopia,2011,179.0548,56819,179.0548,384.9678,18.9607,28.3,19.244,5.66,14.716,Our World in Data / WHO,2026-09-30 02:09:06
1863,ETH,Ethiopia,2012,173.017,57212,173.017,371.9865,18.3213,28.3,19.244,5.62,14.716,Our World in Data / WHO,2026-09-30 02:09:06
1864,ETH,Ethiopia,2013,164.706,56418,164.706,354.1179,17.4412,28.2,19.176,5.58,14.664,Our World in Data / WHO,2026-09-30 02:09:06
1865,ETH,Ethiopia,2014,160.2348,57132,160.2348,344.5048,16.9678,28.0,19.04,5.54,14.56,Our World in Data / WHO,2026-09-30 02:09:06
1866,ETH,Ethiopia,2015,163.1677,60678,163.1677,350.8106,17.2783,27.9,18.972,5.5,14.508,Our World in Data / WHO,2026-09-30 02:09:06
1867,ETH,Ethiopia,2016,161.9495,62867,161.9495,348.1914,17.1493,27.8,18.904,5.46,14.456,Our World in Data / WHO,2026-09-30 02:09:06
1868,ETH,Ethiopia,2017,161.9776,65362,161.9776,348.2518,17.1523,27.7,18.836,5.42,14.404,Our World in Data / WHO,2026-09-30 02:09:06
1869,ETH,Ethiopia,2018,163.8137,68926,163.8137,352.1995,17.3467,27.5,18.7,5.38,14.3,Our World in Data / WHO,2026-09-30 02:09:06
1870,ETH,Ethiopia,2019,164.5918,72081,164.5918,353.8724,17.4291,27.4,18.632,5.34,14.248,Our World in Data / WHO,2026-09-30 02:09:06
1871,ETH,Ethiopia,2020,175.6245,79625,175.6245,377.5927,18.5974,27.4,18.632,5.3,14.248,Our World in Data / WHO,2026-09-30 02:09:06
1872,ETH,Ethiopia,2021,171.0842,81513,171.0842,367.831,18.1166,27.4,18.632,5.3,14.248,Our World in Data / WHO,2026-09-30 02:09:06
1873,ETH,Ethiopia,2022,171.0842,81513,171.0842,367.831,18.1166,27.4,18.632,5.3,14.248,Our World in Data / WHO,2026-09-30 02:09:06
1874,FIN,Finland,1990,219.1815,21588,219.1815,471.2402,23.2098,47.3,32.164,39.0,24.596,Our World in Data / WHO,2026-09-30 02:09:06
1875,FIN,Finland,1991,219.1815,21588,219.1815,471.2402,23.2098,46.8,31.824,39.0,24.336,Our World in Data / WHO,2026-09-30 02:09:06
1876,FIN,Finland,1992,219.1815,21588,219.1815,471.2402,23.2098,46.3,31.484,39.0,24.076,Our World in Data / WHO,2026-09-30 02:09:06
1877,FIN,Finland,1993,219.1815,21588,219.1815,471.2402,23.2098,45.8,31.144,39.0,23.816,Our World in Data / WHO,2026-09-30 02:09:06
1878,FIN,Finland,1994,219.1815,21588,219.1815,471.2402,23.2098,45.2,30.736,39.0,23.504,Our World in Data / WHO,2026-09-30 02:09:06
1879,FIN,Finland,1995,219.1815,21588,219.1815,471.2402,23.2098,44.7,30.396,39.0,23.244,Our World in Data / WHO,2026-09-30 02:09:06
1880,FIN,Finland,1996,219.1815,21588,219.1815,471.2402,23.2098,44.1,29.988,39.0,22.932,Our World in Data / WHO,2026-09-30 02:09:06
1881,FIN,Finland,1997,219.1815,21588,219.1815,471.2402,23.2098,43.6,29.648,39.0,22.672,Our World in Data / WHO,2026-09-30 02:09:06
1882,FIN,Finland,1998,219.1815,21588,219.1815,471.2402,23.2098,43.1,29.308,39.0,22.412,Our World in Data / WHO,2026-09-30 02:09:06
1883,FIN,Finland,1999,219.1815,21588,219.1815,471.2402,23.2098,42.6,28.968,39.0,22.152,Our World in Data / WHO,2026-09-30 02:09:06
1884,FIN,Finland,2000,219.1815,21588,219.1815,471.2402,23.2098,42.2,28.696,39.0,21.944,Our World in Data / WHO,2026-09-30 02:09:06
1885,FIN,Finland,2001,206.9272,21012,206.9272,444.8935,21.9122,41.8,28.424,38.08,21.736,Our World in Data / WHO,2026-09-30 02:09:06
1886,FIN,Finland,2002,207.9777,21619,207.9777,447.1521,22.0234,41.4,28.152,37.16,21.528,Our World in Data / WHO,2026-09-30 02:09:06
1887,FIN,Finland,2003,200.1298,21203,200.1298,430.2791,21.1924,41.1,27.948,36.24,21.372,Our World in Data / WHO,2026-09-30 02:09:06
1888,FIN,Finland,2004,187.4869,20142,187.4869,403.0968,19.8536,40.8,27.744,35.32,21.216,Our World in Data / WHO,2026-09-30 02:09:06
1889,FIN,Finland,2005,181.2856,20193,181.2856,389.764,19.1969,40.5,27.54,34.4,21.06,Our World in Data / WHO,2026-09-30 02:09:06
1890,FIN,Finland,2006,177.4092,20515,177.4092,381.4298,18.7864,40.2,27.336,33.6,20.904,Our World in Data / WHO,2026-09-30 02:09:06
1891,FIN,Finland,2007,175.2573,20935,175.2573,376.8032,18.5585,39.9,27.132,32.8,20.748,Our World in Data / WHO,2026-09-30 02:09:06
1892,FIN,Finland,2008,170.0893,20974,170.0893,365.692,18.0113,39.6,26.928,31.9667,20.592,Our World in Data / WHO,2026-09-30 02:09:06
1893,FIN,Finland,2009,167.0789,21246,167.0789,359.2196,17.6925,39.3,26.724,31.1333,20.436,Our World in Data / WHO,2026-09-30 02:09:06
1894,FIN,Finland,2010,164.4003,21679,164.4003,353.4606,17.4088,39.0,26.52,30.3,20.28,Our World in Data / WHO,2026-09-30 02:09:06
1895,FIN,Finland,2011,156.4149,21318,156.4149,336.292,16.5633,38.6,26.248,29.6,20.072,Our World in Data / WHO,2026-09-30 02:09:06
1896,FIN,Finland,2012,155.1296,21854,155.1296,333.5286,16.4271,38.3,26.044,28.9,19.916,Our World in Data / WHO,2026-09-30 02:09:06
1897,FIN,Finland,2013,147.7062,21395,147.7062,317.5683,15.6411,37.9,25.772,28.2,19.708,Our World in Data / WHO,2026-09-30 02:09:06
1898,FIN,Finland,2014,145.3028,21738,145.3028,312.401,15.3866,37.6,25.568,27.5,19.552,Our World in Data / WHO,2026-09-30 02:09:06
1899,FIN,Finland,2015,140.6569,21630,140.6569,302.4123,14.8946,37.2,25.296,26.8,19.344,Our World in Data / WHO,2026-09-30 02:09:06
1900,FIN,Finland,2016,139.5055,22060,139.5055,299.9368,14.7727,36.9,25.092,26.18,19.188,Our World in Data / WHO,2026-09-30 02:09:06
1901,FIN,Finland,2017,133.6832,21511,133.6832,287.4189,14.1561,36.6,24.888,25.56,19.032,Our World in Data / WHO,2026-09-30 02:09:06
1902,FIN,Finland,2018,130.7703,21582,130.7703,281.1561,13.8477,36.2,24.616,24.94,18.824,Our World in Data / WHO,2026-09-30 02:09:06
1903,FIN,Finland,2019,124.2676,20926,124.2676,267.1753,13.1591,35.9,24.412,24.32,18.668,Our World in Data / WHO,2026-09-30 02:09:06
1904,FIN,Finland,2020,124.3599,21340,124.3599,267.3738,13.1688,35.9,24.412,23.7,18.668,Our World in Data / WHO,2026-09-30 02:09:06
1905,FIN,Finland,2021,124.082,22003,124.082,266.7763,13.1394,35.9,24.412,23.05,18.668,Our World in Data / WHO,2026-09-30 02:09:06
1906,FIN,Finland,2022,124.082,22003,124.082,266.7763,13.1394,35.9,24.412,22.4,18.668,Our World in Data / WHO,2026-09-30 02:09:06
1907,FJI,Fiji,1990,487.0408,2075,487.0408,1047.1377,51.5742,31.5,21.42,34.9,16.38,Our World in Data / WHO,2026-09-30 02:09:06
1908,FJI,Fiji,1991,487.0408,2075,487.0408,1047.1377,51.5742,31.5,21.42,34.9,16.38,Our World in Data / WHO,2026-09-30 02:09:06
1909,FJI,Fiji,1992,487.0408,2075,487.0408,1047.1377,51.5742,31.4,21.352,34.9,16.328,Our World in Data / WHO,2026-09-30 02:09:06
1910,FJI,Fiji,1993,487.0408,2075,487.0408,1047.1377,51.5742,31.4,21.352,34.9,16.328,Our World in Data / WHO,2026-09-30 02:09:06
1911,FJI,Fiji,1994,487.0408,2075,487.0408,1047.1377,51.5742,31.4,21.352,34.9,16.328,Our World in Data / WHO,2026-09-30 02:09:06
1912,FJI,Fiji,1995,487.0408,2075,487.0408,1047.1377,51.5742,31.4,21.352,34.9,16.328,Our World in Data / WHO,2026-09-30 02:09:06
1913,FJI,Fiji,1996,487.0408,2075,487.0408,1047.1377,51.5742,31.4,21.352,34.9,16.328,Our World in Data / WHO,2026-09-30 02:09:06
1914,FJI,Fiji,1997,487.0408,2075,487.0408,1047.1377,51.5742,31.4,21.352,34.9,16.328,Our World in Data / WHO,2026-09-30 02:09:06
1915,FJI,Fiji,1998,487.0408,2075,487.0408,1047.1377,51.5742,31.5,21.42,34.9,16.38,Our World in Data / WHO,2026-09-30 02:09:06
1916,FJI,Fiji,1999,487.0408,2075,487.0408,1047.1377,51.5742,31.6,21.488,34.9,16.432,Our World in Data / WHO,2026-09-30 02:09:06
1917,FJI,Fiji,2000,487.0408,2075,487.0408,1047.1377,51.5742,31.8,21.624,34.9,16.536,Our World in Data / WHO,2026-09-30 02:09:06
1918,FJI,Fiji,2001,469.2368,2049,469.2368,1008.8591,49.6889,31.9,21.692,34.44,16.588,Our World in Data / WHO,2026-09-30 02:09:06
1919,FJI,Fiji,2002,455.4597,2033,455.4597,979.2384,48.23,32.2,21.896,33.98,16.744,Our World in Data / WHO,2026-09-30 02:09:06
1920,FJI,Fiji,2003,455.4458,2065,455.4458,979.2085,48.2285,32.4,22.032,33.52,16.848,Our World in Data / WHO,2026-09-30 02:09:06
1921,FJI,Fiji,2004,430.4536,2007,430.4536,925.4752,45.582,32.7,22.236,33.06,17.004,Our World in Data / WHO,2026-09-30 02:09:06
1922,FJI,Fiji,2005,426.2629,2067,426.2629,916.4652,45.1383,33.1,22.508,32.6,17.212,Our World in Data / WHO,2026-09-30 02:09:06
1923,FJI,Fiji,2006,427.3664,2134,427.3664,918.8378,45.2551,33.5,22.78,32.2,17.42,Our World in Data / WHO,2026-09-30 02:09:06
1924,FJI,Fiji,2007,426.4151,2193,426.4151,916.7925,45.1544,33.9,23.052,31.8,17.628,Our World in Data / WHO,2026-09-30 02:09:06
1925,FJI,Fiji,2008,425.9943,2259,425.9943,915.8877,45.1098,34.4,23.392,31.4,17.888,Our World in Data / WHO,2026-09-30 02:09:06
1926,FJI,Fiji,2009,419.1935,2282,419.1935,901.266,44.3897,34.8,23.664,31.0,18.096,Our World in Data / WHO,2026-09-30 02:09:06
1927,FJI,Fiji,2010,417.7899,2317,417.7899,898.2483,44.241,35.3,24.004,30.6,18.356,Our World in Data / WHO,2026-09-30 02:09:06
1928,FJI,Fiji,2011,414.7689,2347,414.7689,891.7531,43.9211,35.7,24.276,30.22,18.564,Our World in Data / WHO,2026-09-30 02:09:06
1929,FJI,Fiji,2012,410.6664,2378,410.6664,882.9328,43.4867,36.1,24.548,29.84,18.772,Our World in Data / WHO,2026-09-30 02:09:06
1930,FJI,Fiji,2013,409.1673,2421,409.1673,879.7097,43.328,36.5,24.82,29.46,18.98,Our World in Data / WHO,2026-09-30 02:09:06
1931,FJI,Fiji,2014,406.5056,2451,406.5056,873.987,43.0461,36.9,25.092,29.08,19.188,Our World in Data / WHO,2026-09-30 02:09:06
1932,FJI,Fiji,2015,400.8859,2466,400.8859,861.9047,42.451,37.2,25.296,28.7,19.344,Our World in Data / WHO,2026-09-30 02:09:06
1933,FJI,Fiji,2016,396.0955,2491,396.0955,851.6053,41.9438,37.6,25.568,28.36,19.552,Our World in Data / WHO,2026-09-30 02:09:06
1934,FJI,Fiji,2017,394.2703,2534,394.2703,847.6811,41.7505,37.9,25.772,28.02,19.708,Our World in Data / WHO,2026-09-30 02:09:06
1935,FJI,Fiji,2018,389.7516,2562,389.7516,837.9659,41.272,38.3,26.044,27.68,19.916,Our World in Data / WHO,2026-09-30 02:09:06
1936,FJI,Fiji,2019,385.3668,2587,385.3668,828.5386,40.8077,38.6,26.248,27.34,20.072,Our World in Data / WHO,2026-09-30 02:09:06
1937,FJI,Fiji,2020,383.2894,2632,383.2894,824.0722,40.5877,38.6,26.248,27.0,20.072,Our World in Data / WHO,2026-09-30 02:09:06
1938,FJI,Fiji,2021,360.9675,2514,360.9675,776.0801,38.224,38.6,26.248,26.7,20.072,Our World in Data / WHO,2026-09-30 02:09:06
1939,FJI,Fiji,2022,360.9675,2514,360.9675,776.0801,38.224,38.6,26.248,26.4,20.072,Our World in Data / WHO,2026-09-30 02:09:06
1940,FRA,France,1990,127.0252,167173,127.0252,273.1042,13.4511,36.5,24.82,34.5,18.98,Our World in Data / WHO,2026-09-30 02:09:06
1941,FRA,France,1991,127.0252,167173,127.0252,273.1042,13.4511,36.3,24.684,34.5,18.876,Our World in Data / WHO,2026-09-30 02:09:06
1942,FRA,France,1992,127.0252,167173,127.0252,273.1042,13.4511,36.0,24.48,34.5,18.72,Our World in Data / WHO,2026-09-30 02:09:06
1943,FRA,France,1993,127.0252,167173,127.0252,273.1042,13.4511,35.8,24.344,34.5,18.616,Our World in Data / WHO,2026-09-30 02:09:06
1944,FRA,France,1994,127.0252,167173,127.0252,273.1042,13.4511,35.6,24.208,34.5,18.512,Our World in Data / WHO,2026-09-30 02:09:06
1945,FRA,France,1995,127.0252,167173,127.0252,273.1042,13.4511,35.4,24.072,34.5,18.408,Our World in Data / WHO,2026-09-30 02:09:06
1946,FRA,France,1996,127.0252,167173,127.0252,273.1042,13.4511,35.2,23.936,34.5,18.304,Our World in Data / WHO,2026-09-30 02:09:06
1947,FRA,France,1997,127.0252,167173,127.0252,273.1042,13.4511,34.9,23.732,34.5,18.148,Our World in Data / WHO,2026-09-30 02:09:06
1948,FRA,France,1998,127.0252,167173,127.0252,273.1042,13.4511,34.7,23.596,34.5,18.044,Our World in Data / WHO,2026-09-30 02:09:06
1949,FRA,France,1999,127.0252,167173,127.0252,273.1042,13.4511,34.5,23.46,34.5,17.94,Our World in Data / WHO,2026-09-30 02:09:06
1950,FRA,France,2000,127.0252,167173,127.0252,273.1042,13.4511,34.2,23.256,34.5,17.784,Our World in Data / WHO,2026-09-30 02:09:06
1951,FRA,France,2001,125.0072,166618,125.0072,268.7655,13.2374,34.0,23.12,34.44,17.68,Our World in Data / WHO,2026-09-30 02:09:06
1952,FRA,France,2002,122.3534,164483,122.3534,263.0598,12.9564,33.8,22.984,34.38,17.576,Our World in Data / WHO,2026-09-30 02:09:06
1953,FRA,France,2003,122.5465,166674,122.5465,263.475,12.9768,33.6,22.848,34.32,17.472,Our World in Data / WHO,2026-09-30 02:09:06
1954,FRA,France,2004,110.3901,152180,110.3901,237.3387,12.0,33.4,22.712,34.26,17.368,Our World in Data / WHO,2026-09-30 02:09:06
1955,FRA,France,2005,108.5231,155133,108.5231,233.3247,12.0,33.2,22.576,34.2,17.264,Our World in Data / WHO,2026-09-30 02:09:06
1956,FRA,France,2006,100.8622,150354,100.8622,216.8537,12.0,33.0,22.44,34.2,17.16,Our World in Data / WHO,2026-09-30 02:09:06
1957,FRA,France,2007,96.8889,150684,96.8889,208.3111,12.0,32.7,22.236,34.2,17.004,Our World in Data / WHO,2026-09-30 02:09:06
1958,FRA,France,2008,94.7937,152874,94.7937,203.8065,12.0,32.4,22.032,34.1333,16.848,Our World in Data / WHO,2026-09-30 02:09:06
1959,FRA,France,2009,90.9791,151706,90.9791,195.6051,12.0,32.1,21.828,34.0667,16.692,Our World in Data / WHO,2026-09-30 02:09:06
1960,FRA,France,2010,88.2826,152287,88.2826,189.8076,12.0,31.8,21.624,34.0,16.536,Our World in Data / WHO,2026-09-30 02:09:06
1961,FRA,France,2011,83.305,148254,83.305,179.1058,12.0,31.4,21.352,33.94,16.328,Our World in Data / WHO,2026-09-30 02:09:06
1962,FRA,France,2012,82.7866,153039,82.7866,177.9912,12.0,31.1,21.148,33.88,16.172,Our World in Data / WHO,2026-09-30 02:09:06
1963,FRA,France,2013,80.2463,152520,80.2463,172.5295,12.0,30.8,20.944,33.82,16.016,Our World in Data / WHO,2026-09-30 02:09:06
1964,FRA,France,2014,75.8292,148216,75.8292,163.0328,12.0,30.5,20.74,33.76,15.86,Our World in Data / WHO,2026-09-30 02:09:06
1965,FRA,France,2015,74.0785,146693,74.0785,159.2688,12.0,30.2,20.536,33.7,15.704,Our World in Data / WHO,2026-09-30 02:09:06
1966,FRA,France,2016,71.6526,145077,71.6526,154.0531,12.0,29.9,20.332,33.72,15.548,Our World in Data / WHO,2026-09-30 02:09:06
1967,FRA,France,2017,73.3476,154980,73.3476,157.6973,12.0,29.6,20.128,33.74,15.392,Our World in Data / WHO,2026-09-30 02:09:06
1968,FRA,France,2018,69.547,148078,69.547,149.526,12.0,29.4,19.992,33.76,15.288,Our World in Data / WHO,2026-09-30 02:09:06
1969,FRA,France,2019,66.5241,144579,66.5241,143.0268,12.0,29.1,19.788,33.78,15.132,Our World in Data / WHO,2026-09-30 02:09:06
1970,FRA,France,2020,66.2556,144330,66.2556,142.4495,12.0,29.1,19.788,33.8,15.132,Our World in Data / WHO,2026-09-30 02:09:06
1971,FRA,France,2021,69.2241,149714,69.2241,148.8318,12.0,29.1,19.788,33.75,15.132,Our World in Data / WHO,2026-09-30 02:09:06
1972,FRA,France,2022,69.2241,149714,69.2241,148.8318,12.0,29.1,19.788,33.7,15.132,Our World in Data / WHO,2026-09-30 02:09:06
1973,FSM,Micronesia (country),1990,585.5158,272,585.5158,1258.859,58.0,31.0,21.08,31.1,16.12,Our World in Data / WHO,2026-09-30 02:09:06
1974,FSM,Micronesia (country),1991,585.5158,272,585.5158,1258.859,58.0,30.7,20.876,31.1,15.964,Our World in Data / WHO,2026-09-30 02:09:06
1975,FSM,Micronesia (country),1992,585.5158,272,585.5158,1258.859,58.0,30.4,20.672,31.1,15.808,Our World in Data / WHO,2026-09-30 02:09:06
1976,FSM,Micronesia (country),1993,585.5158,272,585.5158,1258.859,58.0,30.2,20.536,31.1,15.704,Our World in Data / WHO,2026-09-30 02:09:06
1977,FSM,Micronesia (country),1994,585.5158,272,585.5158,1258.859,58.0,29.9,20.332,31.1,15.548,Our World in Data / WHO,2026-09-30 02:09:06
1978,FSM,Micronesia (country),1995,585.5158,272,585.5158,1258.859,58.0,29.7,20.196,31.1,15.444,Our World in Data / WHO,2026-09-30 02:09:06
1979,FSM,Micronesia (country),1996,585.5158,272,585.5158,1258.859,58.0,29.5,20.06,31.1,15.34,Our World in Data / WHO,2026-09-30 02:09:06
1980,FSM,Micronesia (country),1997,585.5158,272,585.5158,1258.859,58.0,29.4,19.992,31.1,15.288,Our World in Data / WHO,2026-09-30 02:09:06
1981,FSM,Micronesia (country),1998,585.5158,272,585.5158,1258.859,58.0,29.2,19.856,31.1,15.184,Our World in Data / WHO,2026-09-30 02:09:06
1982,FSM,Micronesia (country),1999,585.5158,272,585.5158,1258.859,58.0,29.2,19.856,31.1,15.184,Our World in Data / WHO,2026-09-30 02:09:06
1983,FSM,Micronesia (country),2000,585.5158,272,585.5158,1258.859,58.0,29.1,19.788,31.1,15.132,Our World in Data / WHO,2026-09-30 02:09:06
1984,FSM,Micronesia (country),2001,579.9648,273,579.9648,1246.9243,58.0,29.2,19.856,29.84,15.184,Our World in Data / WHO,2026-09-30 02:09:06
1985,FSM,Micronesia (country),2002,567.4255,274,567.4255,1219.9648,58.0,29.2,19.856,29.18,15.184,Our World in Data / WHO,2026-09-30 02:09:06
1986,FSM,Micronesia (country),2003,558.1584,276,558.1584,1200.0406,58.0,29.4,19.992,28.72,15.288,Our World in Data / WHO,2026-09-30 02:09:06
1987,FSM,Micronesia (country),2004,556.9789,281,556.9789,1197.5046,58.0,29.5,20.06,28.26,15.34,Our World in Data / WHO,2026-09-30 02:09:06
1988,FSM,Micronesia (country),2005,555.3238,287,555.3238,1193.9462,58.0,29.7,20.196,27.8,15.444,Our World in Data / WHO,2026-09-30 02:09:06
1989,FSM,Micronesia (country),2006,547.4254,286,547.4254,1176.9646,57.9685,30.0,20.4,27.5,15.6,Our World in Data / WHO,2026-09-30 02:09:06
1990,FSM,Micronesia (country),2007,540.2979,285,540.2979,1161.6405,57.2138,30.3,20.604,26.9,15.756,Our World in Data / WHO,2026-09-30 02:09:06
1991,FSM,Micronesia (country),2008,535.8447,284,535.8447,1152.0661,56.7422,30.6,20.808,26.5333,15.912,Our World in Data / WHO,2026-09-30 02:09:06
1992,FSM,Micronesia (country),2009,531.2213,283,531.2213,1142.1258,56.2526,30.9,21.012,25.8667,16.068,Our World in Data / WHO,2026-09-30 02:09:06
1993,FSM,Micronesia (country),2010,528.9553,285,528.9553,1137.2539,56.0127,31.2,21.216,25.2,16.224,Our World in Data / WHO,2026-09-30 02:09:06
1994,FSM,Micronesia (country),2011,535.101,293,535.101,1150.4672,56.6635,31.5,21.42,24.86,16.38,Our World in Data / WHO,2026-09-30 02:09:06
1995,FSM,Micronesia (country),2012,540.6721,301,540.6721,1162.445,57.2534,31.7,21.556,24.22,16.484,Our World in Data / WHO,2026-09-30 02:09:06
1996,FSM,Micronesia (country),2013,541.9463,307,541.9463,1165.1845,57.3883,31.9,21.692,23.76,16.588,Our World in Data / WHO,2026-09-30 02:09:06
1997,FSM,Micronesia (country),2014,533.3491,308,533.3491,1146.7006,56.478,32.1,21.828,23.16,16.692,Our World in Data / WHO,2026-09-30 02:09:06
1998,FSM,Micronesia (country),2015,545.8558,324,545.8558,1173.59,57.8023,32.2,21.896,22.6,16.744,Our World in Data / WHO,2026-09-30 02:09:06
1999,FSM,Micronesia (country),2016,541.8679,329,541.8679,1165.016,57.38,32.4,22.032,22.34,16.848,Our World in Data / WHO,2026-09-30 02:09:06
2000,FSM,Micronesia (country),2017,543.403,338,543.403,1168.3164,57.5426,32.6,22.168,21.98,16.952,Our World in Data / WHO,2026-09-30 02:09:06
2001,FSM,Micronesia (country),2018,548.0606,350,548.0606,1178.3303,58.0,32.7,22.236,21.56,17.004,Our World in Data / WHO,2026-09-30 02:09:06
2002,FSM,Micronesia (country),2019,549.8879,361,549.8879,1182.259,58.0,32.9,22.372,21.2,17.108,Our World in Data / WHO,2026-09-30 02:09:06
2003,FSM,Micronesia (country),2020,568.9309,384,568.9309,1223.2014,58.0,32.9,22.372,20.6,17.108,Our World in Data / WHO,2026-09-30 02:09:06
2004,FSM,Micronesia (country),2021,570.0067,394,570.0067,1225.5144,58.0,32.9,22.372,20.175,17.108,Our World in Data / WHO,2026-09-30 02:09:06
2005,GAB,Gabon,1990,321.409,2410,321.409,691.0293,34.035,36.4,24.752,14.3,18.928,Our World in Data / WHO,2026-09-30 02:09:06
2006,GAB,Gabon,1991,321.409,2410,321.409,691.0293,34.035,36.4,24.752,14.3,18.928,Our World in Data / WHO,2026-09-30 02:09:06
2007,GAB,Gabon,1992,321.409,2410,321.409,691.0293,34.035,36.4,24.752,14.3,18.928,Our World in Data / WHO,2026-09-30 02:09:06
2008,GAB,Gabon,1993,321.409,2410,321.409,691.0293,34.035,36.4,24.752,14.3,18.928,Our World in Data / WHO,2026-09-30 02:09:06
2009,GAB,Gabon,1994,321.409,2410,321.409,691.0293,34.035,36.4,24.752,14.3,18.928,Our World in Data / WHO,2026-09-30 02:09:06
2010,GAB,Gabon,1995,321.409,2410,321.409,691.0293,34.035,36.4,24.752,14.3,18.928,Our World in Data / WHO,2026-09-30 02:09:06
2011,GAB,Gabon,1996,321.409,2410,321.409,691.0293,34.035,36.5,24.82,14.3,18.98,Our World in Data / WHO,2026-09-30 02:09:06
2012,GAB,Gabon,1997,321.409,2410,321.409,691.0293,34.035,36.5,24.82,14.3,18.98,Our World in Data / WHO,2026-09-30 02:09:06
2013,GAB,Gabon,1998,321.409,2410,321.409,691.0293,34.035,36.6,24.888,14.3,19.032,Our World in Data / WHO,2026-09-30 02:09:06
2014,GAB,Gabon,1999,321.409,2410,321.409,691.0293,34.035,36.7,24.956,14.3,19.084,Our World in Data / WHO,2026-09-30 02:09:06
2015,GAB,Gabon,2000,321.409,2410,321.409,691.0293,34.035,36.8,25.024,14.3,19.136,Our World in Data / WHO,2026-09-30 02:09:06
2016,GAB,Gabon,2001,311.9311,2368,311.9311,670.6519,33.0313,36.9,25.092,14.22,19.188,Our World in Data / WHO,2026-09-30 02:09:06
2017,GAB,Gabon,2002,281.7591,2175,281.7591,605.7821,29.8363,37.1,25.228,14.14,19.292,Our World in Data / WHO,2026-09-30 02:09:06
2018,GAB,Gabon,2003,275.1252,2161,275.1252,591.5192,29.1338,37.3,25.364,14.06,19.396,Our World in Data / WHO,2026-09-30 02:09:06
2019,GAB,Gabon,2004,273.6834,2182,273.6834,588.4193,28.9812,37.4,25.432,13.98,19.448,Our World in Data / WHO,2026-09-30 02:09:06
2020,GAB,Gabon,2005,303.6313,2476,303.6313,652.8073,32.1524,37.6,25.568,13.9,19.552,Our World in Data / WHO,2026-09-30 02:09:06
2021,GAB,Gabon,2006,306.3354,2544,306.3354,658.6211,32.4388,37.8,25.704,13.85,19.656,Our World in Data / WHO,2026-09-30 02:09:06
2022,GAB,Gabon,2007,282.8449,2400,282.8449,608.1165,29.9513,37.9,25.772,13.8,19.708,Our World in Data / WHO,2026-09-30 02:09:06
2023,GAB,Gabon,2008,285.826,2475,285.826,614.5259,30.267,38.0,25.84,13.7333,19.76,Our World in Data / WHO,2026-09-30 02:09:06
2024,GAB,Gabon,2009,294.0363,2605,294.0363,632.178,31.1364,38.1,25.908,13.6667,19.812,Our World in Data / WHO,2026-09-30 02:09:06
2025,GAB,Gabon,2010,290.2157,2632,290.2157,623.9638,30.7318,38.1,25.908,13.6,19.812,Our World in Data / WHO,2026-09-30 02:09:06
2026,GAB,Gabon,2011,289.6072,2693,289.6072,622.6555,30.6674,38.1,25.908,13.54,19.812,Our World in Data / WHO,2026-09-30 02:09:06
2027,GAB,Gabon,2012,277.6633,2652,277.6633,596.9761,29.4026,38.0,25.84,13.48,19.76,Our World in Data / WHO,2026-09-30 02:09:06
2028,GAB,Gabon,2013,279.334,2738,279.334,600.5681,29.5795,37.9,25.772,13.42,19.708,Our World in Data / WHO,2026-09-30 02:09:06
2029,GAB,Gabon,2014,296.1358,2988,296.1358,636.692,31.3587,37.8,25.704,13.36,19.656,Our World in Data / WHO,2026-09-30 02:09:06
2030,GAB,Gabon,2015,296.1187,3062,296.1187,636.6552,31.3569,37.7,25.636,13.3,19.604,Our World in Data / WHO,2026-09-30 02:09:06
2031,GAB,Gabon,2016,289.0015,3058,289.0015,621.3532,30.6033,37.6,25.568,13.3,19.552,Our World in Data / WHO,2026-09-30 02:09:06
2032,GAB,Gabon,2017,281.1373,3045,281.1373,604.4452,29.7705,37.5,25.5,13.3,19.5,Our World in Data / WHO,2026-09-30 02:09:06
2033,GAB,Gabon,2018,279.8754,3102,279.8754,601.7321,29.6369,37.4,25.432,13.3,19.448,Our World in Data / WHO,2026-09-30 02:09:06
2034,GAB,Gabon,2019,273.6838,3101,273.6838,588.4202,28.9812,37.4,25.432,13.3,19.448,Our World in Data / WHO,2026-09-30 02:09:06
2035,GAB,Gabon,2020,236.8789,2752,236.8789,509.2896,25.0838,37.4,25.432,13.3,19.448,Our World in Data / WHO,2026-09-30 02:09:06
2036,GAB,Gabon,2021,221.4966,2647,221.4966,476.2177,23.455,37.4,25.432,13.3,19.448,Our World in Data / WHO,2026-09-30 02:09:06
2037,GAB,Gabon,2022,221.4966,2647,221.4966,476.2177,23.455,37.4,25.432,13.3,19.448,Our World in Data / WHO,2026-09-30 02:09:06
2038,GBR,United Kingdom,1990,189.7576,234016,189.7576,407.9788,20.094,38.1,25.908,38.2,19.812,Our World in Data / WHO,2026-09-30 02:09:06
2039,GBR,United Kingdom,1991,189.7576,234016,189.7576,407.9788,20.094,37.8,25.704,38.2,19.656,Our World in Data / WHO,2026-09-30 02:09:06
2040,GBR,United Kingdom,1992,189.7576,234016,189.7576,407.9788,20.094,37.6,25.568,38.2,19.552,Our World in Data / WHO,2026-09-30 02:09:06
2041,GBR,United Kingdom,1993,189.7576,234016,189.7576,407.9788,20.094,37.3,25.364,38.2,19.396,Our World in Data / WHO,2026-09-30 02:09:06
2042,GBR,United Kingdom,1994,189.7576,234016,189.7576,407.9788,20.094,36.9,25.092,38.2,19.188,Our World in Data / WHO,2026-09-30 02:09:06
2043,GBR,United Kingdom,1995,189.7576,234016,189.7576,407.9788,20.094,36.4,24.752,38.2,18.928,Our World in Data / WHO,2026-09-30 02:09:06
2044,GBR,United Kingdom,1996,189.7576,234016,189.7576,407.9788,20.094,35.9,24.412,38.2,18.668,Our World in Data / WHO,2026-09-30 02:09:06
2045,GBR,United Kingdom,1997,189.7576,234016,189.7576,407.9788,20.094,35.4,24.072,38.2,18.408,Our World in Data / WHO,2026-09-30 02:09:06
2046,GBR,United Kingdom,1998,189.7576,234016,189.7576,407.9788,20.094,34.8,23.664,38.2,18.096,Our World in Data / WHO,2026-09-30 02:09:06
2047,GBR,United Kingdom,1999,189.7576,234016,189.7576,407.9788,20.094,34.3,23.324,38.2,17.836,Our World in Data / WHO,2026-09-30 02:09:06
2048,GBR,United Kingdom,2000,189.7576,234016,189.7576,407.9788,20.094,33.7,22.916,38.2,17.524,Our World in Data / WHO,2026-09-30 02:09:06
2049,GBR,United Kingdom,2001,190.7565,241521,190.7565,410.1265,20.1998,33.1,22.508,36.62,17.212,Our World in Data / WHO,2026-09-30 02:09:06
2050,GBR,United Kingdom,2002,185.8974,238399,185.8974,399.6794,19.6852,32.6,22.168,35.04,16.952,Our World in Data / WHO,2026-09-30 02:09:06
2051,GBR,United Kingdom,2003,180.433,233572,180.433,387.931,19.1066,32.1,21.828,33.46,16.692,Our World in Data / WHO,2026-09-30 02:09:06
2052,GBR,United Kingdom,2004,166.5543,217426,166.5543,358.0917,17.6369,31.7,21.556,31.88,16.484,Our World in Data / WHO,2026-09-30 02:09:06
2053,GBR,United Kingdom,2005,157.1134,208602,157.1134,337.7938,16.6372,31.2,21.216,30.3,16.224,Our World in Data / WHO,2026-09-30 02:09:06
2054,GBR,United Kingdom,2006,146.7946,198166,146.7946,315.6084,15.5445,30.8,20.944,29.0,16.016,Our World in Data / WHO,2026-09-30 02:09:06
2055,GBR,United Kingdom,2007,140.3592,193656,140.3592,301.7723,14.8631,30.5,20.74,27.7,15.86,Our World in Data / WHO,2026-09-30 02:09:06
2056,GBR,United Kingdom,2008,135.4946,190821,135.4946,291.3134,14.3479,30.1,20.468,26.5333,15.652,Our World in Data / WHO,2026-09-30 02:09:06
2057,GBR,United Kingdom,2009,126.0227,180620,126.0227,270.9488,13.3449,29.8,20.264,25.3667,15.496,Our World in Data / WHO,2026-09-30 02:09:06
2058,GBR,United Kingdom,2010,122.5106,178901,122.5106,263.3978,12.973,29.4,19.992,24.2,15.288,Our World in Data / WHO,2026-09-30 02:09:06
2059,GBR,United Kingdom,2011,108.5036,160184,108.5036,233.2827,12.0,29.0,19.72,23.2,15.08,Our World in Data / WHO,2026-09-30 02:09:06
2060,GBR,United Kingdom,2012,107.5254,164077,107.5254,231.1796,12.0,28.7,19.516,22.2,14.924,Our World in Data / WHO,2026-09-30 02:09:06
2061,GBR,United Kingdom,2013,105.4699,163167,105.4699,226.7603,12.0,28.3,19.244,21.2,14.716,Our World in Data / WHO,2026-09-30 02:09:06
2062,GBR,United Kingdom,2014,100.1225,157087,100.1225,215.2634,12.0,27.9,18.972,20.2,14.508,Our World in Data / WHO,2026-09-30 02:09:06
2063,GBR,United Kingdom,2015,100.9232,161175,100.9232,216.9849,12.0,27.6,18.768,19.2,14.352,Our World in Data / WHO,2026-09-30 02:09:06
2064,GBR,United Kingdom,2016,96.4365,154990,96.4365,207.3385,12.0,27.3,18.564,18.42,14.196,Our World in Data / WHO,2026-09-30 02:09:06
2065,GBR,United Kingdom,2017,94.4357,154480,94.4357,203.0368,12.0,27.0,18.36,17.64,14.04,Our World in Data / WHO,2026-09-30 02:09:06
2066,GBR,United Kingdom,2018,95.1561,157392,95.1561,204.5856,12.0,26.7,18.156,16.86,13.884,Our World in Data / WHO,2026-09-30 02:09:06
2067,GBR,United Kingdom,2019,89.2567,150359,89.2567,191.9019,12.0,26.4,17.952,16.08,13.728,Our World in Data / WHO,2026-09-30 02:09:06
2068,GBR,United Kingdom,2020,92.885,156317,92.885,199.7028,12.0,26.4,17.952,15.3,13.728,Our World in Data / WHO,2026-09-30 02:09:06
2069,GBR,United Kingdom,2021,88.4705,150199,88.4705,190.2116,12.0,26.4,17.952,14.65,13.728,Our World in Data / WHO,2026-09-30 02:09:06
2070,GBR,United Kingdom,2022,88.4705,150199,88.4705,190.2116,12.0,26.4,17.952,14.0,13.728,Our World in Data / WHO,2026-09-30 02:09:06
2071,GEO,Georgia,1990,540.4227,31096,540.4227,1161.9088,57.227,41.0,27.88,35.4,21.32,Our World in Data / WHO,2026-09-30 02:09:06
2072,GEO,Georgia,1991,540.4227,31096,540.4227,1161.9088,57.227,41.1,27.948,35.4,21.372,Our World in Data / WHO,2026-09-30 02:09:06
2073,GEO,Georgia,1992,540.4227,31096,540.4227,1161.9088,57.227,41.2,28.016,35.4,21.424,Our World in Data / WHO,2026-09-30 02:09:06
2074,GEO,Georgia,1993,540.4227,31096,540.4227,1161.9088,57.227,41.3,28.084,35.4,21.476,Our World in Data / WHO,2026-09-30 02:09:06
2075,GEO,Georgia,1994,540.4227,31096,540.4227,1161.9088,57.227,41.4,28.152,35.4,21.528,Our World in Data / WHO,2026-09-30 02:09:06
2076,GEO,Georgia,1995,540.4227,31096,540.4227,1161.9088,57.227,41.5,28.22,35.4,21.58,Our World in Data / WHO,2026-09-30 02:09:06
2077,GEO,Georgia,1996,540.4227,31096,540.4227,1161.9088,57.227,41.6,28.288,35.4,21.632,Our World in Data / WHO,2026-09-30 02:09:06
2078,GEO,Georgia,1997,540.4227,31096,540.4227,1161.9088,57.227,41.7,28.356,35.4,21.684,Our World in Data / WHO,2026-09-30 02:09:06
2079,GEO,Georgia,1998,540.4227,31096,540.4227,1161.9088,57.227,41.9,28.492,35.4,21.788,Our World in Data / WHO,2026-09-30 02:09:06
2080,GEO,Georgia,1999,540.4227,31096,540.4227,1161.9088,57.227,42.0,28.56,35.4,21.84,Our World in Data / WHO,2026-09-30 02:09:06
2081,GEO,Georgia,2000,540.4227,31096,540.4227,1161.9088,57.227,42.2,28.696,35.4,21.944,Our World in Data / WHO,2026-09-30 02:09:06
2082,GEO,Georgia,2001,509.9037,29162,509.9037,1096.293,53.9953,42.4,28.832,35.28,22.048,Our World in Data / WHO,2026-09-30 02:09:06
2083,GEO,Georgia,2002,580.8052,32923,580.8052,1248.7312,58.0,42.6,28.968,35.16,22.152,Our World in Data / WHO,2026-09-30 02:09:06
2084,GEO,Georgia,2003,578.3452,32907,578.3452,1243.4422,58.0,42.9,29.172,35.04,22.308,Our World in Data / WHO,2026-09-30 02:09:06
2085,GEO,Georgia,2004,561.9677,32332,561.9677,1208.2306,58.0,43.1,29.308,34.92,22.412,Our World in Data / WHO,2026-09-30 02:09:06
2086,GEO,Georgia,2005,496.7048,28546,496.7048,1067.9153,52.5976,43.4,29.512,34.8,22.568,Our World in Data / WHO,2026-09-30 02:09:06
2087,GEO,Georgia,2006,503.2459,29522,503.2459,1081.9787,53.2902,43.6,29.648,34.65,22.672,Our World in Data / WHO,2026-09-30 02:09:06
2088,GEO,Georgia,2007,487.1235,28938,487.1235,1047.3155,51.583,43.8,29.784,34.5,22.776,Our World in Data / WHO,2026-09-30 02:09:06
2089,GEO,Georgia,2008,462.7136,27951,462.7136,994.8342,48.9982,44.0,29.92,34.3333,22.88,Our World in Data / WHO,2026-09-30 02:09:06
2090,GEO,Georgia,2009,522.3041,31594,522.3041,1122.9538,55.3084,44.2,30.056,34.1667,22.984,Our World in Data / WHO,2026-09-30 02:09:06
2091,GEO,Georgia,2010,505.6673,31852,505.6673,1087.1847,53.5467,44.3,30.124,34.0,23.036,Our World in Data / WHO,2026-09-30 02:09:06
2092,GEO,Georgia,2011,462.4259,30296,462.4259,994.2157,48.9677,44.5,30.26,33.92,23.14,Our World in Data / WHO,2026-09-30 02:09:06
2093,GEO,Georgia,2012,457.783,30404,457.783,984.2334,48.476,44.6,30.328,33.84,23.192,Our World in Data / WHO,2026-09-30 02:09:06
2094,GEO,Georgia,2013,437.1584,29346,437.1584,939.8906,46.292,44.6,30.328,33.76,23.192,Our World in Data / WHO,2026-09-30 02:09:06
2095,GEO,Georgia,2014,439.2857,29926,439.2857,944.4643,46.5173,44.7,30.396,33.68,23.244,Our World in Data / WHO,2026-09-30 02:09:06
2096,GEO,Georgia,2015,416.4164,28781,416.4164,895.2953,44.0956,44.7,30.396,33.6,23.244,Our World in Data / WHO,2026-09-30 02:09:06
2097,GEO,Georgia,2016,394.6246,27694,394.6246,848.4429,41.788,44.6,30.328,33.54,23.192,Our World in Data / WHO,2026-09-30 02:09:06
2098,GEO,Georgia,2017,370.519,26262,370.519,796.6158,39.2354,44.6,30.328,33.48,23.192,Our World in Data / WHO,2026-09-30 02:09:06
2099,GEO,Georgia,2018,370.8218,26249,370.8218,797.2669,39.2675,44.6,30.328,33.42,23.192,Our World in Data / WHO,2026-09-30 02:09:06
2100,GEO,Georgia,2019,352.3763,25224,352.3763,757.609,37.3142,44.5,30.26,33.36,23.14,Our World in Data / WHO,2026-09-30 02:09:06
2101,GEO,Georgia,2020,358.0782,25880,358.0782,769.8681,37.918,44.5,30.26,33.3,23.14,Our World in Data / WHO,2026-09-30 02:09:06
2102,GEO,Georgia,2021,355.1405,25704,355.1405,763.5521,37.6069,44.5,30.26,33.05,23.14,Our World in Data / WHO,2026-09-30 02:09:06
2103,GEO,Georgia,2022,355.1405,25704,355.1405,763.5521,37.6069,44.5,30.26,32.8,23.14,Our World in Data / WHO,2026-09-30 02:09:06
2104,GHA,Ghana,1990,316.6711,23854,316.6711,680.8429,33.5333,35.3,24.004,7.4,18.356,Our World in Data / WHO,2026-09-30 02:09:06
2105,GHA,Ghana,1991,316.6711,23854,316.6711,680.8429,33.5333,35.5,24.14,7.4,18.46,Our World in Data / WHO,2026-09-30 02:09:06
2106,GHA,Ghana,1992,316.6711,23854,316.6711,680.8429,33.5333,35.7,24.276,7.4,18.564,Our World in Data / WHO,2026-09-30 02:09:06
2107,GHA,Ghana,1993,316.6711,23854,316.6711,680.8429,33.5333,35.9,24.412,7.4,18.668,Our World in Data / WHO,2026-09-30 02:09:06
2108,GHA,Ghana,1994,316.6711,23854,316.6711,680.8429,33.5333,36.1,24.548,7.4,18.772,Our World in Data / WHO,2026-09-30 02:09:06
2109,GHA,Ghana,1995,316.6711,23854,316.6711,680.8429,33.5333,36.3,24.684,7.4,18.876,Our World in Data / WHO,2026-09-30 02:09:06
2110,GHA,Ghana,1996,316.6711,23854,316.6711,680.8429,33.5333,36.5,24.82,7.4,18.98,Our World in Data / WHO,2026-09-30 02:09:06
2111,GHA,Ghana,1997,316.6711,23854,316.6711,680.8429,33.5333,36.7,24.956,7.4,19.084,Our World in Data / WHO,2026-09-30 02:09:06
2112,GHA,Ghana,1998,316.6711,23854,316.6711,680.8429,33.5333,36.9,25.092,7.4,19.188,Our World in Data / WHO,2026-09-30 02:09:06
2113,GHA,Ghana,1999,316.6711,23854,316.6711,680.8429,33.5333,37.2,25.296,7.4,19.344,Our World in Data / WHO,2026-09-30 02:09:06
2114,GHA,Ghana,2000,316.6711,23854,316.6711,680.8429,33.5333,37.4,25.432,7.4,19.448,Our World in Data / WHO,2026-09-30 02:09:06
2115,GHA,Ghana,2001,330.6948,25795,330.6948,710.9938,35.0183,37.7,25.636,7.18,19.604,Our World in Data / WHO,2026-09-30 02:09:06
2116,GHA,Ghana,2002,336.99,27208,336.99,724.5285,35.6849,37.9,25.772,6.96,19.708,Our World in Data / WHO,2026-09-30 02:09:06
2117,GHA,Ghana,2003,341.221,28526,341.221,733.6252,36.1329,38.2,25.976,6.74,19.864,Our World in Data / WHO,2026-09-30 02:09:06
2118,GHA,Ghana,2004,340.7699,29437,340.7699,732.6553,36.0852,38.4,26.112,6.52,19.968,Our World in Data / WHO,2026-09-30 02:09:06
2119,GHA,Ghana,2005,339.8511,30301,339.8511,730.6799,35.9879,38.5,26.18,6.3,20.02,Our World in Data / WHO,2026-09-30 02:09:06
2120,GHA,Ghana,2006,341.3034,31446,341.3034,733.8023,36.1417,38.6,26.248,6.05,20.072,Our World in Data / WHO,2026-09-30 02:09:06
2121,GHA,Ghana,2007,340.953,32535,340.953,733.0489,36.1046,38.6,26.248,5.8,20.072,Our World in Data / WHO,2026-09-30 02:09:06
2122,GHA,Ghana,2008,343.2424,33938,343.2424,737.9712,36.347,38.4,26.112,5.6333,19.968,Our World in Data / WHO,2026-09-30 02:09:06
2123,GHA,Ghana,2009,344.8878,35307,344.8878,741.5088,36.5212,38.2,25.976,5.4667,19.864,Our World in Data / WHO,2026-09-30 02:09:06
2124,GHA,Ghana,2010,339.5391,35840,339.5391,730.0091,35.9548,37.9,25.772,5.3,19.708,Our World in Data / WHO,2026-09-30 02:09:06
2125,GHA,Ghana,2011,336.919,36803,336.919,724.3758,35.6774,37.5,25.5,5.14,19.5,Our World in Data / WHO,2026-09-30 02:09:06
2126,GHA,Ghana,2012,328.6869,37096,328.6869,706.6768,34.8057,37.1,25.228,4.98,19.292,Our World in Data / WHO,2026-09-30 02:09:06
2127,GHA,Ghana,2013,321.2387,37476,321.2387,690.6632,34.0169,36.6,24.888,4.82,19.032,Our World in Data / WHO,2026-09-30 02:09:06
2128,GHA,Ghana,2014,314.1294,37904,314.1294,675.3782,33.2641,36.1,24.548,4.66,18.772,Our World in Data / WHO,2026-09-30 02:09:06
2129,GHA,Ghana,2015,313.5033,39118,313.5033,674.0321,33.1978,35.7,24.276,4.5,18.564,Our World in Data / WHO,2026-09-30 02:09:06
2130,GHA,Ghana,2016,306.9276,39624,306.9276,659.8943,32.5015,35.2,23.936,4.36,18.304,Our World in Data / WHO,2026-09-30 02:09:06
2131,GHA,Ghana,2017,300.5212,40123,300.5212,646.1206,31.8231,34.7,23.596,4.22,18.044,Our World in Data / WHO,2026-09-30 02:09:06
2132,GHA,Ghana,2018,296.9171,40806,296.9171,638.3718,31.4415,34.3,23.324,4.08,17.836,Our World in Data / WHO,2026-09-30 02:09:06
2133,GHA,Ghana,2019,293.6049,41607,293.6049,631.2505,31.0907,33.9,23.052,3.94,17.628,Our World in Data / WHO,2026-09-30 02:09:06
2134,GHA,Ghana,2020,301.2903,43626,301.2903,647.7741,31.9046,33.9,23.052,3.8,17.628,Our World in Data / WHO,2026-09-30 02:09:06
2135,GHA,Ghana,2021,295.7,44803,295.7,635.755,31.3126,33.9,23.052,3.65,17.628,Our World in Data / WHO,2026-09-30 02:09:06
2136,GHA,Ghana,2022,295.7,44803,295.7,635.755,31.3126,33.9,23.052,3.5,17.628,Our World in Data / WHO,2026-09-30 02:09:06
2137,GIN,Guinea,1990,280.2658,11114,280.2658,602.5715,29.6782,39.3,26.724,31.1,20.436,Our World in Data / WHO,2026-09-30 02:09:06
2138,GIN,Guinea,1991,280.2658,11114,280.2658,602.5715,29.6782,39.4,26.792,31.1,20.488,Our World in Data / WHO,2026-09-30 02:09:06
2139,GIN,Guinea,1992,280.2658,11114,280.2658,602.5715,29.6782,39.6,26.928,31.1,20.592,Our World in Data / WHO,2026-09-30 02:09:06
2140,GIN,Guinea,1993,280.2658,11114,280.2658,602.5715,29.6782,39.8,27.064,31.1,20.696,Our World in Data / WHO,2026-09-30 02:09:06
2141,GIN,Guinea,1994,280.2658,11114,280.2658,602.5715,29.6782,39.9,27.132,31.1,20.748,Our World in Data / WHO,2026-09-30 02:09:06
2142,GIN,Guinea,1995,280.2658,11114,280.2658,602.5715,29.6782,40.1,27.268,31.1,20.852,Our World in Data / WHO,2026-09-30 02:09:06
2143,GIN,Guinea,1996,280.2658,11114,280.2658,602.5715,29.6782,40.3,27.404,31.1,20.956,Our World in Data / WHO,2026-09-30 02:09:06
2144,GIN,Guinea,1997,280.2658,11114,280.2658,602.5715,29.6782,40.5,27.54,31.1,21.06,Our World in Data / WHO,2026-09-30 02:09:06
2145,GIN,Guinea,1998,280.2658,11114,280.2658,602.5715,29.6782,40.7,27.676,31.1,21.164,Our World in Data / WHO,2026-09-30 02:09:06
2146,GIN,Guinea,1999,280.2658,11114,280.2658,602.5715,29.6782,41.0,27.88,31.1,21.32,Our World in Data / WHO,2026-09-30 02:09:06
2147,GIN,Guinea,2000,280.2658,11114,280.2658,602.5715,29.6782,41.2,28.016,31.1,21.424,Our World in Data / WHO,2026-09-30 02:09:06
2148,GIN,Guinea,2001,286.4495,11442,286.4495,615.8664,30.333,41.5,28.22,29.84,21.58,Our World in Data / WHO,2026-09-30 02:09:06
2149,GIN,Guinea,2002,292.1208,11904,292.1208,628.0597,30.9336,41.8,28.424,29.18,21.736,Our World in Data / WHO,2026-09-30 02:09:06
2150,GIN,Guinea,2003,293.8705,12204,293.8705,631.8216,31.1188,42.1,28.628,28.72,21.892,Our World in Data / WHO,2026-09-30 02:09:06
2151,GIN,Guinea,2004,296.77,12515,296.77,638.0555,31.4259,42.3,28.764,28.26,21.996,Our World in Data / WHO,2026-09-30 02:09:06
2152,GIN,Guinea,2005,293.5708,12533,293.5708,631.1772,31.0871,42.6,28.968,27.8,22.152,Our World in Data / WHO,2026-09-30 02:09:06
2153,GIN,Guinea,2006,303.3235,13142,303.3235,652.1455,32.1199,42.8,29.104,27.5,22.256,Our World in Data / WHO,2026-09-30 02:09:06
2154,GIN,Guinea,2007,308.0333,13567,308.0333,662.2716,32.6186,42.9,29.172,26.9,22.308,Our World in Data / WHO,2026-09-30 02:09:06
2155,GIN,Guinea,2008,312.0519,13944,312.0519,670.9116,33.0441,43.0,29.24,26.5333,22.36,Our World in Data / WHO,2026-09-30 02:09:06
2156,GIN,Guinea,2009,310.9117,14172,310.9117,668.4602,32.9234,43.0,29.24,25.8667,22.36,Our World in Data / WHO,2026-09-30 02:09:06
2157,GIN,Guinea,2010,320.9142,14902,320.9142,689.9655,33.9826,42.9,29.172,25.2,22.308,Our World in Data / WHO,2026-09-30 02:09:06
2158,GIN,Guinea,2011,319.7185,15107,319.7185,687.3948,33.856,42.8,29.104,24.86,22.256,Our World in Data / WHO,2026-09-30 02:09:06
2159,GIN,Guinea,2012,318.104,15322,318.104,683.9236,33.685,42.6,28.968,24.22,22.152,Our World in Data / WHO,2026-09-30 02:09:06
2160,GIN,Guinea,2013,313.3449,15367,313.3449,673.6915,33.181,42.3,28.764,23.76,21.996,Our World in Data / WHO,2026-09-30 02:09:06
2161,GIN,Guinea,2014,311.8548,15643,311.8548,670.4878,33.0233,42.1,28.628,23.16,21.892,Our World in Data / WHO,2026-09-30 02:09:06
2162,GIN,Guinea,2015,313.2157,16047,313.2157,673.4138,33.1674,41.9,28.492,22.6,21.788,Our World in Data / WHO,2026-09-30 02:09:06
2163,GIN,Guinea,2016,308.7449,16167,308.7449,663.8015,32.6939,41.6,28.288,22.34,21.632,Our World in Data / WHO,2026-09-30 02:09:06
2164,GIN,Guinea,2017,306.0381,16395,306.0381,657.9819,32.4073,41.4,28.152,21.98,21.528,Our World in Data / WHO,2026-09-30 02:09:06
2165,GIN,Guinea,2018,301.5495,16517,301.5495,648.3314,31.932,41.1,27.948,21.56,21.372,Our World in Data / WHO,2026-09-30 02:09:06
2166,GIN,Guinea,2019,299.5585,16809,299.5585,644.0508,31.7212,40.9,27.812,21.2,21.268,Our World in Data / WHO,2026-09-30 02:09:06
2167,GIN,Guinea,2020,310.1833,17733,310.1833,666.8941,32.8463,40.9,27.812,20.6,21.268,Our World in Data / WHO,2026-09-30 02:09:06
2168,GIN,Guinea,2021,296.2584,17330,296.2584,636.9556,31.3717,40.9,27.812,20.175,21.268,Our World in Data / WHO,2026-09-30 02:09:06
2169,GMB,Gambia,1990,398.7002,2228,398.7002,857.2054,42.2196,36.6,24.888,20.7,19.032,Our World in Data / WHO,2026-09-30 02:09:06
2170,GMB,Gambia,1991,398.7002,2228,398.7002,857.2054,42.2196,36.7,24.956,20.7,19.084,Our World in Data / WHO,2026-09-30 02:09:06
2171,GMB,Gambia,1992,398.7002,2228,398.7002,857.2054,42.2196,36.8,25.024,20.7,19.136,Our World in Data / WHO,2026-09-30 02:09:06
2172,GMB,Gambia,1993,398.7002,2228,398.7002,857.2054,42.2196,36.9,25.092,20.7,19.188,Our World in Data / WHO,2026-09-30 02:09:06
2173,GMB,Gambia,1994,398.7002,2228,398.7002,857.2054,42.2196,37.0,25.16,20.7,19.24,Our World in Data / WHO,2026-09-30 02:09:06
2174,GMB,Gambia,1995,398.7002,2228,398.7002,857.2054,42.2196,37.1,25.228,20.7,19.292,Our World in Data / WHO,2026-09-30 02:09:06
2175,GMB,Gambia,1996,398.7002,2228,398.7002,857.2054,42.2196,37.2,25.296,20.7,19.344,Our World in Data / WHO,2026-09-30 02:09:06
2176,GMB,Gambia,1997,398.7002,2228,398.7002,857.2054,42.2196,37.3,25.364,20.7,19.396,Our World in Data / WHO,2026-09-30 02:09:06
2177,GMB,Gambia,1998,398.7002,2228,398.7002,857.2054,42.2196,37.5,25.5,20.7,19.5,Our World in Data / WHO,2026-09-30 02:09:06
2178,GMB,Gambia,1999,398.7002,2228,398.7002,857.2054,42.2196,37.6,25.568,20.7,19.552,Our World in Data / WHO,2026-09-30 02:09:06
2179,GMB,Gambia,2000,398.7002,2228,398.7002,857.2054,42.2196,37.8,25.704,20.7,19.656,Our World in Data / WHO,2026-09-30 02:09:06
2180,GMB,Gambia,2001,409.4802,2292,409.4802,880.3824,43.3611,38.0,25.84,20.16,19.76,Our World in Data / WHO,2026-09-30 02:09:06
2181,GMB,Gambia,2002,420.764,2376,420.764,904.6426,44.556,38.3,26.044,19.62,19.916,Our World in Data / WHO,2026-09-30 02:09:06
2182,GMB,Gambia,2003,420.7203,2397,420.7203,904.5486,44.5514,38.5,26.18,19.08,20.02,Our World in Data / WHO,2026-09-30 02:09:06
2183,GMB,Gambia,2004,416.8791,2403,416.8791,896.2901,44.1446,38.7,26.316,18.54,20.124,Our World in Data / WHO,2026-09-30 02:09:06
2184,GMB,Gambia,2005,404.0888,2362,404.0888,868.7909,42.7902,38.9,26.452,18.0,20.228,Our World in Data / WHO,2026-09-30 02:09:06
2185,GMB,Gambia,2006,389.9271,2315,389.9271,838.3433,41.2906,39.1,26.588,17.5,20.332,Our World in Data / WHO,2026-09-30 02:09:06
2186,GMB,Gambia,2007,383.3714,2323,383.3714,824.2485,40.5964,39.2,26.656,17.0,20.384,Our World in Data / WHO,2026-09-30 02:09:06
2187,GMB,Gambia,2008,382.1414,2368,382.1414,821.604,40.4661,39.2,26.656,16.6,20.384,Our World in Data / WHO,2026-09-30 02:09:06
2188,GMB,Gambia,2009,375.9777,2383,375.9777,808.3521,39.8134,39.2,26.656,16.2,20.384,Our World in Data / WHO,2026-09-30 02:09:06
2189,GMB,Gambia,2010,362.0733,2348,362.0733,778.4576,38.341,39.1,26.588,15.8,20.332,Our World in Data / WHO,2026-09-30 02:09:06
2190,GMB,Gambia,2011,365.568,2444,365.568,785.9712,38.7111,39.0,26.52,15.42,20.28,Our World in Data / WHO,2026-09-30 02:09:06
2191,GMB,Gambia,2012,364.8101,2509,364.8101,784.3417,38.6309,38.8,26.384,15.04,20.176,Our World in Data / WHO,2026-09-30 02:09:06
2192,GMB,Gambia,2013,357.1136,2529,357.1136,767.7942,37.8158,38.7,26.316,14.66,20.124,Our World in Data / WHO,2026-09-30 02:09:06
2193,GMB,Gambia,2014,355.5529,2595,355.5529,764.4387,37.6506,38.5,26.18,14.28,20.02,Our World in Data / WHO,2026-09-30 02:09:06
2194,GMB,Gambia,2015,354.5069,2674,354.5069,762.1898,37.5398,38.3,26.044,13.9,19.916,Our World in Data / WHO,2026-09-30 02:09:06
2195,GMB,Gambia,2016,346.5315,2702,346.5315,745.0427,36.6953,38.1,25.908,13.56,19.812,Our World in Data / WHO,2026-09-30 02:09:06
2196,GMB,Gambia,2017,342.6238,2766,342.6238,736.6412,36.2815,37.9,25.772,13.22,19.708,Our World in Data / WHO,2026-09-30 02:09:06
2197,GMB,Gambia,2018,334.6614,2801,334.6614,719.522,35.4383,37.7,25.636,12.88,19.604,Our World in Data / WHO,2026-09-30 02:09:06
2198,GMB,Gambia,2019,332.5437,2888,332.5437,714.969,35.2141,37.6,25.568,12.54,19.552,Our World in Data / WHO,2026-09-30 02:09:06
2199,GMB,Gambia,2020,340.0454,3032,340.0454,731.0976,36.0084,37.6,25.568,12.2,19.552,Our World in Data / WHO,2026-09-30 02:09:06
2200,GMB,Gambia,2021,309.6732,2890,309.6732,665.7974,32.7922,37.6,25.568,11.95,19.552,Our World in Data / WHO,2026-09-30 02:09:06
2201,GMB,Gambia,2022,309.6732,2890,309.6732,665.7974,32.7922,37.6,25.568,11.7,19.552,Our World in Data / WHO,2026-09-30 02:09:06
2202,GNB,Guinea-Bissau,1990,451.2395,2517,451.2395,970.1649,47.7831,37.1,25.228,21.3,19.292,Our World in Data / WHO,2026-09-30 02:09:06
2203,GNB,Guinea-Bissau,1991,451.2395,2517,451.2395,970.1649,47.7831,37.1,25.228,21.3,19.292,Our World in Data / WHO,2026-09-30 02:09:06
2204,GNB,Guinea-Bissau,1992,451.2395,2517,451.2395,970.1649,47.7831,37.2,25.296,21.3,19.344,Our World in Data / WHO,2026-09-30 02:09:06
2205,GNB,Guinea-Bissau,1993,451.2395,2517,451.2395,970.1649,47.7831,37.3,25.364,21.3,19.396,Our World in Data / WHO,2026-09-30 02:09:06
2206,GNB,Guinea-Bissau,1994,451.2395,2517,451.2395,970.1649,47.7831,37.5,25.5,21.3,19.5,Our World in Data / WHO,2026-09-30 02:09:06
2207,GNB,Guinea-Bissau,1995,451.2395,2517,451.2395,970.1649,47.7831,37.6,25.568,21.3,19.552,Our World in Data / WHO,2026-09-30 02:09:06
2208,GNB,Guinea-Bissau,1996,451.2395,2517,451.2395,970.1649,47.7831,37.7,25.636,21.3,19.604,Our World in Data / WHO,2026-09-30 02:09:06
2209,GNB,Guinea-Bissau,1997,451.2395,2517,451.2395,970.1649,47.7831,37.8,25.704,21.3,19.656,Our World in Data / WHO,2026-09-30 02:09:06
2210,GNB,Guinea-Bissau,1998,451.2395,2517,451.2395,970.1649,47.7831,38.0,25.84,21.3,19.76,Our World in Data / WHO,2026-09-30 02:09:06
2211,GNB,Guinea-Bissau,1999,451.2395,2517,451.2395,970.1649,47.7831,38.2,25.976,21.3,19.864,Our World in Data / WHO,2026-09-30 02:09:06
2212,GNB,Guinea-Bissau,2000,451.2395,2517,451.2395,970.1649,47.7831,38.4,26.112,21.3,19.968,Our World in Data / WHO,2026-09-30 02:09:06
2213,GNB,Guinea-Bissau,2001,437.9238,2448,437.9238,941.5362,46.3731,38.6,26.248,20.44,20.072,Our World in Data / WHO,2026-09-30 02:09:06
2214,GNB,Guinea-Bissau,2002,420.9545,2345,420.9545,905.0522,44.5762,38.8,26.384,19.58,20.176,Our World in Data / WHO,2026-09-30 02:09:06
2215,GNB,Guinea-Bissau,2003,407.1972,2259,407.1972,875.474,43.1194,39.1,26.588,18.72,20.332,Our World in Data / WHO,2026-09-30 02:09:06
2216,GNB,Guinea-Bissau,2004,406.6116,2279,406.6116,874.2149,43.0573,39.3,26.724,17.86,20.436,Our World in Data / WHO,2026-09-30 02:09:06
2217,GNB,Guinea-Bissau,2005,383.506,2174,383.506,824.5379,40.6106,39.5,26.86,17.0,20.54,Our World in Data / WHO,2026-09-30 02:09:06
2218,GNB,Guinea-Bissau,2006,382.6501,2183,382.6501,822.6977,40.52,39.7,26.996,16.25,20.644,Our World in Data / WHO,2026-09-30 02:09:06
2219,GNB,Guinea-Bissau,2007,375.3923,2165,375.3923,807.0934,39.7514,39.8,27.064,15.5,20.696,Our World in Data / WHO,2026-09-30 02:09:06
2220,GNB,Guinea-Bissau,2008,368.6306,2151,368.6306,792.5558,39.0354,39.8,27.064,14.8667,20.696,Our World in Data / WHO,2026-09-30 02:09:06
2221,GNB,Guinea-Bissau,2009,368.246,2182,368.246,791.7289,38.9947,39.8,27.064,14.2333,20.696,Our World in Data / WHO,2026-09-30 02:09:06
2222,GNB,Guinea-Bissau,2010,360.682,2177,360.682,775.4663,38.1937,39.7,26.996,13.6,20.644,Our World in Data / WHO,2026-09-30 02:09:06
2223,GNB,Guinea-Bissau,2011,349.0259,2151,349.0259,750.4057,36.9594,39.6,26.928,13.08,20.592,Our World in Data / WHO,2026-09-30 02:09:06
2224,GNB,Guinea-Bissau,2012,339.8691,2146,339.8691,730.7186,35.9898,39.4,26.792,12.56,20.488,Our World in Data / WHO,2026-09-30 02:09:06
2225,GNB,Guinea-Bissau,2013,334.1468,2156,334.1468,718.4156,35.3838,39.2,26.656,12.04,20.384,Our World in Data / WHO,2026-09-30 02:09:06
2226,GNB,Guinea-Bissau,2014,337.0461,2227,337.0461,724.6491,35.6908,39.0,26.52,11.52,20.28,Our World in Data / WHO,2026-09-30 02:09:06
2227,GNB,Guinea-Bissau,2015,341.8313,2319,341.8313,734.9373,36.1976,38.8,26.384,11.0,20.176,Our World in Data / WHO,2026-09-30 02:09:06
2228,GNB,Guinea-Bissau,2016,333.9161,2336,333.9161,717.9196,35.3594,38.6,26.248,10.6,20.072,Our World in Data / WHO,2026-09-30 02:09:06
2229,GNB,Guinea-Bissau,2017,330.6,2384,330.6,710.79,35.0082,38.4,26.112,10.2,19.968,Our World in Data / WHO,2026-09-30 02:09:06
2230,GNB,Guinea-Bissau,2018,316.0105,2357,316.0105,679.4226,33.4633,38.2,25.976,9.8,19.864,Our World in Data / WHO,2026-09-30 02:09:06
2231,GNB,Guinea-Bissau,2019,326.4424,2505,326.4424,701.8512,34.568,38.0,25.84,9.4,19.76,Our World in Data / WHO,2026-09-30 02:09:06
2232,GNB,Guinea-Bissau,2020,347.281,2737,347.281,746.6542,36.7746,38.0,25.84,9.0,19.76,Our World in Data / WHO,2026-09-30 02:09:06
2233,GNB,Guinea-Bissau,2021,307.8577,2551,307.8577,661.8941,32.6,38.0,25.84,8.8,19.76,Our World in Data / WHO,2026-09-30 02:09:06
2234,GNB,Guinea-Bissau,2022,307.8577,2551,307.8577,661.8941,32.6,38.0,25.84,8.6,19.76,Our World in Data / WHO,2026-09-30 02:09:06
2235,GNQ,Equatorial Guinea,1990,344.8433,1048,344.8433,741.4131,36.5165,36.9,25.092,31.1,19.188,Our World in Data / WHO,2026-09-30 02:09:06
2236,GNQ,Equatorial Guinea,1991,344.8433,1048,344.8433,741.4131,36.5165,36.9,25.092,31.1,19.188,Our World in Data / WHO,2026-09-30 02:09:06
2237,GNQ,Equatorial Guinea,1992,344.8433,1048,344.8433,741.4131,36.5165,37.0,25.16,31.1,19.24,Our World in Data / WHO,2026-09-30 02:09:06
2238,GNQ,Equatorial Guinea,1993,344.8433,1048,344.8433,741.4131,36.5165,37.0,25.16,31.1,19.24,Our World in Data / WHO,2026-09-30 02:09:06
2239,GNQ,Equatorial Guinea,1994,344.8433,1048,344.8433,741.4131,36.5165,37.1,25.228,31.1,19.292,Our World in Data / WHO,2026-09-30 02:09:06
2240,GNQ,Equatorial Guinea,1995,344.8433,1048,344.8433,741.4131,36.5165,37.1,25.228,31.1,19.292,Our World in Data / WHO,2026-09-30 02:09:06
2241,GNQ,Equatorial Guinea,1996,344.8433,1048,344.8433,741.4131,36.5165,37.2,25.296,31.1,19.344,Our World in Data / WHO,2026-09-30 02:09:06
2242,GNQ,Equatorial Guinea,1997,344.8433,1048,344.8433,741.4131,36.5165,37.3,25.364,31.1,19.396,Our World in Data / WHO,2026-09-30 02:09:06
2243,GNQ,Equatorial Guinea,1998,344.8433,1048,344.8433,741.4131,36.5165,37.4,25.432,31.1,19.448,Our World in Data / WHO,2026-09-30 02:09:06
2244,GNQ,Equatorial Guinea,1999,344.8433,1048,344.8433,741.4131,36.5165,37.5,25.5,31.1,19.5,Our World in Data / WHO,2026-09-30 02:09:06
2245,GNQ,Equatorial Guinea,2000,344.8433,1048,344.8433,741.4131,36.5165,37.7,25.636,31.1,19.604,Our World in Data / WHO,2026-09-30 02:09:06
2246,GNQ,Equatorial Guinea,2001,315.2181,1008,315.2181,677.7189,33.3794,37.8,25.704,29.84,19.656,Our World in Data / WHO,2026-09-30 02:09:06
2247,GNQ,Equatorial Guinea,2002,289.0338,983,289.0338,621.4227,30.6067,38.0,25.84,29.18,19.76,Our World in Data / WHO,2026-09-30 02:09:06
2248,GNQ,Equatorial Guinea,2003,275.2811,1005,275.2811,591.8544,29.1504,38.2,25.976,28.72,19.864,Our World in Data / WHO,2026-09-30 02:09:06
2249,GNQ,Equatorial Guinea,2004,256.5988,1006,256.5988,551.6874,27.172,38.4,26.112,28.26,19.968,Our World in Data / WHO,2026-09-30 02:09:06
2250,GNQ,Equatorial Guinea,2005,241.8699,1009,241.8699,520.0203,25.6123,38.6,26.248,27.8,20.072,Our World in Data / WHO,2026-09-30 02:09:06
2251,GNQ,Equatorial Guinea,2006,235.6303,1020,235.6303,506.6051,24.9516,38.8,26.384,27.5,20.176,Our World in Data / WHO,2026-09-30 02:09:06
2252,GNQ,Equatorial Guinea,2007,231.3401,1035,231.3401,497.3812,24.4973,38.9,26.452,26.9,20.228,Our World in Data / WHO,2026-09-30 02:09:06
2253,GNQ,Equatorial Guinea,2008,237.8595,1099,237.8595,511.3979,25.1877,39.0,26.52,26.5333,20.28,Our World in Data / WHO,2026-09-30 02:09:06
2254,GNQ,Equatorial Guinea,2009,243.0122,1159,243.0122,522.4762,25.7333,39.0,26.52,25.8667,20.28,Our World in Data / WHO,2026-09-30 02:09:06
2255,GNQ,Equatorial Guinea,2010,254.0851,1244,254.0851,546.283,26.9058,39.0,26.52,25.2,20.28,Our World in Data / WHO,2026-09-30 02:09:06
2256,GNQ,Equatorial Guinea,2011,255.419,1294,255.419,549.1508,27.0471,39.0,26.52,24.86,20.28,Our World in Data / WHO,2026-09-30 02:09:06
2257,GNQ,Equatorial Guinea,2012,246.3162,1291,246.3162,529.5798,26.0832,38.9,26.452,24.22,20.228,Our World in Data / WHO,2026-09-30 02:09:06
2258,GNQ,Equatorial Guinea,2013,229.6396,1238,229.6396,493.7251,24.3172,38.8,26.384,23.76,20.176,Our World in Data / WHO,2026-09-30 02:09:06
2259,GNQ,Equatorial Guinea,2014,220.2249,1235,220.2249,473.4835,23.3203,38.7,26.316,23.16,20.124,Our World in Data / WHO,2026-09-30 02:09:06
2260,GNQ,Equatorial Guinea,2015,224.7454,1324,224.7454,483.2026,23.799,38.5,26.18,22.6,20.02,Our World in Data / WHO,2026-09-30 02:09:06
2261,GNQ,Equatorial Guinea,2016,225.4152,1399,225.4152,484.6427,23.8699,38.4,26.112,22.34,19.968,Our World in Data / WHO,2026-09-30 02:09:06
2262,GNQ,Equatorial Guinea,2017,231.3256,1493,231.3256,497.35,24.4958,38.3,26.044,21.98,19.916,Our World in Data / WHO,2026-09-30 02:09:06
2263,GNQ,Equatorial Guinea,2018,239.0768,1613,239.0768,514.0151,25.3166,38.2,25.976,21.56,19.864,Our World in Data / WHO,2026-09-30 02:09:06
2264,GNQ,Equatorial Guinea,2019,236.1946,1669,236.1946,507.8184,25.0114,38.1,25.908,21.2,19.812,Our World in Data / WHO,2026-09-30 02:09:06
2265,GNQ,Equatorial Guinea,2020,244.9472,1767,244.9472,526.6365,25.9382,38.1,25.908,20.6,19.812,Our World in Data / WHO,2026-09-30 02:09:06
2266,GNQ,Equatorial Guinea,2021,229.4307,1716,229.4307,493.276,24.2951,38.1,25.908,20.175,19.812,Our World in Data / WHO,2026-09-30 02:09:06
2267,GRC,Greece,1990,237.7286,53375,237.7286,511.1165,25.1738,36.7,24.956,52.2,19.084,Our World in Data / WHO,2026-09-30 02:09:06
2268,GRC,Greece,1991,237.7286,53375,237.7286,511.1165,25.1738,36.6,24.888,52.2,19.032,Our World in Data / WHO,2026-09-30 02:09:06
2269,GRC,Greece,1992,237.7286,53375,237.7286,511.1165,25.1738,36.5,24.82,52.2,18.98,Our World in Data / WHO,2026-09-30 02:09:06
2270,GRC,Greece,1993,237.7286,53375,237.7286,511.1165,25.1738,36.4,24.752,52.2,18.928,Our World in Data / WHO,2026-09-30 02:09:06
2271,GRC,Greece,1994,237.7286,53375,237.7286,511.1165,25.1738,36.3,24.684,52.2,18.876,Our World in Data / WHO,2026-09-30 02:09:06
2272,GRC,Greece,1995,237.7286,53375,237.7286,511.1165,25.1738,36.2,24.616,52.2,18.824,Our World in Data / WHO,2026-09-30 02:09:06
2273,GRC,Greece,1996,237.7286,53375,237.7286,511.1165,25.1738,36.2,24.616,52.2,18.824,Our World in Data / WHO,2026-09-30 02:09:06
2274,GRC,Greece,1997,237.7286,53375,237.7286,511.1165,25.1738,36.1,24.548,52.2,18.772,Our World in Data / WHO,2026-09-30 02:09:06
2275,GRC,Greece,1998,237.7286,53375,237.7286,511.1165,25.1738,36.0,24.48,52.2,18.72,Our World in Data / WHO,2026-09-30 02:09:06
2276,GRC,Greece,1999,237.7286,53375,237.7286,511.1165,25.1738,36.0,24.48,52.2,18.72,Our World in Data / WHO,2026-09-30 02:09:06
2277,GRC,Greece,2000,237.7286,53375,237.7286,511.1165,25.1738,35.9,24.412,52.2,18.668,Our World in Data / WHO,2026-09-30 02:09:06
2278,GRC,Greece,2001,228.1756,52166,228.1756,490.5775,24.1622,35.9,24.412,51.04,18.668,Our World in Data / WHO,2026-09-30 02:09:06
2279,GRC,Greece,2002,225.6829,52710,225.6829,485.2182,23.8983,35.8,24.344,49.88,18.616,Our World in Data / WHO,2026-09-30 02:09:06
2280,GRC,Greece,2003,227.268,54026,227.268,488.6262,24.0661,35.8,24.344,48.72,18.616,Our World in Data / WHO,2026-09-30 02:09:06
2281,GRC,Greece,2004,217.4976,52516,217.4976,467.6198,23.0315,35.7,24.276,47.56,18.564,Our World in Data / WHO,2026-09-30 02:09:06
2282,GRC,Greece,2005,205.1982,51048,205.1982,441.1761,21.7291,35.6,24.208,46.4,18.512,Our World in Data / WHO,2026-09-30 02:09:06
2283,GRC,Greece,2006,197.9999,50743,197.9999,425.6998,20.9668,35.4,24.072,45.3,18.408,Our World in Data / WHO,2026-09-30 02:09:06
2284,GRC,Greece,2007,193.5693,50856,193.5693,416.174,20.4976,35.2,23.936,44.2,18.304,Our World in Data / WHO,2026-09-30 02:09:06
2285,GRC,Greece,2008,181.7561,49261,181.7561,390.7756,19.2467,34.9,23.732,43.2333,18.148,Our World in Data / WHO,2026-09-30 02:09:06
2286,GRC,Greece,2009,175.371,48963,175.371,377.0477,18.5706,34.5,23.46,42.2667,17.94,Our World in Data / WHO,2026-09-30 02:09:06
2287,GRC,Greece,2010,169.3159,49278,169.3159,364.0292,17.9294,34.2,23.256,41.3,17.784,Our World in Data / WHO,2026-09-30 02:09:06
2288,GRC,Greece,2011,167.2954,50354,167.2954,359.6851,17.7154,33.8,22.984,40.38,17.576,Our World in Data / WHO,2026-09-30 02:09:06
2289,GRC,Greece,2012,168.9288,52797,168.9288,363.1969,17.8884,33.5,22.78,39.46,17.42,Our World in Data / WHO,2026-09-30 02:09:06
2290,GRC,Greece,2013,152.4106,48721,152.4106,327.6828,16.1392,33.1,22.508,38.54,17.212,Our World in Data / WHO,2026-09-30 02:09:06
2291,GRC,Greece,2014,143.251,47098,143.251,307.9896,15.1693,32.7,22.236,37.62,17.004,Our World in Data / WHO,2026-09-30 02:09:06
2292,GRC,Greece,2015,143.0954,48407,143.0954,307.6551,15.1528,32.4,22.032,36.7,16.848,Our World in Data / WHO,2026-09-30 02:09:06
2293,GRC,Greece,2016,134.5481,46220,134.5481,289.2784,14.2477,32.1,21.828,35.96,16.692,Our World in Data / WHO,2026-09-30 02:09:06
2294,GRC,Greece,2017,138.4404,49102,138.4404,297.6469,14.6599,31.8,21.624,35.22,16.536,Our World in Data / WHO,2026-09-30 02:09:06
2295,GRC,Greece,2018,129.1646,46669,129.1646,277.7039,13.6776,31.6,21.488,34.48,16.432,Our World in Data / WHO,2026-09-30 02:09:06
2296,GRC,Greece,2019,129.6374,47869,129.6374,278.7204,13.7277,31.3,21.284,33.74,16.276,Our World in Data / WHO,2026-09-30 02:09:06
2297,GRC,Greece,2020,128.5546,48911,128.5546,276.3924,13.613,31.3,21.284,33.0,16.276,Our World in Data / WHO,2026-09-30 02:09:06
2298,GRC,Greece,2021,129.712,49070,129.712,278.8808,13.7356,31.3,21.284,32.25,16.276,Our World in Data / WHO,2026-09-30 02:09:06
2299,GRC,Greece,2022,129.712,49070,129.712,278.8808,13.7356,31.3,21.284,31.5,16.276,Our World in Data / WHO,2026-09-30 02:09:06
2300,GRD,Grenada,1990,276.1794,294,276.1794,593.7857,29.2455,39.7,26.996,31.1,20.644,Our World in Data / WHO,2026-09-30 02:09:06
2301,GRD,Grenada,1991,276.1794,294,276.1794,593.7857,29.2455,39.9,27.132,31.1,20.748,Our World in Data / WHO,2026-09-30 02:09:06
2302,GRD,Grenada,1992,276.1794,294,276.1794,593.7857,29.2455,40.1,27.268,31.1,20.852,Our World in Data / WHO,2026-09-30 02:09:06
2303,GRD,Grenada,1993,276.1794,294,276.1794,593.7857,29.2455,40.4,27.472,31.1,21.008,Our World in Data / WHO,2026-09-30 02:09:06
2304,GRD,Grenada,1994,276.1794,294,276.1794,593.7857,29.2455,40.6,27.608,31.1,21.112,Our World in Data / WHO,2026-09-30 02:09:06
2305,GRD,Grenada,1995,276.1794,294,276.1794,593.7857,29.2455,40.9,27.812,31.1,21.268,Our World in Data / WHO,2026-09-30 02:09:06
2306,GRD,Grenada,1996,276.1794,294,276.1794,593.7857,29.2455,41.1,27.948,31.1,21.372,Our World in Data / WHO,2026-09-30 02:09:06
2307,GRD,Grenada,1997,276.1794,294,276.1794,593.7857,29.2455,41.4,28.152,31.1,21.528,Our World in Data / WHO,2026-09-30 02:09:06
2308,GRD,Grenada,1998,276.1794,294,276.1794,593.7857,29.2455,41.7,28.356,31.1,21.684,Our World in Data / WHO,2026-09-30 02:09:06
2309,GRD,Grenada,1999,276.1794,294,276.1794,593.7857,29.2455,42.0,28.56,31.1,21.84,Our World in Data / WHO,2026-09-30 02:09:06
2310,GRD,Grenada,2000,276.1794,294,276.1794,593.7857,29.2455,42.3,28.764,31.1,21.996,Our World in Data / WHO,2026-09-30 02:09:06
2311,GRD,Grenada,2001,284.6565,311,284.6565,612.0115,30.1431,42.7,29.036,29.84,22.204,Our World in Data / WHO,2026-09-30 02:09:06
2312,GRD,Grenada,2002,299.4301,334,299.4301,643.7747,31.7076,43.0,29.24,29.18,22.36,Our World in Data / WHO,2026-09-30 02:09:06
2313,GRD,Grenada,2003,316.7655,361,316.7655,681.0458,33.5433,43.4,29.512,28.72,22.568,Our World in Data / WHO,2026-09-30 02:09:06
2314,GRD,Grenada,2004,339.7766,396,339.7766,730.5197,35.98,43.8,29.784,28.26,22.776,Our World in Data / WHO,2026-09-30 02:09:06
2315,GRD,Grenada,2005,357.0972,430,357.0972,767.759,37.8141,44.2,30.056,27.8,22.984,Our World in Data / WHO,2026-09-30 02:09:06
2316,GRD,Grenada,2006,343.0561,427,343.0561,737.5706,36.3273,44.6,30.328,27.5,23.192,Our World in Data / WHO,2026-09-30 02:09:06
2317,GRD,Grenada,2007,337.9253,436,337.9253,726.5394,35.7839,45.0,30.6,26.9,23.4,Our World in Data / WHO,2026-09-30 02:09:06
2318,GRD,Grenada,2008,321.4755,424,321.4755,691.1723,34.042,45.3,30.804,26.5333,23.556,Our World in Data / WHO,2026-09-30 02:09:06
2319,GRD,Grenada,2009,338.12,460,338.12,726.958,35.8046,45.6,31.008,25.8667,23.712,Our World in Data / WHO,2026-09-30 02:09:06
2320,GRD,Grenada,2010,320.9271,448,320.9271,689.9933,33.984,45.8,31.144,25.2,23.816,Our World in Data / WHO,2026-09-30 02:09:06
2321,GRD,Grenada,2011,273.3529,384,273.3529,587.7087,28.9462,46.0,31.28,24.86,23.92,Our World in Data / WHO,2026-09-30 02:09:06
2322,GRD,Grenada,2012,254.9756,365,254.9756,548.1975,27.0001,46.1,31.348,24.22,23.972,Our World in Data / WHO,2026-09-30 02:09:06
2323,GRD,Grenada,2013,262.5543,386,262.5543,564.4917,27.8027,46.2,31.416,23.76,24.024,Our World in Data / WHO,2026-09-30 02:09:06
2324,GRD,Grenada,2014,258.8867,393,258.8867,556.6064,27.4143,46.3,31.484,23.16,24.076,Our World in Data / WHO,2026-09-30 02:09:06
2325,GRD,Grenada,2015,253.53,393,253.53,545.0895,26.8471,46.4,31.552,22.6,24.128,Our World in Data / WHO,2026-09-30 02:09:06
2326,GRD,Grenada,2016,247.1287,392,247.1287,531.3267,26.1692,46.4,31.552,22.34,24.128,Our World in Data / WHO,2026-09-30 02:09:06
2327,GRD,Grenada,2017,251.076,402,251.076,539.8134,26.5872,46.5,31.62,21.98,24.18,Our World in Data / WHO,2026-09-30 02:09:06
2328,GRD,Grenada,2018,236.3087,386,236.3087,508.0637,25.0234,46.6,31.688,21.56,24.232,Our World in Data / WHO,2026-09-30 02:09:06
2329,GRD,Grenada,2019,242.7877,406,242.7877,521.9936,25.7095,46.6,31.688,21.2,24.232,Our World in Data / WHO,2026-09-30 02:09:06
2330,GRD,Grenada,2020,216.6576,365,216.6576,465.8138,22.9425,46.6,31.688,20.6,24.232,Our World in Data / WHO,2026-09-30 02:09:06
2331,GRD,Grenada,2021,186.5895,314,186.5895,401.1674,19.7585,46.6,31.688,20.175,24.232,Our World in Data / WHO,2026-09-30 02:09:06
2332,GTM,Guatemala,1990,167.5466,8140,167.5466,360.2252,17.742,27.3,18.564,14.3,14.196,Our World in Data / WHO,2026-09-30 02:09:06
2333,GTM,Guatemala,1991,167.5466,8140,167.5466,360.2252,17.742,27.4,18.632,14.3,14.248,Our World in Data / WHO,2026-09-30 02:09:06
2334,GTM,Guatemala,1992,167.5466,8140,167.5466,360.2252,17.742,27.5,18.7,14.3,14.3,Our World in Data / WHO,2026-09-30 02:09:06
2335,GTM,Guatemala,1993,167.5466,8140,167.5466,360.2252,17.742,27.6,18.768,14.3,14.352,Our World in Data / WHO,2026-09-30 02:09:06
2336,GTM,Guatemala,1994,167.5466,8140,167.5466,360.2252,17.742,27.7,18.836,14.3,14.404,Our World in Data / WHO,2026-09-30 02:09:06
2337,GTM,Guatemala,1995,167.5466,8140,167.5466,360.2252,17.742,27.8,18.904,14.3,14.456,Our World in Data / WHO,2026-09-30 02:09:06
2338,GTM,Guatemala,1996,167.5466,8140,167.5466,360.2252,17.742,27.9,18.972,14.3,14.508,Our World in Data / WHO,2026-09-30 02:09:06
2339,GTM,Guatemala,1997,167.5466,8140,167.5466,360.2252,17.742,28.0,19.04,14.3,14.56,Our World in Data / WHO,2026-09-30 02:09:06
2340,GTM,Guatemala,1998,167.5466,8140,167.5466,360.2252,17.742,28.1,19.108,14.3,14.612,Our World in Data / WHO,2026-09-30 02:09:06
2341,GTM,Guatemala,1999,167.5466,8140,167.5466,360.2252,17.742,28.3,19.244,14.3,14.716,Our World in Data / WHO,2026-09-30 02:09:06
2342,GTM,Guatemala,2000,167.5466,8140,167.5466,360.2252,17.742,28.5,19.38,14.3,14.82,Our World in Data / WHO,2026-09-30 02:09:06
2343,GTM,Guatemala,2001,163.0098,8061,163.0098,350.4711,17.2616,28.6,19.448,14.14,14.872,Our World in Data / WHO,2026-09-30 02:09:06
2344,GTM,Guatemala,2002,152.686,7797,152.686,328.2749,16.1684,28.8,19.584,13.98,14.976,Our World in Data / WHO,2026-09-30 02:09:06
2345,GTM,Guatemala,2003,154.0934,8174,154.0934,331.3008,16.3174,29.0,19.72,13.82,15.08,Our World in Data / WHO,2026-09-30 02:09:06
2346,GTM,Guatemala,2004,153.8981,8450,153.8981,330.8809,16.2967,29.2,19.856,13.66,15.184,Our World in Data / WHO,2026-09-30 02:09:06
2347,GTM,Guatemala,2005,156.6811,8840,156.6811,336.8644,16.5914,29.5,20.06,13.5,15.34,Our World in Data / WHO,2026-09-30 02:09:06
2348,GTM,Guatemala,2006,155.4944,9071,155.4944,334.313,16.4658,29.7,20.196,13.35,15.444,Our World in Data / WHO,2026-09-30 02:09:06
2349,GTM,Guatemala,2007,149.6068,8983,149.6068,321.6546,15.8423,30.0,20.4,13.2,15.6,Our World in Data / WHO,2026-09-30 02:09:06
2350,GTM,Guatemala,2008,146.0805,9180,146.0805,314.0731,15.4689,30.3,20.604,13.0667,15.756,Our World in Data / WHO,2026-09-30 02:09:06
2351,GTM,Guatemala,2009,155.0392,10218,155.0392,333.3343,16.4176,30.6,20.808,12.9333,15.912,Our World in Data / WHO,2026-09-30 02:09:06
2352,GTM,Guatemala,2010,161.6765,11054,161.6765,347.6045,17.1204,30.8,20.944,12.8,16.016,Our World in Data / WHO,2026-09-30 02:09:06
2353,GTM,Guatemala,2011,167.6374,11839,167.6374,360.4204,17.7516,31.0,21.08,12.68,16.12,Our World in Data / WHO,2026-09-30 02:09:06
2354,GTM,Guatemala,2012,167.8668,12295,167.8668,360.9136,17.7759,31.2,21.216,12.56,16.224,Our World in Data / WHO,2026-09-30 02:09:06
2355,GTM,Guatemala,2013,171.8826,13069,171.8826,369.5476,18.2012,31.3,21.284,12.44,16.276,Our World in Data / WHO,2026-09-30 02:09:06
2356,GTM,Guatemala,2014,173.1184,13615,173.1184,372.2046,18.332,31.5,21.42,12.32,16.38,Our World in Data / WHO,2026-09-30 02:09:06
2357,GTM,Guatemala,2015,174.8821,14202,174.8821,375.9965,18.5188,31.6,21.488,12.2,16.432,Our World in Data / WHO,2026-09-30 02:09:06
2358,GTM,Guatemala,2016,174.3482,14589,174.3482,374.8486,18.4623,31.7,21.556,12.1,16.484,Our World in Data / WHO,2026-09-30 02:09:06
2359,GTM,Guatemala,2017,173.8778,14946,173.8778,373.8373,18.4125,31.9,21.692,12.0,16.588,Our World in Data / WHO,2026-09-30 02:09:06
2360,GTM,Guatemala,2018,172.9474,15280,172.9474,371.8369,18.3139,32.0,21.76,11.9,16.64,Our World in Data / WHO,2026-09-30 02:09:06
2361,GTM,Guatemala,2019,176.5423,15954,176.5423,379.5659,18.6946,32.2,21.896,11.8,16.744,Our World in Data / WHO,2026-09-30 02:09:06
2362,GTM,Guatemala,2020,175.757,16184,175.757,377.8776,18.6114,32.2,21.896,11.7,16.744,Our World in Data / WHO,2026-09-30 02:09:06
2363,GTM,Guatemala,2021,150.5343,13860,150.5343,323.6487,15.9405,32.2,21.896,11.55,16.744,Our World in Data / WHO,2026-09-30 02:09:06
2364,GTM,Guatemala,2022,150.5343,13860,150.5343,323.6487,15.9405,32.2,21.896,11.4,16.744,Our World in Data / WHO,2026-09-30 02:09:06
2365,GUY,Guyana,1990,436.2615,1654,436.2615,937.9622,46.1971,35.5,24.14,29.1,18.46,Our World in Data / WHO,2026-09-30 02:09:06
2366,GUY,Guyana,1991,436.2615,1654,436.2615,937.9622,46.1971,35.7,24.276,29.1,18.564,Our World in Data / WHO,2026-09-30 02:09:06
2367,GUY,Guyana,1992,436.2615,1654,436.2615,937.9622,46.1971,35.8,24.344,29.1,18.616,Our World in Data / WHO,2026-09-30 02:09:06
2368,GUY,Guyana,1993,436.2615,1654,436.2615,937.9622,46.1971,36.0,24.48,29.1,18.72,Our World in Data / WHO,2026-09-30 02:09:06
2369,GUY,Guyana,1994,436.2615,1654,436.2615,937.9622,46.1971,36.1,24.548,29.1,18.772,Our World in Data / WHO,2026-09-30 02:09:06
2370,GUY,Guyana,1995,436.2615,1654,436.2615,937.9622,46.1971,36.3,24.684,29.1,18.876,Our World in Data / WHO,2026-09-30 02:09:06
2371,GUY,Guyana,1996,436.2615,1654,436.2615,937.9622,46.1971,36.4,24.752,29.1,18.928,Our World in Data / WHO,2026-09-30 02:09:06
2372,GUY,Guyana,1997,436.2615,1654,436.2615,937.9622,46.1971,36.6,24.888,29.1,19.032,Our World in Data / WHO,2026-09-30 02:09:06
2373,GUY,Guyana,1998,436.2615,1654,436.2615,937.9622,46.1971,36.8,25.024,29.1,19.136,Our World in Data / WHO,2026-09-30 02:09:06
2374,GUY,Guyana,1999,436.2615,1654,436.2615,937.9622,46.1971,37.1,25.228,29.1,19.292,Our World in Data / WHO,2026-09-30 02:09:06
2375,GUY,Guyana,2000,436.2615,1654,436.2615,937.9622,46.1971,37.3,25.364,29.1,19.396,Our World in Data / WHO,2026-09-30 02:09:06
2376,GUY,Guyana,2001,412.5557,1549,412.5557,886.9948,43.6868,37.5,25.5,28.08,19.5,Our World in Data / WHO,2026-09-30 02:09:06
2377,GUY,Guyana,2002,428.5126,1631,428.5126,921.3021,45.3765,37.8,25.704,27.06,19.656,Our World in Data / WHO,2026-09-30 02:09:06
2378,GUY,Guyana,2003,448.1186,1745,448.1186,963.455,47.4526,38.1,25.908,26.04,19.812,Our World in Data / WHO,2026-09-30 02:09:06
2379,GUY,Guyana,2004,448.628,1784,448.628,964.5502,47.5066,38.4,26.112,25.02,19.968,Our World in Data / WHO,2026-09-30 02:09:06
2380,GUY,Guyana,2005,442.2666,1803,442.2666,950.8732,46.833,38.6,26.248,24.0,20.072,Our World in Data / WHO,2026-09-30 02:09:06
2381,GUY,Guyana,2006,433.9539,1815,433.9539,933.0009,45.9527,38.9,26.452,23.05,20.228,Our World in Data / WHO,2026-09-30 02:09:06
2382,GUY,Guyana,2007,423.069,1826,423.069,909.5984,44.8001,39.2,26.656,22.1,20.384,Our World in Data / WHO,2026-09-30 02:09:06
2383,GUY,Guyana,2008,433.538,1931,433.538,932.1067,45.9087,39.4,26.792,21.3,20.488,Our World in Data / WHO,2026-09-30 02:09:06
2384,GUY,Guyana,2009,425.6855,1943,425.6855,915.2238,45.0771,39.6,26.928,20.5,20.592,Our World in Data / WHO,2026-09-30 02:09:06
2385,GUY,Guyana,2010,417.1426,1955,417.1426,896.8566,44.1725,39.8,27.064,19.7,20.696,Our World in Data / WHO,2026-09-30 02:09:06
2386,GUY,Guyana,2011,409.0679,1977,409.0679,879.496,43.3174,39.9,27.132,19.02,20.748,Our World in Data / WHO,2026-09-30 02:09:06
2387,GUY,Guyana,2012,403.064,1991,403.064,866.5876,42.6817,39.9,27.132,18.34,20.748,Our World in Data / WHO,2026-09-30 02:09:06
2388,GUY,Guyana,2013,403.0482,2038,403.0482,866.5536,42.68,39.9,27.132,17.66,20.748,Our World in Data / WHO,2026-09-30 02:09:06
2389,GUY,Guyana,2014,392.8098,2033,392.8098,844.5411,41.5958,39.9,27.132,16.98,20.748,Our World in Data / WHO,2026-09-30 02:09:06
2390,GUY,Guyana,2015,388.9606,2071,388.9606,836.2653,41.1882,39.9,27.132,16.3,20.748,Our World in Data / WHO,2026-09-30 02:09:06
2391,GUY,Guyana,2016,369.8675,2026,369.8675,795.2151,39.1664,39.9,27.132,15.74,20.748,Our World in Data / WHO,2026-09-30 02:09:06
2392,GUY,Guyana,2017,352.0822,1990,352.0822,756.9767,37.2831,40.0,27.2,15.18,20.8,Our World in Data / WHO,2026-09-30 02:09:06
2393,GUY,Guyana,2018,321.2743,1880,321.2743,690.7397,34.0207,40.0,27.2,14.62,20.8,Our World in Data / WHO,2026-09-30 02:09:06
2394,GUY,Guyana,2019,321.8192,1945,321.8192,691.9113,34.0784,40.0,27.2,14.06,20.8,Our World in Data / WHO,2026-09-30 02:09:06
2395,GUY,Guyana,2020,349.1776,2184,349.1776,750.7318,36.9755,40.0,27.2,13.5,20.8,Our World in Data / WHO,2026-09-30 02:09:06
2396,GUY,Guyana,2021,263.9261,1713,263.9261,567.4411,27.9479,40.0,27.2,13.0,20.8,Our World in Data / WHO,2026-09-30 02:09:06
2397,GUY,Guyana,2022,263.9261,1713,263.9261,567.4411,27.9479,40.0,27.2,12.5,20.8,Our World in Data / WHO,2026-09-30 02:09:06
2398,HND,Honduras,1990,255.7828,5811,255.7828,549.933,27.0856,30.1,20.468,16.8,15.652,Our World in Data / WHO,2026-09-30 02:09:06
2399,HND,Honduras,1991,255.7828,5811,255.7828,549.933,27.0856,30.3,20.604,16.8,15.756,Our World in Data / WHO,2026-09-30 02:09:06
2400,HND,Honduras,1992,255.7828,5811,255.7828,549.933,27.0856,30.4,20.672,16.8,15.808,Our World in Data / WHO,2026-09-30 02:09:06
2401,HND,Honduras,1993,255.7828,5811,255.7828,549.933,27.0856,30.6,20.808,16.8,15.912,Our World in Data / WHO,2026-09-30 02:09:06
2402,HND,Honduras,1994,255.7828,5811,255.7828,549.933,27.0856,30.8,20.944,16.8,16.016,Our World in Data / WHO,2026-09-30 02:09:06
2403,HND,Honduras,1995,255.7828,5811,255.7828,549.933,27.0856,31.0,21.08,16.8,16.12,Our World in Data / WHO,2026-09-30 02:09:06
2404,HND,Honduras,1996,255.7828,5811,255.7828,549.933,27.0856,31.2,21.216,16.8,16.224,Our World in Data / WHO,2026-09-30 02:09:06
2405,HND,Honduras,1997,255.7828,5811,255.7828,549.933,27.0856,31.4,21.352,16.8,16.328,Our World in Data / WHO,2026-09-30 02:09:06
2406,HND,Honduras,1998,255.7828,5811,255.7828,549.933,27.0856,31.5,21.42,16.8,16.38,Our World in Data / WHO,2026-09-30 02:09:06
2407,HND,Honduras,1999,255.7828,5811,255.7828,549.933,27.0856,31.7,21.556,16.8,16.484,Our World in Data / WHO,2026-09-30 02:09:06
2408,HND,Honduras,2000,255.7828,5811,255.7828,549.933,27.0856,31.9,21.692,16.8,16.588,Our World in Data / WHO,2026-09-30 02:09:06
2409,HND,Honduras,2001,253.5437,5905,253.5437,545.119,26.8485,32.1,21.828,16.56,16.692,Our World in Data / WHO,2026-09-30 02:09:06
2410,HND,Honduras,2002,253.6177,6069,253.6177,545.2781,26.8564,32.3,21.964,16.32,16.796,Our World in Data / WHO,2026-09-30 02:09:06
2411,HND,Honduras,2003,257.4361,6356,257.4361,553.4876,27.2607,32.5,22.1,16.08,16.9,Our World in Data / WHO,2026-09-30 02:09:06
2412,HND,Honduras,2004,259.0504,6619,259.0504,556.9584,27.4316,32.7,22.236,15.84,17.004,Our World in Data / WHO,2026-09-30 02:09:06
2413,HND,Honduras,2005,264.048,6989,264.048,567.7032,27.9608,32.9,22.372,15.6,17.108,Our World in Data / WHO,2026-09-30 02:09:06
2414,HND,Honduras,2006,265.384,7266,265.384,570.5756,28.1023,33.1,22.508,15.35,17.212,Our World in Data / WHO,2026-09-30 02:09:06
2415,HND,Honduras,2007,263.1029,7447,263.1029,565.6712,27.8608,33.3,22.644,15.1,17.316,Our World in Data / WHO,2026-09-30 02:09:06
2416,HND,Honduras,2008,262.9764,7668,262.9764,565.3993,27.8474,33.5,22.78,14.9,17.42,Our World in Data / WHO,2026-09-30 02:09:06
2417,HND,Honduras,2009,262.8614,7903,262.8614,565.152,27.8352,33.7,22.916,14.7,17.524,Our World in Data / WHO,2026-09-30 02:09:06
2418,HND,Honduras,2010,269.525,8339,269.525,579.4787,28.5408,33.8,22.984,14.5,17.576,Our World in Data / WHO,2026-09-30 02:09:06
2419,HND,Honduras,2011,284.1587,9006,284.1587,610.9412,30.0904,33.9,23.052,14.32,17.628,Our World in Data / WHO,2026-09-30 02:09:06
2420,HND,Honduras,2012,331.1379,11253,331.1379,711.9465,35.0652,33.9,23.052,14.14,17.628,Our World in Data / WHO,2026-09-30 02:09:06
2421,HND,Honduras,2013,332.372,11737,332.372,714.5998,35.1959,33.9,23.052,13.96,17.628,Our World in Data / WHO,2026-09-30 02:09:06
2422,HND,Honduras,2014,334.1615,12303,334.1615,718.4472,35.3854,33.9,23.052,13.78,17.628,Our World in Data / WHO,2026-09-30 02:09:06
2423,HND,Honduras,2015,337.5428,13018,337.5428,725.717,35.7434,33.9,23.052,13.6,17.628,Our World in Data / WHO,2026-09-30 02:09:06
2424,HND,Honduras,2016,312.956,12226,312.956,672.8554,33.1399,33.8,22.984,13.44,17.576,Our World in Data / WHO,2026-09-30 02:09:06
2425,HND,Honduras,2017,315.062,12858,315.062,677.3833,33.3629,33.9,23.052,13.28,17.628,Our World in Data / WHO,2026-09-30 02:09:06
2426,HND,Honduras,2018,308.709,13124,308.709,663.7244,32.6901,33.9,23.052,13.12,17.628,Our World in Data / WHO,2026-09-30 02:09:06
2427,HND,Honduras,2019,305.5731,13559,305.5731,656.9822,32.3581,33.9,23.052,12.96,17.628,Our World in Data / WHO,2026-09-30 02:09:06
2428,HND,Honduras,2020,303.2922,13827,303.2922,652.0782,32.1165,33.9,23.052,12.8,17.628,Our World in Data / WHO,2026-09-30 02:09:06
2429,HND,Honduras,2021,270.174,12617,270.174,580.8741,28.6096,33.9,23.052,12.6,17.628,Our World in Data / WHO,2026-09-30 02:09:06
2430,HND,Honduras,2022,270.174,12617,270.174,580.8741,28.6096,33.9,23.052,12.4,17.628,Our World in Data / WHO,2026-09-30 02:09:06
2431,HRV,Croatia,1990,363.2461,26680,363.2461,780.9791,38.4652,48.9,33.252,35.3,25.428,Our World in Data / WHO,2026-09-30 02:09:06
2432,HRV,Croatia,1991,363.2461,26680,363.2461,780.9791,38.4652,48.5,32.98,35.3,25.22,Our World in Data / WHO,2026-09-30 02:09:06
2433,HRV,Croatia,1992,363.2461,26680,363.2461,780.9791,38.4652,48.1,32.708,35.3,25.012,Our World in Data / WHO,2026-09-30 02:09:06
2434,HRV,Croatia,1993,363.2461,26680,363.2461,780.9791,38.4652,47.8,32.504,35.3,24.856,Our World in Data / WHO,2026-09-30 02:09:06
2435,HRV,Croatia,1994,363.2461,26680,363.2461,780.9791,38.4652,47.4,32.232,35.3,24.648,Our World in Data / WHO,2026-09-30 02:09:06
2436,HRV,Croatia,1995,363.2461,26680,363.2461,780.9791,38.4652,47.1,32.028,35.3,24.492,Our World in Data / WHO,2026-09-30 02:09:06
2437,HRV,Croatia,1996,363.2461,26680,363.2461,780.9791,38.4652,46.7,31.756,35.3,24.284,Our World in Data / WHO,2026-09-30 02:09:06
2438,HRV,Croatia,1997,363.2461,26680,363.2461,780.9791,38.4652,46.4,31.552,35.3,24.128,Our World in Data / WHO,2026-09-30 02:09:06
2439,HRV,Croatia,1998,363.2461,26680,363.2461,780.9791,38.4652,46.2,31.416,35.3,24.024,Our World in Data / WHO,2026-09-30 02:09:06
2440,HRV,Croatia,1999,363.2461,26680,363.2461,780.9791,38.4652,46.0,31.28,35.3,23.92,Our World in Data / WHO,2026-09-30 02:09:06
2441,HRV,Croatia,2000,363.2461,26680,363.2461,780.9791,38.4652,45.9,31.212,35.3,23.868,Our World in Data / WHO,2026-09-30 02:09:06
2442,HRV,Croatia,2001,357.7787,26509,357.7787,769.2242,37.8863,45.8,31.144,35.22,23.816,Our World in Data / WHO,2026-09-30 02:09:06
2443,HRV,Croatia,2002,358.2766,26818,358.2766,770.2947,37.939,45.8,31.144,35.14,23.816,Our World in Data / WHO,2026-09-30 02:09:06
2444,HRV,Croatia,2003,366.1075,27804,366.1075,787.1311,38.7682,45.9,31.212,35.06,23.868,Our World in Data / WHO,2026-09-30 02:09:06
2445,HRV,Croatia,2004,318.1188,24976,318.1188,683.9554,33.6866,46.0,31.28,34.98,23.92,Our World in Data / WHO,2026-09-30 02:09:06
2446,HRV,Croatia,2005,319.4969,25987,319.4969,686.9183,33.8325,46.2,31.416,34.9,24.024,Our World in Data / WHO,2026-09-30 02:09:06
2447,HRV,Croatia,2006,300.8929,25493,300.8929,646.9197,31.8625,46.5,31.62,34.9,24.18,Our World in Data / WHO,2026-09-30 02:09:06
2448,HRV,Croatia,2007,301.0841,26399,301.0841,647.3308,31.8827,46.7,31.756,34.9,24.284,Our World in Data / WHO,2026-09-30 02:09:06
2449,HRV,Croatia,2008,289.4976,26124,289.4976,622.4198,30.6558,46.9,31.892,34.8667,24.388,Our World in Data / WHO,2026-09-30 02:09:06
2450,HRV,Croatia,2009,278.4893,25941,278.4893,598.752,29.4901,47.2,32.096,34.8333,24.544,Our World in Data / WHO,2026-09-30 02:09:06
2451,HRV,Croatia,2010,267.3253,25634,267.3253,574.7494,28.3079,47.4,32.232,34.8,24.648,Our World in Data / WHO,2026-09-30 02:09:06
2452,HRV,Croatia,2011,252.5013,24880,252.5013,542.8778,26.7381,47.5,32.3,34.76,24.7,Our World in Data / WHO,2026-09-30 02:09:06
2453,HRV,Croatia,2012,248.391,25086,248.391,534.0406,26.3029,47.7,32.436,34.72,24.804,Our World in Data / WHO,2026-09-30 02:09:06
2454,HRV,Croatia,2013,234.4079,24311,234.4079,503.977,24.8222,47.8,32.504,34.68,24.856,Our World in Data / WHO,2026-09-30 02:09:06
2455,HRV,Croatia,2014,227.6619,24140,227.6619,489.4731,24.1078,47.9,32.572,34.64,24.908,Our World in Data / WHO,2026-09-30 02:09:06
2456,HRV,Croatia,2015,239.5721,25788,239.5721,515.08,25.369,48.0,32.64,34.6,24.96,Our World in Data / WHO,2026-09-30 02:09:06
2457,HRV,Croatia,2016,212.4168,23228,212.4168,456.6961,22.4935,48.1,32.708,34.58,25.012,Our World in Data / WHO,2026-09-30 02:09:06
2458,HRV,Croatia,2017,212.1132,23611,212.1132,456.0434,22.4613,48.2,32.776,34.56,25.064,Our World in Data / WHO,2026-09-30 02:09:06
2459,HRV,Croatia,2018,204.6327,23083,204.6327,439.9603,21.6692,48.3,32.844,34.54,25.116,Our World in Data / WHO,2026-09-30 02:09:06
2460,HRV,Croatia,2019,191.7018,21961,191.7018,412.1589,20.2999,48.4,32.912,34.52,25.168,Our World in Data / WHO,2026-09-30 02:09:06
2461,HRV,Croatia,2020,194.803,22704,194.803,418.8264,20.6283,48.4,32.912,34.5,25.168,Our World in Data / WHO,2026-09-30 02:09:06
2462,HRV,Croatia,2021,197.328,23072,197.328,424.2552,20.8957,48.4,32.912,34.5,25.168,Our World in Data / WHO,2026-09-30 02:09:06
2463,HRV,Croatia,2022,197.328,23072,197.328,424.2552,20.8957,48.4,32.912,34.5,25.168,Our World in Data / WHO,2026-09-30 02:09:06
2464,HTI,Haiti,1990,499.6512,19890,499.6512,1074.2501,52.9096,36.6,24.888,11.4,19.032,Our World in Data / WHO,2026-09-30 02:09:06
2465,HTI,Haiti,1991,499.6512,19890,499.6512,1074.2501,52.9096,36.7,24.956,11.4,19.084,Our World in Data / WHO,2026-09-30 02:09:06
2466,HTI,Haiti,1992,499.6512,19890,499.6512,1074.2501,52.9096,36.9,25.092,11.4,19.188,Our World in Data / WHO,2026-09-30 02:09:06
2467,HTI,Haiti,1993,499.6512,19890,499.6512,1074.2501,52.9096,37.1,25.228,11.4,19.292,Our World in Data / WHO,2026-09-30 02:09:06
2468,HTI,Haiti,1994,499.6512,19890,499.6512,1074.2501,52.9096,37.2,25.296,11.4,19.344,Our World in Data / WHO,2026-09-30 02:09:06
2469,HTI,Haiti,1995,499.6512,19890,499.6512,1074.2501,52.9096,37.4,25.432,11.4,19.448,Our World in Data / WHO,2026-09-30 02:09:06
2470,HTI,Haiti,1996,499.6512,19890,499.6512,1074.2501,52.9096,37.6,25.568,11.4,19.552,Our World in Data / WHO,2026-09-30 02:09:06
2471,HTI,Haiti,1997,499.6512,19890,499.6512,1074.2501,52.9096,37.8,25.704,11.4,19.656,Our World in Data / WHO,2026-09-30 02:09:06
2472,HTI,Haiti,1998,499.6512,19890,499.6512,1074.2501,52.9096,38.1,25.908,11.4,19.812,Our World in Data / WHO,2026-09-30 02:09:06
2473,HTI,Haiti,1999,499.6512,19890,499.6512,1074.2501,52.9096,38.3,26.044,11.4,19.916,Our World in Data / WHO,2026-09-30 02:09:06
2474,HTI,Haiti,2000,499.6512,19890,499.6512,1074.2501,52.9096,38.6,26.248,11.4,20.072,Our World in Data / WHO,2026-09-30 02:09:06
2475,HTI,Haiti,2001,495.6953,20069,495.6953,1065.7449,52.4907,38.9,26.452,11.22,20.228,Our World in Data / WHO,2026-09-30 02:09:06
2476,HTI,Haiti,2002,493.3082,20368,493.3082,1060.6126,52.2379,39.2,26.656,11.04,20.384,Our World in Data / WHO,2026-09-30 02:09:06
2477,HTI,Haiti,2003,494.1947,20807,494.1947,1062.5186,52.3318,39.5,26.86,10.86,20.54,Our World in Data / WHO,2026-09-30 02:09:06
2478,HTI,Haiti,2004,491.7784,21061,491.7784,1057.3236,52.0759,39.9,27.132,10.68,20.748,Our World in Data / WHO,2026-09-30 02:09:06
2479,HTI,Haiti,2005,492.2179,21548,492.2179,1058.2685,52.1225,40.2,27.336,10.5,20.904,Our World in Data / WHO,2026-09-30 02:09:06
2480,HTI,Haiti,2006,484.8396,21678,484.8396,1042.4051,51.3411,40.6,27.608,10.3,21.112,Our World in Data / WHO,2026-09-30 02:09:06
2481,HTI,Haiti,2007,482.1559,22082,482.1559,1036.6352,51.057,40.9,27.812,10.1,21.268,Our World in Data / WHO,2026-09-30 02:09:06
2482,HTI,Haiti,2008,476.976,22363,476.976,1025.4984,50.5084,41.2,28.016,9.9667,21.424,Our World in Data / WHO,2026-09-30 02:09:06
2483,HTI,Haiti,2009,473.8961,22805,473.8961,1018.8766,50.1823,41.5,28.22,9.8333,21.58,Our World in Data / WHO,2026-09-30 02:09:06
2484,HTI,Haiti,2010,470.8508,22830,470.8508,1012.3292,49.8598,41.8,28.424,9.7,21.736,Our World in Data / WHO,2026-09-30 02:09:06
2485,HTI,Haiti,2011,470.5524,23233,470.5524,1011.6877,49.8282,42.0,28.56,9.56,21.84,Our World in Data / WHO,2026-09-30 02:09:06
2486,HTI,Haiti,2012,469.1967,23906,469.1967,1008.7729,49.6847,42.1,28.628,9.42,21.892,Our World in Data / WHO,2026-09-30 02:09:06
2487,HTI,Haiti,2013,464.6652,24359,464.6652,999.0302,49.2048,42.2,28.696,9.28,21.944,Our World in Data / WHO,2026-09-30 02:09:06
2488,HTI,Haiti,2014,459.5471,24750,459.5471,988.0263,48.6628,42.3,28.764,9.14,21.996,Our World in Data / WHO,2026-09-30 02:09:06
2489,HTI,Haiti,2015,458.5658,25412,458.5658,985.9165,48.5589,42.4,28.832,9.0,22.048,Our World in Data / WHO,2026-09-30 02:09:06
2490,HTI,Haiti,2016,450.7481,25596,450.7481,969.1084,47.7311,42.5,28.9,8.88,22.1,Our World in Data / WHO,2026-09-30 02:09:06
2491,HTI,Haiti,2017,447.0038,26140,447.0038,961.0582,47.3346,42.7,29.036,8.76,22.204,Our World in Data / WHO,2026-09-30 02:09:06
2492,HTI,Haiti,2018,447.5672,27033,447.5672,962.2695,47.3943,42.8,29.104,8.64,22.256,Our World in Data / WHO,2026-09-30 02:09:06
2493,HTI,Haiti,2019,445.7879,27726,445.7879,958.444,47.2058,42.9,29.172,8.52,22.308,Our World in Data / WHO,2026-09-30 02:09:06
2494,HTI,Haiti,2020,458.2609,29005,458.2609,985.2609,48.5266,42.9,29.172,8.4,22.308,Our World in Data / WHO,2026-09-30 02:09:06
2495,HTI,Haiti,2021,433.95,28120,433.95,932.9925,45.9523,42.9,29.172,8.3,22.308,Our World in Data / WHO,2026-09-30 02:09:06
2496,HTI,Haiti,2022,433.95,28120,433.95,932.9925,45.9523,42.9,29.172,8.2,22.308,Our World in Data / WHO,2026-09-30 02:09:06
2497,HUN,Hungary,1990,408.2246,70891,408.2246,877.6829,43.2281,50.9,34.612,38.3,26.468,Our World in Data / WHO,2026-09-30 02:09:06
2498,HUN,Hungary,1991,408.2246,70891,408.2246,877.6829,43.2281,50.6,34.408,38.3,26.312,Our World in Data / WHO,2026-09-30 02:09:06
2499,HUN,Hungary,1992,408.2246,70891,408.2246,877.6829,43.2281,50.3,34.204,38.3,26.156,Our World in Data / WHO,2026-09-30 02:09:06
2500,HUN,Hungary,1993,408.2246,70891,408.2246,877.6829,43.2281,50.1,34.068,38.3,26.052,Our World in Data / WHO,2026-09-30 02:09:06
2501,HUN,Hungary,1994,408.2246,70891,408.2246,877.6829,43.2281,49.8,33.864,38.3,25.896,Our World in Data / WHO,2026-09-30 02:09:06
2502,HUN,Hungary,1995,408.2246,70891,408.2246,877.6829,43.2281,49.5,33.66,38.3,25.74,Our World in Data / WHO,2026-09-30 02:09:06
2503,HUN,Hungary,1996,408.2246,70891,408.2246,877.6829,43.2281,49.3,33.524,38.3,25.636,Our World in Data / WHO,2026-09-30 02:09:06
2504,HUN,Hungary,1997,408.2246,70891,408.2246,877.6829,43.2281,49.1,33.388,38.3,25.532,Our World in Data / WHO,2026-09-30 02:09:06
2505,HUN,Hungary,1998,408.2246,70891,408.2246,877.6829,43.2281,48.9,33.252,38.3,25.428,Our World in Data / WHO,2026-09-30 02:09:06
2506,HUN,Hungary,1999,408.2246,70891,408.2246,877.6829,43.2281,48.7,33.116,38.3,25.324,Our World in Data / WHO,2026-09-30 02:09:06
2507,HUN,Hungary,2000,408.2246,70891,408.2246,877.6829,43.2281,48.6,33.048,38.3,25.272,Our World in Data / WHO,2026-09-30 02:09:06
2508,HUN,Hungary,2001,375.6078,65811,375.6078,807.5568,39.7743,48.5,32.98,37.94,25.22,Our World in Data / WHO,2026-09-30 02:09:06
2509,HUN,Hungary,2002,374.4672,66012,374.4672,805.1045,39.6535,48.5,32.98,37.58,25.22,Our World in Data / WHO,2026-09-30 02:09:06
2510,HUN,Hungary,2003,377.6408,67164,377.6408,811.9277,39.9895,48.5,32.98,37.22,25.22,Our World in Data / WHO,2026-09-30 02:09:06
2511,HUN,Hungary,2004,362.6031,65287,362.6031,779.5967,38.3971,48.6,33.048,36.86,25.272,Our World in Data / WHO,2026-09-30 02:09:06
2512,HUN,Hungary,2005,374.4593,68855,374.4593,805.0875,39.6526,48.6,33.048,36.5,25.272,Our World in Data / WHO,2026-09-30 02:09:06
2513,HUN,Hungary,2006,343.7923,64579,343.7923,739.1534,36.4052,48.7,33.116,36.1,25.324,Our World in Data / WHO,2026-09-30 02:09:06
2514,HUN,Hungary,2007,336.0987,64503,336.0987,722.6122,35.5905,48.8,33.184,35.7,25.376,Our World in Data / WHO,2026-09-30 02:09:06
2515,HUN,Hungary,2008,320.4068,62756,320.4068,688.8746,33.9289,48.8,33.184,35.4333,25.376,Our World in Data / WHO,2026-09-30 02:09:06
2516,HUN,Hungary,2009,314.4727,62923,314.4727,676.1163,33.3005,48.9,33.252,35.1667,25.428,Our World in Data / WHO,2026-09-30 02:09:06
2517,HUN,Hungary,2010,312.4414,63810,312.4414,671.749,33.0854,48.9,33.252,34.9,25.428,Our World in Data / WHO,2026-09-30 02:09:06
2518,HUN,Hungary,2011,299.8636,62483,299.8636,644.7067,31.7535,48.8,33.184,34.58,25.376,Our World in Data / WHO,2026-09-30 02:09:06
2519,HUN,Hungary,2012,297.6764,63704,297.6764,640.0043,31.5219,48.8,33.184,34.26,25.376,Our World in Data / WHO,2026-09-30 02:09:06
2520,HUN,Hungary,2013,286.9421,62550,286.9421,616.9255,30.3852,48.7,33.116,33.94,25.324,Our World in Data / WHO,2026-09-30 02:09:06
2521,HUN,Hungary,2014,281.9185,62418,281.9185,606.1248,29.8532,48.6,33.048,33.62,25.272,Our World in Data / WHO,2026-09-30 02:09:06
2522,HUN,Hungary,2015,288.8615,65169,288.8615,621.0522,30.5884,48.6,33.048,33.3,25.272,Our World in Data / WHO,2026-09-30 02:09:06
2523,HUN,Hungary,2016,274.048,62499,274.048,589.2032,29.0198,48.5,32.98,33.04,25.22,Our World in Data / WHO,2026-09-30 02:09:06
2524,HUN,Hungary,2017,281.6444,65280,281.6444,605.5355,29.8242,48.5,32.98,32.78,25.22,Our World in Data / WHO,2026-09-30 02:09:06
2525,HUN,Hungary,2018,274.6272,64369,274.6272,590.4485,29.0811,48.4,32.912,32.52,25.168,Our World in Data / WHO,2026-09-30 02:09:06
2526,HUN,Hungary,2019,266.4067,63373,266.4067,572.7744,28.2106,48.3,32.844,32.26,25.116,Our World in Data / WHO,2026-09-30 02:09:06
2527,HUN,Hungary,2020,271.9676,65617,271.9676,584.7303,28.7995,48.3,32.844,32.0,25.116,Our World in Data / WHO,2026-09-30 02:09:06
2528,HUN,Hungary,2021,272.0492,65010,272.0492,584.9058,28.8081,48.3,32.844,31.65,25.116,Our World in Data / WHO,2026-09-30 02:09:06
2529,HUN,Hungary,2022,272.0492,65010,272.0492,584.9058,28.8081,48.3,32.844,31.3,25.116,Our World in Data / WHO,2026-09-30 02:09:06
2530,IDN,Indonesia,1990,361.62,470125,361.62,777.483,38.293,30.7,20.876,34.7,15.964,Our World in Data / WHO,2026-09-30 02:09:06
2531,IDN,Indonesia,1991,361.62,470125,361.62,777.483,38.293,30.7,20.876,34.7,15.964,Our World in Data / WHO,2026-09-30 02:09:06
2532,IDN,Indonesia,1992,361.62,470125,361.62,777.483,38.293,30.8,20.944,34.7,16.016,Our World in Data / WHO,2026-09-30 02:09:06
2533,IDN,Indonesia,1993,361.62,470125,361.62,777.483,38.293,30.9,21.012,34.7,16.068,Our World in Data / WHO,2026-09-30 02:09:06
2534,IDN,Indonesia,1994,361.62,470125,361.62,777.483,38.293,30.9,21.012,34.7,16.068,Our World in Data / WHO,2026-09-30 02:09:06
2535,IDN,Indonesia,1995,361.62,470125,361.62,777.483,38.293,31.0,21.08,34.7,16.12,Our World in Data / WHO,2026-09-30 02:09:06
2536,IDN,Indonesia,1996,361.62,470125,361.62,777.483,38.293,31.1,21.148,34.7,16.172,Our World in Data / WHO,2026-09-30 02:09:06
2537,IDN,Indonesia,1997,361.62,470125,361.62,777.483,38.293,31.2,21.216,34.7,16.224,Our World in Data / WHO,2026-09-30 02:09:06
2538,IDN,Indonesia,1998,361.62,470125,361.62,777.483,38.293,31.3,21.284,34.7,16.276,Our World in Data / WHO,2026-09-30 02:09:06
2539,IDN,Indonesia,1999,361.62,470125,361.62,777.483,38.293,31.4,21.352,34.7,16.328,Our World in Data / WHO,2026-09-30 02:09:06
2540,IDN,Indonesia,2000,361.62,470125,361.62,777.483,38.293,31.6,21.488,34.7,16.432,Our World in Data / WHO,2026-09-30 02:09:06
2541,IDN,Indonesia,2001,364.84,487606,364.84,784.406,38.634,31.9,21.692,34.5,16.588,Our World in Data / WHO,2026-09-30 02:09:06
2542,IDN,Indonesia,2002,370.1002,509091,370.1002,795.7154,39.191,32.2,21.896,34.3,16.744,Our World in Data / WHO,2026-09-30 02:09:06
2543,IDN,Indonesia,2003,374.7112,530014,374.7112,805.6291,39.6793,32.5,22.1,34.1,16.9,Our World in Data / WHO,2026-09-30 02:09:06
2544,IDN,Indonesia,2004,379.3116,550534,379.3116,815.5199,40.1665,32.9,22.372,33.9,17.108,Our World in Data / WHO,2026-09-30 02:09:06
2545,IDN,Indonesia,2005,382.845,570577,382.845,823.1168,40.5406,33.3,22.644,33.7,17.316,Our World in Data / WHO,2026-09-30 02:09:06
2546,IDN,Indonesia,2006,384.3106,588245,384.3106,826.2678,40.6958,33.8,22.984,33.55,17.576,Our World in Data / WHO,2026-09-30 02:09:06
2547,IDN,Indonesia,2007,386.5049,608611,386.5049,830.9855,40.9282,34.2,23.256,33.4,17.784,Our World in Data / WHO,2026-09-30 02:09:06
2548,IDN,Indonesia,2008,388.7264,629596,388.7264,835.7618,41.1634,34.7,23.596,33.1667,18.044,Our World in Data / WHO,2026-09-30 02:09:06
2549,IDN,Indonesia,2009,389.4837,648347,389.4837,837.39,41.2436,35.1,23.868,32.9333,18.252,Our World in Data / WHO,2026-09-30 02:09:06
2550,IDN,Indonesia,2010,389.9265,667301,389.9265,838.342,41.2905,35.5,24.14,32.7,18.46,Our World in Data / WHO,2026-09-30 02:09:06
2551,IDN,Indonesia,2011,385.0802,676668,385.0802,827.9224,40.7773,36.0,24.48,32.56,18.72,Our World in Data / WHO,2026-09-30 02:09:06
2552,IDN,Indonesia,2012,384.1968,695407,384.1968,826.0231,40.6838,36.4,24.752,32.42,18.928,Our World in Data / WHO,2026-09-30 02:09:06
2553,IDN,Indonesia,2013,381.5462,710639,381.5462,820.3243,40.4031,36.9,25.092,32.28,19.188,Our World in Data / WHO,2026-09-30 02:09:06
2554,IDN,Indonesia,2014,378.8886,725786,378.8886,814.6105,40.1217,37.3,25.364,32.14,19.396,Our World in Data / WHO,2026-09-30 02:09:06
2555,IDN,Indonesia,2015,378.9524,746854,378.9524,814.7477,40.1284,37.9,25.772,32.0,19.708,Our World in Data / WHO,2026-09-30 02:09:06
2556,IDN,Indonesia,2016,376.6556,762555,376.6556,809.8095,39.8852,38.4,26.112,31.88,19.968,Our World in Data / WHO,2026-09-30 02:09:06
2557,IDN,Indonesia,2017,372.8479,776517,372.8479,801.623,39.482,39.0,26.52,31.76,20.28,Our World in Data / WHO,2026-09-30 02:09:06
2558,IDN,Indonesia,2018,370.728,793894,370.728,797.0652,39.2575,39.6,26.928,31.64,20.592,Our World in Data / WHO,2026-09-30 02:09:06
2559,IDN,Indonesia,2019,369.1887,812824,369.1887,793.7557,39.0945,40.3,27.404,31.52,20.956,Our World in Data / WHO,2026-09-30 02:09:06
2560,IDN,Indonesia,2020,356.7944,794998,356.7944,767.108,37.782,40.3,27.404,31.4,20.956,Our World in Data / WHO,2026-09-30 02:09:06
2561,IDN,Indonesia,2021,318.5445,721454,318.5445,684.8707,33.7316,40.3,27.404,31.3,20.956,Our World in Data / WHO,2026-09-30 02:09:06
2562,IDN,Indonesia,2022,318.5445,721454,318.5445,684.8707,33.7316,40.3,27.404,31.2,20.956,Our World in Data / WHO,2026-09-30 02:09:06
2563,IND,India,1990,234.7365,1439502,234.7365,504.6835,24.857,28.8,19.584,55.7,14.976,Our World in Data / WHO,2026-09-30 02:09:06
2564,IND,India,1991,234.7365,1439502,234.7365,504.6835,24.857,28.9,19.652,55.7,15.028,Our World in Data / WHO,2026-09-30 02:09:06
2565,IND,India,1992,234.7365,1439502,234.7365,504.6835,24.857,29.1,19.788,55.7,15.132,Our World in Data / WHO,2026-09-30 02:09:06
2566,IND,India,1993,234.7365,1439502,234.7365,504.6835,24.857,29.3,19.924,55.7,15.236,Our World in Data / WHO,2026-09-30 02:09:06
2567,IND,India,1994,234.7365,1439502,234.7365,504.6835,24.857,29.4,19.992,55.7,15.288,Our World in Data / WHO,2026-09-30 02:09:06
2568,IND,India,1995,234.7365,1439502,234.7365,504.6835,24.857,29.6,20.128,55.7,15.392,Our World in Data / WHO,2026-09-30 02:09:06
2569,IND,India,1996,234.7365,1439502,234.7365,504.6835,24.857,29.8,20.264,55.7,15.496,Our World in Data / WHO,2026-09-30 02:09:06
2570,IND,India,1997,234.7365,1439502,234.7365,504.6835,24.857,30.0,20.4,55.7,15.6,Our World in Data / WHO,2026-09-30 02:09:06
2571,IND,India,1998,234.7365,1439502,234.7365,504.6835,24.857,30.3,20.604,55.7,15.756,Our World in Data / WHO,2026-09-30 02:09:06
2572,IND,India,1999,234.7365,1439502,234.7365,504.6835,24.857,30.5,20.74,55.7,15.86,Our World in Data / WHO,2026-09-30 02:09:06
2573,IND,India,2000,234.7365,1439502,234.7365,504.6835,24.857,30.7,20.876,55.7,15.964,Our World in Data / WHO,2026-09-30 02:09:06
2574,IND,India,2001,231.5398,1452399,231.5398,497.8106,24.5185,31.0,21.08,53.9,16.12,Our World in Data / WHO,2026-09-30 02:09:06
2575,IND,India,2002,233.0621,1504195,233.0621,501.0835,24.6797,31.2,21.216,52.1,16.224,Our World in Data / WHO,2026-09-30 02:09:06
2576,IND,India,2003,236.3988,1560440,236.3988,508.2574,25.033,31.4,21.352,50.3,16.328,Our World in Data / WHO,2026-09-30 02:09:06
2577,IND,India,2004,234.9717,1589597,234.9717,505.1892,24.8819,31.5,21.42,48.5,16.38,Our World in Data / WHO,2026-09-30 02:09:06
2578,IND,India,2005,234.0493,1631419,234.0493,503.206,24.7842,31.6,21.488,46.7,16.432,Our World in Data / WHO,2026-09-30 02:09:06
2579,IND,India,2006,238.6177,1707720,238.6177,513.0281,25.268,31.7,21.556,44.9,16.484,Our World in Data / WHO,2026-09-30 02:09:06
2580,IND,India,2007,247.1916,1818431,247.1916,531.4619,26.1759,31.7,21.556,43.1,16.484,Our World in Data / WHO,2026-09-30 02:09:06
2581,IND,India,2008,249.8368,1896073,249.8368,537.1491,26.456,31.7,21.556,41.5667,16.484,Our World in Data / WHO,2026-09-30 02:09:06
2582,IND,India,2009,245.4268,1930030,245.4268,527.6676,25.989,31.7,21.556,40.0333,16.484,Our World in Data / WHO,2026-09-30 02:09:06
2583,IND,India,2010,246.9908,2010153,246.9908,531.0302,26.1546,31.7,21.556,38.5,16.484,Our World in Data / WHO,2026-09-30 02:09:06
2584,IND,India,2011,251.4489,2112809,251.4489,540.6151,26.6267,31.7,21.556,37.12,16.484,Our World in Data / WHO,2026-09-30 02:09:06
2585,IND,India,2012,255.4303,2213330,255.4303,549.1751,27.0483,31.6,21.488,35.74,16.432,Our World in Data / WHO,2026-09-30 02:09:06
2586,IND,India,2013,264.0089,2330857,264.0089,567.6191,27.9567,31.5,21.42,34.36,16.38,Our World in Data / WHO,2026-09-30 02:09:06
2587,IND,India,2014,272.3529,2460248,272.3529,585.5587,28.8403,31.4,21.352,32.98,16.328,Our World in Data / WHO,2026-09-30 02:09:06
2588,IND,India,2015,266.224,2504722,266.224,572.3816,28.1913,31.4,21.352,31.6,16.328,Our World in Data / WHO,2026-09-30 02:09:06
2589,IND,India,2016,265.0626,2591426,265.0626,569.8846,28.0683,31.3,21.284,30.52,16.276,Our World in Data / WHO,2026-09-30 02:09:06
2590,IND,India,2017,263.0535,2666284,263.0535,565.565,27.8555,31.2,21.216,29.44,16.224,Our World in Data / WHO,2026-09-30 02:09:06
2591,IND,India,2018,264.8258,2783274,264.8258,569.3755,28.0432,31.2,21.216,28.36,16.224,Our World in Data / WHO,2026-09-30 02:09:06
2592,IND,India,2019,264.7431,2877490,264.7431,569.1977,28.0345,31.1,21.148,27.28,16.172,Our World in Data / WHO,2026-09-30 02:09:06
2593,IND,India,2020,263.2026,2939287,263.2026,565.8856,27.8713,31.1,21.148,26.2,16.172,Our World in Data / WHO,2026-09-30 02:09:06
2594,IND,India,2021,249.196,2862255,249.196,535.7714,26.3881,31.1,21.148,25.3,16.172,Our World in Data / WHO,2026-09-30 02:09:06
2595,IND,India,2022,249.196,2862255,249.196,535.7714,26.3881,31.1,21.148,24.4,16.172,Our World in Data / WHO,2026-09-30 02:09:06
2596,IRL,Ireland,1990,229.6159,12415,229.6159,493.6742,24.3147,38.4,26.112,36.2,19.968,Our World in Data / WHO,2026-09-30 02:09:06
2597,IRL,Ireland,1991,229.6159,12415,229.6159,493.6742,24.3147,38.3,26.044,36.2,19.916,Our World in Data / WHO,2026-09-30 02:09:06
2598,IRL,Ireland,1992,229.6159,12415,229.6159,493.6742,24.3147,38.2,25.976,36.2,19.864,Our World in Data / WHO,2026-09-30 02:09:06
2599,IRL,Ireland,1993,229.6159,12415,229.6159,493.6742,24.3147,38.0,25.84,36.2,19.76,Our World in Data / WHO,2026-09-30 02:09:06
2600,IRL,Ireland,1994,229.6159,12415,229.6159,493.6742,24.3147,37.8,25.704,36.2,19.656,Our World in Data / WHO,2026-09-30 02:09:06
2601,IRL,Ireland,1995,229.6159,12415,229.6159,493.6742,24.3147,37.6,25.568,36.2,19.552,Our World in Data / WHO,2026-09-30 02:09:06
2602,IRL,Ireland,1996,229.6159,12415,229.6159,493.6742,24.3147,37.4,25.432,36.2,19.448,Our World in Data / WHO,2026-09-30 02:09:06
2603,IRL,Ireland,1997,229.6159,12415,229.6159,493.6742,24.3147,37.2,25.296,36.2,19.344,Our World in Data / WHO,2026-09-30 02:09:06
2604,IRL,Ireland,1998,229.6159,12415,229.6159,493.6742,24.3147,37.0,25.16,36.2,19.24,Our World in Data / WHO,2026-09-30 02:09:06
2605,IRL,Ireland,1999,229.6159,12415,229.6159,493.6742,24.3147,36.9,25.092,36.2,19.188,Our World in Data / WHO,2026-09-30 02:09:06
2606,IRL,Ireland,2000,229.6159,12415,229.6159,493.6742,24.3147,36.7,24.956,36.2,19.084,Our World in Data / WHO,2026-09-30 02:09:06
2607,IRL,Ireland,2001,210.7406,11629,210.7406,453.0923,22.316,36.5,24.82,35.2,18.98,Our World in Data / WHO,2026-09-30 02:09:06
2608,IRL,Ireland,2002,202.3872,11403,202.3872,435.1325,21.4314,36.4,24.752,34.2,18.928,Our World in Data / WHO,2026-09-30 02:09:06
2609,IRL,Ireland,2003,187.3479,10779,187.3479,402.798,19.8388,36.3,24.684,33.2,18.876,Our World in Data / WHO,2026-09-30 02:09:06
2610,IRL,Ireland,2004,175.7354,10350,175.7354,377.8311,18.6092,36.1,24.548,32.2,18.772,Our World in Data / WHO,2026-09-30 02:09:06
2611,IRL,Ireland,2005,161.319,9780,161.319,346.8358,17.0826,36.0,24.48,31.2,18.72,Our World in Data / WHO,2026-09-30 02:09:06
2612,IRL,Ireland,2006,154.9105,9680,154.9105,333.0576,16.4039,35.8,24.344,30.3,18.616,Our World in Data / WHO,2026-09-30 02:09:06
2613,IRL,Ireland,2007,152.9754,9822,152.9754,328.8971,16.199,35.6,24.208,29.4,18.512,Our World in Data / WHO,2026-09-30 02:09:06
2614,IRL,Ireland,2008,147.8122,9840,147.8122,317.7962,15.6523,35.4,24.072,28.6,18.408,Our World in Data / WHO,2026-09-30 02:09:06
2615,IRL,Ireland,2009,140.878,9629,140.878,302.8877,14.918,35.2,23.936,27.8,18.304,Our World in Data / WHO,2026-09-30 02:09:06
2616,IRL,Ireland,2010,128.1961,9095,128.1961,275.6216,13.5751,34.9,23.732,27.0,18.148,Our World in Data / WHO,2026-09-30 02:09:06
2617,IRL,Ireland,2011,125.1968,9207,125.1968,269.1731,13.2575,34.6,23.528,26.28,17.992,Our World in Data / WHO,2026-09-30 02:09:06
2618,IRL,Ireland,2012,124.328,9430,124.328,267.3052,13.1655,34.3,23.324,25.56,17.836,Our World in Data / WHO,2026-09-30 02:09:06
2619,IRL,Ireland,2013,120.5091,9451,120.5091,259.0946,12.7611,34.0,23.12,24.84,17.68,Our World in Data / WHO,2026-09-30 02:09:06
2620,IRL,Ireland,2014,109.0164,8776,109.0164,234.3853,12.0,33.7,22.916,24.12,17.524,Our World in Data / WHO,2026-09-30 02:09:06
2621,IRL,Ireland,2015,111.7749,9342,111.7749,240.316,12.0,33.4,22.712,23.4,17.368,Our World in Data / WHO,2026-09-30 02:09:06
2622,IRL,Ireland,2016,102.3329,8791,102.3329,220.0157,12.0,33.1,22.508,22.78,17.212,Our World in Data / WHO,2026-09-30 02:09:06
2623,IRL,Ireland,2017,96.625,8577,96.625,207.7437,12.0,32.8,22.304,22.16,17.056,Our World in Data / WHO,2026-09-30 02:09:06
2624,IRL,Ireland,2018,97.378,8912,97.378,209.3627,12.0,32.6,22.168,21.54,16.952,Our World in Data / WHO,2026-09-30 02:09:06
2625,IRL,Ireland,2019,92.7292,8847,92.7292,199.3678,12.0,32.3,21.964,20.92,16.796,Our World in Data / WHO,2026-09-30 02:09:06
2626,IRL,Ireland,2020,89.2982,8760,89.2982,191.9911,12.0,32.3,21.964,20.3,16.796,Our World in Data / WHO,2026-09-30 02:09:06
2627,IRL,Ireland,2021,85.4548,8608,85.4548,183.7278,12.0,32.3,21.964,19.75,16.796,Our World in Data / WHO,2026-09-30 02:09:06
2628,IRL,Ireland,2022,85.4548,8608,85.4548,183.7278,12.0,32.3,21.964,19.2,16.796,Our World in Data / WHO,2026-09-30 02:09:06
2629,IRN,Iran,1990,301.7558,93458,301.7558,648.775,31.9538,32.4,22.032,23.5,16.848,Our World in Data / WHO,2026-09-30 02:09:06
2630,IRN,Iran,1991,301.7558,93458,301.7558,648.775,31.9538,32.5,22.1,23.5,16.9,Our World in Data / WHO,2026-09-30 02:09:06
2631,IRN,Iran,1992,301.7558,93458,301.7558,648.775,31.9538,32.7,22.236,23.5,17.004,Our World in Data / WHO,2026-09-30 02:09:06
2632,IRN,Iran,1993,301.7558,93458,301.7558,648.775,31.9538,32.9,22.372,23.5,17.108,Our World in Data / WHO,2026-09-30 02:09:06
2633,IRN,Iran,1994,301.7558,93458,301.7558,648.775,31.9538,33.1,22.508,23.5,17.212,Our World in Data / WHO,2026-09-30 02:09:06
2634,IRN,Iran,1995,301.7558,93458,301.7558,648.775,31.9538,33.3,22.644,23.5,17.316,Our World in Data / WHO,2026-09-30 02:09:06
2635,IRN,Iran,1996,301.7558,93458,301.7558,648.775,31.9538,33.5,22.78,23.5,17.42,Our World in Data / WHO,2026-09-30 02:09:06
2636,IRN,Iran,1997,301.7558,93458,301.7558,648.775,31.9538,33.6,22.848,23.5,17.472,Our World in Data / WHO,2026-09-30 02:09:06
2637,IRN,Iran,1998,301.7558,93458,301.7558,648.775,31.9538,33.8,22.984,23.5,17.576,Our World in Data / WHO,2026-09-30 02:09:06
2638,IRN,Iran,1999,301.7558,93458,301.7558,648.775,31.9538,33.9,23.052,23.5,17.628,Our World in Data / WHO,2026-09-30 02:09:06
2639,IRN,Iran,2000,301.7558,93458,301.7558,648.775,31.9538,34.0,23.12,23.5,17.68,Our World in Data / WHO,2026-09-30 02:09:06
2640,IRN,Iran,2001,295.4782,95141,295.4782,635.2781,31.2891,34.1,23.188,22.74,17.732,Our World in Data / WHO,2026-09-30 02:09:06
2641,IRN,Iran,2002,288.6112,96638,288.6112,620.5141,30.5619,34.2,23.256,21.98,17.784,Our World in Data / WHO,2026-09-30 02:09:06
2642,IRN,Iran,2003,278.6147,96633,278.6147,599.0216,29.5034,34.2,23.256,21.22,17.784,Our World in Data / WHO,2026-09-30 02:09:06
2643,IRN,Iran,2004,270.8883,98265,270.8883,582.4098,28.6852,34.1,23.188,20.46,17.732,Our World in Data / WHO,2026-09-30 02:09:06
2644,IRN,Iran,2005,260.6545,98717,260.6545,560.4072,27.6015,34.0,23.12,19.7,17.68,Our World in Data / WHO,2026-09-30 02:09:06
2645,IRN,Iran,2006,251.582,99654,251.582,540.9013,26.6408,33.8,22.984,19.15,17.576,Our World in Data / WHO,2026-09-30 02:09:06
2646,IRN,Iran,2007,244.2462,101635,244.2462,525.1293,25.864,33.5,22.78,18.6,17.42,Our World in Data / WHO,2026-09-30 02:09:06
2647,IRN,Iran,2008,233.5527,101465,233.5527,502.1383,24.7316,33.2,22.576,18.0333,17.264,Our World in Data / WHO,2026-09-30 02:09:06
2648,IRN,Iran,2009,224.8163,101820,224.8163,483.355,23.8065,32.9,22.372,17.4667,17.108,Our World in Data / WHO,2026-09-30 02:09:06
2649,IRN,Iran,2010,216.0726,102044,216.0726,464.5561,22.8806,32.5,22.1,16.9,16.9,Our World in Data / WHO,2026-09-30 02:09:06
2650,IRN,Iran,2011,208.6711,102741,208.6711,448.6429,22.0968,32.0,21.76,16.48,16.64,Our World in Data / WHO,2026-09-30 02:09:06
2651,IRN,Iran,2012,203.0454,104023,203.0454,436.5476,21.5011,31.4,21.352,16.06,16.328,Our World in Data / WHO,2026-09-30 02:09:06
2652,IRN,Iran,2013,203.1912,108576,203.1912,436.8611,21.5165,30.7,20.876,15.64,15.964,Our World in Data / WHO,2026-09-30 02:09:06
2653,IRN,Iran,2014,202.8845,113836,202.8845,436.2017,21.4841,30.0,20.4,15.22,15.6,Our World in Data / WHO,2026-09-30 02:09:06
2654,IRN,Iran,2015,203.5966,118932,203.5966,437.7327,21.5595,29.2,19.856,14.8,15.184,Our World in Data / WHO,2026-09-30 02:09:06
2655,IRN,Iran,2016,203.997,124046,203.997,438.5936,21.6019,28.4,19.312,14.44,14.768,Our World in Data / WHO,2026-09-30 02:09:06
2656,IRN,Iran,2017,202.9264,128620,202.9264,436.2918,21.4885,27.7,18.836,14.08,14.404,Our World in Data / WHO,2026-09-30 02:09:06
2657,IRN,Iran,2018,198.8949,131763,198.8949,427.624,21.0616,27.0,18.36,13.72,14.04,Our World in Data / WHO,2026-09-30 02:09:06
2658,IRN,Iran,2019,198.8074,137483,198.8074,427.4359,21.0523,26.2,17.816,13.36,13.624,Our World in Data / WHO,2026-09-30 02:09:06
2659,IRN,Iran,2020,200.3707,135185,200.3707,430.797,21.2179,26.2,17.816,13.0,13.624,Our World in Data / WHO,2026-09-30 02:09:06
2660,IRN,Iran,2021,196.2805,137298,196.2805,422.0031,20.7847,26.2,17.816,12.75,13.624,Our World in Data / WHO,2026-09-30 02:09:06
2661,IRN,Iran,2022,196.2805,137298,196.2805,422.0031,20.7847,26.2,17.816,12.5,13.624,Our World in Data / WHO,2026-09-30 02:09:06
2662,IRQ,Iraq,1990,423.852,40814,423.852,911.2818,44.883,43.3,29.444,23.1,22.516,Our World in Data / WHO,2026-09-30 02:09:06
2663,IRQ,Iraq,1991,423.852,40814,423.852,911.2818,44.883,43.5,29.58,23.1,22.62,Our World in Data / WHO,2026-09-30 02:09:06
2664,IRQ,Iraq,1992,423.852,40814,423.852,911.2818,44.883,43.8,29.784,23.1,22.776,Our World in Data / WHO,2026-09-30 02:09:06
2665,IRQ,Iraq,1993,423.852,40814,423.852,911.2818,44.883,44.0,29.92,23.1,22.88,Our World in Data / WHO,2026-09-30 02:09:06
2666,IRQ,Iraq,1994,423.852,40814,423.852,911.2818,44.883,44.2,30.056,23.1,22.984,Our World in Data / WHO,2026-09-30 02:09:06
2667,IRQ,Iraq,1995,423.852,40814,423.852,911.2818,44.883,44.4,30.192,23.1,23.088,Our World in Data / WHO,2026-09-30 02:09:06
2668,IRQ,Iraq,1996,423.852,40814,423.852,911.2818,44.883,44.6,30.328,23.1,23.192,Our World in Data / WHO,2026-09-30 02:09:06
2669,IRQ,Iraq,1997,423.852,40814,423.852,911.2818,44.883,44.9,30.532,23.1,23.348,Our World in Data / WHO,2026-09-30 02:09:06
2670,IRQ,Iraq,1998,423.852,40814,423.852,911.2818,44.883,45.1,30.668,23.1,23.452,Our World in Data / WHO,2026-09-30 02:09:06
2671,IRQ,Iraq,1999,423.852,40814,423.852,911.2818,44.883,45.3,30.804,23.1,23.556,Our World in Data / WHO,2026-09-30 02:09:06
2672,IRQ,Iraq,2000,423.852,40814,423.852,911.2818,44.883,45.5,30.94,23.1,23.66,Our World in Data / WHO,2026-09-30 02:09:06
2673,IRQ,Iraq,2001,414.5647,40748,414.5647,891.3141,43.8995,45.7,31.076,22.92,23.764,Our World in Data / WHO,2026-09-30 02:09:06
2674,IRQ,Iraq,2002,409.087,41181,409.087,879.537,43.3195,45.9,31.212,22.74,23.868,Our World in Data / WHO,2026-09-30 02:09:06
2675,IRQ,Iraq,2003,405.8091,41746,405.8091,872.4896,42.9724,46.1,31.348,22.56,23.972,Our World in Data / WHO,2026-09-30 02:09:06
2676,IRQ,Iraq,2004,401.0885,42240,401.0885,862.3403,42.4725,46.3,31.484,22.38,24.076,Our World in Data / WHO,2026-09-30 02:09:06
2677,IRQ,Iraq,2005,395.1584,42673,395.1584,849.5906,41.8445,46.4,31.552,22.2,24.128,Our World in Data / WHO,2026-09-30 02:09:06
2678,IRQ,Iraq,2006,387.6896,41965,387.6896,833.5326,41.0536,46.5,31.62,21.95,24.18,Our World in Data / WHO,2026-09-30 02:09:06
2679,IRQ,Iraq,2007,390.6947,41826,390.6947,839.9936,41.3719,46.7,31.756,21.7,24.284,Our World in Data / WHO,2026-09-30 02:09:06
2680,IRQ,Iraq,2008,392.4597,42864,392.4597,843.7884,41.5588,46.8,31.824,21.5667,24.336,Our World in Data / WHO,2026-09-30 02:09:06
2681,IRQ,Iraq,2009,386.5754,43881,386.5754,831.1371,40.9356,47.0,31.96,21.4333,24.44,Our World in Data / WHO,2026-09-30 02:09:06
2682,IRQ,Iraq,2010,378.5636,44450,378.5636,813.9117,40.0873,47.2,32.096,21.3,24.544,Our World in Data / WHO,2026-09-30 02:09:06
2683,IRQ,Iraq,2011,369.9029,45043,369.9029,795.2912,39.1701,47.4,32.232,21.2,24.648,Our World in Data / WHO,2026-09-30 02:09:06
2684,IRQ,Iraq,2012,360.8398,46050,360.8398,775.8056,38.2104,47.5,32.3,21.1,24.7,Our World in Data / WHO,2026-09-30 02:09:06
2685,IRQ,Iraq,2013,349.9375,46863,349.9375,752.3656,37.056,47.7,32.436,21.0,24.804,Our World in Data / WHO,2026-09-30 02:09:06
2686,IRQ,Iraq,2014,338.7772,47000,338.7772,728.371,35.8742,47.8,32.504,20.9,24.856,Our World in Data / WHO,2026-09-30 02:09:06
2687,IRQ,Iraq,2015,332.2788,47754,332.2788,714.3994,35.186,47.9,32.572,20.8,24.908,Our World in Data / WHO,2026-09-30 02:09:06
2688,IRQ,Iraq,2016,326.9402,48520,326.9402,702.9214,34.6207,47.9,32.572,20.7,24.908,Our World in Data / WHO,2026-09-30 02:09:06
2689,IRQ,Iraq,2017,325.0739,49945,325.0739,698.9089,34.4231,48.0,32.64,20.6,24.96,Our World in Data / WHO,2026-09-30 02:09:06
2690,IRQ,Iraq,2018,338.2055,53634,338.2055,727.1418,35.8136,48.1,32.708,20.5,25.012,Our World in Data / WHO,2026-09-30 02:09:06
2691,IRQ,Iraq,2019,355.7433,57902,355.7433,764.8481,37.6707,48.1,32.708,20.4,25.012,Our World in Data / WHO,2026-09-30 02:09:06
2692,IRQ,Iraq,2020,448.9777,70452,448.9777,965.3021,47.5436,48.1,32.708,20.3,25.012,Our World in Data / WHO,2026-09-30 02:09:06
2693,IRQ,Iraq,2021,397.0959,66707,397.0959,853.7562,42.0497,48.1,32.708,20.25,25.012,Our World in Data / WHO,2026-09-30 02:09:06
2694,IRQ,Iraq,2022,397.0959,66707,397.0959,853.7562,42.0497,48.1,32.708,20.2,25.012,Our World in Data / WHO,2026-09-30 02:09:06
2695,ISL,Iceland,1990,167.448,723,167.448,360.0132,17.7316,34.5,23.46,31.1,17.94,Our World in Data / WHO,2026-09-30 02:09:06
2696,ISL,Iceland,1991,167.448,723,167.448,360.0132,17.7316,34.4,23.392,31.1,17.888,Our World in Data / WHO,2026-09-30 02:09:06
2697,ISL,Iceland,1992,167.448,723,167.448,360.0132,17.7316,34.4,23.392,31.1,17.888,Our World in Data / WHO,2026-09-30 02:09:06
2698,ISL,Iceland,1993,167.448,723,167.448,360.0132,17.7316,34.3,23.324,31.1,17.836,Our World in Data / WHO,2026-09-30 02:09:06
2699,ISL,Iceland,1994,167.448,723,167.448,360.0132,17.7316,34.2,23.256,31.1,17.784,Our World in Data / WHO,2026-09-30 02:09:06
2700,ISL,Iceland,1995,167.448,723,167.448,360.0132,17.7316,34.1,23.188,31.1,17.732,Our World in Data / WHO,2026-09-30 02:09:06
2701,ISL,Iceland,1996,167.448,723,167.448,360.0132,17.7316,34.0,23.12,31.1,17.68,Our World in Data / WHO,2026-09-30 02:09:06
2702,ISL,Iceland,1997,167.448,723,167.448,360.0132,17.7316,33.9,23.052,31.1,17.628,Our World in Data / WHO,2026-09-30 02:09:06
2703,ISL,Iceland,1998,167.448,723,167.448,360.0132,17.7316,33.9,23.052,31.1,17.628,Our World in Data / WHO,2026-09-30 02:09:06
2704,ISL,Iceland,1999,167.448,723,167.448,360.0132,17.7316,33.8,22.984,31.1,17.576,Our World in Data / WHO,2026-09-30 02:09:06
2705,ISL,Iceland,2000,167.448,723,167.448,360.0132,17.7316,33.7,22.916,31.1,17.524,Our World in Data / WHO,2026-09-30 02:09:06
2706,ISL,Iceland,2001,162.0348,724,162.0348,348.3748,17.1584,33.7,22.916,29.68,17.524,Our World in Data / WHO,2026-09-30 02:09:06
2707,ISL,Iceland,2002,155.2579,719,155.2579,333.8045,16.4407,33.6,22.848,28.26,17.472,Our World in Data / WHO,2026-09-30 02:09:06
2708,ISL,Iceland,2003,152.6341,724,152.6341,328.1633,16.1629,33.5,22.78,26.84,17.42,Our World in Data / WHO,2026-09-30 02:09:06
2709,ISL,Iceland,2004,142.9594,697,142.9594,307.3627,15.1384,33.4,22.712,25.42,17.368,Our World in Data / WHO,2026-09-30 02:09:06
2710,ISL,Iceland,2005,140.422,702,140.422,301.9073,14.8697,33.2,22.576,24.0,17.264,Our World in Data / WHO,2026-09-30 02:09:06
2711,ISL,Iceland,2006,130.544,681,130.544,280.6696,13.8237,33.0,22.44,22.85,17.16,Our World in Data / WHO,2026-09-30 02:09:06
2712,ISL,Iceland,2007,130.2386,701,130.2386,280.013,13.7914,32.7,22.236,21.7,17.004,Our World in Data / WHO,2026-09-30 02:09:06
2713,ISL,Iceland,2008,125.1895,701,125.1895,269.1574,13.2567,32.4,22.032,20.6667,16.848,Our World in Data / WHO,2026-09-30 02:09:06
2714,ISL,Iceland,2009,120.7056,698,120.7056,259.517,12.7819,32.1,21.828,19.6333,16.692,Our World in Data / WHO,2026-09-30 02:09:06
2715,ISL,Iceland,2010,117.1442,697,117.1442,251.86,12.4048,31.8,21.624,18.6,16.536,Our World in Data / WHO,2026-09-30 02:09:06
2716,ISL,Iceland,2011,111.4685,682,111.4685,239.6573,12.0,31.3,21.284,17.76,16.276,Our World in Data / WHO,2026-09-30 02:09:06
2717,ISL,Iceland,2012,106.6948,674,106.6948,229.3938,12.0,30.9,21.012,16.92,16.068,Our World in Data / WHO,2026-09-30 02:09:06
2718,ISL,Iceland,2013,102.2971,668,102.2971,219.9388,12.0,30.4,20.672,16.08,15.808,Our World in Data / WHO,2026-09-30 02:09:06
2719,ISL,Iceland,2014,103.8437,690,103.8437,223.264,12.0,29.8,20.264,15.24,15.496,Our World in Data / WHO,2026-09-30 02:09:06
2720,ISL,Iceland,2015,100.4649,694,100.4649,215.9995,12.0,29.4,19.992,14.4,15.288,Our World in Data / WHO,2026-09-30 02:09:06
2721,ISL,Iceland,2016,97.2787,688,97.2787,209.1492,12.0,28.9,19.652,13.78,15.028,Our World in Data / WHO,2026-09-30 02:09:06
2722,ISL,Iceland,2017,92.7739,669,92.7739,199.4639,12.0,28.4,19.312,13.16,14.768,Our World in Data / WHO,2026-09-30 02:09:06
2723,ISL,Iceland,2018,91.5028,668,91.5028,196.731,12.0,28.0,19.04,12.54,14.56,Our World in Data / WHO,2026-09-30 02:09:06
2724,ISL,Iceland,2019,92.5673,679,92.5673,199.0197,12.0,27.5,18.7,11.92,14.3,Our World in Data / WHO,2026-09-30 02:09:06
2725,ISL,Iceland,2020,87.4104,669,87.4104,187.9324,12.0,27.5,18.7,11.3,14.3,Our World in Data / WHO,2026-09-30 02:09:06
2726,ISL,Iceland,2021,88.3703,689,88.3703,189.9961,12.0,27.5,18.7,10.75,14.3,Our World in Data / WHO,2026-09-30 02:09:06
2727,ISL,Iceland,2022,88.3703,689,88.3703,189.9961,12.0,27.5,18.7,10.2,14.3,Our World in Data / WHO,2026-09-30 02:09:06
2728,ISR,Israel,1990,157.1826,12193,157.1826,337.9426,16.6445,38.2,25.976,30.1,19.864,Our World in Data / WHO,2026-09-30 02:09:06
2729,ISR,Israel,1991,157.1826,12193,157.1826,337.9426,16.6445,37.7,25.636,30.1,19.604,Our World in Data / WHO,2026-09-30 02:09:06
2730,ISR,Israel,1992,157.1826,12193,157.1826,337.9426,16.6445,37.2,25.296,30.1,19.344,Our World in Data / WHO,2026-09-30 02:09:06
2731,ISR,Israel,1993,157.1826,12193,157.1826,337.9426,16.6445,36.7,24.956,30.1,19.084,Our World in Data / WHO,2026-09-30 02:09:06
2732,ISR,Israel,1994,157.1826,12193,157.1826,337.9426,16.6445,36.3,24.684,30.1,18.876,Our World in Data / WHO,2026-09-30 02:09:06
2733,ISR,Israel,1995,157.1826,12193,157.1826,337.9426,16.6445,35.8,24.344,30.1,18.616,Our World in Data / WHO,2026-09-30 02:09:06
2734,ISR,Israel,1996,157.1826,12193,157.1826,337.9426,16.6445,35.3,24.004,30.1,18.356,Our World in Data / WHO,2026-09-30 02:09:06
2735,ISR,Israel,1997,157.1826,12193,157.1826,337.9426,16.6445,34.8,23.664,30.1,18.096,Our World in Data / WHO,2026-09-30 02:09:06
2736,ISR,Israel,1998,157.1826,12193,157.1826,337.9426,16.6445,34.4,23.392,30.1,17.888,Our World in Data / WHO,2026-09-30 02:09:06
2737,ISR,Israel,1999,157.1826,12193,157.1826,337.9426,16.6445,34.0,23.12,30.1,17.68,Our World in Data / WHO,2026-09-30 02:09:06
2738,ISR,Israel,2000,157.1826,12193,157.1826,337.9426,16.6445,33.6,22.848,30.1,17.472,Our World in Data / WHO,2026-09-30 02:09:06
2739,ISR,Israel,2001,147.8325,11895,147.8325,317.8399,15.6544,33.3,22.644,29.64,17.316,Our World in Data / WHO,2026-09-30 02:09:06
2740,ISR,Israel,2002,143.6115,11977,143.6115,308.7647,15.2075,33.0,22.44,29.18,17.16,Our World in Data / WHO,2026-09-30 02:09:06
2741,ISR,Israel,2003,137.2191,11789,137.2191,295.0211,14.5305,32.8,22.304,28.72,17.056,Our World in Data / WHO,2026-09-30 02:09:06
2742,ISR,Israel,2004,130.6183,11566,130.6183,280.8293,13.8316,32.5,22.1,28.26,16.9,Our World in Data / WHO,2026-09-30 02:09:06
2743,ISR,Israel,2005,128.2519,11865,128.2519,275.7416,13.581,32.3,21.964,27.8,16.796,Our World in Data / WHO,2026-09-30 02:09:06
2744,ISR,Israel,2006,119.3815,11474,119.3815,256.6702,12.6417,32.1,21.828,27.5,16.692,Our World in Data / WHO,2026-09-30 02:09:06
2745,ISR,Israel,2007,121.3606,12187,121.3606,260.9253,12.8512,31.9,21.692,27.2,16.588,Our World in Data / WHO,2026-09-30 02:09:06
2746,ISR,Israel,2008,105.5907,10992,105.5907,227.02,12.0,31.7,21.556,26.7667,16.484,Our World in Data / WHO,2026-09-30 02:09:06
2747,ISR,Israel,2009,94.791,10263,94.791,203.8006,12.0,31.4,21.352,26.3333,16.328,Our World in Data / WHO,2026-09-30 02:09:06
2748,ISR,Israel,2010,92.8167,10455,92.8167,199.5559,12.0,31.2,21.216,25.9,16.224,Our World in Data / WHO,2026-09-30 02:09:06
2749,ISR,Israel,2011,91.005,10657,91.005,195.6607,12.0,30.9,21.012,25.54,16.068,Our World in Data / WHO,2026-09-30 02:09:06
2750,ISR,Israel,2012,87.1527,10560,87.1527,187.3783,12.0,30.6,20.808,25.18,15.912,Our World in Data / WHO,2026-09-30 02:09:06
2751,ISR,Israel,2013,83.7608,10383,83.7608,180.0857,12.0,30.3,20.604,24.82,15.756,Our World in Data / WHO,2026-09-30 02:09:06
2752,ISR,Israel,2014,79.8678,10302,79.8678,171.7158,12.0,30.1,20.468,24.46,15.652,Our World in Data / WHO,2026-09-30 02:09:06
2753,ISR,Israel,2015,80.5546,10641,80.5546,173.1924,12.0,29.8,20.264,24.1,15.496,Our World in Data / WHO,2026-09-30 02:09:06
2754,ISR,Israel,2016,77.3264,10500,77.3264,166.2518,12.0,29.6,20.128,23.76,15.392,Our World in Data / WHO,2026-09-30 02:09:06
2755,ISR,Israel,2017,74.2303,10391,74.2303,159.5951,12.0,29.4,19.992,23.42,15.288,Our World in Data / WHO,2026-09-30 02:09:06
2756,ISR,Israel,2018,70.4744,10020,70.4744,151.52,12.0,29.3,19.924,23.08,15.236,Our World in Data / WHO,2026-09-30 02:09:06
2757,ISR,Israel,2019,71.5949,10501,71.5949,153.929,12.0,29.1,19.788,22.74,15.132,Our World in Data / WHO,2026-09-30 02:09:06
2758,ISR,Israel,2020,68.7066,10469,68.7066,147.7192,12.0,29.1,19.788,22.4,15.132,Our World in Data / WHO,2026-09-30 02:09:06
2759,ISR,Israel,2021,70.2323,11632,70.2323,150.9994,12.0,29.1,19.788,22.1,15.132,Our World in Data / WHO,2026-09-30 02:09:06
2760,ISR,Israel,2022,70.2323,11632,70.2323,150.9994,12.0,29.1,19.788,21.8,15.132,Our World in Data / WHO,2026-09-30 02:09:06
2761,ITA,Italy,1990,169.8899,238018,169.8899,365.2633,17.9902,43.9,29.852,25.9,22.828,Our World in Data / WHO,2026-09-30 02:09:06
2762,ITA,Italy,1991,169.8899,238018,169.8899,365.2633,17.9902,43.8,29.784,25.9,22.776,Our World in Data / WHO,2026-09-30 02:09:06
2763,ITA,Italy,1992,169.8899,238018,169.8899,365.2633,17.9902,43.6,29.648,25.9,22.672,Our World in Data / WHO,2026-09-30 02:09:06
2764,ITA,Italy,1993,169.8899,238018,169.8899,365.2633,17.9902,43.5,29.58,25.9,22.62,Our World in Data / WHO,2026-09-30 02:09:06
2765,ITA,Italy,1994,169.8899,238018,169.8899,365.2633,17.9902,43.3,29.444,25.9,22.516,Our World in Data / WHO,2026-09-30 02:09:06
2766,ITA,Italy,1995,169.8899,238018,169.8899,365.2633,17.9902,43.2,29.376,25.9,22.464,Our World in Data / WHO,2026-09-30 02:09:06
2767,ITA,Italy,1996,169.8899,238018,169.8899,365.2633,17.9902,43.0,29.24,25.9,22.36,Our World in Data / WHO,2026-09-30 02:09:06
2768,ITA,Italy,1997,169.8899,238018,169.8899,365.2633,17.9902,42.8,29.104,25.9,22.256,Our World in Data / WHO,2026-09-30 02:09:06
2769,ITA,Italy,1998,169.8899,238018,169.8899,365.2633,17.9902,42.6,28.968,25.9,22.152,Our World in Data / WHO,2026-09-30 02:09:06
2770,ITA,Italy,1999,169.8899,238018,169.8899,365.2633,17.9902,42.4,28.832,25.9,22.048,Our World in Data / WHO,2026-09-30 02:09:06
2771,ITA,Italy,2000,169.8899,238018,169.8899,365.2633,17.9902,42.2,28.696,25.9,21.944,Our World in Data / WHO,2026-09-30 02:09:06
2772,ITA,Italy,2001,161.286,231110,161.286,346.7649,17.0791,42.0,28.56,25.74,21.84,Our World in Data / WHO,2026-09-30 02:09:06
2773,ITA,Italy,2002,157.0802,230534,157.0802,337.7224,16.6337,41.8,28.424,25.58,21.736,Our World in Data / WHO,2026-09-30 02:09:06
2774,ITA,Italy,2003,159.194,238195,159.194,342.2671,16.8575,41.5,28.22,25.42,21.58,Our World in Data / WHO,2026-09-30 02:09:06
2775,ITA,Italy,2004,144.4523,218908,144.4523,310.5724,15.2965,41.2,28.016,25.26,21.424,Our World in Data / WHO,2026-09-30 02:09:06
2776,ITA,Italy,2005,145.6128,229473,145.6128,313.0675,15.4194,40.9,27.812,25.1,21.268,Our World in Data / WHO,2026-09-30 02:09:06
2777,ITA,Italy,2006,132.7228,217124,132.7228,285.354,14.0544,40.5,27.54,24.95,21.06,Our World in Data / WHO,2026-09-30 02:09:06
2778,ITA,Italy,2007,129.46,221122,129.46,278.339,13.7089,40.0,27.2,24.8,20.8,Our World in Data / WHO,2026-09-30 02:09:06
2779,ITA,Italy,2008,125.5297,222369,125.5297,269.8889,13.2927,39.5,26.86,24.6667,20.54,Our World in Data / WHO,2026-09-30 02:09:06
2780,ITA,Italy,2009,120.9922,221450,120.9922,260.1332,12.8122,38.9,26.452,24.5333,20.228,Our World in Data / WHO,2026-09-30 02:09:06
2781,ITA,Italy,2010,115.2214,218420,115.2214,247.726,12.2011,38.3,26.044,24.4,19.916,Our World in Data / WHO,2026-09-30 02:09:06
2782,ITA,Italy,2011,115.1241,224877,115.1241,247.5168,12.1908,37.7,25.636,24.26,19.604,Our World in Data / WHO,2026-09-30 02:09:06
2783,ITA,Italy,2012,114.8467,231373,114.8467,246.9204,12.1615,37.2,25.296,24.12,19.344,Our World in Data / WHO,2026-09-30 02:09:06
2784,ITA,Italy,2013,107.5326,221799,107.5326,231.1951,12.0,36.6,24.888,23.98,19.032,Our World in Data / WHO,2026-09-30 02:09:06
2785,ITA,Italy,2014,103.3825,219200,103.3825,222.2724,12.0,36.1,24.548,23.84,18.772,Our World in Data / WHO,2026-09-30 02:09:06
2786,ITA,Italy,2015,109.421,239030,109.421,235.2552,12.0,35.6,24.208,23.7,18.512,Our World in Data / WHO,2026-09-30 02:09:06
2787,ITA,Italy,2016,98.6082,220256,98.6082,212.0076,12.0,35.1,23.868,23.56,18.252,Our World in Data / WHO,2026-09-30 02:09:06
2788,ITA,Italy,2017,101.6389,232378,101.6389,218.5236,12.0,34.7,23.596,23.42,18.044,Our World in Data / WHO,2026-09-30 02:09:06
2789,ITA,Italy,2018,95.7129,221615,95.7129,205.7827,12.0,34.2,23.256,23.28,17.784,Our World in Data / WHO,2026-09-30 02:09:06
2790,ITA,Italy,2019,91.7335,217949,91.7335,197.227,12.0,33.8,22.984,23.14,17.576,Our World in Data / WHO,2026-09-30 02:09:06
2791,ITA,Italy,2020,94.9799,231310,94.9799,204.2068,12.0,33.8,22.984,23.0,17.576,Our World in Data / WHO,2026-09-30 02:09:06
2792,ITA,Italy,2021,87.9152,210894,87.9152,189.0177,12.0,33.8,22.984,22.85,17.576,Our World in Data / WHO,2026-09-30 02:09:06
2793,ITA,Italy,2022,87.9152,210894,87.9152,189.0177,12.0,33.8,22.984,22.7,17.576,Our World in Data / WHO,2026-09-30 02:09:06
2794,JAM,Jamaica,1990,210.2663,4347,210.2663,452.0725,22.2657,37.5,25.5,18.8,19.5,Our World in Data / WHO,2026-09-30 02:09:06
2795,JAM,Jamaica,1991,210.2663,4347,210.2663,452.0725,22.2657,37.7,25.636,18.8,19.604,Our World in Data / WHO,2026-09-30 02:09:06
2796,JAM,Jamaica,1992,210.2663,4347,210.2663,452.0725,22.2657,37.9,25.772,18.8,19.708,Our World in Data / WHO,2026-09-30 02:09:06
2797,JAM,Jamaica,1993,210.2663,4347,210.2663,452.0725,22.2657,38.1,25.908,18.8,19.812,Our World in Data / WHO,2026-09-30 02:09:06
2798,JAM,Jamaica,1994,210.2663,4347,210.2663,452.0725,22.2657,38.3,26.044,18.8,19.916,Our World in Data / WHO,2026-09-30 02:09:06
2799,JAM,Jamaica,1995,210.2663,4347,210.2663,452.0725,22.2657,38.5,26.18,18.8,20.02,Our World in Data / WHO,2026-09-30 02:09:06
2800,JAM,Jamaica,1996,210.2663,4347,210.2663,452.0725,22.2657,38.7,26.316,18.8,20.124,Our World in Data / WHO,2026-09-30 02:09:06
2801,JAM,Jamaica,1997,210.2663,4347,210.2663,452.0725,22.2657,39.0,26.52,18.8,20.28,Our World in Data / WHO,2026-09-30 02:09:06
2802,JAM,Jamaica,1998,210.2663,4347,210.2663,452.0725,22.2657,39.2,26.656,18.8,20.384,Our World in Data / WHO,2026-09-30 02:09:06
2803,JAM,Jamaica,1999,210.2663,4347,210.2663,452.0725,22.2657,39.5,26.86,18.8,20.54,Our World in Data / WHO,2026-09-30 02:09:06
2804,JAM,Jamaica,2000,210.2663,4347,210.2663,452.0725,22.2657,39.9,27.132,18.8,20.748,Our World in Data / WHO,2026-09-30 02:09:06
2805,JAM,Jamaica,2001,218.0696,4479,218.0696,468.8496,23.0921,40.3,27.404,18.4,20.956,Our World in Data / WHO,2026-09-30 02:09:06
2806,JAM,Jamaica,2002,216.6081,4401,216.6081,465.7074,22.9373,40.7,27.676,18.0,21.164,Our World in Data / WHO,2026-09-30 02:09:06
2807,JAM,Jamaica,2003,219.6039,4458,219.6039,472.1484,23.2545,41.1,27.948,17.6,21.372,Our World in Data / WHO,2026-09-30 02:09:06
2808,JAM,Jamaica,2004,210.5309,4265,210.5309,452.6414,22.2938,41.6,28.288,17.2,21.632,Our World in Data / WHO,2026-09-30 02:09:06
2809,JAM,Jamaica,2005,230.1214,4654,230.1214,494.761,24.3683,42.1,28.628,16.8,21.892,Our World in Data / WHO,2026-09-30 02:09:06
2810,JAM,Jamaica,2006,178.4936,3597,178.4936,383.7612,18.9012,42.6,28.968,16.45,22.152,Our World in Data / WHO,2026-09-30 02:09:06
2811,JAM,Jamaica,2007,260.5306,5274,260.5306,560.1408,27.5884,43.0,29.24,16.1,22.36,Our World in Data / WHO,2026-09-30 02:09:06
2812,JAM,Jamaica,2008,246.7064,4986,246.7064,530.4188,26.1245,43.5,29.58,15.7667,22.62,Our World in Data / WHO,2026-09-30 02:09:06
2813,JAM,Jamaica,2009,234.5855,4739,234.5855,504.3588,24.841,43.9,29.852,15.4333,22.828,Our World in Data / WHO,2026-09-30 02:09:06
2814,JAM,Jamaica,2010,212.7294,4297,212.7294,457.3682,22.5266,44.3,30.124,15.1,23.036,Our World in Data / WHO,2026-09-30 02:09:06
2815,JAM,Jamaica,2011,238.255,4863,238.255,512.2482,25.2295,44.6,30.328,14.8,23.192,Our World in Data / WHO,2026-09-30 02:09:06
2816,JAM,Jamaica,2012,224.2747,4598,224.2747,482.1906,23.7491,44.9,30.532,14.5,23.348,Our World in Data / WHO,2026-09-30 02:09:06
2817,JAM,Jamaica,2013,230.9578,4789,230.9578,496.5593,24.4568,45.1,30.668,14.2,23.452,Our World in Data / WHO,2026-09-30 02:09:06
2818,JAM,Jamaica,2014,275.2935,5751,275.2935,591.881,29.1517,45.3,30.804,13.9,23.556,Our World in Data / WHO,2026-09-30 02:09:06
2819,JAM,Jamaica,2015,277.1909,5957,277.1909,595.9604,29.3526,45.5,30.94,13.6,23.66,Our World in Data / WHO,2026-09-30 02:09:06
2820,JAM,Jamaica,2016,279.3872,6083,279.3872,600.6825,29.5852,45.7,31.076,13.34,23.764,Our World in Data / WHO,2026-09-30 02:09:06
2821,JAM,Jamaica,2017,272.763,6061,272.763,586.4404,28.8837,45.9,31.212,13.08,23.868,Our World in Data / WHO,2026-09-30 02:09:06
2822,JAM,Jamaica,2018,271.2583,6118,271.2583,583.2053,28.7244,46.1,31.348,12.82,23.972,Our World in Data / WHO,2026-09-30 02:09:06
2823,JAM,Jamaica,2019,282.0168,6469,282.0168,606.3361,29.8636,46.3,31.484,12.56,24.076,Our World in Data / WHO,2026-09-30 02:09:06
2824,JAM,Jamaica,2020,275.9721,6393,275.9721,593.34,29.2235,46.3,31.484,12.3,24.076,Our World in Data / WHO,2026-09-30 02:09:06
2825,JAM,Jamaica,2021,315.4668,7397,315.4668,678.2536,33.4057,46.3,31.484,12.1,24.076,Our World in Data / WHO,2026-09-30 02:09:06
2826,JAM,Jamaica,2022,315.4668,7397,315.4668,678.2536,33.4057,46.3,31.484,11.9,24.076,Our World in Data / WHO,2026-09-30 02:09:06
2827,JOR,Jordan,1990,314.8536,5549,314.8536,676.9352,33.3408,37.3,25.364,32.5,19.396,Our World in Data / WHO,2026-09-30 02:09:06
2828,JOR,Jordan,1991,314.8536,5549,314.8536,676.9352,33.3408,37.4,25.432,32.5,19.448,Our World in Data / WHO,2026-09-30 02:09:06
2829,JOR,Jordan,1992,314.8536,5549,314.8536,676.9352,33.3408,37.5,25.5,32.5,19.5,Our World in Data / WHO,2026-09-30 02:09:06
2830,JOR,Jordan,1993,314.8536,5549,314.8536,676.9352,33.3408,37.6,25.568,32.5,19.552,Our World in Data / WHO,2026-09-30 02:09:06
2831,JOR,Jordan,1994,314.8536,5549,314.8536,676.9352,33.3408,37.7,25.636,32.5,19.604,Our World in Data / WHO,2026-09-30 02:09:06
2832,JOR,Jordan,1995,314.8536,5549,314.8536,676.9352,33.3408,37.8,25.704,32.5,19.656,Our World in Data / WHO,2026-09-30 02:09:06
2833,JOR,Jordan,1996,314.8536,5549,314.8536,676.9352,33.3408,37.9,25.772,32.5,19.708,Our World in Data / WHO,2026-09-30 02:09:06
2834,JOR,Jordan,1997,314.8536,5549,314.8536,676.9352,33.3408,38.0,25.84,32.5,19.76,Our World in Data / WHO,2026-09-30 02:09:06
2835,JOR,Jordan,1998,314.8536,5549,314.8536,676.9352,33.3408,38.1,25.908,32.5,19.812,Our World in Data / WHO,2026-09-30 02:09:06
2836,JOR,Jordan,1999,314.8536,5549,314.8536,676.9352,33.3408,38.2,25.976,32.5,19.864,Our World in Data / WHO,2026-09-30 02:09:06
2837,JOR,Jordan,2000,314.8536,5549,314.8536,676.9352,33.3408,38.3,26.044,32.5,19.916,Our World in Data / WHO,2026-09-30 02:09:06
2838,JOR,Jordan,2001,324.5038,5835,324.5038,697.6832,34.3627,38.4,26.112,32.58,19.968,Our World in Data / WHO,2026-09-30 02:09:06
2839,JOR,Jordan,2002,319.046,5967,319.046,685.9489,33.7848,38.4,26.112,32.66,19.968,Our World in Data / WHO,2026-09-30 02:09:06
2840,JOR,Jordan,2003,288.8232,5756,288.8232,620.9699,30.5844,38.5,26.18,32.74,20.02,Our World in Data / WHO,2026-09-30 02:09:06
2841,JOR,Jordan,2004,293.3198,6024,293.3198,630.6376,31.0605,38.5,26.18,32.82,20.02,Our World in Data / WHO,2026-09-30 02:09:06
2842,JOR,Jordan,2005,312.7017,6485,312.7017,672.3087,33.1129,38.5,26.18,32.9,20.02,Our World in Data / WHO,2026-09-30 02:09:06
2843,JOR,Jordan,2006,309.1404,6872,309.1404,664.6519,32.7358,38.5,26.18,32.85,20.02,Our World in Data / WHO,2026-09-30 02:09:06
2844,JOR,Jordan,2007,255.2275,6398,255.2275,548.7391,27.0268,38.5,26.18,32.8,20.02,Our World in Data / WHO,2026-09-30 02:09:06
2845,JOR,Jordan,2008,226.91,6068,226.91,487.8565,24.0282,38.5,26.18,32.8333,20.02,Our World in Data / WHO,2026-09-30 02:09:06
2846,JOR,Jordan,2009,213.4222,5935,213.4222,458.8577,22.5999,38.5,26.18,32.8667,20.02,Our World in Data / WHO,2026-09-30 02:09:06
2847,JOR,Jordan,2010,205.5895,5921,205.5895,442.0174,21.7705,38.5,26.18,32.9,20.02,Our World in Data / WHO,2026-09-30 02:09:06
2848,JOR,Jordan,2011,201.5373,6019,201.5373,433.3052,21.3414,38.4,26.112,32.96,19.968,Our World in Data / WHO,2026-09-30 02:09:06
2849,JOR,Jordan,2012,197.2939,6075,197.2939,424.1819,20.8921,38.4,26.112,33.02,19.968,Our World in Data / WHO,2026-09-30 02:09:06
2850,JOR,Jordan,2013,191.2448,6116,191.2448,411.1763,20.2515,38.4,26.112,33.08,19.968,Our World in Data / WHO,2026-09-30 02:09:06
2851,JOR,Jordan,2014,184.3916,6238,184.3916,396.4419,19.5258,38.3,26.044,33.14,19.916,Our World in Data / WHO,2026-09-30 02:09:06
2852,JOR,Jordan,2015,171.8207,6341,171.8207,369.4145,18.1946,38.2,25.976,33.2,19.864,Our World in Data / WHO,2026-09-30 02:09:06
2853,JOR,Jordan,2016,165.2475,6601,165.2475,355.2821,17.4986,38.1,25.908,33.28,19.812,Our World in Data / WHO,2026-09-30 02:09:06
2854,JOR,Jordan,2017,158.1597,6691,158.1597,340.0434,16.748,38.0,25.84,33.36,19.76,Our World in Data / WHO,2026-09-30 02:09:06
2855,JOR,Jordan,2018,148.3806,6686,148.3806,319.0183,15.7125,37.9,25.772,33.44,19.708,Our World in Data / WHO,2026-09-30 02:09:06
2856,JOR,Jordan,2019,145.8497,6981,145.8497,313.5769,15.4445,37.7,25.636,33.52,19.604,Our World in Data / WHO,2026-09-30 02:09:06
2857,JOR,Jordan,2020,169.2562,8263,169.2562,363.9008,17.9231,37.7,25.636,33.6,19.604,Our World in Data / WHO,2026-09-30 02:09:06
2858,JOR,Jordan,2021,155.1357,7768,155.1357,333.5418,16.4278,37.7,25.636,33.7,19.604,Our World in Data / WHO,2026-09-30 02:09:06
2859,JOR,Jordan,2022,155.1357,7768,155.1357,333.5418,16.4278,37.7,25.636,33.8,19.604,Our World in Data / WHO,2026-09-30 02:09:06
2860,JPN,Japan,1990,108.4846,300381,108.4846,233.2419,12.0,40.1,27.268,33.4,20.852,Our World in Data / WHO,2026-09-30 02:09:06
2861,JPN,Japan,1991,108.4846,300381,108.4846,233.2419,12.0,39.3,26.724,33.4,20.436,Our World in Data / WHO,2026-09-30 02:09:06
2862,JPN,Japan,1992,108.4846,300381,108.4846,233.2419,12.0,38.6,26.248,33.4,20.072,Our World in Data / WHO,2026-09-30 02:09:06
2863,JPN,Japan,1993,108.4846,300381,108.4846,233.2419,12.0,37.8,25.704,33.4,19.656,Our World in Data / WHO,2026-09-30 02:09:06
2864,JPN,Japan,1994,108.4846,300381,108.4846,233.2419,12.0,37.1,25.228,33.4,19.292,Our World in Data / WHO,2026-09-30 02:09:06
2865,JPN,Japan,1995,108.4846,300381,108.4846,233.2419,12.0,36.4,24.752,33.4,18.928,Our World in Data / WHO,2026-09-30 02:09:06
2866,JPN,Japan,1996,108.4846,300381,108.4846,233.2419,12.0,35.7,24.276,33.4,18.564,Our World in Data / WHO,2026-09-30 02:09:06
2867,JPN,Japan,1997,108.4846,300381,108.4846,233.2419,12.0,35.1,23.868,33.4,18.252,Our World in Data / WHO,2026-09-30 02:09:06
2868,JPN,Japan,1998,108.4846,300381,108.4846,233.2419,12.0,34.6,23.528,33.4,17.992,Our World in Data / WHO,2026-09-30 02:09:06
2869,JPN,Japan,1999,108.4846,300381,108.4846,233.2419,12.0,34.1,23.188,33.4,17.732,Our World in Data / WHO,2026-09-30 02:09:06
2870,JPN,Japan,2000,108.4846,300381,108.4846,233.2419,12.0,33.8,22.984,33.4,17.576,Our World in Data / WHO,2026-09-30 02:09:06
2871,JPN,Japan,2001,105.1861,303266,105.1861,226.1501,12.0,33.5,22.78,32.58,17.42,Our World in Data / WHO,2026-09-30 02:09:06
2872,JPN,Japan,2002,102.1606,306335,102.1606,219.6453,12.0,33.4,22.712,31.76,17.368,Our World in Data / WHO,2026-09-30 02:09:06
2873,JPN,Japan,2003,101.2706,315684,101.2706,217.7318,12.0,33.2,22.576,30.94,17.264,Our World in Data / WHO,2026-09-30 02:09:06
2874,JPN,Japan,2004,97.1285,314868,97.1285,208.8263,12.0,33.1,22.508,30.12,17.212,Our World in Data / WHO,2026-09-30 02:09:06
2875,JPN,Japan,2005,98.6953,334035,98.6953,212.1949,12.0,33.1,22.508,29.3,17.212,Our World in Data / WHO,2026-09-30 02:09:06
2876,JPN,Japan,2006,93.5704,329545,93.5704,201.1764,12.0,33.0,22.44,28.45,17.16,Our World in Data / WHO,2026-09-30 02:09:06
2877,JPN,Japan,2007,91.458,334529,91.458,196.6347,12.0,32.9,22.372,27.6,17.108,Our World in Data / WHO,2026-09-30 02:09:06
2878,JPN,Japan,2008,90.495,344495,90.495,194.5643,12.0,32.8,22.304,26.9,17.056,Our World in Data / WHO,2026-09-30 02:09:06
2879,JPN,Japan,2009,86.5683,340928,86.5683,186.1218,12.0,32.7,22.236,26.2,17.004,Our World in Data / WHO,2026-09-30 02:09:06
2880,JPN,Japan,2010,86.4594,356479,86.4594,185.8877,12.0,32.6,22.168,25.5,16.952,Our World in Data / WHO,2026-09-30 02:09:06
2881,JPN,Japan,2011,85.5909,366496,85.5909,184.0204,12.0,32.5,22.1,24.86,16.9,Our World in Data / WHO,2026-09-30 02:09:06
2882,JPN,Japan,2012,83.472,371766,83.472,179.4648,12.0,32.4,22.032,24.22,16.848,Our World in Data / WHO,2026-09-30 02:09:06
2883,JPN,Japan,2013,80.4004,370439,80.4004,172.8609,12.0,32.2,21.896,23.58,16.744,Our World in Data / WHO,2026-09-30 02:09:06
2884,JPN,Japan,2014,77.8597,369004,77.8597,167.3984,12.0,32.0,21.76,22.94,16.64,Our World in Data / WHO,2026-09-30 02:09:06
2885,JPN,Japan,2015,75.422,369787,75.422,162.1573,12.0,31.9,21.692,22.3,16.588,Our World in Data / WHO,2026-09-30 02:09:06
2886,JPN,Japan,2016,73.9034,373494,73.9034,158.8923,12.0,31.8,21.624,21.74,16.536,Our World in Data / WHO,2026-09-30 02:09:06
2887,JPN,Japan,2017,73.8103,387252,73.8103,158.6921,12.0,31.7,21.556,21.18,16.484,Our World in Data / WHO,2026-09-30 02:09:06
2888,JPN,Japan,2018,72.8385,392160,72.8385,156.6028,12.0,31.6,21.488,20.62,16.432,Our World in Data / WHO,2026-09-30 02:09:06
2889,JPN,Japan,2019,71.3699,393134,71.3699,153.4453,12.0,31.4,21.352,20.06,16.328,Our World in Data / WHO,2026-09-30 02:09:06
2890,JPN,Japan,2020,69.9674,393011,69.9674,150.4299,12.0,31.4,21.352,19.5,16.328,Our World in Data / WHO,2026-09-30 02:09:06
2891,JPN,Japan,2021,70.7545,412809,70.7545,152.1222,12.0,31.4,21.352,19.0,16.328,Our World in Data / WHO,2026-09-30 02:09:06
2892,JPN,Japan,2022,70.7545,412809,70.7545,152.1222,12.0,31.4,21.352,18.5,16.328,Our World in Data / WHO,2026-09-30 02:09:06
2893,KAZ,Kazakhstan,1990,563.2748,70562,563.2748,1211.0408,58.0,39.1,26.588,35.1,20.332,Our World in Data / WHO,2026-09-30 02:09:06
2894,KAZ,Kazakhstan,1991,563.2748,70562,563.2748,1211.0408,58.0,39.1,26.588,35.1,20.332,Our World in Data / WHO,2026-09-30 02:09:06
2895,KAZ,Kazakhstan,1992,563.2748,70562,563.2748,1211.0408,58.0,39.2,26.656,35.1,20.384,Our World in Data / WHO,2026-09-30 02:09:06
2896,KAZ,Kazakhstan,1993,563.2748,70562,563.2748,1211.0408,58.0,39.2,26.656,35.1,20.384,Our World in Data / WHO,2026-09-30 02:09:06
2897,KAZ,Kazakhstan,1994,563.2748,70562,563.2748,1211.0408,58.0,39.2,26.656,35.1,20.384,Our World in Data / WHO,2026-09-30 02:09:06
2898,KAZ,Kazakhstan,1995,563.2748,70562,563.2748,1211.0408,58.0,39.3,26.724,35.1,20.436,Our World in Data / WHO,2026-09-30 02:09:06
2899,KAZ,Kazakhstan,1996,563.2748,70562,563.2748,1211.0408,58.0,39.4,26.792,35.1,20.488,Our World in Data / WHO,2026-09-30 02:09:06
2900,KAZ,Kazakhstan,1997,563.2748,70562,563.2748,1211.0408,58.0,39.5,26.86,35.1,20.54,Our World in Data / WHO,2026-09-30 02:09:06
2901,KAZ,Kazakhstan,1998,563.2748,70562,563.2748,1211.0408,58.0,39.6,26.928,35.1,20.592,Our World in Data / WHO,2026-09-30 02:09:06
2902,KAZ,Kazakhstan,1999,563.2748,70562,563.2748,1211.0408,58.0,39.7,26.996,35.1,20.644,Our World in Data / WHO,2026-09-30 02:09:06
2903,KAZ,Kazakhstan,2000,563.2748,70562,563.2748,1211.0408,58.0,39.8,27.064,35.1,20.696,Our World in Data / WHO,2026-09-30 02:09:06
2904,KAZ,Kazakhstan,2001,569.7321,71412,569.7321,1224.924,58.0,40.0,27.2,34.36,20.8,Our World in Data / WHO,2026-09-30 02:09:06
2905,KAZ,Kazakhstan,2002,571.3744,72427,571.3744,1228.455,58.0,40.2,27.336,33.62,20.904,Our World in Data / WHO,2026-09-30 02:09:06
2906,KAZ,Kazakhstan,2003,597.8902,76910,597.8902,1285.4639,58.0,40.4,27.472,32.88,21.008,Our World in Data / WHO,2026-09-30 02:09:06
2907,KAZ,Kazakhstan,2004,574.1159,74983,574.1159,1234.3492,58.0,40.6,27.608,32.14,21.112,Our World in Data / WHO,2026-09-30 02:09:06
2908,KAZ,Kazakhstan,2005,587.609,77646,587.609,1263.3594,58.0,40.8,27.744,31.4,21.216,Our World in Data / WHO,2026-09-30 02:09:06
2909,KAZ,Kazakhstan,2006,577.6432,77733,577.6432,1241.9329,58.0,41.0,27.88,30.8,21.32,Our World in Data / WHO,2026-09-30 02:09:06
2910,KAZ,Kazakhstan,2007,572.4906,78054,572.4906,1230.8548,58.0,41.2,28.016,30.2,21.424,Our World in Data / WHO,2026-09-30 02:09:06
2911,KAZ,Kazakhstan,2008,537.2869,74036,537.2869,1155.1668,56.895,41.4,28.152,29.6,21.528,Our World in Data / WHO,2026-09-30 02:09:06
2912,KAZ,Kazakhstan,2009,486.6039,68001,486.6039,1046.1984,51.528,41.5,28.22,29.0,21.58,Our World in Data / WHO,2026-09-30 02:09:06
2913,KAZ,Kazakhstan,2010,494.9247,70814,494.9247,1064.0881,52.4091,41.7,28.356,28.4,21.684,Our World in Data / WHO,2026-09-30 02:09:06
2914,KAZ,Kazakhstan,2011,468.2892,68442,468.2892,1006.8218,49.5886,41.8,28.424,27.84,21.736,Our World in Data / WHO,2026-09-30 02:09:06
2915,KAZ,Kazakhstan,2012,439.9856,66141,439.9856,945.969,46.5914,41.9,28.492,27.28,21.788,Our World in Data / WHO,2026-09-30 02:09:06
2916,KAZ,Kazakhstan,2013,413.8663,63786,413.8663,889.8125,43.8256,42.0,28.56,26.72,21.84,Our World in Data / WHO,2026-09-30 02:09:06
2917,KAZ,Kazakhstan,2014,396.3426,62375,396.3426,852.1366,41.9699,42.0,28.56,26.16,21.84,Our World in Data / WHO,2026-09-30 02:09:06
2918,KAZ,Kazakhstan,2015,384.7864,61959,384.7864,827.2908,40.7462,42.0,28.56,25.6,21.84,Our World in Data / WHO,2026-09-30 02:09:06
2919,KAZ,Kazakhstan,2016,378.7294,62574,378.7294,814.2682,40.1048,42.0,28.56,25.08,21.84,Our World in Data / WHO,2026-09-30 02:09:06
2920,KAZ,Kazakhstan,2017,362.2906,61598,362.2906,778.9248,38.3641,42.0,28.56,24.56,21.84,Our World in Data / WHO,2026-09-30 02:09:06
2921,KAZ,Kazakhstan,2018,355.0686,62082,355.0686,763.3975,37.5993,42.0,28.56,24.04,21.84,Our World in Data / WHO,2026-09-30 02:09:06
2922,KAZ,Kazakhstan,2019,352.4734,63044,352.4734,757.8178,37.3245,41.9,28.492,23.52,21.788,Our World in Data / WHO,2026-09-30 02:09:06
2923,KAZ,Kazakhstan,2020,343.5525,62527,343.5525,738.6379,36.3798,41.9,28.492,23.0,21.788,Our World in Data / WHO,2026-09-30 02:09:06
2924,KAZ,Kazakhstan,2021,324.3624,59265,324.3624,697.3792,34.3477,41.9,28.492,22.55,21.788,Our World in Data / WHO,2026-09-30 02:09:06
2925,KAZ,Kazakhstan,2022,324.3624,59265,324.3624,697.3792,34.3477,41.9,28.492,22.1,21.788,Our World in Data / WHO,2026-09-30 02:09:06
2926,KEN,Kenya,1990,139.947,12151,139.947,300.886,14.8194,34.5,23.46,20.3,17.94,Our World in Data / WHO,2026-09-30 02:09:06
2927,KEN,Kenya,1991,139.947,12151,139.947,300.886,14.8194,34.6,23.528,20.3,17.992,Our World in Data / WHO,2026-09-30 02:09:06
2928,KEN,Kenya,1992,139.947,12151,139.947,300.886,14.8194,34.8,23.664,20.3,18.096,Our World in Data / WHO,2026-09-30 02:09:06
2929,KEN,Kenya,1993,139.947,12151,139.947,300.886,14.8194,34.9,23.732,20.3,18.148,Our World in Data / WHO,2026-09-30 02:09:06
2930,KEN,Kenya,1994,139.947,12151,139.947,300.886,14.8194,35.0,23.8,20.3,18.2,Our World in Data / WHO,2026-09-30 02:09:06
2931,KEN,Kenya,1995,139.947,12151,139.947,300.886,14.8194,35.1,23.868,20.3,18.252,Our World in Data / WHO,2026-09-30 02:09:06
2932,KEN,Kenya,1996,139.947,12151,139.947,300.886,14.8194,35.3,24.004,20.3,18.356,Our World in Data / WHO,2026-09-30 02:09:06
2933,KEN,Kenya,1997,139.947,12151,139.947,300.886,14.8194,35.4,24.072,20.3,18.408,Our World in Data / WHO,2026-09-30 02:09:06
2934,KEN,Kenya,1998,139.947,12151,139.947,300.886,14.8194,35.6,24.208,20.3,18.512,Our World in Data / WHO,2026-09-30 02:09:06
2935,KEN,Kenya,1999,139.947,12151,139.947,300.886,14.8194,35.8,24.344,20.3,18.616,Our World in Data / WHO,2026-09-30 02:09:06
2936,KEN,Kenya,2000,139.947,12151,139.947,300.886,14.8194,36.0,24.48,20.3,18.72,Our World in Data / WHO,2026-09-30 02:09:06
2937,KEN,Kenya,2001,139.0919,12378,139.0919,299.0476,14.7289,36.2,24.616,19.7,18.824,Our World in Data / WHO,2026-09-30 02:09:06
2938,KEN,Kenya,2002,143.3836,13284,143.3836,308.2747,15.1833,36.5,24.82,19.1,18.98,Our World in Data / WHO,2026-09-30 02:09:06
2939,KEN,Kenya,2003,144.2588,13713,144.2588,310.1564,15.276,36.7,24.956,18.5,19.084,Our World in Data / WHO,2026-09-30 02:09:06
2940,KEN,Kenya,2004,147.7494,14618,147.7494,317.6612,15.6456,36.9,25.092,17.9,19.188,Our World in Data / WHO,2026-09-30 02:09:06
2941,KEN,Kenya,2005,150.695,15492,150.695,323.9942,15.9576,37.1,25.228,17.3,19.292,Our World in Data / WHO,2026-09-30 02:09:06
2942,KEN,Kenya,2006,154.5693,16531,154.5693,332.324,16.3678,37.3,25.364,16.75,19.396,Our World in Data / WHO,2026-09-30 02:09:06
2943,KEN,Kenya,2007,160.3068,17898,160.3068,344.6596,16.9754,37.3,25.364,16.2,19.396,Our World in Data / WHO,2026-09-30 02:09:06
2944,KEN,Kenya,2008,167.0194,19254,167.0194,359.0917,17.6862,37.3,25.364,15.7333,19.396,Our World in Data / WHO,2026-09-30 02:09:06
2945,KEN,Kenya,2009,171.035,20476,171.035,367.7252,18.1114,37.3,25.364,15.2667,19.396,Our World in Data / WHO,2026-09-30 02:09:06
2946,KEN,Kenya,2010,176.3402,22066,176.3402,379.1314,18.6732,37.1,25.228,14.8,19.292,Our World in Data / WHO,2026-09-30 02:09:06
2947,KEN,Kenya,2011,179.3885,23425,179.3885,385.6853,18.996,36.8,25.024,14.36,19.136,Our World in Data / WHO,2026-09-30 02:09:06
2948,KEN,Kenya,2012,165.5691,22823,165.5691,355.9736,17.5326,36.5,24.82,13.92,18.98,Our World in Data / WHO,2026-09-30 02:09:06
2949,KEN,Kenya,2013,169.2127,24493,169.2127,363.8073,17.9184,36.1,24.548,13.48,18.772,Our World in Data / WHO,2026-09-30 02:09:06
2950,KEN,Kenya,2014,172.6647,26102,172.6647,371.2291,18.284,35.7,24.276,13.04,18.564,Our World in Data / WHO,2026-09-30 02:09:06
2951,KEN,Kenya,2015,173.8274,28331,173.8274,373.7289,18.4071,35.2,23.936,12.6,18.304,Our World in Data / WHO,2026-09-30 02:09:06
2952,KEN,Kenya,2016,171.1926,29160,171.1926,368.0641,18.1281,34.7,23.596,12.24,18.044,Our World in Data / WHO,2026-09-30 02:09:06
2953,KEN,Kenya,2017,176.3735,31677,176.3735,379.203,18.6767,34.2,23.256,11.88,17.784,Our World in Data / WHO,2026-09-30 02:09:06
2954,KEN,Kenya,2018,183.9261,35461,183.9261,395.4411,19.4765,33.7,22.916,11.52,17.524,Our World in Data / WHO,2026-09-30 02:09:06
2955,KEN,Kenya,2019,177.809,36123,177.809,382.2893,18.8287,33.2,22.576,11.16,17.264,Our World in Data / WHO,2026-09-30 02:09:06
2956,KEN,Kenya,2020,178.9215,36188,178.9215,384.6812,18.9465,33.2,22.576,10.8,17.264,Our World in Data / WHO,2026-09-30 02:09:06
2957,KEN,Kenya,2021,174.1709,34973,174.1709,374.4674,18.4435,33.2,22.576,10.5,17.264,Our World in Data / WHO,2026-09-30 02:09:06
2958,KEN,Kenya,2022,174.1709,34973,174.1709,374.4674,18.4435,33.2,22.576,10.2,17.264,Our World in Data / WHO,2026-09-30 02:09:06
2959,KGZ,Kyrgyzstan,1990,513.8519,15321,513.8519,1104.7816,54.4133,37.4,25.432,33.4,19.448,Our World in Data / WHO,2026-09-30 02:09:06
2960,KGZ,Kyrgyzstan,1991,513.8519,15321,513.8519,1104.7816,54.4133,37.4,25.432,33.4,19.448,Our World in Data / WHO,2026-09-30 02:09:06
2961,KGZ,Kyrgyzstan,1992,513.8519,15321,513.8519,1104.7816,54.4133,37.3,25.364,33.4,19.396,Our World in Data / WHO,2026-09-30 02:09:06
2962,KGZ,Kyrgyzstan,1993,513.8519,15321,513.8519,1104.7816,54.4133,37.3,25.364,33.4,19.396,Our World in Data / WHO,2026-09-30 02:09:06
2963,KGZ,Kyrgyzstan,1994,513.8519,15321,513.8519,1104.7816,54.4133,37.2,25.296,33.4,19.344,Our World in Data / WHO,2026-09-30 02:09:06
2964,KGZ,Kyrgyzstan,1995,513.8519,15321,513.8519,1104.7816,54.4133,37.2,25.296,33.4,19.344,Our World in Data / WHO,2026-09-30 02:09:06
2965,KGZ,Kyrgyzstan,1996,513.8519,15321,513.8519,1104.7816,54.4133,37.2,25.296,33.4,19.344,Our World in Data / WHO,2026-09-30 02:09:06
2966,KGZ,Kyrgyzstan,1997,513.8519,15321,513.8519,1104.7816,54.4133,37.2,25.296,33.4,19.344,Our World in Data / WHO,2026-09-30 02:09:06
2967,KGZ,Kyrgyzstan,1998,513.8519,15321,513.8519,1104.7816,54.4133,37.2,25.296,33.4,19.344,Our World in Data / WHO,2026-09-30 02:09:06
2968,KGZ,Kyrgyzstan,1999,513.8519,15321,513.8519,1104.7816,54.4133,37.2,25.296,33.4,19.344,Our World in Data / WHO,2026-09-30 02:09:06
2969,KGZ,Kyrgyzstan,2000,513.8519,15321,513.8519,1104.7816,54.4133,37.3,25.364,33.4,19.396,Our World in Data / WHO,2026-09-30 02:09:06
2970,KGZ,Kyrgyzstan,2001,482.4461,14663,482.4461,1037.2591,51.0877,37.4,25.432,32.84,19.448,Our World in Data / WHO,2026-09-30 02:09:06
2971,KGZ,Kyrgyzstan,2002,528.4194,16150,528.4194,1136.1017,55.9559,37.5,25.5,32.28,19.5,Our World in Data / WHO,2026-09-30 02:09:06
2972,KGZ,Kyrgyzstan,2003,535.1664,16472,535.1664,1150.6078,56.6704,37.7,25.636,31.72,19.604,Our World in Data / WHO,2026-09-30 02:09:06
2973,KGZ,Kyrgyzstan,2004,501.1063,15663,501.1063,1077.3785,53.0637,37.9,25.772,31.16,19.708,Our World in Data / WHO,2026-09-30 02:09:06
2974,KGZ,Kyrgyzstan,2005,517.4286,16298,517.4286,1112.4715,54.7921,38.0,25.84,30.6,19.76,Our World in Data / WHO,2026-09-30 02:09:06
2975,KGZ,Kyrgyzstan,2006,519.5996,16578,519.5996,1117.1391,55.022,38.2,25.976,30.05,19.864,Our World in Data / WHO,2026-09-30 02:09:06
2976,KGZ,Kyrgyzstan,2007,503.5709,16227,503.5709,1082.6774,53.3247,38.5,26.18,29.5,20.02,Our World in Data / WHO,2026-09-30 02:09:06
2977,KGZ,Kyrgyzstan,2008,498.5365,16155,498.5365,1071.8535,52.7916,38.7,26.316,29.0333,20.124,Our World in Data / WHO,2026-09-30 02:09:06
2978,KGZ,Kyrgyzstan,2009,496.2294,15908,496.2294,1066.8932,52.5472,38.9,26.452,28.5667,20.228,Our World in Data / WHO,2026-09-30 02:09:06
2979,KGZ,Kyrgyzstan,2010,481.4929,15738,481.4929,1035.2097,50.9868,39.2,26.656,28.1,20.384,Our World in Data / WHO,2026-09-30 02:09:06
2980,KGZ,Kyrgyzstan,2011,467.7453,15780,467.7453,1005.6524,49.531,39.4,26.792,27.62,20.488,Our World in Data / WHO,2026-09-30 02:09:06
2981,KGZ,Kyrgyzstan,2012,451.2783,15936,451.2783,970.2483,47.7872,39.6,26.928,27.14,20.592,Our World in Data / WHO,2026-09-30 02:09:06
2982,KGZ,Kyrgyzstan,2013,403.6258,14859,403.6258,867.7955,42.7412,39.9,27.132,26.66,20.748,Our World in Data / WHO,2026-09-30 02:09:06
2983,KGZ,Kyrgyzstan,2014,392.7375,14928,392.7375,844.3856,41.5882,40.1,27.268,26.18,20.852,Our World in Data / WHO,2026-09-30 02:09:06
2984,KGZ,Kyrgyzstan,2015,370.5019,14554,370.5019,796.5791,39.2336,40.3,27.404,25.7,20.956,Our World in Data / WHO,2026-09-30 02:09:06
2985,KGZ,Kyrgyzstan,2016,333.9573,13512,333.9573,718.0082,35.3638,40.4,27.472,25.3,21.008,Our World in Data / WHO,2026-09-30 02:09:06
2986,KGZ,Kyrgyzstan,2017,331.5963,13682,331.5963,712.932,35.1137,40.6,27.608,24.9,21.112,Our World in Data / WHO,2026-09-30 02:09:06
2987,KGZ,Kyrgyzstan,2018,323.501,13467,323.501,695.5271,34.2565,40.8,27.744,24.5,21.216,Our World in Data / WHO,2026-09-30 02:09:06
2988,KGZ,Kyrgyzstan,2019,318.1303,13358,318.1303,683.9801,33.6878,40.9,27.812,24.1,21.268,Our World in Data / WHO,2026-09-30 02:09:06
2989,KGZ,Kyrgyzstan,2020,293.3636,12429,293.3636,630.7317,31.0652,40.9,27.812,23.7,21.268,Our World in Data / WHO,2026-09-30 02:09:06
2990,KGZ,Kyrgyzstan,2021,261.2123,11020,261.2123,561.6064,27.6606,40.9,27.812,23.35,21.268,Our World in Data / WHO,2026-09-30 02:09:06
2991,KGZ,Kyrgyzstan,2022,261.2123,11020,261.2123,561.6064,27.6606,40.9,27.812,23.0,21.268,Our World in Data / WHO,2026-09-30 02:09:06
2992,KHM,Cambodia,1990,382.6391,16974,382.6391,822.6741,40.5188,23.0,15.64,38.1,11.96,Our World in Data / WHO,2026-09-30 02:09:06
2993,KHM,Cambodia,1991,382.6391,16974,382.6391,822.6741,40.5188,22.9,15.572,38.1,11.908,Our World in Data / WHO,2026-09-30 02:09:06
2994,KHM,Cambodia,1992,382.6391,16974,382.6391,822.6741,40.5188,22.9,15.572,38.1,11.908,Our World in Data / WHO,2026-09-30 02:09:06
2995,KHM,Cambodia,1993,382.6391,16974,382.6391,822.6741,40.5188,22.9,15.572,38.1,11.908,Our World in Data / WHO,2026-09-30 02:09:06
2996,KHM,Cambodia,1994,382.6391,16974,382.6391,822.6741,40.5188,22.8,15.504,38.1,11.856,Our World in Data / WHO,2026-09-30 02:09:06
2997,KHM,Cambodia,1995,382.6391,16974,382.6391,822.6741,40.5188,22.8,15.504,38.1,11.856,Our World in Data / WHO,2026-09-30 02:09:06
2998,KHM,Cambodia,1996,382.6391,16974,382.6391,822.6741,40.5188,22.8,15.504,38.1,11.856,Our World in Data / WHO,2026-09-30 02:09:06
2999,KHM,Cambodia,1997,382.6391,16974,382.6391,822.6741,40.5188,22.7,15.436,38.1,11.804,Our World in Data / WHO,2026-09-30 02:09:06
3000,KHM,Cambodia,1998,382.6391,16974,382.6391,822.6741,40.5188,22.8,15.504,38.1,11.856,Our World in Data / WHO,2026-09-30 02:09:06
3001,KHM,Cambodia,1999,382.6391,16974,382.6391,822.6741,40.5188,22.8,15.504,38.1,11.856,Our World in Data / WHO,2026-09-30 02:09:06
3002,KHM,Cambodia,2000,382.6391,16974,382.6391,822.6741,40.5188,22.8,15.504,38.1,11.856,Our World in Data / WHO,2026-09-30 02:09:06
3003,KHM,Cambodia,2001,373.2272,17265,373.2272,802.4385,39.5222,22.9,15.572,37.0,11.908,Our World in Data / WHO,2026-09-30 02:09:06
3004,KHM,Cambodia,2002,354.297,16965,354.297,761.7386,37.5176,23.0,15.64,35.9,11.96,Our World in Data / WHO,2026-09-30 02:09:06
3005,KHM,Cambodia,2003,348.1836,17404,348.1836,748.5947,36.8702,23.1,15.708,34.8,12.012,Our World in Data / WHO,2026-09-30 02:09:06
3006,KHM,Cambodia,2004,343.681,17952,343.681,738.9141,36.3934,23.2,15.776,33.7,12.064,Our World in Data / WHO,2026-09-30 02:09:06
3007,KHM,Cambodia,2005,338.6152,18524,338.6152,728.0227,35.857,23.4,15.912,32.6,12.168,Our World in Data / WHO,2026-09-30 02:09:06
3008,KHM,Cambodia,2006,331.0995,18933,331.0995,711.8639,35.0611,23.5,15.98,31.65,12.22,Our World in Data / WHO,2026-09-30 02:09:06
3009,KHM,Cambodia,2007,328.5125,19702,328.5125,706.3019,34.7872,23.6,16.048,30.7,12.272,Our World in Data / WHO,2026-09-30 02:09:06
3010,KHM,Cambodia,2008,324.856,20333,324.856,698.4404,34.4,23.7,16.116,29.8,12.324,Our World in Data / WHO,2026-09-30 02:09:06
3011,KHM,Cambodia,2009,323.1992,21080,323.1992,694.8783,34.2246,23.8,16.184,28.9,12.376,Our World in Data / WHO,2026-09-30 02:09:06
3012,KHM,Cambodia,2010,322.3084,22015,322.3084,692.9631,34.1302,23.9,16.252,28.0,12.428,Our World in Data / WHO,2026-09-30 02:09:06
3013,KHM,Cambodia,2011,318.8944,22788,318.8944,685.623,33.7687,24.0,16.32,27.2,12.48,Our World in Data / WHO,2026-09-30 02:09:06
3014,KHM,Cambodia,2012,317.1214,23767,317.1214,681.811,33.581,24.1,16.388,26.4,12.532,Our World in Data / WHO,2026-09-30 02:09:06
3015,KHM,Cambodia,2013,316.5561,24789,316.5561,680.5956,33.5211,24.3,16.524,25.6,12.636,Our World in Data / WHO,2026-09-30 02:09:06
3016,KHM,Cambodia,2014,314.9798,25797,314.9798,677.2066,33.3542,24.4,16.592,24.8,12.688,Our World in Data / WHO,2026-09-30 02:09:06
3017,KHM,Cambodia,2015,313.234,26946,313.234,673.4531,33.1693,24.6,16.728,24.0,12.792,Our World in Data / WHO,2026-09-30 02:09:06
3018,KHM,Cambodia,2016,311.7612,28199,311.7612,670.2866,33.0133,24.9,16.932,23.38,12.948,Our World in Data / WHO,2026-09-30 02:09:06
3019,KHM,Cambodia,2017,309.4277,29421,309.4277,665.2696,32.7662,25.1,17.068,22.76,13.052,Our World in Data / WHO,2026-09-30 02:09:06
3020,KHM,Cambodia,2018,307.7599,30681,307.7599,661.6838,32.5896,25.4,17.272,22.14,13.208,Our World in Data / WHO,2026-09-30 02:09:06
3021,KHM,Cambodia,2019,306.508,31951,306.508,658.9922,32.4571,25.7,17.476,21.52,13.364,Our World in Data / WHO,2026-09-30 02:09:06
3022,KHM,Cambodia,2020,310.2622,33641,310.2622,667.0637,32.8546,25.7,17.476,20.9,13.364,Our World in Data / WHO,2026-09-30 02:09:06
3023,KHM,Cambodia,2021,300.6535,33847,300.6535,646.405,31.8371,25.7,17.476,20.3,13.364,Our World in Data / WHO,2026-09-30 02:09:06
3024,KHM,Cambodia,2022,300.6535,33847,300.6535,646.405,31.8371,25.7,17.476,19.7,13.364,Our World in Data / WHO,2026-09-30 02:09:06
3025,KIR,Kiribati,1990,438.9812,194,438.9812,943.8096,46.4851,32.0,21.76,68.0,16.64,Our World in Data / WHO,2026-09-30 02:09:06
3026,KIR,Kiribati,1991,438.9812,194,438.9812,943.8096,46.4851,31.6,21.488,68.0,16.432,Our World in Data / WHO,2026-09-30 02:09:06
3027,KIR,Kiribati,1992,438.9812,194,438.9812,943.8096,46.4851,31.2,21.216,68.0,16.224,Our World in Data / WHO,2026-09-30 02:09:06
3028,KIR,Kiribati,1993,438.9812,194,438.9812,943.8096,46.4851,30.9,21.012,68.0,16.068,Our World in Data / WHO,2026-09-30 02:09:06
3029,KIR,Kiribati,1994,438.9812,194,438.9812,943.8096,46.4851,30.5,20.74,68.0,15.86,Our World in Data / WHO,2026-09-30 02:09:06
3030,KIR,Kiribati,1995,438.9812,194,438.9812,943.8096,46.4851,30.2,20.536,68.0,15.704,Our World in Data / WHO,2026-09-30 02:09:06
3031,KIR,Kiribati,1996,438.9812,194,438.9812,943.8096,46.4851,30.0,20.4,68.0,15.6,Our World in Data / WHO,2026-09-30 02:09:06
3032,KIR,Kiribati,1997,438.9812,194,438.9812,943.8096,46.4851,29.8,20.264,68.0,15.496,Our World in Data / WHO,2026-09-30 02:09:06
3033,KIR,Kiribati,1998,438.9812,194,438.9812,943.8096,46.4851,29.6,20.128,68.0,15.392,Our World in Data / WHO,2026-09-30 02:09:06
3034,KIR,Kiribati,1999,438.9812,194,438.9812,943.8096,46.4851,29.5,20.06,68.0,15.34,Our World in Data / WHO,2026-09-30 02:09:06
3035,KIR,Kiribati,2000,438.9812,194,438.9812,943.8096,46.4851,29.5,20.06,68.0,15.34,Our World in Data / WHO,2026-09-30 02:09:06
3036,KIR,Kiribati,2001,433.1907,196,433.1907,931.36,45.8719,29.6,20.128,66.5,15.392,Our World in Data / WHO,2026-09-30 02:09:06
3037,KIR,Kiribati,2002,430.2097,199,430.2097,924.9509,45.5562,29.8,20.264,65.0,15.496,Our World in Data / WHO,2026-09-30 02:09:06
3038,KIR,Kiribati,2003,425.3748,201,425.3748,914.5558,45.0442,30.1,20.468,63.5,15.652,Our World in Data / WHO,2026-09-30 02:09:06
3039,KIR,Kiribati,2004,423.1248,206,423.1248,909.7183,44.806,30.4,20.672,62.0,15.808,Our World in Data / WHO,2026-09-30 02:09:06
3040,KIR,Kiribati,2005,424.209,212,424.209,912.0494,44.9208,30.9,21.012,60.5,16.068,Our World in Data / WHO,2026-09-30 02:09:06
3041,KIR,Kiribati,2006,421.073,216,421.073,905.307,44.5887,31.5,21.42,58.95,16.38,Our World in Data / WHO,2026-09-30 02:09:06
3042,KIR,Kiribati,2007,421.899,224,421.899,907.0828,44.6762,32.2,21.896,57.4,16.744,Our World in Data / WHO,2026-09-30 02:09:06
3043,KIR,Kiribati,2008,422.351,232,422.351,908.0546,44.724,32.9,22.372,56.0667,17.108,Our World in Data / WHO,2026-09-30 02:09:06
3044,KIR,Kiribati,2009,420.4495,237,420.4495,903.9664,44.5227,33.7,22.916,54.7333,17.524,Our World in Data / WHO,2026-09-30 02:09:06
3045,KIR,Kiribati,2010,419.701,243,419.701,902.3572,44.4434,34.5,23.46,53.4,17.94,Our World in Data / WHO,2026-09-30 02:09:06
3046,KIR,Kiribati,2011,421.7304,251,421.7304,906.7204,44.6583,35.4,24.072,52.14,18.408,Our World in Data / WHO,2026-09-30 02:09:06
3047,KIR,Kiribati,2012,417.4206,254,417.4206,897.4543,44.2019,36.2,24.616,50.88,18.824,Our World in Data / WHO,2026-09-30 02:09:06
3048,KIR,Kiribati,2013,416.5279,259,416.5279,895.535,44.1074,37.1,25.228,49.62,19.292,Our World in Data / WHO,2026-09-30 02:09:06
3049,KIR,Kiribati,2014,413.0716,262,413.0716,888.1039,43.7414,38.0,25.84,48.36,19.76,Our World in Data / WHO,2026-09-30 02:09:06
3050,KIR,Kiribati,2015,409.3067,266,409.3067,880.0094,43.3427,38.8,26.384,47.1,20.176,Our World in Data / WHO,2026-09-30 02:09:06
3051,KIR,Kiribati,2016,404.4334,271,404.4334,869.5318,42.8267,39.7,26.996,46.0,20.644,Our World in Data / WHO,2026-09-30 02:09:06
3052,KIR,Kiribati,2017,395.9135,273,395.9135,851.214,41.9245,40.6,27.608,44.9,21.112,Our World in Data / WHO,2026-09-30 02:09:06
3053,KIR,Kiribati,2018,386.1904,274,386.1904,830.3094,40.8949,41.5,28.22,43.8,21.58,Our World in Data / WHO,2026-09-30 02:09:06
3054,KIR,Kiribati,2019,384.6839,283,384.6839,827.0704,40.7354,42.3,28.764,42.7,21.996,Our World in Data / WHO,2026-09-30 02:09:06
3055,KIR,Kiribati,2020,399.639,300,399.639,859.2238,42.319,42.3,28.764,41.6,21.996,Our World in Data / WHO,2026-09-30 02:09:06
3056,KIR,Kiribati,2021,412.5161,319,412.5161,886.9096,43.6826,42.3,28.764,40.65,21.996,Our World in Data / WHO,2026-09-30 02:09:06
3057,KIR,Kiribati,2022,412.5161,319,412.5161,886.9096,43.6826,42.3,28.764,39.7,21.996,Our World in Data / WHO,2026-09-30 02:09:06
3058,KNA,Saint Kitts and Nevis,1990,339.1105,159,339.1105,729.0876,35.9094,39.0,26.52,31.1,20.28,Our World in Data / WHO,2026-09-30 02:09:06
3059,KNA,Saint Kitts and Nevis,1991,339.1105,159,339.1105,729.0876,35.9094,39.2,26.656,31.1,20.384,Our World in Data / WHO,2026-09-30 02:09:06
3060,KNA,Saint Kitts and Nevis,1992,339.1105,159,339.1105,729.0876,35.9094,39.5,26.86,31.1,20.54,Our World in Data / WHO,2026-09-30 02:09:06
3061,KNA,Saint Kitts and Nevis,1993,339.1105,159,339.1105,729.0876,35.9094,39.7,26.996,31.1,20.644,Our World in Data / WHO,2026-09-30 02:09:06
3062,KNA,Saint Kitts and Nevis,1994,339.1105,159,339.1105,729.0876,35.9094,39.9,27.132,31.1,20.748,Our World in Data / WHO,2026-09-30 02:09:06
3063,KNA,Saint Kitts and Nevis,1995,339.1105,159,339.1105,729.0876,35.9094,40.2,27.336,31.1,20.904,Our World in Data / WHO,2026-09-30 02:09:06
3064,KNA,Saint Kitts and Nevis,1996,339.1105,159,339.1105,729.0876,35.9094,40.4,27.472,31.1,21.008,Our World in Data / WHO,2026-09-30 02:09:06
3065,KNA,Saint Kitts and Nevis,1997,339.1105,159,339.1105,729.0876,35.9094,40.7,27.676,31.1,21.164,Our World in Data / WHO,2026-09-30 02:09:06
3066,KNA,Saint Kitts and Nevis,1998,339.1105,159,339.1105,729.0876,35.9094,41.0,27.88,31.1,21.32,Our World in Data / WHO,2026-09-30 02:09:06
3067,KNA,Saint Kitts and Nevis,1999,339.1105,159,339.1105,729.0876,35.9094,41.3,28.084,31.1,21.476,Our World in Data / WHO,2026-09-30 02:09:06
3068,KNA,Saint Kitts and Nevis,2000,339.1105,159,339.1105,729.0876,35.9094,41.6,28.288,31.1,21.632,Our World in Data / WHO,2026-09-30 02:09:06
3069,KNA,Saint Kitts and Nevis,2001,327.6272,155,327.6272,704.3985,34.6934,41.9,28.492,29.84,21.788,Our World in Data / WHO,2026-09-30 02:09:06
3070,KNA,Saint Kitts and Nevis,2002,316.7892,150,316.7892,681.0968,33.5458,42.3,28.764,29.18,21.996,Our World in Data / WHO,2026-09-30 02:09:06
3071,KNA,Saint Kitts and Nevis,2003,299.253,142,299.253,643.3939,31.6888,42.6,28.968,28.72,22.152,Our World in Data / WHO,2026-09-30 02:09:06
3072,KNA,Saint Kitts and Nevis,2004,300.0334,140,300.0334,645.0718,31.7715,43.0,29.24,28.26,22.36,Our World in Data / WHO,2026-09-30 02:09:06
3073,KNA,Saint Kitts and Nevis,2005,288.9945,137,288.9945,621.3382,30.6025,43.4,29.512,27.8,22.568,Our World in Data / WHO,2026-09-30 02:09:06
3074,KNA,Saint Kitts and Nevis,2006,279.1512,135,279.1512,600.1751,29.5602,43.7,29.716,27.5,22.724,Our World in Data / WHO,2026-09-30 02:09:06
3075,KNA,Saint Kitts and Nevis,2007,273.265,134,273.265,587.5197,28.9369,44.0,29.92,26.9,22.88,Our World in Data / WHO,2026-09-30 02:09:06
3076,KNA,Saint Kitts and Nevis,2008,269.149,135,269.149,578.6704,28.501,44.3,30.124,26.5333,23.036,Our World in Data / WHO,2026-09-30 02:09:06
3077,KNA,Saint Kitts and Nevis,2009,269.8526,139,269.8526,580.1831,28.5755,44.6,30.328,25.8667,23.192,Our World in Data / WHO,2026-09-30 02:09:06
3078,KNA,Saint Kitts and Nevis,2010,274.7967,146,274.7967,590.8129,29.0991,44.7,30.396,25.2,23.244,Our World in Data / WHO,2026-09-30 02:09:06
3079,KNA,Saint Kitts and Nevis,2011,278.5496,147,278.5496,598.8816,29.4965,44.9,30.532,24.86,23.348,Our World in Data / WHO,2026-09-30 02:09:06
3080,KNA,Saint Kitts and Nevis,2012,271.9991,142,271.9991,584.7981,28.8028,45.0,30.6,24.22,23.4,Our World in Data / WHO,2026-09-30 02:09:06
3081,KNA,Saint Kitts and Nevis,2013,265.1524,139,265.1524,570.0777,28.0778,45.0,30.6,23.76,23.4,Our World in Data / WHO,2026-09-30 02:09:06
3082,KNA,Saint Kitts and Nevis,2014,260.0008,137,260.0008,559.0017,27.5323,45.0,30.6,23.16,23.4,Our World in Data / WHO,2026-09-30 02:09:06
3083,KNA,Saint Kitts and Nevis,2015,255.9503,136,255.9503,550.2931,27.1034,45.0,30.6,22.6,23.4,Our World in Data / WHO,2026-09-30 02:09:06
3084,KNA,Saint Kitts and Nevis,2016,248.9545,134,248.9545,535.2522,26.3626,45.0,30.6,22.34,23.4,Our World in Data / WHO,2026-09-30 02:09:06
3085,KNA,Saint Kitts and Nevis,2017,245.3419,135,245.3419,527.4851,25.98,45.1,30.668,21.98,23.452,Our World in Data / WHO,2026-09-30 02:09:06
3086,KNA,Saint Kitts and Nevis,2018,242.1834,135,242.1834,520.6943,25.6455,45.1,30.668,21.56,23.452,Our World in Data / WHO,2026-09-30 02:09:06
3087,KNA,Saint Kitts and Nevis,2019,241.7495,137,241.7495,519.7614,25.5996,45.1,30.668,21.2,23.452,Our World in Data / WHO,2026-09-30 02:09:06
3088,KNA,Saint Kitts and Nevis,2020,229.485,132,229.485,493.3928,24.3009,45.1,30.668,20.6,23.452,Our World in Data / WHO,2026-09-30 02:09:06
3089,KNA,Saint Kitts and Nevis,2021,228.6043,133,228.6043,491.4992,24.2076,45.1,30.668,20.175,23.452,Our World in Data / WHO,2026-09-30 02:09:06
3090,KOR,South Korea,1990,189.0186,70522,189.0186,406.39,20.0158,33.7,22.916,35.5,17.524,Our World in Data / WHO,2026-09-30 02:09:06
3091,KOR,South Korea,1991,189.0186,70522,189.0186,406.39,20.0158,33.3,22.644,35.5,17.316,Our World in Data / WHO,2026-09-30 02:09:06
3092,KOR,South Korea,1992,189.0186,70522,189.0186,406.39,20.0158,32.9,22.372,35.5,17.108,Our World in Data / WHO,2026-09-30 02:09:06
3093,KOR,South Korea,1993,189.0186,70522,189.0186,406.39,20.0158,32.5,22.1,35.5,16.9,Our World in Data / WHO,2026-09-30 02:09:06
3094,KOR,South Korea,1994,189.0186,70522,189.0186,406.39,20.0158,32.1,21.828,35.5,16.692,Our World in Data / WHO,2026-09-30 02:09:06
3095,KOR,South Korea,1995,189.0186,70522,189.0186,406.39,20.0158,31.7,21.556,35.5,16.484,Our World in Data / WHO,2026-09-30 02:09:06
3096,KOR,South Korea,1996,189.0186,70522,189.0186,406.39,20.0158,31.4,21.352,35.5,16.328,Our World in Data / WHO,2026-09-30 02:09:06
3097,KOR,South Korea,1997,189.0186,70522,189.0186,406.39,20.0158,31.1,21.148,35.5,16.172,Our World in Data / WHO,2026-09-30 02:09:06
3098,KOR,South Korea,1998,189.0186,70522,189.0186,406.39,20.0158,30.7,20.876,35.5,15.964,Our World in Data / WHO,2026-09-30 02:09:06
3099,KOR,South Korea,1999,189.0186,70522,189.0186,406.39,20.0158,30.5,20.74,35.5,15.86,Our World in Data / WHO,2026-09-30 02:09:06
3100,KOR,South Korea,2000,189.0186,70522,189.0186,406.39,20.0158,30.2,20.536,35.5,15.704,Our World in Data / WHO,2026-09-30 02:09:06
3101,KOR,South Korea,2001,175.6823,68593,175.6823,377.7169,18.6035,30.0,20.4,34.58,15.6,Our World in Data / WHO,2026-09-30 02:09:06
3102,KOR,South Korea,2002,172.6096,70692,172.6096,371.1106,18.2782,29.8,20.264,33.66,15.496,Our World in Data / WHO,2026-09-30 02:09:06
3103,KOR,South Korea,2003,164.709,70646,164.709,354.1244,17.4415,29.6,20.128,32.74,15.392,Our World in Data / WHO,2026-09-30 02:09:06
3104,KOR,South Korea,2004,157.5367,70360,157.5367,338.7039,16.682,29.4,19.992,31.82,15.288,Our World in Data / WHO,2026-09-30 02:09:06
3105,KOR,South Korea,2005,146.8822,68672,146.8822,315.7967,15.5538,29.1,19.788,30.9,15.132,Our World in Data / WHO,2026-09-30 02:09:06
3106,KOR,South Korea,2006,138.2884,68317,138.2884,297.3201,14.6438,28.9,19.652,30.15,15.028,Our World in Data / WHO,2026-09-30 02:09:06
3107,KOR,South Korea,2007,129.2634,67795,129.2634,277.9163,13.6881,28.7,19.516,29.4,14.924,Our World in Data / WHO,2026-09-30 02:09:06
3108,KOR,South Korea,2008,114.8595,63994,114.8595,246.9479,12.1628,28.5,19.38,28.6,14.82,Our World in Data / WHO,2026-09-30 02:09:06
3109,KOR,South Korea,2009,104.1692,61628,104.1692,223.9638,12.0,28.3,19.244,27.8,14.716,Our World in Data / WHO,2026-09-30 02:09:06
3110,KOR,South Korea,2010,101.0224,63276,101.0224,217.1982,12.0,28.1,19.108,27.0,14.612,Our World in Data / WHO,2026-09-30 02:09:06
3111,KOR,South Korea,2011,95.745,63455,95.745,205.8518,12.0,27.9,18.972,26.32,14.508,Our World in Data / WHO,2026-09-30 02:09:06
3112,KOR,South Korea,2012,92.783,65266,92.783,199.4834,12.0,27.7,18.836,25.64,14.404,Our World in Data / WHO,2026-09-30 02:09:06
3113,KOR,South Korea,2013,84.5372,63070,84.5372,181.755,12.0,27.6,18.768,24.96,14.352,Our World in Data / WHO,2026-09-30 02:09:06
3114,KOR,South Korea,2014,80.1621,63400,80.1621,172.3485,12.0,27.4,18.632,24.28,14.248,Our World in Data / WHO,2026-09-30 02:09:06
3115,KOR,South Korea,2015,77.4027,65004,77.4027,166.4158,12.0,27.2,18.496,23.6,14.144,Our World in Data / WHO,2026-09-30 02:09:06
3116,KOR,South Korea,2016,73.8692,65680,73.8692,158.8188,12.0,27.1,18.428,23.0,14.092,Our World in Data / WHO,2026-09-30 02:09:06
3117,KOR,South Korea,2017,70.1613,66203,70.1613,150.8468,12.0,27.0,18.36,22.4,14.04,Our World in Data / WHO,2026-09-30 02:09:06
3118,KOR,South Korea,2018,68.3244,68370,68.3244,146.8975,12.0,26.8,18.224,21.8,13.936,Our World in Data / WHO,2026-09-30 02:09:06
3119,KOR,South Korea,2019,62.1403,65361,62.1403,133.6016,12.0,26.7,18.156,21.2,13.884,Our World in Data / WHO,2026-09-30 02:09:06
3120,KOR,South Korea,2020,60.4759,67088,60.4759,130.0232,12.0,26.7,18.156,20.6,13.884,Our World in Data / WHO,2026-09-30 02:09:06
3121,KOR,South Korea,2021,60.3076,70171,60.3076,129.6613,12.0,26.7,18.156,20.1,13.884,Our World in Data / WHO,2026-09-30 02:09:06
3122,KOR,South Korea,2022,60.3076,70171,60.3076,129.6613,12.0,26.7,18.156,19.6,13.884,Our World in Data / WHO,2026-09-30 02:09:06
3123,KWT,Kuwait,1990,232.2934,1321,232.2934,499.4308,24.5983,39.2,26.656,20.9,20.384,Our World in Data / WHO,2026-09-30 02:09:06
3124,KWT,Kuwait,1991,232.2934,1321,232.2934,499.4308,24.5983,39.4,26.792,20.9,20.488,Our World in Data / WHO,2026-09-30 02:09:06
3125,KWT,Kuwait,1992,232.2934,1321,232.2934,499.4308,24.5983,39.5,26.86,20.9,20.54,Our World in Data / WHO,2026-09-30 02:09:06
3126,KWT,Kuwait,1993,232.2934,1321,232.2934,499.4308,24.5983,39.7,26.996,20.9,20.644,Our World in Data / WHO,2026-09-30 02:09:06
3127,KWT,Kuwait,1994,232.2934,1321,232.2934,499.4308,24.5983,39.9,27.132,20.9,20.748,Our World in Data / WHO,2026-09-30 02:09:06
3128,KWT,Kuwait,1995,232.2934,1321,232.2934,499.4308,24.5983,40.1,27.268,20.9,20.852,Our World in Data / WHO,2026-09-30 02:09:06
3129,KWT,Kuwait,1996,232.2934,1321,232.2934,499.4308,24.5983,40.3,27.404,20.9,20.956,Our World in Data / WHO,2026-09-30 02:09:06
3130,KWT,Kuwait,1997,232.2934,1321,232.2934,499.4308,24.5983,40.5,27.54,20.9,21.06,Our World in Data / WHO,2026-09-30 02:09:06
3131,KWT,Kuwait,1998,232.2934,1321,232.2934,499.4308,24.5983,40.7,27.676,20.9,21.164,Our World in Data / WHO,2026-09-30 02:09:06
3132,KWT,Kuwait,1999,232.2934,1321,232.2934,499.4308,24.5983,40.8,27.744,20.9,21.216,Our World in Data / WHO,2026-09-30 02:09:06
3133,KWT,Kuwait,2000,232.2934,1321,232.2934,499.4308,24.5983,41.0,27.88,20.9,21.32,Our World in Data / WHO,2026-09-30 02:09:06
3134,KWT,Kuwait,2001,210.3474,1205,210.3474,452.2469,22.2743,41.1,27.948,20.8,21.372,Our World in Data / WHO,2026-09-30 02:09:06
3135,KWT,Kuwait,2002,228.9123,1422,228.9123,492.1614,24.2402,41.2,28.016,20.7,21.424,Our World in Data / WHO,2026-09-30 02:09:06
3136,KWT,Kuwait,2003,215.0038,1392,215.0038,462.2582,22.7674,41.3,28.084,20.6,21.476,Our World in Data / WHO,2026-09-30 02:09:06
3137,KWT,Kuwait,2004,214.0302,1466,214.0302,460.1649,22.6643,41.4,28.152,20.5,21.528,Our World in Data / WHO,2026-09-30 02:09:06
3138,KWT,Kuwait,2005,214.8148,1574,214.8148,461.8518,22.7474,41.5,28.22,20.4,21.58,Our World in Data / WHO,2026-09-30 02:09:06
3139,KWT,Kuwait,2006,213.8153,1694,213.8153,459.7029,22.6416,41.4,28.152,20.3,21.528,Our World in Data / WHO,2026-09-30 02:09:06
3140,KWT,Kuwait,2007,198.7376,1657,198.7376,427.2858,21.0449,41.4,28.152,20.2,21.528,Our World in Data / WHO,2026-09-30 02:09:06
3141,KWT,Kuwait,2008,217.0263,1995,217.0263,466.6065,22.9816,41.4,28.152,20.1333,21.528,Our World in Data / WHO,2026-09-30 02:09:06
3142,KWT,Kuwait,2009,189.1605,1842,189.1605,406.6951,20.0308,41.3,28.084,20.0667,21.476,Our World in Data / WHO,2026-09-30 02:09:06
3143,KWT,Kuwait,2010,165.2776,1719,165.2776,355.3468,17.5017,41.3,28.084,20.0,21.476,Our World in Data / WHO,2026-09-30 02:09:06
3144,KWT,Kuwait,2011,147.2316,1663,147.2316,316.5479,15.5908,41.2,28.016,19.92,21.424,Our World in Data / WHO,2026-09-30 02:09:06
3145,KWT,Kuwait,2012,147.6272,1911,147.6272,317.3985,15.6327,41.2,28.016,19.84,21.424,Our World in Data / WHO,2026-09-30 02:09:06
3146,KWT,Kuwait,2013,140.4,2081,140.4,301.86,14.8674,41.1,27.948,19.76,21.372,Our World in Data / WHO,2026-09-30 02:09:06
3147,KWT,Kuwait,2014,131.4363,2166,131.4363,282.588,13.9182,41.0,27.88,19.68,21.32,Our World in Data / WHO,2026-09-30 02:09:06
3148,KWT,Kuwait,2015,137.0226,2547,137.0226,294.5986,14.5097,40.8,27.744,19.6,21.216,Our World in Data / WHO,2026-09-30 02:09:06
3149,KWT,Kuwait,2016,123.022,2530,123.022,264.4973,13.0272,40.7,27.676,19.56,21.164,Our World in Data / WHO,2026-09-30 02:09:06
3150,KWT,Kuwait,2017,122.8761,2794,122.8761,264.1836,13.0117,40.7,27.676,19.52,21.164,Our World in Data / WHO,2026-09-30 02:09:06
3151,KWT,Kuwait,2018,119.3766,3005,119.3766,256.6597,12.6412,40.6,27.608,19.48,21.112,Our World in Data / WHO,2026-09-30 02:09:06
3152,KWT,Kuwait,2019,128.1384,3495,128.1384,275.4976,13.569,40.5,27.54,19.44,21.06,Our World in Data / WHO,2026-09-30 02:09:06
3153,KWT,Kuwait,2020,151.3057,4361,151.3057,325.3073,16.0222,40.5,27.54,19.4,21.06,Our World in Data / WHO,2026-09-30 02:09:06
3154,KWT,Kuwait,2021,166.8429,3982,166.8429,358.7122,17.6675,40.5,27.54,19.35,21.06,Our World in Data / WHO,2026-09-30 02:09:06
3155,KWT,Kuwait,2022,166.8429,3982,166.8429,358.7122,17.6675,40.5,27.54,19.3,21.06,Our World in Data / WHO,2026-09-30 02:09:06
3156,LAO,Laos,1990,481.9054,10575,481.9054,1036.0966,51.0304,26.0,17.68,52.8,13.52,Our World in Data / WHO,2026-09-30 02:09:06
3157,LAO,Laos,1991,481.9054,10575,481.9054,1036.0966,51.0304,26.1,17.748,52.8,13.572,Our World in Data / WHO,2026-09-30 02:09:06
3158,LAO,Laos,1992,481.9054,10575,481.9054,1036.0966,51.0304,26.1,17.748,52.8,13.572,Our World in Data / WHO,2026-09-30 02:09:06
3159,LAO,Laos,1993,481.9054,10575,481.9054,1036.0966,51.0304,26.2,17.816,52.8,13.624,Our World in Data / WHO,2026-09-30 02:09:06
3160,LAO,Laos,1994,481.9054,10575,481.9054,1036.0966,51.0304,26.3,17.884,52.8,13.676,Our World in Data / WHO,2026-09-30 02:09:06
3161,LAO,Laos,1995,481.9054,10575,481.9054,1036.0966,51.0304,26.4,17.952,52.8,13.728,Our World in Data / WHO,2026-09-30 02:09:06
3162,LAO,Laos,1996,481.9054,10575,481.9054,1036.0966,51.0304,26.5,18.02,52.8,13.78,Our World in Data / WHO,2026-09-30 02:09:06
3163,LAO,Laos,1997,481.9054,10575,481.9054,1036.0966,51.0304,26.6,18.088,52.8,13.832,Our World in Data / WHO,2026-09-30 02:09:06
3164,LAO,Laos,1998,481.9054,10575,481.9054,1036.0966,51.0304,26.7,18.156,52.8,13.884,Our World in Data / WHO,2026-09-30 02:09:06
3165,LAO,Laos,1999,481.9054,10575,481.9054,1036.0966,51.0304,26.9,18.292,52.8,13.988,Our World in Data / WHO,2026-09-30 02:09:06
3166,LAO,Laos,2000,481.9054,10575,481.9054,1036.0966,51.0304,27.0,18.36,52.8,14.04,Our World in Data / WHO,2026-09-30 02:09:06
3167,LAO,Laos,2001,500.2932,10928,500.2932,1075.6304,52.9776,27.2,18.496,51.18,14.144,Our World in Data / WHO,2026-09-30 02:09:06
3168,LAO,Laos,2002,510.4536,11085,510.4536,1097.4752,54.0535,27.4,18.632,49.56,14.248,Our World in Data / WHO,2026-09-30 02:09:06
3169,LAO,Laos,2003,520.2562,11213,520.2562,1118.5508,55.0915,27.6,18.768,47.94,14.352,Our World in Data / WHO,2026-09-30 02:09:06
3170,LAO,Laos,2004,534.9233,11495,534.9233,1150.0851,56.6447,27.8,18.904,46.32,14.456,Our World in Data / WHO,2026-09-30 02:09:06
3171,LAO,Laos,2005,532.9893,11745,532.9893,1145.927,56.4399,28.0,19.04,44.7,14.56,Our World in Data / WHO,2026-09-30 02:09:06
3172,LAO,Laos,2006,495.5192,11642,495.5192,1065.3663,52.472,28.1,19.108,43.4,14.612,Our World in Data / WHO,2026-09-30 02:09:06
3173,LAO,Laos,2007,451.832,11460,451.832,971.4388,47.8459,28.2,19.176,42.1,14.664,Our World in Data / WHO,2026-09-30 02:09:06
3174,LAO,Laos,2008,425.7133,11659,425.7133,915.2836,45.0801,28.3,19.244,40.7667,14.716,Our World in Data / WHO,2026-09-30 02:09:06
3175,LAO,Laos,2009,401.1623,11688,401.1623,862.4989,42.4803,28.4,19.312,39.4333,14.768,Our World in Data / WHO,2026-09-30 02:09:06
3176,LAO,Laos,2010,383.903,11847,383.903,825.3914,40.6527,28.4,19.312,38.1,14.768,Our World in Data / WHO,2026-09-30 02:09:06
3177,LAO,Laos,2011,369.1153,12025,369.1153,793.5979,39.0867,28.3,19.244,37.02,14.716,Our World in Data / WHO,2026-09-30 02:09:06
3178,LAO,Laos,2012,360.7537,12399,360.7537,775.6205,38.2013,28.3,19.244,35.94,14.716,Our World in Data / WHO,2026-09-30 02:09:06
3179,LAO,Laos,2013,357.5883,12940,357.5883,768.8148,37.8661,28.2,19.176,34.86,14.664,Our World in Data / WHO,2026-09-30 02:09:06
3180,LAO,Laos,2014,356.6748,13585,356.6748,766.8508,37.7694,28.2,19.176,33.78,14.664,Our World in Data / WHO,2026-09-30 02:09:06
3181,LAO,Laos,2015,353.9478,13728,353.9478,760.9878,37.4806,28.2,19.176,32.7,14.664,Our World in Data / WHO,2026-09-30 02:09:06
3182,LAO,Laos,2016,352.6235,13561,352.6235,758.1405,37.3404,28.3,19.244,31.84,14.716,Our World in Data / WHO,2026-09-30 02:09:06
3183,LAO,Laos,2017,349.9367,13459,349.9367,752.3639,37.0559,28.4,19.312,30.98,14.768,Our World in Data / WHO,2026-09-30 02:09:06
3184,LAO,Laos,2018,350.8877,13606,350.8877,754.4086,37.1566,28.4,19.312,30.12,14.768,Our World in Data / WHO,2026-09-30 02:09:06
3185,LAO,Laos,2019,350.0965,13760,350.0965,752.7075,37.0728,28.5,19.38,29.26,14.82,Our World in Data / WHO,2026-09-30 02:09:06
3186,LAO,Laos,2020,367.8533,14403,367.8533,790.8846,38.9531,28.5,19.38,28.4,14.82,Our World in Data / WHO,2026-09-30 02:09:06
3187,LAO,Laos,2021,348.8773,14151,348.8773,750.0862,36.9437,28.5,19.38,27.6,14.82,Our World in Data / WHO,2026-09-30 02:09:06
3188,LAO,Laos,2022,348.8773,14151,348.8773,750.0862,36.9437,28.5,19.38,26.8,14.82,Our World in Data / WHO,2026-09-30 02:09:06
3189,LBN,Lebanon,1990,253.1199,6094,253.1199,544.2078,26.8036,37.2,25.296,34.3,19.344,Our World in Data / WHO,2026-09-30 02:09:06
3190,LBN,Lebanon,1991,253.1199,6094,253.1199,544.2078,26.8036,37.4,25.432,34.3,19.448,Our World in Data / WHO,2026-09-30 02:09:06
3191,LBN,Lebanon,1992,253.1199,6094,253.1199,544.2078,26.8036,37.6,25.568,34.3,19.552,Our World in Data / WHO,2026-09-30 02:09:06
3192,LBN,Lebanon,1993,253.1199,6094,253.1199,544.2078,26.8036,37.8,25.704,34.3,19.656,Our World in Data / WHO,2026-09-30 02:09:06
3193,LBN,Lebanon,1994,253.1199,6094,253.1199,544.2078,26.8036,37.9,25.772,34.3,19.708,Our World in Data / WHO,2026-09-30 02:09:06
3194,LBN,Lebanon,1995,253.1199,6094,253.1199,544.2078,26.8036,38.1,25.908,34.3,19.812,Our World in Data / WHO,2026-09-30 02:09:06
3195,LBN,Lebanon,1996,253.1199,6094,253.1199,544.2078,26.8036,38.3,26.044,34.3,19.916,Our World in Data / WHO,2026-09-30 02:09:06
3196,LBN,Lebanon,1997,253.1199,6094,253.1199,544.2078,26.8036,38.5,26.18,34.3,20.02,Our World in Data / WHO,2026-09-30 02:09:06
3197,LBN,Lebanon,1998,253.1199,6094,253.1199,544.2078,26.8036,38.6,26.248,34.3,20.072,Our World in Data / WHO,2026-09-30 02:09:06
3198,LBN,Lebanon,1999,253.1199,6094,253.1199,544.2078,26.8036,38.8,26.384,34.3,20.176,Our World in Data / WHO,2026-09-30 02:09:06
3199,LBN,Lebanon,2000,253.1199,6094,253.1199,544.2078,26.8036,39.0,26.52,34.3,20.28,Our World in Data / WHO,2026-09-30 02:09:06
3200,LBN,Lebanon,2001,236.5261,5887,236.5261,508.5311,25.0465,39.2,26.656,34.72,20.384,Our World in Data / WHO,2026-09-30 02:09:06
3201,LBN,Lebanon,2002,212.4485,5463,212.4485,456.7643,22.4968,39.3,26.724,35.14,20.436,Our World in Data / WHO,2026-09-30 02:09:06
3202,LBN,Lebanon,2003,196.288,5234,196.288,422.0192,20.7855,39.5,26.86,35.56,20.54,Our World in Data / WHO,2026-09-30 02:09:06
3203,LBN,Lebanon,2004,185.3443,5157,185.3443,398.4902,19.6267,39.6,26.928,35.98,20.592,Our World in Data / WHO,2026-09-30 02:09:06
3204,LBN,Lebanon,2005,180.6693,5268,180.6693,388.439,19.1316,39.6,26.928,36.4,20.592,Our World in Data / WHO,2026-09-30 02:09:06
3205,LBN,Lebanon,2006,175.2833,5373,175.2833,376.8591,18.5613,39.6,26.928,36.9,20.592,Our World in Data / WHO,2026-09-30 02:09:06
3206,LBN,Lebanon,2007,173.3309,5617,173.3309,372.6614,18.3545,39.5,26.86,37.4,20.54,Our World in Data / WHO,2026-09-30 02:09:06
3207,LBN,Lebanon,2008,171.4964,5858,171.4964,368.7173,18.1603,39.5,26.86,37.9,20.54,Our World in Data / WHO,2026-09-30 02:09:06
3208,LBN,Lebanon,2009,168.1908,6034,168.1908,361.6102,17.8102,39.4,26.792,38.4,20.488,Our World in Data / WHO,2026-09-30 02:09:06
3209,LBN,Lebanon,2010,164.7774,6176,164.7774,354.2714,17.4488,39.4,26.792,38.9,20.488,Our World in Data / WHO,2026-09-30 02:09:06
3210,LBN,Lebanon,2011,165.6456,6487,165.6456,356.138,17.5407,39.3,26.724,39.4,20.436,Our World in Data / WHO,2026-09-30 02:09:06
3211,LBN,Lebanon,2012,164.5437,6834,164.5437,353.769,17.424,39.2,26.656,39.9,20.384,Our World in Data / WHO,2026-09-30 02:09:06
3212,LBN,Lebanon,2013,163.635,7679,163.635,351.8152,17.3278,39.1,26.588,40.4,20.332,Our World in Data / WHO,2026-09-30 02:09:06
3213,LBN,Lebanon,2014,159.8907,8505,159.8907,343.765,16.9313,38.9,26.452,40.9,20.228,Our World in Data / WHO,2026-09-30 02:09:06
3214,LBN,Lebanon,2015,155.8469,8805,155.8469,335.0708,16.5031,38.7,26.316,41.4,20.124,Our World in Data / WHO,2026-09-30 02:09:06
3215,LBN,Lebanon,2016,148.838,8672,148.838,320.0017,15.7609,38.6,26.248,42.02,20.072,Our World in Data / WHO,2026-09-30 02:09:06
3216,LBN,Lebanon,2017,144.6247,8670,144.6247,310.9431,15.3148,38.4,26.112,42.64,19.968,Our World in Data / WHO,2026-09-30 02:09:06
3217,LBN,Lebanon,2018,139.9942,8601,139.9942,300.9875,14.8244,38.3,26.044,43.26,19.916,Our World in Data / WHO,2026-09-30 02:09:06
3218,LBN,Lebanon,2019,139.6643,8764,139.6643,300.2782,14.7895,38.1,25.908,43.88,19.812,Our World in Data / WHO,2026-09-30 02:09:06
3219,LBN,Lebanon,2020,143.2723,9150,143.2723,308.0354,15.1715,38.1,25.908,44.5,19.812,Our World in Data / WHO,2026-09-30 02:09:06
3220,LBN,Lebanon,2021,135.1488,8776,135.1488,290.5699,14.3113,38.1,25.908,45.05,19.812,Our World in Data / WHO,2026-09-30 02:09:06
3221,LBN,Lebanon,2022,135.1488,8776,135.1488,290.5699,14.3113,38.1,25.908,45.6,19.812,Our World in Data / WHO,2026-09-30 02:09:06
3222,LBR,Liberia,1990,298.1404,3481,298.1404,641.0019,31.571,38.2,25.976,18.4,19.864,Our World in Data / WHO,2026-09-30 02:09:06
3223,LBR,Liberia,1991,298.1404,3481,298.1404,641.0019,31.571,38.3,26.044,18.4,19.916,Our World in Data / WHO,2026-09-30 02:09:06
3224,LBR,Liberia,1992,298.1404,3481,298.1404,641.0019,31.571,38.5,26.18,18.4,20.02,Our World in Data / WHO,2026-09-30 02:09:06
3225,LBR,Liberia,1993,298.1404,3481,298.1404,641.0019,31.571,38.6,26.248,18.4,20.072,Our World in Data / WHO,2026-09-30 02:09:06
3226,LBR,Liberia,1994,298.1404,3481,298.1404,641.0019,31.571,38.7,26.316,18.4,20.124,Our World in Data / WHO,2026-09-30 02:09:06
3227,LBR,Liberia,1995,298.1404,3481,298.1404,641.0019,31.571,38.9,26.452,18.4,20.228,Our World in Data / WHO,2026-09-30 02:09:06
3228,LBR,Liberia,1996,298.1404,3481,298.1404,641.0019,31.571,39.0,26.52,18.4,20.28,Our World in Data / WHO,2026-09-30 02:09:06
3229,LBR,Liberia,1997,298.1404,3481,298.1404,641.0019,31.571,39.2,26.656,18.4,20.384,Our World in Data / WHO,2026-09-30 02:09:06
3230,LBR,Liberia,1998,298.1404,3481,298.1404,641.0019,31.571,39.4,26.792,18.4,20.488,Our World in Data / WHO,2026-09-30 02:09:06
3231,LBR,Liberia,1999,298.1404,3481,298.1404,641.0019,31.571,39.6,26.928,18.4,20.592,Our World in Data / WHO,2026-09-30 02:09:06
3232,LBR,Liberia,2000,298.1404,3481,298.1404,641.0019,31.571,39.8,27.064,18.4,20.696,Our World in Data / WHO,2026-09-30 02:09:06
3233,LBR,Liberia,2001,292.9924,3499,292.9924,629.9337,31.0259,40.0,27.2,17.52,20.8,Our World in Data / WHO,2026-09-30 02:09:06
3234,LBR,Liberia,2002,307.4698,3778,307.4698,661.0601,32.5589,40.3,27.404,16.64,20.956,Our World in Data / WHO,2026-09-30 02:09:06
3235,LBR,Liberia,2003,288.9327,3548,288.9327,621.2053,30.596,40.5,27.54,15.76,21.06,Our World in Data / WHO,2026-09-30 02:09:06
3236,LBR,Liberia,2004,307.1132,3832,307.1132,660.2934,32.5212,40.8,27.744,14.88,21.216,Our World in Data / WHO,2026-09-30 02:09:06
3237,LBR,Liberia,2005,291.2853,3803,291.2853,626.2634,30.8451,41.0,27.88,14.0,21.32,Our World in Data / WHO,2026-09-30 02:09:06
3238,LBR,Liberia,2006,295.7377,4061,295.7377,635.8361,31.3166,41.2,28.016,13.3,21.424,Our World in Data / WHO,2026-09-30 02:09:06
3239,LBR,Liberia,2007,292.0313,4208,292.0313,627.8673,30.9241,41.3,28.084,12.6,21.476,Our World in Data / WHO,2026-09-30 02:09:06
3240,LBR,Liberia,2008,292.6486,4397,292.6486,629.1945,30.9895,41.3,28.084,11.9667,21.476,Our World in Data / WHO,2026-09-30 02:09:06
3241,LBR,Liberia,2009,302.82,4689,302.82,651.063,32.0665,41.3,28.084,11.3333,21.476,Our World in Data / WHO,2026-09-30 02:09:06
3242,LBR,Liberia,2010,310.1653,4946,310.1653,666.8554,32.8444,41.2,28.016,10.7,21.424,Our World in Data / WHO,2026-09-30 02:09:06
3243,LBR,Liberia,2011,321.2603,5346,321.2603,690.7096,34.0192,41.1,27.948,10.22,21.372,Our World in Data / WHO,2026-09-30 02:09:06
3244,LBR,Liberia,2012,312.3146,5365,312.3146,671.4764,33.0719,40.9,27.812,9.74,21.268,Our World in Data / WHO,2026-09-30 02:09:06
3245,LBR,Liberia,2013,298.7428,5219,298.7428,642.297,31.6348,40.7,27.676,9.26,21.164,Our World in Data / WHO,2026-09-30 02:09:06
3246,LBR,Liberia,2014,276.5437,4992,276.5437,594.569,29.2841,40.5,27.54,8.78,21.06,Our World in Data / WHO,2026-09-30 02:09:06
3247,LBR,Liberia,2015,290.0367,5309,290.0367,623.5789,30.7129,40.3,27.404,8.3,20.956,Our World in Data / WHO,2026-09-30 02:09:06
3248,LBR,Liberia,2016,292.3618,5443,292.3618,628.5779,30.9591,40.0,27.2,7.92,20.8,Our World in Data / WHO,2026-09-30 02:09:06
3249,LBR,Liberia,2017,290.3774,5517,290.3774,624.3114,30.7489,39.8,27.064,7.54,20.696,Our World in Data / WHO,2026-09-30 02:09:06
3250,LBR,Liberia,2018,286.829,5568,286.829,616.6824,30.3732,39.6,26.928,7.16,20.592,Our World in Data / WHO,2026-09-30 02:09:06
3251,LBR,Liberia,2019,288.3185,5726,288.3185,619.8848,30.5309,39.4,26.792,6.78,20.488,Our World in Data / WHO,2026-09-30 02:09:06
3252,LBR,Liberia,2020,296.1584,6017,296.1584,636.7406,31.3611,39.4,26.792,6.4,20.488,Our World in Data / WHO,2026-09-30 02:09:06
3253,LBR,Liberia,2021,282.5027,5918,282.5027,607.3808,29.9151,39.4,26.792,6.1,20.488,Our World in Data / WHO,2026-09-30 02:09:06
3254,LBR,Liberia,2022,282.5027,5918,282.5027,607.3808,29.9151,39.4,26.792,5.8,20.488,Our World in Data / WHO,2026-09-30 02:09:06
3255,LBY,Libya,1990,251.1338,6456,251.1338,539.9377,26.5933,41.8,28.424,34.4,21.736,Our World in Data / WHO,2026-09-30 02:09:06
3256,LBY,Libya,1991,251.1338,6456,251.1338,539.9377,26.5933,42.0,28.56,34.4,21.84,Our World in Data / WHO,2026-09-30 02:09:06
3257,LBY,Libya,1992,251.1338,6456,251.1338,539.9377,26.5933,42.3,28.764,34.4,21.996,Our World in Data / WHO,2026-09-30 02:09:06
3258,LBY,Libya,1993,251.1338,6456,251.1338,539.9377,26.5933,42.5,28.9,34.4,22.1,Our World in Data / WHO,2026-09-30 02:09:06
3259,LBY,Libya,1994,251.1338,6456,251.1338,539.9377,26.5933,42.8,29.104,34.4,22.256,Our World in Data / WHO,2026-09-30 02:09:06
3260,LBY,Libya,1995,251.1338,6456,251.1338,539.9377,26.5933,43.0,29.24,34.4,22.36,Our World in Data / WHO,2026-09-30 02:09:06
3261,LBY,Libya,1996,251.1338,6456,251.1338,539.9377,26.5933,43.2,29.376,34.4,22.464,Our World in Data / WHO,2026-09-30 02:09:06
3262,LBY,Libya,1997,251.1338,6456,251.1338,539.9377,26.5933,43.4,29.512,34.4,22.568,Our World in Data / WHO,2026-09-30 02:09:06
3263,LBY,Libya,1998,251.1338,6456,251.1338,539.9377,26.5933,43.6,29.648,34.4,22.672,Our World in Data / WHO,2026-09-30 02:09:06
3264,LBY,Libya,1999,251.1338,6456,251.1338,539.9377,26.5933,43.8,29.784,34.4,22.776,Our World in Data / WHO,2026-09-30 02:09:06
3265,LBY,Libya,2000,251.1338,6456,251.1338,539.9377,26.5933,44.0,29.92,34.4,22.88,Our World in Data / WHO,2026-09-30 02:09:06
3266,LBY,Libya,2001,267.1787,7088,267.1787,574.4342,28.2924,44.2,30.056,33.92,22.984,Our World in Data / WHO,2026-09-30 02:09:06
3267,LBY,Libya,2002,274.6079,7403,274.6079,590.407,29.0791,44.4,30.192,33.44,23.088,Our World in Data / WHO,2026-09-30 02:09:06
3268,LBY,Libya,2003,277.3251,7681,277.3251,596.249,29.3668,44.5,30.26,32.96,23.14,Our World in Data / WHO,2026-09-30 02:09:06
3269,LBY,Libya,2004,270.0498,7572,270.0498,580.6071,28.5964,44.6,30.328,32.48,23.192,Our World in Data / WHO,2026-09-30 02:09:06
3270,LBY,Libya,2005,273.334,7790,273.334,587.6681,28.9442,44.6,30.328,32.0,23.192,Our World in Data / WHO,2026-09-30 02:09:06
3271,LBY,Libya,2006,258.8021,7513,258.8021,556.4245,27.4053,44.6,30.328,31.5,23.192,Our World in Data / WHO,2026-09-30 02:09:06
3272,LBY,Libya,2007,265.1929,8015,265.1929,570.1647,28.0821,44.6,30.328,31.0,23.192,Our World in Data / WHO,2026-09-30 02:09:06
3273,LBY,Libya,2008,271.5866,8492,271.5866,583.9112,28.7591,44.6,30.328,30.5333,23.192,Our World in Data / WHO,2026-09-30 02:09:06
3274,LBY,Libya,2009,278.9805,9044,278.9805,599.8081,29.5421,44.5,30.26,30.0667,23.14,Our World in Data / WHO,2026-09-30 02:09:06
3275,LBY,Libya,2010,277.0505,9295,277.0505,595.6586,29.3377,44.5,30.26,29.6,23.14,Our World in Data / WHO,2026-09-30 02:09:06
3276,LBY,Libya,2011,285.8763,9909,285.8763,614.634,30.2723,44.4,30.192,29.16,23.088,Our World in Data / WHO,2026-09-30 02:09:06
3277,LBY,Libya,2012,260.677,8976,260.677,560.4556,27.6039,44.2,30.056,28.72,22.984,Our World in Data / WHO,2026-09-30 02:09:06
3278,LBY,Libya,2013,250.2708,8810,250.2708,538.0822,26.5019,44.0,29.92,28.28,22.88,Our World in Data / WHO,2026-09-30 02:09:06
3279,LBY,Libya,2014,265.9163,9896,265.9163,571.72,28.1587,43.8,29.784,27.84,22.776,Our World in Data / WHO,2026-09-30 02:09:06
3280,LBY,Libya,2015,267.3811,10343,267.3811,574.8694,28.3138,43.6,29.648,27.4,22.672,Our World in Data / WHO,2026-09-30 02:09:06
3281,LBY,Libya,2016,273.8968,10919,273.8968,588.8781,29.0038,43.4,29.512,27.04,22.568,Our World in Data / WHO,2026-09-30 02:09:06
3282,LBY,Libya,2017,279.9598,11616,279.9598,601.9136,29.6458,43.2,29.376,26.68,22.464,Our World in Data / WHO,2026-09-30 02:09:06
3283,LBY,Libya,2018,281.4184,12109,281.4184,605.0496,29.8003,43.0,29.24,26.32,22.36,Our World in Data / WHO,2026-09-30 02:09:06
3284,LBY,Libya,2019,273.9377,12165,273.9377,588.9661,29.0081,42.7,29.036,25.96,22.204,Our World in Data / WHO,2026-09-30 02:09:06
3285,LBY,Libya,2020,275.0533,12427,275.0533,591.3646,29.1262,42.7,29.036,25.6,22.204,Our World in Data / WHO,2026-09-30 02:09:06
3286,LBY,Libya,2021,257.2721,12073,257.2721,553.135,27.2433,42.7,29.036,25.2,22.204,Our World in Data / WHO,2026-09-30 02:09:06
3287,LBY,Libya,2022,257.2721,12073,257.2721,553.135,27.2433,42.7,29.036,24.8,22.204,Our World in Data / WHO,2026-09-30 02:09:06
3288,LCA,Saint Lucia,1990,273.865,298,273.865,588.8098,29.0004,35.2,23.936,19.9,18.304,Our World in Data / WHO,2026-09-30 02:09:06
3289,LCA,Saint Lucia,1991,273.865,298,273.865,588.8098,29.0004,35.4,24.072,19.9,18.408,Our World in Data / WHO,2026-09-30 02:09:06
3290,LCA,Saint Lucia,1992,273.865,298,273.865,588.8098,29.0004,35.5,24.14,19.9,18.46,Our World in Data / WHO,2026-09-30 02:09:06
3291,LCA,Saint Lucia,1993,273.865,298,273.865,588.8098,29.0004,35.6,24.208,19.9,18.512,Our World in Data / WHO,2026-09-30 02:09:06
3292,LCA,Saint Lucia,1994,273.865,298,273.865,588.8098,29.0004,35.7,24.276,19.9,18.564,Our World in Data / WHO,2026-09-30 02:09:06
3293,LCA,Saint Lucia,1995,273.865,298,273.865,588.8098,29.0004,35.9,24.412,19.9,18.668,Our World in Data / WHO,2026-09-30 02:09:06
3294,LCA,Saint Lucia,1996,273.865,298,273.865,588.8098,29.0004,36.0,24.48,19.9,18.72,Our World in Data / WHO,2026-09-30 02:09:06
3295,LCA,Saint Lucia,1997,273.865,298,273.865,588.8098,29.0004,36.2,24.616,19.9,18.824,Our World in Data / WHO,2026-09-30 02:09:06
3296,LCA,Saint Lucia,1998,273.865,298,273.865,588.8098,29.0004,36.4,24.752,19.9,18.928,Our World in Data / WHO,2026-09-30 02:09:06
3297,LCA,Saint Lucia,1999,273.865,298,273.865,588.8098,29.0004,36.5,24.82,19.9,18.98,Our World in Data / WHO,2026-09-30 02:09:06
3298,LCA,Saint Lucia,2000,273.865,298,273.865,588.8098,29.0004,36.8,25.024,19.9,19.136,Our World in Data / WHO,2026-09-30 02:09:06
3299,LCA,Saint Lucia,2001,267.0548,302,267.0548,574.1678,28.2792,37.0,25.16,19.6,19.24,Our World in Data / WHO,2026-09-30 02:09:06
3300,LCA,Saint Lucia,2002,263.3534,305,263.3534,566.2098,27.8873,37.2,25.296,19.3,19.344,Our World in Data / WHO,2026-09-30 02:09:06
3301,LCA,Saint Lucia,2003,262.0819,310,262.0819,563.4761,27.7527,37.5,25.5,19.0,19.5,Our World in Data / WHO,2026-09-30 02:09:06
3302,LCA,Saint Lucia,2004,250.4953,304,250.4953,538.5649,26.5257,37.8,25.704,18.7,19.656,Our World in Data / WHO,2026-09-30 02:09:06
3303,LCA,Saint Lucia,2005,252.4991,317,252.4991,542.8731,26.7379,38.0,25.84,18.4,19.76,Our World in Data / WHO,2026-09-30 02:09:06
3304,LCA,Saint Lucia,2006,242.525,314,242.525,521.4288,25.6817,38.3,26.044,18.05,19.916,Our World in Data / WHO,2026-09-30 02:09:06
3305,LCA,Saint Lucia,2007,221.8155,297,221.8155,476.9033,23.4887,38.6,26.248,17.7,20.072,Our World in Data / WHO,2026-09-30 02:09:06
3306,LCA,Saint Lucia,2008,212.1022,295,212.1022,456.0197,22.4601,38.8,26.384,17.4333,20.176,Our World in Data / WHO,2026-09-30 02:09:06
3307,LCA,Saint Lucia,2009,203.8138,295,203.8138,438.1997,21.5825,39.0,26.52,17.1667,20.28,Our World in Data / WHO,2026-09-30 02:09:06
3308,LCA,Saint Lucia,2010,191.9047,289,191.9047,412.5951,20.3214,39.2,26.656,16.9,20.384,Our World in Data / WHO,2026-09-30 02:09:06
3309,LCA,Saint Lucia,2011,179.0148,276,179.0148,384.8818,18.9564,39.3,26.724,16.66,20.436,Our World in Data / WHO,2026-09-30 02:09:06
3310,LCA,Saint Lucia,2012,184.151,290,184.151,395.9246,19.5003,39.4,26.792,16.42,20.488,Our World in Data / WHO,2026-09-30 02:09:06
3311,LCA,Saint Lucia,2013,190.2286,306,190.2286,408.9915,20.1439,39.4,26.792,16.18,20.488,Our World in Data / WHO,2026-09-30 02:09:06
3312,LCA,Saint Lucia,2014,180.6066,299,180.6066,388.3042,19.125,39.5,26.86,15.94,20.54,Our World in Data / WHO,2026-09-30 02:09:06
3313,LCA,Saint Lucia,2015,179.4116,306,179.4116,385.7349,18.9984,39.5,26.86,15.7,20.54,Our World in Data / WHO,2026-09-30 02:09:06
3314,LCA,Saint Lucia,2016,184.3477,323,184.3477,396.3476,19.5211,39.6,26.928,15.5,20.592,Our World in Data / WHO,2026-09-30 02:09:06
3315,LCA,Saint Lucia,2017,185.2369,332,185.2369,398.2593,19.6153,39.7,26.996,15.3,20.644,Our World in Data / WHO,2026-09-30 02:09:06
3316,LCA,Saint Lucia,2018,185.3101,339,185.3101,398.4167,19.6231,39.8,27.064,15.1,20.696,Our World in Data / WHO,2026-09-30 02:09:06
3317,LCA,Saint Lucia,2019,186.0968,348,186.0968,400.1081,19.7064,39.8,27.064,14.9,20.696,Our World in Data / WHO,2026-09-30 02:09:06
3318,LCA,Saint Lucia,2020,191.8392,365,191.8392,412.4543,20.3144,39.8,27.064,14.7,20.696,Our World in Data / WHO,2026-09-30 02:09:06
3319,LCA,Saint Lucia,2021,186.6976,354,186.6976,401.3998,19.77,39.8,27.064,14.45,20.696,Our World in Data / WHO,2026-09-30 02:09:06
3320,LCA,Saint Lucia,2022,186.6976,354,186.6976,401.3998,19.77,39.8,27.064,14.2,20.696,Our World in Data / WHO,2026-09-30 02:09:06
3321,LKA,Sri Lanka,1990,346.1368,46298,346.1368,744.1941,36.6535,31.9,21.692,29.4,16.588,Our World in Data / WHO,2026-09-30 02:09:06
3322,LKA,Sri Lanka,1991,346.1368,46298,346.1368,744.1941,36.6535,31.8,21.624,29.4,16.536,Our World in Data / WHO,2026-09-30 02:09:06
3323,LKA,Sri Lanka,1992,346.1368,46298,346.1368,744.1941,36.6535,31.8,21.624,29.4,16.536,Our World in Data / WHO,2026-09-30 02:09:06
3324,LKA,Sri Lanka,1993,346.1368,46298,346.1368,744.1941,36.6535,31.8,21.624,29.4,16.536,Our World in Data / WHO,2026-09-30 02:09:06
3325,LKA,Sri Lanka,1994,346.1368,46298,346.1368,744.1941,36.6535,31.7,21.556,29.4,16.484,Our World in Data / WHO,2026-09-30 02:09:06
3326,LKA,Sri Lanka,1995,346.1368,46298,346.1368,744.1941,36.6535,31.7,21.556,29.4,16.484,Our World in Data / WHO,2026-09-30 02:09:06
3327,LKA,Sri Lanka,1996,346.1368,46298,346.1368,744.1941,36.6535,31.7,21.556,29.4,16.484,Our World in Data / WHO,2026-09-30 02:09:06
3328,LKA,Sri Lanka,1997,346.1368,46298,346.1368,744.1941,36.6535,31.7,21.556,29.4,16.484,Our World in Data / WHO,2026-09-30 02:09:06
3329,LKA,Sri Lanka,1998,346.1368,46298,346.1368,744.1941,36.6535,31.7,21.556,29.4,16.484,Our World in Data / WHO,2026-09-30 02:09:06
3330,LKA,Sri Lanka,1999,346.1368,46298,346.1368,744.1941,36.6535,31.7,21.556,29.4,16.484,Our World in Data / WHO,2026-09-30 02:09:06
3331,LKA,Sri Lanka,2000,346.1368,46298,346.1368,744.1941,36.6535,31.8,21.624,29.4,16.536,Our World in Data / WHO,2026-09-30 02:09:06
3332,LKA,Sri Lanka,2001,316.5223,43983,316.5223,680.5229,33.5175,31.9,21.692,28.92,16.588,Our World in Data / WHO,2026-09-30 02:09:06
3333,LKA,Sri Lanka,2002,305.5285,43926,305.5285,656.8863,32.3533,32.0,21.76,28.44,16.64,Our World in Data / WHO,2026-09-30 02:09:06
3334,LKA,Sri Lanka,2003,305.8069,45458,305.8069,657.4848,32.3828,32.1,21.828,27.96,16.692,Our World in Data / WHO,2026-09-30 02:09:06
3335,LKA,Sri Lanka,2004,298.9525,45733,298.9525,642.7479,31.657,32.2,21.896,27.48,16.744,Our World in Data / WHO,2026-09-30 02:09:06
3336,LKA,Sri Lanka,2005,306.4336,48446,306.4336,658.8322,32.4492,32.4,22.032,27.0,16.848,Our World in Data / WHO,2026-09-30 02:09:06
3337,LKA,Sri Lanka,2006,306.1128,49491,306.1128,658.1425,32.4152,32.5,22.1,26.5,16.9,Our World in Data / WHO,2026-09-30 02:09:06
3338,LKA,Sri Lanka,2007,295.6165,49267,295.6165,635.5755,31.3037,32.7,22.236,26.0,17.004,Our World in Data / WHO,2026-09-30 02:09:06
3339,LKA,Sri Lanka,2008,293.029,50473,293.029,630.0124,31.0297,32.9,22.372,25.6,17.108,Our World in Data / WHO,2026-09-30 02:09:06
3340,LKA,Sri Lanka,2009,281.1792,49891,281.1792,604.5353,29.7749,33.2,22.576,25.2,17.264,Our World in Data / WHO,2026-09-30 02:09:06
3341,LKA,Sri Lanka,2010,265.489,48638,265.489,570.8014,28.1134,33.4,22.712,24.8,17.368,Our World in Data / WHO,2026-09-30 02:09:06
3342,LKA,Sri Lanka,2011,262.2742,49763,262.2742,563.8895,27.773,33.6,22.848,24.46,17.472,Our World in Data / WHO,2026-09-30 02:09:06
3343,LKA,Sri Lanka,2012,251.4806,49347,251.4806,540.6833,26.63,33.8,22.984,24.12,17.576,Our World in Data / WHO,2026-09-30 02:09:06
3344,LKA,Sri Lanka,2013,248.057,50581,248.057,533.3226,26.2675,34.1,23.188,23.78,17.732,Our World in Data / WHO,2026-09-30 02:09:06
3345,LKA,Sri Lanka,2014,238.4229,50605,238.4229,512.6092,25.2473,34.3,23.324,23.44,17.836,Our World in Data / WHO,2026-09-30 02:09:06
3346,LKA,Sri Lanka,2015,229.9489,50823,229.9489,494.3901,24.35,34.5,23.46,23.1,17.94,Our World in Data / WHO,2026-09-30 02:09:06
3347,LKA,Sri Lanka,2016,217.4789,50007,217.4789,467.5796,23.0295,34.8,23.664,22.82,18.096,Our World in Data / WHO,2026-09-30 02:09:06
3348,LKA,Sri Lanka,2017,213.1054,50915,213.1054,458.1766,22.5664,35.0,23.8,22.54,18.2,Our World in Data / WHO,2026-09-30 02:09:06
3349,LKA,Sri Lanka,2018,207.3721,51456,207.3721,445.85,21.9593,35.3,24.004,22.26,18.356,Our World in Data / WHO,2026-09-30 02:09:06
3350,LKA,Sri Lanka,2019,197.9973,51020,197.9973,425.6942,20.9665,35.6,24.208,21.98,18.512,Our World in Data / WHO,2026-09-30 02:09:06
3351,LKA,Sri Lanka,2020,146.513,39187,146.513,315.003,15.5147,35.6,24.208,21.7,18.512,Our World in Data / WHO,2026-09-30 02:09:06
3352,LKA,Sri Lanka,2021,179.2218,49289,179.2218,385.3269,18.9783,35.6,24.208,21.5,18.512,Our World in Data / WHO,2026-09-30 02:09:06
3353,LKA,Sri Lanka,2022,179.2218,49289,179.2218,385.3269,18.9783,35.6,24.208,21.3,18.512,Our World in Data / WHO,2026-09-30 02:09:06
3354,LSO,Lesotho,1990,295.2088,3062,295.2088,634.6989,31.2606,37.2,25.296,26.4,19.344,Our World in Data / WHO,2026-09-30 02:09:06
3355,LSO,Lesotho,1991,295.2088,3062,295.2088,634.6989,31.2606,37.2,25.296,26.4,19.344,Our World in Data / WHO,2026-09-30 02:09:06
3356,LSO,Lesotho,1992,295.2088,3062,295.2088,634.6989,31.2606,37.1,25.228,26.4,19.292,Our World in Data / WHO,2026-09-30 02:09:06
3357,LSO,Lesotho,1993,295.2088,3062,295.2088,634.6989,31.2606,37.1,25.228,26.4,19.292,Our World in Data / WHO,2026-09-30 02:09:06
3358,LSO,Lesotho,1994,295.2088,3062,295.2088,634.6989,31.2606,37.1,25.228,26.4,19.292,Our World in Data / WHO,2026-09-30 02:09:06
3359,LSO,Lesotho,1995,295.2088,3062,295.2088,634.6989,31.2606,37.0,25.16,26.4,19.24,Our World in Data / WHO,2026-09-30 02:09:06
3360,LSO,Lesotho,1996,295.2088,3062,295.2088,634.6989,31.2606,37.1,25.228,26.4,19.292,Our World in Data / WHO,2026-09-30 02:09:06
3361,LSO,Lesotho,1997,295.2088,3062,295.2088,634.6989,31.2606,37.2,25.296,26.4,19.344,Our World in Data / WHO,2026-09-30 02:09:06
3362,LSO,Lesotho,1998,295.2088,3062,295.2088,634.6989,31.2606,37.4,25.432,26.4,19.448,Our World in Data / WHO,2026-09-30 02:09:06
3363,LSO,Lesotho,1999,295.2088,3062,295.2088,634.6989,31.2606,37.6,25.568,26.4,19.552,Our World in Data / WHO,2026-09-30 02:09:06
3364,LSO,Lesotho,2000,295.2088,3062,295.2088,634.6989,31.2606,37.8,25.704,26.4,19.656,Our World in Data / WHO,2026-09-30 02:09:06
3365,LSO,Lesotho,2001,255.9664,2666,255.9664,550.3278,27.1051,38.1,25.908,26.4,19.812,Our World in Data / WHO,2026-09-30 02:09:06
3366,LSO,Lesotho,2002,274.2448,2887,274.2448,589.6263,29.0406,38.4,26.112,26.4,19.968,Our World in Data / WHO,2026-09-30 02:09:06
3367,LSO,Lesotho,2003,303.8503,3223,303.8503,653.2781,32.1756,38.8,26.384,26.4,20.176,Our World in Data / WHO,2026-09-30 02:09:06
3368,LSO,Lesotho,2004,306.6613,3258,306.6613,659.3218,32.4733,39.1,26.588,26.4,20.332,Our World in Data / WHO,2026-09-30 02:09:06
3369,LSO,Lesotho,2005,334.45,3582,334.45,719.0675,35.4159,39.5,26.86,26.4,20.54,Our World in Data / WHO,2026-09-30 02:09:06
3370,LSO,Lesotho,2006,358.7741,3860,358.7741,771.3643,37.9917,39.8,27.064,26.45,20.696,Our World in Data / WHO,2026-09-30 02:09:06
3371,LSO,Lesotho,2007,377.4601,4057,377.4601,811.5392,39.9704,40.1,27.268,26.5,20.852,Our World in Data / WHO,2026-09-30 02:09:06
3372,LSO,Lesotho,2008,354.4784,3772,354.4784,762.1286,37.5368,40.3,27.404,26.5333,20.956,Our World in Data / WHO,2026-09-30 02:09:06
3373,LSO,Lesotho,2009,350.5706,3710,350.5706,753.7268,37.123,40.5,27.54,26.5667,21.06,Our World in Data / WHO,2026-09-30 02:09:06
3374,LSO,Lesotho,2010,430.3026,4577,430.3026,925.1506,45.5661,40.6,27.608,26.6,21.112,Our World in Data / WHO,2026-09-30 02:09:06
3375,LSO,Lesotho,2011,444.544,4719,444.544,955.7696,47.0741,40.6,27.608,26.7,21.112,Our World in Data / WHO,2026-09-30 02:09:06
3376,LSO,Lesotho,2012,398.487,4203,398.487,856.747,42.197,40.6,27.608,26.8,21.112,Our World in Data / WHO,2026-09-30 02:09:06
3377,LSO,Lesotho,2013,426.7281,4518,426.7281,917.4654,45.1875,40.6,27.608,26.9,21.112,Our World in Data / WHO,2026-09-30 02:09:06
3378,LSO,Lesotho,2014,472.7918,5046,472.7918,1016.5024,50.0654,40.5,27.54,27.0,21.06,Our World in Data / WHO,2026-09-30 02:09:06
3379,LSO,Lesotho,2015,496.25,5317,496.25,1066.9375,52.5494,40.5,27.54,27.1,21.06,Our World in Data / WHO,2026-09-30 02:09:06
3380,LSO,Lesotho,2016,499.99,5373,499.99,1074.9785,52.9455,40.4,27.472,27.2,21.008,Our World in Data / WHO,2026-09-30 02:09:06
3381,LSO,Lesotho,2017,489.6109,5289,489.6109,1052.6634,51.8464,40.3,27.404,27.3,20.956,Our World in Data / WHO,2026-09-30 02:09:06
3382,LSO,Lesotho,2018,493.078,5390,493.078,1060.1177,52.2135,40.2,27.336,27.4,20.904,Our World in Data / WHO,2026-09-30 02:09:06
3383,LSO,Lesotho,2019,496.6981,5497,496.6981,1067.9009,52.5969,40.1,27.268,27.5,20.852,Our World in Data / WHO,2026-09-30 02:09:06
3384,LSO,Lesotho,2020,501.0733,5658,501.0733,1077.3076,53.0602,40.1,27.268,27.6,20.852,Our World in Data / WHO,2026-09-30 02:09:06
3385,LSO,Lesotho,2021,474.4827,5393,474.4827,1020.1378,50.2444,40.1,27.268,27.65,20.852,Our World in Data / WHO,2026-09-30 02:09:06
3386,LSO,Lesotho,2022,474.4827,5393,474.4827,1020.1378,50.2444,40.1,27.268,27.7,20.852,Our World in Data / WHO,2026-09-30 02:09:06
3387,LTU,Lithuania,1990,403.9356,22108,403.9356,868.4615,42.774,56.0,38.08,43.6,29.12,Our World in Data / WHO,2026-09-30 02:09:06
3388,LTU,Lithuania,1991,403.9356,22108,403.9356,868.4615,42.774,55.7,37.876,43.6,28.964,Our World in Data / WHO,2026-09-30 02:09:06
3389,LTU,Lithuania,1992,403.9356,22108,403.9356,868.4615,42.774,55.4,37.672,43.6,28.808,Our World in Data / WHO,2026-09-30 02:09:06
3390,LTU,Lithuania,1993,403.9356,22108,403.9356,868.4615,42.774,55.1,37.468,43.6,28.652,Our World in Data / WHO,2026-09-30 02:09:06
3391,LTU,Lithuania,1994,403.9356,22108,403.9356,868.4615,42.774,54.8,37.264,43.6,28.496,Our World in Data / WHO,2026-09-30 02:09:06
3392,LTU,Lithuania,1995,403.9356,22108,403.9356,868.4615,42.774,54.5,37.06,43.6,28.34,Our World in Data / WHO,2026-09-30 02:09:06
3393,LTU,Lithuania,1996,403.9356,22108,403.9356,868.4615,42.774,54.2,36.856,43.6,28.184,Our World in Data / WHO,2026-09-30 02:09:06
3394,LTU,Lithuania,1997,403.9356,22108,403.9356,868.4615,42.774,53.9,36.652,43.6,28.028,Our World in Data / WHO,2026-09-30 02:09:06
3395,LTU,Lithuania,1998,403.9356,22108,403.9356,868.4615,42.774,53.6,36.448,43.6,27.872,Our World in Data / WHO,2026-09-30 02:09:06
3396,LTU,Lithuania,1999,403.9356,22108,403.9356,868.4615,42.774,53.4,36.312,43.6,27.768,Our World in Data / WHO,2026-09-30 02:09:06
3397,LTU,Lithuania,2000,403.9356,22108,403.9356,868.4615,42.774,53.1,36.108,43.6,27.612,Our World in Data / WHO,2026-09-30 02:09:06
3398,LTU,Lithuania,2001,422.0496,23305,422.0496,907.4066,44.6921,52.9,35.972,42.98,27.508,Our World in Data / WHO,2026-09-30 02:09:06
3399,LTU,Lithuania,2002,419.7442,23574,419.7442,902.45,44.448,52.7,35.836,42.36,27.404,Our World in Data / WHO,2026-09-30 02:09:06
3400,LTU,Lithuania,2003,413.2328,23491,413.2328,888.4505,43.7585,52.5,35.7,41.74,27.3,Our World in Data / WHO,2026-09-30 02:09:06
3401,LTU,Lithuania,2004,411.3884,23654,411.3884,884.4851,43.5632,52.3,35.564,41.12,27.196,Our World in Data / WHO,2026-09-30 02:09:06
3402,LTU,Lithuania,2005,430.0063,25091,430.0063,924.5135,45.5347,52.2,35.496,40.5,27.144,Our World in Data / WHO,2026-09-30 02:09:06
3403,LTU,Lithuania,2006,429.5333,25530,429.5333,923.4966,45.4846,52.0,35.36,39.9,27.04,Our World in Data / WHO,2026-09-30 02:09:06
3404,LTU,Lithuania,2007,420.2278,25393,420.2278,903.4898,44.4992,51.7,35.156,39.3,26.884,Our World in Data / WHO,2026-09-30 02:09:06
3405,LTU,Lithuania,2008,392.8695,24600,392.8695,844.6694,41.6022,51.5,35.02,38.7667,26.78,Our World in Data / WHO,2026-09-30 02:09:06
3406,LTU,Lithuania,2009,374.9219,24225,374.9219,806.0821,39.7016,51.2,34.816,38.2333,26.624,Our World in Data / WHO,2026-09-30 02:09:06
3407,LTU,Lithuania,2010,373.1849,24667,373.1849,802.3475,39.5177,51.0,34.68,37.7,26.52,Our World in Data / WHO,2026-09-30 02:09:06
3408,LTU,Lithuania,2011,359.5827,24191,359.5827,773.1028,38.0773,50.7,34.476,37.24,26.364,Our World in Data / WHO,2026-09-30 02:09:06
3409,LTU,Lithuania,2012,352.3084,24290,352.3084,757.4631,37.307,50.3,34.204,36.78,26.156,Our World in Data / WHO,2026-09-30 02:09:06
3410,LTU,Lithuania,2013,346.7614,24588,346.7614,745.537,36.7196,50.0,34.0,36.32,26.0,Our World in Data / WHO,2026-09-30 02:09:06
3411,LTU,Lithuania,2014,328.9798,23803,328.9798,707.3066,34.8367,49.7,33.796,35.86,25.844,Our World in Data / WHO,2026-09-30 02:09:06
3412,LTU,Lithuania,2015,338.1311,25041,338.1311,726.9819,35.8057,49.3,33.524,35.4,25.636,Our World in Data / WHO,2026-09-30 02:09:06
3413,LTU,Lithuania,2016,328.0906,24599,328.0906,705.3948,34.7425,49.0,33.32,34.94,25.48,Our World in Data / WHO,2026-09-30 02:09:06
3414,LTU,Lithuania,2017,312.1087,24058,312.1087,671.0337,33.0501,48.7,33.116,34.48,25.324,Our World in Data / WHO,2026-09-30 02:09:06
3415,LTU,Lithuania,2018,301.1073,23546,301.1073,647.3807,31.8852,48.4,32.912,34.02,25.168,Our World in Data / WHO,2026-09-30 02:09:06
3416,LTU,Lithuania,2019,284.4075,22450,284.4075,611.4761,30.1168,48.0,32.64,33.56,24.96,Our World in Data / WHO,2026-09-30 02:09:06
3417,LTU,Lithuania,2020,314.3052,24648,314.3052,675.7562,33.2827,48.0,32.64,33.1,24.96,Our World in Data / WHO,2026-09-30 02:09:06
3418,LTU,Lithuania,2021,311.1261,24921,311.1261,668.9211,32.9461,48.0,32.64,32.7,24.96,Our World in Data / WHO,2026-09-30 02:09:06
3419,LTU,Lithuania,2022,311.1261,24921,311.1261,668.9211,32.9461,48.0,32.64,32.3,24.96,Our World in Data / WHO,2026-09-30 02:09:06
3420,LUX,Luxembourg,1990,178.6504,1381,178.6504,384.0984,18.9178,40.6,27.608,28.1,21.112,Our World in Data / WHO,2026-09-30 02:09:06
3421,LUX,Luxembourg,1991,178.6504,1381,178.6504,384.0984,18.9178,40.6,27.608,28.1,21.112,Our World in Data / WHO,2026-09-30 02:09:06
3422,LUX,Luxembourg,1992,178.6504,1381,178.6504,384.0984,18.9178,40.6,27.608,28.1,21.112,Our World in Data / WHO,2026-09-30 02:09:06
3423,LUX,Luxembourg,1993,178.6504,1381,178.6504,384.0984,18.9178,40.6,27.608,28.1,21.112,Our World in Data / WHO,2026-09-30 02:09:06
3424,LUX,Luxembourg,1994,178.6504,1381,178.6504,384.0984,18.9178,40.5,27.54,28.1,21.06,Our World in Data / WHO,2026-09-30 02:09:06
3425,LUX,Luxembourg,1995,178.6504,1381,178.6504,384.0984,18.9178,40.5,27.54,28.1,21.06,Our World in Data / WHO,2026-09-30 02:09:06
3426,LUX,Luxembourg,1996,178.6504,1381,178.6504,384.0984,18.9178,40.5,27.54,28.1,21.06,Our World in Data / WHO,2026-09-30 02:09:06
3427,LUX,Luxembourg,1997,178.6504,1381,178.6504,384.0984,18.9178,40.4,27.472,28.1,21.008,Our World in Data / WHO,2026-09-30 02:09:06
3428,LUX,Luxembourg,1998,178.6504,1381,178.6504,384.0984,18.9178,40.4,27.472,28.1,21.008,Our World in Data / WHO,2026-09-30 02:09:06
3429,LUX,Luxembourg,1999,178.6504,1381,178.6504,384.0984,18.9178,40.3,27.404,28.1,20.956,Our World in Data / WHO,2026-09-30 02:09:06
3430,LUX,Luxembourg,2000,178.6504,1381,178.6504,384.0984,18.9178,40.3,27.404,28.1,20.956,Our World in Data / WHO,2026-09-30 02:09:06
3431,LUX,Luxembourg,2001,176.4686,1385,176.4686,379.4075,18.6868,40.2,27.336,27.9,20.904,Our World in Data / WHO,2026-09-30 02:09:06
3432,LUX,Luxembourg,2002,175.9474,1406,175.9474,378.2869,18.6316,40.1,27.268,27.7,20.852,Our World in Data / WHO,2026-09-30 02:09:06
3433,LUX,Luxembourg,2003,171.1191,1388,171.1191,367.9061,18.1203,40.0,27.2,27.5,20.8,Our World in Data / WHO,2026-09-30 02:09:06
3434,LUX,Luxembourg,2004,166.5092,1371,166.5092,357.9948,17.6322,39.8,27.064,27.3,20.696,Our World in Data / WHO,2026-09-30 02:09:06
3435,LUX,Luxembourg,2005,161.6403,1373,161.6403,347.5266,17.1166,39.5,26.86,27.1,20.54,Our World in Data / WHO,2026-09-30 02:09:06
3436,LUX,Luxembourg,2006,153.3103,1354,153.3103,329.6171,16.2345,39.2,26.656,27.0,20.384,Our World in Data / WHO,2026-09-30 02:09:06
3437,LUX,Luxembourg,2007,146.0478,1334,146.0478,314.0028,15.4654,38.8,26.384,26.9,20.176,Our World in Data / WHO,2026-09-30 02:09:06
3438,LUX,Luxembourg,2008,136.951,1298,136.951,294.4446,14.5022,38.4,26.112,26.7,19.968,Our World in Data / WHO,2026-09-30 02:09:06
3439,LUX,Luxembourg,2009,126.7031,1249,126.7031,272.4117,13.417,37.9,25.772,26.5,19.708,Our World in Data / WHO,2026-09-30 02:09:06
3440,LUX,Luxembourg,2010,120.0135,1225,120.0135,258.029,12.7086,37.3,25.364,26.3,19.396,Our World in Data / WHO,2026-09-30 02:09:06
3441,LUX,Luxembourg,2011,112.8115,1190,112.8115,242.5447,12.0,36.7,24.956,26.16,19.084,Our World in Data / WHO,2026-09-30 02:09:06
3442,LUX,Luxembourg,2012,109.1426,1196,109.1426,234.6566,12.0,36.0,24.48,26.02,18.72,Our World in Data / WHO,2026-09-30 02:09:06
3443,LUX,Luxembourg,2013,102.2865,1163,102.2865,219.916,12.0,35.2,23.936,25.88,18.304,Our World in Data / WHO,2026-09-30 02:09:06
3444,LUX,Luxembourg,2014,97.0886,1152,97.0886,208.7405,12.0,34.4,23.392,25.74,17.888,Our World in Data / WHO,2026-09-30 02:09:06
3445,LUX,Luxembourg,2015,94.19,1164,94.19,202.5085,12.0,33.6,22.848,25.6,17.472,Our World in Data / WHO,2026-09-30 02:09:06
3446,LUX,Luxembourg,2016,93.7401,1185,93.7401,201.5412,12.0,32.8,22.304,25.48,17.056,Our World in Data / WHO,2026-09-30 02:09:06
3447,LUX,Luxembourg,2017,91.7483,1192,91.7483,197.2588,12.0,32.0,21.76,25.36,16.64,Our World in Data / WHO,2026-09-30 02:09:06
3448,LUX,Luxembourg,2018,86.5534,1157,86.5534,186.0898,12.0,31.3,21.284,25.24,16.276,Our World in Data / WHO,2026-09-30 02:09:06
3449,LUX,Luxembourg,2019,84.2905,1158,84.2905,181.2246,12.0,30.5,20.74,25.12,15.86,Our World in Data / WHO,2026-09-30 02:09:06
3450,LUX,Luxembourg,2020,73.9139,1013,73.9139,158.9149,12.0,30.5,20.74,25.0,15.86,Our World in Data / WHO,2026-09-30 02:09:06
3451,LUX,Luxembourg,2021,73.8753,1055,73.8753,158.8319,12.0,30.5,20.74,24.85,15.86,Our World in Data / WHO,2026-09-30 02:09:06
3452,LUX,Luxembourg,2022,73.8753,1055,73.8753,158.8319,12.0,30.5,20.74,24.7,15.86,Our World in Data / WHO,2026-09-30 02:09:06
3453,LVA,Latvia,1990,482.9098,19384,482.9098,1038.2561,51.1368,49.7,33.796,44.3,25.844,Our World in Data / WHO,2026-09-30 02:09:06
3454,LVA,Latvia,1991,482.9098,19384,482.9098,1038.2561,51.1368,49.4,33.592,44.3,25.688,Our World in Data / WHO,2026-09-30 02:09:06
3455,LVA,Latvia,1992,482.9098,19384,482.9098,1038.2561,51.1368,49.2,33.456,44.3,25.584,Our World in Data / WHO,2026-09-30 02:09:06
3456,LVA,Latvia,1993,482.9098,19384,482.9098,1038.2561,51.1368,48.9,33.252,44.3,25.428,Our World in Data / WHO,2026-09-30 02:09:06
3457,LVA,Latvia,1994,482.9098,19384,482.9098,1038.2561,51.1368,48.7,33.116,44.3,25.324,Our World in Data / WHO,2026-09-30 02:09:06
3458,LVA,Latvia,1995,482.9098,19384,482.9098,1038.2561,51.1368,48.4,32.912,44.3,25.168,Our World in Data / WHO,2026-09-30 02:09:06
3459,LVA,Latvia,1996,482.9098,19384,482.9098,1038.2561,51.1368,48.2,32.776,44.3,25.064,Our World in Data / WHO,2026-09-30 02:09:06
3460,LVA,Latvia,1997,482.9098,19384,482.9098,1038.2561,51.1368,48.0,32.64,44.3,24.96,Our World in Data / WHO,2026-09-30 02:09:06
3461,LVA,Latvia,1998,482.9098,19384,482.9098,1038.2561,51.1368,47.8,32.504,44.3,24.856,Our World in Data / WHO,2026-09-30 02:09:06
3462,LVA,Latvia,1999,482.9098,19384,482.9098,1038.2561,51.1368,47.6,32.368,44.3,24.752,Our World in Data / WHO,2026-09-30 02:09:06
3463,LVA,Latvia,2000,482.9098,19384,482.9098,1038.2561,51.1368,47.5,32.3,44.3,24.7,Our World in Data / WHO,2026-09-30 02:09:06
3464,LVA,Latvia,2001,502.9519,20123,502.9519,1081.3466,53.2591,47.3,32.164,43.84,24.596,Our World in Data / WHO,2026-09-30 02:09:06
3465,LVA,Latvia,2002,501.127,20018,501.127,1077.423,53.0659,47.2,32.096,43.38,24.544,Our World in Data / WHO,2026-09-30 02:09:06
3466,LVA,Latvia,2003,498.1765,20092,498.1765,1071.0795,52.7534,47.1,32.028,42.92,24.492,Our World in Data / WHO,2026-09-30 02:09:06
3467,LVA,Latvia,2004,496.5868,20123,496.5868,1067.6616,52.5851,46.9,31.892,42.46,24.388,Our World in Data / WHO,2026-09-30 02:09:06
3468,LVA,Latvia,2005,502.456,20443,502.456,1080.2804,53.2066,46.8,31.824,42.0,24.336,Our World in Data / WHO,2026-09-30 02:09:06
3469,LVA,Latvia,2006,493.6095,20219,493.6095,1061.2604,52.2698,46.7,31.756,41.65,24.284,Our World in Data / WHO,2026-09-30 02:09:06
3470,LVA,Latvia,2007,483.8898,20190,483.8898,1040.3631,51.2406,46.6,31.688,41.3,24.232,Our World in Data / WHO,2026-09-30 02:09:06
3471,LVA,Latvia,2008,439.1273,18815,439.1273,944.1237,46.5005,46.4,31.552,40.8667,24.128,Our World in Data / WHO,2026-09-30 02:09:06
3472,LVA,Latvia,2009,412.3045,18094,412.3045,886.4547,43.6602,46.2,31.416,40.4333,24.024,Our World in Data / WHO,2026-09-30 02:09:06
3473,LVA,Latvia,2010,408.1477,18224,408.1477,877.5176,43.22,46.0,31.28,40.0,23.92,Our World in Data / WHO,2026-09-30 02:09:06
3474,LVA,Latvia,2011,379.2376,17219,379.2376,815.3608,40.1586,45.8,31.144,39.56,23.816,Our World in Data / WHO,2026-09-30 02:09:06
3475,LVA,Latvia,2012,377.5605,17689,377.5605,811.7551,39.981,45.6,31.008,39.12,23.712,Our World in Data / WHO,2026-09-30 02:09:06
3476,LVA,Latvia,2013,361.5907,17219,361.5907,777.42,38.2899,45.4,30.872,38.68,23.608,Our World in Data / WHO,2026-09-30 02:09:06
3477,LVA,Latvia,2014,350.3224,16941,350.3224,753.1932,37.0967,45.1,30.668,38.24,23.452,Our World in Data / WHO,2026-09-30 02:09:06
3478,LVA,Latvia,2015,342.0347,16967,342.0347,735.3746,36.2191,44.9,30.532,37.8,23.348,Our World in Data / WHO,2026-09-30 02:09:06
3479,LVA,Latvia,2016,335.0739,16707,335.0739,720.4089,35.482,44.6,30.328,37.42,23.192,Our World in Data / WHO,2026-09-30 02:09:06
3480,LVA,Latvia,2017,331.771,16699,331.771,713.3076,35.1322,44.4,30.192,37.04,23.088,Our World in Data / WHO,2026-09-30 02:09:06
3481,LVA,Latvia,2018,325.5805,16604,325.5805,699.9981,34.4767,44.2,30.056,36.66,22.984,Our World in Data / WHO,2026-09-30 02:09:06
3482,LVA,Latvia,2019,306.0327,15888,306.0327,657.9703,32.4067,43.9,29.852,36.28,22.828,Our World in Data / WHO,2026-09-30 02:09:06
3483,LVA,Latvia,2020,311.4866,16369,311.4866,669.6962,32.9843,43.9,29.852,35.9,22.828,Our World in Data / WHO,2026-09-30 02:09:06
3484,LVA,Latvia,2021,349.5558,18056,349.5558,751.545,37.0155,43.9,29.852,35.6,22.828,Our World in Data / WHO,2026-09-30 02:09:06
3485,LVA,Latvia,2022,349.5558,18056,349.5558,751.545,37.0155,43.9,29.852,35.3,22.828,Our World in Data / WHO,2026-09-30 02:09:06
3486,MAR,Morocco,1990,408.5561,56896,408.5561,878.3956,43.2633,36.4,24.752,20.0,18.928,Our World in Data / WHO,2026-09-30 02:09:06
3487,MAR,Morocco,1991,408.5561,56896,408.5561,878.3956,43.2633,36.5,24.82,20.0,18.98,Our World in Data / WHO,2026-09-30 02:09:06
3488,MAR,Morocco,1992,408.5561,56896,408.5561,878.3956,43.2633,36.7,24.956,20.0,19.084,Our World in Data / WHO,2026-09-30 02:09:06
3489,MAR,Morocco,1993,408.5561,56896,408.5561,878.3956,43.2633,36.8,25.024,20.0,19.136,Our World in Data / WHO,2026-09-30 02:09:06
3490,MAR,Morocco,1994,408.5561,56896,408.5561,878.3956,43.2633,37.0,25.16,20.0,19.24,Our World in Data / WHO,2026-09-30 02:09:06
3491,MAR,Morocco,1995,408.5561,56896,408.5561,878.3956,43.2633,37.1,25.228,20.0,19.292,Our World in Data / WHO,2026-09-30 02:09:06
3492,MAR,Morocco,1996,408.5561,56896,408.5561,878.3956,43.2633,37.3,25.364,20.0,19.396,Our World in Data / WHO,2026-09-30 02:09:06
3493,MAR,Morocco,1997,408.5561,56896,408.5561,878.3956,43.2633,37.4,25.432,20.0,19.448,Our World in Data / WHO,2026-09-30 02:09:06
3494,MAR,Morocco,1998,408.5561,56896,408.5561,878.3956,43.2633,37.5,25.5,20.0,19.5,Our World in Data / WHO,2026-09-30 02:09:06
3495,MAR,Morocco,1999,408.5561,56896,408.5561,878.3956,43.2633,37.6,25.568,20.0,19.552,Our World in Data / WHO,2026-09-30 02:09:06
3496,MAR,Morocco,2000,408.5561,56896,408.5561,878.3956,43.2633,37.7,25.636,20.0,19.604,Our World in Data / WHO,2026-09-30 02:09:06
3497,MAR,Morocco,2001,405.491,58478,405.491,871.8056,42.9387,37.8,25.704,19.62,19.656,Our World in Data / WHO,2026-09-30 02:09:06
3498,MAR,Morocco,2002,398.6327,59630,398.6327,857.0603,42.2124,37.8,25.704,19.24,19.656,Our World in Data / WHO,2026-09-30 02:09:06
3499,MAR,Morocco,2003,399.5943,62127,399.5943,859.1277,42.3143,37.8,25.704,18.86,19.656,Our World in Data / WHO,2026-09-30 02:09:06
3500,MAR,Morocco,2004,398.7634,64183,398.7634,857.3413,42.2263,37.8,25.704,18.48,19.656,Our World in Data / WHO,2026-09-30 02:09:06
3501,MAR,Morocco,2005,398.6261,66535,398.6261,857.0461,42.2117,37.7,25.636,18.1,19.604,Our World in Data / WHO,2026-09-30 02:09:06
3502,MAR,Morocco,2006,397.6639,68832,397.6639,854.9774,42.1098,37.6,25.568,17.7,19.552,Our World in Data / WHO,2026-09-30 02:09:06
3503,MAR,Morocco,2007,397.1452,71304,397.1452,853.8622,42.0549,37.5,25.5,17.3,19.5,Our World in Data / WHO,2026-09-30 02:09:06
3504,MAR,Morocco,2008,392.5306,73236,392.5306,843.9408,41.5663,37.4,25.432,17.0,19.448,Our World in Data / WHO,2026-09-30 02:09:06
3505,MAR,Morocco,2009,388.893,75300,388.893,836.1199,41.1811,37.3,25.364,16.7,19.396,Our World in Data / WHO,2026-09-30 02:09:06
3506,MAR,Morocco,2010,385.9199,77406,385.9199,829.7278,40.8662,37.1,25.228,16.4,19.292,Our World in Data / WHO,2026-09-30 02:09:06
3507,MAR,Morocco,2011,385.2102,80101,385.2102,828.2019,40.7911,37.0,25.16,16.08,19.24,Our World in Data / WHO,2026-09-30 02:09:06
3508,MAR,Morocco,2012,382.937,82677,382.937,823.3145,40.5504,36.8,25.024,15.76,19.136,Our World in Data / WHO,2026-09-30 02:09:06
3509,MAR,Morocco,2013,382.7015,85666,382.7015,822.8082,40.5254,36.7,24.956,15.44,19.084,Our World in Data / WHO,2026-09-30 02:09:06
3510,MAR,Morocco,2014,382.6105,88777,382.6105,822.6126,40.5158,36.5,24.82,15.12,18.98,Our World in Data / WHO,2026-09-30 02:09:06
3511,MAR,Morocco,2015,383.0247,92196,383.0247,823.5031,40.5597,36.2,24.616,14.8,18.824,Our World in Data / WHO,2026-09-30 02:09:06
3512,MAR,Morocco,2016,382.8026,95661,382.8026,823.0256,40.5361,36.0,24.48,14.56,18.72,Our World in Data / WHO,2026-09-30 02:09:06
3513,MAR,Morocco,2017,383.2024,99605,383.2024,823.8852,40.5785,35.8,24.344,14.32,18.616,Our World in Data / WHO,2026-09-30 02:09:06
3514,MAR,Morocco,2018,383.7766,103829,383.7766,825.1197,40.6393,35.5,24.14,14.08,18.46,Our World in Data / WHO,2026-09-30 02:09:06
3515,MAR,Morocco,2019,381.74,107464,381.74,820.741,40.4236,35.3,24.004,13.84,18.356,Our World in Data / WHO,2026-09-30 02:09:06
3516,MAR,Morocco,2020,394.2508,114145,394.2508,847.6392,41.7484,35.3,24.004,13.6,18.356,Our World in Data / WHO,2026-09-30 02:09:06
3517,MAR,Morocco,2021,379.2146,112976,379.2146,815.3114,40.1562,35.3,24.004,13.3,18.356,Our World in Data / WHO,2026-09-30 02:09:06
3518,MAR,Morocco,2022,379.2146,112976,379.2146,815.3114,40.1562,35.3,24.004,13.0,18.356,Our World in Data / WHO,2026-09-30 02:09:06
3519,MCO,Monaco,2000,165.5074,184,165.5074,355.8409,17.5261,37.7,25.636,31.1,19.604,Our World in Data / WHO,2026-09-30 02:09:06
3520,MCO,Monaco,2001,158.8389,179,158.8389,341.5036,16.8199,37.8,25.704,29.84,19.656,Our World in Data / WHO,2026-09-30 02:09:06
3521,MCO,Monaco,2002,154.2726,174,154.2726,331.6861,16.3364,37.85,25.738,29.18,19.682,Our World in Data / WHO,2026-09-30 02:09:06
3522,MCO,Monaco,2003,151.0031,172,151.0031,324.6567,15.9902,38.0,25.84,28.72,19.76,Our World in Data / WHO,2026-09-30 02:09:06
3523,MCO,Monaco,2004,148.2675,172,148.2675,318.7751,15.7005,37.9,25.772,28.26,19.708,Our World in Data / WHO,2026-09-30 02:09:06
3524,MCO,Monaco,2005,145.8911,173,145.8911,313.6659,15.4489,38.05,25.874,27.8,19.786,Our World in Data / WHO,2026-09-30 02:09:06
3525,MCO,Monaco,2006,142.9752,172,142.9752,307.3967,15.1401,38.3,26.044,27.5,19.916,Our World in Data / WHO,2026-09-30 02:09:06
3526,MCO,Monaco,2007,138.8607,169,138.8607,298.5505,14.7044,38.5,26.18,26.9,20.02,Our World in Data / WHO,2026-09-30 02:09:06
3527,MCO,Monaco,2008,136.9117,173,136.9117,294.3602,14.498,38.55,26.214,26.5333,20.046,Our World in Data / WHO,2026-09-30 02:09:06
3528,MCO,Monaco,2009,137.323,192,137.323,295.2445,14.5416,38.6,26.248,25.8667,20.072,Our World in Data / WHO,2026-09-30 02:09:06
3529,MCO,Monaco,2010,135.9574,219,135.9574,292.3084,14.3969,38.7,26.316,25.2,20.124,Our World in Data / WHO,2026-09-30 02:09:06
3530,MCO,Monaco,2011,133.2864,248,133.2864,286.5658,14.1141,38.6,26.248,24.86,20.072,Our World in Data / WHO,2026-09-30 02:09:06
3531,MCO,Monaco,2012,134.8698,283,134.8698,289.9701,14.2818,38.6,26.248,24.22,20.072,Our World in Data / WHO,2026-09-30 02:09:06
3532,MCO,Monaco,2013,132.972,316,132.972,285.8898,14.0808,38.55,26.214,23.76,20.046,Our World in Data / WHO,2026-09-30 02:09:06
3533,MCO,Monaco,2014,130.1474,348,130.1474,279.8169,13.7817,38.45,26.146,23.16,19.994,Our World in Data / WHO,2026-09-30 02:09:06
3534,MCO,Monaco,2015,128.1274,381,128.1274,275.4739,13.5678,38.35,26.078,22.6,19.942,Our World in Data / WHO,2026-09-30 02:09:06
3535,MCO,Monaco,2016,123.3833,392,123.3833,265.2741,13.0654,38.3,26.044,22.34,19.916,Our World in Data / WHO,2026-09-30 02:09:06
3536,MCO,Monaco,2017,117.911,386,117.911,253.5086,12.486,38.25,26.01,21.98,19.89,Our World in Data / WHO,2026-09-30 02:09:06
3537,MCO,Monaco,2018,112.156,381,112.156,241.1354,12.0,38.15,25.942,21.56,19.838,Our World in Data / WHO,2026-09-30 02:09:06
3538,MCO,Monaco,2019,110.0798,376,110.0798,236.6716,12.0,38.05,25.874,21.2,19.786,Our World in Data / WHO,2026-09-30 02:09:06
3539,MCO,Monaco,2020,106.0462,368,106.0462,227.9993,12.0,38.0,25.84,20.6,19.76,Our World in Data / WHO,2026-09-30 02:09:06
3540,MCO,Monaco,2021,104.1704,368,104.1704,223.9664,12.0,38.0,25.84,20.175,19.76,Our World in Data / WHO,2026-09-30 02:09:06
3541,MDA,Moldova,1990,766.0152,35710,766.0152,1646.9327,58.0,52.6,35.768,23.4,27.352,Our World in Data / WHO,2026-09-30 02:09:06
3542,MDA,Moldova,1991,766.0152,35710,766.0152,1646.9327,58.0,52.4,35.632,23.4,27.248,Our World in Data / WHO,2026-09-30 02:09:06
3543,MDA,Moldova,1992,766.0152,35710,766.0152,1646.9327,58.0,52.3,35.564,23.4,27.196,Our World in Data / WHO,2026-09-30 02:09:06
3544,MDA,Moldova,1993,766.0152,35710,766.0152,1646.9327,58.0,52.1,35.428,23.4,27.092,Our World in Data / WHO,2026-09-30 02:09:06
3545,MDA,Moldova,1994,766.0152,35710,766.0152,1646.9327,58.0,51.9,35.292,23.4,26.988,Our World in Data / WHO,2026-09-30 02:09:06
3546,MDA,Moldova,1995,766.0152,35710,766.0152,1646.9327,58.0,51.7,35.156,23.4,26.884,Our World in Data / WHO,2026-09-30 02:09:06
3547,MDA,Moldova,1996,766.0152,35710,766.0152,1646.9327,58.0,51.6,35.088,23.4,26.832,Our World in Data / WHO,2026-09-30 02:09:06
3548,MDA,Moldova,1997,766.0152,35710,766.0152,1646.9327,58.0,51.4,34.952,23.4,26.728,Our World in Data / WHO,2026-09-30 02:09:06
3549,MDA,Moldova,1998,766.0152,35710,766.0152,1646.9327,58.0,51.3,34.884,23.4,26.676,Our World in Data / WHO,2026-09-30 02:09:06
3550,MDA,Moldova,1999,766.0152,35710,766.0152,1646.9327,58.0,51.2,34.816,23.4,26.624,Our World in Data / WHO,2026-09-30 02:09:06
3551,MDA,Moldova,2000,766.0152,35710,766.0152,1646.9327,58.0,51.1,34.748,23.4,26.572,Our World in Data / WHO,2026-09-30 02:09:06
3552,MDA,Moldova,2001,719.9902,33637,719.9902,1547.9789,58.0,51.0,34.68,23.58,26.52,Our World in Data / WHO,2026-09-30 02:09:06
3553,MDA,Moldova,2002,736.9076,34515,736.9076,1584.3513,58.0,50.9,34.612,23.76,26.468,Our World in Data / WHO,2026-09-30 02:09:06
3554,MDA,Moldova,2003,730.8188,34535,730.8188,1571.2604,58.0,50.9,34.612,23.94,26.468,Our World in Data / WHO,2026-09-30 02:09:06
3555,MDA,Moldova,2004,680.7231,32301,680.7231,1463.5547,58.0,50.9,34.612,24.12,26.468,Our World in Data / WHO,2026-09-30 02:09:06
3556,MDA,Moldova,2005,720.1369,34191,720.1369,1548.2943,58.0,50.8,34.544,24.3,26.416,Our World in Data / WHO,2026-09-30 02:09:06
3557,MDA,Moldova,2006,654.4699,31394,654.4699,1407.1103,58.0,50.8,34.544,24.6,26.416,Our World in Data / WHO,2026-09-30 02:09:06
3558,MDA,Moldova,2007,619.1784,30005,619.1784,1331.2336,58.0,50.7,34.476,24.9,26.364,Our World in Data / WHO,2026-09-30 02:09:06
3559,MDA,Moldova,2008,585.8854,28490,585.8854,1259.6536,58.0,50.6,34.408,25.1,26.312,Our World in Data / WHO,2026-09-30 02:09:06
3560,MDA,Moldova,2009,579.1642,28121,579.1642,1245.203,58.0,50.5,34.34,25.3,26.26,Our World in Data / WHO,2026-09-30 02:09:06
3561,MDA,Moldova,2010,586.3869,28434,586.3869,1260.7318,58.0,50.3,34.204,25.5,26.156,Our World in Data / WHO,2026-09-30 02:09:06
3562,MDA,Moldova,2011,517.7764,25176,517.7764,1113.2193,54.8289,50.2,34.136,25.7,26.104,Our World in Data / WHO,2026-09-30 02:09:06
3563,MDA,Moldova,2012,498.9006,24231,498.9006,1072.6363,52.8301,50.0,34.0,25.9,26.0,Our World in Data / WHO,2026-09-30 02:09:06
3564,MDA,Moldova,2013,464.3024,22367,464.3024,998.2502,49.1664,49.8,33.864,26.1,25.896,Our World in Data / WHO,2026-09-30 02:09:06
3565,MDA,Moldova,2014,464.3409,22295,464.3409,998.3329,49.1705,49.5,33.66,26.3,25.74,Our World in Data / WHO,2026-09-30 02:09:06
3566,MDA,Moldova,2015,454.5267,21863,454.5267,977.2324,48.1312,49.3,33.524,26.5,25.636,Our World in Data / WHO,2026-09-30 02:09:06
3567,MDA,Moldova,2016,417.7683,20267,417.7683,898.2018,44.2388,49.0,33.32,26.74,25.48,Our World in Data / WHO,2026-09-30 02:09:06
3568,MDA,Moldova,2017,395.458,19433,395.458,850.2347,41.8763,48.8,33.184,26.98,25.376,Our World in Data / WHO,2026-09-30 02:09:06
3569,MDA,Moldova,2018,387.1124,19196,387.1124,832.2917,40.9925,48.5,32.98,27.22,25.22,Our World in Data / WHO,2026-09-30 02:09:06
3570,MDA,Moldova,2019,378.0545,18875,378.0545,812.8172,40.0333,48.3,32.844,27.46,25.116,Our World in Data / WHO,2026-09-30 02:09:06
3571,MDA,Moldova,2020,387.5615,19342,387.5615,833.2572,41.0401,48.3,32.844,27.7,25.116,Our World in Data / WHO,2026-09-30 02:09:06
3572,MDA,Moldova,2021,459.6244,22604,459.6244,988.1925,48.671,48.3,32.844,28.0,25.116,Our World in Data / WHO,2026-09-30 02:09:06
3573,MDA,Moldova,2022,459.6244,22604,459.6244,988.1925,48.671,48.3,32.844,28.3,25.116,Our World in Data / WHO,2026-09-30 02:09:06
3574,MDG,Madagascar,1990,385.9278,23288,385.9278,829.7448,40.8671,37.1,25.228,53.1,19.292,Our World in Data / WHO,2026-09-30 02:09:06
3575,MDG,Madagascar,1991,385.9278,23288,385.9278,829.7448,40.8671,37.3,25.364,53.1,19.396,Our World in Data / WHO,2026-09-30 02:09:06
3576,MDG,Madagascar,1992,385.9278,23288,385.9278,829.7448,40.8671,37.4,25.432,53.1,19.448,Our World in Data / WHO,2026-09-30 02:09:06
3577,MDG,Madagascar,1993,385.9278,23288,385.9278,829.7448,40.8671,37.6,25.568,53.1,19.552,Our World in Data / WHO,2026-09-30 02:09:06
3578,MDG,Madagascar,1994,385.9278,23288,385.9278,829.7448,40.8671,37.8,25.704,53.1,19.656,Our World in Data / WHO,2026-09-30 02:09:06
3579,MDG,Madagascar,1995,385.9278,23288,385.9278,829.7448,40.8671,38.0,25.84,53.1,19.76,Our World in Data / WHO,2026-09-30 02:09:06
3580,MDG,Madagascar,1996,385.9278,23288,385.9278,829.7448,40.8671,38.1,25.908,53.1,19.812,Our World in Data / WHO,2026-09-30 02:09:06
3581,MDG,Madagascar,1997,385.9278,23288,385.9278,829.7448,40.8671,38.3,26.044,53.1,19.916,Our World in Data / WHO,2026-09-30 02:09:06
3582,MDG,Madagascar,1998,385.9278,23288,385.9278,829.7448,40.8671,38.5,26.18,53.1,20.02,Our World in Data / WHO,2026-09-30 02:09:06
3583,MDG,Madagascar,1999,385.9278,23288,385.9278,829.7448,40.8671,38.8,26.384,53.1,20.176,Our World in Data / WHO,2026-09-30 02:09:06
3584,MDG,Madagascar,2000,385.9278,23288,385.9278,829.7448,40.8671,39.0,26.52,53.1,20.28,Our World in Data / WHO,2026-09-30 02:09:06
3585,MDG,Madagascar,2001,381.8687,23822,381.8687,821.0177,40.4372,39.3,26.724,51.26,20.436,Our World in Data / WHO,2026-09-30 02:09:06
3586,MDG,Madagascar,2002,389.5253,25062,389.5253,837.4794,41.248,39.6,26.928,49.42,20.592,Our World in Data / WHO,2026-09-30 02:09:06
3587,MDG,Madagascar,2003,395.4184,26124,395.4184,850.1496,41.8721,39.8,27.064,47.58,20.696,Our World in Data / WHO,2026-09-30 02:09:06
3588,MDG,Madagascar,2004,396.7546,27165,396.7546,853.0224,42.0136,40.1,27.268,45.74,20.852,Our World in Data / WHO,2026-09-30 02:09:06
3589,MDG,Madagascar,2005,389.2448,27666,389.2448,836.8763,41.2183,40.3,27.404,43.9,20.956,Our World in Data / WHO,2026-09-30 02:09:06
3590,MDG,Madagascar,2006,385.3037,28323,385.3037,828.403,40.801,40.5,27.54,42.45,21.06,Our World in Data / WHO,2026-09-30 02:09:06
3591,MDG,Madagascar,2007,377.1226,28634,377.1226,810.8136,39.9347,40.6,27.608,41.0,21.112,Our World in Data / WHO,2026-09-30 02:09:06
3592,MDG,Madagascar,2008,373.9435,29355,373.9435,803.9785,39.598,40.6,27.608,39.6667,21.112,Our World in Data / WHO,2026-09-30 02:09:06
3593,MDG,Madagascar,2009,370.9094,30093,370.9094,797.4552,39.2767,40.5,27.54,38.3333,21.06,Our World in Data / WHO,2026-09-30 02:09:06
3594,MDG,Madagascar,2010,370.3831,31126,370.3831,796.3237,39.221,40.3,27.404,37.0,20.956,Our World in Data / WHO,2026-09-30 02:09:06
3595,MDG,Madagascar,2011,369.2327,32124,369.2327,793.8503,39.0992,40.1,27.268,36.02,20.852,Our World in Data / WHO,2026-09-30 02:09:06
3596,MDG,Madagascar,2012,361.6548,32469,361.6548,777.5578,38.2967,39.8,27.064,35.04,20.696,Our World in Data / WHO,2026-09-30 02:09:06
3597,MDG,Madagascar,2013,361.5206,33610,361.5206,777.2693,38.2825,39.4,26.792,34.06,20.488,Our World in Data / WHO,2026-09-30 02:09:06
3598,MDG,Madagascar,2014,364.682,35175,364.682,784.0663,38.6173,39.0,26.52,33.08,20.28,Our World in Data / WHO,2026-09-30 02:09:06
3599,MDG,Madagascar,2015,360.4903,35886,360.4903,775.0541,38.1734,38.6,26.248,32.1,20.072,Our World in Data / WHO,2026-09-30 02:09:06
3600,MDG,Madagascar,2016,360.6814,37313,360.6814,775.465,38.1937,38.2,25.976,31.32,19.864,Our World in Data / WHO,2026-09-30 02:09:06
3601,MDG,Madagascar,2017,358.538,38332,358.538,770.8567,37.9667,37.8,25.704,30.54,19.656,Our World in Data / WHO,2026-09-30 02:09:06
3602,MDG,Madagascar,2018,359.8186,39820,359.8186,773.61,38.1023,37.3,25.364,29.76,19.396,Our World in Data / WHO,2026-09-30 02:09:06
3603,MDG,Madagascar,2019,361.3852,41434,361.3852,776.9782,38.2682,36.9,25.092,28.98,19.188,Our World in Data / WHO,2026-09-30 02:09:06
3604,MDG,Madagascar,2020,384.9195,45466,384.9195,827.5769,40.7603,36.9,25.092,28.2,19.188,Our World in Data / WHO,2026-09-30 02:09:06
3605,MDG,Madagascar,2021,368.326,45049,368.326,791.9009,39.0032,36.9,25.092,27.5,19.188,Our World in Data / WHO,2026-09-30 02:09:06
3606,MDG,Madagascar,2022,368.326,45049,368.326,791.9009,39.0032,36.9,25.092,26.8,19.188,Our World in Data / WHO,2026-09-30 02:09:06
3607,MDV,Maldives,1990,360.8442,440,360.8442,775.815,38.2109,29.1,19.788,42.3,15.132,Our World in Data / WHO,2026-09-30 02:09:06
3608,MDV,Maldives,1991,360.8442,440,360.8442,775.815,38.2109,29.2,19.856,42.3,15.184,Our World in Data / WHO,2026-09-30 02:09:06
3609,MDV,Maldives,1992,360.8442,440,360.8442,775.815,38.2109,29.4,19.992,42.3,15.288,Our World in Data / WHO,2026-09-30 02:09:06
3610,MDV,Maldives,1993,360.8442,440,360.8442,775.815,38.2109,29.6,20.128,42.3,15.392,Our World in Data / WHO,2026-09-30 02:09:06
3611,MDV,Maldives,1994,360.8442,440,360.8442,775.815,38.2109,29.7,20.196,42.3,15.444,Our World in Data / WHO,2026-09-30 02:09:06
3612,MDV,Maldives,1995,360.8442,440,360.8442,775.815,38.2109,29.8,20.264,42.3,15.496,Our World in Data / WHO,2026-09-30 02:09:06
3613,MDV,Maldives,1996,360.8442,440,360.8442,775.815,38.2109,30.0,20.4,42.3,15.6,Our World in Data / WHO,2026-09-30 02:09:06
3614,MDV,Maldives,1997,360.8442,440,360.8442,775.815,38.2109,30.1,20.468,42.3,15.652,Our World in Data / WHO,2026-09-30 02:09:06
3615,MDV,Maldives,1998,360.8442,440,360.8442,775.815,38.2109,30.3,20.604,42.3,15.756,Our World in Data / WHO,2026-09-30 02:09:06
3616,MDV,Maldives,1999,360.8442,440,360.8442,775.815,38.2109,30.5,20.74,42.3,15.86,Our World in Data / WHO,2026-09-30 02:09:06
3617,MDV,Maldives,2000,360.8442,440,360.8442,775.815,38.2109,30.8,20.944,42.3,16.016,Our World in Data / WHO,2026-09-30 02:09:06
3618,MDV,Maldives,2001,355.9545,449,355.9545,765.3022,37.6931,31.0,21.08,41.36,16.12,Our World in Data / WHO,2026-09-30 02:09:06
3619,MDV,Maldives,2002,352.9823,458,352.9823,758.9119,37.3784,31.3,21.284,40.42,16.276,Our World in Data / WHO,2026-09-30 02:09:06
3620,MDV,Maldives,2003,353.2211,478,353.2211,759.4254,37.4037,31.5,21.42,39.48,16.38,Our World in Data / WHO,2026-09-30 02:09:06
3621,MDV,Maldives,2004,343.2097,485,343.2097,737.9009,36.3435,31.8,21.624,38.54,16.536,Our World in Data / WHO,2026-09-30 02:09:06
3622,MDV,Maldives,2005,327.9214,492,327.9214,705.031,34.7246,32.1,21.828,37.6,16.692,Our World in Data / WHO,2026-09-30 02:09:06
3623,MDV,Maldives,2006,321.5542,507,321.5542,691.3415,34.0504,32.4,22.032,36.8,16.848,Our World in Data / WHO,2026-09-30 02:09:06
3624,MDV,Maldives,2007,315.8752,515,315.8752,679.1317,33.449,32.6,22.168,36.0,16.952,Our World in Data / WHO,2026-09-30 02:09:06
3625,MDV,Maldives,2008,306.5058,519,306.5058,658.9875,32.4568,32.8,22.304,35.2667,17.056,Our World in Data / WHO,2026-09-30 02:09:06
3626,MDV,Maldives,2009,298.9483,526,298.9483,642.7388,31.6565,33.0,22.44,34.5333,17.16,Our World in Data / WHO,2026-09-30 02:09:06
3627,MDV,Maldives,2010,292.8142,537,292.8142,629.5505,31.007,33.1,22.508,33.8,17.212,Our World in Data / WHO,2026-09-30 02:09:06
3628,MDV,Maldives,2011,281.8956,541,281.8956,606.0755,29.8508,33.2,22.576,33.12,17.264,Our World in Data / WHO,2026-09-30 02:09:06
3629,MDV,Maldives,2012,258.8343,521,258.8343,556.4937,27.4088,33.3,22.644,32.44,17.316,Our World in Data / WHO,2026-09-30 02:09:06
3630,MDV,Maldives,2013,249.4976,523,249.4976,536.4198,26.4201,33.4,22.712,31.76,17.368,Our World in Data / WHO,2026-09-30 02:09:06
3631,MDV,Maldives,2014,244.3006,535,244.3006,525.2463,25.8697,33.4,22.712,31.08,17.368,Our World in Data / WHO,2026-09-30 02:09:06
3632,MDV,Maldives,2015,242.6217,550,242.6217,521.6367,25.692,33.5,22.78,30.4,17.42,Our World in Data / WHO,2026-09-30 02:09:06
3633,MDV,Maldives,2016,241.5528,568,241.5528,519.3385,25.5788,33.6,22.848,29.84,17.472,Our World in Data / WHO,2026-09-30 02:09:06
3634,MDV,Maldives,2017,239.9619,583,239.9619,515.9181,25.4103,33.7,22.916,29.28,17.524,Our World in Data / WHO,2026-09-30 02:09:06
3635,MDV,Maldives,2018,232.9101,584,232.9101,500.7567,24.6636,33.9,23.052,28.72,17.628,Our World in Data / WHO,2026-09-30 02:09:06
3636,MDV,Maldives,2019,566.795,1428,566.795,1218.6092,58.0,34.1,23.188,28.16,17.732,Our World in Data / WHO,2026-09-30 02:09:06
3637,MDV,Maldives,2020,560.9213,1427,560.9213,1205.9808,58.0,34.1,23.188,27.6,17.732,Our World in Data / WHO,2026-09-30 02:09:06
3638,MDV,Maldives,2021,532.5352,1363,532.5352,1144.9507,56.3918,34.1,23.188,27.1,17.732,Our World in Data / WHO,2026-09-30 02:09:06
3639,MDV,Maldives,2022,532.5352,1363,532.5352,1144.9507,56.3918,34.1,23.188,26.6,17.732,Our World in Data / WHO,2026-09-30 02:09:06
3640,MEX,Mexico,1990,149.7334,97915,149.7334,321.9268,15.8557,29.5,20.06,21.2,15.34,Our World in Data / WHO,2026-09-30 02:09:06
3641,MEX,Mexico,1991,149.7334,97915,149.7334,321.9268,15.8557,30.0,20.4,21.2,15.6,Our World in Data / WHO,2026-09-30 02:09:06
3642,MEX,Mexico,1992,149.7334,97915,149.7334,321.9268,15.8557,30.5,20.74,21.2,15.86,Our World in Data / WHO,2026-09-30 02:09:06
3643,MEX,Mexico,1993,149.7334,97915,149.7334,321.9268,15.8557,31.0,21.08,21.2,16.12,Our World in Data / WHO,2026-09-30 02:09:06
3644,MEX,Mexico,1994,149.7334,97915,149.7334,321.9268,15.8557,31.4,21.352,21.2,16.328,Our World in Data / WHO,2026-09-30 02:09:06
3645,MEX,Mexico,1995,149.7334,97915,149.7334,321.9268,15.8557,31.9,21.692,21.2,16.588,Our World in Data / WHO,2026-09-30 02:09:06
3646,MEX,Mexico,1996,149.7334,97915,149.7334,321.9268,15.8557,32.4,22.032,21.2,16.848,Our World in Data / WHO,2026-09-30 02:09:06
3647,MEX,Mexico,1997,149.7334,97915,149.7334,321.9268,15.8557,32.8,22.304,21.2,17.056,Our World in Data / WHO,2026-09-30 02:09:06
3648,MEX,Mexico,1998,149.7334,97915,149.7334,321.9268,15.8557,33.2,22.576,21.2,17.264,Our World in Data / WHO,2026-09-30 02:09:06
3649,MEX,Mexico,1999,149.7334,97915,149.7334,321.9268,15.8557,33.6,22.848,21.2,17.472,Our World in Data / WHO,2026-09-30 02:09:06
3650,MEX,Mexico,2000,149.7334,97915,149.7334,321.9268,15.8557,34.0,23.12,21.2,17.68,Our World in Data / WHO,2026-09-30 02:09:06
3651,MEX,Mexico,2001,146.8812,99685,146.8812,315.7946,15.5537,34.2,23.256,20.94,17.784,Our World in Data / WHO,2026-09-30 02:09:06
3652,MEX,Mexico,2002,147.8269,104453,147.8269,317.8278,15.6538,34.5,23.46,20.68,17.94,Our World in Data / WHO,2026-09-30 02:09:06
3653,MEX,Mexico,2003,146.9681,108033,146.9681,315.9814,15.5629,34.6,23.528,20.42,17.992,Our World in Data / WHO,2026-09-30 02:09:06
3654,MEX,Mexico,2004,141.4325,107766,141.4325,304.0799,14.9767,34.8,23.664,20.16,18.096,Our World in Data / WHO,2026-09-30 02:09:06
3655,MEX,Mexico,2005,141.8464,112066,141.8464,304.9698,15.0205,34.9,23.732,19.9,18.148,Our World in Data / WHO,2026-09-30 02:09:06
3656,MEX,Mexico,2006,137.0678,112047,137.0678,294.6958,14.5145,35.0,23.8,19.65,18.2,Our World in Data / WHO,2026-09-30 02:09:06
3657,MEX,Mexico,2007,139.142,116961,139.142,299.1553,14.7342,35.0,23.8,19.4,18.2,Our World in Data / WHO,2026-09-30 02:09:06
3658,MEX,Mexico,2008,146.1361,125870,146.1361,314.1926,15.4748,35.1,23.868,19.1667,18.252,Our World in Data / WHO,2026-09-30 02:09:06
3659,MEX,Mexico,2009,146.781,129455,146.781,315.5792,15.5431,35.1,23.868,18.9333,18.252,Our World in Data / WHO,2026-09-30 02:09:06
3660,MEX,Mexico,2010,153.8462,138991,153.8462,330.7693,16.2912,35.0,23.8,18.7,18.2,Our World in Data / WHO,2026-09-30 02:09:06
3661,MEX,Mexico,2011,149.3699,138219,149.3699,321.1453,15.8172,34.9,23.732,18.48,18.148,Our World in Data / WHO,2026-09-30 02:09:06
3662,MEX,Mexico,2012,149.6026,142023,149.6026,321.6456,15.8419,34.6,23.528,18.26,17.992,Our World in Data / WHO,2026-09-30 02:09:06
3663,MEX,Mexico,2013,149.5021,145809,149.5021,321.4295,15.8312,34.3,23.324,18.04,17.836,Our World in Data / WHO,2026-09-30 02:09:06
3664,MEX,Mexico,2014,155.3541,155670,155.3541,334.0113,16.4509,33.9,23.052,17.82,17.628,Our World in Data / WHO,2026-09-30 02:09:06
3665,MEX,Mexico,2015,159.2708,164186,159.2708,342.4322,16.8657,33.6,22.848,17.6,17.472,Our World in Data / WHO,2026-09-30 02:09:06
3666,MEX,Mexico,2016,162.4938,172454,162.4938,349.3617,17.207,33.2,22.576,17.4,17.264,Our World in Data / WHO,2026-09-30 02:09:06
3667,MEX,Mexico,2017,162.3361,177720,162.3361,349.0226,17.1903,32.8,22.304,17.2,17.056,Our World in Data / WHO,2026-09-30 02:09:06
3668,MEX,Mexico,2018,163.8104,185104,163.8104,352.1924,17.3464,32.4,22.032,17.0,16.848,Our World in Data / WHO,2026-09-30 02:09:06
3669,MEX,Mexico,2019,163.9291,191379,163.9291,352.4476,17.359,32.1,21.828,16.8,16.692,Our World in Data / WHO,2026-09-30 02:09:06
3670,MEX,Mexico,2020,179.3661,214503,179.3661,385.6371,18.9936,32.1,21.828,16.6,16.692,Our World in Data / WHO,2026-09-30 02:09:06
3671,MEX,Mexico,2021,182.9312,221238,182.9312,393.3021,19.3711,32.1,21.828,16.35,16.692,Our World in Data / WHO,2026-09-30 02:09:06
3672,MEX,Mexico,2022,182.9312,221238,182.9312,393.3021,19.3711,32.1,21.828,16.1,16.692,Our World in Data / WHO,2026-09-30 02:09:06
3673,MHL,Marshall Islands,1990,622.3989,117,622.3989,1338.1576,58.0,29.6,20.128,27.4,15.392,Our World in Data / WHO,2026-09-30 02:09:06
3674,MHL,Marshall Islands,1991,622.3989,117,622.3989,1338.1576,58.0,29.3,19.924,27.4,15.236,Our World in Data / WHO,2026-09-30 02:09:06
3675,MHL,Marshall Islands,1992,622.3989,117,622.3989,1338.1576,58.0,29.0,19.72,27.4,15.08,Our World in Data / WHO,2026-09-30 02:09:06
3676,MHL,Marshall Islands,1993,622.3989,117,622.3989,1338.1576,58.0,28.8,19.584,27.4,14.976,Our World in Data / WHO,2026-09-30 02:09:06
3677,MHL,Marshall Islands,1994,622.3989,117,622.3989,1338.1576,58.0,28.5,19.38,27.4,14.82,Our World in Data / WHO,2026-09-30 02:09:06
3678,MHL,Marshall Islands,1995,622.3989,117,622.3989,1338.1576,58.0,28.3,19.244,27.4,14.716,Our World in Data / WHO,2026-09-30 02:09:06
3679,MHL,Marshall Islands,1996,622.3989,117,622.3989,1338.1576,58.0,28.2,19.176,27.4,14.664,Our World in Data / WHO,2026-09-30 02:09:06
3680,MHL,Marshall Islands,1997,622.3989,117,622.3989,1338.1576,58.0,28.1,19.108,27.4,14.612,Our World in Data / WHO,2026-09-30 02:09:06
3681,MHL,Marshall Islands,1998,622.3989,117,622.3989,1338.1576,58.0,28.0,19.04,27.4,14.56,Our World in Data / WHO,2026-09-30 02:09:06
3682,MHL,Marshall Islands,1999,622.3989,117,622.3989,1338.1576,58.0,28.0,19.04,27.4,14.56,Our World in Data / WHO,2026-09-30 02:09:06
3683,MHL,Marshall Islands,2000,622.3989,117,622.3989,1338.1576,58.0,28.0,19.04,27.4,14.56,Our World in Data / WHO,2026-09-30 02:09:06
3684,MHL,Marshall Islands,2001,617.5042,119,617.5042,1327.634,58.0,28.1,19.108,27.48,14.612,Our World in Data / WHO,2026-09-30 02:09:06
3685,MHL,Marshall Islands,2002,615.4761,121,615.4761,1323.2736,58.0,28.2,19.176,27.56,14.664,Our World in Data / WHO,2026-09-30 02:09:06
3686,MHL,Marshall Islands,2003,616.4485,123,616.4485,1325.3643,58.0,28.3,19.244,27.64,14.716,Our World in Data / WHO,2026-09-30 02:09:06
3687,MHL,Marshall Islands,2004,610.9371,124,610.9371,1313.5148,58.0,28.6,19.448,27.72,14.872,Our World in Data / WHO,2026-09-30 02:09:06
3688,MHL,Marshall Islands,2005,613.6512,128,613.6512,1319.3501,58.0,28.8,19.584,27.8,14.976,Our World in Data / WHO,2026-09-30 02:09:06
3689,MHL,Marshall Islands,2006,612.2941,129,612.2941,1316.4323,58.0,29.1,19.788,27.9,15.132,Our World in Data / WHO,2026-09-30 02:09:06
3690,MHL,Marshall Islands,2007,604.4734,129,604.4734,1299.6178,58.0,29.4,19.992,28.0,15.288,Our World in Data / WHO,2026-09-30 02:09:06
3691,MHL,Marshall Islands,2008,609.2927,131,609.2927,1309.9793,58.0,29.7,20.196,28.1,15.444,Our World in Data / WHO,2026-09-30 02:09:06
3692,MHL,Marshall Islands,2009,606.7081,132,606.7081,1304.4224,58.0,30.0,20.4,28.2,15.6,Our World in Data / WHO,2026-09-30 02:09:06
3693,MHL,Marshall Islands,2010,585.8251,128,585.8251,1259.524,58.0,30.3,20.604,28.3,15.756,Our World in Data / WHO,2026-09-30 02:09:06
3694,MHL,Marshall Islands,2011,590.9037,131,590.9037,1270.443,58.0,30.6,20.808,28.42,15.912,Our World in Data / WHO,2026-09-30 02:09:06
3695,MHL,Marshall Islands,2012,576.3505,130,576.3505,1239.1536,58.0,30.8,20.944,28.54,16.016,Our World in Data / WHO,2026-09-30 02:09:06
3696,MHL,Marshall Islands,2013,565.546,129,565.546,1215.9239,58.0,31.0,21.08,28.66,16.12,Our World in Data / WHO,2026-09-30 02:09:06
3697,MHL,Marshall Islands,2014,553.8468,128,553.8468,1190.7706,58.0,31.2,21.216,28.78,16.224,Our World in Data / WHO,2026-09-30 02:09:06
3698,MHL,Marshall Islands,2015,543.1396,129,543.1396,1167.7501,57.5147,31.3,21.284,28.9,16.276,Our World in Data / WHO,2026-09-30 02:09:06
3699,MHL,Marshall Islands,2016,523.6295,127,523.6295,1125.8034,55.4487,31.5,21.42,29.0,16.38,Our World in Data / WHO,2026-09-30 02:09:06
3700,MHL,Marshall Islands,2017,518.6366,127,518.6366,1115.0687,54.92,31.6,21.488,29.1,16.432,Our World in Data / WHO,2026-09-30 02:09:06
3701,MHL,Marshall Islands,2018,477.367,116,477.367,1026.339,50.5498,31.7,21.556,29.2,16.484,Our World in Data / WHO,2026-09-30 02:09:06
3702,MHL,Marshall Islands,2019,515.8627,127,515.8627,1109.1048,54.6263,31.9,21.692,29.3,16.588,Our World in Data / WHO,2026-09-30 02:09:06
3703,MHL,Marshall Islands,2020,532.9839,130,532.9839,1145.9154,56.4393,31.9,21.692,29.4,16.588,Our World in Data / WHO,2026-09-30 02:09:06
3704,MHL,Marshall Islands,2021,518.3586,126,518.3586,1114.471,54.8906,31.9,21.692,29.5,16.588,Our World in Data / WHO,2026-09-30 02:09:06
3705,MHL,Marshall Islands,2022,518.3586,126,518.3586,1114.471,54.8906,31.9,21.692,29.6,16.588,Our World in Data / WHO,2026-09-30 02:09:06
3706,MKD,North Macedonia,1990,522.1519,10742,522.1519,1122.6266,55.2923,47.6,32.368,41.5,24.752,Our World in Data / WHO,2026-09-30 02:09:06
3707,MKD,North Macedonia,1991,522.1519,10742,522.1519,1122.6266,55.2923,47.3,32.164,41.5,24.596,Our World in Data / WHO,2026-09-30 02:09:06
3708,MKD,North Macedonia,1992,522.1519,10742,522.1519,1122.6266,55.2923,47.0,31.96,41.5,24.44,Our World in Data / WHO,2026-09-30 02:09:06
3709,MKD,North Macedonia,1993,522.1519,10742,522.1519,1122.6266,55.2923,46.7,31.756,41.5,24.284,Our World in Data / WHO,2026-09-30 02:09:06
3710,MKD,North Macedonia,1994,522.1519,10742,522.1519,1122.6266,55.2923,46.4,31.552,41.5,24.128,Our World in Data / WHO,2026-09-30 02:09:06
3711,MKD,North Macedonia,1995,522.1519,10742,522.1519,1122.6266,55.2923,46.1,31.348,41.5,23.972,Our World in Data / WHO,2026-09-30 02:09:06
3712,MKD,North Macedonia,1996,522.1519,10742,522.1519,1122.6266,55.2923,45.8,31.144,41.5,23.816,Our World in Data / WHO,2026-09-30 02:09:06
3713,MKD,North Macedonia,1997,522.1519,10742,522.1519,1122.6266,55.2923,45.5,30.94,41.5,23.66,Our World in Data / WHO,2026-09-30 02:09:06
3714,MKD,North Macedonia,1998,522.1519,10742,522.1519,1122.6266,55.2923,45.3,30.804,41.5,23.556,Our World in Data / WHO,2026-09-30 02:09:06
3715,MKD,North Macedonia,1999,522.1519,10742,522.1519,1122.6266,55.2923,45.1,30.668,41.5,23.452,Our World in Data / WHO,2026-09-30 02:09:06
3716,MKD,North Macedonia,2000,522.1519,10742,522.1519,1122.6266,55.2923,44.9,30.532,41.5,23.348,Our World in Data / WHO,2026-09-30 02:09:06
3717,MKD,North Macedonia,2001,488.5397,10340,488.5397,1050.3604,51.733,44.8,30.464,41.36,23.296,Our World in Data / WHO,2026-09-30 02:09:06
3718,MKD,North Macedonia,2002,530.9503,11375,530.9503,1141.5431,56.2239,44.8,30.464,41.22,23.296,Our World in Data / WHO,2026-09-30 02:09:06
3719,MKD,North Macedonia,2003,514.1965,11210,514.1965,1105.5225,54.4498,44.8,30.464,41.08,23.296,Our World in Data / WHO,2026-09-30 02:09:06
3720,MKD,North Macedonia,2004,496.6683,11095,496.6683,1067.8368,52.5937,44.9,30.532,40.94,23.348,Our World in Data / WHO,2026-09-30 02:09:06
3721,MKD,North Macedonia,2005,500.6998,11515,500.6998,1076.5046,53.0206,44.9,30.532,40.8,23.348,Our World in Data / WHO,2026-09-30 02:09:06
3722,MKD,North Macedonia,2006,482.1447,11515,482.1447,1036.6111,51.0558,45.0,30.6,40.65,23.4,Our World in Data / WHO,2026-09-30 02:09:06
3723,MKD,North Macedonia,2007,492.1571,12055,492.1571,1058.1378,52.116,45.1,30.668,40.5,23.452,Our World in Data / WHO,2026-09-30 02:09:06
3724,MKD,North Macedonia,2008,454.9572,11454,454.9572,978.158,48.1768,45.2,30.736,40.4,23.504,Our World in Data / WHO,2026-09-30 02:09:06
3725,MKD,North Macedonia,2009,447.2885,11605,447.2885,961.6703,47.3647,45.2,30.736,40.3,23.504,Our World in Data / WHO,2026-09-30 02:09:06
3726,MKD,North Macedonia,2010,434.1241,11605,434.1241,933.3668,45.9707,45.2,30.736,40.2,23.504,Our World in Data / WHO,2026-09-30 02:09:06
3727,MKD,North Macedonia,2011,440.7017,12104,440.7017,947.5087,46.6672,45.2,30.736,40.14,23.504,Our World in Data / WHO,2026-09-30 02:09:06
3728,MKD,North Macedonia,2012,440.417,12335,440.417,946.8966,46.6371,45.2,30.736,40.08,23.504,Our World in Data / WHO,2026-09-30 02:09:06
3729,MKD,North Macedonia,2013,405.0325,11631,405.0325,870.8199,42.8901,45.2,30.736,40.02,23.504,Our World in Data / WHO,2026-09-30 02:09:06
3730,MKD,North Macedonia,2014,406.0516,12002,406.0516,873.0109,42.998,45.2,30.736,39.96,23.504,Our World in Data / WHO,2026-09-30 02:09:06
3731,MKD,North Macedonia,2015,414.2012,12528,414.2012,890.5326,43.861,45.2,30.736,39.9,23.504,Our World in Data / WHO,2026-09-30 02:09:06
3732,MKD,North Macedonia,2016,369.5437,11519,369.5437,794.519,39.1321,45.2,30.736,39.84,23.504,Our World in Data / WHO,2026-09-30 02:09:06
3733,MKD,North Macedonia,2017,366.1113,11704,366.1113,787.1393,38.7686,45.2,30.736,39.78,23.504,Our World in Data / WHO,2026-09-30 02:09:06
3734,MKD,North Macedonia,2018,348.7597,11439,348.7597,749.8334,36.9312,45.1,30.668,39.72,23.452,Our World in Data / WHO,2026-09-30 02:09:06
3735,MKD,North Macedonia,2019,360.3452,12257,360.3452,774.7422,38.1581,45.1,30.668,39.66,23.452,Our World in Data / WHO,2026-09-30 02:09:06
3736,MKD,North Macedonia,2020,315.1963,10980,315.1963,677.672,33.3771,45.1,30.668,39.6,23.452,Our World in Data / WHO,2026-09-30 02:09:06
3737,MKD,North Macedonia,2021,283.2987,9786,283.2987,609.0922,29.9994,45.1,30.668,39.6,23.452,Our World in Data / WHO,2026-09-30 02:09:06
3738,MKD,North Macedonia,2022,283.2987,9786,283.2987,609.0922,29.9994,45.1,30.668,39.6,23.452,Our World in Data / WHO,2026-09-30 02:09:06
3739,MLI,Mali,1990,232.8194,10670,232.8194,500.5617,24.654,34.1,23.188,17.1,17.732,Our World in Data / WHO,2026-09-30 02:09:06
3740,MLI,Mali,1991,232.8194,10670,232.8194,500.5617,24.654,34.1,23.188,17.1,17.732,Our World in Data / WHO,2026-09-30 02:09:06
3741,MLI,Mali,1992,232.8194,10670,232.8194,500.5617,24.654,34.1,23.188,17.1,17.732,Our World in Data / WHO,2026-09-30 02:09:06
3742,MLI,Mali,1993,232.8194,10670,232.8194,500.5617,24.654,34.1,23.188,17.1,17.732,Our World in Data / WHO,2026-09-30 02:09:06
3743,MLI,Mali,1994,232.8194,10670,232.8194,500.5617,24.654,34.1,23.188,17.1,17.732,Our World in Data / WHO,2026-09-30 02:09:06
3744,MLI,Mali,1995,232.8194,10670,232.8194,500.5617,24.654,34.1,23.188,17.1,17.732,Our World in Data / WHO,2026-09-30 02:09:06
3745,MLI,Mali,1996,232.8194,10670,232.8194,500.5617,24.654,34.2,23.256,17.1,17.784,Our World in Data / WHO,2026-09-30 02:09:06
3746,MLI,Mali,1997,232.8194,10670,232.8194,500.5617,24.654,34.2,23.256,17.1,17.784,Our World in Data / WHO,2026-09-30 02:09:06
3747,MLI,Mali,1998,232.8194,10670,232.8194,500.5617,24.654,34.3,23.324,17.1,17.836,Our World in Data / WHO,2026-09-30 02:09:06
3748,MLI,Mali,1999,232.8194,10670,232.8194,500.5617,24.654,34.4,23.392,17.1,17.888,Our World in Data / WHO,2026-09-30 02:09:06
3749,MLI,Mali,2000,232.8194,10670,232.8194,500.5617,24.654,34.6,23.528,17.1,17.992,Our World in Data / WHO,2026-09-30 02:09:06
3750,MLI,Mali,2001,230.7308,10767,230.7308,496.0712,24.4328,34.7,23.596,16.52,18.044,Our World in Data / WHO,2026-09-30 02:09:06
3751,MLI,Mali,2002,228.8877,10865,228.8877,492.1086,24.2376,34.9,23.732,15.94,18.148,Our World in Data / WHO,2026-09-30 02:09:06
3752,MLI,Mali,2003,225.5023,10820,225.5023,484.8299,23.8791,35.1,23.868,15.36,18.252,Our World in Data / WHO,2026-09-30 02:09:06
3753,MLI,Mali,2004,223.055,10886,223.055,479.5682,23.62,35.2,23.936,14.78,18.304,Our World in Data / WHO,2026-09-30 02:09:06
3754,MLI,Mali,2005,221.2073,10973,221.2073,475.5957,23.4243,35.4,24.072,14.2,18.408,Our World in Data / WHO,2026-09-30 02:09:06
3755,MLI,Mali,2006,221.9897,11226,221.9897,477.2779,23.5072,35.5,24.14,13.75,18.46,Our World in Data / WHO,2026-09-30 02:09:06
3756,MLI,Mali,2007,224.2337,11656,224.2337,482.1025,23.7448,35.6,24.208,13.3,18.512,Our World in Data / WHO,2026-09-30 02:09:06
3757,MLI,Mali,2008,227.185,12012,227.185,488.4478,24.0573,35.7,24.276,12.8333,18.564,Our World in Data / WHO,2026-09-30 02:09:06
3758,MLI,Mali,2009,228.568,12367,228.568,491.4212,24.2038,35.7,24.276,12.3667,18.564,Our World in Data / WHO,2026-09-30 02:09:06
3759,MLI,Mali,2010,225.9365,12460,225.9365,485.7635,23.9251,35.6,24.208,11.9,18.512,Our World in Data / WHO,2026-09-30 02:09:06
3760,MLI,Mali,2011,225.6666,12712,225.6666,485.1832,23.8965,35.6,24.208,11.54,18.512,Our World in Data / WHO,2026-09-30 02:09:06
3761,MLI,Mali,2012,229.0899,13092,229.0899,492.5433,24.259,35.4,24.072,11.18,18.408,Our World in Data / WHO,2026-09-30 02:09:06
3762,MLI,Mali,2013,226.4948,13185,226.4948,486.9638,23.9842,35.3,24.004,10.82,18.356,Our World in Data / WHO,2026-09-30 02:09:06
3763,MLI,Mali,2014,228.0007,13593,228.0007,490.2015,24.1437,35.2,23.936,10.46,18.304,Our World in Data / WHO,2026-09-30 02:09:06
3764,MLI,Mali,2015,232.5649,14270,232.5649,500.0145,24.627,35.1,23.868,10.1,18.252,Our World in Data / WHO,2026-09-30 02:09:06
3765,MLI,Mali,2016,228.747,14398,228.747,491.806,24.2227,34.9,23.732,9.78,18.148,Our World in Data / WHO,2026-09-30 02:09:06
3766,MLI,Mali,2017,225.4459,14531,225.4459,484.7087,23.8732,34.8,23.664,9.46,18.096,Our World in Data / WHO,2026-09-30 02:09:06
3767,MLI,Mali,2018,223.3757,14692,223.3757,480.2578,23.6539,34.7,23.596,9.14,18.044,Our World in Data / WHO,2026-09-30 02:09:06
3768,MLI,Mali,2019,220.8606,14837,220.8606,474.8503,23.3876,34.6,23.528,8.82,17.992,Our World in Data / WHO,2026-09-30 02:09:06
3769,MLI,Mali,2020,233.252,15911,233.252,501.4918,24.6998,34.6,23.528,8.5,17.992,Our World in Data / WHO,2026-09-30 02:09:06
3770,MLI,Mali,2021,223.8749,15823,223.8749,481.331,23.7068,34.6,23.528,8.2,17.992,Our World in Data / WHO,2026-09-30 02:09:06
3771,MLI,Mali,2022,223.8749,15823,223.8749,481.331,23.7068,34.6,23.528,7.9,17.992,Our World in Data / WHO,2026-09-30 02:09:06
3772,MLT,Malta,1990,238.7559,1410,238.7559,513.3252,25.2826,37.5,25.5,32.6,19.5,Our World in Data / WHO,2026-09-30 02:09:06
3773,MLT,Malta,1991,238.7559,1410,238.7559,513.3252,25.2826,37.3,25.364,32.6,19.396,Our World in Data / WHO,2026-09-30 02:09:06
3774,MLT,Malta,1992,238.7559,1410,238.7559,513.3252,25.2826,37.1,25.228,32.6,19.292,Our World in Data / WHO,2026-09-30 02:09:06
3775,MLT,Malta,1993,238.7559,1410,238.7559,513.3252,25.2826,36.9,25.092,32.6,19.188,Our World in Data / WHO,2026-09-30 02:09:06
3776,MLT,Malta,1994,238.7559,1410,238.7559,513.3252,25.2826,36.7,24.956,32.6,19.084,Our World in Data / WHO,2026-09-30 02:09:06
3777,MLT,Malta,1995,238.7559,1410,238.7559,513.3252,25.2826,36.5,24.82,32.6,18.98,Our World in Data / WHO,2026-09-30 02:09:06
3778,MLT,Malta,1996,238.7559,1410,238.7559,513.3252,25.2826,36.3,24.684,32.6,18.876,Our World in Data / WHO,2026-09-30 02:09:06
3779,MLT,Malta,1997,238.7559,1410,238.7559,513.3252,25.2826,36.1,24.548,32.6,18.772,Our World in Data / WHO,2026-09-30 02:09:06
3780,MLT,Malta,1998,238.7559,1410,238.7559,513.3252,25.2826,35.9,24.412,32.6,18.668,Our World in Data / WHO,2026-09-30 02:09:06
3781,MLT,Malta,1999,238.7559,1410,238.7559,513.3252,25.2826,35.7,24.276,32.6,18.564,Our World in Data / WHO,2026-09-30 02:09:06
3782,MLT,Malta,2000,238.7559,1410,238.7559,513.3252,25.2826,35.6,24.208,32.6,18.512,Our World in Data / WHO,2026-09-30 02:09:06
3783,MLT,Malta,2001,228.4521,1390,228.4521,491.172,24.1915,35.4,24.072,32.18,18.408,Our World in Data / WHO,2026-09-30 02:09:06
3784,MLT,Malta,2002,216.8596,1366,216.8596,466.2481,22.9639,35.2,23.936,31.76,18.304,Our World in Data / WHO,2026-09-30 02:09:06
3785,MLT,Malta,2003,210.0458,1363,210.0458,451.5985,22.2424,35.1,23.868,31.34,18.252,Our World in Data / WHO,2026-09-30 02:09:06
3786,MLT,Malta,2004,206.8505,1390,206.8505,444.7286,21.904,34.9,23.732,30.92,18.148,Our World in Data / WHO,2026-09-30 02:09:06
3787,MLT,Malta,2005,201.5459,1408,201.5459,433.3237,21.3423,34.6,23.528,30.5,17.992,Our World in Data / WHO,2026-09-30 02:09:06
3788,MLT,Malta,2006,195.6107,1418,195.6107,420.563,20.7138,34.4,23.392,30.1,17.888,Our World in Data / WHO,2026-09-30 02:09:06
3789,MLT,Malta,2007,182.5426,1371,182.5426,392.4666,19.33,34.0,23.12,29.7,17.68,Our World in Data / WHO,2026-09-30 02:09:06
3790,MLT,Malta,2008,171.1019,1332,171.1019,367.8691,18.1185,33.7,22.916,29.3667,17.524,Our World in Data / WHO,2026-09-30 02:09:06
3791,MLT,Malta,2009,162.2988,1305,162.2988,348.9424,17.1863,33.3,22.644,29.0333,17.316,Our World in Data / WHO,2026-09-30 02:09:06
3792,MLT,Malta,2010,164.9188,1379,164.9188,354.5754,17.4638,33.0,22.44,28.7,17.16,Our World in Data / WHO,2026-09-30 02:09:06
3793,MLT,Malta,2011,170.6193,1482,170.6193,366.8315,18.0674,32.5,22.1,28.38,16.9,Our World in Data / WHO,2026-09-30 02:09:06
3794,MLT,Malta,2012,165.9762,1502,165.9762,356.8488,17.5757,32.1,21.828,28.06,16.692,Our World in Data / WHO,2026-09-30 02:09:06
3795,MLT,Malta,2013,153.0899,1430,153.0899,329.1433,16.2112,31.7,21.556,27.74,16.484,Our World in Data / WHO,2026-09-30 02:09:06
3796,MLT,Malta,2014,140.7095,1358,140.7095,302.5254,14.9002,31.3,21.284,27.42,16.276,Our World in Data / WHO,2026-09-30 02:09:06
3797,MLT,Malta,2015,132.3654,1336,132.3654,284.5856,14.0166,30.9,21.012,27.1,16.068,Our World in Data / WHO,2026-09-30 02:09:06
3798,MLT,Malta,2016,126.322,1327,126.322,271.5923,13.3766,30.5,20.74,26.82,15.86,Our World in Data / WHO,2026-09-30 02:09:06
3799,MLT,Malta,2017,117.8252,1291,117.8252,253.3242,12.4769,30.2,20.536,26.54,15.704,Our World in Data / WHO,2026-09-30 02:09:06
3800,MLT,Malta,2018,113.7445,1288,113.7445,244.5507,12.0448,29.9,20.332,26.26,15.548,Our World in Data / WHO,2026-09-30 02:09:06
3801,MLT,Malta,2019,110.9951,1314,110.9951,238.6395,12.0,29.5,20.06,25.98,15.34,Our World in Data / WHO,2026-09-30 02:09:06
3802,MLT,Malta,2020,106.5178,1276,106.5178,229.0133,12.0,29.5,20.06,25.7,15.34,Our World in Data / WHO,2026-09-30 02:09:06
3803,MLT,Malta,2021,104.5121,1295,104.5121,224.701,12.0,29.5,20.06,25.35,15.34,Our World in Data / WHO,2026-09-30 02:09:06
3804,MLT,Malta,2022,104.5121,1295,104.5121,224.701,12.0,29.5,20.06,25.0,15.34,Our World in Data / WHO,2026-09-30 02:09:06
3805,MMR,Myanmar,1990,378.5402,103092,378.5402,813.8614,40.0848,30.6,20.808,65.5,15.912,Our World in Data / WHO,2026-09-30 02:09:06
3806,MMR,Myanmar,1991,378.5402,103092,378.5402,813.8614,40.0848,30.8,20.944,65.5,16.016,Our World in Data / WHO,2026-09-30 02:09:06
3807,MMR,Myanmar,1992,378.5402,103092,378.5402,813.8614,40.0848,31.0,21.08,65.5,16.12,Our World in Data / WHO,2026-09-30 02:09:06
3808,MMR,Myanmar,1993,378.5402,103092,378.5402,813.8614,40.0848,31.2,21.216,65.5,16.224,Our World in Data / WHO,2026-09-30 02:09:06
3809,MMR,Myanmar,1994,378.5402,103092,378.5402,813.8614,40.0848,31.4,21.352,65.5,16.328,Our World in Data / WHO,2026-09-30 02:09:06
3810,MMR,Myanmar,1995,378.5402,103092,378.5402,813.8614,40.0848,31.6,21.488,65.5,16.432,Our World in Data / WHO,2026-09-30 02:09:06
3811,MMR,Myanmar,1996,378.5402,103092,378.5402,813.8614,40.0848,31.8,21.624,65.5,16.536,Our World in Data / WHO,2026-09-30 02:09:06
3812,MMR,Myanmar,1997,378.5402,103092,378.5402,813.8614,40.0848,32.0,21.76,65.5,16.64,Our World in Data / WHO,2026-09-30 02:09:06
3813,MMR,Myanmar,1998,378.5402,103092,378.5402,813.8614,40.0848,32.2,21.896,65.5,16.744,Our World in Data / WHO,2026-09-30 02:09:06
3814,MMR,Myanmar,1999,378.5402,103092,378.5402,813.8614,40.0848,32.5,22.1,65.5,16.9,Our World in Data / WHO,2026-09-30 02:09:06
3815,MMR,Myanmar,2000,378.5402,103092,378.5402,813.8614,40.0848,32.8,22.304,65.5,17.056,Our World in Data / WHO,2026-09-30 02:09:06
3816,MMR,Myanmar,2001,375.2438,104087,375.2438,806.7742,39.7357,33.1,22.508,64.4,17.212,Our World in Data / WHO,2026-09-30 02:09:06
3817,MMR,Myanmar,2002,375.1373,106275,375.1373,806.5452,39.7244,33.5,22.78,63.3,17.42,Our World in Data / WHO,2026-09-30 02:09:06
3818,MMR,Myanmar,2003,376.2129,108613,376.2129,808.8577,39.8383,33.8,22.984,62.2,17.576,Our World in Data / WHO,2026-09-30 02:09:06
3819,MMR,Myanmar,2004,378.1365,111205,378.1365,812.9935,40.042,34.2,23.256,61.1,17.784,Our World in Data / WHO,2026-09-30 02:09:06
3820,MMR,Myanmar,2005,372.8416,111864,372.8416,801.6094,39.4813,34.6,23.528,60.0,17.992,Our World in Data / WHO,2026-09-30 02:09:06
3821,MMR,Myanmar,2006,369.8774,113111,369.8774,795.2364,39.1674,35.0,23.8,58.85,18.2,Our World in Data / WHO,2026-09-30 02:09:06
3822,MMR,Myanmar,2007,358.1815,111450,358.1815,770.0902,37.9289,35.3,24.004,57.7,18.356,Our World in Data / WHO,2026-09-30 02:09:06
3823,MMR,Myanmar,2008,350.5645,110989,350.5645,753.7137,37.1223,35.6,24.208,56.7,18.512,Our World in Data / WHO,2026-09-30 02:09:06
3824,MMR,Myanmar,2009,335.4543,107691,335.4543,721.2267,35.5223,35.9,24.412,55.7,18.668,Our World in Data / WHO,2026-09-30 02:09:06
3825,MMR,Myanmar,2010,326.6945,106908,326.6945,702.3932,34.5947,36.1,24.548,54.7,18.772,Our World in Data / WHO,2026-09-30 02:09:06
3826,MMR,Myanmar,2011,314.9708,105146,314.9708,677.1872,33.3532,36.3,24.684,53.74,18.876,Our World in Data / WHO,2026-09-30 02:09:06
3827,MMR,Myanmar,2012,312.0448,106347,312.0448,670.8963,33.0434,36.5,24.82,52.78,18.98,Our World in Data / WHO,2026-09-30 02:09:06
3828,MMR,Myanmar,2013,305.7772,106468,305.7772,657.421,32.3797,36.6,24.888,51.82,19.032,Our World in Data / WHO,2026-09-30 02:09:06
3829,MMR,Myanmar,2014,302.7325,107732,302.7325,650.8749,32.0573,36.8,25.024,50.86,19.136,Our World in Data / WHO,2026-09-30 02:09:06
3830,MMR,Myanmar,2015,302.3826,110074,302.3826,650.1226,32.0202,37.0,25.16,49.9,19.24,Our World in Data / WHO,2026-09-30 02:09:06
3831,MMR,Myanmar,2016,301.0537,112120,301.0537,647.2655,31.8795,37.2,25.296,49.1,19.344,Our World in Data / WHO,2026-09-30 02:09:06
3832,MMR,Myanmar,2017,296.2903,112786,296.2903,637.0241,31.3751,37.4,25.432,48.3,19.448,Our World in Data / WHO,2026-09-30 02:09:06
3833,MMR,Myanmar,2018,300.0199,116940,300.0199,645.0428,31.77,37.6,25.568,47.5,19.552,Our World in Data / WHO,2026-09-30 02:09:06
3834,MMR,Myanmar,2019,300.5761,120003,300.5761,646.2386,31.8289,37.8,25.704,46.7,19.656,Our World in Data / WHO,2026-09-30 02:09:06
3835,MMR,Myanmar,2020,302.826,123692,302.826,651.0759,32.0672,37.8,25.704,45.9,19.656,Our World in Data / WHO,2026-09-30 02:09:06
3836,MMR,Myanmar,2021,281.7143,117208,281.7143,605.6857,29.8316,37.8,25.704,45.2,19.656,Our World in Data / WHO,2026-09-30 02:09:06
3837,MMR,Myanmar,2022,281.7143,117208,281.7143,605.6857,29.8316,37.8,25.704,44.5,19.656,Our World in Data / WHO,2026-09-30 02:09:06
3838,MNE,Montenegro,1990,407.8576,3137,407.8576,876.8938,43.1893,47.5,32.3,36.8,24.7,Our World in Data / WHO,2026-09-30 02:09:06
3839,MNE,Montenegro,1991,407.8576,3137,407.8576,876.8938,43.1893,47.2,32.096,36.8,24.544,Our World in Data / WHO,2026-09-30 02:09:06
3840,MNE,Montenegro,1992,407.8576,3137,407.8576,876.8938,43.1893,46.9,31.892,36.8,24.388,Our World in Data / WHO,2026-09-30 02:09:06
3841,MNE,Montenegro,1993,407.8576,3137,407.8576,876.8938,43.1893,46.6,31.688,36.8,24.232,Our World in Data / WHO,2026-09-30 02:09:06
3842,MNE,Montenegro,1994,407.8576,3137,407.8576,876.8938,43.1893,46.3,31.484,36.8,24.076,Our World in Data / WHO,2026-09-30 02:09:06
3843,MNE,Montenegro,1995,407.8576,3137,407.8576,876.8938,43.1893,46.0,31.28,36.8,23.92,Our World in Data / WHO,2026-09-30 02:09:06
3844,MNE,Montenegro,1996,407.8576,3137,407.8576,876.8938,43.1893,45.7,31.076,36.8,23.764,Our World in Data / WHO,2026-09-30 02:09:06
3845,MNE,Montenegro,1997,407.8576,3137,407.8576,876.8938,43.1893,45.4,30.872,36.8,23.608,Our World in Data / WHO,2026-09-30 02:09:06
3846,MNE,Montenegro,1998,407.8576,3137,407.8576,876.8938,43.1893,45.2,30.736,36.8,23.504,Our World in Data / WHO,2026-09-30 02:09:06
3847,MNE,Montenegro,1999,407.8576,3137,407.8576,876.8938,43.1893,45.0,30.6,36.8,23.4,Our World in Data / WHO,2026-09-30 02:09:06
3848,MNE,Montenegro,2000,407.8576,3137,407.8576,876.8938,43.1893,44.9,30.532,36.8,23.348,Our World in Data / WHO,2026-09-30 02:09:06
3849,MNE,Montenegro,2001,419.1652,3263,419.1652,901.2052,44.3867,44.8,30.464,36.76,23.296,Our World in Data / WHO,2026-09-30 02:09:06
3850,MNE,Montenegro,2002,428.0643,3359,428.0643,920.3382,45.329,44.7,30.396,36.72,23.244,Our World in Data / WHO,2026-09-30 02:09:06
3851,MNE,Montenegro,2003,429.0043,3412,429.0043,922.3592,45.4286,44.7,30.396,36.68,23.244,Our World in Data / WHO,2026-09-30 02:09:06
3852,MNE,Montenegro,2004,419.9828,3430,419.9828,902.963,44.4733,44.7,30.396,36.64,23.244,Our World in Data / WHO,2026-09-30 02:09:06
3853,MNE,Montenegro,2005,401.3811,3401,401.3811,862.9694,42.5035,44.8,30.464,36.6,23.296,Our World in Data / WHO,2026-09-30 02:09:06
3854,MNE,Montenegro,2006,380.1905,3346,380.1905,817.4096,40.2595,44.9,30.532,36.6,23.348,Our World in Data / WHO,2026-09-30 02:09:06
3855,MNE,Montenegro,2007,353.9699,3235,353.9699,761.0353,37.483,45.0,30.6,36.6,23.4,Our World in Data / WHO,2026-09-30 02:09:06
3856,MNE,Montenegro,2008,339.0154,3209,339.0154,728.8831,35.8994,45.0,30.6,36.6,23.4,Our World in Data / WHO,2026-09-30 02:09:06
3857,MNE,Montenegro,2009,329.6355,3233,329.6355,708.7163,34.9061,45.1,30.668,36.6,23.452,Our World in Data / WHO,2026-09-30 02:09:06
3858,MNE,Montenegro,2010,322.334,3272,322.334,693.0181,34.1329,45.1,30.668,36.6,23.452,Our World in Data / WHO,2026-09-30 02:09:06
3859,MNE,Montenegro,2011,319.6169,3344,319.6169,687.1763,33.8452,45.1,30.668,36.58,23.452,Our World in Data / WHO,2026-09-30 02:09:06
3860,MNE,Montenegro,2012,315.8161,3404,315.8161,679.0046,33.4427,45.1,30.668,36.56,23.452,Our World in Data / WHO,2026-09-30 02:09:06
3861,MNE,Montenegro,2013,311.6058,3455,311.6058,669.9525,32.9969,45.1,30.668,36.54,23.452,Our World in Data / WHO,2026-09-30 02:09:06
3862,MNE,Montenegro,2014,305.9209,3477,305.9209,657.7299,32.3949,45.1,30.668,36.52,23.452,Our World in Data / WHO,2026-09-30 02:09:06
3863,MNE,Montenegro,2015,301.4182,3503,301.4182,648.0491,31.9181,45.1,30.668,36.5,23.452,Our World in Data / WHO,2026-09-30 02:09:06
3864,MNE,Montenegro,2016,297.716,3529,297.716,640.0894,31.5261,45.1,30.668,36.6,23.452,Our World in Data / WHO,2026-09-30 02:09:06
3865,MNE,Montenegro,2017,297.8551,3592,297.8551,640.3885,31.5408,45.1,30.668,36.7,23.452,Our World in Data / WHO,2026-09-30 02:09:06
3866,MNE,Montenegro,2018,297.5783,3647,297.5783,639.7933,31.5115,45.1,30.668,36.8,23.452,Our World in Data / WHO,2026-09-30 02:09:06
3867,MNE,Montenegro,2019,311.7439,3893,311.7439,670.2494,33.0115,45.1,30.668,36.9,23.452,Our World in Data / WHO,2026-09-30 02:09:06
3868,MNE,Montenegro,2020,336.2727,4242,336.2727,722.9863,35.6089,45.1,30.668,37.0,23.452,Our World in Data / WHO,2026-09-30 02:09:06
3869,MNE,Montenegro,2021,265.6657,3349,265.6657,571.1813,28.1322,45.1,30.668,37.05,23.452,Our World in Data / WHO,2026-09-30 02:09:06
3870,MNE,Montenegro,2022,265.6657,3349,265.6657,571.1813,28.1322,45.1,30.668,37.1,23.452,Our World in Data / WHO,2026-09-30 02:09:06
3871,MNG,Mongolia,1990,577.7268,6066,577.7268,1242.1126,58.0,41.6,28.288,32.9,21.632,Our World in Data / WHO,2026-09-30 02:09:06
3872,MNG,Mongolia,1991,577.7268,6066,577.7268,1242.1126,58.0,41.8,28.424,32.9,21.736,Our World in Data / WHO,2026-09-30 02:09:06
3873,MNG,Mongolia,1992,577.7268,6066,577.7268,1242.1126,58.0,42.0,28.56,32.9,21.84,Our World in Data / WHO,2026-09-30 02:09:06
3874,MNG,Mongolia,1993,577.7268,6066,577.7268,1242.1126,58.0,42.2,28.696,32.9,21.944,Our World in Data / WHO,2026-09-30 02:09:06
3875,MNG,Mongolia,1994,577.7268,6066,577.7268,1242.1126,58.0,42.4,28.832,32.9,22.048,Our World in Data / WHO,2026-09-30 02:09:06
3876,MNG,Mongolia,1995,577.7268,6066,577.7268,1242.1126,58.0,42.6,28.968,32.9,22.152,Our World in Data / WHO,2026-09-30 02:09:06
3877,MNG,Mongolia,1996,577.7268,6066,577.7268,1242.1126,58.0,42.9,29.172,32.9,22.308,Our World in Data / WHO,2026-09-30 02:09:06
3878,MNG,Mongolia,1997,577.7268,6066,577.7268,1242.1126,58.0,43.1,29.308,32.9,22.412,Our World in Data / WHO,2026-09-30 02:09:06
3879,MNG,Mongolia,1998,577.7268,6066,577.7268,1242.1126,58.0,43.4,29.512,32.9,22.568,Our World in Data / WHO,2026-09-30 02:09:06
3880,MNG,Mongolia,1999,577.7268,6066,577.7268,1242.1126,58.0,43.6,29.648,32.9,22.672,Our World in Data / WHO,2026-09-30 02:09:06
3881,MNG,Mongolia,2000,577.7268,6066,577.7268,1242.1126,58.0,43.9,29.852,32.9,22.828,Our World in Data / WHO,2026-09-30 02:09:06
3882,MNG,Mongolia,2001,585.2668,6221,585.2668,1258.3236,58.0,44.2,30.056,32.76,22.984,Our World in Data / WHO,2026-09-30 02:09:06
3883,MNG,Mongolia,2002,579.8237,6285,579.8237,1246.621,58.0,44.5,30.26,32.62,23.14,Our World in Data / WHO,2026-09-30 02:09:06
3884,MNG,Mongolia,2003,563.109,6288,563.109,1210.6844,58.0,44.8,30.464,32.48,23.296,Our World in Data / WHO,2026-09-30 02:09:06
3885,MNG,Mongolia,2004,546.1213,6279,546.1213,1174.1608,57.8305,45.0,30.6,32.34,23.4,Our World in Data / WHO,2026-09-30 02:09:06
3886,MNG,Mongolia,2005,539.4445,6383,539.4445,1159.8057,57.1234,45.2,30.736,32.2,23.504,Our World in Data / WHO,2026-09-30 02:09:06
3887,MNG,Mongolia,2006,519.4638,6324,519.4638,1116.8472,55.0076,45.4,30.872,32.0,23.608,Our World in Data / WHO,2026-09-30 02:09:06
3888,MNG,Mongolia,2007,500.4776,6294,500.4776,1076.0268,52.9971,45.5,30.94,31.8,23.66,Our World in Data / WHO,2026-09-30 02:09:06
3889,MNG,Mongolia,2008,498.3858,6471,498.3858,1071.5295,52.7756,45.5,30.94,31.6333,23.66,Our World in Data / WHO,2026-09-30 02:09:06
3890,MNG,Mongolia,2009,498.3251,6687,498.3251,1071.399,52.7692,45.6,31.008,31.4667,23.712,Our World in Data / WHO,2026-09-30 02:09:06
3891,MNG,Mongolia,2010,495.54,6905,495.54,1065.411,52.4742,45.5,30.94,31.3,23.66,Our World in Data / WHO,2026-09-30 02:09:06
3892,MNG,Mongolia,2011,487.5062,7030,487.5062,1048.1383,51.6235,45.4,30.872,31.16,23.608,Our World in Data / WHO,2026-09-30 02:09:06
3893,MNG,Mongolia,2012,467.6978,6910,467.6978,1005.5503,49.5259,45.2,30.736,31.02,23.504,Our World in Data / WHO,2026-09-30 02:09:06
3894,MNG,Mongolia,2013,453.4305,6875,453.4305,974.8756,48.0151,45.0,30.6,30.88,23.4,Our World in Data / WHO,2026-09-30 02:09:06
3895,MNG,Mongolia,2014,426.0025,6706,426.0025,915.9054,45.1107,44.7,30.396,30.74,23.244,Our World in Data / WHO,2026-09-30 02:09:06
3896,MNG,Mongolia,2015,424.4366,6942,424.4366,912.5387,44.9449,44.4,30.192,30.6,23.088,Our World in Data / WHO,2026-09-30 02:09:06
3897,MNG,Mongolia,2016,410.8979,7063,410.8979,883.4305,43.5112,44.0,29.92,30.5,22.88,Our World in Data / WHO,2026-09-30 02:09:06
3898,MNG,Mongolia,2017,395.3691,7162,395.3691,850.0436,41.8668,43.6,29.648,30.4,22.672,Our World in Data / WHO,2026-09-30 02:09:06
3899,MNG,Mongolia,2018,369.1172,7059,369.1172,793.602,39.0869,43.2,29.376,30.3,22.464,Our World in Data / WHO,2026-09-30 02:09:06
3900,MNG,Mongolia,2019,356.8044,7231,356.8044,767.1295,37.7831,42.8,29.104,30.2,22.256,Our World in Data / WHO,2026-09-30 02:09:06
3901,MNG,Mongolia,2020,278.164,5978,278.164,598.0526,29.4556,42.8,29.104,30.1,22.256,Our World in Data / WHO,2026-09-30 02:09:06
3902,MNG,Mongolia,2021,342.38,7234,342.38,736.117,36.2557,42.8,29.104,30.0,22.256,Our World in Data / WHO,2026-09-30 02:09:06
3903,MNG,Mongolia,2022,342.38,7234,342.38,736.117,36.2557,42.8,29.104,29.9,22.256,Our World in Data / WHO,2026-09-30 02:09:06
3904,MOZ,Mozambique,1990,252.0504,16412,252.0504,541.9084,26.6904,37.1,25.228,30.6,19.292,Our World in Data / WHO,2026-09-30 02:09:06
3905,MOZ,Mozambique,1991,252.0504,16412,252.0504,541.9084,26.6904,37.2,25.296,30.6,19.344,Our World in Data / WHO,2026-09-30 02:09:06
3906,MOZ,Mozambique,1992,252.0504,16412,252.0504,541.9084,26.6904,37.3,25.364,30.6,19.396,Our World in Data / WHO,2026-09-30 02:09:06
3907,MOZ,Mozambique,1993,252.0504,16412,252.0504,541.9084,26.6904,37.4,25.432,30.6,19.448,Our World in Data / WHO,2026-09-30 02:09:06
3908,MOZ,Mozambique,1994,252.0504,16412,252.0504,541.9084,26.6904,37.6,25.568,30.6,19.552,Our World in Data / WHO,2026-09-30 02:09:06
3909,MOZ,Mozambique,1995,252.0504,16412,252.0504,541.9084,26.6904,37.7,25.636,30.6,19.604,Our World in Data / WHO,2026-09-30 02:09:06
3910,MOZ,Mozambique,1996,252.0504,16412,252.0504,541.9084,26.6904,37.8,25.704,30.6,19.656,Our World in Data / WHO,2026-09-30 02:09:06
3911,MOZ,Mozambique,1997,252.0504,16412,252.0504,541.9084,26.6904,38.0,25.84,30.6,19.76,Our World in Data / WHO,2026-09-30 02:09:06
3912,MOZ,Mozambique,1998,252.0504,16412,252.0504,541.9084,26.6904,38.2,25.976,30.6,19.864,Our World in Data / WHO,2026-09-30 02:09:06
3913,MOZ,Mozambique,1999,252.0504,16412,252.0504,541.9084,26.6904,38.4,26.112,30.6,19.968,Our World in Data / WHO,2026-09-30 02:09:06
3914,MOZ,Mozambique,2000,252.0504,16412,252.0504,541.9084,26.6904,38.6,26.248,30.6,20.072,Our World in Data / WHO,2026-09-30 02:09:06
3915,MOZ,Mozambique,2001,242.4918,16094,242.4918,521.3574,25.6782,38.9,26.452,29.32,20.228,Our World in Data / WHO,2026-09-30 02:09:06
3916,MOZ,Mozambique,2002,244.7604,16513,244.7604,526.2349,25.9184,39.2,26.656,28.04,20.384,Our World in Data / WHO,2026-09-30 02:09:06
3917,MOZ,Mozambique,2003,242.9145,16609,242.9145,522.2662,25.723,39.5,26.86,26.76,20.54,Our World in Data / WHO,2026-09-30 02:09:06
3918,MOZ,Mozambique,2004,245.0266,17037,245.0266,526.8072,25.9466,39.8,27.064,25.48,20.696,Our World in Data / WHO,2026-09-30 02:09:06
3919,MOZ,Mozambique,2005,249.2747,17658,249.2747,535.9406,26.3965,40.1,27.268,24.2,20.852,Our World in Data / WHO,2026-09-30 02:09:06
3920,MOZ,Mozambique,2006,270.803,19713,270.803,582.2264,28.6762,40.4,27.472,23.15,21.008,Our World in Data / WHO,2026-09-30 02:09:06
3921,MOZ,Mozambique,2007,309.4033,23102,309.4033,665.2171,32.7637,40.6,27.608,22.1,21.112,Our World in Data / WHO,2026-09-30 02:09:06
3922,MOZ,Mozambique,2008,318.5056,24546,318.5056,684.787,33.7275,40.7,27.676,21.1667,21.164,Our World in Data / WHO,2026-09-30 02:09:06
3923,MOZ,Mozambique,2009,331.4661,26184,331.4661,712.6521,35.1,40.8,27.744,20.2333,21.216,Our World in Data / WHO,2026-09-30 02:09:06
3924,MOZ,Mozambique,2010,344.7212,27878,344.7212,741.1506,36.5036,40.7,27.676,19.3,21.164,Our World in Data / WHO,2026-09-30 02:09:06
3925,MOZ,Mozambique,2011,350.0235,29008,350.0235,752.5505,37.0651,40.6,27.608,18.52,21.112,Our World in Data / WHO,2026-09-30 02:09:06
3926,MOZ,Mozambique,2012,352.191,29731,352.191,757.2106,37.2946,40.5,27.54,17.74,21.06,Our World in Data / WHO,2026-09-30 02:09:06
3927,MOZ,Mozambique,2013,367.0842,31941,367.0842,789.231,38.8717,40.3,27.404,16.96,20.956,Our World in Data / WHO,2026-09-30 02:09:06
3928,MOZ,Mozambique,2014,383.6304,34728,383.6304,824.8054,40.6238,40.1,27.268,16.18,20.852,Our World in Data / WHO,2026-09-30 02:09:06
3929,MOZ,Mozambique,2015,381.8997,35722,381.8997,821.0844,40.4405,39.8,27.064,15.4,20.696,Our World in Data / WHO,2026-09-30 02:09:06
3930,MOZ,Mozambique,2016,396.5656,38351,396.5656,852.616,41.9935,39.5,26.86,14.8,20.54,Our World in Data / WHO,2026-09-30 02:09:06
3931,MOZ,Mozambique,2017,404.2676,40240,404.2676,869.1753,42.8091,39.2,26.656,14.2,20.384,Our World in Data / WHO,2026-09-30 02:09:06
3932,MOZ,Mozambique,2018,400.1255,40909,400.1255,860.2698,42.3705,38.9,26.452,13.6,20.228,Our World in Data / WHO,2026-09-30 02:09:06
3933,MOZ,Mozambique,2019,385.2657,40122,385.2657,828.3213,40.797,38.6,26.248,13.0,20.072,Our World in Data / WHO,2026-09-30 02:09:06
3934,MOZ,Mozambique,2020,388.9269,41135,388.9269,836.1928,41.1847,38.6,26.248,12.4,20.072,Our World in Data / WHO,2026-09-30 02:09:06
3935,MOZ,Mozambique,2021,355.7333,38992,355.7333,764.8266,37.6697,38.6,26.248,11.95,20.072,Our World in Data / WHO,2026-09-30 02:09:06
3936,MOZ,Mozambique,2022,355.7333,38992,355.7333,764.8266,37.6697,38.6,26.248,11.5,20.072,Our World in Data / WHO,2026-09-30 02:09:06
3937,MRT,Mauritania,1990,294.7788,2878,294.7788,633.7744,31.215,37.0,25.16,19.7,19.24,Our World in Data / WHO,2026-09-30 02:09:06
3938,MRT,Mauritania,1991,294.7788,2878,294.7788,633.7744,31.215,37.1,25.228,19.7,19.292,Our World in Data / WHO,2026-09-30 02:09:06
3939,MRT,Mauritania,1992,294.7788,2878,294.7788,633.7744,31.215,37.2,25.296,19.7,19.344,Our World in Data / WHO,2026-09-30 02:09:06
3940,MRT,Mauritania,1993,294.7788,2878,294.7788,633.7744,31.215,37.3,25.364,19.7,19.396,Our World in Data / WHO,2026-09-30 02:09:06
3941,MRT,Mauritania,1994,294.7788,2878,294.7788,633.7744,31.215,37.5,25.5,19.7,19.5,Our World in Data / WHO,2026-09-30 02:09:06
3942,MRT,Mauritania,1995,294.7788,2878,294.7788,633.7744,31.215,37.6,25.568,19.7,19.552,Our World in Data / WHO,2026-09-30 02:09:06
3943,MRT,Mauritania,1996,294.7788,2878,294.7788,633.7744,31.215,37.7,25.636,19.7,19.604,Our World in Data / WHO,2026-09-30 02:09:06
3944,MRT,Mauritania,1997,294.7788,2878,294.7788,633.7744,31.215,37.9,25.772,19.7,19.708,Our World in Data / WHO,2026-09-30 02:09:06
3945,MRT,Mauritania,1998,294.7788,2878,294.7788,633.7744,31.215,38.0,25.84,19.7,19.76,Our World in Data / WHO,2026-09-30 02:09:06
3946,MRT,Mauritania,1999,294.7788,2878,294.7788,633.7744,31.215,38.2,25.976,19.7,19.864,Our World in Data / WHO,2026-09-30 02:09:06
3947,MRT,Mauritania,2000,294.7788,2878,294.7788,633.7744,31.215,38.4,26.112,19.7,19.968,Our World in Data / WHO,2026-09-30 02:09:06
3948,MRT,Mauritania,2001,287.21,2858,287.21,617.5015,30.4135,38.6,26.248,19.14,20.072,Our World in Data / WHO,2026-09-30 02:09:06
3949,MRT,Mauritania,2002,282.755,2876,282.755,607.9232,29.9418,38.8,26.384,18.58,20.176,Our World in Data / WHO,2026-09-30 02:09:06
3950,MRT,Mauritania,2003,274.4772,2864,274.4772,590.126,29.0652,39.1,26.588,18.02,20.332,Our World in Data / WHO,2026-09-30 02:09:06
3951,MRT,Mauritania,2004,276.8274,2948,276.8274,595.1789,29.3141,39.3,26.724,17.46,20.436,Our World in Data / WHO,2026-09-30 02:09:06
3952,MRT,Mauritania,2005,261.7198,2858,261.7198,562.6976,27.7143,39.5,26.86,16.9,20.54,Our World in Data / WHO,2026-09-30 02:09:06
3953,MRT,Mauritania,2006,262.8934,2940,262.8934,565.2208,27.8386,39.6,26.928,16.4,20.592,Our World in Data / WHO,2026-09-30 02:09:06
3954,MRT,Mauritania,2007,262.6742,3010,262.6742,564.7495,27.8154,39.7,26.996,15.9,20.644,Our World in Data / WHO,2026-09-30 02:09:06
3955,MRT,Mauritania,2008,257.6819,3130,257.6819,554.0161,27.2867,39.8,27.064,15.4333,20.696,Our World in Data / WHO,2026-09-30 02:09:06
3956,MRT,Mauritania,2009,258.3354,3422,258.3354,555.4211,27.3559,39.8,27.064,14.9667,20.696,Our World in Data / WHO,2026-09-30 02:09:06
3957,MRT,Mauritania,2010,257.9255,3729,257.9255,554.5398,27.3125,39.7,26.996,14.5,20.644,Our World in Data / WHO,2026-09-30 02:09:06
3958,MRT,Mauritania,2011,252.6238,4000,252.6238,543.1412,26.7511,39.5,26.86,14.14,20.54,Our World in Data / WHO,2026-09-30 02:09:06
3959,MRT,Mauritania,2012,261.8442,4544,261.8442,562.965,27.7275,39.4,26.792,13.78,20.488,Our World in Data / WHO,2026-09-30 02:09:06
3960,MRT,Mauritania,2013,256.1776,4633,256.1776,550.7818,27.1274,39.2,26.656,13.42,20.384,Our World in Data / WHO,2026-09-30 02:09:06
3961,MRT,Mauritania,2014,257.943,4633,257.943,554.5774,27.3144,39.0,26.52,13.06,20.28,Our World in Data / WHO,2026-09-30 02:09:06
3962,MRT,Mauritania,2015,259.6224,4652,259.6224,558.1882,27.4922,38.8,26.384,12.7,20.176,Our World in Data / WHO,2026-09-30 02:09:06
3963,MRT,Mauritania,2016,260.5338,4673,260.5338,560.1477,27.5887,38.6,26.248,12.36,20.072,Our World in Data / WHO,2026-09-30 02:09:06
3964,MRT,Mauritania,2017,262.2641,4728,262.2641,563.8678,27.7719,38.3,26.044,12.02,19.916,Our World in Data / WHO,2026-09-30 02:09:06
3965,MRT,Mauritania,2018,261.8557,4757,261.8557,562.9898,27.7287,38.1,25.908,11.68,19.812,Our World in Data / WHO,2026-09-30 02:09:06
3966,MRT,Mauritania,2019,262.6309,4823,262.6309,564.6564,27.8108,37.9,25.772,11.34,19.708,Our World in Data / WHO,2026-09-30 02:09:06
3967,MRT,Mauritania,2020,275.2928,5067,275.2928,591.8795,29.1516,37.9,25.772,11.0,19.708,Our World in Data / WHO,2026-09-30 02:09:06
3968,MRT,Mauritania,2021,260.3843,4870,260.3843,559.8262,27.5729,37.9,25.772,10.7,19.708,Our World in Data / WHO,2026-09-30 02:09:06
3969,MRT,Mauritania,2022,260.3843,4870,260.3843,559.8262,27.5729,37.9,25.772,10.4,19.708,Our World in Data / WHO,2026-09-30 02:09:06
3970,MUS,Mauritius,1990,287.4889,2631,287.4889,618.1011,30.4431,31.4,21.352,27.0,16.328,Our World in Data / WHO,2026-09-30 02:09:06
3971,MUS,Mauritius,1991,287.4889,2631,287.4889,618.1011,30.4431,31.8,21.624,27.0,16.536,Our World in Data / WHO,2026-09-30 02:09:06
3972,MUS,Mauritius,1992,287.4889,2631,287.4889,618.1011,30.4431,32.1,21.828,27.0,16.692,Our World in Data / WHO,2026-09-30 02:09:06
3973,MUS,Mauritius,1993,287.4889,2631,287.4889,618.1011,30.4431,32.5,22.1,27.0,16.9,Our World in Data / WHO,2026-09-30 02:09:06
3974,MUS,Mauritius,1994,287.4889,2631,287.4889,618.1011,30.4431,32.8,22.304,27.0,17.056,Our World in Data / WHO,2026-09-30 02:09:06
3975,MUS,Mauritius,1995,287.4889,2631,287.4889,618.1011,30.4431,33.2,22.576,27.0,17.264,Our World in Data / WHO,2026-09-30 02:09:06
3976,MUS,Mauritius,1996,287.4889,2631,287.4889,618.1011,30.4431,33.6,22.848,27.0,17.472,Our World in Data / WHO,2026-09-30 02:09:06
3977,MUS,Mauritius,1997,287.4889,2631,287.4889,618.1011,30.4431,33.9,23.052,27.0,17.628,Our World in Data / WHO,2026-09-30 02:09:06
3978,MUS,Mauritius,1998,287.4889,2631,287.4889,618.1011,30.4431,34.3,23.324,27.0,17.836,Our World in Data / WHO,2026-09-30 02:09:06
3979,MUS,Mauritius,1999,287.4889,2631,287.4889,618.1011,30.4431,34.7,23.596,27.0,18.044,Our World in Data / WHO,2026-09-30 02:09:06
3980,MUS,Mauritius,2000,287.4889,2631,287.4889,618.1011,30.4431,35.1,23.868,27.0,18.252,Our World in Data / WHO,2026-09-30 02:09:06
3981,MUS,Mauritius,2001,272.5067,2582,272.5067,585.8894,28.8566,35.5,24.14,26.52,18.46,Our World in Data / WHO,2026-09-30 02:09:06
3982,MUS,Mauritius,2002,285.4345,2777,285.4345,613.6842,30.2255,35.9,24.412,26.04,18.668,Our World in Data / WHO,2026-09-30 02:09:06
3983,MUS,Mauritius,2003,282.2378,2823,282.2378,606.8113,29.887,36.3,24.684,25.56,18.876,Our World in Data / WHO,2026-09-30 02:09:06
3984,MUS,Mauritius,2004,277.2732,2845,277.2732,596.1374,29.3613,36.7,24.956,25.08,19.084,Our World in Data / WHO,2026-09-30 02:09:06
3985,MUS,Mauritius,2005,315.0618,3300,315.0618,677.3829,33.3629,37.0,25.16,24.6,19.24,Our World in Data / WHO,2026-09-30 02:09:06
3986,MUS,Mauritius,2006,294.7349,3183,294.7349,633.68,31.2104,37.3,25.364,24.15,19.396,Our World in Data / WHO,2026-09-30 02:09:06
3987,MUS,Mauritius,2007,299.393,3335,299.393,643.6949,31.7036,37.4,25.432,23.7,19.448,Our World in Data / WHO,2026-09-30 02:09:06
3988,MUS,Mauritius,2008,279.459,3209,279.459,600.8368,29.5928,37.5,25.5,23.3,19.5,Our World in Data / WHO,2026-09-30 02:09:06
3989,MUS,Mauritius,2009,262.5401,3143,262.5401,564.4612,27.8012,37.4,25.432,22.9,19.448,Our World in Data / WHO,2026-09-30 02:09:06
3990,MUS,Mauritius,2010,245.8068,3046,245.8068,528.4846,26.0292,37.2,25.296,22.5,19.344,Our World in Data / WHO,2026-09-30 02:09:06
3991,MUS,Mauritius,2011,232.8909,2990,232.8909,500.7154,24.6615,36.9,25.092,22.1,19.188,Our World in Data / WHO,2026-09-30 02:09:06
3992,MUS,Mauritius,2012,228.2876,3036,228.2876,490.8183,24.1741,36.5,24.82,21.7,18.98,Our World in Data / WHO,2026-09-30 02:09:06
3993,MUS,Mauritius,2013,223.7319,3069,223.7319,481.0236,23.6917,36.1,24.548,21.3,18.772,Our World in Data / WHO,2026-09-30 02:09:06
3994,MUS,Mauritius,2014,224.2988,3179,224.2988,482.2424,23.7517,35.6,24.208,20.9,18.512,Our World in Data / WHO,2026-09-30 02:09:06
3995,MUS,Mauritius,2015,232.2253,3399,232.2253,499.2844,24.591,35.1,23.868,20.5,18.252,Our World in Data / WHO,2026-09-30 02:09:06
3996,MUS,Mauritius,2016,238.8148,3602,238.8148,513.4518,25.2888,34.6,23.528,20.18,17.992,Our World in Data / WHO,2026-09-30 02:09:06
3997,MUS,Mauritius,2017,222.8263,3459,222.8263,479.0765,23.5958,34.1,23.188,19.86,17.732,Our World in Data / WHO,2026-09-30 02:09:06
3998,MUS,Mauritius,2018,243.827,3894,243.827,524.228,25.8196,33.6,22.848,19.54,17.472,Our World in Data / WHO,2026-09-30 02:09:06
3999,MUS,Mauritius,2019,220.629,3625,220.629,474.3523,23.3631,33.1,22.508,19.22,17.212,Our World in Data / WHO,2026-09-30 02:09:06
4000,MUS,Mauritius,2020,230.556,3892,230.556,495.6954,24.4143,33.1,22.508,18.9,17.212,Our World in Data / WHO,2026-09-30 02:09:06
4001,MUS,Mauritius,2021,241.3772,4175,241.3772,518.961,25.5602,33.1,22.508,18.55,17.212,Our World in Data / WHO,2026-09-30 02:09:06
4002,MUS,Mauritius,2022,241.3772,4175,241.3772,518.961,25.5602,33.1,22.508,18.2,17.212,Our World in Data / WHO,2026-09-30 02:09:06
4003,MWI,Malawi,1990,303.2839,14823,303.2839,652.0604,32.1157,34.7,23.596,24.3,18.044,Our World in Data / WHO,2026-09-30 02:09:06
4004,MWI,Malawi,1991,303.2839,14823,303.2839,652.0604,32.1157,34.8,23.664,24.3,18.096,Our World in Data / WHO,2026-09-30 02:09:06
4005,MWI,Malawi,1992,303.2839,14823,303.2839,652.0604,32.1157,35.0,23.8,24.3,18.2,Our World in Data / WHO,2026-09-30 02:09:06
4006,MWI,Malawi,1993,303.2839,14823,303.2839,652.0604,32.1157,35.2,23.936,24.3,18.304,Our World in Data / WHO,2026-09-30 02:09:06
4007,MWI,Malawi,1994,303.2839,14823,303.2839,652.0604,32.1157,35.4,24.072,24.3,18.408,Our World in Data / WHO,2026-09-30 02:09:06
4008,MWI,Malawi,1995,303.2839,14823,303.2839,652.0604,32.1157,35.6,24.208,24.3,18.512,Our World in Data / WHO,2026-09-30 02:09:06
4009,MWI,Malawi,1996,303.2839,14823,303.2839,652.0604,32.1157,35.9,24.412,24.3,18.668,Our World in Data / WHO,2026-09-30 02:09:06
4010,MWI,Malawi,1997,303.2839,14823,303.2839,652.0604,32.1157,36.1,24.548,24.3,18.772,Our World in Data / WHO,2026-09-30 02:09:06
4011,MWI,Malawi,1998,303.2839,14823,303.2839,652.0604,32.1157,36.3,24.684,24.3,18.876,Our World in Data / WHO,2026-09-30 02:09:06
4012,MWI,Malawi,1999,303.2839,14823,303.2839,652.0604,32.1157,36.5,24.82,24.3,18.98,Our World in Data / WHO,2026-09-30 02:09:06
4013,MWI,Malawi,2000,303.2839,14823,303.2839,652.0604,32.1157,36.8,25.024,24.3,19.136,Our World in Data / WHO,2026-09-30 02:09:06
4014,MWI,Malawi,2001,287.2285,15254,287.2285,617.5413,30.4155,37.0,25.16,23.34,19.24,Our World in Data / WHO,2026-09-30 02:09:06
4015,MWI,Malawi,2002,273.067,15625,273.067,587.094,28.9159,37.2,25.296,22.38,19.344,Our World in Data / WHO,2026-09-30 02:09:06
4016,MWI,Malawi,2003,275.4528,16802,275.4528,592.2235,29.1685,37.4,25.432,21.42,19.448,Our World in Data / WHO,2026-09-30 02:09:06
4017,MWI,Malawi,2004,271.4325,17482,271.4325,583.5799,28.7428,37.5,25.5,20.46,19.5,Our World in Data / WHO,2026-09-30 02:09:06
4018,MWI,Malawi,2005,255.6418,17444,255.6418,549.6299,27.0707,37.6,25.568,19.5,19.552,Our World in Data / WHO,2026-09-30 02:09:06
4019,MWI,Malawi,2006,267.4733,18809,267.4733,575.0676,28.3236,37.6,25.568,18.7,19.552,Our World in Data / WHO,2026-09-30 02:09:06
4020,MWI,Malawi,2007,261.0298,18906,261.0298,561.2141,27.6412,37.5,25.5,17.9,19.5,Our World in Data / WHO,2026-09-30 02:09:06
4021,MWI,Malawi,2008,249.3516,18045,249.3516,536.1059,26.4046,37.3,25.364,17.1667,19.396,Our World in Data / WHO,2026-09-30 02:09:06
4022,MWI,Malawi,2009,249.0798,17513,249.0798,535.5216,26.3758,37.0,25.16,16.4333,19.24,Our World in Data / WHO,2026-09-30 02:09:06
4023,MWI,Malawi,2010,239.8128,16511,239.8128,515.5975,25.3945,36.5,24.82,15.7,18.98,Our World in Data / WHO,2026-09-30 02:09:06
4024,MWI,Malawi,2011,243.4191,16463,243.4191,523.3511,25.7764,35.9,24.412,15.12,18.668,Our World in Data / WHO,2026-09-30 02:09:06
4025,MWI,Malawi,2012,243.1289,16265,243.1289,522.7271,25.7457,35.2,23.936,14.54,18.304,Our World in Data / WHO,2026-09-30 02:09:06
4026,MWI,Malawi,2013,240.3473,15980,240.3473,516.7467,25.4511,34.5,23.46,13.96,17.94,Our World in Data / WHO,2026-09-30 02:09:06
4027,MWI,Malawi,2014,245.9801,16293,245.9801,528.8572,26.0476,33.7,22.916,13.38,17.524,Our World in Data / WHO,2026-09-30 02:09:06
4028,MWI,Malawi,2015,256.4122,16943,256.4122,551.2862,27.1523,32.9,22.372,12.8,17.108,Our World in Data / WHO,2026-09-30 02:09:06
4029,MWI,Malawi,2016,263.5263,17472,263.5263,566.5815,27.9056,32.0,21.76,12.32,16.64,Our World in Data / WHO,2026-09-30 02:09:06
4030,MWI,Malawi,2017,274.2677,18314,274.2677,589.6756,29.043,31.2,21.216,11.84,16.224,Our World in Data / WHO,2026-09-30 02:09:06
4031,MWI,Malawi,2018,280.0689,18895,280.0689,602.1481,29.6574,30.3,20.604,11.36,15.756,Our World in Data / WHO,2026-09-30 02:09:06
4032,MWI,Malawi,2019,289.1859,19812,289.1859,621.7497,30.6228,29.5,20.06,10.88,15.34,Our World in Data / WHO,2026-09-30 02:09:06
4033,MWI,Malawi,2020,304.5456,20932,304.5456,654.773,32.2493,29.5,20.06,10.4,15.34,Our World in Data / WHO,2026-09-30 02:09:06
4034,MWI,Malawi,2021,290.2099,20606,290.2099,623.9513,30.7312,29.5,20.06,10.0,15.34,Our World in Data / WHO,2026-09-30 02:09:06
4035,MWI,Malawi,2022,290.2099,20606,290.2099,623.9513,30.7312,29.5,20.06,9.6,15.34,Our World in Data / WHO,2026-09-30 02:09:06
4036,MYS,Malaysia,1990,308.5975,35432,308.5975,663.4846,32.6783,34.1,23.188,27.6,17.732,Our World in Data / WHO,2026-09-30 02:09:06
4037,MYS,Malaysia,1991,308.5975,35432,308.5975,663.4846,32.6783,34.5,23.46,27.6,17.94,Our World in Data / WHO,2026-09-30 02:09:06
4038,MYS,Malaysia,1992,308.5975,35432,308.5975,663.4846,32.6783,35.0,23.8,27.6,18.2,Our World in Data / WHO,2026-09-30 02:09:06
4039,MYS,Malaysia,1993,308.5975,35432,308.5975,663.4846,32.6783,35.5,24.14,27.6,18.46,Our World in Data / WHO,2026-09-30 02:09:06
4040,MYS,Malaysia,1994,308.5975,35432,308.5975,663.4846,32.6783,36.0,24.48,27.6,18.72,Our World in Data / WHO,2026-09-30 02:09:06
4041,MYS,Malaysia,1995,308.5975,35432,308.5975,663.4846,32.6783,36.5,24.82,27.6,18.98,Our World in Data / WHO,2026-09-30 02:09:06
4042,MYS,Malaysia,1996,308.5975,35432,308.5975,663.4846,32.6783,37.0,25.16,27.6,19.24,Our World in Data / WHO,2026-09-30 02:09:06
4043,MYS,Malaysia,1997,308.5975,35432,308.5975,663.4846,32.6783,37.5,25.5,27.6,19.5,Our World in Data / WHO,2026-09-30 02:09:06
4044,MYS,Malaysia,1998,308.5975,35432,308.5975,663.4846,32.6783,38.0,25.84,27.6,19.76,Our World in Data / WHO,2026-09-30 02:09:06
4045,MYS,Malaysia,1999,308.5975,35432,308.5975,663.4846,32.6783,38.5,26.18,27.6,20.02,Our World in Data / WHO,2026-09-30 02:09:06
4046,MYS,Malaysia,2000,308.5975,35432,308.5975,663.4846,32.6783,39.0,26.52,27.6,20.28,Our World in Data / WHO,2026-09-30 02:09:06
4047,MYS,Malaysia,2001,298.3691,35453,298.3691,641.4936,31.5952,39.5,26.86,26.98,20.54,Our World in Data / WHO,2026-09-30 02:09:06
4048,MYS,Malaysia,2002,295.7678,36462,295.7678,635.9008,31.3198,40.0,27.2,26.36,20.8,Our World in Data / WHO,2026-09-30 02:09:06
4049,MYS,Malaysia,2003,303.5358,38961,303.5358,652.602,32.1423,40.5,27.54,25.74,21.06,Our World in Data / WHO,2026-09-30 02:09:06
4050,MYS,Malaysia,2004,301.8536,40317,301.8536,648.9852,31.9642,41.0,27.88,25.12,21.32,Our World in Data / WHO,2026-09-30 02:09:06
4051,MYS,Malaysia,2005,298.5522,41512,298.5522,641.8872,31.6146,41.3,28.084,24.5,21.476,Our World in Data / WHO,2026-09-30 02:09:06
4052,MYS,Malaysia,2006,291.5,42527,291.5,626.725,30.8678,41.7,28.356,23.95,21.684,Our World in Data / WHO,2026-09-30 02:09:06
4053,MYS,Malaysia,2007,287.1855,44125,287.1855,617.4488,30.4109,41.9,28.492,23.4,21.788,Our World in Data / WHO,2026-09-30 02:09:06
4054,MYS,Malaysia,2008,294.7976,47653,294.7976,633.8148,31.217,42.0,28.56,22.9333,21.84,Our World in Data / WHO,2026-09-30 02:09:06
4055,MYS,Malaysia,2009,301.5318,51123,301.5318,648.2934,31.9301,42.0,28.56,22.4667,21.84,Our World in Data / WHO,2026-09-30 02:09:06
4056,MYS,Malaysia,2010,296.9503,52903,296.9503,638.4431,31.445,42.0,28.56,22.0,21.84,Our World in Data / WHO,2026-09-30 02:09:06
4057,MYS,Malaysia,2011,278.3091,52411,278.3091,598.3646,29.471,41.9,28.492,21.54,21.788,Our World in Data / WHO,2026-09-30 02:09:06
4058,MYS,Malaysia,2012,261.2271,51683,261.2271,561.6383,27.6621,41.8,28.424,21.08,21.736,Our World in Data / WHO,2026-09-30 02:09:06
4059,MYS,Malaysia,2013,256.1747,53004,256.1747,550.7756,27.1271,41.6,28.288,20.62,21.632,Our World in Data / WHO,2026-09-30 02:09:06
4060,MYS,Malaysia,2014,255.348,55241,255.348,548.9982,27.0396,41.5,28.22,20.16,21.58,Our World in Data / WHO,2026-09-30 02:09:06
4061,MYS,Malaysia,2015,264.0129,59779,264.0129,567.6277,27.9571,41.3,28.084,19.7,21.476,Our World in Data / WHO,2026-09-30 02:09:06
4062,MYS,Malaysia,2016,258.1812,60979,258.1812,555.0896,27.3396,41.2,28.016,19.36,21.424,Our World in Data / WHO,2026-09-30 02:09:06
4063,MYS,Malaysia,2017,259.7194,63874,259.7194,558.3967,27.5025,41.0,27.88,19.02,21.32,Our World in Data / WHO,2026-09-30 02:09:06
4064,MYS,Malaysia,2018,256.6743,65830,256.6743,551.8497,27.18,40.9,27.812,18.68,21.268,Our World in Data / WHO,2026-09-30 02:09:06
4065,MYS,Malaysia,2019,252.5311,67412,252.5311,542.9419,26.7413,40.8,27.744,18.34,21.216,Our World in Data / WHO,2026-09-30 02:09:06
4066,MYS,Malaysia,2020,209.3678,58606,209.3678,450.1408,22.1706,40.8,27.744,18.0,21.216,Our World in Data / WHO,2026-09-30 02:09:06
4067,MYS,Malaysia,2021,255.9162,73871,255.9162,550.2198,27.0997,40.8,27.744,17.7,21.216,Our World in Data / WHO,2026-09-30 02:09:06
4068,MYS,Malaysia,2022,255.9162,73871,255.9162,550.2198,27.0997,40.8,27.744,17.4,21.216,Our World in Data / WHO,2026-09-30 02:09:06
4069,NAM,Namibia,1990,302.3929,2221,302.3929,650.1447,32.0213,40.1,27.268,31.1,20.852,Our World in Data / WHO,2026-09-30 02:09:06
4070,NAM,Namibia,1991,302.3929,2221,302.3929,650.1447,32.0213,40.3,27.404,31.1,20.956,Our World in Data / WHO,2026-09-30 02:09:06
4071,NAM,Namibia,1992,302.3929,2221,302.3929,650.1447,32.0213,40.5,27.54,31.1,21.06,Our World in Data / WHO,2026-09-30 02:09:06
4072,NAM,Namibia,1993,302.3929,2221,302.3929,650.1447,32.0213,40.7,27.676,31.1,21.164,Our World in Data / WHO,2026-09-30 02:09:06
4073,NAM,Namibia,1994,302.3929,2221,302.3929,650.1447,32.0213,41.0,27.88,31.1,21.32,Our World in Data / WHO,2026-09-30 02:09:06
4074,NAM,Namibia,1995,302.3929,2221,302.3929,650.1447,32.0213,41.2,28.016,31.1,21.424,Our World in Data / WHO,2026-09-30 02:09:06
4075,NAM,Namibia,1996,302.3929,2221,302.3929,650.1447,32.0213,41.5,28.22,31.1,21.58,Our World in Data / WHO,2026-09-30 02:09:06
4076,NAM,Namibia,1997,302.3929,2221,302.3929,650.1447,32.0213,41.8,28.424,31.1,21.736,Our World in Data / WHO,2026-09-30 02:09:06
4077,NAM,Namibia,1998,302.3929,2221,302.3929,650.1447,32.0213,42.1,28.628,31.1,21.892,Our World in Data / WHO,2026-09-30 02:09:06
4078,NAM,Namibia,1999,302.3929,2221,302.3929,650.1447,32.0213,42.4,28.832,31.1,22.048,Our World in Data / WHO,2026-09-30 02:09:06
4079,NAM,Namibia,2000,302.3929,2221,302.3929,650.1447,32.0213,42.8,29.104,31.1,22.256,Our World in Data / WHO,2026-09-30 02:09:06
4080,NAM,Namibia,2001,302.2592,2263,302.2592,649.8573,32.0071,43.2,29.376,29.84,22.464,Our World in Data / WHO,2026-09-30 02:09:06
4081,NAM,Namibia,2002,300.5234,2316,300.5234,646.1253,31.8233,43.6,29.648,29.18,22.672,Our World in Data / WHO,2026-09-30 02:09:06
4082,NAM,Namibia,2003,300.4531,2360,300.4531,645.9742,31.8159,44.0,29.92,28.72,22.88,Our World in Data / WHO,2026-09-30 02:09:06
4083,NAM,Namibia,2004,295.7802,2365,295.7802,635.9274,31.3211,44.4,30.192,28.26,23.088,Our World in Data / WHO,2026-09-30 02:09:06
4084,NAM,Namibia,2005,289.9916,2366,289.9916,623.4819,30.7081,44.7,30.396,27.8,23.244,Our World in Data / WHO,2026-09-30 02:09:06
4085,NAM,Namibia,2006,289.5472,2389,289.5472,622.5265,30.661,45.0,30.6,27.5,23.4,Our World in Data / WHO,2026-09-30 02:09:06
4086,NAM,Namibia,2007,279.2097,2352,279.2097,600.3009,29.5664,45.3,30.804,26.9,23.556,Our World in Data / WHO,2026-09-30 02:09:06
4087,NAM,Namibia,2008,268.4919,2312,268.4919,577.2576,28.4314,45.5,30.94,26.5333,23.66,Our World in Data / WHO,2026-09-30 02:09:06
4088,NAM,Namibia,2009,287.5582,2515,287.5582,618.2501,30.4504,45.5,30.94,25.8667,23.66,Our World in Data / WHO,2026-09-30 02:09:06
4089,NAM,Namibia,2010,283.1596,2535,283.1596,608.7931,29.9846,45.5,30.94,25.2,23.66,Our World in Data / WHO,2026-09-30 02:09:06
4090,NAM,Namibia,2011,269.1923,2481,269.1923,578.7634,28.5056,45.5,30.94,24.86,23.66,Our World in Data / WHO,2026-09-30 02:09:06
4091,NAM,Namibia,2012,265.5874,2508,265.5874,571.0129,28.1239,45.3,30.804,24.22,23.556,Our World in Data / WHO,2026-09-30 02:09:06
4092,NAM,Namibia,2013,266.1306,2582,266.1306,572.1808,28.1814,45.2,30.736,23.76,23.504,Our World in Data / WHO,2026-09-30 02:09:06
4093,NAM,Namibia,2014,272.9042,2745,272.9042,586.744,28.8987,45.0,30.6,23.16,23.4,Our World in Data / WHO,2026-09-30 02:09:06
4094,NAM,Namibia,2015,272.1918,2832,272.1918,585.2124,28.8232,44.7,30.396,22.6,23.244,Our World in Data / WHO,2026-09-30 02:09:06
4095,NAM,Namibia,2016,270.8045,2885,270.8045,582.2297,28.6763,44.5,30.26,22.34,23.14,Our World in Data / WHO,2026-09-30 02:09:06
4096,NAM,Namibia,2017,268.4636,2952,268.4636,577.1967,28.4284,44.3,30.124,21.98,23.036,Our World in Data / WHO,2026-09-30 02:09:06
4097,NAM,Namibia,2018,269.3424,3046,269.3424,579.0862,28.5215,44.0,29.92,21.56,22.88,Our World in Data / WHO,2026-09-30 02:09:06
4098,NAM,Namibia,2019,272.1253,3168,272.1253,585.0694,28.8162,43.8,29.784,21.2,22.776,Our World in Data / WHO,2026-09-30 02:09:06
4099,NAM,Namibia,2020,291.689,3495,291.689,627.1314,30.8878,43.8,29.784,20.6,22.776,Our World in Data / WHO,2026-09-30 02:09:06
4100,NAM,Namibia,2021,229.1879,2984,229.1879,492.754,24.2694,43.8,29.784,20.175,22.776,Our World in Data / WHO,2026-09-30 02:09:06
4101,NER,Niger,1990,259.3691,9188,259.3691,557.6436,27.4654,40.2,27.336,9.7,20.904,Our World in Data / WHO,2026-09-30 02:09:06
4102,NER,Niger,1991,259.3691,9188,259.3691,557.6436,27.4654,40.4,27.472,9.7,21.008,Our World in Data / WHO,2026-09-30 02:09:06
4103,NER,Niger,1992,259.3691,9188,259.3691,557.6436,27.4654,40.6,27.608,9.7,21.112,Our World in Data / WHO,2026-09-30 02:09:06
4104,NER,Niger,1993,259.3691,9188,259.3691,557.6436,27.4654,40.8,27.744,9.7,21.216,Our World in Data / WHO,2026-09-30 02:09:06
4105,NER,Niger,1994,259.3691,9188,259.3691,557.6436,27.4654,41.0,27.88,9.7,21.32,Our World in Data / WHO,2026-09-30 02:09:06
4106,NER,Niger,1995,259.3691,9188,259.3691,557.6436,27.4654,41.2,28.016,9.7,21.424,Our World in Data / WHO,2026-09-30 02:09:06
4107,NER,Niger,1996,259.3691,9188,259.3691,557.6436,27.4654,41.4,28.152,9.7,21.528,Our World in Data / WHO,2026-09-30 02:09:06
4108,NER,Niger,1997,259.3691,9188,259.3691,557.6436,27.4654,41.6,28.288,9.7,21.632,Our World in Data / WHO,2026-09-30 02:09:06
4109,NER,Niger,1998,259.3691,9188,259.3691,557.6436,27.4654,41.8,28.424,9.7,21.736,Our World in Data / WHO,2026-09-30 02:09:06
4110,NER,Niger,1999,259.3691,9188,259.3691,557.6436,27.4654,42.0,28.56,9.7,21.84,Our World in Data / WHO,2026-09-30 02:09:06
4111,NER,Niger,2000,259.3691,9188,259.3691,557.6436,27.4654,42.3,28.764,9.7,21.996,Our World in Data / WHO,2026-09-30 02:09:06
4112,NER,Niger,2001,263.6477,9698,263.6477,566.8426,27.9185,42.6,28.968,9.58,22.152,Our World in Data / WHO,2026-09-30 02:09:06
4113,NER,Niger,2002,260.1038,9856,260.1038,559.2232,27.5432,42.8,29.104,9.46,22.256,Our World in Data / WHO,2026-09-30 02:09:06
4114,NER,Niger,2003,261.7116,10276,261.7116,562.6799,27.7134,43.1,29.308,9.34,22.412,Our World in Data / WHO,2026-09-30 02:09:06
4115,NER,Niger,2004,255.0211,10320,255.0211,548.2954,27.005,43.4,29.512,9.22,22.568,Our World in Data / WHO,2026-09-30 02:09:06
4116,NER,Niger,2005,259.0436,10993,259.0436,556.9437,27.4309,43.6,29.648,9.1,22.672,Our World in Data / WHO,2026-09-30 02:09:06
4117,NER,Niger,2006,253.6226,10974,253.6226,545.2886,26.8569,43.8,29.784,8.95,22.776,Our World in Data / WHO,2026-09-30 02:09:06
4118,NER,Niger,2007,255.657,11612,255.657,549.6626,27.0723,43.9,29.852,8.8,22.828,Our World in Data / WHO,2026-09-30 02:09:06
4119,NER,Niger,2008,248.8524,11607,248.8524,535.0327,26.3517,44.0,29.92,8.7,22.88,Our World in Data / WHO,2026-09-30 02:09:06
4120,NER,Niger,2009,253.6436,12383,253.6436,545.3337,26.8591,43.9,29.852,8.6,22.828,Our World in Data / WHO,2026-09-30 02:09:06
4121,NER,Niger,2010,257.2354,13089,257.2354,553.0561,27.2394,43.8,29.784,8.5,22.776,Our World in Data / WHO,2026-09-30 02:09:06
4122,NER,Niger,2011,264.1525,14087,264.1525,567.9279,27.9719,43.6,29.648,8.42,22.672,Our World in Data / WHO,2026-09-30 02:09:06
4123,NER,Niger,2012,267.3855,14794,267.3855,574.8788,28.3143,43.4,29.512,8.34,22.568,Our World in Data / WHO,2026-09-30 02:09:06
4124,NER,Niger,2013,267.0944,15425,267.0944,574.253,28.2834,43.1,29.308,8.26,22.412,Our World in Data / WHO,2026-09-30 02:09:06
4125,NER,Niger,2014,267.8972,16083,267.8972,575.979,28.3685,42.9,29.172,8.18,22.308,Our World in Data / WHO,2026-09-30 02:09:06
4126,NER,Niger,2015,275.2742,17212,275.2742,591.8395,29.1496,42.6,28.968,8.1,22.152,Our World in Data / WHO,2026-09-30 02:09:06
4127,NER,Niger,2016,274.278,17966,274.278,589.6977,29.0441,42.3,28.764,8.02,21.996,Our World in Data / WHO,2026-09-30 02:09:06
4128,NER,Niger,2017,270.8146,18396,270.8146,582.2514,28.6774,42.1,28.628,7.94,21.892,Our World in Data / WHO,2026-09-30 02:09:06
4129,NER,Niger,2018,270.4479,19188,270.4479,581.463,28.6386,41.8,28.424,7.86,21.736,Our World in Data / WHO,2026-09-30 02:09:06
4130,NER,Niger,2019,270.9308,19914,270.9308,582.5012,28.6897,41.5,28.22,7.78,21.58,Our World in Data / WHO,2026-09-30 02:09:06
4131,NER,Niger,2020,276.6555,21025,276.6555,594.8093,29.2959,41.5,28.22,7.7,21.58,Our World in Data / WHO,2026-09-30 02:09:06
4132,NER,Niger,2021,267.0952,21144,267.0952,574.2547,28.2835,41.5,28.22,7.6,21.58,Our World in Data / WHO,2026-09-30 02:09:06
4133,NER,Niger,2022,267.0952,21144,267.0952,574.2547,28.2835,41.5,28.22,7.5,21.58,Our World in Data / WHO,2026-09-30 02:09:06
4134,NGA,Nigeria,1990,285.1056,133611,285.1056,612.977,30.1907,35.1,23.868,9.9,18.252,Our World in Data / WHO,2026-09-30 02:09:06
4135,NGA,Nigeria,1991,285.1056,133611,285.1056,612.977,30.1907,35.1,23.868,9.9,18.252,Our World in Data / WHO,2026-09-30 02:09:06
4136,NGA,Nigeria,1992,285.1056,133611,285.1056,612.977,30.1907,35.1,23.868,9.9,18.252,Our World in Data / WHO,2026-09-30 02:09:06
4137,NGA,Nigeria,1993,285.1056,133611,285.1056,612.977,30.1907,35.1,23.868,9.9,18.252,Our World in Data / WHO,2026-09-30 02:09:06
4138,NGA,Nigeria,1994,285.1056,133611,285.1056,612.977,30.1907,35.1,23.868,9.9,18.252,Our World in Data / WHO,2026-09-30 02:09:06
4139,NGA,Nigeria,1995,285.1056,133611,285.1056,612.977,30.1907,35.1,23.868,9.9,18.252,Our World in Data / WHO,2026-09-30 02:09:06
4140,NGA,Nigeria,1996,285.1056,133611,285.1056,612.977,30.1907,35.1,23.868,9.9,18.252,Our World in Data / WHO,2026-09-30 02:09:06
4141,NGA,Nigeria,1997,285.1056,133611,285.1056,612.977,30.1907,35.2,23.936,9.9,18.304,Our World in Data / WHO,2026-09-30 02:09:06
4142,NGA,Nigeria,1998,285.1056,133611,285.1056,612.977,30.1907,35.2,23.936,9.9,18.304,Our World in Data / WHO,2026-09-30 02:09:06
4143,NGA,Nigeria,1999,285.1056,133611,285.1056,612.977,30.1907,35.3,24.004,9.9,18.356,Our World in Data / WHO,2026-09-30 02:09:06
4144,NGA,Nigeria,2000,285.1056,133611,285.1056,612.977,30.1907,35.4,24.072,9.9,18.408,Our World in Data / WHO,2026-09-30 02:09:06
4145,NGA,Nigeria,2001,287.9337,138543,287.9337,619.0575,30.4902,35.5,24.14,9.46,18.46,Our World in Data / WHO,2026-09-30 02:09:06
4146,NGA,Nigeria,2002,278.655,136910,278.655,599.1082,29.5076,35.7,24.276,9.02,18.564,Our World in Data / WHO,2026-09-30 02:09:06
4147,NGA,Nigeria,2003,270.1774,135582,270.1774,580.8814,28.6099,35.8,24.344,8.58,18.616,Our World in Data / WHO,2026-09-30 02:09:06
4148,NGA,Nigeria,2004,262.6743,135128,262.6743,564.7497,27.8154,36.0,24.48,8.14,18.72,Our World in Data / WHO,2026-09-30 02:09:06
4149,NGA,Nigeria,2005,251.1807,131945,251.1807,540.0385,26.5983,36.2,24.616,7.7,18.824,Our World in Data / WHO,2026-09-30 02:09:06
4150,NGA,Nigeria,2006,245.0612,133213,245.0612,526.8816,25.9503,36.3,24.684,7.35,18.876,Our World in Data / WHO,2026-09-30 02:09:06
4151,NGA,Nigeria,2007,239.581,133643,239.581,515.0992,25.37,36.4,24.752,7.0,18.928,Our World in Data / WHO,2026-09-30 02:09:06
4152,NGA,Nigeria,2008,232.3335,133054,232.3335,499.517,24.6025,36.4,24.752,6.6667,18.928,Our World in Data / WHO,2026-09-30 02:09:06
4153,NGA,Nigeria,2009,230.4197,136000,230.4197,495.4024,24.3998,36.4,24.752,6.3333,18.928,Our World in Data / WHO,2026-09-30 02:09:06
4154,NGA,Nigeria,2010,224.0522,135801,224.0522,481.7122,23.7256,36.4,24.752,6.0,18.928,Our World in Data / WHO,2026-09-30 02:09:06
4155,NGA,Nigeria,2011,219.6848,136585,219.6848,472.3223,23.2631,36.3,24.684,5.74,18.876,Our World in Data / WHO,2026-09-30 02:09:06
4156,NGA,Nigeria,2012,216.862,137885,216.862,466.2533,22.9642,36.3,24.684,5.48,18.876,Our World in Data / WHO,2026-09-30 02:09:06
4157,NGA,Nigeria,2013,213.6978,139041,213.6978,459.4503,22.6291,36.2,24.616,5.22,18.824,Our World in Data / WHO,2026-09-30 02:09:06
4158,NGA,Nigeria,2014,209.8298,139978,209.8298,451.1341,22.2195,36.2,24.616,4.96,18.824,Our World in Data / WHO,2026-09-30 02:09:06
4159,NGA,Nigeria,2015,211.7625,144736,211.7625,455.2894,22.4242,36.1,24.548,4.7,18.772,Our World in Data / WHO,2026-09-30 02:09:06
4160,NGA,Nigeria,2016,208.8601,146686,208.8601,449.0492,22.1168,36.1,24.548,4.46,18.772,Our World in Data / WHO,2026-09-30 02:09:06
4161,NGA,Nigeria,2017,205.5611,147436,205.5611,441.9564,21.7675,36.1,24.548,4.22,18.772,Our World in Data / WHO,2026-09-30 02:09:06
4162,NGA,Nigeria,2018,205.7521,151541,205.7521,442.367,21.7877,36.1,24.548,3.98,18.772,Our World in Data / WHO,2026-09-30 02:09:06
4163,NGA,Nigeria,2019,206.1262,155452,206.1262,443.1713,21.8273,36.1,24.548,3.74,18.772,Our World in Data / WHO,2026-09-30 02:09:06
4164,NGA,Nigeria,2020,221.6633,171987,221.6633,476.5761,23.4726,36.1,24.548,3.5,18.772,Our World in Data / WHO,2026-09-30 02:09:06
4165,NGA,Nigeria,2021,222.9459,179916,222.9459,479.3337,23.6084,36.1,24.548,3.4,18.772,Our World in Data / WHO,2026-09-30 02:09:06
4166,NGA,Nigeria,2022,222.9459,179916,222.9459,479.3337,23.6084,36.1,24.548,3.3,18.772,Our World in Data / WHO,2026-09-30 02:09:06
4167,NIC,Nicaragua,1990,144.2007,2985,144.2007,310.0315,15.2699,32.1,21.828,31.1,16.692,Our World in Data / WHO,2026-09-30 02:09:06
4168,NIC,Nicaragua,1991,144.2007,2985,144.2007,310.0315,15.2699,32.3,21.964,31.1,16.796,Our World in Data / WHO,2026-09-30 02:09:06
4169,NIC,Nicaragua,1992,144.2007,2985,144.2007,310.0315,15.2699,32.5,22.1,31.1,16.9,Our World in Data / WHO,2026-09-30 02:09:06
4170,NIC,Nicaragua,1993,144.2007,2985,144.2007,310.0315,15.2699,32.8,22.304,31.1,17.056,Our World in Data / WHO,2026-09-30 02:09:06
4171,NIC,Nicaragua,1994,144.2007,2985,144.2007,310.0315,15.2699,33.0,22.44,31.1,17.16,Our World in Data / WHO,2026-09-30 02:09:06
4172,NIC,Nicaragua,1995,144.2007,2985,144.2007,310.0315,15.2699,33.2,22.576,31.1,17.264,Our World in Data / WHO,2026-09-30 02:09:06
4173,NIC,Nicaragua,1996,144.2007,2985,144.2007,310.0315,15.2699,33.5,22.78,31.1,17.42,Our World in Data / WHO,2026-09-30 02:09:06
4174,NIC,Nicaragua,1997,144.2007,2985,144.2007,310.0315,15.2699,33.7,22.916,31.1,17.524,Our World in Data / WHO,2026-09-30 02:09:06
4175,NIC,Nicaragua,1998,144.2007,2985,144.2007,310.0315,15.2699,33.9,23.052,31.1,17.628,Our World in Data / WHO,2026-09-30 02:09:06
4176,NIC,Nicaragua,1999,144.2007,2985,144.2007,310.0315,15.2699,34.2,23.256,31.1,17.784,Our World in Data / WHO,2026-09-30 02:09:06
4177,NIC,Nicaragua,2000,144.2007,2985,144.2007,310.0315,15.2699,34.4,23.392,31.1,17.888,Our World in Data / WHO,2026-09-30 02:09:06
4178,NIC,Nicaragua,2001,144.8167,3153,144.8167,311.3559,15.3351,34.6,23.528,29.84,17.992,Our World in Data / WHO,2026-09-30 02:09:06
4179,NIC,Nicaragua,2002,148.4333,3375,148.4333,319.1316,15.7181,34.8,23.664,29.18,18.096,Our World in Data / WHO,2026-09-30 02:09:06
4180,NIC,Nicaragua,2003,148.8491,3557,148.8491,320.0256,15.7621,35.0,23.8,28.72,18.2,Our World in Data / WHO,2026-09-30 02:09:06
4181,NIC,Nicaragua,2004,142.1012,3576,142.1012,305.5176,15.0475,35.2,23.936,28.26,18.304,Our World in Data / WHO,2026-09-30 02:09:06
4182,NIC,Nicaragua,2005,140.5686,3730,140.5686,302.2225,14.8852,35.4,24.072,27.8,18.408,Our World in Data / WHO,2026-09-30 02:09:06
4183,NIC,Nicaragua,2006,122.7748,3408,122.7748,263.9658,13.001,35.6,24.208,27.5,18.512,Our World in Data / WHO,2026-09-30 02:09:06
4184,NIC,Nicaragua,2007,129.0384,3712,129.0384,277.4326,13.6643,35.8,24.344,26.9,18.616,Our World in Data / WHO,2026-09-30 02:09:06
4185,NIC,Nicaragua,2008,128.3822,3833,128.3822,276.0217,13.5948,36.0,24.48,26.5333,18.72,Our World in Data / WHO,2026-09-30 02:09:06
4186,NIC,Nicaragua,2009,127.0878,3915,127.0878,273.2388,13.4577,36.1,24.548,25.8667,18.772,Our World in Data / WHO,2026-09-30 02:09:06
4187,NIC,Nicaragua,2010,117.7852,3755,117.7852,253.2382,12.4726,36.2,24.616,25.2,18.824,Our World in Data / WHO,2026-09-30 02:09:06
4188,NIC,Nicaragua,2011,125.8991,4125,125.8991,270.6831,13.3318,36.3,24.684,24.86,18.876,Our World in Data / WHO,2026-09-30 02:09:06
4189,NIC,Nicaragua,2012,130.1856,4423,130.1856,279.899,13.7858,36.3,24.684,24.22,18.876,Our World in Data / WHO,2026-09-30 02:09:06
4190,NIC,Nicaragua,2013,131.2296,4593,131.2296,282.1436,13.8963,36.2,24.616,23.76,18.824,Our World in Data / WHO,2026-09-30 02:09:06
4191,NIC,Nicaragua,2014,132.61,4814,132.61,285.1115,14.0425,36.1,24.548,23.16,18.772,Our World in Data / WHO,2026-09-30 02:09:06
4192,NIC,Nicaragua,2015,124.285,4621,124.285,267.2127,13.1609,36.1,24.548,22.6,18.772,Our World in Data / WHO,2026-09-30 02:09:06
4193,NIC,Nicaragua,2016,131.5968,5036,131.5968,282.9331,13.9352,36.0,24.48,22.34,18.72,Our World in Data / WHO,2026-09-30 02:09:06
4194,NIC,Nicaragua,2017,121.386,4795,121.386,260.9799,12.8539,35.9,24.412,21.98,18.668,Our World in Data / WHO,2026-09-30 02:09:06
4195,NIC,Nicaragua,2018,126.7088,5148,126.7088,272.4239,13.4176,35.9,24.412,21.56,18.668,Our World in Data / WHO,2026-09-30 02:09:06
4196,NIC,Nicaragua,2019,131.2699,5485,131.2699,282.2303,13.9006,35.8,24.344,21.2,18.616,Our World in Data / WHO,2026-09-30 02:09:06
4197,NIC,Nicaragua,2020,132.7002,5470,132.7002,285.3054,14.052,35.8,24.344,20.6,18.616,Our World in Data / WHO,2026-09-30 02:09:06
4198,NIC,Nicaragua,2021,132.4816,5707,132.4816,284.8354,14.0289,35.8,24.344,20.175,18.616,Our World in Data / WHO,2026-09-30 02:09:06
4199,NIU,Niue,1990,434.7477,10,434.7477,934.7076,46.0368,34.6,23.528,31.1,17.992,Our World in Data / WHO,2026-09-30 02:09:06
4200,NIU,Niue,1991,434.7477,10,434.7477,934.7076,46.0368,34.3,23.324,31.1,17.836,Our World in Data / WHO,2026-09-30 02:09:06
4201,NIU,Niue,1992,434.7477,10,434.7477,934.7076,46.0368,34.1,23.188,31.1,17.732,Our World in Data / WHO,2026-09-30 02:09:06
4202,NIU,Niue,1993,434.7477,10,434.7477,934.7076,46.0368,33.9,23.052,31.1,17.628,Our World in Data / WHO,2026-09-30 02:09:06
4203,NIU,Niue,1994,434.7477,10,434.7477,934.7076,46.0368,33.7,22.916,31.1,17.524,Our World in Data / WHO,2026-09-30 02:09:06
4204,NIU,Niue,1995,434.7477,10,434.7477,934.7076,46.0368,33.6,22.848,31.1,17.472,Our World in Data / WHO,2026-09-30 02:09:06
4205,NIU,Niue,1996,434.7477,10,434.7477,934.7076,46.0368,33.4,22.712,31.1,17.368,Our World in Data / WHO,2026-09-30 02:09:06
4206,NIU,Niue,1997,434.7477,10,434.7477,934.7076,46.0368,33.3,22.644,31.1,17.316,Our World in Data / WHO,2026-09-30 02:09:06
4207,NIU,Niue,1998,434.7477,10,434.7477,934.7076,46.0368,33.3,22.644,31.1,17.316,Our World in Data / WHO,2026-09-30 02:09:06
4208,NIU,Niue,1999,434.7477,10,434.7477,934.7076,46.0368,33.3,22.644,31.1,17.316,Our World in Data / WHO,2026-09-30 02:09:06
4209,NIU,Niue,2000,434.7477,10,434.7477,934.7076,46.0368,33.3,22.644,31.1,17.316,Our World in Data / WHO,2026-09-30 02:09:06
4210,NIU,Niue,2001,430.5653,10,430.5653,925.7154,45.5939,33.4,22.712,29.84,17.368,Our World in Data / WHO,2026-09-30 02:09:06
4211,NIU,Niue,2002,422.4217,9,422.4217,908.2067,44.7315,33.6,22.848,29.18,17.472,Our World in Data / WHO,2026-09-30 02:09:06
4212,NIU,Niue,2003,427.8349,10,427.8349,919.845,45.3047,33.8,22.984,28.72,17.576,Our World in Data / WHO,2026-09-30 02:09:06
4213,NIU,Niue,2004,422.2094,10,422.2094,907.7502,44.709,34.1,23.188,28.26,17.732,Our World in Data / WHO,2026-09-30 02:09:06
4214,NIU,Niue,2005,412.3517,9,412.3517,886.5562,43.6652,34.4,23.392,27.8,17.888,Our World in Data / WHO,2026-09-30 02:09:06
4215,NIU,Niue,2006,416.0163,9,416.0163,894.435,44.0532,34.8,23.664,27.5,18.096,Our World in Data / WHO,2026-09-30 02:09:06
4216,NIU,Niue,2007,415.0871,9,415.0871,892.4373,43.9548,35.1,23.868,26.9,18.252,Our World in Data / WHO,2026-09-30 02:09:06
4217,NIU,Niue,2008,420.9132,9,420.9132,904.9634,44.5718,35.6,24.208,26.5333,18.512,Our World in Data / WHO,2026-09-30 02:09:06
4218,NIU,Niue,2009,403.8443,9,403.8443,868.2652,42.7643,36.0,24.48,25.8667,18.72,Our World in Data / WHO,2026-09-30 02:09:06
4219,NIU,Niue,2010,403.8354,9,403.8354,868.2461,42.7634,36.4,24.752,25.2,18.928,Our World in Data / WHO,2026-09-30 02:09:06
4220,NIU,Niue,2011,401.4886,10,401.4886,863.2005,42.5149,36.8,25.024,24.86,19.136,Our World in Data / WHO,2026-09-30 02:09:06
4221,NIU,Niue,2012,387.4591,10,387.4591,833.0371,41.0292,37.2,25.296,24.22,19.344,Our World in Data / WHO,2026-09-30 02:09:06
4222,NIU,Niue,2013,395.6922,10,395.6922,850.7382,41.9011,37.5,25.5,23.76,19.5,Our World in Data / WHO,2026-09-30 02:09:06
4223,NIU,Niue,2014,382.0997,10,382.0997,821.5144,40.4617,37.9,25.772,23.16,19.708,Our World in Data / WHO,2026-09-30 02:09:06
4224,NIU,Niue,2015,389.6708,10,389.6708,837.7922,41.2634,38.2,25.976,22.6,19.864,Our World in Data / WHO,2026-09-30 02:09:06
4225,NIU,Niue,2016,397.0544,11,397.0544,853.667,42.0453,38.5,26.18,22.34,20.02,Our World in Data / WHO,2026-09-30 02:09:06
4226,NIU,Niue,2017,387.5298,11,387.5298,833.1891,41.0367,38.9,26.452,21.98,20.228,Our World in Data / WHO,2026-09-30 02:09:06
4227,NIU,Niue,2018,376.8737,11,376.8737,810.2785,39.9083,39.2,26.656,21.56,20.384,Our World in Data / WHO,2026-09-30 02:09:06
4228,NIU,Niue,2019,398.7736,11,398.7736,857.3632,42.2274,39.5,26.86,21.2,20.54,Our World in Data / WHO,2026-09-30 02:09:06
4229,NIU,Niue,2020,406.1488,12,406.1488,873.2199,43.0083,39.5,26.86,20.6,20.54,Our World in Data / WHO,2026-09-30 02:09:06
4230,NIU,Niue,2021,400.4183,12,400.4183,860.8993,42.4015,39.5,26.86,20.175,20.54,Our World in Data / WHO,2026-09-30 02:09:06
4231,NLD,Netherlands,1990,176.5485,49681,176.5485,379.5793,18.6953,27.4,18.632,34.8,14.248,Our World in Data / WHO,2026-09-30 02:09:06
4232,NLD,Netherlands,1991,176.5485,49681,176.5485,379.5793,18.6953,28.0,19.04,34.8,14.56,Our World in Data / WHO,2026-09-30 02:09:06
4233,NLD,Netherlands,1992,176.5485,49681,176.5485,379.5793,18.6953,28.7,19.516,34.8,14.924,Our World in Data / WHO,2026-09-30 02:09:06
4234,NLD,Netherlands,1993,176.5485,49681,176.5485,379.5793,18.6953,29.3,19.924,34.8,15.236,Our World in Data / WHO,2026-09-30 02:09:06
4235,NLD,Netherlands,1994,176.5485,49681,176.5485,379.5793,18.6953,30.0,20.4,34.8,15.6,Our World in Data / WHO,2026-09-30 02:09:06
4236,NLD,Netherlands,1995,176.5485,49681,176.5485,379.5793,18.6953,30.7,20.876,34.8,15.964,Our World in Data / WHO,2026-09-30 02:09:06
4237,NLD,Netherlands,1996,176.5485,49681,176.5485,379.5793,18.6953,31.4,21.352,34.8,16.328,Our World in Data / WHO,2026-09-30 02:09:06
4238,NLD,Netherlands,1997,176.5485,49681,176.5485,379.5793,18.6953,32.0,21.76,34.8,16.64,Our World in Data / WHO,2026-09-30 02:09:06
4239,NLD,Netherlands,1998,176.5485,49681,176.5485,379.5793,18.6953,32.7,22.236,34.8,17.004,Our World in Data / WHO,2026-09-30 02:09:06
4240,NLD,Netherlands,1999,176.5485,49681,176.5485,379.5793,18.6953,33.4,22.712,34.8,17.368,Our World in Data / WHO,2026-09-30 02:09:06
4241,NLD,Netherlands,2000,176.5485,49681,176.5485,379.5793,18.6953,34.0,23.12,34.8,17.68,Our World in Data / WHO,2026-09-30 02:09:06
4242,NLD,Netherlands,2001,167.9555,48361,167.9555,361.1043,17.7853,34.6,23.528,34.06,17.992,Our World in Data / WHO,2026-09-30 02:09:06
4243,NLD,Netherlands,2002,165.897,48521,165.897,356.6785,17.5673,35.1,23.868,33.32,18.252,Our World in Data / WHO,2026-09-30 02:09:06
4244,NLD,Netherlands,2003,158.4943,47124,158.4943,340.7627,16.7834,35.5,24.14,32.58,18.46,Our World in Data / WHO,2026-09-30 02:09:06
4245,NLD,Netherlands,2004,146.3807,44500,146.3807,314.7185,15.5007,35.8,24.344,31.84,18.616,Our World in Data / WHO,2026-09-30 02:09:06
4246,NLD,Netherlands,2005,138.2381,43018,138.2381,297.2119,14.6385,36.0,24.48,31.1,18.72,Our World in Data / WHO,2026-09-30 02:09:06
4247,NLD,Netherlands,2006,129.216,41434,129.216,277.8144,13.6831,36.1,24.548,30.4,18.772,Our World in Data / WHO,2026-09-30 02:09:06
4248,NLD,Netherlands,2007,122.7276,40408,122.7276,263.8643,12.996,36.1,24.548,29.7,18.772,Our World in Data / WHO,2026-09-30 02:09:06
4249,NLD,Netherlands,2008,116.5441,39656,116.5441,250.5698,12.3412,36.1,24.548,29.0667,18.772,Our World in Data / WHO,2026-09-30 02:09:06
4250,NLD,Netherlands,2009,109.7895,38400,109.7895,236.0474,12.0,35.9,24.412,28.4333,18.668,Our World in Data / WHO,2026-09-30 02:09:06
4251,NLD,Netherlands,2010,106.6784,38417,106.6784,229.3586,12.0,35.7,24.276,27.8,18.564,Our World in Data / WHO,2026-09-30 02:09:06
4252,NLD,Netherlands,2011,100.9798,37483,100.9798,217.1066,12.0,35.3,24.004,27.22,18.356,Our World in Data / WHO,2026-09-30 02:09:06
4253,NLD,Netherlands,2012,98.8021,37725,98.8021,212.4245,12.0,34.8,23.664,26.64,18.096,Our World in Data / WHO,2026-09-30 02:09:06
4254,NLD,Netherlands,2013,96.2573,37898,96.2573,206.9532,12.0,34.3,23.324,26.06,17.836,Our World in Data / WHO,2026-09-30 02:09:06
4255,NLD,Netherlands,2014,91.8462,37265,91.8462,197.4693,12.0,33.6,22.848,25.48,17.472,Our World in Data / WHO,2026-09-30 02:09:06
4256,NLD,Netherlands,2015,92.6628,38574,92.6628,199.225,12.0,33.0,22.44,24.9,17.16,Our World in Data / WHO,2026-09-30 02:09:06
4257,NLD,Netherlands,2016,88.9039,38079,88.9039,191.1434,12.0,32.4,22.032,24.4,16.848,Our World in Data / WHO,2026-09-30 02:09:06
4258,NLD,Netherlands,2017,85.4956,37452,85.4956,183.8155,12.0,31.7,21.556,23.9,16.484,Our World in Data / WHO,2026-09-30 02:09:06
4259,NLD,Netherlands,2018,79.4012,35257,79.4012,170.7126,12.0,31.1,21.148,23.4,16.172,Our World in Data / WHO,2026-09-30 02:09:06
4260,NLD,Netherlands,2019,73.458,33300,73.458,157.9347,12.0,30.5,20.74,22.9,15.86,Our World in Data / WHO,2026-09-30 02:09:06
4261,NLD,Netherlands,2020,72.3118,33655,72.3118,155.4704,12.0,30.5,20.74,22.4,15.86,Our World in Data / WHO,2026-09-30 02:09:06
4262,NLD,Netherlands,2021,76.603,36311,76.603,164.6964,12.0,30.5,20.74,21.9,15.86,Our World in Data / WHO,2026-09-30 02:09:06
4263,NLD,Netherlands,2022,76.603,36311,76.603,164.6964,12.0,30.5,20.74,21.4,15.86,Our World in Data / WHO,2026-09-30 02:09:06
4264,NOR,Norway,1990,185.1474,18522,185.1474,398.0669,19.6058,39.7,26.996,45.3,20.644,Our World in Data / WHO,2026-09-30 02:09:06
4265,NOR,Norway,1991,185.1474,18522,185.1474,398.0669,19.6058,39.5,26.86,45.3,20.54,Our World in Data / WHO,2026-09-30 02:09:06
4266,NOR,Norway,1992,185.1474,18522,185.1474,398.0669,19.6058,39.3,26.724,45.3,20.436,Our World in Data / WHO,2026-09-30 02:09:06
4267,NOR,Norway,1993,185.1474,18522,185.1474,398.0669,19.6058,39.1,26.588,45.3,20.332,Our World in Data / WHO,2026-09-30 02:09:06
4268,NOR,Norway,1994,185.1474,18522,185.1474,398.0669,19.6058,38.8,26.384,45.3,20.176,Our World in Data / WHO,2026-09-30 02:09:06
4269,NOR,Norway,1995,185.1474,18522,185.1474,398.0669,19.6058,38.6,26.248,45.3,20.072,Our World in Data / WHO,2026-09-30 02:09:06
4270,NOR,Norway,1996,185.1474,18522,185.1474,398.0669,19.6058,38.3,26.044,45.3,19.916,Our World in Data / WHO,2026-09-30 02:09:06
4271,NOR,Norway,1997,185.1474,18522,185.1474,398.0669,19.6058,38.1,25.908,45.3,19.812,Our World in Data / WHO,2026-09-30 02:09:06
4272,NOR,Norway,1998,185.1474,18522,185.1474,398.0669,19.6058,37.8,25.704,45.3,19.656,Our World in Data / WHO,2026-09-30 02:09:06
4273,NOR,Norway,1999,185.1474,18522,185.1474,398.0669,19.6058,37.6,25.568,45.3,19.552,Our World in Data / WHO,2026-09-30 02:09:06
4274,NOR,Norway,2000,185.1474,18522,185.1474,398.0669,19.6058,37.4,25.432,45.3,19.448,Our World in Data / WHO,2026-09-30 02:09:06
4275,NOR,Norway,2001,178.7564,18157,178.7564,384.3263,18.9291,37.2,25.296,43.22,19.344,Our World in Data / WHO,2026-09-30 02:09:06
4276,NOR,Norway,2002,175.2474,18061,175.2474,376.7819,18.5575,37.0,25.16,41.14,19.24,Our World in Data / WHO,2026-09-30 02:09:06
4277,NOR,Norway,2003,161.3962,16989,161.3962,347.0018,17.0907,36.9,25.092,39.06,19.188,Our World in Data / WHO,2026-09-30 02:09:06
4278,NOR,Norway,2004,150.7505,16082,150.7505,324.1136,15.9634,36.6,24.888,36.98,19.032,Our World in Data / WHO,2026-09-30 02:09:06
4279,NOR,Norway,2005,137.0021,14776,137.0021,294.5545,14.5076,36.4,24.752,34.9,18.928,Our World in Data / WHO,2026-09-30 02:09:06
4280,NOR,Norway,2006,133.9402,14872,133.9402,287.9714,14.1833,36.1,24.548,33.15,18.772,Our World in Data / WHO,2026-09-30 02:09:06
4281,NOR,Norway,2007,131.3638,14858,131.3638,282.4322,13.9105,35.8,24.344,31.4,18.616,Our World in Data / WHO,2026-09-30 02:09:06
4282,NOR,Norway,2008,125.6864,14469,125.6864,270.2258,13.3093,35.5,24.14,29.8667,18.46,Our World in Data / WHO,2026-09-30 02:09:06
4283,NOR,Norway,2009,118.1232,13805,118.1232,253.9649,12.5084,35.2,23.936,28.3333,18.304,Our World in Data / WHO,2026-09-30 02:09:06
4284,NOR,Norway,2010,114.3509,13484,114.3509,245.8544,12.109,34.8,23.664,26.8,18.096,Our World in Data / WHO,2026-09-30 02:09:06
4285,NOR,Norway,2011,110.0689,13267,110.0689,236.6481,12.0,34.4,23.392,25.6,17.888,Our World in Data / WHO,2026-09-30 02:09:06
4286,NOR,Norway,2012,109.5244,13335,109.5244,235.4775,12.0,33.9,23.052,24.4,17.628,Our World in Data / WHO,2026-09-30 02:09:06
4287,NOR,Norway,2013,102.9229,12684,102.9229,221.2842,12.0,33.4,22.712,23.2,17.368,Our World in Data / WHO,2026-09-30 02:09:06
4288,NOR,Norway,2014,95.7299,12030,95.7299,205.8193,12.0,32.9,22.372,22.0,17.108,Our World in Data / WHO,2026-09-30 02:09:06
4289,NOR,Norway,2015,93.6595,11894,93.6595,201.3679,12.0,32.4,22.032,20.8,16.848,Our World in Data / WHO,2026-09-30 02:09:06
4290,NOR,Norway,2016,86.9396,11207,86.9396,186.9201,12.0,31.9,21.692,19.84,16.588,Our World in Data / WHO,2026-09-30 02:09:06
4291,NOR,Norway,2017,81.4705,10558,81.4705,175.1616,12.0,31.5,21.42,18.88,16.38,Our World in Data / WHO,2026-09-30 02:09:06
4292,NOR,Norway,2018,78.4488,10380,78.4488,168.6649,12.0,31.0,21.08,17.92,16.12,Our World in Data / WHO,2026-09-30 02:09:06
4293,NOR,Norway,2019,74.9842,10078,74.9842,161.216,12.0,30.5,20.74,16.96,15.86,Our World in Data / WHO,2026-09-30 02:09:06
4294,NOR,Norway,2020,72.9042,9957,72.9042,156.744,12.0,30.5,20.74,16.0,15.86,Our World in Data / WHO,2026-09-30 02:09:06
4295,NOR,Norway,2021,74.6425,10439,74.6425,160.4814,12.0,30.5,20.74,15.2,15.86,Our World in Data / WHO,2026-09-30 02:09:06
4296,NOR,Norway,2022,74.6425,10439,74.6425,160.4814,12.0,30.5,20.74,14.4,15.86,Our World in Data / WHO,2026-09-30 02:09:06
4297,NPL,Nepal,1990,196.9952,23611,196.9952,423.5397,20.8604,34.1,23.188,62.9,17.732,Our World in Data / WHO,2026-09-30 02:09:06
4298,NPL,Nepal,1991,196.9952,23611,196.9952,423.5397,20.8604,34.2,23.256,62.9,17.784,Our World in Data / WHO,2026-09-30 02:09:06
4299,NPL,Nepal,1992,196.9952,23611,196.9952,423.5397,20.8604,34.3,23.324,62.9,17.836,Our World in Data / WHO,2026-09-30 02:09:06
4300,NPL,Nepal,1993,196.9952,23611,196.9952,423.5397,20.8604,34.4,23.392,62.9,17.888,Our World in Data / WHO,2026-09-30 02:09:06
4301,NPL,Nepal,1994,196.9952,23611,196.9952,423.5397,20.8604,34.5,23.46,62.9,17.94,Our World in Data / WHO,2026-09-30 02:09:06
4302,NPL,Nepal,1995,196.9952,23611,196.9952,423.5397,20.8604,34.6,23.528,62.9,17.992,Our World in Data / WHO,2026-09-30 02:09:06
4303,NPL,Nepal,1996,196.9952,23611,196.9952,423.5397,20.8604,34.7,23.596,62.9,18.044,Our World in Data / WHO,2026-09-30 02:09:06
4304,NPL,Nepal,1997,196.9952,23611,196.9952,423.5397,20.8604,34.8,23.664,62.9,18.096,Our World in Data / WHO,2026-09-30 02:09:06
4305,NPL,Nepal,1998,196.9952,23611,196.9952,423.5397,20.8604,35.0,23.8,62.9,18.2,Our World in Data / WHO,2026-09-30 02:09:06
4306,NPL,Nepal,1999,196.9952,23611,196.9952,423.5397,20.8604,35.1,23.868,62.9,18.252,Our World in Data / WHO,2026-09-30 02:09:06
4307,NPL,Nepal,2000,196.9952,23611,196.9952,423.5397,20.8604,35.2,23.936,62.9,18.304,Our World in Data / WHO,2026-09-30 02:09:06
4308,NPL,Nepal,2001,192.7668,23653,192.7668,414.4486,20.4127,35.4,24.072,60.98,18.408,Our World in Data / WHO,2026-09-30 02:09:06
4309,NPL,Nepal,2002,188.0194,23578,188.0194,404.2417,19.9099,35.6,24.208,59.06,18.512,Our World in Data / WHO,2026-09-30 02:09:06
4310,NPL,Nepal,2003,188.1136,24263,188.1136,404.4442,19.9199,35.8,24.344,57.14,18.616,Our World in Data / WHO,2026-09-30 02:09:06
4311,NPL,Nepal,2004,187.4634,24811,187.4634,403.0463,19.8511,35.9,24.412,55.22,18.668,Our World in Data / WHO,2026-09-30 02:09:06
4312,NPL,Nepal,2005,187.3774,25443,187.3774,402.8614,19.842,36.1,24.548,53.3,18.772,Our World in Data / WHO,2026-09-30 02:09:06
4313,NPL,Nepal,2006,189.9183,26503,189.9183,408.3243,20.111,36.2,24.616,51.4,18.824,Our World in Data / WHO,2026-09-30 02:09:06
4314,NPL,Nepal,2007,184.1729,26869,184.1729,395.9717,19.5026,36.3,24.684,49.5,18.876,Our World in Data / WHO,2026-09-30 02:09:06
4315,NPL,Nepal,2008,187.5061,27850,187.5061,403.1381,19.8556,36.4,24.752,47.8667,18.928,Our World in Data / WHO,2026-09-30 02:09:06
4316,NPL,Nepal,2009,193.6988,29351,193.6988,416.4524,20.5114,36.4,24.752,46.2333,18.928,Our World in Data / WHO,2026-09-30 02:09:06
4317,NPL,Nepal,2010,197.1443,30586,197.1443,423.8602,20.8762,36.5,24.82,44.6,18.98,Our World in Data / WHO,2026-09-30 02:09:06
4318,NPL,Nepal,2011,204.8033,32535,204.8033,440.3271,21.6872,36.5,24.82,43.22,18.98,Our World in Data / WHO,2026-09-30 02:09:06
4319,NPL,Nepal,2012,212.3839,34598,212.3839,456.6254,22.49,36.4,24.752,41.84,18.928,Our World in Data / WHO,2026-09-30 02:09:06
4320,NPL,Nepal,2013,214.7355,35851,214.7355,461.6813,22.739,36.3,24.684,40.46,18.876,Our World in Data / WHO,2026-09-30 02:09:06
4321,NPL,Nepal,2014,219.6127,37570,219.6127,472.1673,23.2555,36.2,24.616,39.08,18.824,Our World in Data / WHO,2026-09-30 02:09:06
4322,NPL,Nepal,2015,219.6348,38455,219.6348,472.2148,23.2578,36.1,24.548,37.7,18.772,Our World in Data / WHO,2026-09-30 02:09:06
4323,NPL,Nepal,2016,218.5141,39158,218.5141,469.8053,23.1391,36.1,24.548,36.64,18.772,Our World in Data / WHO,2026-09-30 02:09:06
4324,NPL,Nepal,2017,217.0137,39879,217.0137,466.5795,22.9802,36.1,24.548,35.58,18.772,Our World in Data / WHO,2026-09-30 02:09:06
4325,NPL,Nepal,2018,219.161,41309,219.161,471.1962,23.2076,36.1,24.548,34.52,18.772,Our World in Data / WHO,2026-09-30 02:09:06
4326,NPL,Nepal,2019,218.8966,42368,218.8966,470.6277,23.1796,36.1,24.548,33.46,18.772,Our World in Data / WHO,2026-09-30 02:09:06
4327,NPL,Nepal,2020,223.3959,44103,223.3959,480.3012,23.6561,36.1,24.548,32.4,18.772,Our World in Data / WHO,2026-09-30 02:09:06
4328,NPL,Nepal,2021,217.8167,43714,217.8167,468.3059,23.0653,36.1,24.548,31.4,18.772,Our World in Data / WHO,2026-09-30 02:09:06
4329,NPL,Nepal,2022,217.8167,43714,217.8167,468.3059,23.0653,36.1,24.548,30.4,18.772,Our World in Data / WHO,2026-09-30 02:09:06
4330,NRU,Nauru,1990,990.4697,35,990.4697,2129.5099,58.0,39.1,26.588,66.1,20.332,Our World in Data / WHO,2026-09-30 02:09:06
4331,NRU,Nauru,1991,990.4697,35,990.4697,2129.5099,58.0,38.4,26.112,66.1,19.968,Our World in Data / WHO,2026-09-30 02:09:06
4332,NRU,Nauru,1992,990.4697,35,990.4697,2129.5099,58.0,37.8,25.704,66.1,19.656,Our World in Data / WHO,2026-09-30 02:09:06
4333,NRU,Nauru,1993,990.4697,35,990.4697,2129.5099,58.0,37.3,25.364,66.1,19.396,Our World in Data / WHO,2026-09-30 02:09:06
4334,NRU,Nauru,1994,990.4697,35,990.4697,2129.5099,58.0,36.7,24.956,66.1,19.084,Our World in Data / WHO,2026-09-30 02:09:06
4335,NRU,Nauru,1995,990.4697,35,990.4697,2129.5099,58.0,36.3,24.684,66.1,18.876,Our World in Data / WHO,2026-09-30 02:09:06
4336,NRU,Nauru,1996,990.4697,35,990.4697,2129.5099,58.0,35.9,24.412,66.1,18.668,Our World in Data / WHO,2026-09-30 02:09:06
4337,NRU,Nauru,1997,990.4697,35,990.4697,2129.5099,58.0,35.5,24.14,66.1,18.46,Our World in Data / WHO,2026-09-30 02:09:06
4338,NRU,Nauru,1998,990.4697,35,990.4697,2129.5099,58.0,35.3,24.004,66.1,18.356,Our World in Data / WHO,2026-09-30 02:09:06
4339,NRU,Nauru,1999,990.4697,35,990.4697,2129.5099,58.0,35.1,23.868,66.1,18.252,Our World in Data / WHO,2026-09-30 02:09:06
4340,NRU,Nauru,2000,990.4697,35,990.4697,2129.5099,58.0,35.0,23.8,66.1,18.2,Our World in Data / WHO,2026-09-30 02:09:06
4341,NRU,Nauru,2001,928.5158,36,928.5158,1996.309,58.0,35.0,23.8,64.36,18.2,Our World in Data / WHO,2026-09-30 02:09:06
4342,NRU,Nauru,2002,901.1682,35,901.1682,1937.5116,58.0,35.1,23.868,62.62,18.252,Our World in Data / WHO,2026-09-30 02:09:06
4343,NRU,Nauru,2003,829.4174,33,829.4174,1783.2474,58.0,35.3,24.004,60.88,18.356,Our World in Data / WHO,2026-09-30 02:09:06
4344,NRU,Nauru,2004,862.918,36,862.918,1855.2737,58.0,35.5,24.14,59.14,18.46,Our World in Data / WHO,2026-09-30 02:09:06
4345,NRU,Nauru,2005,872.6061,36,872.6061,1876.1031,58.0,35.7,24.276,57.4,18.564,Our World in Data / WHO,2026-09-30 02:09:06
4346,NRU,Nauru,2006,883.6054,36,883.6054,1899.7516,58.0,36.1,24.548,55.95,18.772,Our World in Data / WHO,2026-09-30 02:09:06
4347,NRU,Nauru,2007,922.9736,37,922.9736,1984.3932,58.0,36.5,24.82,54.5,18.98,Our World in Data / WHO,2026-09-30 02:09:06
4348,NRU,Nauru,2008,902.325,37,902.325,1939.9988,58.0,36.9,25.092,53.0667,19.188,Our World in Data / WHO,2026-09-30 02:09:06
4349,NRU,Nauru,2009,869.7743,37,869.7743,1870.0147,58.0,37.4,25.432,51.6333,19.448,Our World in Data / WHO,2026-09-30 02:09:06
4350,NRU,Nauru,2010,873.9805,36,873.9805,1879.0581,58.0,37.9,25.772,50.2,19.708,Our World in Data / WHO,2026-09-30 02:09:06
4351,NRU,Nauru,2011,874.1798,35,874.1798,1879.4866,58.0,38.4,26.112,48.96,19.968,Our World in Data / WHO,2026-09-30 02:09:06
4352,NRU,Nauru,2012,843.6202,35,843.6202,1813.7834,58.0,38.8,26.384,47.72,20.176,Our World in Data / WHO,2026-09-30 02:09:06
4353,NRU,Nauru,2013,809.6661,35,809.6661,1740.7821,58.0,39.3,26.724,46.48,20.436,Our World in Data / WHO,2026-09-30 02:09:06
4354,NRU,Nauru,2014,786.6348,34,786.6348,1691.2648,58.0,39.7,26.996,45.24,20.644,Our World in Data / WHO,2026-09-30 02:09:06
4355,NRU,Nauru,2015,761.7838,33,761.7838,1637.8352,58.0,40.1,27.268,44.0,20.852,Our World in Data / WHO,2026-09-30 02:09:06
4356,NRU,Nauru,2016,738.1382,33,738.1382,1586.9971,58.0,40.5,27.54,42.9,21.06,Our World in Data / WHO,2026-09-30 02:09:06
4357,NRU,Nauru,2017,708.4645,33,708.4645,1523.1987,58.0,40.9,27.812,41.8,21.268,Our World in Data / WHO,2026-09-30 02:09:06
4358,NRU,Nauru,2018,668.3898,33,668.3898,1437.0381,58.0,41.4,28.152,40.7,21.528,Our World in Data / WHO,2026-09-30 02:09:06
4359,NRU,Nauru,2019,697.8814,35,697.8814,1500.445,58.0,41.8,28.424,39.6,21.736,Our World in Data / WHO,2026-09-30 02:09:06
4360,NRU,Nauru,2020,750.7339,36,750.7339,1614.0779,58.0,41.8,28.424,38.5,21.736,Our World in Data / WHO,2026-09-30 02:09:06
4361,NRU,Nauru,2021,784.5361,39,784.5361,1686.7526,58.0,41.8,28.424,37.55,21.736,Our World in Data / WHO,2026-09-30 02:09:06
4362,NRU,Nauru,2022,784.5361,39,784.5361,1686.7526,58.0,41.8,28.424,36.6,21.736,Our World in Data / WHO,2026-09-30 02:09:06
4363,NZL,New Zealand,1990,179.9089,10732,179.9089,386.8041,19.0511,34.4,23.392,30.0,17.888,Our World in Data / WHO,2026-09-30 02:09:06
4364,NZL,New Zealand,1991,179.9089,10732,179.9089,386.8041,19.0511,34.4,23.392,30.0,17.888,Our World in Data / WHO,2026-09-30 02:09:06
4365,NZL,New Zealand,1992,179.9089,10732,179.9089,386.8041,19.0511,34.3,23.324,30.0,17.836,Our World in Data / WHO,2026-09-30 02:09:06
4366,NZL,New Zealand,1993,179.9089,10732,179.9089,386.8041,19.0511,34.2,23.256,30.0,17.784,Our World in Data / WHO,2026-09-30 02:09:06
4367,NZL,New Zealand,1994,179.9089,10732,179.9089,386.8041,19.0511,34.1,23.188,30.0,17.732,Our World in Data / WHO,2026-09-30 02:09:06
4368,NZL,New Zealand,1995,179.9089,10732,179.9089,386.8041,19.0511,34.0,23.12,30.0,17.68,Our World in Data / WHO,2026-09-30 02:09:06
4369,NZL,New Zealand,1996,179.9089,10732,179.9089,386.8041,19.0511,33.8,22.984,30.0,17.576,Our World in Data / WHO,2026-09-30 02:09:06
4370,NZL,New Zealand,1997,179.9089,10732,179.9089,386.8041,19.0511,33.7,22.916,30.0,17.524,Our World in Data / WHO,2026-09-30 02:09:06
4371,NZL,New Zealand,1998,179.9089,10732,179.9089,386.8041,19.0511,33.5,22.78,30.0,17.42,Our World in Data / WHO,2026-09-30 02:09:06
4372,NZL,New Zealand,1999,179.9089,10732,179.9089,386.8041,19.0511,33.4,22.712,30.0,17.368,Our World in Data / WHO,2026-09-30 02:09:06
4373,NZL,New Zealand,2000,179.9089,10732,179.9089,386.8041,19.0511,33.3,22.644,30.0,17.316,Our World in Data / WHO,2026-09-30 02:09:06
4374,NZL,New Zealand,2001,181.3386,11229,181.3386,389.878,19.2025,33.2,22.576,28.68,17.264,Our World in Data / WHO,2026-09-30 02:09:06
4375,NZL,New Zealand,2002,175.54,11164,175.54,377.411,18.5885,33.1,22.508,27.36,17.212,Our World in Data / WHO,2026-09-30 02:09:06
4376,NZL,New Zealand,2003,165.249,10833,165.249,355.2854,17.4987,33.0,22.44,26.04,17.16,Our World in Data / WHO,2026-09-30 02:09:06
4377,NZL,New Zealand,2004,164.2731,11086,164.2731,353.1872,17.3954,33.0,22.44,24.72,17.16,Our World in Data / WHO,2026-09-30 02:09:06
4378,NZL,New Zealand,2005,148.802,10334,148.802,319.9243,15.7571,32.9,22.372,23.4,17.108,Our World in Data / WHO,2026-09-30 02:09:06
4379,NZL,New Zealand,2006,147.7795,10670,147.7795,317.7259,15.6488,32.8,22.304,22.3,17.056,Our World in Data / WHO,2026-09-30 02:09:06
4380,NZL,New Zealand,2007,139.4873,10291,139.4873,299.8977,14.7707,32.7,22.236,21.2,17.004,Our World in Data / WHO,2026-09-30 02:09:06
4381,NZL,New Zealand,2008,132.6139,10118,132.6139,285.1199,14.0429,32.7,22.236,20.2333,17.004,Our World in Data / WHO,2026-09-30 02:09:06
4382,NZL,New Zealand,2009,128.9915,10122,128.9915,277.3317,13.6593,32.6,22.168,19.2667,16.952,Our World in Data / WHO,2026-09-30 02:09:06
4383,NZL,New Zealand,2010,123.0156,9941,123.0156,264.4835,13.0265,32.4,22.032,18.3,16.848,Our World in Data / WHO,2026-09-30 02:09:06
4384,NZL,New Zealand,2011,122.8577,10284,122.8577,264.1441,13.0098,32.3,21.964,17.5,16.796,Our World in Data / WHO,2026-09-30 02:09:06
4385,NZL,New Zealand,2012,117.5491,10079,117.5491,252.7306,12.4476,32.1,21.828,16.7,16.692,Our World in Data / WHO,2026-09-30 02:09:06
4386,NZL,New Zealand,2013,111.6378,9811,111.6378,240.0213,12.0,31.9,21.692,15.9,16.588,Our World in Data / WHO,2026-09-30 02:09:06
4387,NZL,New Zealand,2014,114.0724,10368,114.0724,245.2557,12.0795,31.7,21.556,15.1,16.484,Our World in Data / WHO,2026-09-30 02:09:06
4388,NZL,New Zealand,2015,109.9216,10251,109.9216,236.3314,12.0,31.5,21.42,14.3,16.38,Our World in Data / WHO,2026-09-30 02:09:06
4389,NZL,New Zealand,2016,102.0884,9781,102.0884,219.4901,12.0,31.4,21.352,13.7,16.328,Our World in Data / WHO,2026-09-30 02:09:06
4390,NZL,New Zealand,2017,105.2385,10310,105.2385,226.2628,12.0,31.2,21.216,13.1,16.224,Our World in Data / WHO,2026-09-30 02:09:06
4391,NZL,New Zealand,2018,97.9918,9834,97.9918,210.6824,12.0,31.0,21.08,12.5,16.12,Our World in Data / WHO,2026-09-30 02:09:06
4392,NZL,New Zealand,2019,95.6521,9809,95.6521,205.652,12.0,30.9,21.012,11.9,16.068,Our World in Data / WHO,2026-09-30 02:09:06
4393,NZL,New Zealand,2020,87.7487,9213,87.7487,188.6597,12.0,30.9,21.012,11.3,16.068,Our World in Data / WHO,2026-09-30 02:09:06
4394,NZL,New Zealand,2021,89.4898,9689,89.4898,192.4031,12.0,30.9,21.012,10.8,16.068,Our World in Data / WHO,2026-09-30 02:09:06
4395,NZL,New Zealand,2022,89.4898,9689,89.4898,192.4031,12.0,30.9,21.012,10.3,16.068,Our World in Data / WHO,2026-09-30 02:09:06
4396,OMN,Oman,1990,425.7366,3489,425.7366,915.3337,45.0825,43.8,29.784,7.4,22.776,Our World in Data / WHO,2026-09-30 02:09:06
4397,OMN,Oman,1991,425.7366,3489,425.7366,915.3337,45.0825,44.1,29.988,7.4,22.932,Our World in Data / WHO,2026-09-30 02:09:06
4398,OMN,Oman,1992,425.7366,3489,425.7366,915.3337,45.0825,44.5,30.26,7.4,23.14,Our World in Data / WHO,2026-09-30 02:09:06
4399,OMN,Oman,1993,425.7366,3489,425.7366,915.3337,45.0825,44.8,30.464,7.4,23.296,Our World in Data / WHO,2026-09-30 02:09:06
4400,OMN,Oman,1994,425.7366,3489,425.7366,915.3337,45.0825,45.1,30.668,7.4,23.452,Our World in Data / WHO,2026-09-30 02:09:06
4401,OMN,Oman,1995,425.7366,3489,425.7366,915.3337,45.0825,45.5,30.94,7.4,23.66,Our World in Data / WHO,2026-09-30 02:09:06
4402,OMN,Oman,1996,425.7366,3489,425.7366,915.3337,45.0825,45.7,31.076,7.4,23.764,Our World in Data / WHO,2026-09-30 02:09:06
4403,OMN,Oman,1997,425.7366,3489,425.7366,915.3337,45.0825,45.9,31.212,7.4,23.868,Our World in Data / WHO,2026-09-30 02:09:06
4404,OMN,Oman,1998,425.7366,3489,425.7366,915.3337,45.0825,46.0,31.28,7.4,23.92,Our World in Data / WHO,2026-09-30 02:09:06
4405,OMN,Oman,1999,425.7366,3489,425.7366,915.3337,45.0825,46.2,31.416,7.4,24.024,Our World in Data / WHO,2026-09-30 02:09:06
4406,OMN,Oman,2000,425.7366,3489,425.7366,915.3337,45.0825,46.3,31.484,7.4,24.076,Our World in Data / WHO,2026-09-30 02:09:06
4407,OMN,Oman,2001,403.6589,3369,403.6589,867.8666,42.7447,46.5,31.62,7.44,24.18,Our World in Data / WHO,2026-09-30 02:09:06
4408,OMN,Oman,2002,388.9963,3261,388.9963,836.342,41.192,46.7,31.756,7.48,24.284,Our World in Data / WHO,2026-09-30 02:09:06
4409,OMN,Oman,2003,379.9264,3210,379.9264,816.8418,40.2316,46.8,31.824,7.52,24.336,Our World in Data / WHO,2026-09-30 02:09:06
4410,OMN,Oman,2004,362.826,3142,362.826,780.0759,38.4208,47.0,31.96,7.56,24.44,Our World in Data / WHO,2026-09-30 02:09:06
4411,OMN,Oman,2005,359.1018,3211,359.1018,772.0689,38.0264,47.0,31.96,7.6,24.44,Our World in Data / WHO,2026-09-30 02:09:06
4412,OMN,Oman,2006,358.4762,3307,358.4762,770.7238,37.9601,47.0,31.96,7.65,24.44,Our World in Data / WHO,2026-09-30 02:09:06
4413,OMN,Oman,2007,354.7742,3347,354.7742,762.7645,37.5681,47.0,31.96,7.7,24.44,Our World in Data / WHO,2026-09-30 02:09:06
4414,OMN,Oman,2008,354.3141,3402,354.3141,761.7753,37.5194,47.0,31.96,7.7333,24.44,Our World in Data / WHO,2026-09-30 02:09:06
4415,OMN,Oman,2009,329.1746,3131,329.1746,707.7254,34.8573,47.0,31.96,7.7667,24.44,Our World in Data / WHO,2026-09-30 02:09:06
4416,OMN,Oman,2010,374.4134,3833,374.4134,804.9888,39.6478,46.9,31.892,7.8,24.388,Our World in Data / WHO,2026-09-30 02:09:06
4417,OMN,Oman,2011,356.691,4127,356.691,766.8856,37.7711,46.9,31.892,7.86,24.388,Our World in Data / WHO,2026-09-30 02:09:06
4418,OMN,Oman,2012,323.7198,4362,323.7198,695.9976,34.2797,46.8,31.824,7.92,24.336,Our World in Data / WHO,2026-09-30 02:09:06
4419,OMN,Oman,2013,313.0382,4524,313.0382,673.0321,33.1486,46.7,31.756,7.98,24.284,Our World in Data / WHO,2026-09-30 02:09:06
4420,OMN,Oman,2014,319.5925,4828,319.5925,687.1239,33.8426,46.6,31.688,8.04,24.232,Our World in Data / WHO,2026-09-30 02:09:06
4421,OMN,Oman,2015,324.3666,5028,324.3666,697.3882,34.3482,46.5,31.62,8.1,24.18,Our World in Data / WHO,2026-09-30 02:09:06
4422,OMN,Oman,2016,333.2941,5378,333.2941,716.5823,35.2935,46.3,31.484,8.14,24.076,Our World in Data / WHO,2026-09-30 02:09:06
4423,OMN,Oman,2017,324.8221,5485,324.8221,698.3675,34.3964,46.1,31.348,8.18,23.972,Our World in Data / WHO,2026-09-30 02:09:06
4424,OMN,Oman,2018,299.7982,5330,299.7982,644.5661,31.7465,45.9,31.212,8.22,23.868,Our World in Data / WHO,2026-09-30 02:09:06
4425,OMN,Oman,2019,297.5941,5320,297.5941,639.8273,31.5131,45.6,31.008,8.26,23.712,Our World in Data / WHO,2026-09-30 02:09:06
4426,OMN,Oman,2020,353.8076,5607,353.8076,760.6863,37.4658,45.6,31.008,8.3,23.712,Our World in Data / WHO,2026-09-30 02:09:06
4427,OMN,Oman,2021,297.9039,4573,297.9039,640.4934,31.546,45.6,31.008,8.35,23.712,Our World in Data / WHO,2026-09-30 02:09:06
4428,OMN,Oman,2022,297.9039,4573,297.9039,640.4934,31.546,45.6,31.008,8.4,23.712,Our World in Data / WHO,2026-09-30 02:09:06
4429,PAK,Pakistan,1990,368.5574,257893,368.5574,792.3984,39.0277,37.3,25.364,38.5,19.396,Our World in Data / WHO,2026-09-30 02:09:06
4430,PAK,Pakistan,1991,368.5574,257893,368.5574,792.3984,39.0277,37.5,25.5,38.5,19.5,Our World in Data / WHO,2026-09-30 02:09:06
4431,PAK,Pakistan,1992,368.5574,257893,368.5574,792.3984,39.0277,37.6,25.568,38.5,19.552,Our World in Data / WHO,2026-09-30 02:09:06
4432,PAK,Pakistan,1993,368.5574,257893,368.5574,792.3984,39.0277,37.7,25.636,38.5,19.604,Our World in Data / WHO,2026-09-30 02:09:06
4433,PAK,Pakistan,1994,368.5574,257893,368.5574,792.3984,39.0277,37.9,25.772,38.5,19.708,Our World in Data / WHO,2026-09-30 02:09:06
4434,PAK,Pakistan,1995,368.5574,257893,368.5574,792.3984,39.0277,38.0,25.84,38.5,19.76,Our World in Data / WHO,2026-09-30 02:09:06
4435,PAK,Pakistan,1996,368.5574,257893,368.5574,792.3984,39.0277,38.2,25.976,38.5,19.864,Our World in Data / WHO,2026-09-30 02:09:06
4436,PAK,Pakistan,1997,368.5574,257893,368.5574,792.3984,39.0277,38.4,26.112,38.5,19.968,Our World in Data / WHO,2026-09-30 02:09:06
4437,PAK,Pakistan,1998,368.5574,257893,368.5574,792.3984,39.0277,38.5,26.18,38.5,20.02,Our World in Data / WHO,2026-09-30 02:09:06
4438,PAK,Pakistan,1999,368.5574,257893,368.5574,792.3984,39.0277,38.7,26.316,38.5,20.124,Our World in Data / WHO,2026-09-30 02:09:06
4439,PAK,Pakistan,2000,368.5574,257893,368.5574,792.3984,39.0277,39.0,26.52,38.5,20.28,Our World in Data / WHO,2026-09-30 02:09:06
4440,PAK,Pakistan,2001,369.5935,265666,369.5935,794.626,39.1374,39.2,26.656,37.32,20.384,Our World in Data / WHO,2026-09-30 02:09:06
4441,PAK,Pakistan,2002,368.9358,273679,368.9358,793.212,39.0677,39.4,26.792,36.14,20.488,Our World in Data / WHO,2026-09-30 02:09:06
4442,PAK,Pakistan,2003,367.0986,280445,367.0986,789.262,38.8732,39.7,26.996,34.96,20.644,Our World in Data / WHO,2026-09-30 02:09:06
4443,PAK,Pakistan,2004,363.1695,286256,363.1695,780.8144,38.4571,40.0,27.2,33.78,20.8,Our World in Data / WHO,2026-09-30 02:09:06
4444,PAK,Pakistan,2005,359.0192,291822,359.0192,771.8913,38.0176,40.2,27.336,32.6,20.904,Our World in Data / WHO,2026-09-30 02:09:06
4445,PAK,Pakistan,2006,354.6956,297270,354.6956,762.5955,37.5598,40.5,27.54,31.6,21.06,Our World in Data / WHO,2026-09-30 02:09:06
4446,PAK,Pakistan,2007,348.9056,301304,348.9056,750.147,36.9467,40.7,27.676,30.6,21.164,Our World in Data / WHO,2026-09-30 02:09:06
4447,PAK,Pakistan,2008,346.0284,308673,346.0284,743.9611,36.642,40.9,27.812,29.6333,21.268,Our World in Data / WHO,2026-09-30 02:09:06
4448,PAK,Pakistan,2009,343.8837,315992,343.8837,739.35,36.4149,41.2,28.016,28.6667,21.424,Our World in Data / WHO,2026-09-30 02:09:06
4449,PAK,Pakistan,2010,341.6483,321642,341.6483,734.5438,36.1782,41.4,28.152,27.7,21.528,Our World in Data / WHO,2026-09-30 02:09:06
4450,PAK,Pakistan,2011,340.8264,330302,340.8264,732.7768,36.0911,41.6,28.288,26.88,21.632,Our World in Data / WHO,2026-09-30 02:09:06
4451,PAK,Pakistan,2012,341.7538,341928,341.7538,734.7707,36.1894,41.8,28.424,26.06,21.736,Our World in Data / WHO,2026-09-30 02:09:06
4452,PAK,Pakistan,2013,340.5256,347945,340.5256,732.13,36.0593,42.0,28.56,25.24,21.84,Our World in Data / WHO,2026-09-30 02:09:06
4453,PAK,Pakistan,2014,340.6188,359363,340.6188,732.3304,36.0692,42.2,28.696,24.42,21.944,Our World in Data / WHO,2026-09-30 02:09:06
4454,PAK,Pakistan,2015,338.0997,365946,338.0997,726.9144,35.8024,42.4,28.832,23.6,22.048,Our World in Data / WHO,2026-09-30 02:09:06
4455,PAK,Pakistan,2016,336.6244,373452,336.6244,723.7425,35.6462,42.6,28.968,22.92,22.152,Our World in Data / WHO,2026-09-30 02:09:06
4456,PAK,Pakistan,2017,332.1291,377764,332.1291,714.0776,35.1702,42.8,29.104,22.24,22.256,Our World in Data / WHO,2026-09-30 02:09:06
4457,PAK,Pakistan,2018,328.4464,382718,328.4464,706.1598,34.7802,43.0,29.24,21.56,22.36,Our World in Data / WHO,2026-09-30 02:09:06
4458,PAK,Pakistan,2019,326.1354,389275,326.1354,701.1911,34.5355,43.2,29.376,20.88,22.464,Our World in Data / WHO,2026-09-30 02:09:06
4459,PAK,Pakistan,2020,334.7741,405091,334.7741,719.7643,35.4503,43.2,29.376,20.2,22.464,Our World in Data / WHO,2026-09-30 02:09:06
4460,PAK,Pakistan,2021,321.1176,398541,321.1176,690.4028,34.0041,43.2,29.376,19.6,22.464,Our World in Data / WHO,2026-09-30 02:09:06
4461,PAK,Pakistan,2022,321.1176,398541,321.1176,690.4028,34.0041,43.2,29.376,19.0,22.464,Our World in Data / WHO,2026-09-30 02:09:06
4462,PAN,Panama,1990,194.1846,3237,194.1846,417.4969,20.5628,32.0,21.76,13.3,16.64,Our World in Data / WHO,2026-09-30 02:09:06
4463,PAN,Panama,1991,194.1846,3237,194.1846,417.4969,20.5628,32.2,21.896,13.3,16.744,Our World in Data / WHO,2026-09-30 02:09:06
4464,PAN,Panama,1992,194.1846,3237,194.1846,417.4969,20.5628,32.4,22.032,13.3,16.848,Our World in Data / WHO,2026-09-30 02:09:06
4465,PAN,Panama,1993,194.1846,3237,194.1846,417.4969,20.5628,32.7,22.236,13.3,17.004,Our World in Data / WHO,2026-09-30 02:09:06
4466,PAN,Panama,1994,194.1846,3237,194.1846,417.4969,20.5628,32.9,22.372,13.3,17.108,Our World in Data / WHO,2026-09-30 02:09:06
4467,PAN,Panama,1995,194.1846,3237,194.1846,417.4969,20.5628,33.1,22.508,13.3,17.212,Our World in Data / WHO,2026-09-30 02:09:06
4468,PAN,Panama,1996,194.1846,3237,194.1846,417.4969,20.5628,33.4,22.712,13.3,17.368,Our World in Data / WHO,2026-09-30 02:09:06
4469,PAN,Panama,1997,194.1846,3237,194.1846,417.4969,20.5628,33.6,22.848,13.3,17.472,Our World in Data / WHO,2026-09-30 02:09:06
4470,PAN,Panama,1998,194.1846,3237,194.1846,417.4969,20.5628,33.8,22.984,13.3,17.576,Our World in Data / WHO,2026-09-30 02:09:06
4471,PAN,Panama,1999,194.1846,3237,194.1846,417.4969,20.5628,34.1,23.188,13.3,17.732,Our World in Data / WHO,2026-09-30 02:09:06
4472,PAN,Panama,2000,194.1846,3237,194.1846,417.4969,20.5628,34.3,23.324,13.3,17.836,Our World in Data / WHO,2026-09-30 02:09:06
4473,PAN,Panama,2001,200.638,3501,200.638,431.3717,21.2462,34.5,23.46,12.8,17.94,Our World in Data / WHO,2026-09-30 02:09:06
4474,PAN,Panama,2002,188.0195,3465,188.0195,404.2419,19.91,34.8,23.664,12.3,18.096,Our World in Data / WHO,2026-09-30 02:09:06
4475,PAN,Panama,2003,192.4132,3715,192.4132,413.6884,20.3752,35.0,23.8,11.8,18.2,Our World in Data / WHO,2026-09-30 02:09:06
4476,PAN,Panama,2004,189.5432,3846,189.5432,407.5179,20.0713,35.2,23.936,11.3,18.304,Our World in Data / WHO,2026-09-30 02:09:06
4477,PAN,Panama,2005,190.0424,4071,190.0424,408.5912,20.1242,35.4,24.072,10.8,18.408,Our World in Data / WHO,2026-09-30 02:09:06
4478,PAN,Panama,2006,176.6303,4005,176.6303,379.7551,18.7039,35.6,24.208,10.3,18.512,Our World in Data / WHO,2026-09-30 02:09:06
4479,PAN,Panama,2007,173.1929,4131,173.1929,372.3647,18.3399,35.8,24.344,9.8,18.616,Our World in Data / WHO,2026-09-30 02:09:06
4480,PAN,Panama,2008,162.0052,4069,162.0052,348.3112,17.1552,36.0,24.48,9.4333,18.72,Our World in Data / WHO,2026-09-30 02:09:06
4481,PAN,Panama,2009,171.4161,4553,171.4161,368.5446,18.1518,36.1,24.548,9.0667,18.772,Our World in Data / WHO,2026-09-30 02:09:06
4482,PAN,Panama,2010,164.1988,4584,164.1988,353.0274,17.3875,36.3,24.684,8.7,18.876,Our World in Data / WHO,2026-09-30 02:09:06
4483,PAN,Panama,2011,157.9159,4659,157.9159,339.5192,16.7222,36.3,24.684,8.38,18.876,Our World in Data / WHO,2026-09-30 02:09:06
4484,PAN,Panama,2012,149.0034,4623,149.0034,320.3573,15.7784,36.3,24.684,8.06,18.876,Our World in Data / WHO,2026-09-30 02:09:06
4485,PAN,Panama,2013,152.1497,4969,152.1497,327.1219,16.1116,36.3,24.684,7.74,18.876,Our World in Data / WHO,2026-09-30 02:09:06
4486,PAN,Panama,2014,147.572,5064,147.572,317.2798,15.6268,36.3,24.684,7.42,18.876,Our World in Data / WHO,2026-09-30 02:09:06
4487,PAN,Panama,2015,141.8198,5114,141.8198,304.9126,15.0177,36.2,24.616,7.1,18.824,Our World in Data / WHO,2026-09-30 02:09:06
4488,PAN,Panama,2016,143.8556,5432,143.8556,309.2895,15.2333,36.2,24.616,6.82,18.824,Our World in Data / WHO,2026-09-30 02:09:06
4489,PAN,Panama,2017,141.7526,5609,141.7526,304.7681,15.0106,36.1,24.548,6.54,18.772,Our World in Data / WHO,2026-09-30 02:09:06
4490,PAN,Panama,2018,141.889,5884,141.889,305.0614,15.0251,36.1,24.548,6.26,18.772,Our World in Data / WHO,2026-09-30 02:09:06
4491,PAN,Panama,2019,135.0222,5874,135.0222,290.2977,14.2979,36.1,24.548,5.98,18.772,Our World in Data / WHO,2026-09-30 02:09:06
4492,PAN,Panama,2020,126.6647,5787,126.6647,272.3291,13.4129,36.1,24.548,5.7,18.772,Our World in Data / WHO,2026-09-30 02:09:06
4493,PAN,Panama,2021,136.9107,6535,136.9107,294.358,14.4979,36.1,24.548,5.5,18.772,Our World in Data / WHO,2026-09-30 02:09:06
4494,PAN,Panama,2022,136.9107,6535,136.9107,294.358,14.4979,36.1,24.548,5.3,18.772,Our World in Data / WHO,2026-09-30 02:09:06
4495,PER,Peru,1990,108.8236,14514,108.8236,233.9707,12.0,20.4,13.872,32.9,10.608,Our World in Data / WHO,2026-09-30 02:09:06
4496,PER,Peru,1991,108.8236,14514,108.8236,233.9707,12.0,20.3,13.804,32.9,10.556,Our World in Data / WHO,2026-09-30 02:09:06
4497,PER,Peru,1992,108.8236,14514,108.8236,233.9707,12.0,20.2,13.736,32.9,10.504,Our World in Data / WHO,2026-09-30 02:09:06
4498,PER,Peru,1993,108.8236,14514,108.8236,233.9707,12.0,20.2,13.736,32.9,10.504,Our World in Data / WHO,2026-09-30 02:09:06
4499,PER,Peru,1994,108.8236,14514,108.8236,233.9707,12.0,20.1,13.668,32.9,10.452,Our World in Data / WHO,2026-09-30 02:09:06
4500,PER,Peru,1995,108.8236,14514,108.8236,233.9707,12.0,20.1,13.668,32.9,10.452,Our World in Data / WHO,2026-09-30 02:09:06
4501,PER,Peru,1996,108.8236,14514,108.8236,233.9707,12.0,20.0,13.6,32.9,10.4,Our World in Data / WHO,2026-09-30 02:09:06
4502,PER,Peru,1997,108.8236,14514,108.8236,233.9707,12.0,20.0,13.6,32.9,10.4,Our World in Data / WHO,2026-09-30 02:09:06
4503,PER,Peru,1998,108.8236,14514,108.8236,233.9707,12.0,19.9,13.532,32.9,10.348,Our World in Data / WHO,2026-09-30 02:09:06
4504,PER,Peru,1999,108.8236,14514,108.8236,233.9707,12.0,19.9,13.532,32.9,10.348,Our World in Data / WHO,2026-09-30 02:09:06
4505,PER,Peru,2000,108.8236,14514,108.8236,233.9707,12.0,19.9,13.532,32.9,10.348,Our World in Data / WHO,2026-09-30 02:09:06
4506,PER,Peru,2001,96.3064,14034,96.3064,207.0588,12.0,19.9,13.532,31.62,10.348,Our World in Data / WHO,2026-09-30 02:09:06
4507,PER,Peru,2002,94.4709,14915,94.4709,203.1124,12.0,19.9,13.532,30.34,10.348,Our World in Data / WHO,2026-09-30 02:09:06
4508,PER,Peru,2003,95.5415,16516,95.5415,205.4142,12.0,19.9,13.532,29.06,10.348,Our World in Data / WHO,2026-09-30 02:09:06
4509,PER,Peru,2004,88.0002,16629,88.0002,189.2004,12.0,19.9,13.532,27.78,10.348,Our World in Data / WHO,2026-09-30 02:09:06
4510,PER,Peru,2005,83.8568,17370,83.8568,180.2921,12.0,19.8,13.464,26.5,10.296,Our World in Data / WHO,2026-09-30 02:09:06
4511,PER,Peru,2006,80.1772,18186,80.1772,172.381,12.0,19.8,13.464,25.5,10.296,Our World in Data / WHO,2026-09-30 02:09:06
4512,PER,Peru,2007,72.3116,17664,72.3116,155.4699,12.0,19.8,13.464,24.5,10.296,Our World in Data / WHO,2026-09-30 02:09:06
4513,PER,Peru,2008,68.2023,17615,68.2023,146.6349,12.0,19.8,13.464,23.5333,10.296,Our World in Data / WHO,2026-09-30 02:09:06
4514,PER,Peru,2009,72.1194,19286,72.1194,155.0567,12.0,19.8,13.464,22.5667,10.296,Our World in Data / WHO,2026-09-30 02:09:06
4515,PER,Peru,2010,73.6886,20365,73.6886,158.4305,12.0,19.8,13.464,21.6,10.296,Our World in Data / WHO,2026-09-30 02:09:06
4516,PER,Peru,2011,73.3816,21003,73.3816,157.7704,12.0,19.8,13.464,20.8,10.296,Our World in Data / WHO,2026-09-30 02:09:06
4517,PER,Peru,2012,66.893,19789,66.893,143.82,12.0,19.8,13.464,20.0,10.296,Our World in Data / WHO,2026-09-30 02:09:06
4518,PER,Peru,2013,66.8941,20491,66.8941,143.8223,12.0,19.8,13.464,19.2,10.296,Our World in Data / WHO,2026-09-30 02:09:06
4519,PER,Peru,2014,62.3114,19635,62.3114,133.9695,12.0,19.9,13.532,18.4,10.348,Our World in Data / WHO,2026-09-30 02:09:06
4520,PER,Peru,2015,57.2555,18581,57.2555,123.0993,12.0,19.9,13.532,17.6,10.348,Our World in Data / WHO,2026-09-30 02:09:06
4521,PER,Peru,2016,59.0365,19619,59.0365,126.9285,12.0,20.1,13.668,16.96,10.452,Our World in Data / WHO,2026-09-30 02:09:06
4522,PER,Peru,2017,66.4059,22422,66.4059,142.7727,12.0,20.3,13.804,16.32,10.556,Our World in Data / WHO,2026-09-30 02:09:06
4523,PER,Peru,2018,67.1104,23296,67.1104,144.2874,12.0,20.5,13.94,15.68,10.66,Our World in Data / WHO,2026-09-30 02:09:06
4524,PER,Peru,2019,73.5215,26166,73.5215,158.0712,12.0,20.7,14.076,15.04,10.764,Our World in Data / WHO,2026-09-30 02:09:06
4525,PER,Peru,2020,100.7209,36856,100.7209,216.5499,12.0,20.7,14.076,14.4,10.764,Our World in Data / WHO,2026-09-30 02:09:06
4526,PER,Peru,2021,79.9981,28865,79.9981,171.9959,12.0,20.7,14.076,13.9,10.764,Our World in Data / WHO,2026-09-30 02:09:06
4527,PER,Peru,2022,79.9981,28865,79.9981,171.9959,12.0,20.7,14.076,13.4,10.764,Our World in Data / WHO,2026-09-30 02:09:06
4528,PHL,Philippines,1990,370.4438,109411,370.4438,796.4542,39.2274,29.3,19.924,35.7,15.236,Our World in Data / WHO,2026-09-30 02:09:06
4529,PHL,Philippines,1991,370.4438,109411,370.4438,796.4542,39.2274,29.4,19.992,35.7,15.288,Our World in Data / WHO,2026-09-30 02:09:06
4530,PHL,Philippines,1992,370.4438,109411,370.4438,796.4542,39.2274,29.6,20.128,35.7,15.392,Our World in Data / WHO,2026-09-30 02:09:06
4531,PHL,Philippines,1993,370.4438,109411,370.4438,796.4542,39.2274,29.8,20.264,35.7,15.496,Our World in Data / WHO,2026-09-30 02:09:06
4532,PHL,Philippines,1994,370.4438,109411,370.4438,796.4542,39.2274,29.9,20.332,35.7,15.548,Our World in Data / WHO,2026-09-30 02:09:06
4533,PHL,Philippines,1995,370.4438,109411,370.4438,796.4542,39.2274,30.1,20.468,35.7,15.652,Our World in Data / WHO,2026-09-30 02:09:06
4534,PHL,Philippines,1996,370.4438,109411,370.4438,796.4542,39.2274,30.2,20.536,35.7,15.704,Our World in Data / WHO,2026-09-30 02:09:06
4535,PHL,Philippines,1997,370.4438,109411,370.4438,796.4542,39.2274,30.4,20.672,35.7,15.808,Our World in Data / WHO,2026-09-30 02:09:06
4536,PHL,Philippines,1998,370.4438,109411,370.4438,796.4542,39.2274,30.6,20.808,35.7,15.912,Our World in Data / WHO,2026-09-30 02:09:06
4537,PHL,Philippines,1999,370.4438,109411,370.4438,796.4542,39.2274,30.8,20.944,35.7,16.016,Our World in Data / WHO,2026-09-30 02:09:06
4538,PHL,Philippines,2000,370.4438,109411,370.4438,796.4542,39.2274,31.0,21.08,35.7,16.12,Our World in Data / WHO,2026-09-30 02:09:06
4539,PHL,Philippines,2001,384.0052,118173,384.0052,825.6112,40.6635,31.3,21.284,34.86,16.276,Our World in Data / WHO,2026-09-30 02:09:06
4540,PHL,Philippines,2002,396.3795,125695,396.3795,852.2159,41.9738,31.5,21.42,34.02,16.38,Our World in Data / WHO,2026-09-30 02:09:06
4541,PHL,Philippines,2003,388.1425,128574,388.1425,834.5064,41.1016,31.8,21.624,33.18,16.536,Our World in Data / WHO,2026-09-30 02:09:06
4542,PHL,Philippines,2004,420.4812,141407,420.4812,904.0346,44.526,32.1,21.828,32.34,16.692,Our World in Data / WHO,2026-09-30 02:09:06
4543,PHL,Philippines,2005,415.1887,146519,415.1887,892.6557,43.9656,32.4,22.032,31.5,16.848,Our World in Data / WHO,2026-09-30 02:09:06
4544,PHL,Philippines,2006,407.9158,151502,407.9158,877.019,43.1954,32.6,22.168,30.7,16.952,Our World in Data / WHO,2026-09-30 02:09:06
4545,PHL,Philippines,2007,405.0643,156502,405.0643,870.8882,42.8935,32.8,22.304,29.9,17.056,Our World in Data / WHO,2026-09-30 02:09:06
4546,PHL,Philippines,2008,410.1233,163383,410.1233,881.7651,43.4292,33.0,22.44,29.1333,17.16,Our World in Data / WHO,2026-09-30 02:09:06
4547,PHL,Philippines,2009,426.6478,176946,426.6478,917.2928,45.179,33.1,22.508,28.3667,17.212,Our World in Data / WHO,2026-09-30 02:09:06
4548,PHL,Philippines,2010,422.2564,182013,422.2564,907.8513,44.714,33.2,22.576,27.6,17.264,Our World in Data / WHO,2026-09-30 02:09:06
4549,PHL,Philippines,2011,421.391,189170,421.391,905.9906,44.6224,33.3,22.644,27.0,17.316,Our World in Data / WHO,2026-09-30 02:09:06
4550,PHL,Philippines,2012,428.6791,196232,428.6791,921.6601,45.3941,33.3,22.644,26.4,17.316,Our World in Data / WHO,2026-09-30 02:09:06
4551,PHL,Philippines,2013,431.0085,202808,431.0085,926.6683,45.6408,33.3,22.644,25.8,17.316,Our World in Data / WHO,2026-09-30 02:09:06
4552,PHL,Philippines,2014,416.0105,206905,416.0105,894.4226,44.0526,33.3,22.644,25.2,17.316,Our World in Data / WHO,2026-09-30 02:09:06
4553,PHL,Philippines,2015,451.6518,224456,451.6518,971.0514,47.8268,33.4,22.712,24.6,17.368,Our World in Data / WHO,2026-09-30 02:09:06
4554,PHL,Philippines,2016,419.9119,227673,419.9119,902.8106,44.4658,33.5,22.78,24.06,17.42,Our World in Data / WHO,2026-09-30 02:09:06
4555,PHL,Philippines,2017,395.6819,224218,395.6819,850.7161,41.9,33.6,22.848,23.52,17.472,Our World in Data / WHO,2026-09-30 02:09:06
4556,PHL,Philippines,2018,393.0384,231976,393.0384,845.0326,41.62,33.7,22.916,22.98,17.524,Our World in Data / WHO,2026-09-30 02:09:06
4557,PHL,Philippines,2019,398.0387,244649,398.0387,855.7832,42.1495,33.8,22.984,22.44,17.576,Our World in Data / WHO,2026-09-30 02:09:06
4558,PHL,Philippines,2020,374.9867,242933,374.9867,806.2214,39.7085,33.8,22.984,21.9,17.576,Our World in Data / WHO,2026-09-30 02:09:06
4559,PHL,Philippines,2021,509.7412,335718,509.7412,1095.9436,53.9781,33.8,22.984,21.4,17.576,Our World in Data / WHO,2026-09-30 02:09:06
4560,PHL,Philippines,2022,509.7412,335718,509.7412,1095.9436,53.9781,33.8,22.984,20.9,17.576,Our World in Data / WHO,2026-09-30 02:09:06
4561,PLW,Palau,1990,403.1772,60,403.1772,866.831,42.6937,40.0,27.2,31.2,20.8,Our World in Data / WHO,2026-09-30 02:09:06
4562,PLW,Palau,1991,403.1772,60,403.1772,866.831,42.6937,39.9,27.132,31.2,20.748,Our World in Data / WHO,2026-09-30 02:09:06
4563,PLW,Palau,1992,403.1772,60,403.1772,866.831,42.6937,39.9,27.132,31.2,20.748,Our World in Data / WHO,2026-09-30 02:09:06
4564,PLW,Palau,1993,403.1772,60,403.1772,866.831,42.6937,39.8,27.064,31.2,20.696,Our World in Data / WHO,2026-09-30 02:09:06
4565,PLW,Palau,1994,403.1772,60,403.1772,866.831,42.6937,39.8,27.064,31.2,20.696,Our World in Data / WHO,2026-09-30 02:09:06
4566,PLW,Palau,1995,403.1772,60,403.1772,866.831,42.6937,39.8,27.064,31.2,20.696,Our World in Data / WHO,2026-09-30 02:09:06
4567,PLW,Palau,1996,403.1772,60,403.1772,866.831,42.6937,39.9,27.132,31.2,20.748,Our World in Data / WHO,2026-09-30 02:09:06
4568,PLW,Palau,1997,403.1772,60,403.1772,866.831,42.6937,39.9,27.132,31.2,20.748,Our World in Data / WHO,2026-09-30 02:09:06
4569,PLW,Palau,1998,403.1772,60,403.1772,866.831,42.6937,40.0,27.2,31.2,20.8,Our World in Data / WHO,2026-09-30 02:09:06
4570,PLW,Palau,1999,403.1772,60,403.1772,866.831,42.6937,40.2,27.336,31.2,20.904,Our World in Data / WHO,2026-09-30 02:09:06
4571,PLW,Palau,2000,403.1772,60,403.1772,866.831,42.6937,40.4,27.472,31.2,21.008,Our World in Data / WHO,2026-09-30 02:09:06
4572,PLW,Palau,2001,403.9352,62,403.9352,868.4607,42.7739,40.6,27.608,30.76,21.112,Our World in Data / WHO,2026-09-30 02:09:06
4573,PLW,Palau,2002,401.1794,63,401.1794,862.5357,42.4821,40.9,27.812,30.32,21.268,Our World in Data / WHO,2026-09-30 02:09:06
4574,PLW,Palau,2003,388.5103,63,388.5103,835.2971,41.1405,41.2,28.016,29.88,21.424,Our World in Data / WHO,2026-09-30 02:09:06
4575,PLW,Palau,2004,403.6655,68,403.6655,867.8808,42.7454,41.6,28.288,29.44,21.632,Our World in Data / WHO,2026-09-30 02:09:06
4576,PLW,Palau,2005,397.8653,68,397.8653,855.4104,42.1312,42.0,28.56,29.0,21.84,Our World in Data / WHO,2026-09-30 02:09:06
4577,PLW,Palau,2006,404.5679,69,404.5679,869.821,42.8409,42.4,28.832,28.6,22.048,Our World in Data / WHO,2026-09-30 02:09:06
4578,PLW,Palau,2007,402.5229,68,402.5229,865.4242,42.6244,42.8,29.104,28.2,22.256,Our World in Data / WHO,2026-09-30 02:09:06
4579,PLW,Palau,2008,402.5495,68,402.5495,865.4814,42.6272,43.1,29.308,27.8333,22.412,Our World in Data / WHO,2026-09-30 02:09:06
4580,PLW,Palau,2009,404.802,68,404.802,870.3243,42.8657,43.5,29.58,27.4667,22.62,Our World in Data / WHO,2026-09-30 02:09:06
4581,PLW,Palau,2010,404.3796,67,404.3796,869.4161,42.821,43.8,29.784,27.1,22.776,Our World in Data / WHO,2026-09-30 02:09:06
4582,PLW,Palau,2011,401.189,66,401.189,862.5564,42.4831,44.1,29.988,26.76,22.932,Our World in Data / WHO,2026-09-30 02:09:06
4583,PLW,Palau,2012,400.9318,65,400.9318,862.0034,42.4559,44.3,30.124,26.42,23.036,Our World in Data / WHO,2026-09-30 02:09:06
4584,PLW,Palau,2013,400.636,66,400.636,861.3674,42.4246,44.4,30.192,26.08,23.088,Our World in Data / WHO,2026-09-30 02:09:06
4585,PLW,Palau,2014,384.9087,66,384.9087,827.5537,40.7592,44.4,30.192,25.74,23.088,Our World in Data / WHO,2026-09-30 02:09:06
4586,PLW,Palau,2015,377.4044,67,377.4044,811.4195,39.9645,44.4,30.192,25.4,23.088,Our World in Data / WHO,2026-09-30 02:09:06
4587,PLW,Palau,2016,367.8049,67,367.8049,790.7805,38.948,44.3,30.124,25.1,23.036,Our World in Data / WHO,2026-09-30 02:09:06
4588,PLW,Palau,2017,362.4746,68,362.4746,779.3204,38.3835,44.3,30.124,24.8,23.036,Our World in Data / WHO,2026-09-30 02:09:06
4589,PLW,Palau,2018,350.685,69,350.685,753.9728,37.1351,44.3,30.124,24.5,23.036,Our World in Data / WHO,2026-09-30 02:09:06
4590,PLW,Palau,2019,348.95,70,348.95,750.2425,36.9514,44.2,30.056,24.2,22.984,Our World in Data / WHO,2026-09-30 02:09:06
4591,PLW,Palau,2020,349.2682,72,349.2682,750.9266,36.9851,44.2,30.056,23.9,22.984,Our World in Data / WHO,2026-09-30 02:09:06
4592,PLW,Palau,2021,353.2549,74,353.2549,759.498,37.4072,44.2,30.056,23.7,22.984,Our World in Data / WHO,2026-09-30 02:09:06
4593,PLW,Palau,2022,353.2549,74,353.2549,759.498,37.4072,44.2,30.056,23.5,22.984,Our World in Data / WHO,2026-09-30 02:09:06
4594,PNG,Papua New Guinea,1990,244.4202,5557,244.4202,525.5034,25.8824,23.9,16.252,53.8,12.428,Our World in Data / WHO,2026-09-30 02:09:06
4595,PNG,Papua New Guinea,1991,244.4202,5557,244.4202,525.5034,25.8824,23.6,16.048,53.8,12.272,Our World in Data / WHO,2026-09-30 02:09:06
4596,PNG,Papua New Guinea,1992,244.4202,5557,244.4202,525.5034,25.8824,23.3,15.844,53.8,12.116,Our World in Data / WHO,2026-09-30 02:09:06
4597,PNG,Papua New Guinea,1993,244.4202,5557,244.4202,525.5034,25.8824,23.1,15.708,53.8,12.012,Our World in Data / WHO,2026-09-30 02:09:06
4598,PNG,Papua New Guinea,1994,244.4202,5557,244.4202,525.5034,25.8824,22.8,15.504,53.8,11.856,Our World in Data / WHO,2026-09-30 02:09:06
4599,PNG,Papua New Guinea,1995,244.4202,5557,244.4202,525.5034,25.8824,22.5,15.3,53.8,11.7,Our World in Data / WHO,2026-09-30 02:09:06
4600,PNG,Papua New Guinea,1996,244.4202,5557,244.4202,525.5034,25.8824,22.3,15.164,53.8,11.596,Our World in Data / WHO,2026-09-30 02:09:06
4601,PNG,Papua New Guinea,1997,244.4202,5557,244.4202,525.5034,25.8824,22.1,15.028,53.8,11.492,Our World in Data / WHO,2026-09-30 02:09:06
4602,PNG,Papua New Guinea,1998,244.4202,5557,244.4202,525.5034,25.8824,21.9,14.892,53.8,11.388,Our World in Data / WHO,2026-09-30 02:09:06
4603,PNG,Papua New Guinea,1999,244.4202,5557,244.4202,525.5034,25.8824,21.8,14.824,53.8,11.336,Our World in Data / WHO,2026-09-30 02:09:06
4604,PNG,Papua New Guinea,2000,244.4202,5557,244.4202,525.5034,25.8824,21.7,14.756,53.8,11.284,Our World in Data / WHO,2026-09-30 02:09:06
4605,PNG,Papua New Guinea,2001,252.8106,5914,252.8106,543.5428,26.7709,21.7,14.756,53.12,11.284,Our World in Data / WHO,2026-09-30 02:09:06
4606,PNG,Papua New Guinea,2002,251.4626,6142,251.4626,540.6446,26.6281,21.7,14.756,52.44,11.284,Our World in Data / WHO,2026-09-30 02:09:06
4607,PNG,Papua New Guinea,2003,256.222,6418,256.222,550.8773,27.1321,21.8,14.824,51.76,11.336,Our World in Data / WHO,2026-09-30 02:09:06
4608,PNG,Papua New Guinea,2004,257.1898,6660,257.1898,552.9581,27.2346,21.9,14.892,51.08,11.388,Our World in Data / WHO,2026-09-30 02:09:06
4609,PNG,Papua New Guinea,2005,260.8702,7026,260.8702,560.8709,27.6243,22.0,14.96,50.4,11.44,Our World in Data / WHO,2026-09-30 02:09:06
4610,PNG,Papua New Guinea,2006,264.9199,7396,264.9199,569.5778,28.0532,22.2,15.096,49.7,11.544,Our World in Data / WHO,2026-09-30 02:09:06
4611,PNG,Papua New Guinea,2007,262.9791,7682,262.9791,565.4051,27.8477,22.5,15.3,49.0,11.7,Our World in Data / WHO,2026-09-30 02:09:06
4612,PNG,Papua New Guinea,2008,257.3324,7826,257.3324,553.2647,27.2497,22.8,15.504,48.4,11.856,Our World in Data / WHO,2026-09-30 02:09:06
4613,PNG,Papua New Guinea,2009,257.4431,7962,257.4431,553.5027,27.2614,23.2,15.776,47.8,12.064,Our World in Data / WHO,2026-09-30 02:09:06
4614,PNG,Papua New Guinea,2010,259.163,8406,259.163,557.2004,27.4436,23.6,16.048,47.2,12.272,Our World in Data / WHO,2026-09-30 02:09:06
4615,PNG,Papua New Guinea,2011,259.8379,8744,259.8379,558.6515,27.515,24.0,16.32,46.58,12.48,Our World in Data / WHO,2026-09-30 02:09:06
4616,PNG,Papua New Guinea,2012,257.9858,9037,257.9858,554.6695,27.3189,24.5,16.66,45.96,12.74,Our World in Data / WHO,2026-09-30 02:09:06
4617,PNG,Papua New Guinea,2013,261.9458,9376,261.9458,563.1835,27.7382,24.9,16.932,45.34,12.948,Our World in Data / WHO,2026-09-30 02:09:06
4618,PNG,Papua New Guinea,2014,273.3441,10135,273.3441,587.6898,28.9452,25.3,17.204,44.72,13.156,Our World in Data / WHO,2026-09-30 02:09:06
4619,PNG,Papua New Guinea,2015,271.1057,10471,271.1057,582.8773,28.7082,25.8,17.544,44.1,13.416,Our World in Data / WHO,2026-09-30 02:09:06
4620,PNG,Papua New Guinea,2016,271.3228,10824,271.3228,583.344,28.7312,26.3,17.884,43.56,13.676,Our World in Data / WHO,2026-09-30 02:09:06
4621,PNG,Papua New Guinea,2017,262.2998,10849,262.2998,563.9446,27.7757,26.8,18.224,43.02,13.936,Our World in Data / WHO,2026-09-30 02:09:06
4622,PNG,Papua New Guinea,2018,265.6255,11389,265.6255,571.0948,28.1279,27.3,18.564,42.48,14.196,Our World in Data / WHO,2026-09-30 02:09:06
4623,PNG,Papua New Guinea,2019,271.3602,12112,271.3602,583.4244,28.7352,27.8,18.904,41.94,14.456,Our World in Data / WHO,2026-09-30 02:09:06
4624,PNG,Papua New Guinea,2020,255.1764,11743,255.1764,548.6293,27.0214,27.8,18.904,41.4,14.456,Our World in Data / WHO,2026-09-30 02:09:06
4625,PNG,Papua New Guinea,2021,251.2783,12006,251.2783,540.2483,26.6086,27.8,18.904,40.95,14.456,Our World in Data / WHO,2026-09-30 02:09:06
4626,PNG,Papua New Guinea,2022,251.2783,12006,251.2783,540.2483,26.6086,27.8,18.904,40.5,14.456,Our World in Data / WHO,2026-09-30 02:09:06
4627,POL,Poland,1990,351.4692,184953,351.4692,755.6588,37.2181,48.7,33.116,40.1,25.324,Our World in Data / WHO,2026-09-30 02:09:06
4628,POL,Poland,1991,351.4692,184953,351.4692,755.6588,37.2181,48.3,32.844,40.1,25.116,Our World in Data / WHO,2026-09-30 02:09:06
4629,POL,Poland,1992,351.4692,184953,351.4692,755.6588,37.2181,48.0,32.64,40.1,24.96,Our World in Data / WHO,2026-09-30 02:09:06
4630,POL,Poland,1993,351.4692,184953,351.4692,755.6588,37.2181,47.6,32.368,40.1,24.752,Our World in Data / WHO,2026-09-30 02:09:06
4631,POL,Poland,1994,351.4692,184953,351.4692,755.6588,37.2181,47.2,32.096,40.1,24.544,Our World in Data / WHO,2026-09-30 02:09:06
4632,POL,Poland,1995,351.4692,184953,351.4692,755.6588,37.2181,46.9,31.892,40.1,24.388,Our World in Data / WHO,2026-09-30 02:09:06
4633,POL,Poland,1996,351.4692,184953,351.4692,755.6588,37.2181,46.6,31.688,40.1,24.232,Our World in Data / WHO,2026-09-30 02:09:06
4634,POL,Poland,1997,351.4692,184953,351.4692,755.6588,37.2181,46.2,31.416,40.1,24.024,Our World in Data / WHO,2026-09-30 02:09:06
4635,POL,Poland,1998,351.4692,184953,351.4692,755.6588,37.2181,46.0,31.28,40.1,23.92,Our World in Data / WHO,2026-09-30 02:09:06
4636,POL,Poland,1999,351.4692,184953,351.4692,755.6588,37.2181,45.7,31.076,40.1,23.764,Our World in Data / WHO,2026-09-30 02:09:06
4637,POL,Poland,2000,351.4692,184953,351.4692,755.6588,37.2181,45.6,31.008,40.1,23.712,Our World in Data / WHO,2026-09-30 02:09:06
4638,POL,Poland,2001,340.3465,182256,340.3465,731.745,36.0403,45.5,30.94,39.14,23.66,Our World in Data / WHO,2026-09-30 02:09:06
4639,POL,Poland,2002,323.304,176325,323.304,695.1036,34.2356,45.4,30.872,38.18,23.608,Our World in Data / WHO,2026-09-30 02:09:06
4640,POL,Poland,2003,324.3641,180210,324.3641,697.3828,34.3479,45.5,30.94,37.22,23.66,Our World in Data / WHO,2026-09-30 02:09:06
4641,POL,Poland,2004,310.5676,176201,310.5676,667.7203,32.887,45.6,31.008,36.26,23.712,Our World in Data / WHO,2026-09-30 02:09:06
4642,POL,Poland,2005,300.8032,175870,300.8032,646.7269,31.853,45.8,31.144,35.3,23.816,Our World in Data / WHO,2026-09-30 02:09:06
4643,POL,Poland,2006,290.6603,175434,290.6603,624.9196,30.7789,46.0,31.28,34.35,23.92,Our World in Data / WHO,2026-09-30 02:09:06
4644,POL,Poland,2007,285.9124,178322,285.9124,614.7117,30.2761,46.2,31.416,33.4,24.024,Our World in Data / WHO,2026-09-30 02:09:06
4645,POL,Poland,2008,278.7032,179913,278.7032,599.2119,29.5127,46.4,31.552,32.5333,24.128,Our World in Data / WHO,2026-09-30 02:09:06
4646,POL,Poland,2009,277.4274,184820,277.4274,596.4689,29.3776,46.6,31.688,31.6667,24.232,Our World in Data / WHO,2026-09-30 02:09:06
4647,POL,Poland,2010,262.5068,180541,262.5068,564.3896,27.7976,46.9,31.892,30.8,24.388,Our World in Data / WHO,2026-09-30 02:09:06
4648,POL,Poland,2011,248.7076,176745,248.7076,534.7213,26.3364,47.1,32.028,30.08,24.492,Our World in Data / WHO,2026-09-30 02:09:06
4649,POL,Poland,2012,250.4315,182620,250.4315,538.4277,26.519,47.3,32.164,29.36,24.596,Our World in Data / WHO,2026-09-30 02:09:06
4650,POL,Poland,2013,244.136,183558,244.136,524.8924,25.8523,47.5,32.3,28.64,24.7,Our World in Data / WHO,2026-09-30 02:09:06
4651,POL,Poland,2014,229.3955,177416,229.3955,493.2003,24.2914,47.8,32.504,27.92,24.856,Our World in Data / WHO,2026-09-30 02:09:06
4652,POL,Poland,2015,234.9919,186485,234.9919,505.2326,24.884,48.1,32.708,27.2,25.012,Our World in Data / WHO,2026-09-30 02:09:06
4653,POL,Poland,2016,215.6962,176170,215.6962,463.7468,22.8407,48.4,32.912,26.56,25.168,Our World in Data / WHO,2026-09-30 02:09:06
4654,POL,Poland,2017,213.6099,180386,213.6099,459.2613,22.6198,48.7,33.116,25.92,25.324,Our World in Data / WHO,2026-09-30 02:09:06
4655,POL,Poland,2018,210.7652,180359,210.7652,453.1452,22.3186,48.9,33.252,25.28,25.428,Our World in Data / WHO,2026-09-30 02:09:06
4656,POL,Poland,2019,206.2178,179396,206.2178,443.3683,21.837,49.2,33.456,24.64,25.584,Our World in Data / WHO,2026-09-30 02:09:06
4657,POL,Poland,2020,214.9839,190968,214.9839,462.2154,22.7653,49.2,33.456,24.0,25.584,Our World in Data / WHO,2026-09-30 02:09:06
4658,POL,Poland,2021,215.1437,192508,215.1437,462.559,22.7822,49.2,33.456,23.4,25.584,Our World in Data / WHO,2026-09-30 02:09:06
4659,POL,Poland,2022,215.1437,192508,215.1437,462.559,22.7822,49.2,33.456,22.8,25.584,Our World in Data / WHO,2026-09-30 02:09:06
4660,PRI,Puerto Rico,1990,301.6953,12174,301.6953,648.6449,31.9474,36.9,25.092,31.1,19.188,Our World in Data / WHO,2026-09-30 02:09:06
4661,PRI,Puerto Rico,1991,301.6953,12174,301.6953,648.6449,31.9474,37.0,25.16,31.1,19.24,Our World in Data / WHO,2026-09-30 02:09:06
4662,PRI,Puerto Rico,1992,301.6953,12174,301.6953,648.6449,31.9474,37.2,25.296,31.1,19.344,Our World in Data / WHO,2026-09-30 02:09:06
4663,PRI,Puerto Rico,1993,301.6953,12174,301.6953,648.6449,31.9474,37.4,25.432,31.1,19.448,Our World in Data / WHO,2026-09-30 02:09:06
4664,PRI,Puerto Rico,1994,301.6953,12174,301.6953,648.6449,31.9474,37.5,25.5,31.1,19.5,Our World in Data / WHO,2026-09-30 02:09:06
4665,PRI,Puerto Rico,1995,301.6953,12174,301.6953,648.6449,31.9474,37.7,25.636,31.1,19.604,Our World in Data / WHO,2026-09-30 02:09:06
4666,PRI,Puerto Rico,1996,301.6953,12174,301.6953,648.6449,31.9474,37.9,25.772,31.1,19.708,Our World in Data / WHO,2026-09-30 02:09:06
4667,PRI,Puerto Rico,1997,301.6953,12174,301.6953,648.6449,31.9474,38.1,25.908,31.1,19.812,Our World in Data / WHO,2026-09-30 02:09:06
4668,PRI,Puerto Rico,1998,301.6953,12174,301.6953,648.6449,31.9474,38.3,26.044,31.1,19.916,Our World in Data / WHO,2026-09-30 02:09:06
4669,PRI,Puerto Rico,1999,301.6953,12174,301.6953,648.6449,31.9474,38.6,26.248,31.1,20.072,Our World in Data / WHO,2026-09-30 02:09:06
4670,PRI,Puerto Rico,2000,300.9074,12153,300.9074,646.9509,31.864,38.8,26.384,31.1,20.176,Our World in Data / WHO,2026-09-30 02:09:06
4671,PRI,Puerto Rico,2001,294.2353,11994,294.2353,632.6059,31.1575,39.1,26.588,29.84,20.332,Our World in Data / WHO,2026-09-30 02:09:06
4672,PRI,Puerto Rico,2002,288.8225,12033,288.8225,620.9684,30.5843,39.4,26.792,29.18,20.488,Our World in Data / WHO,2026-09-30 02:09:06
4673,PRI,Puerto Rico,2003,283.7716,12244,283.7716,610.1089,30.0494,39.7,26.996,28.72,20.644,Our World in Data / WHO,2026-09-30 02:09:06
4674,PRI,Puerto Rico,2004,285.3273,12579,285.3273,613.4537,30.2142,40.1,27.268,28.26,20.852,Our World in Data / WHO,2026-09-30 02:09:06
4675,PRI,Puerto Rico,2005,282.1496,12994,282.1496,606.6216,29.8777,40.4,27.472,27.8,21.008,Our World in Data / WHO,2026-09-30 02:09:06
4676,PRI,Puerto Rico,2006,277.6579,13277,277.6579,596.9645,29.402,40.7,27.676,27.5,21.164,Our World in Data / WHO,2026-09-30 02:09:06
4677,PRI,Puerto Rico,2007,274.8955,13590,274.8955,591.0253,29.1095,41.0,27.88,26.9,21.32,Our World in Data / WHO,2026-09-30 02:09:06
4678,PRI,Puerto Rico,2008,271.5375,14006,271.5375,583.8056,28.7539,41.3,28.084,26.5333,21.476,Our World in Data / WHO,2026-09-30 02:09:06
4679,PRI,Puerto Rico,2009,273.5406,13826,273.5406,588.1123,28.966,41.6,28.288,25.8667,21.632,Our World in Data / WHO,2026-09-30 02:09:06
4680,PRI,Puerto Rico,2010,266.4071,13586,266.4071,572.7753,28.2107,41.8,28.424,25.2,21.736,Our World in Data / WHO,2026-09-30 02:09:06
4681,PRI,Puerto Rico,2011,261.056,13499,261.056,561.2704,27.644,42.0,28.56,24.86,21.84,Our World in Data / WHO,2026-09-30 02:09:06
4682,PRI,Puerto Rico,2012,257.7325,13734,257.7325,554.1249,27.2921,42.1,28.628,24.22,21.892,Our World in Data / WHO,2026-09-30 02:09:06
4683,PRI,Puerto Rico,2013,256.1762,13592,256.1762,550.7788,27.1273,42.2,28.696,23.76,21.944,Our World in Data / WHO,2026-09-30 02:09:06
4684,PRI,Puerto Rico,2014,254.921,13841,254.921,548.0802,26.9944,42.3,28.764,23.16,21.996,Our World in Data / WHO,2026-09-30 02:09:06
4685,PRI,Puerto Rico,2015,253.8309,14388,253.8309,545.7364,26.8789,42.3,28.764,22.6,21.996,Our World in Data / WHO,2026-09-30 02:09:06
4686,PRI,Puerto Rico,2016,249.8546,14493,249.8546,537.1874,26.4579,42.4,28.832,22.34,22.048,Our World in Data / WHO,2026-09-30 02:09:06
4687,PRI,Puerto Rico,2017,249.9667,14913,249.9667,537.4284,26.4697,42.5,28.9,21.98,22.1,Our World in Data / WHO,2026-09-30 02:09:06
4688,PRI,Puerto Rico,2018,246.2338,14986,246.2338,529.4027,26.0744,42.5,28.9,21.56,22.1,Our World in Data / WHO,2026-09-30 02:09:06
4689,PRI,Puerto Rico,2019,242.393,15362,242.393,521.145,25.6677,42.6,28.968,21.2,22.152,Our World in Data / WHO,2026-09-30 02:09:06
4690,PRK,North Korea,1990,306.0334,51380,306.0334,657.9718,32.4068,24.5,16.66,30.6,12.74,Our World in Data / WHO,2026-09-30 02:09:06
4691,PRK,North Korea,1991,306.0334,51380,306.0334,657.9718,32.4068,24.7,16.796,30.6,12.844,Our World in Data / WHO,2026-09-30 02:09:06
4692,PRK,North Korea,1992,306.0334,51380,306.0334,657.9718,32.4068,24.9,16.932,30.6,12.948,Our World in Data / WHO,2026-09-30 02:09:06
4693,PRK,North Korea,1993,306.0334,51380,306.0334,657.9718,32.4068,25.1,17.068,30.6,13.052,Our World in Data / WHO,2026-09-30 02:09:06
4694,PRK,North Korea,1994,306.0334,51380,306.0334,657.9718,32.4068,25.3,17.204,30.6,13.156,Our World in Data / WHO,2026-09-30 02:09:06
4695,PRK,North Korea,1995,306.0334,51380,306.0334,657.9718,32.4068,25.4,17.272,30.6,13.208,Our World in Data / WHO,2026-09-30 02:09:06
4696,PRK,North Korea,1996,306.0334,51380,306.0334,657.9718,32.4068,25.5,17.34,30.6,13.26,Our World in Data / WHO,2026-09-30 02:09:06
4697,PRK,North Korea,1997,306.0334,51380,306.0334,657.9718,32.4068,25.6,17.408,30.6,13.312,Our World in Data / WHO,2026-09-30 02:09:06
4698,PRK,North Korea,1998,306.0334,51380,306.0334,657.9718,32.4068,25.6,17.408,30.6,13.312,Our World in Data / WHO,2026-09-30 02:09:06
4699,PRK,North Korea,1999,306.0334,51380,306.0334,657.9718,32.4068,25.7,17.476,30.6,13.364,Our World in Data / WHO,2026-09-30 02:09:06
4700,PRK,North Korea,2000,306.0334,51380,306.0334,657.9718,32.4068,25.8,17.544,30.6,13.416,Our World in Data / WHO,2026-09-30 02:09:06
4701,PRK,North Korea,2001,304.1687,52769,304.1687,653.9627,32.2094,26.0,17.68,29.84,13.52,Our World in Data / WHO,2026-09-30 02:09:06
4702,PRK,North Korea,2002,314.9369,56684,314.9369,677.1143,33.3496,26.1,17.748,29.08,13.572,Our World in Data / WHO,2026-09-30 02:09:06
4703,PRK,North Korea,2003,310.7928,58154,310.7928,668.2045,32.9108,26.2,17.816,28.32,13.624,Our World in Data / WHO,2026-09-30 02:09:06
4704,PRK,North Korea,2004,304.9611,59936,304.9611,655.6664,32.2933,26.4,17.952,27.56,13.728,Our World in Data / WHO,2026-09-30 02:09:06
4705,PRK,North Korea,2005,301.5673,61922,301.5673,648.3697,31.9339,26.5,18.02,26.8,13.78,Our World in Data / WHO,2026-09-30 02:09:06
4706,PRK,North Korea,2006,301.2835,64351,301.2835,647.7595,31.9038,26.6,18.088,26.0,13.832,Our World in Data / WHO,2026-09-30 02:09:06
4707,PRK,North Korea,2007,311.61,69787,311.61,669.9615,32.9973,26.7,18.156,25.2,13.884,Our World in Data / WHO,2026-09-30 02:09:06
4708,PRK,North Korea,2008,322.3656,75456,322.3656,693.086,34.1363,26.8,18.224,24.4667,13.936,Our World in Data / WHO,2026-09-30 02:09:06
4709,PRK,North Korea,2009,325.6156,79140,325.6156,700.0735,34.4804,26.9,18.292,23.7333,13.988,Our World in Data / WHO,2026-09-30 02:09:06
4710,PRK,North Korea,2010,331.8074,83747,331.8074,713.3859,35.1361,26.9,18.292,23.0,13.988,Our World in Data / WHO,2026-09-30 02:09:06
4711,PRK,North Korea,2011,335.8075,87840,335.8075,721.9861,35.5597,26.9,18.292,22.38,13.988,Our World in Data / WHO,2026-09-30 02:09:06
4712,PRK,North Korea,2012,332.7545,90078,332.7545,715.4222,35.2364,26.8,18.224,21.76,13.936,Our World in Data / WHO,2026-09-30 02:09:06
4713,PRK,North Korea,2013,332.735,93514,332.735,715.3802,35.2343,26.7,18.156,21.14,13.884,Our World in Data / WHO,2026-09-30 02:09:06
4714,PRK,North Korea,2014,329.6682,96172,329.6682,708.7866,34.9096,26.7,18.156,20.52,13.884,Our World in Data / WHO,2026-09-30 02:09:06
4715,PRK,North Korea,2015,330.9025,100144,330.9025,711.4404,35.0403,26.6,18.088,19.9,13.832,Our World in Data / WHO,2026-09-30 02:09:06
4716,PRK,North Korea,2016,325.0497,101600,325.0497,698.8569,34.4205,26.6,18.088,19.4,13.832,Our World in Data / WHO,2026-09-30 02:09:06
4717,PRK,North Korea,2017,312.4178,100644,312.4178,671.6983,33.0829,26.6,18.088,18.9,13.832,Our World in Data / WHO,2026-09-30 02:09:06
4718,PRK,North Korea,2018,303.0458,100791,303.0458,651.5485,32.0904,26.5,18.02,18.4,13.78,Our World in Data / WHO,2026-09-30 02:09:06
4719,PRK,North Korea,2019,304.7366,104599,304.7366,655.1837,32.2695,26.5,18.02,17.9,13.78,Our World in Data / WHO,2026-09-30 02:09:06
4720,PRK,North Korea,2020,297.1149,104418,297.1149,638.797,31.4624,26.5,18.02,17.4,13.78,Our World in Data / WHO,2026-09-30 02:09:06
4721,PRK,North Korea,2021,290.9067,104902,290.9067,625.4494,30.805,26.5,18.02,16.9,13.78,Our World in Data / WHO,2026-09-30 02:09:06
4722,PRK,North Korea,2022,290.9067,104902,290.9067,625.4494,30.805,26.5,18.02,16.4,13.78,Our World in Data / WHO,2026-09-30 02:09:06
4723,PRT,Portugal,1990,227.4798,45995,227.4798,489.0816,24.0885,40.0,27.2,23.5,20.8,Our World in Data / WHO,2026-09-30 02:09:06
4724,PRT,Portugal,1991,227.4798,45995,227.4798,489.0816,24.0885,39.8,27.064,23.5,20.696,Our World in Data / WHO,2026-09-30 02:09:06
4725,PRT,Portugal,1992,227.4798,45995,227.4798,489.0816,24.0885,39.6,26.928,23.5,20.592,Our World in Data / WHO,2026-09-30 02:09:06
4726,PRT,Portugal,1993,227.4798,45995,227.4798,489.0816,24.0885,39.4,26.792,23.5,20.488,Our World in Data / WHO,2026-09-30 02:09:06
4727,PRT,Portugal,1994,227.4798,45995,227.4798,489.0816,24.0885,39.3,26.724,23.5,20.436,Our World in Data / WHO,2026-09-30 02:09:06
4728,PRT,Portugal,1995,227.4798,45995,227.4798,489.0816,24.0885,39.1,26.588,23.5,20.332,Our World in Data / WHO,2026-09-30 02:09:06
4729,PRT,Portugal,1996,227.4798,45995,227.4798,489.0816,24.0885,38.9,26.452,23.5,20.228,Our World in Data / WHO,2026-09-30 02:09:06
4730,PRT,Portugal,1997,227.4798,45995,227.4798,489.0816,24.0885,38.8,26.384,23.5,20.176,Our World in Data / WHO,2026-09-30 02:09:06
4731,PRT,Portugal,1998,227.4798,45995,227.4798,489.0816,24.0885,38.6,26.248,23.5,20.072,Our World in Data / WHO,2026-09-30 02:09:06
4732,PRT,Portugal,1999,227.4798,45995,227.4798,489.0816,24.0885,38.4,26.112,23.5,19.968,Our World in Data / WHO,2026-09-30 02:09:06
4733,PRT,Portugal,2000,227.4798,45995,227.4798,489.0816,24.0885,38.3,26.044,23.5,19.916,Our World in Data / WHO,2026-09-30 02:09:06
4734,PRT,Portugal,2001,216.8883,45124,216.8883,466.3098,22.967,38.1,25.908,23.68,19.812,Our World in Data / WHO,2026-09-30 02:09:06
4735,PRT,Portugal,2002,210.9953,45032,210.9953,453.6399,22.3429,38.0,25.84,23.86,19.76,Our World in Data / WHO,2026-09-30 02:09:06
4736,PRT,Portugal,2003,208.3234,45557,208.3234,447.8953,22.06,37.8,25.704,24.04,19.656,Our World in Data / WHO,2026-09-30 02:09:06
4737,PRT,Portugal,2004,182.3646,40888,182.3646,392.0839,19.3111,37.7,25.636,24.22,19.604,Our World in Data / WHO,2026-09-30 02:09:06
4738,PRT,Portugal,2005,183.5343,42615,183.5343,394.5987,19.435,37.4,25.432,24.4,19.448,Our World in Data / WHO,2026-09-30 02:09:06
4739,PRT,Portugal,2006,164.6372,39498,164.6372,353.97,17.4339,37.2,25.296,24.6,19.344,Our World in Data / WHO,2026-09-30 02:09:06
4740,PRT,Portugal,2007,155.9396,38985,155.9396,335.2701,16.5129,36.9,25.092,24.8,19.188,Our World in Data / WHO,2026-09-30 02:09:06
4741,PRT,Portugal,2008,148.8828,38362,148.8828,320.098,15.7657,36.5,24.82,25.0,18.98,Our World in Data / WHO,2026-09-30 02:09:06
4742,PRT,Portugal,2009,140.6001,37585,140.6001,302.2902,14.8886,36.1,24.548,25.2,18.772,Our World in Data / WHO,2026-09-30 02:09:06
4743,PRT,Portugal,2010,135.3966,37558,135.3966,291.1027,14.3376,35.7,24.276,25.4,18.564,Our World in Data / WHO,2026-09-30 02:09:06
4744,PRT,Portugal,2011,122.2478,34778,122.2478,262.8328,12.9452,35.3,24.004,25.6,18.356,Our World in Data / WHO,2026-09-30 02:09:06
4745,PRT,Portugal,2012,121.6789,36027,121.6789,261.6096,12.885,34.9,23.732,25.8,18.148,Our World in Data / WHO,2026-09-30 02:09:06
4746,PRT,Portugal,2013,113.8022,34337,113.8022,244.6747,12.0509,34.5,23.46,26.0,17.94,Our World in Data / WHO,2026-09-30 02:09:06
4747,PRT,Portugal,2014,112.4909,34257,112.4909,241.8554,12.0,34.1,23.188,26.2,17.732,Our World in Data / WHO,2026-09-30 02:09:06
4748,PRT,Portugal,2015,109.3274,34399,109.3274,235.0539,12.0,33.7,22.916,26.4,17.524,Our World in Data / WHO,2026-09-30 02:09:06
4749,PRT,Portugal,2016,107.2954,34574,107.2954,230.6851,12.0,33.3,22.644,26.64,17.316,Our World in Data / WHO,2026-09-30 02:09:06
4750,PRT,Portugal,2017,103.798,34083,103.798,223.1657,12.0,33.0,22.44,26.88,17.16,Our World in Data / WHO,2026-09-30 02:09:06
4751,PRT,Portugal,2018,102.1645,34621,102.1645,219.6537,12.0,32.6,22.168,27.12,16.952,Our World in Data / WHO,2026-09-30 02:09:06
4752,PRT,Portugal,2019,98.3072,34199,98.3072,211.3605,12.0,32.3,21.964,27.36,16.796,Our World in Data / WHO,2026-09-30 02:09:06
4753,PRT,Portugal,2020,95.6066,34227,95.6066,205.5542,12.0,32.3,21.964,27.6,16.796,Our World in Data / WHO,2026-09-30 02:09:06
4754,PRT,Portugal,2021,87.821,31754,87.821,188.8152,12.0,32.3,21.964,27.8,16.796,Our World in Data / WHO,2026-09-30 02:09:06
4755,PRT,Portugal,2022,87.821,31754,87.821,188.8152,12.0,32.3,21.964,28.0,16.796,Our World in Data / WHO,2026-09-30 02:09:06
4756,PRY,Paraguay,1990,211.7172,5179,211.7172,455.192,22.4194,47.6,32.368,31.2,24.752,Our World in Data / WHO,2026-09-30 02:09:06
4757,PRY,Paraguay,1991,211.7172,5179,211.7172,455.192,22.4194,48.0,32.64,31.2,24.96,Our World in Data / WHO,2026-09-30 02:09:06
4758,PRY,Paraguay,1992,211.7172,5179,211.7172,455.192,22.4194,48.5,32.98,31.2,25.22,Our World in Data / WHO,2026-09-30 02:09:06
4759,PRY,Paraguay,1993,211.7172,5179,211.7172,455.192,22.4194,48.9,33.252,31.2,25.428,Our World in Data / WHO,2026-09-30 02:09:06
4760,PRY,Paraguay,1994,211.7172,5179,211.7172,455.192,22.4194,49.4,33.592,31.2,25.688,Our World in Data / WHO,2026-09-30 02:09:06
4761,PRY,Paraguay,1995,211.7172,5179,211.7172,455.192,22.4194,49.9,33.932,31.2,25.948,Our World in Data / WHO,2026-09-30 02:09:06
4762,PRY,Paraguay,1996,211.7172,5179,211.7172,455.192,22.4194,50.3,34.204,31.2,26.156,Our World in Data / WHO,2026-09-30 02:09:06
4763,PRY,Paraguay,1997,211.7172,5179,211.7172,455.192,22.4194,50.8,34.544,31.2,26.416,Our World in Data / WHO,2026-09-30 02:09:06
4764,PRY,Paraguay,1998,211.7172,5179,211.7172,455.192,22.4194,51.3,34.884,31.2,26.676,Our World in Data / WHO,2026-09-30 02:09:06
4765,PRY,Paraguay,1999,211.7172,5179,211.7172,455.192,22.4194,51.8,35.224,31.2,26.936,Our World in Data / WHO,2026-09-30 02:09:06
4766,PRY,Paraguay,2000,211.7172,5179,211.7172,455.192,22.4194,52.3,35.564,31.2,27.196,Our World in Data / WHO,2026-09-30 02:09:06
4767,PRY,Paraguay,2001,199.7619,5004,199.7619,429.4881,21.1534,52.8,35.904,29.44,27.456,Our World in Data / WHO,2026-09-30 02:09:06
4768,PRY,Paraguay,2002,191.7482,5006,191.7482,412.2586,20.3048,53.3,36.244,27.68,27.716,Our World in Data / WHO,2026-09-30 02:09:06
4769,PRY,Paraguay,2003,190.0333,5138,190.0333,408.5716,20.1232,53.8,36.584,25.92,27.976,Our World in Data / WHO,2026-09-30 02:09:06
4770,PRY,Paraguay,2004,206.273,5824,206.273,443.487,21.8429,54.3,36.924,24.16,28.236,Our World in Data / WHO,2026-09-30 02:09:06
4771,PRY,Paraguay,2005,201.3479,5916,201.3479,432.898,21.3213,54.7,37.196,22.4,28.444,Our World in Data / WHO,2026-09-30 02:09:06
4772,PRY,Paraguay,2006,212.9566,6485,212.9566,457.8567,22.5506,55.2,37.536,21.0,28.704,Our World in Data / WHO,2026-09-30 02:09:06
4773,PRY,Paraguay,2007,203.0018,6490,203.0018,436.4539,21.4965,55.6,37.808,19.6,28.912,Our World in Data / WHO,2026-09-30 02:09:06
4774,PRY,Paraguay,2008,202.2444,6682,202.2444,434.8255,21.4163,55.9,38.012,18.4,29.068,Our World in Data / WHO,2026-09-30 02:09:06
4775,PRY,Paraguay,2009,214.5232,7387,214.5232,461.2249,22.7165,56.2,38.216,17.2,29.224,Our World in Data / WHO,2026-09-30 02:09:06
4776,PRY,Paraguay,2010,211.3662,7546,211.3662,454.4373,22.3822,56.4,38.352,16.0,29.328,Our World in Data / WHO,2026-09-30 02:09:06
4777,PRY,Paraguay,2011,201.8927,7457,201.8927,434.0693,21.379,56.6,38.488,15.1,29.432,Our World in Data / WHO,2026-09-30 02:09:06
4778,PRY,Paraguay,2012,193.3685,7400,193.3685,415.7423,20.4764,56.6,38.488,14.2,29.432,Our World in Data / WHO,2026-09-30 02:09:06
4779,PRY,Paraguay,2013,191.1559,7555,191.1559,410.9852,20.2421,56.6,38.488,13.3,29.432,Our World in Data / WHO,2026-09-30 02:09:06
4780,PRY,Paraguay,2014,179.3568,7354,179.3568,385.6171,18.9926,56.6,38.488,12.4,29.432,Our World in Data / WHO,2026-09-30 02:09:06
4781,PRY,Paraguay,2015,178.7554,7580,178.7554,384.3241,18.929,56.6,38.488,11.5,29.432,Our World in Data / WHO,2026-09-30 02:09:06
4782,PRY,Paraguay,2016,187.7219,8236,187.7219,403.6021,19.8784,56.5,38.42,10.86,29.38,Our World in Data / WHO,2026-09-30 02:09:06
4783,PRY,Paraguay,2017,186.4168,8461,186.4168,400.7961,19.7402,56.5,38.42,10.22,29.38,Our World in Data / WHO,2026-09-30 02:09:06
4784,PRY,Paraguay,2018,190.3288,8896,190.3288,409.2069,20.1545,56.4,38.352,9.58,29.328,Our World in Data / WHO,2026-09-30 02:09:06
4785,PRY,Paraguay,2019,189.4683,9132,189.4683,407.3568,20.0634,56.4,38.352,8.94,29.328,Our World in Data / WHO,2026-09-30 02:09:06
4786,PRY,Paraguay,2020,175.1491,8678,175.1491,376.5706,18.5471,56.4,38.352,8.3,29.328,Our World in Data / WHO,2026-09-30 02:09:06
4787,PRY,Paraguay,2021,197.5033,9893,197.5033,424.6321,20.9142,56.4,38.352,7.8,29.328,Our World in Data / WHO,2026-09-30 02:09:06
4788,PRY,Paraguay,2022,197.5033,9893,197.5033,424.6321,20.9142,56.4,38.352,7.3,29.328,Our World in Data / WHO,2026-09-30 02:09:06
4789,PSE,Palestine,1990,301.6953,12174,301.6953,648.6449,31.9474,37.5,25.5,27.5,19.5,Our World in Data / WHO,2026-09-30 02:09:06
4790,PSE,Palestine,1991,301.6953,12174,301.6953,648.6449,31.9474,37.7,25.636,27.5,19.604,Our World in Data / WHO,2026-09-30 02:09:06
4791,PSE,Palestine,1992,301.6953,12174,301.6953,648.6449,31.9474,37.9,25.772,27.5,19.708,Our World in Data / WHO,2026-09-30 02:09:06
4792,PSE,Palestine,1993,301.6953,12174,301.6953,648.6449,31.9474,38.1,25.908,27.5,19.812,Our World in Data / WHO,2026-09-30 02:09:06
4793,PSE,Palestine,1994,301.6953,12174,301.6953,648.6449,31.9474,38.4,26.112,27.5,19.968,Our World in Data / WHO,2026-09-30 02:09:06
4794,PSE,Palestine,1995,301.6953,12174,301.6953,648.6449,31.9474,38.6,26.248,27.5,20.072,Our World in Data / WHO,2026-09-30 02:09:06
4795,PSE,Palestine,1996,301.6953,12174,301.6953,648.6449,31.9474,38.8,26.384,27.5,20.176,Our World in Data / WHO,2026-09-30 02:09:06
4796,PSE,Palestine,1997,301.6953,12174,301.6953,648.6449,31.9474,39.0,26.52,27.5,20.28,Our World in Data / WHO,2026-09-30 02:09:06
4797,PSE,Palestine,1998,301.6953,12174,301.6953,648.6449,31.9474,39.2,26.656,27.5,20.384,Our World in Data / WHO,2026-09-30 02:09:06
4798,PSE,Palestine,1999,301.6953,12174,301.6953,648.6449,31.9474,39.4,26.792,27.5,20.488,Our World in Data / WHO,2026-09-30 02:09:06
4799,PSE,Palestine,2000,300.9074,12153,300.9074,646.9509,31.864,39.6,26.928,27.5,20.592,Our World in Data / WHO,2026-09-30 02:09:06
4800,PSE,Palestine,2001,294.2353,11994,294.2353,632.6059,31.1575,39.8,27.064,27.78,20.696,Our World in Data / WHO,2026-09-30 02:09:06
4801,PSE,Palestine,2002,288.8225,12033,288.8225,620.9684,30.5843,39.9,27.132,28.06,20.748,Our World in Data / WHO,2026-09-30 02:09:06
4802,PSE,Palestine,2003,283.7716,12244,283.7716,610.1089,30.0494,40.1,27.268,28.34,20.852,Our World in Data / WHO,2026-09-30 02:09:06
4803,PSE,Palestine,2004,285.3273,12579,285.3273,613.4537,30.2142,40.2,27.336,28.62,20.904,Our World in Data / WHO,2026-09-30 02:09:06
4804,PSE,Palestine,2005,282.1496,12994,282.1496,606.6216,29.8777,40.2,27.336,28.9,20.904,Our World in Data / WHO,2026-09-30 02:09:06
4805,PSE,Palestine,2006,277.6579,13277,277.6579,596.9645,29.402,40.2,27.336,29.15,20.904,Our World in Data / WHO,2026-09-30 02:09:06
4806,PSE,Palestine,2007,274.8955,13590,274.8955,591.0253,29.1095,40.2,27.336,29.4,20.904,Our World in Data / WHO,2026-09-30 02:09:06
4807,PSE,Palestine,2008,271.5375,14006,271.5375,583.8056,28.7539,40.2,27.336,29.7,20.904,Our World in Data / WHO,2026-09-30 02:09:06
4808,PSE,Palestine,2009,273.5406,13826,273.5406,588.1123,28.966,40.2,27.336,30.0,20.904,Our World in Data / WHO,2026-09-30 02:09:06
4809,PSE,Palestine,2010,266.4071,13586,266.4071,572.7753,28.2107,40.2,27.336,30.3,20.904,Our World in Data / WHO,2026-09-30 02:09:06
4810,PSE,Palestine,2011,261.056,13499,261.056,561.2704,27.644,40.1,27.268,30.62,20.852,Our World in Data / WHO,2026-09-30 02:09:06
4811,PSE,Palestine,2012,257.7325,13734,257.7325,554.1249,27.2921,40.1,27.268,30.94,20.852,Our World in Data / WHO,2026-09-30 02:09:06
4812,PSE,Palestine,2013,256.1762,13592,256.1762,550.7788,27.1273,40.0,27.2,31.26,20.8,Our World in Data / WHO,2026-09-30 02:09:06
4813,PSE,Palestine,2014,254.921,13841,254.921,548.0802,26.9944,39.9,27.132,31.58,20.748,Our World in Data / WHO,2026-09-30 02:09:06
4814,PSE,Palestine,2015,253.8309,14388,253.8309,545.7364,26.8789,39.7,26.996,31.9,20.644,Our World in Data / WHO,2026-09-30 02:09:06
4815,PSE,Palestine,2016,249.8546,14493,249.8546,537.1874,26.4579,39.5,26.86,32.3,20.54,Our World in Data / WHO,2026-09-30 02:09:06
4816,PSE,Palestine,2017,249.9667,14913,249.9667,537.4284,26.4697,39.4,26.792,32.7,20.488,Our World in Data / WHO,2026-09-30 02:09:06
4817,PSE,Palestine,2018,246.2338,14986,246.2338,529.4027,26.0744,39.3,26.724,33.1,20.436,Our World in Data / WHO,2026-09-30 02:09:06
4818,PSE,Palestine,2019,242.393,15362,242.393,521.145,25.6677,39.1,26.588,33.5,20.332,Our World in Data / WHO,2026-09-30 02:09:06
4819,PSE,Palestine,2020,247.7139,16277,247.7139,532.5849,26.2312,39.1,26.588,33.9,20.332,Our World in Data / WHO,2026-09-30 02:09:06
4820,PSE,Palestine,2022,240.773,19914,240.773,517.6619,25.4962,39.1,26.588,34.8,20.332,Our World in Data / WHO,2026-09-30 02:09:06
4821,QAT,Qatar,1990,546.212,754,546.212,1174.3558,57.8401,41.1,27.948,12.8,21.372,Our World in Data / WHO,2026-09-30 02:09:06
4822,QAT,Qatar,1991,546.212,754,546.212,1174.3558,57.8401,41.3,28.084,12.8,21.476,Our World in Data / WHO,2026-09-30 02:09:06
4823,QAT,Qatar,1992,546.212,754,546.212,1174.3558,57.8401,41.5,28.22,12.8,21.58,Our World in Data / WHO,2026-09-30 02:09:06
4824,QAT,Qatar,1993,546.212,754,546.212,1174.3558,57.8401,41.6,28.288,12.8,21.632,Our World in Data / WHO,2026-09-30 02:09:06
4825,QAT,Qatar,1994,546.212,754,546.212,1174.3558,57.8401,41.8,28.424,12.8,21.736,Our World in Data / WHO,2026-09-30 02:09:06
4826,QAT,Qatar,1995,546.212,754,546.212,1174.3558,57.8401,42.0,28.56,12.8,21.84,Our World in Data / WHO,2026-09-30 02:09:06
4827,QAT,Qatar,1996,546.212,754,546.212,1174.3558,57.8401,42.2,28.696,12.8,21.944,Our World in Data / WHO,2026-09-30 02:09:06
4828,QAT,Qatar,1997,546.212,754,546.212,1174.3558,57.8401,42.4,28.832,12.8,22.048,Our World in Data / WHO,2026-09-30 02:09:06
4829,QAT,Qatar,1998,546.212,754,546.212,1174.3558,57.8401,42.6,28.968,12.8,22.152,Our World in Data / WHO,2026-09-30 02:09:06
4830,QAT,Qatar,1999,546.212,754,546.212,1174.3558,57.8401,42.7,29.036,12.8,22.204,Our World in Data / WHO,2026-09-30 02:09:06
4831,QAT,Qatar,2000,546.212,754,546.212,1174.3558,57.8401,42.9,29.172,12.8,22.308,Our World in Data / WHO,2026-09-30 02:09:06
4832,QAT,Qatar,2001,557.4864,788,557.4864,1198.5958,58.0,43.0,29.24,12.76,22.36,Our World in Data / WHO,2026-09-30 02:09:06
4833,QAT,Qatar,2002,563.5984,818,563.5984,1211.7366,58.0,43.2,29.376,12.72,22.464,Our World in Data / WHO,2026-09-30 02:09:06
4834,QAT,Qatar,2003,543.3225,819,543.3225,1168.1434,57.5341,43.2,29.376,12.68,22.464,Our World in Data / WHO,2026-09-30 02:09:06
4835,QAT,Qatar,2004,505.8161,803,505.8161,1087.5046,53.5624,43.3,29.444,12.64,22.516,Our World in Data / WHO,2026-09-30 02:09:06
4836,QAT,Qatar,2005,475.7583,822,475.7583,1022.8803,50.3795,43.2,29.376,12.6,22.464,Our World in Data / WHO,2026-09-30 02:09:06
4837,QAT,Qatar,2006,427.1953,875,427.1953,918.4699,45.237,43.3,29.444,12.6,22.516,Our World in Data / WHO,2026-09-30 02:09:06
4838,QAT,Qatar,2007,381.3623,986,381.3623,819.9289,40.3836,43.3,29.444,12.6,22.516,Our World in Data / WHO,2026-09-30 02:09:06
4839,QAT,Qatar,2008,353.9371,1039,353.9371,760.9648,37.4795,43.2,29.376,12.5667,22.464,Our World in Data / WHO,2026-09-30 02:09:06
4840,QAT,Qatar,2009,350.9712,1066,350.9712,754.5881,37.1654,43.2,29.376,12.5333,22.464,Our World in Data / WHO,2026-09-30 02:09:06
4841,QAT,Qatar,2010,324.4506,1049,324.4506,697.5688,34.3571,43.1,29.308,12.5,22.412,Our World in Data / WHO,2026-09-30 02:09:06
4842,QAT,Qatar,2011,276.3022,1031,276.3022,594.0497,29.2585,42.9,29.172,12.5,22.308,Our World in Data / WHO,2026-09-30 02:09:06
4843,QAT,Qatar,2012,242.6965,1038,242.6965,521.7975,25.6999,42.6,28.968,12.5,22.152,Our World in Data / WHO,2026-09-30 02:09:06
4844,QAT,Qatar,2013,212.6816,1028,212.6816,457.2654,22.5215,42.4,28.832,12.5,22.048,Our World in Data / WHO,2026-09-30 02:09:06
4845,QAT,Qatar,2014,191.0386,1027,191.0386,410.733,20.2297,42.1,28.628,12.5,21.892,Our World in Data / WHO,2026-09-30 02:09:06
4846,QAT,Qatar,2015,170.4896,1043,170.4896,366.5526,18.0537,41.8,28.424,12.5,21.736,Our World in Data / WHO,2026-09-30 02:09:06
4847,QAT,Qatar,2016,171.7741,1115,171.7741,369.3143,18.1897,41.6,28.288,12.5,21.632,Our World in Data / WHO,2026-09-30 02:09:06
4848,QAT,Qatar,2017,171.7848,1156,171.7848,369.3373,18.1908,41.4,28.152,12.5,21.528,Our World in Data / WHO,2026-09-30 02:09:06
4849,QAT,Qatar,2018,171.8623,1161,171.8623,369.5039,18.199,41.1,27.948,12.5,21.372,Our World in Data / WHO,2026-09-30 02:09:06
4850,QAT,Qatar,2019,173.3362,1161,173.3362,372.6728,18.3551,40.9,27.812,12.5,21.268,Our World in Data / WHO,2026-09-30 02:09:06
4851,QAT,Qatar,2020,201.4415,1200,201.4415,433.0992,21.3313,40.9,27.812,12.5,21.268,Our World in Data / WHO,2026-09-30 02:09:06
4852,QAT,Qatar,2021,204.8561,1192,204.8561,440.4406,21.6928,40.9,27.812,12.5,21.268,Our World in Data / WHO,2026-09-30 02:09:06
4853,QAT,Qatar,2022,204.8561,1192,204.8561,440.4406,21.6928,40.9,27.812,12.5,21.268,Our World in Data / WHO,2026-09-30 02:09:06
4854,ROU,Romania,1990,484.5916,152514,484.5916,1041.8719,51.3149,48.5,32.98,38.7,25.22,Our World in Data / WHO,2026-09-30 02:09:06
4855,ROU,Romania,1991,484.5916,152514,484.5916,1041.8719,51.3149,48.2,32.776,38.7,25.064,Our World in Data / WHO,2026-09-30 02:09:06
4856,ROU,Romania,1992,484.5916,152514,484.5916,1041.8719,51.3149,47.9,32.572,38.7,24.908,Our World in Data / WHO,2026-09-30 02:09:06
4857,ROU,Romania,1993,484.5916,152514,484.5916,1041.8719,51.3149,47.7,32.436,38.7,24.804,Our World in Data / WHO,2026-09-30 02:09:06
4858,ROU,Romania,1994,484.5916,152514,484.5916,1041.8719,51.3149,47.4,32.232,38.7,24.648,Our World in Data / WHO,2026-09-30 02:09:06
4859,ROU,Romania,1995,484.5916,152514,484.5916,1041.8719,51.3149,47.2,32.096,38.7,24.544,Our World in Data / WHO,2026-09-30 02:09:06
4860,ROU,Romania,1996,484.5916,152514,484.5916,1041.8719,51.3149,46.9,31.892,38.7,24.388,Our World in Data / WHO,2026-09-30 02:09:06
4861,ROU,Romania,1997,484.5916,152514,484.5916,1041.8719,51.3149,46.7,31.756,38.7,24.284,Our World in Data / WHO,2026-09-30 02:09:06
4862,ROU,Romania,1998,484.5916,152514,484.5916,1041.8719,51.3149,46.5,31.62,38.7,24.18,Our World in Data / WHO,2026-09-30 02:09:06
4863,ROU,Romania,1999,484.5916,152514,484.5916,1041.8719,51.3149,46.4,31.552,38.7,24.128,Our World in Data / WHO,2026-09-30 02:09:06
4864,ROU,Romania,2000,484.5916,152514,484.5916,1041.8719,51.3149,46.3,31.484,38.7,24.076,Our World in Data / WHO,2026-09-30 02:09:06
4865,ROU,Romania,2001,480.5634,153626,480.5634,1033.2113,50.8883,46.2,31.416,38.24,24.024,Our World in Data / WHO,2026-09-30 02:09:06
4866,ROU,Romania,2002,506.601,163300,506.601,1089.1921,53.6455,46.3,31.484,37.78,24.076,Our World in Data / WHO,2026-09-30 02:09:06
4867,ROU,Romania,2003,501.0299,161225,501.0299,1077.2143,53.0556,46.3,31.484,37.32,24.076,Our World in Data / WHO,2026-09-30 02:09:06
4868,ROU,Romania,2004,480.2028,153651,480.2028,1032.436,50.8501,46.4,31.552,36.86,24.128,Our World in Data / WHO,2026-09-30 02:09:06
4869,ROU,Romania,2005,485.2722,155356,485.2722,1043.3352,51.387,46.6,31.688,36.4,24.232,Our World in Data / WHO,2026-09-30 02:09:06
4870,ROU,Romania,2006,467.4964,152636,467.4964,1005.1173,49.5046,46.8,31.824,36.05,24.336,Our World in Data / WHO,2026-09-30 02:09:06
4871,ROU,Romania,2007,434.7482,147277,434.7482,934.7086,46.0368,46.9,31.892,35.7,24.388,Our World in Data / WHO,2026-09-30 02:09:06
4872,ROU,Romania,2008,416.7259,147146,416.7259,895.9607,44.1284,47.1,32.028,35.3,24.492,Our World in Data / WHO,2026-09-30 02:09:06
4873,ROU,Romania,2009,406.725,150510,406.725,874.4588,43.0694,47.2,32.096,34.9,24.544,Our World in Data / WHO,2026-09-30 02:09:06
4874,ROU,Romania,2010,397.1331,154113,397.1331,853.8362,42.0536,47.4,32.232,34.5,24.648,Our World in Data / WHO,2026-09-30 02:09:06
4875,ROU,Romania,2011,373.2957,150791,373.2957,802.5858,39.5294,47.5,32.3,34.16,24.7,Our World in Data / WHO,2026-09-30 02:09:06
4876,ROU,Romania,2012,363.5866,150222,363.5866,781.7112,38.5013,47.6,32.368,33.82,24.752,Our World in Data / WHO,2026-09-30 02:09:06
4877,ROU,Romania,2013,340.2033,143232,340.2033,731.4371,36.0252,47.7,32.436,33.48,24.804,Our World in Data / WHO,2026-09-30 02:09:06
4878,ROU,Romania,2014,339.6635,145567,339.6635,730.2765,35.968,47.8,32.504,33.14,24.856,Our World in Data / WHO,2026-09-30 02:09:06
4879,ROU,Romania,2015,340.8874,148887,340.8874,732.9079,36.0976,47.9,32.572,32.8,24.908,Our World in Data / WHO,2026-09-30 02:09:06
4880,ROU,Romania,2016,327.7089,144173,327.7089,704.5741,34.7021,48.0,32.64,32.44,24.96,Our World in Data / WHO,2026-09-30 02:09:06
4881,ROU,Romania,2017,327.3496,146061,327.3496,703.8016,34.664,48.1,32.708,32.08,25.012,Our World in Data / WHO,2026-09-30 02:09:06
4882,ROU,Romania,2018,324.619,146085,324.619,697.9309,34.3749,48.3,32.844,31.72,25.116,Our World in Data / WHO,2026-09-30 02:09:06
4883,ROU,Romania,2019,311.6194,141511,311.6194,669.9817,32.9983,48.4,32.912,31.36,25.168,Our World in Data / WHO,2026-09-30 02:09:06
4884,ROU,Romania,2020,317.3764,145117,317.3764,682.3593,33.608,48.4,32.912,31.0,25.168,Our World in Data / WHO,2026-09-30 02:09:06
4885,ROU,Romania,2021,318.2169,144630,318.2169,684.1663,33.697,48.4,32.912,30.7,25.168,Our World in Data / WHO,2026-09-30 02:09:06
4886,ROU,Romania,2022,318.2169,144630,318.2169,684.1663,33.697,48.4,32.912,30.4,25.168,Our World in Data / WHO,2026-09-30 02:09:06
4887,RUS,Russia,1990,632.0118,1261014,632.0118,1358.8254,58.0,52.6,35.768,39.6,27.352,Our World in Data / WHO,2026-09-30 02:09:06
4888,RUS,Russia,1991,632.0118,1261014,632.0118,1358.8254,58.0,52.3,35.564,39.6,27.196,Our World in Data / WHO,2026-09-30 02:09:06
4889,RUS,Russia,1992,632.0118,1261014,632.0118,1358.8254,58.0,52.1,35.428,39.6,27.092,Our World in Data / WHO,2026-09-30 02:09:06
4890,RUS,Russia,1993,632.0118,1261014,632.0118,1358.8254,58.0,51.9,35.292,39.6,26.988,Our World in Data / WHO,2026-09-30 02:09:06
4891,RUS,Russia,1994,632.0118,1261014,632.0118,1358.8254,58.0,51.7,35.156,39.6,26.884,Our World in Data / WHO,2026-09-30 02:09:06
4892,RUS,Russia,1995,632.0118,1261014,632.0118,1358.8254,58.0,51.5,35.02,39.6,26.78,Our World in Data / WHO,2026-09-30 02:09:06
4893,RUS,Russia,1996,632.0118,1261014,632.0118,1358.8254,58.0,51.3,34.884,39.6,26.676,Our World in Data / WHO,2026-09-30 02:09:06
4894,RUS,Russia,1997,632.0118,1261014,632.0118,1358.8254,58.0,51.1,34.748,39.6,26.572,Our World in Data / WHO,2026-09-30 02:09:06
4895,RUS,Russia,1998,632.0118,1261014,632.0118,1358.8254,58.0,50.9,34.612,39.6,26.468,Our World in Data / WHO,2026-09-30 02:09:06
4896,RUS,Russia,1999,632.0118,1261014,632.0118,1358.8254,58.0,50.8,34.544,39.6,26.416,Our World in Data / WHO,2026-09-30 02:09:06
4897,RUS,Russia,2000,632.0118,1261014,632.0118,1358.8254,58.0,50.6,34.408,39.6,26.312,Our World in Data / WHO,2026-09-30 02:09:06
4898,RUS,Russia,2001,638.2665,1280226,638.2665,1372.273,58.0,50.5,34.34,38.98,26.26,Our World in Data / WHO,2026-09-30 02:09:06
4899,RUS,Russia,2002,658.7313,1329576,658.7313,1416.2723,58.0,50.4,34.272,38.36,26.208,Our World in Data / WHO,2026-09-30 02:09:06
4900,RUS,Russia,2003,682.8475,1378124,682.8475,1468.1221,58.0,50.2,34.136,37.74,26.104,Our World in Data / WHO,2026-09-30 02:09:06
4901,RUS,Russia,2004,658.812,1335198,658.812,1416.4458,58.0,50.1,34.068,37.12,26.052,Our World in Data / WHO,2026-09-30 02:09:06
4902,RUS,Russia,2005,664.0635,1356476,664.0635,1427.7365,58.0,49.9,33.932,36.5,25.948,Our World in Data / WHO,2026-09-30 02:09:06
4903,RUS,Russia,2006,619.3956,1285422,619.3956,1331.7005,58.0,49.7,33.796,35.95,25.844,Our World in Data / WHO,2026-09-30 02:09:06
4904,RUS,Russia,2007,584.379,1236943,584.379,1256.4148,58.0,49.5,33.66,35.4,25.74,Our World in Data / WHO,2026-09-30 02:09:06
4905,RUS,Russia,2008,575.8804,1240465,575.8804,1238.1429,58.0,49.2,33.456,34.7667,25.584,Our World in Data / WHO,2026-09-30 02:09:06
4906,RUS,Russia,2009,547.1244,1200388,547.1244,1176.3175,57.9367,48.9,33.252,34.1333,25.428,Our World in Data / WHO,2026-09-30 02:09:06
4907,RUS,Russia,2010,536.8376,1201393,536.8376,1154.2008,56.8474,48.6,33.048,33.5,25.272,Our World in Data / WHO,2026-09-30 02:09:06
4908,RUS,Russia,2011,488.3783,1120665,488.3783,1050.0133,51.7159,48.2,32.776,33.0,25.064,Our World in Data / WHO,2026-09-30 02:09:06
4909,RUS,Russia,2012,467.3899,1103180,467.3899,1004.8883,49.4933,47.7,32.436,32.5,24.804,Our World in Data / WHO,2026-09-30 02:09:06
4910,RUS,Russia,2013,444.3438,1069314,444.3438,955.3392,47.0529,47.3,32.164,32.0,24.596,Our World in Data / WHO,2026-09-30 02:09:06
4911,RUS,Russia,2014,438.0995,1076793,438.0995,941.9139,46.3917,46.8,31.824,31.5,24.336,Our World in Data / WHO,2026-09-30 02:09:06
4912,RUS,Russia,2015,414.9694,1036248,414.9694,892.1842,43.9424,46.3,31.484,31.0,24.076,Our World in Data / WHO,2026-09-30 02:09:06
4913,RUS,Russia,2016,408.5249,1044578,408.5249,878.3285,43.2599,45.8,31.144,30.56,23.816,Our World in Data / WHO,2026-09-30 02:09:06
4914,RUS,Russia,2017,381.3493,1000820,381.3493,819.901,40.3822,45.3,30.804,30.12,23.556,Our World in Data / WHO,2026-09-30 02:09:06
4915,RUS,Russia,2018,373.8471,993930,373.8471,803.7713,39.5878,44.8,30.464,29.68,23.296,Our World in Data / WHO,2026-09-30 02:09:06
4916,RUS,Russia,2019,353.7476,950695,353.7476,760.5573,37.4594,44.3,30.124,29.24,23.036,Our World in Data / WHO,2026-09-30 02:09:06
4917,RUS,Russia,2020,316.9629,862574,316.9629,681.4702,33.5642,44.3,30.124,28.8,23.036,Our World in Data / WHO,2026-09-30 02:09:06
4918,RUS,Russia,2021,330.7357,903200,330.7357,711.0818,35.0226,44.3,30.124,28.3,23.036,Our World in Data / WHO,2026-09-30 02:09:06
4919,RUS,Russia,2022,330.7357,903200,330.7357,711.0818,35.0226,44.3,30.124,27.8,23.036,Our World in Data / WHO,2026-09-30 02:09:06
4920,RWA,Rwanda,1990,610.6261,12155,610.6261,1312.8461,58.0,31.7,21.556,42.2,16.484,Our World in Data / WHO,2026-09-30 02:09:06
4921,RWA,Rwanda,1991,610.6261,12155,610.6261,1312.8461,58.0,31.7,21.556,42.2,16.484,Our World in Data / WHO,2026-09-30 02:09:06
4922,RWA,Rwanda,1992,610.6261,12155,610.6261,1312.8461,58.0,31.7,21.556,42.2,16.484,Our World in Data / WHO,2026-09-30 02:09:06
4923,RWA,Rwanda,1993,610.6261,12155,610.6261,1312.8461,58.0,31.7,21.556,42.2,16.484,Our World in Data / WHO,2026-09-30 02:09:06
4924,RWA,Rwanda,1994,610.6261,12155,610.6261,1312.8461,58.0,31.7,21.556,42.2,16.484,Our World in Data / WHO,2026-09-30 02:09:06
4925,RWA,Rwanda,1995,610.6261,12155,610.6261,1312.8461,58.0,31.8,21.624,42.2,16.536,Our World in Data / WHO,2026-09-30 02:09:06
4926,RWA,Rwanda,1996,610.6261,12155,610.6261,1312.8461,58.0,31.8,21.624,42.2,16.536,Our World in Data / WHO,2026-09-30 02:09:06
4927,RWA,Rwanda,1997,610.6261,12155,610.6261,1312.8461,58.0,31.9,21.692,42.2,16.588,Our World in Data / WHO,2026-09-30 02:09:06
4928,RWA,Rwanda,1998,610.6261,12155,610.6261,1312.8461,58.0,32.0,21.76,42.2,16.64,Our World in Data / WHO,2026-09-30 02:09:06
4929,RWA,Rwanda,1999,610.6261,12155,610.6261,1312.8461,58.0,32.1,21.828,42.2,16.692,Our World in Data / WHO,2026-09-30 02:09:06
4930,RWA,Rwanda,2000,610.6261,12155,610.6261,1312.8461,58.0,32.2,21.896,42.2,16.744,Our World in Data / WHO,2026-09-30 02:09:06
4931,RWA,Rwanda,2001,623.226,12093,623.226,1339.9359,58.0,32.3,21.964,40.36,16.796,Our World in Data / WHO,2026-09-30 02:09:06
4932,RWA,Rwanda,2002,624.2004,11930,624.2004,1342.0309,58.0,32.5,22.1,38.52,16.9,Our World in Data / WHO,2026-09-30 02:09:06
4933,RWA,Rwanda,2003,578.953,11297,578.953,1244.749,58.0,32.6,22.168,36.68,16.952,Our World in Data / WHO,2026-09-30 02:09:06
4934,RWA,Rwanda,2004,518.9794,10522,518.9794,1115.8057,54.9563,32.8,22.304,34.84,17.056,Our World in Data / WHO,2026-09-30 02:09:06
4935,RWA,Rwanda,2005,473.9791,10093,473.9791,1019.0551,50.1911,32.9,22.372,33.0,17.108,Our World in Data / WHO,2026-09-30 02:09:06
4936,RWA,Rwanda,2006,447.3816,9994,447.3816,961.8704,47.3746,32.9,22.372,31.35,17.108,Our World in Data / WHO,2026-09-30 02:09:06
4937,RWA,Rwanda,2007,430.8372,10117,430.8372,926.3,45.6227,33.0,22.44,29.7,17.16,Our World in Data / WHO,2026-09-30 02:09:06
4938,RWA,Rwanda,2008,420.391,10366,420.391,903.8406,44.5165,32.9,22.372,28.1333,17.108,Our World in Data / WHO,2026-09-30 02:09:06
4939,RWA,Rwanda,2009,408.9228,10616,408.9228,879.184,43.3021,32.8,22.304,26.5667,17.056,Our World in Data / WHO,2026-09-30 02:09:06
4940,RWA,Rwanda,2010,405.6076,11119,405.6076,872.0563,42.951,32.6,22.168,25.0,16.952,Our World in Data / WHO,2026-09-30 02:09:06
4941,RWA,Rwanda,2011,404.3071,11679,404.3071,869.2603,42.8133,32.4,22.032,23.7,16.848,Our World in Data / WHO,2026-09-30 02:09:06
4942,RWA,Rwanda,2012,378.2642,11876,378.2642,813.268,40.0556,32.1,21.828,22.4,16.692,Our World in Data / WHO,2026-09-30 02:09:06
4943,RWA,Rwanda,2013,337.2276,11674,337.2276,725.0393,35.7101,31.8,21.624,21.1,16.536,Our World in Data / WHO,2026-09-30 02:09:06
4944,RWA,Rwanda,2014,307.456,11614,307.456,661.0304,32.5575,31.5,21.42,19.8,16.38,Our World in Data / WHO,2026-09-30 02:09:06
4945,RWA,Rwanda,2015,285.7032,11629,285.7032,614.2619,30.254,31.1,21.148,18.5,16.172,Our World in Data / WHO,2026-09-30 02:09:06
4946,RWA,Rwanda,2016,268.5666,11671,268.5666,577.4182,28.4393,30.8,20.944,17.46,16.016,Our World in Data / WHO,2026-09-30 02:09:06
4947,RWA,Rwanda,2017,258.3836,11903,258.3836,555.5247,27.361,30.5,20.74,16.42,15.86,Our World in Data / WHO,2026-09-30 02:09:06
4948,RWA,Rwanda,2018,249.875,12147,249.875,537.2312,26.46,30.2,20.536,15.38,15.704,Our World in Data / WHO,2026-09-30 02:09:06
4949,RWA,Rwanda,2019,241.8402,12402,241.8402,519.9564,25.6092,29.8,20.264,14.34,15.496,Our World in Data / WHO,2026-09-30 02:09:06
4950,RWA,Rwanda,2020,236.8834,12614,236.8834,509.2993,25.0843,29.8,20.264,13.3,15.496,Our World in Data / WHO,2026-09-30 02:09:06
4951,RWA,Rwanda,2021,238.5087,13545,238.5087,512.7937,25.2564,29.8,20.264,12.45,15.496,Our World in Data / WHO,2026-09-30 02:09:06
4952,RWA,Rwanda,2022,238.5087,13545,238.5087,512.7937,25.2564,29.8,20.264,11.6,15.496,Our World in Data / WHO,2026-09-30 02:09:06
4953,SAU,Saudi Arabia,1990,436.9802,19005,436.9802,939.5074,46.2732,34.4,23.392,14.4,17.888,Our World in Data / WHO,2026-09-30 02:09:06
4954,SAU,Saudi Arabia,1991,436.9802,19005,436.9802,939.5074,46.2732,34.5,23.46,14.4,17.94,Our World in Data / WHO,2026-09-30 02:09:06
4955,SAU,Saudi Arabia,1992,436.9802,19005,436.9802,939.5074,46.2732,34.6,23.528,14.4,17.992,Our World in Data / WHO,2026-09-30 02:09:06
4956,SAU,Saudi Arabia,1993,436.9802,19005,436.9802,939.5074,46.2732,34.7,23.596,14.4,18.044,Our World in Data / WHO,2026-09-30 02:09:06
4957,SAU,Saudi Arabia,1994,436.9802,19005,436.9802,939.5074,46.2732,34.8,23.664,14.4,18.096,Our World in Data / WHO,2026-09-30 02:09:06
4958,SAU,Saudi Arabia,1995,436.9802,19005,436.9802,939.5074,46.2732,34.8,23.664,14.4,18.096,Our World in Data / WHO,2026-09-30 02:09:06
4959,SAU,Saudi Arabia,1996,436.9802,19005,436.9802,939.5074,46.2732,34.9,23.732,14.4,18.148,Our World in Data / WHO,2026-09-30 02:09:06
4960,SAU,Saudi Arabia,1997,436.9802,19005,436.9802,939.5074,46.2732,35.0,23.8,14.4,18.2,Our World in Data / WHO,2026-09-30 02:09:06
4961,SAU,Saudi Arabia,1998,436.9802,19005,436.9802,939.5074,46.2732,35.0,23.8,14.4,18.2,Our World in Data / WHO,2026-09-30 02:09:06
4962,SAU,Saudi Arabia,1999,436.9802,19005,436.9802,939.5074,46.2732,35.1,23.868,14.4,18.252,Our World in Data / WHO,2026-09-30 02:09:06
4963,SAU,Saudi Arabia,2000,436.9802,19005,436.9802,939.5074,46.2732,35.1,23.868,14.4,18.252,Our World in Data / WHO,2026-09-30 02:09:06
4964,SAU,Saudi Arabia,2001,433.6474,19997,433.6474,932.3419,45.9202,35.2,23.936,14.42,18.304,Our World in Data / WHO,2026-09-30 02:09:06
4965,SAU,Saudi Arabia,2002,429.3162,20921,429.3162,923.0298,45.4616,35.2,23.936,14.44,18.304,Our World in Data / WHO,2026-09-30 02:09:06
4966,SAU,Saudi Arabia,2003,425.089,21998,425.089,913.9414,45.014,35.2,23.936,14.46,18.304,Our World in Data / WHO,2026-09-30 02:09:06
4967,SAU,Saudi Arabia,2004,417.1754,23074,417.1754,896.9271,44.176,35.2,23.936,14.48,18.304,Our World in Data / WHO,2026-09-30 02:09:06
4968,SAU,Saudi Arabia,2005,409.828,24259,409.828,881.1302,43.3979,35.1,23.868,14.5,18.252,Our World in Data / WHO,2026-09-30 02:09:06
4969,SAU,Saudi Arabia,2006,396.1142,25353,396.1142,851.6455,41.9457,35.0,23.8,14.5,18.2,Our World in Data / WHO,2026-09-30 02:09:06
4970,SAU,Saudi Arabia,2007,372.571,25859,372.571,801.0276,39.4527,35.0,23.8,14.5,18.2,Our World in Data / WHO,2026-09-30 02:09:06
4971,SAU,Saudi Arabia,2008,345.1428,25736,345.1428,742.057,36.5482,34.9,23.732,14.5333,18.148,Our World in Data / WHO,2026-09-30 02:09:06
4972,SAU,Saudi Arabia,2009,314.0323,25019,314.0323,675.1694,33.2538,34.8,23.664,14.5667,18.096,Our World in Data / WHO,2026-09-30 02:09:06
4973,SAU,Saudi Arabia,2010,283.1798,23722,283.1798,608.8366,29.9868,34.7,23.596,14.6,18.044,Our World in Data / WHO,2026-09-30 02:09:06
4974,SAU,Saudi Arabia,2011,249.5621,21655,249.5621,536.5585,26.4269,34.7,23.596,14.58,18.044,Our World in Data / WHO,2026-09-30 02:09:06
4975,SAU,Saudi Arabia,2012,227.8018,20377,227.8018,489.7739,24.1226,34.6,23.528,14.56,17.992,Our World in Data / WHO,2026-09-30 02:09:06
4976,SAU,Saudi Arabia,2013,222.4232,20479,222.4232,478.2099,23.5531,34.5,23.46,14.54,17.94,Our World in Data / WHO,2026-09-30 02:09:06
4977,SAU,Saudi Arabia,2014,226.8334,21584,226.8334,487.6918,24.0201,34.4,23.392,14.52,17.888,Our World in Data / WHO,2026-09-30 02:09:06
4978,SAU,Saudi Arabia,2015,233.7189,22688,233.7189,502.4956,24.7492,34.3,23.324,14.5,17.836,Our World in Data / WHO,2026-09-30 02:09:06
4979,SAU,Saudi Arabia,2016,237.3186,23908,237.3186,510.235,25.1304,34.2,23.256,14.52,17.784,Our World in Data / WHO,2026-09-30 02:09:06
4980,SAU,Saudi Arabia,2017,248.7868,26083,248.7868,534.8916,26.3448,34.2,23.256,14.54,17.784,Our World in Data / WHO,2026-09-30 02:09:06
4981,SAU,Saudi Arabia,2018,251.6429,27133,251.6429,541.0322,26.6472,34.1,23.188,14.56,17.732,Our World in Data / WHO,2026-09-30 02:09:06
4982,SAU,Saudi Arabia,2019,248.6117,27255,248.6117,534.5152,26.3263,34.0,23.12,14.58,17.68,Our World in Data / WHO,2026-09-30 02:09:06
4983,SAU,Saudi Arabia,2020,225.6636,25451,225.6636,485.1767,23.8962,34.0,23.12,14.6,17.68,Our World in Data / WHO,2026-09-30 02:09:06
4984,SAU,Saudi Arabia,2021,231.5965,26215,231.5965,497.9325,24.5245,34.0,23.12,14.65,17.68,Our World in Data / WHO,2026-09-30 02:09:06
4985,SAU,Saudi Arabia,2022,231.5965,26215,231.5965,497.9325,24.5245,34.0,23.12,14.7,17.68,Our World in Data / WHO,2026-09-30 02:09:06
4986,SDN,Sudan,1990,383.7518,41034,383.7518,825.0664,40.6367,37.9,25.772,31.1,19.708,Our World in Data / WHO,2026-09-30 02:09:06
4987,SDN,Sudan,1991,383.7518,41034,383.7518,825.0664,40.6367,38.1,25.908,31.1,19.812,Our World in Data / WHO,2026-09-30 02:09:06
4988,SDN,Sudan,1992,383.7518,41034,383.7518,825.0664,40.6367,38.2,25.976,31.1,19.864,Our World in Data / WHO,2026-09-30 02:09:06
4989,SDN,Sudan,1993,383.7518,41034,383.7518,825.0664,40.6367,38.3,26.044,31.1,19.916,Our World in Data / WHO,2026-09-30 02:09:06
4990,SDN,Sudan,1994,383.7518,41034,383.7518,825.0664,40.6367,38.5,26.18,31.1,20.02,Our World in Data / WHO,2026-09-30 02:09:06
4991,SDN,Sudan,1995,383.7518,41034,383.7518,825.0664,40.6367,38.7,26.316,31.1,20.124,Our World in Data / WHO,2026-09-30 02:09:06
4992,SDN,Sudan,1996,383.7518,41034,383.7518,825.0664,40.6367,38.8,26.384,31.1,20.176,Our World in Data / WHO,2026-09-30 02:09:06
4993,SDN,Sudan,1997,383.7518,41034,383.7518,825.0664,40.6367,39.0,26.52,31.1,20.28,Our World in Data / WHO,2026-09-30 02:09:06
4994,SDN,Sudan,1998,383.7518,41034,383.7518,825.0664,40.6367,39.2,26.656,31.1,20.384,Our World in Data / WHO,2026-09-30 02:09:06
4995,SDN,Sudan,1999,383.7518,41034,383.7518,825.0664,40.6367,39.4,26.792,31.1,20.488,Our World in Data / WHO,2026-09-30 02:09:06
4996,SDN,Sudan,2000,383.7518,41034,383.7518,825.0664,40.6367,39.7,26.996,31.1,20.644,Our World in Data / WHO,2026-09-30 02:09:06
4997,SDN,Sudan,2001,378.8871,41644,378.8871,814.6073,40.1215,40.0,27.2,29.84,20.8,Our World in Data / WHO,2026-09-30 02:09:06
4998,SDN,Sudan,2002,374.3951,42138,374.3951,804.9495,39.6458,40.3,27.404,29.18,20.956,Our World in Data / WHO,2026-09-30 02:09:06
4999,SDN,Sudan,2003,367.6112,42108,367.6112,790.3641,38.9275,40.7,27.676,28.72,21.164,Our World in Data / WHO,2026-09-30 02:09:06
5000,SDN,Sudan,2004,361.6707,42524,361.6707,777.592,38.2984,41.0,27.88,28.26,21.32,Our World in Data / WHO,2026-09-30 02:09:06
5001,SDN,Sudan,2005,359.4834,42602,359.4834,772.8893,38.0668,41.3,28.084,27.8,21.476,Our World in Data / WHO,2026-09-30 02:09:06
5002,SDN,Sudan,2006,357.8802,43599,357.8802,769.4424,37.897,41.6,28.288,27.5,21.632,Our World in Data / WHO,2026-09-30 02:09:06
5003,SDN,Sudan,2007,357.1337,44633,357.1337,767.8375,37.818,41.9,28.492,26.9,21.788,Our World in Data / WHO,2026-09-30 02:09:06
5004,SDN,Sudan,2008,360.2473,46398,360.2473,774.5317,38.1477,42.0,28.56,26.5333,21.84,Our World in Data / WHO,2026-09-30 02:09:06
5005,SDN,Sudan,2009,358.6769,47794,358.6769,771.1553,37.9814,42.2,28.696,25.8667,21.944,Our World in Data / WHO,2026-09-30 02:09:06
5006,SDN,Sudan,2010,351.9711,47386,351.9711,756.7379,37.2713,42.2,28.696,25.2,21.944,Our World in Data / WHO,2026-09-30 02:09:06
5007,SDN,Sudan,2011,363.2376,50363,363.2376,780.9608,38.4643,42.2,28.696,24.86,21.944,Our World in Data / WHO,2026-09-30 02:09:06
5008,SDN,Sudan,2012,358.7376,50476,358.7376,771.2858,37.9878,42.1,28.628,24.22,21.892,Our World in Data / WHO,2026-09-30 02:09:06
5009,SDN,Sudan,2013,360.7374,52395,360.7374,775.5854,38.1996,42.0,28.56,23.76,21.84,Our World in Data / WHO,2026-09-30 02:09:06
5010,SDN,Sudan,2014,358.926,53753,358.926,771.6909,38.0078,41.8,28.424,23.16,21.736,Our World in Data / WHO,2026-09-30 02:09:06
5011,SDN,Sudan,2015,359.7086,55849,359.7086,773.3735,38.0906,41.6,28.288,22.6,21.632,Our World in Data / WHO,2026-09-30 02:09:06
5012,SDN,Sudan,2016,360.7057,57840,360.7057,775.5173,38.1962,41.4,28.152,22.34,21.528,Our World in Data / WHO,2026-09-30 02:09:06
5013,SDN,Sudan,2017,361.6929,60150,361.6929,777.6397,38.3008,41.2,28.016,21.98,21.424,Our World in Data / WHO,2026-09-30 02:09:06
5014,SDN,Sudan,2018,365.6792,63710,365.6792,786.2103,38.7229,41.0,27.88,21.56,21.32,Our World in Data / WHO,2026-09-30 02:09:06
5015,SDN,Sudan,2019,363.467,65170,363.467,781.454,38.4886,40.8,27.744,21.2,21.216,Our World in Data / WHO,2026-09-30 02:09:06
5016,SDN,Sudan,2020,379.2528,69156,379.2528,815.3935,40.1602,40.8,27.744,20.6,21.216,Our World in Data / WHO,2026-09-30 02:09:06
5017,SDN,Sudan,2021,355.4865,66976,355.4865,764.296,37.6436,40.8,27.744,20.175,21.216,Our World in Data / WHO,2026-09-30 02:09:06
5018,SEN,Senegal,1990,333.2536,13080,333.2536,716.4952,35.2892,38.4,26.112,15.6,19.968,Our World in Data / WHO,2026-09-30 02:09:06
5019,SEN,Senegal,1991,333.2536,13080,333.2536,716.4952,35.2892,38.4,26.112,15.6,19.968,Our World in Data / WHO,2026-09-30 02:09:06
5020,SEN,Senegal,1992,333.2536,13080,333.2536,716.4952,35.2892,38.5,26.18,15.6,20.02,Our World in Data / WHO,2026-09-30 02:09:06
5021,SEN,Senegal,1993,333.2536,13080,333.2536,716.4952,35.2892,38.7,26.316,15.6,20.124,Our World in Data / WHO,2026-09-30 02:09:06
5022,SEN,Senegal,1994,333.2536,13080,333.2536,716.4952,35.2892,38.8,26.384,15.6,20.176,Our World in Data / WHO,2026-09-30 02:09:06
5023,SEN,Senegal,1995,333.2536,13080,333.2536,716.4952,35.2892,38.9,26.452,15.6,20.228,Our World in Data / WHO,2026-09-30 02:09:06
5024,SEN,Senegal,1996,333.2536,13080,333.2536,716.4952,35.2892,39.0,26.52,15.6,20.28,Our World in Data / WHO,2026-09-30 02:09:06
5025,SEN,Senegal,1997,333.2536,13080,333.2536,716.4952,35.2892,39.2,26.656,15.6,20.384,Our World in Data / WHO,2026-09-30 02:09:06
5026,SEN,Senegal,1998,333.2536,13080,333.2536,716.4952,35.2892,39.3,26.724,15.6,20.436,Our World in Data / WHO,2026-09-30 02:09:06
5027,SEN,Senegal,1999,333.2536,13080,333.2536,716.4952,35.2892,39.5,26.86,15.6,20.54,Our World in Data / WHO,2026-09-30 02:09:06
5028,SEN,Senegal,2000,333.2536,13080,333.2536,716.4952,35.2892,39.8,27.064,15.6,20.696,Our World in Data / WHO,2026-09-30 02:09:06
5029,SEN,Senegal,2001,322.4652,12817,322.4652,693.3002,34.1468,40.0,27.2,14.98,20.8,Our World in Data / WHO,2026-09-30 02:09:06
5030,SEN,Senegal,2002,306.0,12677,306.0,657.9,32.4033,40.3,27.404,14.36,20.956,Our World in Data / WHO,2026-09-30 02:09:06
5031,SEN,Senegal,2003,296.9047,13222,296.9047,638.3451,31.4401,40.5,27.54,13.74,21.06,Our World in Data / WHO,2026-09-30 02:09:06
5032,SEN,Senegal,2004,287.4071,13242,287.4071,617.9253,30.4344,40.8,27.744,13.12,21.216,Our World in Data / WHO,2026-09-30 02:09:06
5033,SEN,Senegal,2005,279.7883,13315,279.7883,601.5448,29.6276,41.1,27.948,12.5,21.372,Our World in Data / WHO,2026-09-30 02:09:06
5034,SEN,Senegal,2006,272.7495,13412,272.7495,586.4114,28.8823,41.3,28.084,11.95,21.476,Our World in Data / WHO,2026-09-30 02:09:06
5035,SEN,Senegal,2007,267.7271,13612,267.7271,575.6133,28.3504,41.4,28.152,11.4,21.528,Our World in Data / WHO,2026-09-30 02:09:06
5036,SEN,Senegal,2008,271.4884,14326,271.4884,583.7001,28.7487,41.5,28.22,10.9333,21.58,Our World in Data / WHO,2026-09-30 02:09:06
5037,SEN,Senegal,2009,266.6086,14510,266.6086,573.2085,28.232,41.6,28.288,10.4667,21.632,Our World in Data / WHO,2026-09-30 02:09:06
5038,SEN,Senegal,2010,260.0418,14571,260.0418,559.0899,27.5366,41.5,28.22,10.0,21.58,Our World in Data / WHO,2026-09-30 02:09:06
5039,SEN,Senegal,2011,256.7888,14801,256.7888,552.0959,27.1922,41.5,28.22,9.62,21.58,Our World in Data / WHO,2026-09-30 02:09:06
5040,SEN,Senegal,2012,259.1082,15348,259.1082,557.0826,27.4378,41.4,28.152,9.24,21.528,Our World in Data / WHO,2026-09-30 02:09:06
5041,SEN,Senegal,2013,257.0625,15584,257.0625,552.6844,27.2211,41.3,28.084,8.86,21.476,Our World in Data / WHO,2026-09-30 02:09:06
5042,SEN,Senegal,2014,257.9514,16028,257.9514,554.5955,27.3153,41.1,27.948,8.48,21.372,Our World in Data / WHO,2026-09-30 02:09:06
5043,SEN,Senegal,2015,255.8315,16265,255.8315,550.0377,27.0908,41.0,27.88,8.1,21.32,Our World in Data / WHO,2026-09-30 02:09:06
5044,SEN,Senegal,2016,252.8675,16494,252.8675,543.6651,26.7769,40.9,27.812,7.78,21.268,Our World in Data / WHO,2026-09-30 02:09:06
5045,SEN,Senegal,2017,253.7458,16968,253.7458,545.5535,26.8699,40.7,27.676,7.46,21.164,Our World in Data / WHO,2026-09-30 02:09:06
5046,SEN,Senegal,2018,253.242,17343,253.242,544.4703,26.8166,40.6,27.608,7.14,21.112,Our World in Data / WHO,2026-09-30 02:09:06
5047,SEN,Senegal,2019,253.528,17833,253.528,545.0852,26.8469,40.5,27.54,6.82,21.06,Our World in Data / WHO,2026-09-30 02:09:06
5048,SEN,Senegal,2020,262.1007,18792,262.1007,563.5165,27.7546,40.5,27.54,6.5,21.06,Our World in Data / WHO,2026-09-30 02:09:06
5049,SEN,Senegal,2021,254.802,18662,254.802,547.8243,26.9818,40.5,27.54,6.2,21.06,Our World in Data / WHO,2026-09-30 02:09:06
5050,SEN,Senegal,2022,254.802,18662,254.802,547.8243,26.9818,40.5,27.54,5.9,21.06,Our World in Data / WHO,2026-09-30 02:09:06
5051,SGP,Singapore,1990,194.8207,6259,194.8207,418.8645,20.6302,38.4,26.112,17.1,19.968,Our World in Data / WHO,2026-09-30 02:09:06
5052,SGP,Singapore,1991,194.8207,6259,194.8207,418.8645,20.6302,38.1,25.908,17.1,19.812,Our World in Data / WHO,2026-09-30 02:09:06
5053,SGP,Singapore,1992,194.8207,6259,194.8207,418.8645,20.6302,37.9,25.772,17.1,19.708,Our World in Data / WHO,2026-09-30 02:09:06
5054,SGP,Singapore,1993,194.8207,6259,194.8207,418.8645,20.6302,37.7,25.636,17.1,19.604,Our World in Data / WHO,2026-09-30 02:09:06
5055,SGP,Singapore,1994,194.8207,6259,194.8207,418.8645,20.6302,37.5,25.5,17.1,19.5,Our World in Data / WHO,2026-09-30 02:09:06
5056,SGP,Singapore,1995,194.8207,6259,194.8207,418.8645,20.6302,37.2,25.296,17.1,19.344,Our World in Data / WHO,2026-09-30 02:09:06
5057,SGP,Singapore,1996,194.8207,6259,194.8207,418.8645,20.6302,37.0,25.16,17.1,19.24,Our World in Data / WHO,2026-09-30 02:09:06
5058,SGP,Singapore,1997,194.8207,6259,194.8207,418.8645,20.6302,36.8,25.024,17.1,19.136,Our World in Data / WHO,2026-09-30 02:09:06
5059,SGP,Singapore,1998,194.8207,6259,194.8207,418.8645,20.6302,36.6,24.888,17.1,19.032,Our World in Data / WHO,2026-09-30 02:09:06
5060,SGP,Singapore,1999,194.8207,6259,194.8207,418.8645,20.6302,36.5,24.82,17.1,18.98,Our World in Data / WHO,2026-09-30 02:09:06
5061,SGP,Singapore,2000,194.8207,6259,194.8207,418.8645,20.6302,36.3,24.684,17.1,18.876,Our World in Data / WHO,2026-09-30 02:09:06
5062,SGP,Singapore,2001,182.3364,6101,182.3364,392.0233,19.3082,36.2,24.616,16.92,18.824,Our World in Data / WHO,2026-09-30 02:09:06
5063,SGP,Singapore,2002,167.5395,5826,167.5395,360.2099,17.7413,36.0,24.48,16.74,18.72,Our World in Data / WHO,2026-09-30 02:09:06
5064,SGP,Singapore,2003,171.8893,6093,171.8893,369.562,18.2019,35.9,24.412,16.56,18.668,Our World in Data / WHO,2026-09-30 02:09:06
5065,SGP,Singapore,2004,152.512,5648,152.512,327.9008,16.15,35.7,24.276,16.38,18.564,Our World in Data / WHO,2026-09-30 02:09:06
5066,SGP,Singapore,2005,143.77,5619,143.77,309.1055,15.2242,35.6,24.208,16.2,18.512,Our World in Data / WHO,2026-09-30 02:09:06
5067,SGP,Singapore,2006,138.1689,5674,138.1689,297.0631,14.6311,35.4,24.072,16.1,18.408,Our World in Data / WHO,2026-09-30 02:09:06
5068,SGP,Singapore,2007,147.0175,6366,147.0175,316.0876,15.5681,35.2,23.936,16.0,18.304,Our World in Data / WHO,2026-09-30 02:09:06
5069,SGP,Singapore,2008,139.5577,6450,139.5577,300.0491,14.7782,35.0,23.8,15.8333,18.2,Our World in Data / WHO,2026-09-30 02:09:06
5070,SGP,Singapore,2009,126.1701,6238,126.1701,271.2657,13.3605,34.7,23.596,15.6667,18.044,Our World in Data / WHO,2026-09-30 02:09:06
5071,SGP,Singapore,2010,124.2326,6478,124.2326,267.1001,13.1554,34.4,23.392,15.5,17.888,Our World in Data / WHO,2026-09-30 02:09:06
5072,SGP,Singapore,2011,119.9783,6465,119.9783,257.9533,12.7049,34.1,23.188,15.38,17.732,Our World in Data / WHO,2026-09-30 02:09:06
5073,SGP,Singapore,2012,115.1208,6483,115.1208,247.5097,12.1905,33.7,22.916,15.26,17.524,Our World in Data / WHO,2026-09-30 02:09:06
5074,SGP,Singapore,2013,110.8102,6547,110.8102,238.2419,12.0,33.4,22.712,15.14,17.368,Our World in Data / WHO,2026-09-30 02:09:06
5075,SGP,Singapore,2014,109.8758,6803,109.8758,236.233,12.0,33.0,22.44,15.02,17.16,Our World in Data / WHO,2026-09-30 02:09:06
5076,SGP,Singapore,2015,107.0041,6944,107.0041,230.0588,12.0,32.7,22.236,14.9,17.004,Our World in Data / WHO,2026-09-30 02:09:06
5077,SGP,Singapore,2016,104.7498,7090,104.7498,225.2121,12.0,32.4,22.032,14.78,16.848,Our World in Data / WHO,2026-09-30 02:09:06
5078,SGP,Singapore,2017,108.3663,7646,108.3663,232.9875,12.0,32.1,21.828,14.66,16.692,Our World in Data / WHO,2026-09-30 02:09:06
5079,SGP,Singapore,2018,102.5505,7547,102.5505,220.4836,12.0,31.8,21.624,14.54,16.536,Our World in Data / WHO,2026-09-30 02:09:06
5080,SGP,Singapore,2019,100.4316,7701,100.4316,215.9279,12.0,31.5,21.42,14.42,16.38,Our World in Data / WHO,2026-09-30 02:09:06
5081,SGP,Singapore,2020,109.8663,8685,109.8663,236.2125,12.0,31.5,21.42,14.3,16.38,Our World in Data / WHO,2026-09-30 02:09:06
5082,SGP,Singapore,2021,119.7868,9690,119.7868,257.5416,12.6846,31.5,21.42,14.2,16.38,Our World in Data / WHO,2026-09-30 02:09:06
5083,SGP,Singapore,2022,119.7868,9690,119.7868,257.5416,12.6846,31.5,21.42,14.1,16.38,Our World in Data / WHO,2026-09-30 02:09:06
5084,SLB,Solomon Islands,1990,494.0956,932,494.0956,1062.3055,52.3213,24.8,16.864,42.7,12.896,Our World in Data / WHO,2026-09-30 02:09:06
5085,SLB,Solomon Islands,1991,494.0956,932,494.0956,1062.3055,52.3213,24.6,16.728,42.7,12.792,Our World in Data / WHO,2026-09-30 02:09:06
5086,SLB,Solomon Islands,1992,494.0956,932,494.0956,1062.3055,52.3213,24.3,16.524,42.7,12.636,Our World in Data / WHO,2026-09-30 02:09:06
5087,SLB,Solomon Islands,1993,494.0956,932,494.0956,1062.3055,52.3213,24.1,16.388,42.7,12.532,Our World in Data / WHO,2026-09-30 02:09:06
5088,SLB,Solomon Islands,1994,494.0956,932,494.0956,1062.3055,52.3213,23.9,16.252,42.7,12.428,Our World in Data / WHO,2026-09-30 02:09:06
5089,SLB,Solomon Islands,1995,494.0956,932,494.0956,1062.3055,52.3213,23.7,16.116,42.7,12.324,Our World in Data / WHO,2026-09-30 02:09:06
5090,SLB,Solomon Islands,1996,494.0956,932,494.0956,1062.3055,52.3213,23.6,16.048,42.7,12.272,Our World in Data / WHO,2026-09-30 02:09:06
5091,SLB,Solomon Islands,1997,494.0956,932,494.0956,1062.3055,52.3213,23.4,15.912,42.7,12.168,Our World in Data / WHO,2026-09-30 02:09:06
5092,SLB,Solomon Islands,1998,494.0956,932,494.0956,1062.3055,52.3213,23.3,15.844,42.7,12.116,Our World in Data / WHO,2026-09-30 02:09:06
5093,SLB,Solomon Islands,1999,494.0956,932,494.0956,1062.3055,52.3213,23.2,15.776,42.7,12.064,Our World in Data / WHO,2026-09-30 02:09:06
5094,SLB,Solomon Islands,2000,494.0956,932,494.0956,1062.3055,52.3213,23.2,15.776,42.7,12.064,Our World in Data / WHO,2026-09-30 02:09:06
5095,SLB,Solomon Islands,2001,491.9794,947,491.9794,1057.7557,52.0972,23.2,15.776,42.46,12.064,Our World in Data / WHO,2026-09-30 02:09:06
5096,SLB,Solomon Islands,2002,500.744,987,500.744,1076.5996,53.0253,23.3,15.844,42.22,12.116,Our World in Data / WHO,2026-09-30 02:09:06
5097,SLB,Solomon Islands,2003,512.1934,1042,512.1934,1101.2158,54.2377,23.4,15.912,41.98,12.168,Our World in Data / WHO,2026-09-30 02:09:06
5098,SLB,Solomon Islands,2004,469.9755,979,469.9755,1010.4473,49.7671,23.5,15.98,41.74,12.22,Our World in Data / WHO,2026-09-30 02:09:06
5099,SLB,Solomon Islands,2005,491.9353,1062,491.9353,1057.6609,52.0925,23.7,16.116,41.5,12.324,Our World in Data / WHO,2026-09-30 02:09:06
5100,SLB,Solomon Islands,2006,490.799,1093,490.799,1055.2178,51.9722,23.9,16.252,41.3,12.428,Our World in Data / WHO,2026-09-30 02:09:06
5101,SLB,Solomon Islands,2007,535.78,1237,535.78,1151.927,56.7354,24.3,16.524,41.1,12.636,Our World in Data / WHO,2026-09-30 02:09:06
5102,SLB,Solomon Islands,2008,562.3867,1335,562.3867,1209.1314,58.0,24.6,16.728,40.9,12.792,Our World in Data / WHO,2026-09-30 02:09:06
5103,SLB,Solomon Islands,2009,563.0809,1369,563.0809,1210.6239,58.0,25.0,17.0,40.7,13.0,Our World in Data / WHO,2026-09-30 02:09:06
5104,SLB,Solomon Islands,2010,558.3463,1396,558.3463,1200.4445,58.0,25.4,17.272,40.5,13.208,Our World in Data / WHO,2026-09-30 02:09:06
5105,SLB,Solomon Islands,2011,554.3187,1431,554.3187,1191.7852,58.0,25.9,17.612,40.3,13.468,Our World in Data / WHO,2026-09-30 02:09:06
5106,SLB,Solomon Islands,2012,547.3882,1462,547.3882,1176.8846,57.9646,26.3,17.884,40.1,13.676,Our World in Data / WHO,2026-09-30 02:09:06
5107,SLB,Solomon Islands,2013,536.9523,1491,536.9523,1154.4474,56.8595,26.8,18.224,39.9,13.936,Our World in Data / WHO,2026-09-30 02:09:06
5108,SLB,Solomon Islands,2014,524.4742,1527,524.4742,1127.6195,55.5382,27.3,18.564,39.7,14.196,Our World in Data / WHO,2026-09-30 02:09:06
5109,SLB,Solomon Islands,2015,508.6762,1562,508.6762,1093.6538,53.8653,27.7,18.836,39.5,14.404,Our World in Data / WHO,2026-09-30 02:09:06
5110,SLB,Solomon Islands,2016,489.5182,1592,489.5182,1052.4641,51.8366,28.2,19.176,39.38,14.664,Our World in Data / WHO,2026-09-30 02:09:06
5111,SLB,Solomon Islands,2017,475.4635,1639,475.4635,1022.2465,50.3483,28.7,19.516,39.26,14.924,Our World in Data / WHO,2026-09-30 02:09:06
5112,SLB,Solomon Islands,2018,464.7815,1697,464.7815,999.2802,49.2171,29.2,19.856,39.14,15.184,Our World in Data / WHO,2026-09-30 02:09:06
5113,SLB,Solomon Islands,2019,458.3437,1734,458.3437,985.439,48.5354,29.8,20.264,39.02,15.496,Our World in Data / WHO,2026-09-30 02:09:06
5114,SLB,Solomon Islands,2020,484.6769,1849,484.6769,1042.0553,51.3239,29.8,20.264,38.9,15.496,Our World in Data / WHO,2026-09-30 02:09:06
5115,SLB,Solomon Islands,2021,494.5067,1934,494.5067,1063.1894,52.3648,29.8,20.264,38.75,15.496,Our World in Data / WHO,2026-09-30 02:09:06
5116,SLB,Solomon Islands,2022,494.5067,1934,494.5067,1063.1894,52.3648,29.8,20.264,38.6,15.496,Our World in Data / WHO,2026-09-30 02:09:06
5117,SLE,Sierra Leone,1990,361.491,7083,361.491,777.2056,38.2794,39.1,26.588,44.7,20.332,Our World in Data / WHO,2026-09-30 02:09:06
5118,SLE,Sierra Leone,1991,361.491,7083,361.491,777.2056,38.2794,39.3,26.724,44.7,20.436,Our World in Data / WHO,2026-09-30 02:09:06
5119,SLE,Sierra Leone,1992,361.491,7083,361.491,777.2056,38.2794,39.5,26.86,44.7,20.54,Our World in Data / WHO,2026-09-30 02:09:06
5120,SLE,Sierra Leone,1993,361.491,7083,361.491,777.2056,38.2794,39.6,26.928,44.7,20.592,Our World in Data / WHO,2026-09-30 02:09:06
5121,SLE,Sierra Leone,1994,361.491,7083,361.491,777.2056,38.2794,39.8,27.064,44.7,20.696,Our World in Data / WHO,2026-09-30 02:09:06
5122,SLE,Sierra Leone,1995,361.491,7083,361.491,777.2056,38.2794,40.0,27.2,44.7,20.8,Our World in Data / WHO,2026-09-30 02:09:06
5123,SLE,Sierra Leone,1996,361.491,7083,361.491,777.2056,38.2794,40.2,27.336,44.7,20.904,Our World in Data / WHO,2026-09-30 02:09:06
5124,SLE,Sierra Leone,1997,361.491,7083,361.491,777.2056,38.2794,40.4,27.472,44.7,21.008,Our World in Data / WHO,2026-09-30 02:09:06
5125,SLE,Sierra Leone,1998,361.491,7083,361.491,777.2056,38.2794,40.6,27.608,44.7,21.112,Our World in Data / WHO,2026-09-30 02:09:06
5126,SLE,Sierra Leone,1999,361.491,7083,361.491,777.2056,38.2794,40.9,27.812,44.7,21.268,Our World in Data / WHO,2026-09-30 02:09:06
5127,SLE,Sierra Leone,2000,361.491,7083,361.491,777.2056,38.2794,41.1,27.948,44.7,21.372,Our World in Data / WHO,2026-09-30 02:09:06
5128,SLE,Sierra Leone,2001,373.1715,7681,373.1715,802.3187,39.5163,41.4,28.152,42.48,21.528,Our World in Data / WHO,2026-09-30 02:09:06
5129,SLE,Sierra Leone,2002,381.3137,8256,381.3137,819.8245,40.3785,41.7,28.356,40.26,21.684,Our World in Data / WHO,2026-09-30 02:09:06
5130,SLE,Sierra Leone,2003,386.1404,8728,386.1404,830.2019,40.8896,42.0,28.56,38.04,21.84,Our World in Data / WHO,2026-09-30 02:09:06
5131,SLE,Sierra Leone,2004,389.5385,9057,389.5385,837.5078,41.2494,42.3,28.764,35.82,21.996,Our World in Data / WHO,2026-09-30 02:09:06
5132,SLE,Sierra Leone,2005,395.3148,9366,395.3148,849.9268,41.8611,42.5,28.9,33.6,22.1,Our World in Data / WHO,2026-09-30 02:09:06
5133,SLE,Sierra Leone,2006,391.3427,9406,391.3427,841.3868,41.4405,42.7,29.036,31.75,22.204,Our World in Data / WHO,2026-09-30 02:09:06
5134,SLE,Sierra Leone,2007,401.8426,9830,401.8426,863.9616,42.5523,42.8,29.104,29.9,22.256,Our World in Data / WHO,2026-09-30 02:09:06
5135,SLE,Sierra Leone,2008,403.6232,10049,403.6232,867.7899,42.7409,42.9,29.172,28.3333,22.308,Our World in Data / WHO,2026-09-30 02:09:06
5136,SLE,Sierra Leone,2009,401.7221,10197,401.7221,863.7025,42.5396,42.9,29.172,26.7667,22.308,Our World in Data / WHO,2026-09-30 02:09:06
5137,SLE,Sierra Leone,2010,403.0803,10441,403.0803,866.6226,42.6834,42.8,29.104,25.2,22.256,Our World in Data / WHO,2026-09-30 02:09:06
5138,SLE,Sierra Leone,2011,398.2579,10534,398.2579,856.2545,42.1727,42.7,29.036,23.92,22.204,Our World in Data / WHO,2026-09-30 02:09:06
5139,SLE,Sierra Leone,2012,391.8324,10617,391.8324,842.4397,41.4923,42.5,28.9,22.64,22.1,Our World in Data / WHO,2026-09-30 02:09:06
5140,SLE,Sierra Leone,2013,377.2183,10426,377.2183,811.0193,39.9448,42.3,28.764,21.36,21.996,Our World in Data / WHO,2026-09-30 02:09:06
5141,SLE,Sierra Leone,2014,367.9836,10343,367.9836,791.1647,38.9669,42.0,28.56,20.08,21.84,Our World in Data / WHO,2026-09-30 02:09:06
5142,SLE,Sierra Leone,2015,368.7679,10614,368.7679,792.851,39.05,41.8,28.424,18.8,21.736,Our World in Data / WHO,2026-09-30 02:09:06
5143,SLE,Sierra Leone,2016,376.2199,11145,376.2199,808.8728,39.8391,41.6,28.288,17.86,21.632,Our World in Data / WHO,2026-09-30 02:09:06
5144,SLE,Sierra Leone,2017,376.665,11461,376.665,809.8298,39.8862,41.3,28.084,16.92,21.476,Our World in Data / WHO,2026-09-30 02:09:06
5145,SLE,Sierra Leone,2018,376.5247,11785,376.5247,809.5281,39.8714,41.1,27.948,15.98,21.372,Our World in Data / WHO,2026-09-30 02:09:06
5146,SLE,Sierra Leone,2019,372.8836,11971,372.8836,801.6997,39.4858,40.8,27.744,15.04,21.216,Our World in Data / WHO,2026-09-30 02:09:06
5147,SLE,Sierra Leone,2020,364.7732,11832,364.7732,784.2624,38.6269,40.8,27.744,14.1,21.216,Our World in Data / WHO,2026-09-30 02:09:06
5148,SLE,Sierra Leone,2021,362.8047,12300,362.8047,780.0301,38.4185,40.8,27.744,13.4,21.216,Our World in Data / WHO,2026-09-30 02:09:06
5149,SLE,Sierra Leone,2022,362.8047,12300,362.8047,780.0301,38.4185,40.8,27.744,12.7,21.216,Our World in Data / WHO,2026-09-30 02:09:06
5150,SLV,El Salvador,1990,197.3688,5817,197.3688,424.3429,20.9,28.3,19.244,15.3,14.716,Our World in Data / WHO,2026-09-30 02:09:06
5151,SLV,El Salvador,1991,197.3688,5817,197.3688,424.3429,20.9,28.4,19.312,15.3,14.768,Our World in Data / WHO,2026-09-30 02:09:06
5152,SLV,El Salvador,1992,197.3688,5817,197.3688,424.3429,20.9,28.5,19.38,15.3,14.82,Our World in Data / WHO,2026-09-30 02:09:06
5153,SLV,El Salvador,1993,197.3688,5817,197.3688,424.3429,20.9,28.6,19.448,15.3,14.872,Our World in Data / WHO,2026-09-30 02:09:06
5154,SLV,El Salvador,1994,197.3688,5817,197.3688,424.3429,20.9,28.8,19.584,15.3,14.976,Our World in Data / WHO,2026-09-30 02:09:06
5155,SLV,El Salvador,1995,197.3688,5817,197.3688,424.3429,20.9,28.9,19.652,15.3,15.028,Our World in Data / WHO,2026-09-30 02:09:06
5156,SLV,El Salvador,1996,197.3688,5817,197.3688,424.3429,20.9,29.0,19.72,15.3,15.08,Our World in Data / WHO,2026-09-30 02:09:06
5157,SLV,El Salvador,1997,197.3688,5817,197.3688,424.3429,20.9,29.2,19.856,15.3,15.184,Our World in Data / WHO,2026-09-30 02:09:06
5158,SLV,El Salvador,1998,197.3688,5817,197.3688,424.3429,20.9,29.4,19.992,15.3,15.288,Our World in Data / WHO,2026-09-30 02:09:06
5159,SLV,El Salvador,1999,197.3688,5817,197.3688,424.3429,20.9,29.5,20.06,15.3,15.34,Our World in Data / WHO,2026-09-30 02:09:06
5160,SLV,El Salvador,2000,197.3688,5817,197.3688,424.3429,20.9,29.7,20.196,15.3,15.444,Our World in Data / WHO,2026-09-30 02:09:06
5161,SLV,El Salvador,2001,186.4642,6067,186.4642,400.898,19.7453,29.8,20.264,14.92,15.496,Our World in Data / WHO,2026-09-30 02:09:06
5162,SLV,El Salvador,2002,158.8905,5726,158.8905,341.6146,16.8254,30.0,20.4,14.54,15.6,Our World in Data / WHO,2026-09-30 02:09:06
5163,SLV,El Salvador,2003,155.5463,6161,155.5463,334.4245,16.4713,30.2,20.536,14.16,15.704,Our World in Data / WHO,2026-09-30 02:09:06
5164,SLV,El Salvador,2004,143.6809,6233,143.6809,308.9139,15.2148,30.4,20.672,13.78,15.808,Our World in Data / WHO,2026-09-30 02:09:06
5165,SLV,El Salvador,2005,138.4651,6517,138.4651,297.7,14.6625,30.6,20.808,13.4,15.912,Our World in Data / WHO,2026-09-30 02:09:06
5166,SLV,El Salvador,2006,131.613,6642,131.613,282.9679,13.9369,30.9,21.012,13.0,16.068,Our World in Data / WHO,2026-09-30 02:09:06
5167,SLV,El Salvador,2007,129.3959,6712,129.3959,278.2012,13.7021,31.1,21.148,12.6,16.172,Our World in Data / WHO,2026-09-30 02:09:06
5168,SLV,El Salvador,2008,133.0659,6900,133.0659,286.0917,14.0908,31.4,21.352,12.3,16.328,Our World in Data / WHO,2026-09-30 02:09:06
5169,SLV,El Salvador,2009,138.1298,7135,138.1298,296.9791,14.627,31.6,21.488,12.0,16.432,Our World in Data / WHO,2026-09-30 02:09:06
5170,SLV,El Salvador,2010,140.3572,7254,140.3572,301.768,14.8629,31.8,21.624,11.7,16.536,Our World in Data / WHO,2026-09-30 02:09:06
5171,SLV,El Salvador,2011,142.5012,7372,142.5012,306.3776,15.0899,32.0,21.76,11.42,16.64,Our World in Data / WHO,2026-09-30 02:09:06
5172,SLV,El Salvador,2012,141.6878,7349,141.6878,304.6288,15.0038,32.1,21.828,11.14,16.692,Our World in Data / WHO,2026-09-30 02:09:06
5173,SLV,El Salvador,2013,152.7596,7988,152.7596,328.4331,16.1762,32.2,21.896,10.86,16.744,Our World in Data / WHO,2026-09-30 02:09:06
5174,SLV,El Salvador,2014,164.2823,8699,164.2823,353.2069,17.3964,32.2,21.896,10.58,16.744,Our World in Data / WHO,2026-09-30 02:09:06
5175,SLV,El Salvador,2015,171.3775,9227,171.3775,368.4616,18.1477,32.3,21.964,10.3,16.796,Our World in Data / WHO,2026-09-30 02:09:06
5176,SLV,El Salvador,2016,157.543,8609,157.543,338.7174,16.6827,32.4,22.032,10.04,16.848,Our World in Data / WHO,2026-09-30 02:09:06
5177,SLV,El Salvador,2017,165.8266,9193,165.8266,356.5272,17.5599,32.5,22.1,9.78,16.9,Our World in Data / WHO,2026-09-30 02:09:06
5178,SLV,El Salvador,2018,147.7177,8315,147.7177,317.5931,15.6423,32.6,22.168,9.52,16.952,Our World in Data / WHO,2026-09-30 02:09:06
5179,SLV,El Salvador,2019,152.9454,8750,152.9454,328.8326,16.1959,32.7,22.236,9.26,17.004,Our World in Data / WHO,2026-09-30 02:09:06
5180,SLV,El Salvador,2020,164.2143,9400,164.2143,353.0607,17.3892,32.7,22.236,9.0,17.004,Our World in Data / WHO,2026-09-30 02:09:06
5181,SLV,El Salvador,2021,157.5979,9001,157.5979,338.8355,16.6885,32.7,22.236,8.8,17.004,Our World in Data / WHO,2026-09-30 02:09:06
5182,SLV,El Salvador,2022,157.5979,9001,157.5979,338.8355,16.6885,32.7,22.236,8.6,17.004,Our World in Data / WHO,2026-09-30 02:09:06
5183,SMR,San Marino,2000,129.6477,72,129.6477,278.7426,13.7288,37.7,25.636,31.1,19.604,Our World in Data / WHO,2026-09-30 02:09:06
5184,SMR,San Marino,2001,122.4738,70,122.4738,263.3187,12.9691,37.8,25.704,29.84,19.656,Our World in Data / WHO,2026-09-30 02:09:06
5185,SMR,San Marino,2002,121.4209,71,121.4209,261.0549,12.8576,37.85,25.738,29.18,19.682,Our World in Data / WHO,2026-09-30 02:09:06
5186,SMR,San Marino,2003,117.1562,71,117.1562,251.8858,12.406,38.0,25.84,28.72,19.76,Our World in Data / WHO,2026-09-30 02:09:06
5187,SMR,San Marino,2004,104.986,65,104.986,225.7199,12.0,37.9,25.772,28.26,19.708,Our World in Data / WHO,2026-09-30 02:09:06
5188,SMR,San Marino,2005,97.3603,63,97.3603,209.3246,12.0,38.05,25.874,27.8,19.786,Our World in Data / WHO,2026-09-30 02:09:06
5189,SMR,San Marino,2006,92.1202,61,92.1202,198.0584,12.0,38.3,26.044,27.5,19.916,Our World in Data / WHO,2026-09-30 02:09:06
5190,SMR,San Marino,2007,89.796,61,89.796,193.0614,12.0,38.5,26.18,26.9,20.02,Our World in Data / WHO,2026-09-30 02:09:06
5191,SMR,San Marino,2008,93.5401,67,93.5401,201.1112,12.0,38.55,26.214,26.5333,20.046,Our World in Data / WHO,2026-09-30 02:09:06
5192,SMR,San Marino,2009,92.6121,69,92.6121,199.116,12.0,38.6,26.248,25.8667,20.072,Our World in Data / WHO,2026-09-30 02:09:06
5193,SMR,San Marino,2010,93.178,72,93.178,200.3327,12.0,38.7,26.316,25.2,20.124,Our World in Data / WHO,2026-09-30 02:09:06
5194,SMR,San Marino,2011,87.6118,73,87.6118,188.3654,12.0,38.6,26.248,24.86,20.072,Our World in Data / WHO,2026-09-30 02:09:06
5195,SMR,San Marino,2012,83.9625,76,83.9625,180.5194,12.0,38.6,26.248,24.22,20.072,Our World in Data / WHO,2026-09-30 02:09:06
5196,SMR,San Marino,2013,83.5686,78,83.5686,179.6725,12.0,38.55,26.214,23.76,20.046,Our World in Data / WHO,2026-09-30 02:09:06
5197,SMR,San Marino,2014,85.1402,81,85.1402,183.0514,12.0,38.45,26.146,23.16,19.994,Our World in Data / WHO,2026-09-30 02:09:06
5198,SMR,San Marino,2015,85.3343,83,85.3343,183.4687,12.0,38.35,26.078,22.6,19.942,Our World in Data / WHO,2026-09-30 02:09:06
5199,SMR,San Marino,2016,88.314,89,88.314,189.8751,12.0,38.3,26.044,22.34,19.916,Our World in Data / WHO,2026-09-30 02:09:06
5200,SMR,San Marino,2017,87.9405,92,87.9405,189.0721,12.0,38.25,26.01,21.98,19.89,Our World in Data / WHO,2026-09-30 02:09:06
5201,SMR,San Marino,2018,86.6038,92,86.6038,186.1982,12.0,38.15,25.942,21.56,19.838,Our World in Data / WHO,2026-09-30 02:09:06
5202,SMR,San Marino,2019,86.3175,94,86.3175,185.5826,12.0,38.05,25.874,21.2,19.786,Our World in Data / WHO,2026-09-30 02:09:06
5203,SMR,San Marino,2020,56.1208,68,56.1208,120.6597,12.0,38.0,25.84,20.6,19.76,Our World in Data / WHO,2026-09-30 02:09:06
5204,SMR,San Marino,2021,56.5039,68,56.5039,121.4834,12.0,38.0,25.84,20.175,19.76,Our World in Data / WHO,2026-09-30 02:09:06
5205,SOM,Somalia,1990,365.926,11619,365.926,786.7409,38.749,35.7,24.276,31.1,18.564,Our World in Data / WHO,2026-09-30 02:09:06
5206,SOM,Somalia,1991,365.926,11619,365.926,786.7409,38.749,35.8,24.344,31.1,18.616,Our World in Data / WHO,2026-09-30 02:09:06
5207,SOM,Somalia,1992,365.926,11619,365.926,786.7409,38.749,35.9,24.412,31.1,18.668,Our World in Data / WHO,2026-09-30 02:09:06
5208,SOM,Somalia,1993,365.926,11619,365.926,786.7409,38.749,36.0,24.48,31.1,18.72,Our World in Data / WHO,2026-09-30 02:09:06
5209,SOM,Somalia,1994,365.926,11619,365.926,786.7409,38.749,36.1,24.548,31.1,18.772,Our World in Data / WHO,2026-09-30 02:09:06
5210,SOM,Somalia,1995,365.926,11619,365.926,786.7409,38.749,36.2,24.616,31.1,18.824,Our World in Data / WHO,2026-09-30 02:09:06
5211,SOM,Somalia,1996,365.926,11619,365.926,786.7409,38.749,36.3,24.684,31.1,18.876,Our World in Data / WHO,2026-09-30 02:09:06
5212,SOM,Somalia,1997,365.926,11619,365.926,786.7409,38.749,36.4,24.752,31.1,18.928,Our World in Data / WHO,2026-09-30 02:09:06
5213,SOM,Somalia,1998,365.926,11619,365.926,786.7409,38.749,36.6,24.888,31.1,19.032,Our World in Data / WHO,2026-09-30 02:09:06
5214,SOM,Somalia,1999,365.926,11619,365.926,786.7409,38.749,36.8,25.024,31.1,19.136,Our World in Data / WHO,2026-09-30 02:09:06
5215,SOM,Somalia,2000,365.926,11619,365.926,786.7409,38.749,37.0,25.16,31.1,19.24,Our World in Data / WHO,2026-09-30 02:09:06
5216,SOM,Somalia,2001,358.8601,11730,358.8601,771.5492,38.0008,37.2,25.296,29.84,19.344,Our World in Data / WHO,2026-09-30 02:09:06
5217,SOM,Somalia,2002,353.833,11985,353.833,760.741,37.4685,37.4,25.432,29.18,19.448,Our World in Data / WHO,2026-09-30 02:09:06
5218,SOM,Somalia,2003,349.8028,12285,349.8028,752.076,37.0417,37.7,25.636,28.72,19.604,Our World in Data / WHO,2026-09-30 02:09:06
5219,SOM,Somalia,2004,349.7475,12643,349.7475,751.9571,37.0358,37.9,25.772,28.26,19.708,Our World in Data / WHO,2026-09-30 02:09:06
5220,SOM,Somalia,2005,346.5644,12886,346.5644,745.1135,36.6988,38.1,25.908,27.8,19.812,Our World in Data / WHO,2026-09-30 02:09:06
5221,SOM,Somalia,2006,341.4021,13048,341.4021,734.0145,36.1521,38.3,26.044,27.5,19.916,Our World in Data / WHO,2026-09-30 02:09:06
5222,SOM,Somalia,2007,337.0337,13232,337.0337,724.6225,35.6895,38.5,26.18,26.9,20.02,Our World in Data / WHO,2026-09-30 02:09:06
5223,SOM,Somalia,2008,339.8573,13781,339.8573,730.6932,35.9885,38.6,26.248,26.5333,20.072,Our World in Data / WHO,2026-09-30 02:09:06
5224,SOM,Somalia,2009,336.6321,13847,336.6321,723.759,35.647,38.6,26.248,25.8667,20.072,Our World in Data / WHO,2026-09-30 02:09:06
5225,SOM,Somalia,2010,326.2296,13689,326.2296,701.3936,34.5454,38.5,26.18,25.2,20.02,Our World in Data / WHO,2026-09-30 02:09:06
5226,SOM,Somalia,2011,313.9754,12975,313.9754,675.0471,33.2478,38.3,26.044,24.86,19.916,Our World in Data / WHO,2026-09-30 02:09:06
5227,SOM,Somalia,2012,334.6894,13754,334.6894,719.5822,35.4413,38.1,25.908,24.22,19.812,Our World in Data / WHO,2026-09-30 02:09:06
5228,SOM,Somalia,2013,339.967,14444,339.967,730.929,36.0001,37.9,25.772,23.76,19.708,Our World in Data / WHO,2026-09-30 02:09:06
5229,SOM,Somalia,2014,335.6554,14880,335.6554,721.6591,35.5436,37.6,25.568,23.16,19.552,Our World in Data / WHO,2026-09-30 02:09:06
5230,SOM,Somalia,2015,332.5657,15327,332.5657,715.0163,35.2164,37.3,25.364,22.6,19.396,Our World in Data / WHO,2026-09-30 02:09:06
5231,SOM,Somalia,2016,328.7794,15762,328.7794,706.8757,34.8155,37.0,25.16,22.34,19.24,Our World in Data / WHO,2026-09-30 02:09:06
5232,SOM,Somalia,2017,329.4075,16368,329.4075,708.2261,34.882,36.7,24.956,21.98,19.084,Our World in Data / WHO,2026-09-30 02:09:06
5233,SOM,Somalia,2018,327.5255,16888,327.5255,704.1798,34.6827,36.4,24.752,21.56,18.928,Our World in Data / WHO,2026-09-30 02:09:06
5234,SOM,Somalia,2019,325.4435,17435,325.4435,699.7035,34.4622,36.1,24.548,21.2,18.772,Our World in Data / WHO,2026-09-30 02:09:06
5235,SOM,Somalia,2020,339.274,18780,339.274,729.4391,35.9268,36.1,24.548,20.6,18.772,Our World in Data / WHO,2026-09-30 02:09:06
5236,SOM,Somalia,2021,305.346,17870,305.346,656.4939,32.334,36.1,24.548,20.175,18.772,Our World in Data / WHO,2026-09-30 02:09:06
5237,SRB,Serbia,1990,476.3438,59673,476.3438,1024.1392,50.4415,48.7,33.116,41.8,25.324,Our World in Data / WHO,2026-09-30 02:09:06
5238,SRB,Serbia,1991,476.3438,59673,476.3438,1024.1392,50.4415,48.4,32.912,41.8,25.168,Our World in Data / WHO,2026-09-30 02:09:06
5239,SRB,Serbia,1992,476.3438,59673,476.3438,1024.1392,50.4415,48.1,32.708,41.8,25.012,Our World in Data / WHO,2026-09-30 02:09:06
5240,SRB,Serbia,1993,476.3438,59673,476.3438,1024.1392,50.4415,47.8,32.504,41.8,24.856,Our World in Data / WHO,2026-09-30 02:09:06
5241,SRB,Serbia,1994,476.3438,59673,476.3438,1024.1392,50.4415,47.5,32.3,41.8,24.7,Our World in Data / WHO,2026-09-30 02:09:06
5242,SRB,Serbia,1995,476.3438,59673,476.3438,1024.1392,50.4415,47.2,32.096,41.8,24.544,Our World in Data / WHO,2026-09-30 02:09:06
5243,SRB,Serbia,1996,476.3438,59673,476.3438,1024.1392,50.4415,46.9,31.892,41.8,24.388,Our World in Data / WHO,2026-09-30 02:09:06
5244,SRB,Serbia,1997,476.3438,59673,476.3438,1024.1392,50.4415,46.6,31.688,41.8,24.232,Our World in Data / WHO,2026-09-30 02:09:06
5245,SRB,Serbia,1998,476.3438,59673,476.3438,1024.1392,50.4415,46.4,31.552,41.8,24.128,Our World in Data / WHO,2026-09-30 02:09:06
5246,SRB,Serbia,1999,476.3438,59673,476.3438,1024.1392,50.4415,46.2,31.416,41.8,24.024,Our World in Data / WHO,2026-09-30 02:09:06
5247,SRB,Serbia,2000,476.3438,59673,476.3438,1024.1392,50.4415,46.1,31.348,41.8,23.972,Our World in Data / WHO,2026-09-30 02:09:06
5248,SRB,Serbia,2001,448.0756,56691,448.0756,963.3625,47.4481,46.0,31.28,41.68,23.92,Our World in Data / WHO,2026-09-30 02:09:06
5249,SRB,Serbia,2002,461.5553,59087,461.5553,992.3439,48.8755,45.9,31.212,41.56,23.868,Our World in Data / WHO,2026-09-30 02:09:06
5250,SRB,Serbia,2003,451.823,59582,451.823,971.4194,47.8449,45.9,31.212,41.44,23.868,Our World in Data / WHO,2026-09-30 02:09:06
5251,SRB,Serbia,2004,436.7692,59491,436.7692,939.0538,46.2508,45.9,31.212,41.32,23.868,Our World in Data / WHO,2026-09-30 02:09:06
5252,SRB,Serbia,2005,440.9564,61559,440.9564,948.0563,46.6942,46.0,31.28,41.2,23.92,Our World in Data / WHO,2026-09-30 02:09:06
5253,SRB,Serbia,2006,416.5225,59367,416.5225,895.5234,44.1068,46.0,31.28,41.05,23.92,Our World in Data / WHO,2026-09-30 02:09:06
5254,SRB,Serbia,2007,402.9226,58552,402.9226,866.2836,42.6667,46.1,31.348,40.9,23.972,Our World in Data / WHO,2026-09-30 02:09:06
5255,SRB,Serbia,2008,393.4864,58475,393.4864,845.9958,41.6675,46.2,31.416,40.8,24.024,Our World in Data / WHO,2026-09-30 02:09:06
5256,SRB,Serbia,2009,388.9618,58894,388.9618,836.2679,41.1884,46.2,31.416,40.7,24.024,Our World in Data / WHO,2026-09-30 02:09:06
5257,SRB,Serbia,2010,379.7578,58448,379.7578,816.4793,40.2137,46.2,31.416,40.6,24.024,Our World in Data / WHO,2026-09-30 02:09:06
5258,SRB,Serbia,2011,381.3346,59185,381.3346,819.8694,40.3807,46.2,31.416,40.5,24.024,Our World in Data / WHO,2026-09-30 02:09:06
5259,SRB,Serbia,2012,371.7982,58959,371.7982,799.3661,39.3708,46.2,31.416,40.4,24.024,Our World in Data / WHO,2026-09-30 02:09:06
5260,SRB,Serbia,2013,352.8742,57390,352.8742,758.6795,37.3669,46.2,31.416,40.3,24.024,Our World in Data / WHO,2026-09-30 02:09:06
5261,SRB,Serbia,2014,353.6519,58724,353.6519,760.3516,37.4493,46.1,31.348,40.2,23.972,Our World in Data / WHO,2026-09-30 02:09:06
5262,SRB,Serbia,2015,349.0277,59175,349.0277,750.4096,36.9596,46.1,31.348,40.1,23.972,Our World in Data / WHO,2026-09-30 02:09:06
5263,SRB,Serbia,2016,329.8953,56897,329.8953,709.2749,34.9336,46.1,31.348,40.04,23.972,Our World in Data / WHO,2026-09-30 02:09:06
5264,SRB,Serbia,2017,336.648,58778,336.648,723.7932,35.6487,46.1,31.348,39.98,23.972,Our World in Data / WHO,2026-09-30 02:09:06
5265,SRB,Serbia,2018,326.5592,57514,326.5592,702.1023,34.5804,46.1,31.348,39.92,23.972,Our World in Data / WHO,2026-09-30 02:09:06
5266,SRB,Serbia,2019,314.1591,55854,314.1591,675.4421,33.2673,46.1,31.348,39.86,23.972,Our World in Data / WHO,2026-09-30 02:09:06
5267,SRB,Serbia,2020,332.8515,59049,332.8515,715.6307,35.2467,46.1,31.348,39.8,23.972,Our World in Data / WHO,2026-09-30 02:09:06
5268,SRB,Serbia,2021,345.7552,60434,345.7552,743.3737,36.6131,46.1,31.348,39.7,23.972,Our World in Data / WHO,2026-09-30 02:09:06
5269,SRB,Serbia,2022,345.7552,60434,345.7552,743.3737,36.6131,46.1,31.348,39.6,23.972,Our World in Data / WHO,2026-09-30 02:09:06
5270,SSD,South Sudan,1990,237.0888,4444,237.0888,509.7409,25.1061,34.6,23.528,31.1,17.992,Our World in Data / WHO,2026-09-30 02:09:06
5271,SSD,South Sudan,1991,237.0888,4444,237.0888,509.7409,25.1061,34.7,23.596,31.1,18.044,Our World in Data / WHO,2026-09-30 02:09:06
5272,SSD,South Sudan,1992,237.0888,4444,237.0888,509.7409,25.1061,34.8,23.664,31.1,18.096,Our World in Data / WHO,2026-09-30 02:09:06
5273,SSD,South Sudan,1993,237.0888,4444,237.0888,509.7409,25.1061,34.9,23.732,31.1,18.148,Our World in Data / WHO,2026-09-30 02:09:06
5274,SSD,South Sudan,1994,237.0888,4444,237.0888,509.7409,25.1061,35.0,23.8,31.1,18.2,Our World in Data / WHO,2026-09-30 02:09:06
5275,SSD,South Sudan,1995,237.0888,4444,237.0888,509.7409,25.1061,35.1,23.868,31.1,18.252,Our World in Data / WHO,2026-09-30 02:09:06
5276,SSD,South Sudan,1996,237.0888,4444,237.0888,509.7409,25.1061,35.2,23.936,31.1,18.304,Our World in Data / WHO,2026-09-30 02:09:06
5277,SSD,South Sudan,1997,237.0888,4444,237.0888,509.7409,25.1061,35.3,24.004,31.1,18.356,Our World in Data / WHO,2026-09-30 02:09:06
5278,SSD,South Sudan,1998,237.0888,4444,237.0888,509.7409,25.1061,35.5,24.14,31.1,18.46,Our World in Data / WHO,2026-09-30 02:09:06
5279,SSD,South Sudan,1999,237.0888,4444,237.0888,509.7409,25.1061,35.6,24.208,31.1,18.512,Our World in Data / WHO,2026-09-30 02:09:06
5280,SSD,South Sudan,2000,237.0888,4444,237.0888,509.7409,25.1061,35.8,24.344,31.1,18.616,Our World in Data / WHO,2026-09-30 02:09:06
5281,SSD,South Sudan,2001,224.8341,4415,224.8341,483.3933,23.8084,36.0,24.48,29.84,18.72,Our World in Data / WHO,2026-09-30 02:09:06
5282,SSD,South Sudan,2002,216.4753,4446,216.4753,465.4219,22.9232,36.3,24.684,29.18,18.876,Our World in Data / WHO,2026-09-30 02:09:06
5283,SSD,South Sudan,2003,212.3867,4604,212.3867,456.6314,22.4903,36.5,24.82,28.72,18.98,Our World in Data / WHO,2026-09-30 02:09:06
5284,SSD,South Sudan,2004,209.3256,4786,209.3256,450.05,22.1661,36.7,24.956,28.26,19.084,Our World in Data / WHO,2026-09-30 02:09:06
5285,SSD,South Sudan,2005,205.2234,4920,205.2234,441.2303,21.7317,36.9,25.092,27.8,19.188,Our World in Data / WHO,2026-09-30 02:09:06
5286,SSD,South Sudan,2006,201.5981,5117,201.5981,433.4359,21.3478,37.1,25.228,27.5,19.292,Our World in Data / WHO,2026-09-30 02:09:06
5287,SSD,South Sudan,2007,197.863,5315,197.863,425.4054,20.9523,37.2,25.296,26.9,19.344,Our World in Data / WHO,2026-09-30 02:09:06
5288,SSD,South Sudan,2008,193.9061,5520,193.9061,416.8981,20.5333,37.2,25.296,26.5333,19.344,Our World in Data / WHO,2026-09-30 02:09:06
5289,SSD,South Sudan,2009,193.8895,5857,193.8895,416.8624,20.5316,37.1,25.228,25.8667,19.292,Our World in Data / WHO,2026-09-30 02:09:06
5290,SSD,South Sudan,2010,188.4198,5987,188.4198,405.1026,19.9523,37.0,25.16,25.2,19.24,Our World in Data / WHO,2026-09-30 02:09:06
5291,SSD,South Sudan,2011,180.3564,6181,180.3564,387.7663,19.0985,36.8,25.024,24.86,19.136,Our World in Data / WHO,2026-09-30 02:09:06
5292,SSD,South Sudan,2012,178.0204,6427,178.0204,382.7439,18.8511,36.6,24.888,24.22,19.032,Our World in Data / WHO,2026-09-30 02:09:06
5293,SSD,South Sudan,2013,179.0356,6777,179.0356,384.9265,18.9586,36.3,24.684,23.76,18.876,Our World in Data / WHO,2026-09-30 02:09:06
5294,SSD,South Sudan,2014,184.4944,7024,184.4944,396.663,19.5367,36.0,24.48,23.16,18.72,Our World in Data / WHO,2026-09-30 02:09:06
5295,SSD,South Sudan,2015,200.8219,7532,200.8219,431.7671,21.2656,35.6,24.208,22.6,18.512,Our World in Data / WHO,2026-09-30 02:09:06
5296,SSD,South Sudan,2016,210.3382,7497,210.3382,452.2271,22.2734,35.3,24.004,22.34,18.356,Our World in Data / WHO,2026-09-30 02:09:06
5297,SSD,South Sudan,2017,228.0554,7596,228.0554,490.3191,24.1495,34.9,23.732,21.98,18.148,Our World in Data / WHO,2026-09-30 02:09:06
5298,SSD,South Sudan,2018,243.2541,8363,243.2541,522.9963,25.7589,34.6,23.528,21.56,17.992,Our World in Data / WHO,2026-09-30 02:09:06
5299,SSD,South Sudan,2019,241.5142,8991,241.5142,519.2555,25.5747,34.2,23.256,21.2,17.784,Our World in Data / WHO,2026-09-30 02:09:06
5300,SSD,South Sudan,2020,249.9043,9865,249.9043,537.2942,26.4631,34.2,23.256,20.6,17.784,Our World in Data / WHO,2026-09-30 02:09:06
5301,SSD,South Sudan,2021,242.306,10061,242.306,520.9579,25.6585,34.2,23.256,20.175,17.784,Our World in Data / WHO,2026-09-30 02:09:06
5302,STP,Sao Tome and Principe,1990,253.0637,177,253.0637,544.087,26.7977,42.4,28.832,6.8,22.048,Our World in Data / WHO,2026-09-30 02:09:06
5303,STP,Sao Tome and Principe,1991,253.0637,177,253.0637,544.087,26.7977,42.6,28.968,6.8,22.152,Our World in Data / WHO,2026-09-30 02:09:06
5304,STP,Sao Tome and Principe,1992,253.0637,177,253.0637,544.087,26.7977,42.8,29.104,6.8,22.256,Our World in Data / WHO,2026-09-30 02:09:06
5305,STP,Sao Tome and Principe,1993,253.0637,177,253.0637,544.087,26.7977,43.1,29.308,6.8,22.412,Our World in Data / WHO,2026-09-30 02:09:06
5306,STP,Sao Tome and Principe,1994,253.0637,177,253.0637,544.087,26.7977,43.3,29.444,6.8,22.516,Our World in Data / WHO,2026-09-30 02:09:06
5307,STP,Sao Tome and Principe,1995,253.0637,177,253.0637,544.087,26.7977,43.5,29.58,6.8,22.62,Our World in Data / WHO,2026-09-30 02:09:06
5308,STP,Sao Tome and Principe,1996,253.0637,177,253.0637,544.087,26.7977,43.8,29.784,6.8,22.776,Our World in Data / WHO,2026-09-30 02:09:06
5309,STP,Sao Tome and Principe,1997,253.0637,177,253.0637,544.087,26.7977,44.0,29.92,6.8,22.88,Our World in Data / WHO,2026-09-30 02:09:06
5310,STP,Sao Tome and Principe,1998,253.0637,177,253.0637,544.087,26.7977,44.3,30.124,6.8,23.036,Our World in Data / WHO,2026-09-30 02:09:06
5311,STP,Sao Tome and Principe,1999,253.0637,177,253.0637,544.087,26.7977,44.6,30.328,6.8,23.192,Our World in Data / WHO,2026-09-30 02:09:06
5312,STP,Sao Tome and Principe,2000,253.0637,177,253.0637,544.087,26.7977,44.9,30.532,6.8,23.348,Our World in Data / WHO,2026-09-30 02:09:06
5313,STP,Sao Tome and Principe,2001,255.4088,181,255.4088,549.1289,27.046,45.2,30.736,6.82,23.504,Our World in Data / WHO,2026-09-30 02:09:06
5314,STP,Sao Tome and Principe,2002,254.9328,182,254.9328,548.1055,26.9956,45.5,30.94,6.84,23.66,Our World in Data / WHO,2026-09-30 02:09:06
5315,STP,Sao Tome and Principe,2003,245.431,178,245.431,527.6766,25.9894,45.8,31.144,6.86,23.816,Our World in Data / WHO,2026-09-30 02:09:06
5316,STP,Sao Tome and Principe,2004,245.6022,181,245.6022,528.0447,26.0076,46.2,31.416,6.88,24.024,Our World in Data / WHO,2026-09-30 02:09:06
5317,STP,Sao Tome and Principe,2005,240.4023,179,240.4023,516.8649,25.4569,46.5,31.62,6.9,24.18,Our World in Data / WHO,2026-09-30 02:09:06
5318,STP,Sao Tome and Principe,2006,245.3891,188,245.3891,527.5866,25.985,46.7,31.756,6.95,24.284,Our World in Data / WHO,2026-09-30 02:09:06
5319,STP,Sao Tome and Principe,2007,253.3013,198,253.3013,544.5978,26.8228,46.9,31.892,7.0,24.388,Our World in Data / WHO,2026-09-30 02:09:06
5320,STP,Sao Tome and Principe,2008,253.1832,200,253.1832,544.3439,26.8103,47.0,31.96,7.0667,24.44,Our World in Data / WHO,2026-09-30 02:09:06
5321,STP,Sao Tome and Principe,2009,249.2787,200,249.2787,535.9492,26.3969,47.0,31.96,7.1333,24.44,Our World in Data / WHO,2026-09-30 02:09:06
5322,STP,Sao Tome and Principe,2010,244.7848,201,244.7848,526.2873,25.921,46.9,31.892,7.2,24.388,Our World in Data / WHO,2026-09-30 02:09:06
5323,STP,Sao Tome and Principe,2011,241.487,202,241.487,519.197,25.5718,46.8,31.824,7.26,24.336,Our World in Data / WHO,2026-09-30 02:09:06
5324,STP,Sao Tome and Principe,2012,250.5098,214,250.5098,538.5961,26.5272,46.6,31.688,7.32,24.232,Our World in Data / WHO,2026-09-30 02:09:06
5325,STP,Sao Tome and Principe,2013,244.1901,214,244.1901,525.0087,25.858,46.4,31.552,7.38,24.128,Our World in Data / WHO,2026-09-30 02:09:06
5326,STP,Sao Tome and Principe,2014,244.5461,221,244.5461,525.7741,25.8957,46.2,31.416,7.44,24.024,Our World in Data / WHO,2026-09-30 02:09:06
5327,STP,Sao Tome and Principe,2015,247.5157,230,247.5157,532.1588,26.2102,46.0,31.28,7.5,23.92,Our World in Data / WHO,2026-09-30 02:09:06
5328,STP,Sao Tome and Principe,2016,252.6941,242,252.6941,543.2923,26.7586,45.8,31.144,7.58,23.816,Our World in Data / WHO,2026-09-30 02:09:06
5329,STP,Sao Tome and Principe,2017,253.9724,251,253.9724,546.0407,26.8939,45.5,30.94,7.66,23.66,Our World in Data / WHO,2026-09-30 02:09:06
5330,STP,Sao Tome and Principe,2018,255.9421,261,255.9421,550.2755,27.1025,45.3,30.804,7.74,23.556,Our World in Data / WHO,2026-09-30 02:09:06
5331,STP,Sao Tome and Principe,2019,255.953,271,255.953,550.299,27.1036,45.1,30.668,7.82,23.452,Our World in Data / WHO,2026-09-30 02:09:06
5332,STP,Sao Tome and Principe,2020,249.6606,269,249.6606,536.7703,26.4373,45.1,30.668,7.9,23.452,Our World in Data / WHO,2026-09-30 02:09:06
5333,STP,Sao Tome and Principe,2021,233.6591,260,233.6591,502.3671,24.7429,45.1,30.668,8.0,23.452,Our World in Data / WHO,2026-09-30 02:09:06
5334,STP,Sao Tome and Principe,2022,233.6591,260,233.6591,502.3671,24.7429,45.1,30.668,8.1,23.452,Our World in Data / WHO,2026-09-30 02:09:06
5335,SUR,Suriname,1990,307.6935,756,307.6935,661.541,32.5826,37.3,25.364,31.1,19.396,Our World in Data / WHO,2026-09-30 02:09:06
5336,SUR,Suriname,1991,307.6935,756,307.6935,661.541,32.5826,37.4,25.432,31.1,19.448,Our World in Data / WHO,2026-09-30 02:09:06
5337,SUR,Suriname,1992,307.6935,756,307.6935,661.541,32.5826,37.6,25.568,31.1,19.552,Our World in Data / WHO,2026-09-30 02:09:06
5338,SUR,Suriname,1993,307.6935,756,307.6935,661.541,32.5826,37.8,25.704,31.1,19.656,Our World in Data / WHO,2026-09-30 02:09:06
5339,SUR,Suriname,1994,307.6935,756,307.6935,661.541,32.5826,38.0,25.84,31.1,19.76,Our World in Data / WHO,2026-09-30 02:09:06
5340,SUR,Suriname,1995,307.6935,756,307.6935,661.541,32.5826,38.1,25.908,31.1,19.812,Our World in Data / WHO,2026-09-30 02:09:06
5341,SUR,Suriname,1996,307.6935,756,307.6935,661.541,32.5826,38.3,26.044,31.1,19.916,Our World in Data / WHO,2026-09-30 02:09:06
5342,SUR,Suriname,1997,307.6935,756,307.6935,661.541,32.5826,38.5,26.18,31.1,20.02,Our World in Data / WHO,2026-09-30 02:09:06
5343,SUR,Suriname,1998,307.6935,756,307.6935,661.541,32.5826,38.7,26.316,31.1,20.124,Our World in Data / WHO,2026-09-30 02:09:06
5344,SUR,Suriname,1999,307.6935,756,307.6935,661.541,32.5826,39.0,26.52,31.1,20.28,Our World in Data / WHO,2026-09-30 02:09:06
5345,SUR,Suriname,2000,307.6935,756,307.6935,661.541,32.5826,39.2,26.656,31.1,20.384,Our World in Data / WHO,2026-09-30 02:09:06
5346,SUR,Suriname,2001,300.4768,818,300.4768,646.0251,31.8184,39.5,26.86,29.84,20.54,Our World in Data / WHO,2026-09-30 02:09:06
5347,SUR,Suriname,2002,293.7832,883,293.7832,631.6339,31.1096,39.8,27.064,29.18,20.696,Our World in Data / WHO,2026-09-30 02:09:06
5348,SUR,Suriname,2003,282.1791,931,282.1791,606.6851,29.8808,40.1,27.268,28.72,20.852,Our World in Data / WHO,2026-09-30 02:09:06
5349,SUR,Suriname,2004,272.4158,942,272.4158,585.694,28.8469,40.4,27.472,28.26,21.008,Our World in Data / WHO,2026-09-30 02:09:06
5350,SUR,Suriname,2005,265.5736,929,265.5736,570.9832,28.1224,40.8,27.744,27.8,21.216,Our World in Data / WHO,2026-09-30 02:09:06
5351,SUR,Suriname,2006,254.4153,904,254.4153,546.9929,26.9408,41.1,27.948,27.5,21.372,Our World in Data / WHO,2026-09-30 02:09:06
5352,SUR,Suriname,2007,245.1203,890,245.1203,527.0086,25.9565,41.4,28.152,26.9,21.528,Our World in Data / WHO,2026-09-30 02:09:06
5353,SUR,Suriname,2008,238.9882,892,238.9882,513.8246,25.3072,41.7,28.356,26.5333,21.684,Our World in Data / WHO,2026-09-30 02:09:06
5354,SUR,Suriname,2009,230.2828,883,230.2828,495.108,24.3853,41.9,28.492,25.8667,21.788,Our World in Data / WHO,2026-09-30 02:09:06
5355,SUR,Suriname,2010,226.4108,897,226.4108,486.7832,23.9753,42.1,28.628,25.2,21.892,Our World in Data / WHO,2026-09-30 02:09:06
5356,SUR,Suriname,2011,219.3629,894,219.3629,471.6302,23.229,42.3,28.764,24.86,21.996,Our World in Data / WHO,2026-09-30 02:09:06
5357,SUR,Suriname,2012,217.6279,914,217.6279,467.9,23.0453,42.4,28.832,24.22,22.048,Our World in Data / WHO,2026-09-30 02:09:06
5358,SUR,Suriname,2013,227.5441,984,227.5441,489.2198,24.0953,42.5,28.9,23.76,22.1,Our World in Data / WHO,2026-09-30 02:09:06
5359,SUR,Suriname,2014,228.7274,1020,228.7274,491.7639,24.2206,42.6,28.968,23.16,22.152,Our World in Data / WHO,2026-09-30 02:09:06
5360,SUR,Suriname,2015,229.6233,1059,229.6233,493.6901,24.3155,42.6,28.968,22.6,22.152,Our World in Data / WHO,2026-09-30 02:09:06
5361,SUR,Suriname,2016,224.2821,1070,224.2821,482.2065,23.7499,42.7,29.036,22.34,22.204,Our World in Data / WHO,2026-09-30 02:09:06
5362,SUR,Suriname,2017,222.8872,1098,222.8872,479.2075,23.6022,42.8,29.104,21.98,22.256,Our World in Data / WHO,2026-09-30 02:09:06
5363,SUR,Suriname,2018,227.7437,1159,227.7437,489.649,24.1165,42.8,29.104,21.56,22.256,Our World in Data / WHO,2026-09-30 02:09:06
5364,SUR,Suriname,2019,228.5421,1201,228.5421,491.3655,24.201,42.9,29.172,21.2,22.308,Our World in Data / WHO,2026-09-30 02:09:06
5365,SUR,Suriname,2020,223.2693,1222,223.2693,480.029,23.6427,42.9,29.172,20.6,22.308,Our World in Data / WHO,2026-09-30 02:09:06
5366,SUR,Suriname,2021,178.289,1006,178.289,383.3213,18.8796,42.9,29.172,20.175,22.308,Our World in Data / WHO,2026-09-30 02:09:06
5367,SVK,Slovakia,1990,396.622,27965,396.622,852.7373,41.9995,46.0,31.28,32.8,23.92,Our World in Data / WHO,2026-09-30 02:09:06
5368,SVK,Slovakia,1991,396.622,27965,396.622,852.7373,41.9995,45.7,31.076,32.8,23.764,Our World in Data / WHO,2026-09-30 02:09:06
5369,SVK,Slovakia,1992,396.622,27965,396.622,852.7373,41.9995,45.3,30.804,32.8,23.556,Our World in Data / WHO,2026-09-30 02:09:06
5370,SVK,Slovakia,1993,396.622,27965,396.622,852.7373,41.9995,45.0,30.6,32.8,23.4,Our World in Data / WHO,2026-09-30 02:09:06
5371,SVK,Slovakia,1994,396.622,27965,396.622,852.7373,41.9995,44.6,30.328,32.8,23.192,Our World in Data / WHO,2026-09-30 02:09:06
5372,SVK,Slovakia,1995,396.622,27965,396.622,852.7373,41.9995,44.3,30.124,32.8,23.036,Our World in Data / WHO,2026-09-30 02:09:06
5373,SVK,Slovakia,1996,396.622,27965,396.622,852.7373,41.9995,43.9,29.852,32.8,22.828,Our World in Data / WHO,2026-09-30 02:09:06
5374,SVK,Slovakia,1997,396.622,27965,396.622,852.7373,41.9995,43.6,29.648,32.8,22.672,Our World in Data / WHO,2026-09-30 02:09:06
5375,SVK,Slovakia,1998,396.622,27965,396.622,852.7373,41.9995,43.4,29.512,32.8,22.568,Our World in Data / WHO,2026-09-30 02:09:06
5376,SVK,Slovakia,1999,396.622,27965,396.622,852.7373,41.9995,43.2,29.376,32.8,22.464,Our World in Data / WHO,2026-09-30 02:09:06
5377,SVK,Slovakia,2000,396.622,27965,396.622,852.7373,41.9995,43.0,29.24,32.8,22.36,Our World in Data / WHO,2026-09-30 02:09:06
5378,SVK,Slovakia,2001,398.8964,28373,398.8964,857.6273,42.2404,42.9,29.172,32.6,22.308,Our World in Data / WHO,2026-09-30 02:09:06
5379,SVK,Slovakia,2002,386.5672,27754,386.5672,831.1195,40.9348,42.8,29.104,32.4,22.256,Our World in Data / WHO,2026-09-30 02:09:06
5380,SVK,Slovakia,2003,386.026,28040,386.026,829.9559,40.8775,42.7,29.036,32.2,22.204,Our World in Data / WHO,2026-09-30 02:09:06
5381,SVK,Slovakia,2004,375.4255,27919,375.4255,807.1648,39.755,42.7,29.036,32.0,22.204,Our World in Data / WHO,2026-09-30 02:09:06
5382,SVK,Slovakia,2005,380.4815,28923,380.4815,818.0352,40.2903,42.8,29.104,31.8,22.256,Our World in Data / WHO,2026-09-30 02:09:06
5383,SVK,Slovakia,2006,373.8512,29184,373.8512,803.7801,39.5882,42.8,29.104,31.65,22.256,Our World in Data / WHO,2026-09-30 02:09:06
5384,SVK,Slovakia,2007,364.5223,29234,364.5223,783.7229,38.6004,42.9,29.172,31.5,22.308,Our World in Data / WHO,2026-09-30 02:09:06
5385,SVK,Slovakia,2008,346.0812,28445,346.0812,744.0746,36.6476,42.9,29.172,31.3333,22.308,Our World in Data / WHO,2026-09-30 02:09:06
5386,SVK,Slovakia,2009,336.9945,28404,336.9945,724.5382,35.6854,42.9,29.172,31.1667,22.308,Our World in Data / WHO,2026-09-30 02:09:06
5387,SVK,Slovakia,2010,331.5445,28646,331.5445,712.8207,35.1083,42.9,29.172,31.0,22.308,Our World in Data / WHO,2026-09-30 02:09:06
5388,SVK,Slovakia,2011,298.7307,26345,298.7307,642.271,31.6335,42.9,29.172,30.86,22.308,Our World in Data / WHO,2026-09-30 02:09:06
5389,SVK,Slovakia,2012,268.7658,24296,268.7658,577.8465,28.4604,42.9,29.172,30.72,22.308,Our World in Data / WHO,2026-09-30 02:09:06
5390,SVK,Slovakia,2013,267.4338,24730,267.4338,574.9827,28.3194,42.8,29.104,30.58,22.256,Our World in Data / WHO,2026-09-30 02:09:06
5391,SVK,Slovakia,2014,247.7426,23446,247.7426,532.6466,26.2342,42.8,29.104,30.44,22.256,Our World in Data / WHO,2026-09-30 02:09:06
5392,SVK,Slovakia,2015,262.5621,25498,262.5621,564.5085,27.8035,42.8,29.104,30.3,22.256,Our World in Data / WHO,2026-09-30 02:09:06
5393,SVK,Slovakia,2016,239.1718,23725,239.1718,514.2194,25.3266,42.8,29.104,30.18,22.256,Our World in Data / WHO,2026-09-30 02:09:06
5394,SVK,Slovakia,2017,243.6513,24751,243.6513,523.8503,25.801,42.8,29.104,30.06,22.256,Our World in Data / WHO,2026-09-30 02:09:06
5395,SVK,Slovakia,2018,227.7425,23689,227.7425,489.6464,24.1163,42.7,29.036,29.94,22.204,Our World in Data / WHO,2026-09-30 02:09:06
5396,SVK,Slovakia,2019,220.9407,23524,220.9407,475.0225,23.3961,42.7,29.036,29.82,22.204,Our World in Data / WHO,2026-09-30 02:09:06
5397,SVK,Slovakia,2020,233.2906,25299,233.2906,501.5748,24.7039,42.7,29.036,29.7,22.204,Our World in Data / WHO,2026-09-30 02:09:06
5398,SVK,Slovakia,2021,248.4379,27148,248.4379,534.1415,26.3078,42.7,29.036,29.65,22.204,Our World in Data / WHO,2026-09-30 02:09:06
5399,SVK,Slovakia,2022,248.4379,27148,248.4379,534.1415,26.3078,42.7,29.036,29.6,22.204,Our World in Data / WHO,2026-09-30 02:09:06
5400,SVN,Slovenia,1990,240.2324,7580,240.2324,516.4997,25.4389,47.7,32.436,24.1,24.804,Our World in Data / WHO,2026-09-30 02:09:06
5401,SVN,Slovenia,1991,240.2324,7580,240.2324,516.4997,25.4389,47.4,32.232,24.1,24.648,Our World in Data / WHO,2026-09-30 02:09:06
5402,SVN,Slovenia,1992,240.2324,7580,240.2324,516.4997,25.4389,47.1,32.028,24.1,24.492,Our World in Data / WHO,2026-09-30 02:09:06
5403,SVN,Slovenia,1993,240.2324,7580,240.2324,516.4997,25.4389,46.7,31.756,24.1,24.284,Our World in Data / WHO,2026-09-30 02:09:06
5404,SVN,Slovenia,1994,240.2324,7580,240.2324,516.4997,25.4389,46.4,31.552,24.1,24.128,Our World in Data / WHO,2026-09-30 02:09:06
5405,SVN,Slovenia,1995,240.2324,7580,240.2324,516.4997,25.4389,46.1,31.348,24.1,23.972,Our World in Data / WHO,2026-09-30 02:09:06
5406,SVN,Slovenia,1996,240.2324,7580,240.2324,516.4997,25.4389,45.8,31.144,24.1,23.816,Our World in Data / WHO,2026-09-30 02:09:06
5407,SVN,Slovenia,1997,240.2324,7580,240.2324,516.4997,25.4389,45.5,30.94,24.1,23.66,Our World in Data / WHO,2026-09-30 02:09:06
5408,SVN,Slovenia,1998,240.2324,7580,240.2324,516.4997,25.4389,45.3,30.804,24.1,23.556,Our World in Data / WHO,2026-09-30 02:09:06
5409,SVN,Slovenia,1999,240.2324,7580,240.2324,516.4997,25.4389,45.1,30.668,24.1,23.452,Our World in Data / WHO,2026-09-30 02:09:06
5410,SVN,Slovenia,2000,240.2324,7580,240.2324,516.4997,25.4389,45.0,30.6,24.1,23.4,Our World in Data / WHO,2026-09-30 02:09:06
5411,SVN,Slovenia,2001,228.4601,7332,228.4601,491.1892,24.1923,44.9,30.532,23.96,23.348,Our World in Data / WHO,2026-09-30 02:09:06
5412,SVN,Slovenia,2002,221.8051,7243,221.8051,476.881,23.4876,44.8,30.464,23.82,23.296,Our World in Data / WHO,2026-09-30 02:09:06
5413,SVN,Slovenia,2003,224.6067,7438,224.6067,482.9044,23.7843,44.9,30.532,23.68,23.348,Our World in Data / WHO,2026-09-30 02:09:06
5414,SVN,Slovenia,2004,209.1536,7123,209.1536,449.6802,22.1479,44.9,30.532,23.54,23.348,Our World in Data / WHO,2026-09-30 02:09:06
5415,SVN,Slovenia,2005,214.7894,7599,214.7894,461.7972,22.7447,45.0,30.6,23.4,23.4,Our World in Data / WHO,2026-09-30 02:09:06
5416,SVN,Slovenia,2006,192.8504,7104,192.8504,414.6284,20.4215,45.1,30.668,23.25,23.452,Our World in Data / WHO,2026-09-30 02:09:06
5417,SVN,Slovenia,2007,189.0619,7368,189.0619,406.4831,20.0203,45.2,30.736,23.1,23.504,Our World in Data / WHO,2026-09-30 02:09:06
5418,SVN,Slovenia,2008,171.9895,7023,171.9895,369.7774,18.2125,45.3,30.804,22.9667,23.556,Our World in Data / WHO,2026-09-30 02:09:06
5419,SVN,Slovenia,2009,169.8436,7256,169.8436,365.1637,17.9853,45.4,30.872,22.8333,23.608,Our World in Data / WHO,2026-09-30 02:09:06
5420,SVN,Slovenia,2010,161.1782,7171,161.1782,346.5331,17.0677,45.4,30.872,22.7,23.608,Our World in Data / WHO,2026-09-30 02:09:06
5421,SVN,Slovenia,2011,152.2854,7068,152.2854,327.4136,16.126,45.4,30.872,22.54,23.608,Our World in Data / WHO,2026-09-30 02:09:06
5422,SVN,Slovenia,2012,151.5927,7361,151.5927,325.9243,16.0526,45.4,30.872,22.38,23.608,Our World in Data / WHO,2026-09-30 02:09:06
5423,SVN,Slovenia,2013,146.1642,7373,146.1642,314.253,15.4778,45.4,30.872,22.22,23.608,Our World in Data / WHO,2026-09-30 02:09:06
5424,SVN,Slovenia,2014,145.6995,7648,145.6995,313.2539,15.4286,45.4,30.872,22.06,23.608,Our World in Data / WHO,2026-09-30 02:09:06
5425,SVN,Slovenia,2015,145.9859,7928,145.9859,313.8697,15.4589,45.4,30.872,21.9,23.608,Our World in Data / WHO,2026-09-30 02:09:06
5426,SVN,Slovenia,2016,138.1476,7776,138.1476,297.0173,14.6289,45.4,30.872,21.8,23.608,Our World in Data / WHO,2026-09-30 02:09:06
5427,SVN,Slovenia,2017,136.9079,8008,136.9079,294.352,14.4976,45.4,30.872,21.7,23.608,Our World in Data / WHO,2026-09-30 02:09:06
5428,SVN,Slovenia,2018,134.359,8027,134.359,288.8718,14.2277,45.3,30.804,21.6,23.556,Our World in Data / WHO,2026-09-30 02:09:06
5429,SVN,Slovenia,2019,127.509,7871,127.509,274.1443,13.5023,45.3,30.804,21.5,23.556,Our World in Data / WHO,2026-09-30 02:09:06
5430,SVN,Slovenia,2020,121.7195,7626,121.7195,261.6969,12.8892,45.3,30.804,21.4,23.556,Our World in Data / WHO,2026-09-30 02:09:06
5431,SVN,Slovenia,2021,115.7753,7120,115.7753,248.9169,12.2598,45.3,30.804,21.3,23.556,Our World in Data / WHO,2026-09-30 02:09:06
5432,SVN,Slovenia,2022,115.7753,7120,115.7753,248.9169,12.2598,45.3,30.804,21.2,23.556,Our World in Data / WHO,2026-09-30 02:09:06
5433,SWE,Sweden,1990,188.0498,43205,188.0498,404.3071,19.9132,38.9,26.452,49.5,20.228,Our World in Data / WHO,2026-09-30 02:09:06
5434,SWE,Sweden,1991,188.0498,43205,188.0498,404.3071,19.9132,38.9,26.452,49.5,20.228,Our World in Data / WHO,2026-09-30 02:09:06
5435,SWE,Sweden,1992,188.0498,43205,188.0498,404.3071,19.9132,38.9,26.452,49.5,20.228,Our World in Data / WHO,2026-09-30 02:09:06
5436,SWE,Sweden,1993,188.0498,43205,188.0498,404.3071,19.9132,38.9,26.452,49.5,20.228,Our World in Data / WHO,2026-09-30 02:09:06
5437,SWE,Sweden,1994,188.0498,43205,188.0498,404.3071,19.9132,38.9,26.452,49.5,20.228,Our World in Data / WHO,2026-09-30 02:09:06
5438,SWE,Sweden,1995,188.0498,43205,188.0498,404.3071,19.9132,38.9,26.452,49.5,20.228,Our World in Data / WHO,2026-09-30 02:09:06
5439,SWE,Sweden,1996,188.0498,43205,188.0498,404.3071,19.9132,38.8,26.384,49.5,20.176,Our World in Data / WHO,2026-09-30 02:09:06
5440,SWE,Sweden,1997,188.0498,43205,188.0498,404.3071,19.9132,38.8,26.384,49.5,20.176,Our World in Data / WHO,2026-09-30 02:09:06
5441,SWE,Sweden,1998,188.0498,43205,188.0498,404.3071,19.9132,38.7,26.316,49.5,20.124,Our World in Data / WHO,2026-09-30 02:09:06
5442,SWE,Sweden,1999,188.0498,43205,188.0498,404.3071,19.9132,38.6,26.248,49.5,20.072,Our World in Data / WHO,2026-09-30 02:09:06
5443,SWE,Sweden,2000,188.0498,43205,188.0498,404.3071,19.9132,38.6,26.248,49.5,20.072,Our World in Data / WHO,2026-09-30 02:09:06
5444,SWE,Sweden,2001,182.6433,42605,182.6433,392.6831,19.3407,38.5,26.18,47.76,20.02,Our World in Data / WHO,2026-09-30 02:09:06
5445,SWE,Sweden,2002,178.9593,42465,178.9593,384.7625,18.9505,38.4,26.112,46.02,19.968,Our World in Data / WHO,2026-09-30 02:09:06
5446,SWE,Sweden,2003,172.3977,41282,172.3977,370.6551,18.2557,38.3,26.044,44.28,19.916,Our World in Data / WHO,2026-09-30 02:09:06
5447,SWE,Sweden,2004,161.3019,39205,161.3019,346.7991,17.0808,38.1,25.908,42.54,19.812,Our World in Data / WHO,2026-09-30 02:09:06
5448,SWE,Sweden,2005,156.6018,38923,156.6018,336.6939,16.583,37.9,25.772,40.8,19.708,Our World in Data / WHO,2026-09-30 02:09:06
5449,SWE,Sweden,2006,152.7726,38726,152.7726,328.4611,16.1776,37.6,25.568,39.45,19.552,Our World in Data / WHO,2026-09-30 02:09:06
5450,SWE,Sweden,2007,148.0876,38260,148.0876,318.3883,15.6814,37.3,25.364,38.1,19.396,Our World in Data / WHO,2026-09-30 02:09:06
5451,SWE,Sweden,2008,143.8855,37749,143.8855,309.3538,15.2365,36.9,25.092,36.7,19.188,Our World in Data / WHO,2026-09-30 02:09:06
5452,SWE,Sweden,2009,137.991,36579,137.991,296.6806,14.6123,36.5,24.82,35.3,18.98,Our World in Data / WHO,2026-09-30 02:09:06
5453,SWE,Sweden,2010,135.4912,36636,135.4912,291.3061,14.3476,36.0,24.48,33.9,18.72,Our World in Data / WHO,2026-09-30 02:09:06
5454,SWE,Sweden,2011,129.1894,35315,129.1894,277.7572,13.6803,35.4,24.072,32.76,18.408,Our World in Data / WHO,2026-09-30 02:09:06
5455,SWE,Sweden,2012,127.2407,35290,127.2407,273.5675,13.4739,34.8,23.664,31.62,18.096,Our World in Data / WHO,2026-09-30 02:09:06
5456,SWE,Sweden,2013,121.892,33858,121.892,262.0678,12.9075,34.1,23.188,30.48,17.732,Our World in Data / WHO,2026-09-30 02:09:06
5457,SWE,Sweden,2014,116.265,32806,116.265,249.9698,12.3117,33.4,22.712,29.34,17.368,Our World in Data / WHO,2026-09-30 02:09:06
5458,SWE,Sweden,2015,114.2675,32585,114.2675,245.6751,12.1001,32.8,22.304,28.2,17.056,Our World in Data / WHO,2026-09-30 02:09:06
5459,SWE,Sweden,2016,110.1859,31828,110.1859,236.8997,12.0,32.1,21.828,27.26,16.692,Our World in Data / WHO,2026-09-30 02:09:06
5460,SWE,Sweden,2017,105.9701,31091,105.9701,227.8357,12.0,31.4,21.352,26.32,16.328,Our World in Data / WHO,2026-09-30 02:09:06
5461,SWE,Sweden,2018,102.7468,30382,102.7468,220.9056,12.0,30.8,20.944,25.38,16.016,Our World in Data / WHO,2026-09-30 02:09:06
5462,SWE,Sweden,2019,94.8334,28641,94.8334,203.8918,12.0,30.2,20.536,24.44,15.704,Our World in Data / WHO,2026-09-30 02:09:06
5463,SWE,Sweden,2020,92.4442,28212,92.4442,198.755,12.0,30.2,20.536,23.5,15.704,Our World in Data / WHO,2026-09-30 02:09:06
5464,SWE,Sweden,2021,90.4348,27802,90.4348,194.4348,12.0,30.2,20.536,22.65,15.704,Our World in Data / WHO,2026-09-30 02:09:06
5465,SWE,Sweden,2022,90.4348,27802,90.4348,194.4348,12.0,30.2,20.536,21.8,15.704,Our World in Data / WHO,2026-09-30 02:09:06
5466,SWZ,Eswatini,1990,313.9482,1086,313.9482,674.9886,33.2449,39.6,26.928,10.7,20.592,Our World in Data / WHO,2026-09-30 02:09:06
5467,SWZ,Eswatini,1991,313.9482,1086,313.9482,674.9886,33.2449,39.8,27.064,10.7,20.696,Our World in Data / WHO,2026-09-30 02:09:06
5468,SWZ,Eswatini,1992,313.9482,1086,313.9482,674.9886,33.2449,40.0,27.2,10.7,20.8,Our World in Data / WHO,2026-09-30 02:09:06
5469,SWZ,Eswatini,1993,313.9482,1086,313.9482,674.9886,33.2449,40.2,27.336,10.7,20.904,Our World in Data / WHO,2026-09-30 02:09:06
5470,SWZ,Eswatini,1994,313.9482,1086,313.9482,674.9886,33.2449,40.4,27.472,10.7,21.008,Our World in Data / WHO,2026-09-30 02:09:06
5471,SWZ,Eswatini,1995,313.9482,1086,313.9482,674.9886,33.2449,40.6,27.608,10.7,21.112,Our World in Data / WHO,2026-09-30 02:09:06
5472,SWZ,Eswatini,1996,313.9482,1086,313.9482,674.9886,33.2449,40.9,27.812,10.7,21.268,Our World in Data / WHO,2026-09-30 02:09:06
5473,SWZ,Eswatini,1997,313.9482,1086,313.9482,674.9886,33.2449,41.1,27.948,10.7,21.372,Our World in Data / WHO,2026-09-30 02:09:06
5474,SWZ,Eswatini,1998,313.9482,1086,313.9482,674.9886,33.2449,41.4,28.152,10.7,21.528,Our World in Data / WHO,2026-09-30 02:09:06
5475,SWZ,Eswatini,1999,313.9482,1086,313.9482,674.9886,33.2449,41.8,28.424,10.7,21.736,Our World in Data / WHO,2026-09-30 02:09:06
5476,SWZ,Eswatini,2000,313.9482,1086,313.9482,674.9886,33.2449,42.1,28.628,10.7,21.892,Our World in Data / WHO,2026-09-30 02:09:06
5477,SWZ,Eswatini,2001,335.653,1196,335.653,721.654,35.5433,42.5,28.9,10.7,22.1,Our World in Data / WHO,2026-09-30 02:09:06
5478,SWZ,Eswatini,2002,347.9757,1275,347.9757,748.1478,36.8482,42.9,29.172,10.7,22.308,Our World in Data / WHO,2026-09-30 02:09:06
5479,SWZ,Eswatini,2003,351.0038,1318,351.0038,754.6582,37.1689,43.3,29.444,10.7,22.516,Our World in Data / WHO,2026-09-30 02:09:06
5480,SWZ,Eswatini,2004,359.4366,1380,359.4366,772.7887,38.0618,43.7,29.716,10.7,22.724,Our World in Data / WHO,2026-09-30 02:09:06
5481,SWZ,Eswatini,2005,359.984,1413,359.984,773.9656,38.1198,44.0,29.92,10.7,22.88,Our World in Data / WHO,2026-09-30 02:09:06
5482,SWZ,Eswatini,2006,354.9014,1420,354.9014,763.038,37.5816,44.3,30.124,10.7,23.036,Our World in Data / WHO,2026-09-30 02:09:06
5483,SWZ,Eswatini,2007,353.9433,1444,353.9433,760.9781,37.4801,44.5,30.26,10.7,23.14,Our World in Data / WHO,2026-09-30 02:09:06
5484,SWZ,Eswatini,2008,352.7155,1467,352.7155,758.3383,37.3501,44.7,30.396,10.7333,23.244,Our World in Data / WHO,2026-09-30 02:09:06
5485,SWZ,Eswatini,2009,338.0289,1439,338.0289,726.7621,35.7949,44.7,30.396,10.7667,23.244,Our World in Data / WHO,2026-09-30 02:09:06
5486,SWZ,Eswatini,2010,411.1208,1825,411.1208,883.9097,43.5348,44.6,30.328,10.8,23.192,Our World in Data / WHO,2026-09-30 02:09:06
5487,SWZ,Eswatini,2011,324.7809,1447,324.7809,698.2789,34.392,44.5,30.26,10.84,23.14,Our World in Data / WHO,2026-09-30 02:09:06
5488,SWZ,Eswatini,2012,344.3434,1556,344.3434,740.3383,36.4636,44.4,30.192,10.88,23.088,Our World in Data / WHO,2026-09-30 02:09:06
5489,SWZ,Eswatini,2013,345.2882,1601,345.2882,742.3696,36.5636,44.2,30.056,10.92,22.984,Our World in Data / WHO,2026-09-30 02:09:06
5490,SWZ,Eswatini,2014,350.6761,1669,350.6761,753.9536,37.1342,43.9,29.852,10.96,22.828,Our World in Data / WHO,2026-09-30 02:09:06
5491,SWZ,Eswatini,2015,362.9993,1783,362.9993,780.4485,38.4391,43.7,29.716,11.0,22.724,Our World in Data / WHO,2026-09-30 02:09:06
5492,SWZ,Eswatini,2016,371.2369,1889,371.2369,798.1593,39.3114,43.4,29.512,11.06,22.568,Our World in Data / WHO,2026-09-30 02:09:06
5493,SWZ,Eswatini,2017,377.8115,2011,377.8115,812.2947,40.0076,43.1,29.308,11.12,22.412,Our World in Data / WHO,2026-09-30 02:09:06
5494,SWZ,Eswatini,2018,380.224,2100,380.224,817.4816,40.2631,42.8,29.104,11.18,22.256,Our World in Data / WHO,2026-09-30 02:09:06
5495,SWZ,Eswatini,2019,376.8587,2137,376.8587,810.2462,39.9067,42.5,28.9,11.24,22.1,Our World in Data / WHO,2026-09-30 02:09:06
5496,SWZ,Eswatini,2020,385.0731,2225,385.0731,827.9072,40.7766,42.5,28.9,11.3,22.1,Our World in Data / WHO,2026-09-30 02:09:06
5497,SWZ,Eswatini,2021,320.9283,2011,320.9283,689.9958,33.9841,42.5,28.9,11.35,22.1,Our World in Data / WHO,2026-09-30 02:09:06
5498,SWZ,Eswatini,2022,320.9283,2011,320.9283,689.9958,33.9841,42.5,28.9,11.4,22.1,Our World in Data / WHO,2026-09-30 02:09:06
5499,SYC,Seychelles,1990,232.1345,171,232.1345,499.0892,24.5814,48.4,32.912,27.5,25.168,Our World in Data / WHO,2026-09-30 02:09:06
5500,SYC,Seychelles,1991,232.1345,171,232.1345,499.0892,24.5814,48.3,32.844,27.5,25.116,Our World in Data / WHO,2026-09-30 02:09:06
5501,SYC,Seychelles,1992,232.1345,171,232.1345,499.0892,24.5814,48.2,32.776,27.5,25.064,Our World in Data / WHO,2026-09-30 02:09:06
5502,SYC,Seychelles,1993,232.1345,171,232.1345,499.0892,24.5814,48.1,32.708,27.5,25.012,Our World in Data / WHO,2026-09-30 02:09:06
5503,SYC,Seychelles,1994,232.1345,171,232.1345,499.0892,24.5814,48.0,32.64,27.5,24.96,Our World in Data / WHO,2026-09-30 02:09:06
5504,SYC,Seychelles,1995,232.1345,171,232.1345,499.0892,24.5814,47.9,32.572,27.5,24.908,Our World in Data / WHO,2026-09-30 02:09:06
5505,SYC,Seychelles,1996,232.1345,171,232.1345,499.0892,24.5814,47.8,32.504,27.5,24.856,Our World in Data / WHO,2026-09-30 02:09:06
5506,SYC,Seychelles,1997,232.1345,171,232.1345,499.0892,24.5814,47.7,32.436,27.5,24.804,Our World in Data / WHO,2026-09-30 02:09:06
5507,SYC,Seychelles,1998,232.1345,171,232.1345,499.0892,24.5814,47.7,32.436,27.5,24.804,Our World in Data / WHO,2026-09-30 02:09:06
5508,SYC,Seychelles,1999,232.1345,171,232.1345,499.0892,24.5814,47.7,32.436,27.5,24.804,Our World in Data / WHO,2026-09-30 02:09:06
5509,SYC,Seychelles,2000,232.1345,171,232.1345,499.0892,24.5814,47.7,32.436,27.5,24.804,Our World in Data / WHO,2026-09-30 02:09:06
5510,SYC,Seychelles,2001,231.2272,174,231.2272,497.1385,24.4854,47.7,32.436,26.94,24.804,Our World in Data / WHO,2026-09-30 02:09:06
5511,SYC,Seychelles,2002,231.7411,179,231.7411,498.2434,24.5398,47.8,32.504,26.38,24.856,Our World in Data / WHO,2026-09-30 02:09:06
5512,SYC,Seychelles,2003,237.259,187,237.259,510.1068,25.1241,47.9,32.572,25.82,24.908,Our World in Data / WHO,2026-09-30 02:09:06
5513,SYC,Seychelles,2004,236.7024,190,236.7024,508.9102,25.0651,48.0,32.64,25.26,24.96,Our World in Data / WHO,2026-09-30 02:09:06
5514,SYC,Seychelles,2005,236.3257,193,236.3257,508.1003,25.0253,48.1,32.708,24.7,25.012,Our World in Data / WHO,2026-09-30 02:09:06
5515,SYC,Seychelles,2006,235.6648,196,235.6648,506.6793,24.9553,48.2,32.776,24.2,25.064,Our World in Data / WHO,2026-09-30 02:09:06
5516,SYC,Seychelles,2007,231.6467,197,231.6467,498.0404,24.5298,48.2,32.776,23.7,25.064,Our World in Data / WHO,2026-09-30 02:09:06
5517,SYC,Seychelles,2008,234.882,205,234.882,504.9963,24.8724,48.2,32.776,23.2333,25.064,Our World in Data / WHO,2026-09-30 02:09:06
5518,SYC,Seychelles,2009,229.9755,207,229.9755,494.4473,24.3528,48.1,32.708,22.7667,25.012,Our World in Data / WHO,2026-09-30 02:09:06
5519,SYC,Seychelles,2010,222.4901,206,222.4901,478.3537,23.5602,47.9,32.572,22.3,24.908,Our World in Data / WHO,2026-09-30 02:09:06
5520,SYC,Seychelles,2011,219.1947,208,219.1947,471.2686,23.2112,47.7,32.436,21.9,24.804,Our World in Data / WHO,2026-09-30 02:09:06
5521,SYC,Seychelles,2012,225.1281,218,225.1281,484.0254,23.8395,47.3,32.164,21.5,24.596,Our World in Data / WHO,2026-09-30 02:09:06
5522,SYC,Seychelles,2013,222.8609,221,222.8609,479.1509,23.5994,47.0,31.96,21.1,24.44,Our World in Data / WHO,2026-09-30 02:09:06
5523,SYC,Seychelles,2014,221.4212,226,221.4212,476.0556,23.447,46.6,31.688,20.7,24.232,Our World in Data / WHO,2026-09-30 02:09:06
5524,SYC,Seychelles,2015,220.7621,231,220.7621,474.6385,23.3772,46.1,31.348,20.3,23.972,Our World in Data / WHO,2026-09-30 02:09:06
5525,SYC,Seychelles,2016,223.7,241,223.7,480.955,23.6883,45.7,31.076,19.96,23.764,Our World in Data / WHO,2026-09-30 02:09:06
5526,SYC,Seychelles,2017,222.728,248,222.728,478.8652,23.5853,45.2,30.736,19.62,23.504,Our World in Data / WHO,2026-09-30 02:09:06
5527,SYC,Seychelles,2018,220.5301,254,220.5301,474.1397,23.3526,44.8,30.464,19.28,23.296,Our World in Data / WHO,2026-09-30 02:09:06
5528,SYC,Seychelles,2019,215.4396,258,215.4396,463.1951,22.8136,44.3,30.124,18.94,23.036,Our World in Data / WHO,2026-09-30 02:09:06
5529,SYC,Seychelles,2020,139.4487,178,139.4487,299.8147,14.7666,44.3,30.124,18.6,23.036,Our World in Data / WHO,2026-09-30 02:09:06
5530,SYC,Seychelles,2021,172.3429,224,172.3429,370.5372,18.2499,44.3,30.124,18.2,23.036,Our World in Data / WHO,2026-09-30 02:09:06
5531,SYC,Seychelles,2022,172.3429,224,172.3429,370.5372,18.2499,44.3,30.124,17.8,23.036,Our World in Data / WHO,2026-09-30 02:09:06
5532,SYR,Syria,1990,535.8695,32960,535.8695,1152.1194,56.7449,41.4,28.152,31.1,21.528,Our World in Data / WHO,2026-09-30 02:09:06
5533,SYR,Syria,1991,535.8695,32960,535.8695,1152.1194,56.7449,41.6,28.288,31.1,21.632,Our World in Data / WHO,2026-09-30 02:09:06
5534,SYR,Syria,1992,535.8695,32960,535.8695,1152.1194,56.7449,41.9,28.492,31.1,21.788,Our World in Data / WHO,2026-09-30 02:09:06
5535,SYR,Syria,1993,535.8695,32960,535.8695,1152.1194,56.7449,42.1,28.628,31.1,21.892,Our World in Data / WHO,2026-09-30 02:09:06
5536,SYR,Syria,1994,535.8695,32960,535.8695,1152.1194,56.7449,42.4,28.832,31.1,22.048,Our World in Data / WHO,2026-09-30 02:09:06
5537,SYR,Syria,1995,535.8695,32960,535.8695,1152.1194,56.7449,42.6,28.968,31.1,22.152,Our World in Data / WHO,2026-09-30 02:09:06
5538,SYR,Syria,1996,535.8695,32960,535.8695,1152.1194,56.7449,42.8,29.104,31.1,22.256,Our World in Data / WHO,2026-09-30 02:09:06
5539,SYR,Syria,1997,535.8695,32960,535.8695,1152.1194,56.7449,43.1,29.308,31.1,22.412,Our World in Data / WHO,2026-09-30 02:09:06
5540,SYR,Syria,1998,535.8695,32960,535.8695,1152.1194,56.7449,43.3,29.444,31.1,22.516,Our World in Data / WHO,2026-09-30 02:09:06
5541,SYR,Syria,1999,535.8695,32960,535.8695,1152.1194,56.7449,43.5,29.58,31.1,22.62,Our World in Data / WHO,2026-09-30 02:09:06
5542,SYR,Syria,2000,535.8695,32960,535.8695,1152.1194,56.7449,43.6,29.648,31.1,22.672,Our World in Data / WHO,2026-09-30 02:09:06
5543,SYR,Syria,2001,520.0596,32475,520.0596,1118.1281,55.0707,43.7,29.716,29.84,22.724,Our World in Data / WHO,2026-09-30 02:09:06
5544,SYR,Syria,2002,517.9871,33275,517.9871,1113.6723,54.8512,43.8,29.784,29.18,22.776,Our World in Data / WHO,2026-09-30 02:09:06
5545,SYR,Syria,2003,481.8365,32115,481.8365,1035.9485,51.0231,43.9,29.852,28.72,22.828,Our World in Data / WHO,2026-09-30 02:09:06
5546,SYR,Syria,2004,468.102,32562,468.102,1006.4193,49.5688,43.8,29.784,28.26,22.776,Our World in Data / WHO,2026-09-30 02:09:06
5547,SYR,Syria,2005,449.0187,32569,449.0187,965.3902,47.548,43.8,29.784,27.8,22.776,Our World in Data / WHO,2026-09-30 02:09:06
5548,SYR,Syria,2006,434.859,33178,434.859,934.9468,46.0485,43.7,29.716,27.5,22.724,Our World in Data / WHO,2026-09-30 02:09:06
5549,SYR,Syria,2007,424.5138,34391,424.5138,912.7047,44.9531,43.5,29.58,26.9,22.62,Our World in Data / WHO,2026-09-30 02:09:06
5550,SYR,Syria,2008,424.8818,36175,424.8818,913.4959,44.992,43.4,29.512,26.5333,22.568,Our World in Data / WHO,2026-09-30 02:09:06
5551,SYR,Syria,2009,415.6138,36565,415.6138,893.5697,44.0106,43.3,29.444,25.8667,22.516,Our World in Data / WHO,2026-09-30 02:09:06
5552,SYR,Syria,2010,423.0421,38300,423.0421,909.5405,44.7972,43.1,29.308,25.2,22.412,Our World in Data / WHO,2026-09-30 02:09:06
5553,SYR,Syria,2011,427.4056,40007,427.4056,918.922,45.2593,43.0,29.24,24.86,22.36,Our World in Data / WHO,2026-09-30 02:09:06
5554,SYR,Syria,2012,420.6773,40695,420.6773,904.4562,44.5468,42.8,29.104,24.22,22.256,Our World in Data / WHO,2026-09-30 02:09:06
5555,SYR,Syria,2013,426.4244,41342,426.4244,916.8125,45.1554,42.6,28.968,23.76,22.152,Our World in Data / WHO,2026-09-30 02:09:06
5556,SYR,Syria,2014,430.7116,41079,430.7116,926.0299,45.6094,42.4,28.832,23.16,22.048,Our World in Data / WHO,2026-09-30 02:09:06
5557,SYR,Syria,2015,425.4839,40810,425.4839,914.7904,45.0558,42.1,28.628,22.6,21.892,Our World in Data / WHO,2026-09-30 02:09:06
5558,SYR,Syria,2016,419.8826,40628,419.8826,902.7476,44.4627,41.8,28.424,22.34,21.736,Our World in Data / WHO,2026-09-30 02:09:06
5559,SYR,Syria,2017,423.1585,41958,423.1585,909.7908,44.8095,41.6,28.288,21.98,21.632,Our World in Data / WHO,2026-09-30 02:09:06
5560,SYR,Syria,2018,426.6069,43648,426.6069,917.2048,45.1747,41.4,28.152,21.56,21.528,Our World in Data / WHO,2026-09-30 02:09:06
5561,SYR,Syria,2019,419.9284,44302,419.9284,902.8461,44.4675,41.1,27.948,21.2,21.372,Our World in Data / WHO,2026-09-30 02:09:06
5562,SYR,Syria,2020,432.8196,47091,432.8196,930.5621,45.8326,41.1,27.948,20.6,21.372,Our World in Data / WHO,2026-09-30 02:09:06
5563,SYR,Syria,2021,422.1096,47244,422.1096,907.5356,44.6985,41.1,27.948,20.175,21.372,Our World in Data / WHO,2026-09-30 02:09:06
5564,TCD,Chad,1990,321.9944,10046,321.9944,692.288,34.097,37.0,25.16,10.7,19.24,Our World in Data / WHO,2026-09-30 02:09:06
5565,TCD,Chad,1991,321.9944,10046,321.9944,692.288,34.097,37.1,25.228,10.7,19.292,Our World in Data / WHO,2026-09-30 02:09:06
5566,TCD,Chad,1992,321.9944,10046,321.9944,692.288,34.097,37.2,25.296,10.7,19.344,Our World in Data / WHO,2026-09-30 02:09:06
5567,TCD,Chad,1993,321.9944,10046,321.9944,692.288,34.097,37.3,25.364,10.7,19.396,Our World in Data / WHO,2026-09-30 02:09:06
5568,TCD,Chad,1994,321.9944,10046,321.9944,692.288,34.097,37.4,25.432,10.7,19.448,Our World in Data / WHO,2026-09-30 02:09:06
5569,TCD,Chad,1995,321.9944,10046,321.9944,692.288,34.097,37.5,25.5,10.7,19.5,Our World in Data / WHO,2026-09-30 02:09:06
5570,TCD,Chad,1996,321.9944,10046,321.9944,692.288,34.097,37.6,25.568,10.7,19.552,Our World in Data / WHO,2026-09-30 02:09:06
5571,TCD,Chad,1997,321.9944,10046,321.9944,692.288,34.097,37.8,25.704,10.7,19.656,Our World in Data / WHO,2026-09-30 02:09:06
5572,TCD,Chad,1998,321.9944,10046,321.9944,692.288,34.097,37.9,25.772,10.7,19.708,Our World in Data / WHO,2026-09-30 02:09:06
5573,TCD,Chad,1999,321.9944,10046,321.9944,692.288,34.097,38.1,25.908,10.7,19.812,Our World in Data / WHO,2026-09-30 02:09:06
5574,TCD,Chad,2000,321.9944,10046,321.9944,692.288,34.097,38.3,26.044,10.7,19.916,Our World in Data / WHO,2026-09-30 02:09:06
5575,TCD,Chad,2001,320.9332,9998,320.9332,690.0064,33.9846,38.5,26.18,10.52,20.02,Our World in Data / WHO,2026-09-30 02:09:06
5576,TCD,Chad,2002,323.4396,10356,323.4396,695.3951,34.25,38.7,26.316,10.34,20.124,Our World in Data / WHO,2026-09-30 02:09:06
5577,TCD,Chad,2003,319.6571,10277,319.6571,687.2628,33.8495,39.0,26.52,10.16,20.28,Our World in Data / WHO,2026-09-30 02:09:06
5578,TCD,Chad,2004,318.5815,10563,318.5815,684.9502,33.7356,39.2,26.656,9.98,20.384,Our World in Data / WHO,2026-09-30 02:09:06
5579,TCD,Chad,2005,318.5778,11001,318.5778,684.9423,33.7352,39.4,26.792,9.8,20.488,Our World in Data / WHO,2026-09-30 02:09:06
5580,TCD,Chad,2006,316.1482,11241,316.1482,679.7186,33.4779,39.6,26.928,9.7,20.592,Our World in Data / WHO,2026-09-30 02:09:06
5581,TCD,Chad,2007,313.3576,11277,313.3576,673.7188,33.1824,39.7,26.996,9.6,20.644,Our World in Data / WHO,2026-09-30 02:09:06
5582,TCD,Chad,2008,316.501,11643,316.501,680.4771,33.5153,39.7,26.996,9.4333,20.644,Our World in Data / WHO,2026-09-30 02:09:06
5583,TCD,Chad,2009,316.7472,11848,316.7472,681.0065,33.5413,39.7,26.996,9.2667,20.644,Our World in Data / WHO,2026-09-30 02:09:06
5584,TCD,Chad,2010,315.6518,12079,315.6518,678.6514,33.4253,39.6,26.928,9.1,20.592,Our World in Data / WHO,2026-09-30 02:09:06
5585,TCD,Chad,2011,314.0829,12273,314.0829,675.2782,33.2592,39.5,26.86,8.96,20.54,Our World in Data / WHO,2026-09-30 02:09:06
5586,TCD,Chad,2012,311.445,12486,311.445,669.6067,32.9799,39.3,26.724,8.82,20.436,Our World in Data / WHO,2026-09-30 02:09:06
5587,TCD,Chad,2013,306.6158,12611,306.6158,659.224,32.4685,39.1,26.588,8.68,20.332,Our World in Data / WHO,2026-09-30 02:09:06
5588,TCD,Chad,2014,302.0311,12821,302.0311,649.3669,31.983,38.9,26.452,8.54,20.228,Our World in Data / WHO,2026-09-30 02:09:06
5589,TCD,Chad,2015,300.8969,13062,300.8969,646.9283,31.8629,38.7,26.316,8.4,20.124,Our World in Data / WHO,2026-09-30 02:09:06
5590,TCD,Chad,2016,295.5082,13109,295.5082,635.3426,31.2923,38.5,26.18,8.3,20.02,Our World in Data / WHO,2026-09-30 02:09:06
5591,TCD,Chad,2017,297.5443,13514,297.5443,639.7202,31.5079,38.3,26.044,8.2,19.916,Our World in Data / WHO,2026-09-30 02:09:06
5592,TCD,Chad,2018,299.7314,14005,299.7314,644.4225,31.7395,38.1,25.908,8.1,19.812,Our World in Data / WHO,2026-09-30 02:09:06
5593,TCD,Chad,2019,298.0573,14359,298.0573,640.8232,31.5622,37.9,25.772,8.0,19.708,Our World in Data / WHO,2026-09-30 02:09:06
5594,TCD,Chad,2020,310.1668,15349,310.1668,666.8586,32.8445,37.9,25.772,7.9,19.708,Our World in Data / WHO,2026-09-30 02:09:06
5595,TCD,Chad,2021,278.6202,14567,278.6202,599.0334,29.5039,37.9,25.772,7.8,19.708,Our World in Data / WHO,2026-09-30 02:09:06
5596,TCD,Chad,2022,278.6202,14567,278.6202,599.0334,29.5039,37.9,25.772,7.7,19.708,Our World in Data / WHO,2026-09-30 02:09:06
5597,TGO,Togo,1990,380.9873,7425,380.9873,819.1227,40.3439,35.6,24.208,15.3,18.512,Our World in Data / WHO,2026-09-30 02:09:06
5598,TGO,Togo,1991,380.9873,7425,380.9873,819.1227,40.3439,35.6,24.208,15.3,18.512,Our World in Data / WHO,2026-09-30 02:09:06
5599,TGO,Togo,1992,380.9873,7425,380.9873,819.1227,40.3439,35.7,24.276,15.3,18.564,Our World in Data / WHO,2026-09-30 02:09:06
5600,TGO,Togo,1993,380.9873,7425,380.9873,819.1227,40.3439,35.7,24.276,15.3,18.564,Our World in Data / WHO,2026-09-30 02:09:06
5601,TGO,Togo,1994,380.9873,7425,380.9873,819.1227,40.3439,35.8,24.344,15.3,18.616,Our World in Data / WHO,2026-09-30 02:09:06
5602,TGO,Togo,1995,380.9873,7425,380.9873,819.1227,40.3439,35.8,24.344,15.3,18.616,Our World in Data / WHO,2026-09-30 02:09:06
5603,TGO,Togo,1996,380.9873,7425,380.9873,819.1227,40.3439,35.9,24.412,15.3,18.668,Our World in Data / WHO,2026-09-30 02:09:06
5604,TGO,Togo,1997,380.9873,7425,380.9873,819.1227,40.3439,36.0,24.48,15.3,18.72,Our World in Data / WHO,2026-09-30 02:09:06
5605,TGO,Togo,1998,380.9873,7425,380.9873,819.1227,40.3439,36.1,24.548,15.3,18.772,Our World in Data / WHO,2026-09-30 02:09:06
5606,TGO,Togo,1999,380.9873,7425,380.9873,819.1227,40.3439,36.2,24.616,15.3,18.824,Our World in Data / WHO,2026-09-30 02:09:06
5607,TGO,Togo,2000,380.9873,7425,380.9873,819.1227,40.3439,36.4,24.752,15.3,18.928,Our World in Data / WHO,2026-09-30 02:09:06
5608,TGO,Togo,2001,375.4052,7654,375.4052,807.1212,39.7528,36.6,24.888,14.7,19.032,Our World in Data / WHO,2026-09-30 02:09:06
5609,TGO,Togo,2002,368.1624,7841,368.1624,791.5492,38.9858,36.8,25.024,14.1,19.136,Our World in Data / WHO,2026-09-30 02:09:06
5610,TGO,Togo,2003,363.1172,8064,363.1172,780.702,38.4516,37.0,25.16,13.5,19.24,Our World in Data / WHO,2026-09-30 02:09:06
5611,TGO,Togo,2004,351.5885,8117,351.5885,755.9153,37.2308,37.2,25.296,12.9,19.344,Our World in Data / WHO,2026-09-30 02:09:06
5612,TGO,Togo,2005,345.5791,8300,345.5791,742.9951,36.5944,37.3,25.364,12.3,19.396,Our World in Data / WHO,2026-09-30 02:09:06
5613,TGO,Togo,2006,341.4428,8531,341.4428,734.102,36.1564,37.5,25.5,11.8,19.5,Our World in Data / WHO,2026-09-30 02:09:06
5614,TGO,Togo,2007,334.2958,8690,334.2958,718.736,35.3996,37.5,25.5,11.3,19.5,Our World in Data / WHO,2026-09-30 02:09:06
5615,TGO,Togo,2008,334.39,9075,334.39,718.9385,35.4096,37.6,25.568,10.8667,19.552,Our World in Data / WHO,2026-09-30 02:09:06
5616,TGO,Togo,2009,329.2278,9305,329.2278,707.8398,34.8629,37.5,25.5,10.4333,19.5,Our World in Data / WHO,2026-09-30 02:09:06
5617,TGO,Togo,2010,322.6727,9426,322.6727,693.7463,34.1688,37.5,25.5,10.0,19.5,Our World in Data / WHO,2026-09-30 02:09:06
5618,TGO,Togo,2011,321.2115,9613,321.2115,690.6047,34.0141,37.3,25.364,9.64,19.396,Our World in Data / WHO,2026-09-30 02:09:06
5619,TGO,Togo,2012,320.6733,9782,320.6733,689.4476,33.9571,37.2,25.296,9.28,19.344,Our World in Data / WHO,2026-09-30 02:09:06
5620,TGO,Togo,2013,318.9952,9941,318.9952,685.8397,33.7794,37.0,25.16,8.92,19.24,Our World in Data / WHO,2026-09-30 02:09:06
5621,TGO,Togo,2014,317.6622,10158,317.6622,682.9737,33.6382,36.8,25.024,8.56,19.136,Our World in Data / WHO,2026-09-30 02:09:06
5622,TGO,Togo,2015,319.9498,10555,319.9498,687.8921,33.8805,36.6,24.888,8.2,19.032,Our World in Data / WHO,2026-09-30 02:09:06
5623,TGO,Togo,2016,317.3964,10836,317.3964,682.4023,33.6101,36.5,24.82,7.92,18.98,Our World in Data / WHO,2026-09-30 02:09:06
5624,TGO,Togo,2017,311.0934,10991,311.0934,668.8508,32.9426,36.3,24.684,7.64,18.876,Our World in Data / WHO,2026-09-30 02:09:06
5625,TGO,Togo,2018,307.766,11239,307.766,661.6969,32.5903,36.1,24.548,7.36,18.772,Our World in Data / WHO,2026-09-30 02:09:06
5626,TGO,Togo,2019,304.9799,11427,304.9799,655.7068,32.2953,36.0,24.48,7.08,18.72,Our World in Data / WHO,2026-09-30 02:09:06
5627,TGO,Togo,2020,315.1821,11984,315.1821,677.6415,33.3756,36.0,24.48,6.8,18.72,Our World in Data / WHO,2026-09-30 02:09:06
5628,TGO,Togo,2021,307.7416,12037,307.7416,661.6444,32.5877,36.0,24.48,6.55,18.72,Our World in Data / WHO,2026-09-30 02:09:06
5629,TGO,Togo,2022,307.7416,12037,307.7416,661.6444,32.5877,36.0,24.48,6.3,18.72,Our World in Data / WHO,2026-09-30 02:09:06
5630,THA,Thailand,1990,156.0304,73548,156.0304,335.4654,16.5225,23.6,16.048,27.1,12.272,Our World in Data / WHO,2026-09-30 02:09:06
5631,THA,Thailand,1991,156.0304,73548,156.0304,335.4654,16.5225,23.7,16.116,27.1,12.324,Our World in Data / WHO,2026-09-30 02:09:06
5632,THA,Thailand,1992,156.0304,73548,156.0304,335.4654,16.5225,23.8,16.184,27.1,12.376,Our World in Data / WHO,2026-09-30 02:09:06
5633,THA,Thailand,1993,156.0304,73548,156.0304,335.4654,16.5225,23.9,16.252,27.1,12.428,Our World in Data / WHO,2026-09-30 02:09:06
5634,THA,Thailand,1994,156.0304,73548,156.0304,335.4654,16.5225,24.0,16.32,27.1,12.48,Our World in Data / WHO,2026-09-30 02:09:06
5635,THA,Thailand,1995,156.0304,73548,156.0304,335.4654,16.5225,24.1,16.388,27.1,12.532,Our World in Data / WHO,2026-09-30 02:09:06
5636,THA,Thailand,1996,156.0304,73548,156.0304,335.4654,16.5225,24.2,16.456,27.1,12.584,Our World in Data / WHO,2026-09-30 02:09:06
5637,THA,Thailand,1997,156.0304,73548,156.0304,335.4654,16.5225,24.3,16.524,27.1,12.636,Our World in Data / WHO,2026-09-30 02:09:06
5638,THA,Thailand,1998,156.0304,73548,156.0304,335.4654,16.5225,24.5,16.66,27.1,12.74,Our World in Data / WHO,2026-09-30 02:09:06
5639,THA,Thailand,1999,156.0304,73548,156.0304,335.4654,16.5225,24.7,16.796,27.1,12.844,Our World in Data / WHO,2026-09-30 02:09:06
5640,THA,Thailand,2000,156.0304,73548,156.0304,335.4654,16.5225,24.9,16.932,27.1,12.948,Our World in Data / WHO,2026-09-30 02:09:06
5641,THA,Thailand,2001,152.3007,75604,152.3007,327.4465,16.1276,25.1,17.068,26.62,13.052,Our World in Data / WHO,2026-09-30 02:09:06
5642,THA,Thailand,2002,157.8282,82118,157.8282,339.3306,16.7129,25.4,17.272,26.14,13.208,Our World in Data / WHO,2026-09-30 02:09:06
5643,THA,Thailand,2003,157.8988,85901,157.8988,339.4824,16.7204,25.7,17.476,25.66,13.364,Our World in Data / WHO,2026-09-30 02:09:06
5644,THA,Thailand,2004,159.2246,90504,159.2246,342.3329,16.8608,26.0,17.68,25.18,13.52,Our World in Data / WHO,2026-09-30 02:09:06
5645,THA,Thailand,2005,154.6008,91341,154.6008,332.3917,16.3712,26.3,17.884,24.7,13.676,Our World in Data / WHO,2026-09-30 02:09:06
5646,THA,Thailand,2006,150.9382,93396,150.9382,324.5171,15.9833,26.6,18.088,24.2,13.832,Our World in Data / WHO,2026-09-30 02:09:06
5647,THA,Thailand,2007,145.2211,93910,145.2211,312.2254,15.3779,26.9,18.292,23.7,13.988,Our World in Data / WHO,2026-09-30 02:09:06
5648,THA,Thailand,2008,139.6059,94394,139.6059,300.1527,14.7833,27.1,18.428,23.3333,14.092,Our World in Data / WHO,2026-09-30 02:09:06
5649,THA,Thailand,2009,133.1721,94215,133.1721,286.32,14.102,27.3,18.564,22.9667,14.196,Our World in Data / WHO,2026-09-30 02:09:06
5650,THA,Thailand,2010,132.4934,98064,132.4934,284.8608,14.0301,27.5,18.7,22.6,14.3,Our World in Data / WHO,2026-09-30 02:09:06
5651,THA,Thailand,2011,127.247,98373,127.247,273.581,13.4746,27.6,18.768,22.24,14.352,Our World in Data / WHO,2026-09-30 02:09:06
5652,THA,Thailand,2012,121.9396,98477,121.9396,262.1701,12.9126,27.8,18.904,21.88,14.456,Our World in Data / WHO,2026-09-30 02:09:06
5653,THA,Thailand,2013,118.5744,99984,118.5744,254.935,12.5562,27.9,18.972,21.52,14.508,Our World in Data / WHO,2026-09-30 02:09:06
5654,THA,Thailand,2014,117.9967,103831,117.9967,253.6929,12.495,28.1,19.108,21.16,14.612,Our World in Data / WHO,2026-09-30 02:09:06
5655,THA,Thailand,2015,116.7532,107176,116.7532,251.0194,12.3634,28.3,19.244,20.8,14.716,Our World in Data / WHO,2026-09-30 02:09:06
5656,THA,Thailand,2016,119.0633,113963,119.0633,255.9861,12.608,28.5,19.38,20.44,14.82,Our World in Data / WHO,2026-09-30 02:09:06
5657,THA,Thailand,2017,117.158,116894,117.158,251.8897,12.4062,28.7,19.516,20.08,14.924,Our World in Data / WHO,2026-09-30 02:09:06
5658,THA,Thailand,2018,119.5357,124260,119.5357,257.0018,12.658,29.0,19.72,19.72,15.08,Our World in Data / WHO,2026-09-30 02:09:06
5659,THA,Thailand,2019,123.4738,133676,123.4738,265.4687,13.075,29.2,19.856,19.36,15.184,Our World in Data / WHO,2026-09-30 02:09:06
5660,THA,Thailand,2020,125.2957,139799,125.2957,269.3858,13.2679,29.2,19.856,19.0,15.184,Our World in Data / WHO,2026-09-30 02:09:06
5661,THA,Thailand,2021,125.2516,143710,125.2516,269.2909,13.2633,29.2,19.856,18.7,15.184,Our World in Data / WHO,2026-09-30 02:09:06
5662,THA,Thailand,2022,125.2516,143710,125.2516,269.2909,13.2633,29.2,19.856,18.4,15.184,Our World in Data / WHO,2026-09-30 02:09:06
5663,TJK,Tajikistan,1990,468.1568,11854,468.1568,1006.5371,49.5746,41.7,28.356,31.1,21.684,Our World in Data / WHO,2026-09-30 02:09:06
5664,TJK,Tajikistan,1991,468.1568,11854,468.1568,1006.5371,49.5746,41.8,28.424,31.1,21.736,Our World in Data / WHO,2026-09-30 02:09:06
5665,TJK,Tajikistan,1992,468.1568,11854,468.1568,1006.5371,49.5746,41.8,28.424,31.1,21.736,Our World in Data / WHO,2026-09-30 02:09:06
5666,TJK,Tajikistan,1993,468.1568,11854,468.1568,1006.5371,49.5746,41.9,28.492,31.1,21.788,Our World in Data / WHO,2026-09-30 02:09:06
5667,TJK,Tajikistan,1994,468.1568,11854,468.1568,1006.5371,49.5746,42.0,28.56,31.1,21.84,Our World in Data / WHO,2026-09-30 02:09:06
5668,TJK,Tajikistan,1995,468.1568,11854,468.1568,1006.5371,49.5746,42.1,28.628,31.1,21.892,Our World in Data / WHO,2026-09-30 02:09:06
5669,TJK,Tajikistan,1996,468.1568,11854,468.1568,1006.5371,49.5746,42.2,28.696,31.1,21.944,Our World in Data / WHO,2026-09-30 02:09:06
5670,TJK,Tajikistan,1997,468.1568,11854,468.1568,1006.5371,49.5746,42.3,28.764,31.1,21.996,Our World in Data / WHO,2026-09-30 02:09:06
5671,TJK,Tajikistan,1998,468.1568,11854,468.1568,1006.5371,49.5746,42.4,28.832,31.1,22.048,Our World in Data / WHO,2026-09-30 02:09:06
5672,TJK,Tajikistan,1999,468.1568,11854,468.1568,1006.5371,49.5746,42.6,28.968,31.1,22.152,Our World in Data / WHO,2026-09-30 02:09:06
5673,TJK,Tajikistan,2000,468.1568,11854,468.1568,1006.5371,49.5746,42.7,29.036,31.1,22.204,Our World in Data / WHO,2026-09-30 02:09:06
5674,TJK,Tajikistan,2001,473.7494,12143,473.7494,1018.5612,50.1668,43.0,29.24,29.84,22.36,Our World in Data / WHO,2026-09-30 02:09:06
5675,TJK,Tajikistan,2002,482.8739,12555,482.8739,1038.1789,51.133,43.2,29.376,29.18,22.464,Our World in Data / WHO,2026-09-30 02:09:06
5676,TJK,Tajikistan,2003,487.6766,12864,487.6766,1048.5047,51.6416,43.5,29.58,28.72,22.62,Our World in Data / WHO,2026-09-30 02:09:06
5677,TJK,Tajikistan,2004,496.4634,13327,496.4634,1067.3963,52.572,43.8,29.784,28.26,22.776,Our World in Data / WHO,2026-09-30 02:09:06
5678,TJK,Tajikistan,2005,514.5483,14049,514.5483,1106.2788,54.4871,44.1,29.988,27.8,22.932,Our World in Data / WHO,2026-09-30 02:09:06
5679,TJK,Tajikistan,2006,525.7753,14559,525.7753,1130.4169,55.676,44.3,30.124,27.5,23.036,Our World in Data / WHO,2026-09-30 02:09:06
5680,TJK,Tajikistan,2007,543.5127,15293,543.5127,1168.5523,57.5542,44.6,30.328,26.9,23.192,Our World in Data / WHO,2026-09-30 02:09:06
5681,TJK,Tajikistan,2008,540.3095,15519,540.3095,1161.6654,57.215,44.9,30.532,26.5333,23.348,Our World in Data / WHO,2026-09-30 02:09:06
5682,TJK,Tajikistan,2009,532.7212,15648,532.7212,1145.3506,56.4115,45.2,30.736,25.8667,23.504,Our World in Data / WHO,2026-09-30 02:09:06
5683,TJK,Tajikistan,2010,498.5706,15043,498.5706,1071.9268,52.7952,45.5,30.94,25.2,23.66,Our World in Data / WHO,2026-09-30 02:09:06
5684,TJK,Tajikistan,2011,478.8106,14853,478.8106,1029.4428,50.7027,45.7,31.076,24.86,23.764,Our World in Data / WHO,2026-09-30 02:09:06
5685,TJK,Tajikistan,2012,451.9012,14426,451.9012,971.5876,47.8532,46.0,31.28,24.22,23.92,Our World in Data / WHO,2026-09-30 02:09:06
5686,TJK,Tajikistan,2013,410.7924,13543,410.7924,883.2037,43.5001,46.2,31.416,23.76,24.024,Our World in Data / WHO,2026-09-30 02:09:06
5687,TJK,Tajikistan,2014,400.9172,13592,400.9172,861.972,42.4543,46.4,31.552,23.16,24.128,Our World in Data / WHO,2026-09-30 02:09:06
5688,TJK,Tajikistan,2015,387.9082,13520,387.9082,834.0026,41.0768,46.5,31.62,22.6,24.18,Our World in Data / WHO,2026-09-30 02:09:06
5689,TJK,Tajikistan,2016,374.5596,13449,374.5596,805.3031,39.6633,46.6,31.688,22.34,24.232,Our World in Data / WHO,2026-09-30 02:09:06
5690,TJK,Tajikistan,2017,358.956,13257,358.956,771.7554,38.0109,46.7,31.756,21.98,24.284,Our World in Data / WHO,2026-09-30 02:09:06
5691,TJK,Tajikistan,2018,349.8254,13319,349.8254,752.1246,37.0441,46.8,31.824,21.56,24.336,Our World in Data / WHO,2026-09-30 02:09:06
5692,TJK,Tajikistan,2019,341.9011,13425,341.9011,735.0874,36.205,46.8,31.824,21.2,24.336,Our World in Data / WHO,2026-09-30 02:09:06
5693,TJK,Tajikistan,2020,372.6732,14335,372.6732,801.2474,39.4635,46.8,31.824,20.6,24.336,Our World in Data / WHO,2026-09-30 02:09:06
5694,TJK,Tajikistan,2021,355.5983,14344,355.5983,764.5363,37.6554,46.8,31.824,20.175,24.336,Our World in Data / WHO,2026-09-30 02:09:06
5695,TKM,Turkmenistan,1990,582.1268,12688,582.1268,1251.5726,58.0,36.7,24.956,14.4,19.084,Our World in Data / WHO,2026-09-30 02:09:06
5696,TKM,Turkmenistan,1991,582.1268,12688,582.1268,1251.5726,58.0,36.7,24.956,14.4,19.084,Our World in Data / WHO,2026-09-30 02:09:06
5697,TKM,Turkmenistan,1992,582.1268,12688,582.1268,1251.5726,58.0,36.7,24.956,14.4,19.084,Our World in Data / WHO,2026-09-30 02:09:06
5698,TKM,Turkmenistan,1993,582.1268,12688,582.1268,1251.5726,58.0,36.7,24.956,14.4,19.084,Our World in Data / WHO,2026-09-30 02:09:06
5699,TKM,Turkmenistan,1994,582.1268,12688,582.1268,1251.5726,58.0,36.7,24.956,14.4,19.084,Our World in Data / WHO,2026-09-30 02:09:06
5700,TKM,Turkmenistan,1995,582.1268,12688,582.1268,1251.5726,58.0,36.7,24.956,14.4,19.084,Our World in Data / WHO,2026-09-30 02:09:06
5701,TKM,Turkmenistan,1996,582.1268,12688,582.1268,1251.5726,58.0,36.8,25.024,14.4,19.136,Our World in Data / WHO,2026-09-30 02:09:06
5702,TKM,Turkmenistan,1997,582.1268,12688,582.1268,1251.5726,58.0,36.8,25.024,14.4,19.136,Our World in Data / WHO,2026-09-30 02:09:06
5703,TKM,Turkmenistan,1998,582.1268,12688,582.1268,1251.5726,58.0,36.9,25.092,14.4,19.188,Our World in Data / WHO,2026-09-30 02:09:06
5704,TKM,Turkmenistan,1999,582.1268,12688,582.1268,1251.5726,58.0,36.9,25.092,14.4,19.188,Our World in Data / WHO,2026-09-30 02:09:06
5705,TKM,Turkmenistan,2000,582.1268,12688,582.1268,1251.5726,58.0,37.0,25.16,14.4,19.24,Our World in Data / WHO,2026-09-30 02:09:06
5706,TKM,Turkmenistan,2001,578.2717,12911,578.2717,1243.2842,58.0,37.2,25.296,13.84,19.344,Our World in Data / WHO,2026-09-30 02:09:06
5707,TKM,Turkmenistan,2002,602.0549,13882,602.0549,1294.418,58.0,37.3,25.364,13.28,19.396,Our World in Data / WHO,2026-09-30 02:09:06
5708,TKM,Turkmenistan,2003,615.0104,14574,615.0104,1322.2724,58.0,37.5,25.5,12.72,19.5,Our World in Data / WHO,2026-09-30 02:09:06
5709,TKM,Turkmenistan,2004,638.2488,15578,638.2488,1372.2349,58.0,37.6,25.568,12.16,19.552,Our World in Data / WHO,2026-09-30 02:09:06
5710,TKM,Turkmenistan,2005,660.8599,16604,660.8599,1420.8488,58.0,37.8,25.704,11.6,19.656,Our World in Data / WHO,2026-09-30 02:09:06
5711,TKM,Turkmenistan,2006,646.9598,16712,646.9598,1390.9636,58.0,38.0,25.84,11.15,19.76,Our World in Data / WHO,2026-09-30 02:09:06
5712,TKM,Turkmenistan,2007,619.5861,16452,619.5861,1332.1101,58.0,38.1,25.908,10.7,19.812,Our World in Data / WHO,2026-09-30 02:09:06
5713,TKM,Turkmenistan,2008,567.1286,15522,567.1286,1219.3265,58.0,38.3,26.044,10.2667,19.916,Our World in Data / WHO,2026-09-30 02:09:06
5714,TKM,Turkmenistan,2009,488.0101,13626,488.0101,1049.2217,51.6769,38.4,26.112,9.8333,19.968,Our World in Data / WHO,2026-09-30 02:09:06
5715,TKM,Turkmenistan,2010,451.9698,12959,451.9698,971.7351,47.8605,38.6,26.248,9.4,20.072,Our World in Data / WHO,2026-09-30 02:09:06
5716,TKM,Turkmenistan,2011,448.7484,13231,448.7484,964.8091,47.5193,38.7,26.316,9.06,20.124,Our World in Data / WHO,2026-09-30 02:09:06
5717,TKM,Turkmenistan,2012,444.7212,13422,444.7212,956.1506,47.0929,38.8,26.384,8.72,20.176,Our World in Data / WHO,2026-09-30 02:09:06
5718,TKM,Turkmenistan,2013,448.9992,13873,448.9992,965.3483,47.5459,38.9,26.452,8.38,20.228,Our World in Data / WHO,2026-09-30 02:09:06
5719,TKM,Turkmenistan,2014,462.4576,14719,462.4576,994.2838,48.971,38.9,26.452,8.04,20.228,Our World in Data / WHO,2026-09-30 02:09:06
5720,TKM,Turkmenistan,2015,465.2585,15083,465.2585,1000.3058,49.2676,39.0,26.52,7.7,20.28,Our World in Data / WHO,2026-09-30 02:09:06
5721,TKM,Turkmenistan,2016,460.0185,15212,460.0185,989.0398,48.7128,39.0,26.52,7.42,20.28,Our World in Data / WHO,2026-09-30 02:09:06
5722,TKM,Turkmenistan,2017,464.9277,15625,464.9277,999.5946,49.2326,39.0,26.52,7.14,20.28,Our World in Data / WHO,2026-09-30 02:09:06
5723,TKM,Turkmenistan,2018,464.7986,15915,464.7986,999.317,49.2189,39.0,26.52,6.86,20.28,Our World in Data / WHO,2026-09-30 02:09:06
5724,TKM,Turkmenistan,2019,467.8092,16330,467.8092,1005.7898,49.5377,39.0,26.52,6.58,20.28,Our World in Data / WHO,2026-09-30 02:09:06
5725,TKM,Turkmenistan,2020,486.1472,17289,486.1472,1045.2165,51.4796,39.0,26.52,6.3,20.28,Our World in Data / WHO,2026-09-30 02:09:06
5726,TKM,Turkmenistan,2021,477.0058,17472,477.0058,1025.5625,50.5116,39.0,26.52,6.05,20.28,Our World in Data / WHO,2026-09-30 02:09:06
5727,TKM,Turkmenistan,2022,477.0058,17472,477.0058,1025.5625,50.5116,39.0,26.52,5.8,20.28,Our World in Data / WHO,2026-09-30 02:09:06
5728,TLS,East Timor,1990,463.0716,1022,463.0716,995.6039,49.0361,29.2,19.856,46.9,15.184,Our World in Data / WHO,2026-09-30 02:09:06
5729,TLS,East Timor,1991,463.0716,1022,463.0716,995.6039,49.0361,29.3,19.924,46.9,15.236,Our World in Data / WHO,2026-09-30 02:09:06
5730,TLS,East Timor,1992,463.0716,1022,463.0716,995.6039,49.0361,29.5,20.06,46.9,15.34,Our World in Data / WHO,2026-09-30 02:09:06
5731,TLS,East Timor,1993,463.0716,1022,463.0716,995.6039,49.0361,29.7,20.196,46.9,15.444,Our World in Data / WHO,2026-09-30 02:09:06
5732,TLS,East Timor,1994,463.0716,1022,463.0716,995.6039,49.0361,29.9,20.332,46.9,15.548,Our World in Data / WHO,2026-09-30 02:09:06
5733,TLS,East Timor,1995,463.0716,1022,463.0716,995.6039,49.0361,30.1,20.468,46.9,15.652,Our World in Data / WHO,2026-09-30 02:09:06
5734,TLS,East Timor,1996,463.0716,1022,463.0716,995.6039,49.0361,30.2,20.536,46.9,15.704,Our World in Data / WHO,2026-09-30 02:09:06
5735,TLS,East Timor,1997,463.0716,1022,463.0716,995.6039,49.0361,30.4,20.672,46.9,15.808,Our World in Data / WHO,2026-09-30 02:09:06
5736,TLS,East Timor,1998,463.0716,1022,463.0716,995.6039,49.0361,30.6,20.808,46.9,15.912,Our World in Data / WHO,2026-09-30 02:09:06
5737,TLS,East Timor,1999,463.0716,1022,463.0716,995.6039,49.0361,30.9,21.012,46.9,16.068,Our World in Data / WHO,2026-09-30 02:09:06
5738,TLS,East Timor,2000,463.0716,1022,463.0716,995.6039,49.0361,31.1,21.148,46.9,16.172,Our World in Data / WHO,2026-09-30 02:09:06
5739,TLS,East Timor,2001,445.7902,1066,445.7902,958.4489,47.2061,31.4,21.352,46.92,16.328,Our World in Data / WHO,2026-09-30 02:09:06
5740,TLS,East Timor,2002,410.9302,1038,410.9302,883.4999,43.5147,31.7,21.556,46.94,16.484,Our World in Data / WHO,2026-09-30 02:09:06
5741,TLS,East Timor,2003,438.4215,1158,438.4215,942.6062,46.4258,32.0,21.76,46.96,16.64,Our World in Data / WHO,2026-09-30 02:09:06
5742,TLS,East Timor,2004,472.8828,1259,472.8828,1016.698,50.075,32.4,22.032,46.98,16.848,Our World in Data / WHO,2026-09-30 02:09:06
5743,TLS,East Timor,2005,476.2235,1324,476.2235,1023.8805,50.4288,32.7,22.236,47.0,17.004,Our World in Data / WHO,2026-09-30 02:09:06
5744,TLS,East Timor,2006,458.9284,1370,458.9284,986.6961,48.5973,33.0,22.44,47.15,17.16,Our World in Data / WHO,2026-09-30 02:09:06
5745,TLS,East Timor,2007,447.6124,1436,447.6124,962.3667,47.399,33.3,22.644,47.3,17.316,Our World in Data / WHO,2026-09-30 02:09:06
5746,TLS,East Timor,2008,453.1788,1538,453.1788,974.3344,47.9885,33.5,22.78,47.4,17.42,Our World in Data / WHO,2026-09-30 02:09:06
5747,TLS,East Timor,2009,520.4477,1913,520.4477,1118.9626,55.1118,33.7,22.916,47.5,17.524,Our World in Data / WHO,2026-09-30 02:09:06
5748,TLS,East Timor,2010,514.4568,1981,514.4568,1106.0821,54.4774,33.8,22.984,47.6,17.576,Our World in Data / WHO,2026-09-30 02:09:06
5749,TLS,East Timor,2011,495.1371,2073,495.1371,1064.5448,52.4316,34.0,23.12,47.66,17.68,Our World in Data / WHO,2026-09-30 02:09:06
5750,TLS,East Timor,2012,456.8794,2079,456.8794,982.2907,48.3804,34.1,23.188,47.72,17.732,Our World in Data / WHO,2026-09-30 02:09:06
5751,TLS,East Timor,2013,445.3622,2187,445.3622,957.5287,47.1608,34.2,23.256,47.78,17.784,Our World in Data / WHO,2026-09-30 02:09:06
5752,TLS,East Timor,2014,440.8516,2308,440.8516,947.8309,46.6831,34.3,23.324,47.84,17.836,Our World in Data / WHO,2026-09-30 02:09:06
5753,TLS,East Timor,2015,403.5551,2244,403.5551,867.6435,42.7337,34.5,23.46,47.9,17.94,Our World in Data / WHO,2026-09-30 02:09:06
5754,TLS,East Timor,2016,378.6492,2295,378.6492,814.0958,40.0963,34.6,23.528,48.02,17.992,Our World in Data / WHO,2026-09-30 02:09:06
5755,TLS,East Timor,2017,348.5646,2260,348.5646,749.4139,36.9106,34.8,23.664,48.14,18.096,Our World in Data / WHO,2026-09-30 02:09:06
5756,TLS,East Timor,2018,336.8306,2334,336.8306,724.1858,35.668,35.1,23.868,48.26,18.252,Our World in Data / WHO,2026-09-30 02:09:06
5757,TLS,East Timor,2019,329.0626,2422,329.0626,707.4846,34.8454,35.3,24.004,48.38,18.356,Our World in Data / WHO,2026-09-30 02:09:06
5758,TLS,East Timor,2020,295.8775,2229,295.8775,636.1366,31.3314,35.3,24.004,48.5,18.356,Our World in Data / WHO,2026-09-30 02:09:06
5759,TLS,East Timor,2021,306.7031,2423,306.7031,659.4117,32.4777,35.3,24.004,48.55,18.356,Our World in Data / WHO,2026-09-30 02:09:06
5760,TLS,East Timor,2022,306.7031,2423,306.7031,659.4117,32.4777,35.3,24.004,48.6,18.356,Our World in Data / WHO,2026-09-30 02:09:06
5761,TON,Tonga,1990,247.5494,162,247.5494,532.2312,26.2138,34.8,23.664,33.0,18.096,Our World in Data / WHO,2026-09-30 02:09:06
5762,TON,Tonga,1991,247.5494,162,247.5494,532.2312,26.2138,34.5,23.46,33.0,17.94,Our World in Data / WHO,2026-09-30 02:09:06
5763,TON,Tonga,1992,247.5494,162,247.5494,532.2312,26.2138,34.1,23.188,33.0,17.732,Our World in Data / WHO,2026-09-30 02:09:06
5764,TON,Tonga,1993,247.5494,162,247.5494,532.2312,26.2138,33.8,22.984,33.0,17.576,Our World in Data / WHO,2026-09-30 02:09:06
5765,TON,Tonga,1994,247.5494,162,247.5494,532.2312,26.2138,33.5,22.78,33.0,17.42,Our World in Data / WHO,2026-09-30 02:09:06
5766,TON,Tonga,1995,247.5494,162,247.5494,532.2312,26.2138,33.2,22.576,33.0,17.264,Our World in Data / WHO,2026-09-30 02:09:06
5767,TON,Tonga,1996,247.5494,162,247.5494,532.2312,26.2138,33.0,22.44,33.0,17.16,Our World in Data / WHO,2026-09-30 02:09:06
5768,TON,Tonga,1997,247.5494,162,247.5494,532.2312,26.2138,32.8,22.304,33.0,17.056,Our World in Data / WHO,2026-09-30 02:09:06
5769,TON,Tonga,1998,247.5494,162,247.5494,532.2312,26.2138,32.7,22.236,33.0,17.004,Our World in Data / WHO,2026-09-30 02:09:06
5770,TON,Tonga,1999,247.5494,162,247.5494,532.2312,26.2138,32.7,22.236,33.0,17.004,Our World in Data / WHO,2026-09-30 02:09:06
5771,TON,Tonga,2000,247.5494,162,247.5494,532.2312,26.2138,32.7,22.236,33.0,17.004,Our World in Data / WHO,2026-09-30 02:09:06
5772,TON,Tonga,2001,242.5413,161,242.5413,521.4638,25.6834,32.8,22.304,32.94,17.056,Our World in Data / WHO,2026-09-30 02:09:06
5773,TON,Tonga,2002,240.8282,162,240.8282,517.7806,25.502,33.0,22.44,32.88,17.16,Our World in Data / WHO,2026-09-30 02:09:06
5774,TON,Tonga,2003,240.9239,165,240.9239,517.9864,25.5122,33.2,22.576,32.82,17.264,Our World in Data / WHO,2026-09-30 02:09:06
5775,TON,Tonga,2004,235.419,163,235.419,506.1508,24.9292,33.5,22.78,32.76,17.42,Our World in Data / WHO,2026-09-30 02:09:06
5776,TON,Tonga,2005,223.0034,156,223.0034,479.4573,23.6145,33.9,23.052,32.7,17.628,Our World in Data / WHO,2026-09-30 02:09:06
5777,TON,Tonga,2006,224.6712,159,224.6712,483.0431,23.7911,34.4,23.392,32.65,17.888,Our World in Data / WHO,2026-09-30 02:09:06
5778,TON,Tonga,2007,227.2121,163,227.2121,488.506,24.0602,35.0,23.8,32.6,18.2,Our World in Data / WHO,2026-09-30 02:09:06
5779,TON,Tonga,2008,228.3827,166,228.3827,491.0228,24.1841,35.6,24.208,32.5667,18.512,Our World in Data / WHO,2026-09-30 02:09:06
5780,TON,Tonga,2009,231.4913,170,231.4913,497.7063,24.5133,36.3,24.684,32.5333,18.876,Our World in Data / WHO,2026-09-30 02:09:06
5781,TON,Tonga,2010,235.1611,175,235.1611,505.5964,24.9019,37.0,25.16,32.5,19.24,Our World in Data / WHO,2026-09-30 02:09:06
5782,TON,Tonga,2011,234.6745,177,234.6745,504.5502,24.8504,37.7,25.636,32.46,19.604,Our World in Data / WHO,2026-09-30 02:09:06
5783,TON,Tonga,2012,234.252,179,234.252,503.6418,24.8057,38.3,26.044,32.42,19.916,Our World in Data / WHO,2026-09-30 02:09:06
5784,TON,Tonga,2013,233.655,180,233.655,502.3582,24.7424,39.0,26.52,32.38,20.28,Our World in Data / WHO,2026-09-30 02:09:06
5785,TON,Tonga,2014,232.8499,180,232.8499,500.6273,24.6572,39.7,26.996,32.34,20.644,Our World in Data / WHO,2026-09-30 02:09:06
5786,TON,Tonga,2015,230.8782,180,230.8782,496.3881,24.4484,40.4,27.472,32.3,21.008,Our World in Data / WHO,2026-09-30 02:09:06
5787,TON,Tonga,2016,225.6034,178,225.6034,485.0473,23.8898,41.1,27.948,32.28,21.372,Our World in Data / WHO,2026-09-30 02:09:06
5788,TON,Tonga,2017,224.3434,179,224.3434,482.3383,23.7564,41.9,28.492,32.26,21.788,Our World in Data / WHO,2026-09-30 02:09:06
5789,TON,Tonga,2018,220.4779,179,220.4779,474.0275,23.3471,42.6,28.968,32.24,22.152,Our World in Data / WHO,2026-09-30 02:09:06
5790,TON,Tonga,2019,217.2495,178,217.2495,467.0864,23.0052,43.3,29.444,32.22,22.516,Our World in Data / WHO,2026-09-30 02:09:06
5791,TON,Tonga,2020,212.7394,177,212.7394,457.3897,22.5276,43.3,29.444,32.2,22.516,Our World in Data / WHO,2026-09-30 02:09:06
5792,TON,Tonga,2021,222.7779,188,222.7779,478.9725,23.5906,43.3,29.444,32.1,22.516,Our World in Data / WHO,2026-09-30 02:09:06
5793,TON,Tonga,2022,222.7779,188,222.7779,478.9725,23.5906,43.3,29.444,32.0,22.516,Our World in Data / WHO,2026-09-30 02:09:06
5794,TTO,Trinidad and Tobago,1990,328.3716,2658,328.3716,705.9989,34.7723,35.4,24.072,31.1,18.408,Our World in Data / WHO,2026-09-30 02:09:06
5795,TTO,Trinidad and Tobago,1991,328.3716,2658,328.3716,705.9989,34.7723,35.5,24.14,31.1,18.46,Our World in Data / WHO,2026-09-30 02:09:06
5796,TTO,Trinidad and Tobago,1992,328.3716,2658,328.3716,705.9989,34.7723,35.7,24.276,31.1,18.564,Our World in Data / WHO,2026-09-30 02:09:06
5797,TTO,Trinidad and Tobago,1993,328.3716,2658,328.3716,705.9989,34.7723,35.8,24.344,31.1,18.616,Our World in Data / WHO,2026-09-30 02:09:06
5798,TTO,Trinidad and Tobago,1994,328.3716,2658,328.3716,705.9989,34.7723,35.9,24.412,31.1,18.668,Our World in Data / WHO,2026-09-30 02:09:06
5799,TTO,Trinidad and Tobago,1995,328.3716,2658,328.3716,705.9989,34.7723,36.0,24.48,31.1,18.72,Our World in Data / WHO,2026-09-30 02:09:06
5800,TTO,Trinidad and Tobago,1996,328.3716,2658,328.3716,705.9989,34.7723,36.2,24.616,31.1,18.824,Our World in Data / WHO,2026-09-30 02:09:06
5801,TTO,Trinidad and Tobago,1997,328.3716,2658,328.3716,705.9989,34.7723,36.4,24.752,31.1,18.928,Our World in Data / WHO,2026-09-30 02:09:06
5802,TTO,Trinidad and Tobago,1998,328.3716,2658,328.3716,705.9989,34.7723,36.6,24.888,31.1,19.032,Our World in Data / WHO,2026-09-30 02:09:06
5803,TTO,Trinidad and Tobago,1999,328.3716,2658,328.3716,705.9989,34.7723,36.8,25.024,31.1,19.136,Our World in Data / WHO,2026-09-30 02:09:06
5804,TTO,Trinidad and Tobago,2000,328.3716,2658,328.3716,705.9989,34.7723,37.1,25.228,31.1,19.292,Our World in Data / WHO,2026-09-30 02:09:06
5805,TTO,Trinidad and Tobago,2001,315.5595,2611,315.5595,678.4529,33.4156,37.4,25.432,29.84,19.448,Our World in Data / WHO,2026-09-30 02:09:06
5806,TTO,Trinidad and Tobago,2002,300.6078,2546,300.6078,646.3068,31.8323,37.7,25.636,29.18,19.604,Our World in Data / WHO,2026-09-30 02:09:06
5807,TTO,Trinidad and Tobago,2003,300.224,2608,300.224,645.4816,31.7916,38.1,25.908,28.72,19.812,Our World in Data / WHO,2026-09-30 02:09:06
5808,TTO,Trinidad and Tobago,2004,284.9177,2547,284.9177,612.5731,30.1708,38.4,26.112,28.26,19.968,Our World in Data / WHO,2026-09-30 02:09:06
5809,TTO,Trinidad and Tobago,2005,272.0329,2503,272.0329,584.8707,28.8064,38.9,26.452,27.8,20.228,Our World in Data / WHO,2026-09-30 02:09:06
5810,TTO,Trinidad and Tobago,2006,257.7745,2439,257.7745,554.2152,27.2965,39.3,26.724,27.5,20.436,Our World in Data / WHO,2026-09-30 02:09:06
5811,TTO,Trinidad and Tobago,2007,247.4098,2418,247.4098,531.9311,26.199,39.7,26.996,26.9,20.644,Our World in Data / WHO,2026-09-30 02:09:06
5812,TTO,Trinidad and Tobago,2008,250.2437,2533,250.2437,538.024,26.4991,40.1,27.268,26.5333,20.852,Our World in Data / WHO,2026-09-30 02:09:06
5813,TTO,Trinidad and Tobago,2009,236.9877,2473,236.9877,509.5236,25.0954,40.4,27.472,25.8667,21.008,Our World in Data / WHO,2026-09-30 02:09:06
5814,TTO,Trinidad and Tobago,2010,231.6611,2496,231.6611,498.0714,24.5313,40.7,27.676,25.2,21.164,Our World in Data / WHO,2026-09-30 02:09:06
5815,TTO,Trinidad and Tobago,2011,218.6372,2451,218.6372,470.07,23.1522,41.0,27.88,24.86,21.32,Our World in Data / WHO,2026-09-30 02:09:06
5816,TTO,Trinidad and Tobago,2012,207.7743,2398,207.7743,446.7147,22.0019,41.2,28.016,24.22,21.424,Our World in Data / WHO,2026-09-30 02:09:06
5817,TTO,Trinidad and Tobago,2013,218.4308,2624,218.4308,469.6262,23.1303,41.4,28.152,23.76,21.528,Our World in Data / WHO,2026-09-30 02:09:06
5818,TTO,Trinidad and Tobago,2014,218.5363,2734,218.5363,469.853,23.1415,41.6,28.288,23.16,21.632,Our World in Data / WHO,2026-09-30 02:09:06
5819,TTO,Trinidad and Tobago,2015,219.9295,2852,219.9295,472.8484,23.289,41.7,28.356,22.6,21.684,Our World in Data / WHO,2026-09-30 02:09:06
5820,TTO,Trinidad and Tobago,2016,230.5138,3106,230.5138,495.6047,24.4098,41.9,28.492,22.34,21.788,Our World in Data / WHO,2026-09-30 02:09:06
5821,TTO,Trinidad and Tobago,2017,224.9434,3151,224.9434,483.6283,23.8199,42.1,28.628,21.98,21.892,Our World in Data / WHO,2026-09-30 02:09:06
5822,TTO,Trinidad and Tobago,2018,218.5664,3206,218.5664,469.9178,23.1447,42.2,28.696,21.56,21.944,Our World in Data / WHO,2026-09-30 02:09:06
5823,TTO,Trinidad and Tobago,2019,217.0587,3314,217.0587,466.6762,22.985,42.4,28.832,21.2,22.048,Our World in Data / WHO,2026-09-30 02:09:06
5824,TTO,Trinidad and Tobago,2020,222.0545,3506,222.0545,477.4172,23.514,42.4,28.832,20.6,22.048,Our World in Data / WHO,2026-09-30 02:09:06
5825,TTO,Trinidad and Tobago,2021,219.6399,3539,219.6399,472.2258,23.2583,42.4,28.832,20.175,22.048,Our World in Data / WHO,2026-09-30 02:09:06
5826,TUN,Tunisia,1990,368.0315,19532,368.0315,791.2677,38.972,34.9,23.732,32.9,18.148,Our World in Data / WHO,2026-09-30 02:09:06
5827,TUN,Tunisia,1991,368.0315,19532,368.0315,791.2677,38.972,34.9,23.732,32.9,18.148,Our World in Data / WHO,2026-09-30 02:09:06
5828,TUN,Tunisia,1992,368.0315,19532,368.0315,791.2677,38.972,34.9,23.732,32.9,18.148,Our World in Data / WHO,2026-09-30 02:09:06
5829,TUN,Tunisia,1993,368.0315,19532,368.0315,791.2677,38.972,34.9,23.732,32.9,18.148,Our World in Data / WHO,2026-09-30 02:09:06
5830,TUN,Tunisia,1994,368.0315,19532,368.0315,791.2677,38.972,34.9,23.732,32.9,18.148,Our World in Data / WHO,2026-09-30 02:09:06
5831,TUN,Tunisia,1995,368.0315,19532,368.0315,791.2677,38.972,34.9,23.732,32.9,18.148,Our World in Data / WHO,2026-09-30 02:09:06
5832,TUN,Tunisia,1996,368.0315,19532,368.0315,791.2677,38.972,34.9,23.732,32.9,18.148,Our World in Data / WHO,2026-09-30 02:09:06
5833,TUN,Tunisia,1997,368.0315,19532,368.0315,791.2677,38.972,34.9,23.732,32.9,18.148,Our World in Data / WHO,2026-09-30 02:09:06
5834,TUN,Tunisia,1998,368.0315,19532,368.0315,791.2677,38.972,34.9,23.732,32.9,18.148,Our World in Data / WHO,2026-09-30 02:09:06
5835,TUN,Tunisia,1999,368.0315,19532,368.0315,791.2677,38.972,35.0,23.8,32.9,18.2,Our World in Data / WHO,2026-09-30 02:09:06
5836,TUN,Tunisia,2000,368.0315,19532,368.0315,791.2677,38.972,35.0,23.8,32.9,18.2,Our World in Data / WHO,2026-09-30 02:09:06
5837,TUN,Tunisia,2001,364.503,20089,364.503,783.6814,38.5983,34.9,23.732,32.5,18.148,Our World in Data / WHO,2026-09-30 02:09:06
5838,TUN,Tunisia,2002,359.2721,20609,359.2721,772.435,38.0444,34.9,23.732,32.1,18.148,Our World in Data / WHO,2026-09-30 02:09:06
5839,TUN,Tunisia,2003,356.8762,21165,356.8762,767.2838,37.7907,34.9,23.732,31.7,18.148,Our World in Data / WHO,2026-09-30 02:09:06
5840,TUN,Tunisia,2004,350.8416,21671,350.8416,754.3094,37.1517,34.8,23.664,31.3,18.096,Our World in Data / WHO,2026-09-30 02:09:06
5841,TUN,Tunisia,2005,343.7537,22112,343.7537,739.0705,36.4011,34.7,23.596,30.9,18.044,Our World in Data / WHO,2026-09-30 02:09:06
5842,TUN,Tunisia,2006,336.4928,22572,336.4928,723.4595,35.6323,34.7,23.596,30.5,18.044,Our World in Data / WHO,2026-09-30 02:09:06
5843,TUN,Tunisia,2007,329.1392,23069,329.1392,707.6493,34.8536,34.6,23.528,30.1,17.992,Our World in Data / WHO,2026-09-30 02:09:06
5844,TUN,Tunisia,2008,322.0288,23548,322.0288,692.3619,34.1006,34.6,23.528,29.7333,17.992,Our World in Data / WHO,2026-09-30 02:09:06
5845,TUN,Tunisia,2009,317.6,24195,317.6,682.84,33.6316,34.6,23.528,29.3667,17.992,Our World in Data / WHO,2026-09-30 02:09:06
5846,TUN,Tunisia,2010,313.7099,24870,313.7099,674.4763,33.2197,34.6,23.528,29.0,17.992,Our World in Data / WHO,2026-09-30 02:09:06
5847,TUN,Tunisia,2011,301.8802,24871,301.8802,649.0424,31.967,34.7,23.596,28.66,18.044,Our World in Data / WHO,2026-09-30 02:09:06
5848,TUN,Tunisia,2012,295.8534,25306,295.8534,636.0848,31.3288,34.7,23.596,28.32,18.044,Our World in Data / WHO,2026-09-30 02:09:06
5849,TUN,Tunisia,2013,293.2179,26045,293.2179,630.4185,31.0497,34.7,23.596,27.98,18.044,Our World in Data / WHO,2026-09-30 02:09:06
5850,TUN,Tunisia,2014,289.8841,26711,289.8841,623.2508,30.6967,34.7,23.596,27.64,18.044,Our World in Data / WHO,2026-09-30 02:09:06
5851,TUN,Tunisia,2015,287.9601,27542,287.9601,619.1142,30.493,34.7,23.596,27.3,18.044,Our World in Data / WHO,2026-09-30 02:09:06
5852,TUN,Tunisia,2016,284.7408,28224,284.7408,612.1927,30.1521,34.7,23.596,26.98,18.044,Our World in Data / WHO,2026-09-30 02:09:06
5853,TUN,Tunisia,2017,282.851,29031,282.851,608.1296,29.952,34.7,23.596,26.66,18.044,Our World in Data / WHO,2026-09-30 02:09:06
5854,TUN,Tunisia,2018,278.121,29554,278.121,597.9601,29.4511,34.7,23.596,26.34,18.044,Our World in Data / WHO,2026-09-30 02:09:06
5855,TUN,Tunisia,2019,271.3249,29889,271.3249,583.3485,28.7314,34.7,23.596,26.02,18.044,Our World in Data / WHO,2026-09-30 02:09:06
5856,TUN,Tunisia,2020,278.3418,31740,278.3418,598.4349,29.4745,34.7,23.596,25.7,18.044,Our World in Data / WHO,2026-09-30 02:09:06
5857,TUN,Tunisia,2021,263.4264,29896,263.4264,566.3668,27.895,34.7,23.596,25.45,18.044,Our World in Data / WHO,2026-09-30 02:09:06
5858,TUN,Tunisia,2022,263.4264,29896,263.4264,566.3668,27.895,34.7,23.596,25.2,18.044,Our World in Data / WHO,2026-09-30 02:09:06
5859,TUR,Turkey,1990,235.5638,107729,235.5638,506.4622,24.9446,38.0,25.84,32.8,19.76,Our World in Data / WHO,2026-09-30 02:09:06
5860,TUR,Turkey,1991,235.5638,107729,235.5638,506.4622,24.9446,38.1,25.908,32.8,19.812,Our World in Data / WHO,2026-09-30 02:09:06
5861,TUR,Turkey,1992,235.5638,107729,235.5638,506.4622,24.9446,38.1,25.908,32.8,19.812,Our World in Data / WHO,2026-09-30 02:09:06
5862,TUR,Turkey,1993,235.5638,107729,235.5638,506.4622,24.9446,38.2,25.976,32.8,19.864,Our World in Data / WHO,2026-09-30 02:09:06
5863,TUR,Turkey,1994,235.5638,107729,235.5638,506.4622,24.9446,38.3,26.044,32.8,19.916,Our World in Data / WHO,2026-09-30 02:09:06
5864,TUR,Turkey,1995,235.5638,107729,235.5638,506.4622,24.9446,38.4,26.112,32.8,19.968,Our World in Data / WHO,2026-09-30 02:09:06
5865,TUR,Turkey,1996,235.5638,107729,235.5638,506.4622,24.9446,38.4,26.112,32.8,19.968,Our World in Data / WHO,2026-09-30 02:09:06
5866,TUR,Turkey,1997,235.5638,107729,235.5638,506.4622,24.9446,38.4,26.112,32.8,19.968,Our World in Data / WHO,2026-09-30 02:09:06
5867,TUR,Turkey,1998,235.5638,107729,235.5638,506.4622,24.9446,38.4,26.112,32.8,19.968,Our World in Data / WHO,2026-09-30 02:09:06
5868,TUR,Turkey,1999,235.5638,107729,235.5638,506.4622,24.9446,38.4,26.112,32.8,19.968,Our World in Data / WHO,2026-09-30 02:09:06
5869,TUR,Turkey,2000,235.5638,107729,235.5638,506.4622,24.9446,38.3,26.044,32.8,19.916,Our World in Data / WHO,2026-09-30 02:09:06
5870,TUR,Turkey,2001,223.4112,105482,223.4112,480.3341,23.6577,38.2,25.976,32.7,19.864,Our World in Data / WHO,2026-09-30 02:09:06
5871,TUR,Turkey,2002,210.812,102996,210.812,453.2458,22.3235,38.0,25.84,32.6,19.76,Our World in Data / WHO,2026-09-30 02:09:06
5872,TUR,Turkey,2003,200.2435,101113,200.2435,430.5235,21.2044,37.7,25.636,32.5,19.604,Our World in Data / WHO,2026-09-30 02:09:06
5873,TUR,Turkey,2004,191.5979,100347,191.5979,411.9355,20.2889,37.4,25.432,32.4,19.448,Our World in Data / WHO,2026-09-30 02:09:06
5874,TUR,Turkey,2005,184.3126,100260,184.3126,396.2721,19.5174,37.0,25.16,32.3,19.24,Our World in Data / WHO,2026-09-30 02:09:06
5875,TUR,Turkey,2006,178.2846,100483,178.2846,383.3119,18.8791,36.6,24.888,32.1,19.032,Our World in Data / WHO,2026-09-30 02:09:06
5876,TUR,Turkey,2007,175.1328,102575,175.1328,376.5355,18.5453,36.1,24.548,31.9,18.772,Our World in Data / WHO,2026-09-30 02:09:06
5877,TUR,Turkey,2008,177.1009,107867,177.1009,380.7669,18.7538,35.7,24.276,31.8667,18.564,Our World in Data / WHO,2026-09-30 02:09:06
5878,TUR,Turkey,2009,184.8741,116779,184.8741,397.4793,19.5769,35.3,24.004,31.8333,18.356,Our World in Data / WHO,2026-09-30 02:09:06
5879,TUR,Turkey,2010,181.0124,118575,181.0124,389.1767,19.168,35.0,23.8,31.8,18.2,Our World in Data / WHO,2026-09-30 02:09:06
5880,TUR,Turkey,2011,178.3437,120368,178.3437,383.439,18.8854,34.7,23.596,31.74,18.044,Our World in Data / WHO,2026-09-30 02:09:06
5881,TUR,Turkey,2012,178.0617,123599,178.0617,382.8327,18.8555,34.5,23.46,31.68,17.94,Our World in Data / WHO,2026-09-30 02:09:06
5882,TUR,Turkey,2013,179.8716,128859,179.8716,386.7239,19.0472,34.2,23.256,31.62,17.784,Our World in Data / WHO,2026-09-30 02:09:06
5883,TUR,Turkey,2014,186.0018,137692,186.0018,399.9039,19.6963,34.0,23.12,31.56,17.68,Our World in Data / WHO,2026-09-30 02:09:06
5884,TUR,Turkey,2015,190.7082,146152,190.7082,410.0226,20.1947,33.7,22.916,31.5,17.524,Our World in Data / WHO,2026-09-30 02:09:06
5885,TUR,Turkey,2016,192.6842,152657,192.6842,414.271,20.4039,33.5,22.78,31.44,17.42,Our World in Data / WHO,2026-09-30 02:09:06
5886,TUR,Turkey,2017,186.5309,152582,186.5309,401.0414,19.7523,33.2,22.576,31.38,17.264,Our World in Data / WHO,2026-09-30 02:09:06
5887,TUR,Turkey,2018,177.5962,150158,177.5962,381.8318,18.8062,33.0,22.44,31.32,17.16,Our World in Data / WHO,2026-09-30 02:09:06
5888,TUR,Turkey,2019,179.1155,158121,179.1155,385.0983,18.9671,32.8,22.304,31.26,17.056,Our World in Data / WHO,2026-09-30 02:09:06
5889,TUR,Turkey,2020,184.3679,171230,184.3679,396.391,19.5233,32.8,22.304,31.2,17.056,Our World in Data / WHO,2026-09-30 02:09:06
5890,TUR,Turkey,2021,165.8399,161439,165.8399,356.5558,17.5613,32.8,22.304,31.15,17.056,Our World in Data / WHO,2026-09-30 02:09:06
5891,TUR,Turkey,2022,165.8399,161439,165.8399,356.5558,17.5613,32.8,22.304,31.1,17.056,Our World in Data / WHO,2026-09-30 02:09:06
5892,TUV,Tuvalu,1990,591.7597,40,591.7597,1272.2834,58.0,39.9,27.132,47.8,20.748,Our World in Data / WHO,2026-09-30 02:09:06
5893,TUV,Tuvalu,1991,591.7597,40,591.7597,1272.2834,58.0,39.7,26.996,47.8,20.644,Our World in Data / WHO,2026-09-30 02:09:06
5894,TUV,Tuvalu,1992,591.7597,40,591.7597,1272.2834,58.0,39.6,26.928,47.8,20.592,Our World in Data / WHO,2026-09-30 02:09:06
5895,TUV,Tuvalu,1993,591.7597,40,591.7597,1272.2834,58.0,39.5,26.86,47.8,20.54,Our World in Data / WHO,2026-09-30 02:09:06
5896,TUV,Tuvalu,1994,591.7597,40,591.7597,1272.2834,58.0,39.3,26.724,47.8,20.436,Our World in Data / WHO,2026-09-30 02:09:06
5897,TUV,Tuvalu,1995,591.7597,40,591.7597,1272.2834,58.0,39.2,26.656,47.8,20.384,Our World in Data / WHO,2026-09-30 02:09:06
5898,TUV,Tuvalu,1996,591.7597,40,591.7597,1272.2834,58.0,39.2,26.656,47.8,20.384,Our World in Data / WHO,2026-09-30 02:09:06
5899,TUV,Tuvalu,1997,591.7597,40,591.7597,1272.2834,58.0,39.2,26.656,47.8,20.384,Our World in Data / WHO,2026-09-30 02:09:06
5900,TUV,Tuvalu,1998,591.7597,40,591.7597,1272.2834,58.0,39.2,26.656,47.8,20.384,Our World in Data / WHO,2026-09-30 02:09:06
5901,TUV,Tuvalu,1999,591.7597,40,591.7597,1272.2834,58.0,39.3,26.724,47.8,20.436,Our World in Data / WHO,2026-09-30 02:09:06
5902,TUV,Tuvalu,2000,591.7597,40,591.7597,1272.2834,58.0,39.5,26.86,47.8,20.54,Our World in Data / WHO,2026-09-30 02:09:06
5903,TUV,Tuvalu,2001,585.5575,40,585.5575,1258.9486,58.0,39.7,26.996,47.08,20.644,Our World in Data / WHO,2026-09-30 02:09:06
5904,TUV,Tuvalu,2002,564.3568,39,564.3568,1213.3671,58.0,40.1,27.268,46.36,20.852,Our World in Data / WHO,2026-09-30 02:09:06
5905,TUV,Tuvalu,2003,546.8686,37,546.8686,1175.7675,57.9096,40.5,27.54,45.64,21.06,Our World in Data / WHO,2026-09-30 02:09:06
5906,TUV,Tuvalu,2004,538.8768,38,538.8768,1158.5851,57.0633,41.0,27.88,44.92,21.32,Our World in Data / WHO,2026-09-30 02:09:06
5907,TUV,Tuvalu,2005,530.7769,38,530.7769,1141.1703,56.2056,41.5,28.22,44.2,21.58,Our World in Data / WHO,2026-09-30 02:09:06
5908,TUV,Tuvalu,2006,532.2844,39,532.2844,1144.4115,56.3652,42.1,28.628,43.5,21.892,Our World in Data / WHO,2026-09-30 02:09:06
5909,TUV,Tuvalu,2007,523.5055,39,523.5055,1125.5368,55.4356,42.7,29.036,42.8,22.204,Our World in Data / WHO,2026-09-30 02:09:06
5910,TUV,Tuvalu,2008,515.1907,39,515.1907,1107.66,54.5551,43.4,29.512,42.2333,22.568,Our World in Data / WHO,2026-09-30 02:09:06
5911,TUV,Tuvalu,2009,516.3945,40,516.3945,1110.2482,54.6826,44.1,29.988,41.6667,22.932,Our World in Data / WHO,2026-09-30 02:09:06
5912,TUV,Tuvalu,2010,515.985,40,515.985,1109.3677,54.6392,44.9,30.532,41.1,23.348,Our World in Data / WHO,2026-09-30 02:09:06
5913,TUV,Tuvalu,2011,511.3622,41,511.3622,1099.4287,54.1497,45.6,31.008,40.5,23.712,Our World in Data / WHO,2026-09-30 02:09:06
5914,TUV,Tuvalu,2012,506.7916,41,506.7916,1089.6019,53.6657,46.2,31.416,39.9,24.024,Our World in Data / WHO,2026-09-30 02:09:06
5915,TUV,Tuvalu,2013,505.4435,41,505.4435,1086.7035,53.523,46.9,31.892,39.3,24.388,Our World in Data / WHO,2026-09-30 02:09:06
5916,TUV,Tuvalu,2014,505.6769,41,505.6769,1087.2053,53.5477,47.5,32.3,38.7,24.7,Our World in Data / WHO,2026-09-30 02:09:06
5917,TUV,Tuvalu,2015,499.9465,41,499.9465,1074.885,52.9409,48.1,32.708,38.1,25.012,Our World in Data / WHO,2026-09-30 02:09:06
5918,TUV,Tuvalu,2016,494.2147,40,494.2147,1062.5616,52.3339,48.7,33.116,37.52,25.324,Our World in Data / WHO,2026-09-30 02:09:06
5919,TUV,Tuvalu,2017,492.0484,40,492.0484,1057.9041,52.1045,49.3,33.524,36.94,25.636,Our World in Data / WHO,2026-09-30 02:09:06
5920,TUV,Tuvalu,2018,496.362,39,496.362,1067.1783,52.5613,49.9,33.932,36.36,25.948,Our World in Data / WHO,2026-09-30 02:09:06
5921,TUV,Tuvalu,2019,491.5821,39,491.5821,1056.9015,52.0551,50.4,34.272,35.78,26.208,Our World in Data / WHO,2026-09-30 02:09:06
5922,TUV,Tuvalu,2020,519.3923,39,519.3923,1116.6934,55.0,50.4,34.272,35.2,26.208,Our World in Data / WHO,2026-09-30 02:09:06
5923,TUV,Tuvalu,2021,490.9485,40,490.9485,1055.5393,51.988,50.4,34.272,34.75,26.208,Our World in Data / WHO,2026-09-30 02:09:06
5924,TUV,Tuvalu,2022,490.9485,40,490.9485,1055.5393,51.988,50.4,34.272,34.3,26.208,Our World in Data / WHO,2026-09-30 02:09:06
5925,TZA,Tanzania,1990,188.4454,24451,188.4454,405.1576,19.9551,35.5,24.14,29.5,18.46,Our World in Data / WHO,2026-09-30 02:09:06
5926,TZA,Tanzania,1991,188.4454,24451,188.4454,405.1576,19.9551,35.6,24.208,29.5,18.512,Our World in Data / WHO,2026-09-30 02:09:06
5927,TZA,Tanzania,1992,188.4454,24451,188.4454,405.1576,19.9551,35.7,24.276,29.5,18.564,Our World in Data / WHO,2026-09-30 02:09:06
5928,TZA,Tanzania,1993,188.4454,24451,188.4454,405.1576,19.9551,35.8,24.344,29.5,18.616,Our World in Data / WHO,2026-09-30 02:09:06
5929,TZA,Tanzania,1994,188.4454,24451,188.4454,405.1576,19.9551,35.9,24.412,29.5,18.668,Our World in Data / WHO,2026-09-30 02:09:06
5930,TZA,Tanzania,1995,188.4454,24451,188.4454,405.1576,19.9551,36.0,24.48,29.5,18.72,Our World in Data / WHO,2026-09-30 02:09:06
5931,TZA,Tanzania,1996,188.4454,24451,188.4454,405.1576,19.9551,36.2,24.616,29.5,18.824,Our World in Data / WHO,2026-09-30 02:09:06
5932,TZA,Tanzania,1997,188.4454,24451,188.4454,405.1576,19.9551,36.3,24.684,29.5,18.876,Our World in Data / WHO,2026-09-30 02:09:06
5933,TZA,Tanzania,1998,188.4454,24451,188.4454,405.1576,19.9551,36.4,24.752,29.5,18.928,Our World in Data / WHO,2026-09-30 02:09:06
5934,TZA,Tanzania,1999,188.4454,24451,188.4454,405.1576,19.9551,36.6,24.888,29.5,19.032,Our World in Data / WHO,2026-09-30 02:09:06
5935,TZA,Tanzania,2000,188.4454,24451,188.4454,405.1576,19.9551,36.8,25.024,29.5,19.136,Our World in Data / WHO,2026-09-30 02:09:06
5936,TZA,Tanzania,2001,178.3796,24021,178.3796,383.5161,18.8892,37.0,25.16,27.98,19.24,Our World in Data / WHO,2026-09-30 02:09:06
5937,TZA,Tanzania,2002,184.6862,24979,184.6862,397.0753,19.557,37.2,25.296,26.46,19.344,Our World in Data / WHO,2026-09-30 02:09:06
5938,TZA,Tanzania,2003,185.8507,25774,185.8507,399.579,19.6803,37.4,25.432,24.94,19.448,Our World in Data / WHO,2026-09-30 02:09:06
5939,TZA,Tanzania,2004,187.3116,26588,187.3116,402.7199,19.835,37.7,25.636,23.42,19.604,Our World in Data / WHO,2026-09-30 02:09:06
5940,TZA,Tanzania,2005,188.8997,27427,188.8997,406.1344,20.0032,37.8,25.704,21.9,19.656,Our World in Data / WHO,2026-09-30 02:09:06
5941,TZA,Tanzania,2006,190.5477,28310,190.5477,409.6776,20.1777,38.0,25.84,20.7,19.76,Our World in Data / WHO,2026-09-30 02:09:06
5942,TZA,Tanzania,2007,191.2543,29094,191.2543,411.1967,20.2525,38.0,25.84,19.5,19.76,Our World in Data / WHO,2026-09-30 02:09:06
5943,TZA,Tanzania,2008,191.6398,29873,191.6398,412.0256,20.2933,38.0,25.84,18.5667,19.76,Our World in Data / WHO,2026-09-30 02:09:06
5944,TZA,Tanzania,2009,192.6752,30795,192.6752,414.2517,20.403,37.9,25.772,17.6333,19.708,Our World in Data / WHO,2026-09-30 02:09:06
5945,TZA,Tanzania,2010,191.437,31541,191.437,411.5896,20.2718,37.7,25.636,16.7,19.604,Our World in Data / WHO,2026-09-30 02:09:06
5946,TZA,Tanzania,2011,189.2932,32123,189.2932,406.9804,20.0448,37.4,25.432,15.88,19.448,Our World in Data / WHO,2026-09-30 02:09:06
5947,TZA,Tanzania,2012,180.2507,31664,180.2507,387.539,19.0873,37.0,25.16,15.06,19.24,Our World in Data / WHO,2026-09-30 02:09:06
5948,TZA,Tanzania,2013,185.8102,33505,185.8102,399.4919,19.676,36.5,24.82,14.24,18.98,Our World in Data / WHO,2026-09-30 02:09:06
5949,TZA,Tanzania,2014,184.6729,34457,184.6729,397.0467,19.5556,36.0,24.48,13.42,18.72,Our World in Data / WHO,2026-09-30 02:09:06
5950,TZA,Tanzania,2015,189.1364,36429,189.1364,406.6433,20.0282,35.5,24.14,12.6,18.46,Our World in Data / WHO,2026-09-30 02:09:06
5951,TZA,Tanzania,2016,189.2487,37949,189.2487,406.8847,20.0401,34.9,23.732,12.0,18.148,Our World in Data / WHO,2026-09-30 02:09:06
5952,TZA,Tanzania,2017,189.8518,39153,189.8518,408.1814,20.104,34.4,23.392,11.4,17.888,Our World in Data / WHO,2026-09-30 02:09:06
5953,TZA,Tanzania,2018,196.0986,41901,196.0986,421.612,20.7655,33.8,22.984,10.8,17.576,Our World in Data / WHO,2026-09-30 02:09:06
5954,TZA,Tanzania,2019,203.2282,44994,203.2282,436.9406,21.5205,33.2,22.576,10.2,17.264,Our World in Data / WHO,2026-09-30 02:09:06
5955,TZA,Tanzania,2020,210.9323,48002,210.9323,453.5044,22.3363,33.2,22.576,9.6,17.264,Our World in Data / WHO,2026-09-30 02:09:06
5956,TZA,Tanzania,2021,230.303,54986,230.303,495.1514,24.3875,33.2,22.576,9.1,17.264,Our World in Data / WHO,2026-09-30 02:09:06
5957,TZA,Tanzania,2022,230.303,54986,230.303,495.1514,24.3875,33.2,22.576,8.6,17.264,Our World in Data / WHO,2026-09-30 02:09:06
5958,UGA,Uganda,1990,222.8133,18755,222.8133,479.0486,23.5944,33.2,22.576,24.6,17.264,Our World in Data / WHO,2026-09-30 02:09:06
5959,UGA,Uganda,1991,222.8133,18755,222.8133,479.0486,23.5944,33.2,22.576,24.6,17.264,Our World in Data / WHO,2026-09-30 02:09:06
5960,UGA,Uganda,1992,222.8133,18755,222.8133,479.0486,23.5944,33.3,22.644,24.6,17.316,Our World in Data / WHO,2026-09-30 02:09:06
5961,UGA,Uganda,1993,222.8133,18755,222.8133,479.0486,23.5944,33.3,22.644,24.6,17.316,Our World in Data / WHO,2026-09-30 02:09:06
5962,UGA,Uganda,1994,222.8133,18755,222.8133,479.0486,23.5944,33.4,22.712,24.6,17.368,Our World in Data / WHO,2026-09-30 02:09:06
5963,UGA,Uganda,1995,222.8133,18755,222.8133,479.0486,23.5944,33.5,22.78,24.6,17.42,Our World in Data / WHO,2026-09-30 02:09:06
5964,UGA,Uganda,1996,222.8133,18755,222.8133,479.0486,23.5944,33.6,22.848,24.6,17.472,Our World in Data / WHO,2026-09-30 02:09:06
5965,UGA,Uganda,1997,222.8133,18755,222.8133,479.0486,23.5944,33.6,22.848,24.6,17.472,Our World in Data / WHO,2026-09-30 02:09:06
5966,UGA,Uganda,1998,222.8133,18755,222.8133,479.0486,23.5944,33.8,22.984,24.6,17.576,Our World in Data / WHO,2026-09-30 02:09:06
5967,UGA,Uganda,1999,222.8133,18755,222.8133,479.0486,23.5944,33.9,23.052,24.6,17.628,Our World in Data / WHO,2026-09-30 02:09:06
5968,UGA,Uganda,2000,222.8133,18755,222.8133,479.0486,23.5944,34.1,23.188,24.6,17.732,Our World in Data / WHO,2026-09-30 02:09:06
5969,UGA,Uganda,2001,228.1776,19296,228.1776,490.5818,24.1624,34.2,23.256,23.5,17.784,Our World in Data / WHO,2026-09-30 02:09:06
5970,UGA,Uganda,2002,224.6907,19208,224.6907,483.085,23.7932,34.4,23.392,22.4,17.888,Our World in Data / WHO,2026-09-30 02:09:06
5971,UGA,Uganda,2003,216.7267,18813,216.7267,465.9624,22.9499,34.6,23.528,21.3,17.992,Our World in Data / WHO,2026-09-30 02:09:06
5972,UGA,Uganda,2004,209.5203,18601,209.5203,450.4686,22.1867,34.8,23.664,20.2,18.096,Our World in Data / WHO,2026-09-30 02:09:06
5973,UGA,Uganda,2005,196.8102,17783,196.8102,423.1419,20.8408,35.0,23.8,19.1,18.2,Our World in Data / WHO,2026-09-30 02:09:06
5974,UGA,Uganda,2006,183.6552,16794,183.6552,394.8587,19.4478,35.1,23.868,18.2,18.252,Our World in Data / WHO,2026-09-30 02:09:06
5975,UGA,Uganda,2007,171.629,15898,171.629,369.0024,18.1743,35.2,23.936,17.3,18.304,Our World in Data / WHO,2026-09-30 02:09:06
5976,UGA,Uganda,2008,165.3473,15672,165.3473,355.4967,17.5091,35.2,23.936,16.4667,18.304,Our World in Data / WHO,2026-09-30 02:09:06
5977,UGA,Uganda,2009,156.5104,15104,156.5104,336.4974,16.5734,35.2,23.936,15.6333,18.304,Our World in Data / WHO,2026-09-30 02:09:06
5978,UGA,Uganda,2010,151.6431,14969,151.6431,326.0327,16.058,35.0,23.8,14.8,18.2,Our World in Data / WHO,2026-09-30 02:09:06
5979,UGA,Uganda,2011,150.4014,15215,150.4014,323.363,15.9265,34.8,23.664,14.16,18.096,Our World in Data / WHO,2026-09-30 02:09:06
5980,UGA,Uganda,2012,144.1431,14929,144.1431,309.9077,15.2638,34.6,23.528,13.52,17.992,Our World in Data / WHO,2026-09-30 02:09:06
5981,UGA,Uganda,2013,141.1821,14987,141.1821,303.5415,14.9502,34.3,23.324,12.88,17.836,Our World in Data / WHO,2026-09-30 02:09:06
5982,UGA,Uganda,2014,134.0075,14584,134.0075,288.1161,14.1905,34.0,23.12,12.24,17.68,Our World in Data / WHO,2026-09-30 02:09:06
5983,UGA,Uganda,2015,129.0503,14507,129.0503,277.4581,13.6655,33.7,22.916,11.6,17.524,Our World in Data / WHO,2026-09-30 02:09:06
5984,UGA,Uganda,2016,126.5234,14764,126.5234,272.0253,13.3979,33.4,22.712,11.1,17.368,Our World in Data / WHO,2026-09-30 02:09:06
5985,UGA,Uganda,2017,123.0804,14880,123.0804,264.6229,13.0334,33.1,22.508,10.6,17.212,Our World in Data / WHO,2026-09-30 02:09:06
5986,UGA,Uganda,2018,127.7394,16095,127.7394,274.6397,13.5267,32.8,22.304,10.1,17.056,Our World in Data / WHO,2026-09-30 02:09:06
5987,UGA,Uganda,2019,133.8985,17767,133.8985,287.8818,14.1789,32.5,22.1,9.6,16.9,Our World in Data / WHO,2026-09-30 02:09:06
5988,UGA,Uganda,2020,137.1404,18797,137.1404,294.8519,14.5222,32.5,22.1,9.1,16.9,Our World in Data / WHO,2026-09-30 02:09:06
5989,UGA,Uganda,2021,149.5884,21803,149.5884,321.6151,15.8404,32.5,22.1,8.7,16.9,Our World in Data / WHO,2026-09-30 02:09:06
5990,UGA,Uganda,2022,149.5884,21803,149.5884,321.6151,15.8404,32.5,22.1,8.3,16.9,Our World in Data / WHO,2026-09-30 02:09:06
5991,UKR,Ukraine,1990,592.8699,456413,592.8699,1274.6703,58.0,51.7,35.156,42.0,26.884,Our World in Data / WHO,2026-09-30 02:09:06
5992,UKR,Ukraine,1991,592.8699,456413,592.8699,1274.6703,58.0,51.5,35.02,42.0,26.78,Our World in Data / WHO,2026-09-30 02:09:06
5993,UKR,Ukraine,1992,592.8699,456413,592.8699,1274.6703,58.0,51.4,34.952,42.0,26.728,Our World in Data / WHO,2026-09-30 02:09:06
5994,UKR,Ukraine,1993,592.8699,456413,592.8699,1274.6703,58.0,51.3,34.884,42.0,26.676,Our World in Data / WHO,2026-09-30 02:09:06
5995,UKR,Ukraine,1994,592.8699,456413,592.8699,1274.6703,58.0,51.1,34.748,42.0,26.572,Our World in Data / WHO,2026-09-30 02:09:06
5996,UKR,Ukraine,1995,592.8699,456413,592.8699,1274.6703,58.0,51.0,34.68,42.0,26.52,Our World in Data / WHO,2026-09-30 02:09:06
5997,UKR,Ukraine,1996,592.8699,456413,592.8699,1274.6703,58.0,50.8,34.544,42.0,26.416,Our World in Data / WHO,2026-09-30 02:09:06
5998,UKR,Ukraine,1997,592.8699,456413,592.8699,1274.6703,58.0,50.7,34.476,42.0,26.364,Our World in Data / WHO,2026-09-30 02:09:06
5999,UKR,Ukraine,1998,592.8699,456413,592.8699,1274.6703,58.0,50.5,34.34,42.0,26.26,Our World in Data / WHO,2026-09-30 02:09:06
6000,UKR,Ukraine,1999,592.8699,456413,592.8699,1274.6703,58.0,50.4,34.272,42.0,26.208,Our World in Data / WHO,2026-09-30 02:09:06
6001,UKR,Ukraine,2000,592.8699,456413,592.8699,1274.6703,58.0,50.3,34.204,42.0,26.156,Our World in Data / WHO,2026-09-30 02:09:06
6002,UKR,Ukraine,2001,584.1092,449453,584.1092,1255.8348,58.0,50.2,34.136,41.06,26.104,Our World in Data / WHO,2026-09-30 02:09:06
6003,UKR,Ukraine,2002,601.4429,463594,601.4429,1293.1022,58.0,50.1,34.068,40.12,26.052,Our World in Data / WHO,2026-09-30 02:09:06
6004,UKR,Ukraine,2003,619.5821,476792,619.5821,1332.1015,58.0,50.0,34.0,39.18,26.0,Our World in Data / WHO,2026-09-30 02:09:06
6005,UKR,Ukraine,2004,617.0418,473381,617.0418,1326.6399,58.0,49.8,33.864,38.24,25.896,Our World in Data / WHO,2026-09-30 02:09:06
6006,UKR,Ukraine,2005,638.727,492689,638.727,1373.263,58.0,49.6,33.728,37.3,25.792,Our World in Data / WHO,2026-09-30 02:09:06
6007,UKR,Ukraine,2006,617.931,481427,617.931,1328.5517,58.0,49.4,33.592,36.45,25.688,Our World in Data / WHO,2026-09-30 02:09:06
6008,UKR,Ukraine,2007,608.3701,481793,608.3701,1307.9957,58.0,49.2,33.456,35.6,25.584,Our World in Data / WHO,2026-09-30 02:09:06
6009,UKR,Ukraine,2008,598.8908,479060,598.8908,1287.6152,58.0,48.9,33.252,34.7667,25.428,Our World in Data / WHO,2026-09-30 02:09:06
6010,UKR,Ukraine,2009,561.7887,457013,561.7887,1207.8457,58.0,48.5,32.98,33.9333,25.22,Our World in Data / WHO,2026-09-30 02:09:06
6011,UKR,Ukraine,2010,552.6039,457098,552.6039,1188.0984,58.0,48.1,32.708,33.1,25.012,Our World in Data / WHO,2026-09-30 02:09:06
6012,UKR,Ukraine,2011,514.5015,431184,514.5015,1106.1782,54.4821,47.6,32.368,32.34,24.752,Our World in Data / WHO,2026-09-30 02:09:06
6013,UKR,Ukraine,2012,504.1659,429227,504.1659,1083.9567,53.3877,47.1,32.028,31.58,24.492,Our World in Data / WHO,2026-09-30 02:09:06
6014,UKR,Ukraine,2013,496.9518,429293,496.9518,1068.4464,52.6237,46.6,31.688,30.82,24.232,Our World in Data / WHO,2026-09-30 02:09:06
6015,UKR,Ukraine,2014,504.7879,440438,504.7879,1085.294,53.4535,46.0,31.28,30.06,23.92,Our World in Data / WHO,2026-09-30 02:09:06
6016,UKR,Ukraine,2015,471.5757,419216,471.5757,1013.8878,49.9366,45.5,30.94,29.3,23.66,Our World in Data / WHO,2026-09-30 02:09:06
6017,UKR,Ukraine,2016,455.2117,412390,455.2117,978.7052,48.2038,44.9,30.532,28.66,23.348,Our World in Data / WHO,2026-09-30 02:09:06
6018,UKR,Ukraine,2017,436.7257,405933,436.7257,938.9603,46.2462,44.3,30.124,28.02,23.036,Our World in Data / WHO,2026-09-30 02:09:06
6019,UKR,Ukraine,2018,440.8618,414748,440.8618,947.8529,46.6842,43.7,29.716,27.38,22.724,Our World in Data / WHO,2026-09-30 02:09:06
6020,UKR,Ukraine,2019,432.8484,411153,432.8484,930.6241,45.8356,43.1,29.308,26.74,22.412,Our World in Data / WHO,2026-09-30 02:09:06
6021,UKR,Ukraine,2020,419.3124,400986,419.3124,901.5217,44.4023,43.1,29.308,26.1,22.412,Our World in Data / WHO,2026-09-30 02:09:06
6022,UKR,Ukraine,2021,414.477,392836,414.477,891.1255,43.8902,43.1,29.308,25.5,22.412,Our World in Data / WHO,2026-09-30 02:09:06
6023,UKR,Ukraine,2022,414.477,392836,414.477,891.1255,43.8902,43.1,29.308,24.9,22.412,Our World in Data / WHO,2026-09-30 02:09:06
6024,URY,Uruguay,1990,206.8692,10672,206.8692,444.7688,21.906,37.5,25.5,34.5,19.5,Our World in Data / WHO,2026-09-30 02:09:06
6025,URY,Uruguay,1991,206.8692,10672,206.8692,444.7688,21.906,37.7,25.636,34.5,19.604,Our World in Data / WHO,2026-09-30 02:09:06
6026,URY,Uruguay,1992,206.8692,10672,206.8692,444.7688,21.906,37.9,25.772,34.5,19.708,Our World in Data / WHO,2026-09-30 02:09:06
6027,URY,Uruguay,1993,206.8692,10672,206.8692,444.7688,21.906,38.1,25.908,34.5,19.812,Our World in Data / WHO,2026-09-30 02:09:06
6028,URY,Uruguay,1994,206.8692,10672,206.8692,444.7688,21.906,38.3,26.044,34.5,19.916,Our World in Data / WHO,2026-09-30 02:09:06
6029,URY,Uruguay,1995,206.8692,10672,206.8692,444.7688,21.906,38.5,26.18,34.5,20.02,Our World in Data / WHO,2026-09-30 02:09:06
6030,URY,Uruguay,1996,206.8692,10672,206.8692,444.7688,21.906,38.7,26.316,34.5,20.124,Our World in Data / WHO,2026-09-30 02:09:06
6031,URY,Uruguay,1997,206.8692,10672,206.8692,444.7688,21.906,38.9,26.452,34.5,20.228,Our World in Data / WHO,2026-09-30 02:09:06
6032,URY,Uruguay,1998,206.8692,10672,206.8692,444.7688,21.906,39.2,26.656,34.5,20.384,Our World in Data / WHO,2026-09-30 02:09:06
6033,URY,Uruguay,1999,206.8692,10672,206.8692,444.7688,21.906,39.4,26.792,34.5,20.488,Our World in Data / WHO,2026-09-30 02:09:06
6034,URY,Uruguay,2000,206.8692,10672,206.8692,444.7688,21.906,39.7,26.996,34.5,20.644,Our World in Data / WHO,2026-09-30 02:09:06
6035,URY,Uruguay,2001,207.5382,10896,207.5382,446.2071,21.9769,40.0,27.2,33.76,20.8,Our World in Data / WHO,2026-09-30 02:09:06
6036,URY,Uruguay,2002,201.4388,10751,201.4388,433.0934,21.331,40.2,27.336,33.02,20.904,Our World in Data / WHO,2026-09-30 02:09:06
6037,URY,Uruguay,2003,210.0529,11481,210.0529,451.6137,22.2431,40.5,27.54,32.28,21.06,Our World in Data / WHO,2026-09-30 02:09:06
6038,URY,Uruguay,2004,202.8103,11179,202.8103,436.0421,21.4762,40.8,27.744,31.54,21.216,Our World in Data / WHO,2026-09-30 02:09:06
6039,URY,Uruguay,2005,193.6335,10815,193.6335,416.312,20.5044,41.0,27.88,30.8,21.32,Our World in Data / WHO,2026-09-30 02:09:06
6040,URY,Uruguay,2006,179.0187,10140,179.0187,384.8902,18.9568,41.3,28.084,30.0,21.476,Our World in Data / WHO,2026-09-30 02:09:06
6041,URY,Uruguay,2007,190.5114,11172,190.5114,409.5995,20.1738,41.5,28.22,29.2,21.58,Our World in Data / WHO,2026-09-30 02:09:06
6042,URY,Uruguay,2008,169.6303,10035,169.6303,364.7051,17.9627,41.8,28.424,28.5,21.736,Our World in Data / WHO,2026-09-30 02:09:06
6043,URY,Uruguay,2009,160.4083,9749,160.4083,344.8778,16.9861,42.0,28.56,27.8,21.84,Our World in Data / WHO,2026-09-30 02:09:06
6044,URY,Uruguay,2010,164.1686,10213,164.1686,352.9625,17.3843,42.1,28.628,27.1,21.892,Our World in Data / WHO,2026-09-30 02:09:06
6045,URY,Uruguay,2011,158.5549,10012,158.5549,340.893,16.7899,42.2,28.696,26.48,21.944,Our World in Data / WHO,2026-09-30 02:09:06
6046,URY,Uruguay,2012,157.1021,10118,157.1021,337.7695,16.636,42.3,28.764,25.86,21.996,Our World in Data / WHO,2026-09-30 02:09:06
6047,URY,Uruguay,2013,146.4028,9572,146.4028,314.766,15.503,42.3,28.764,25.24,21.996,Our World in Data / WHO,2026-09-30 02:09:06
6048,URY,Uruguay,2014,138.9354,9236,138.9354,298.7111,14.7123,42.3,28.764,24.62,21.996,Our World in Data / WHO,2026-09-30 02:09:06
6049,URY,Uruguay,2015,144.414,9849,144.414,310.4901,15.2924,42.3,28.764,24.0,21.996,Our World in Data / WHO,2026-09-30 02:09:06
6050,URY,Uruguay,2016,144.1315,9958,144.1315,309.8827,15.2625,42.3,28.764,23.46,21.996,Our World in Data / WHO,2026-09-30 02:09:06
6051,URY,Uruguay,2017,132.8658,9230,132.8658,285.6615,14.0696,42.4,28.832,22.92,22.048,Our World in Data / WHO,2026-09-30 02:09:06
6052,URY,Uruguay,2018,131.2305,9227,131.2305,282.1456,13.8964,42.4,28.832,22.38,22.048,Our World in Data / WHO,2026-09-30 02:09:06
6053,URY,Uruguay,2019,130.1141,9317,130.1141,279.7453,13.7782,42.4,28.832,21.84,22.048,Our World in Data / WHO,2026-09-30 02:09:06
6054,URY,Uruguay,2020,120.6712,8761,120.6712,259.4431,12.7782,42.4,28.832,21.3,22.048,Our World in Data / WHO,2026-09-30 02:09:06
6055,URY,Uruguay,2021,129.0712,9120,129.0712,277.5031,13.6677,42.4,28.832,20.8,22.048,Our World in Data / WHO,2026-09-30 02:09:06
6056,URY,Uruguay,2022,129.0712,9120,129.0712,277.5031,13.6677,42.4,28.832,20.3,22.048,Our World in Data / WHO,2026-09-30 02:09:06
6057,USA,United States,1990,201.8883,939840,201.8883,434.0598,21.3786,30.8,20.944,38.6,16.016,Our World in Data / WHO,2026-09-30 02:09:06
6058,USA,United States,1991,201.8883,939840,201.8883,434.0598,21.3786,30.8,20.944,38.6,16.016,Our World in Data / WHO,2026-09-30 02:09:06
6059,USA,United States,1992,201.8883,939840,201.8883,434.0598,21.3786,30.8,20.944,38.6,16.016,Our World in Data / WHO,2026-09-30 02:09:06
6060,USA,United States,1993,201.8883,939840,201.8883,434.0598,21.3786,30.9,21.012,38.6,16.068,Our World in Data / WHO,2026-09-30 02:09:06
6061,USA,United States,1994,201.8883,939840,201.8883,434.0598,21.3786,30.9,21.012,38.6,16.068,Our World in Data / WHO,2026-09-30 02:09:06
6062,USA,United States,1995,201.8883,939840,201.8883,434.0598,21.3786,30.9,21.012,38.6,16.068,Our World in Data / WHO,2026-09-30 02:09:06
6063,USA,United States,1996,201.8883,939840,201.8883,434.0598,21.3786,30.9,21.012,38.6,16.068,Our World in Data / WHO,2026-09-30 02:09:06
6064,USA,United States,1997,201.8883,939840,201.8883,434.0598,21.3786,30.9,21.012,38.6,16.068,Our World in Data / WHO,2026-09-30 02:09:06
6065,USA,United States,1998,201.8883,939840,201.8883,434.0598,21.3786,31.0,21.08,38.6,16.12,Our World in Data / WHO,2026-09-30 02:09:06
6066,USA,United States,1999,201.8883,939840,201.8883,434.0598,21.3786,31.1,21.148,38.6,16.172,Our World in Data / WHO,2026-09-30 02:09:06
6067,USA,United States,2000,201.8883,939840,201.8883,434.0598,21.3786,31.1,21.148,38.6,16.172,Our World in Data / WHO,2026-09-30 02:09:06
6068,USA,United States,2001,195.4051,925305,195.4051,420.121,20.692,31.3,21.284,37.26,16.276,Our World in Data / WHO,2026-09-30 02:09:06
6069,USA,United States,2002,191.1682,920983,191.1682,411.0116,20.2434,31.4,21.352,35.92,16.328,Our World in Data / WHO,2026-09-30 02:09:06
6070,USA,United States,2003,184.5983,905037,184.5983,396.8863,19.5477,31.5,21.42,34.58,16.38,Our World in Data / WHO,2026-09-30 02:09:06
6071,USA,United States,2004,172.9416,863275,172.9416,371.8244,18.3133,31.6,21.488,33.24,16.432,Our World in Data / WHO,2026-09-30 02:09:06
6072,USA,United States,2005,168.4149,858154,168.4149,362.092,17.834,31.7,21.556,31.9,16.484,Our World in Data / WHO,2026-09-30 02:09:06
6073,USA,United States,2006,159.1251,824877,159.1251,342.119,16.8502,31.8,21.624,30.8,16.536,Our World in Data / WHO,2026-09-30 02:09:06
6074,USA,United States,2007,152.3188,808542,152.3188,327.4854,16.1295,31.8,21.624,29.7,16.536,Our World in Data / WHO,2026-09-30 02:09:06
6075,USA,United States,2008,148.8793,807741,148.8793,320.0905,15.7653,31.9,21.692,28.6333,16.588,Our World in Data / WHO,2026-09-30 02:09:06
6076,USA,United States,2009,141.9645,784059,141.9645,305.2237,15.0331,31.9,21.692,27.5667,16.588,Our World in Data / WHO,2026-09-30 02:09:06
6077,USA,United States,2010,138.3455,783458,138.3455,297.4428,14.6498,31.9,21.692,26.5,16.588,Our World in Data / WHO,2026-09-30 02:09:06
6078,USA,United States,2011,135.722,783310,135.722,291.8023,14.372,31.8,21.624,25.6,16.536,Our World in Data / WHO,2026-09-30 02:09:06
6079,USA,United States,2012,133.9698,787145,133.9698,288.0351,14.1865,31.8,21.624,24.7,16.536,Our World in Data / WHO,2026-09-30 02:09:06
6080,USA,United States,2013,133.5339,797731,133.5339,287.0979,14.1403,31.7,21.556,23.8,16.484,Our World in Data / WHO,2026-09-30 02:09:06
6081,USA,United States,2014,132.189,801659,132.189,284.2064,13.9979,31.7,21.556,22.9,16.484,Our World in Data / WHO,2026-09-30 02:09:06
6082,USA,United States,2015,134.0169,828983,134.0169,288.1363,14.1915,31.6,21.488,22.0,16.432,Our World in Data / WHO,2026-09-30 02:09:06
6083,USA,United States,2016,132.7454,833235,132.7454,285.4026,14.0568,31.6,21.488,21.26,16.432,Our World in Data / WHO,2026-09-30 02:09:06
6084,USA,United States,2017,132.7319,850921,132.7319,285.3736,14.0554,31.6,21.488,20.52,16.432,Our World in Data / WHO,2026-09-30 02:09:06
6085,USA,United States,2018,131.5847,860015,131.5847,282.9071,13.9339,31.6,21.488,19.78,16.432,Our World in Data / WHO,2026-09-30 02:09:06
6086,USA,United States,2019,128.6048,858241,128.6048,276.5003,13.6184,31.6,21.488,19.04,16.432,Our World in Data / WHO,2026-09-30 02:09:06
6087,USA,United States,2020,135.3903,909710,135.3903,291.0891,14.3369,31.6,21.488,18.3,16.432,Our World in Data / WHO,2026-09-30 02:09:06
6088,USA,United States,2021,136.18,920884,136.18,292.787,14.4205,31.6,21.488,17.65,16.432,Our World in Data / WHO,2026-09-30 02:09:06
6089,USA,United States,2022,136.18,920884,136.18,292.787,14.4205,31.6,21.488,17.0,16.432,Our World in Data / WHO,2026-09-30 02:09:06
6090,UZB,Uzbekistan,1990,928.182,111458,928.182,1995.5913,58.0,34.1,23.188,28.9,17.732,Our World in Data / WHO,2026-09-30 02:09:06
6091,UZB,Uzbekistan,1991,928.182,111458,928.182,1995.5913,58.0,34.0,23.12,28.9,17.68,Our World in Data / WHO,2026-09-30 02:09:06
6092,UZB,Uzbekistan,1992,928.182,111458,928.182,1995.5913,58.0,33.9,23.052,28.9,17.628,Our World in Data / WHO,2026-09-30 02:09:06
6093,UZB,Uzbekistan,1993,928.182,111458,928.182,1995.5913,58.0,33.8,22.984,28.9,17.576,Our World in Data / WHO,2026-09-30 02:09:06
6094,UZB,Uzbekistan,1994,928.182,111458,928.182,1995.5913,58.0,33.8,22.984,28.9,17.576,Our World in Data / WHO,2026-09-30 02:09:06
6095,UZB,Uzbekistan,1995,928.182,111458,928.182,1995.5913,58.0,33.7,22.916,28.9,17.524,Our World in Data / WHO,2026-09-30 02:09:06
6096,UZB,Uzbekistan,1996,928.182,111458,928.182,1995.5913,58.0,33.7,22.916,28.9,17.524,Our World in Data / WHO,2026-09-30 02:09:06
6097,UZB,Uzbekistan,1997,928.182,111458,928.182,1995.5913,58.0,33.7,22.916,28.9,17.524,Our World in Data / WHO,2026-09-30 02:09:06
6098,UZB,Uzbekistan,1998,928.182,111458,928.182,1995.5913,58.0,33.7,22.916,28.9,17.524,Our World in Data / WHO,2026-09-30 02:09:06
6099,UZB,Uzbekistan,1999,928.182,111458,928.182,1995.5913,58.0,33.8,22.984,28.9,17.576,Our World in Data / WHO,2026-09-30 02:09:06
6100,UZB,Uzbekistan,2000,928.182,111458,928.182,1995.5913,58.0,34.0,23.12,28.9,17.68,Our World in Data / WHO,2026-09-30 02:09:06
6101,UZB,Uzbekistan,2001,891.0911,111358,891.0911,1915.8459,58.0,34.3,23.324,28.24,17.836,Our World in Data / WHO,2026-09-30 02:09:06
6102,UZB,Uzbekistan,2002,926.4946,119649,926.4946,1991.9634,58.0,34.6,23.528,27.58,17.992,Our World in Data / WHO,2026-09-30 02:09:06
6103,UZB,Uzbekistan,2003,910.9827,122006,910.9827,1958.6128,58.0,35.0,23.8,26.92,18.2,Our World in Data / WHO,2026-09-30 02:09:06
6104,UZB,Uzbekistan,2004,849.9619,119281,849.9619,1827.4181,58.0,35.5,24.14,26.26,18.46,Our World in Data / WHO,2026-09-30 02:09:06
6105,UZB,Uzbekistan,2005,912.6168,132852,912.6168,1962.1261,58.0,36.0,24.48,25.6,18.72,Our World in Data / WHO,2026-09-30 02:09:06
6106,UZB,Uzbekistan,2006,879.8809,132824,879.8809,1891.7439,58.0,36.6,24.888,24.95,19.032,Our World in Data / WHO,2026-09-30 02:09:06
6107,UZB,Uzbekistan,2007,855.4438,133843,855.4438,1839.2042,58.0,37.2,25.296,24.3,19.344,Our World in Data / WHO,2026-09-30 02:09:06
6108,UZB,Uzbekistan,2008,823.9721,133213,823.9721,1771.54,58.0,37.9,25.772,23.6667,19.708,Our World in Data / WHO,2026-09-30 02:09:06
6109,UZB,Uzbekistan,2009,761.8876,127346,761.8876,1638.0583,58.0,38.6,26.248,23.0333,20.072,Our World in Data / WHO,2026-09-30 02:09:06
6110,UZB,Uzbekistan,2010,760.0112,130713,760.0112,1634.0241,58.0,39.3,26.724,22.4,20.436,Our World in Data / WHO,2026-09-30 02:09:06
6111,UZB,Uzbekistan,2011,749.9293,132223,749.9293,1612.348,58.0,40.1,27.268,21.88,20.852,Our World in Data / WHO,2026-09-30 02:09:06
6112,UZB,Uzbekistan,2012,721.2355,131160,721.2355,1550.6563,58.0,40.8,27.744,21.36,21.216,Our World in Data / WHO,2026-09-30 02:09:06
6113,UZB,Uzbekistan,2013,673.1681,125658,673.1681,1447.3114,58.0,41.5,28.22,20.84,21.58,Our World in Data / WHO,2026-09-30 02:09:06
6114,UZB,Uzbekistan,2014,643.626,123459,643.626,1383.7959,58.0,42.3,28.764,20.32,21.996,Our World in Data / WHO,2026-09-30 02:09:06
6115,UZB,Uzbekistan,2015,597.3322,117824,597.3322,1284.2642,58.0,43.0,29.24,19.8,22.36,Our World in Data / WHO,2026-09-30 02:09:06
6116,UZB,Uzbekistan,2016,563.1675,114607,563.1675,1210.8101,58.0,43.6,29.648,19.38,22.672,Our World in Data / WHO,2026-09-30 02:09:06
6117,UZB,Uzbekistan,2017,541.4952,113429,541.4952,1164.2147,57.3406,44.3,30.124,18.96,23.036,Our World in Data / WHO,2026-09-30 02:09:06
6118,UZB,Uzbekistan,2018,490.9544,106196,490.9544,1055.552,51.9887,45.0,30.6,18.54,23.4,Our World in Data / WHO,2026-09-30 02:09:06
6119,UZB,Uzbekistan,2019,455.4361,101349,455.4361,979.1876,48.2275,45.7,31.076,18.12,23.764,Our World in Data / WHO,2026-09-30 02:09:06
6120,UZB,Uzbekistan,2020,501.8135,112780,501.8135,1078.899,53.1386,45.7,31.076,17.7,23.764,Our World in Data / WHO,2026-09-30 02:09:06
6121,UZB,Uzbekistan,2021,442.2022,102164,442.2022,950.7347,46.8261,45.7,31.076,17.35,23.764,Our World in Data / WHO,2026-09-30 02:09:06
6122,UZB,Uzbekistan,2022,442.2022,102164,442.2022,950.7347,46.8261,45.7,31.076,17.0,23.764,Our World in Data / WHO,2026-09-30 02:09:06
6123,VCT,Saint Vincent and the Grenadines,1990,250.2316,256,250.2316,537.9979,26.4978,35.3,24.004,31.1,18.356,Our World in Data / WHO,2026-09-30 02:09:06
6124,VCT,Saint Vincent and the Grenadines,1991,250.2316,256,250.2316,537.9979,26.4978,35.4,24.072,31.1,18.408,Our World in Data / WHO,2026-09-30 02:09:06
6125,VCT,Saint Vincent and the Grenadines,1992,250.2316,256,250.2316,537.9979,26.4978,35.6,24.208,31.1,18.512,Our World in Data / WHO,2026-09-30 02:09:06
6126,VCT,Saint Vincent and the Grenadines,1993,250.2316,256,250.2316,537.9979,26.4978,35.7,24.276,31.1,18.564,Our World in Data / WHO,2026-09-30 02:09:06
6127,VCT,Saint Vincent and the Grenadines,1994,250.2316,256,250.2316,537.9979,26.4978,35.8,24.344,31.1,18.616,Our World in Data / WHO,2026-09-30 02:09:06
6128,VCT,Saint Vincent and the Grenadines,1995,250.2316,256,250.2316,537.9979,26.4978,36.0,24.48,31.1,18.72,Our World in Data / WHO,2026-09-30 02:09:06
6129,VCT,Saint Vincent and the Grenadines,1996,250.2316,256,250.2316,537.9979,26.4978,36.1,24.548,31.1,18.772,Our World in Data / WHO,2026-09-30 02:09:06
6130,VCT,Saint Vincent and the Grenadines,1997,250.2316,256,250.2316,537.9979,26.4978,36.3,24.684,31.1,18.876,Our World in Data / WHO,2026-09-30 02:09:06
6131,VCT,Saint Vincent and the Grenadines,1998,250.2316,256,250.2316,537.9979,26.4978,36.4,24.752,31.1,18.928,Our World in Data / WHO,2026-09-30 02:09:06
6132,VCT,Saint Vincent and the Grenadines,1999,250.2316,256,250.2316,537.9979,26.4978,36.6,24.888,31.1,19.032,Our World in Data / WHO,2026-09-30 02:09:06
6133,VCT,Saint Vincent and the Grenadines,2000,250.2316,256,250.2316,537.9979,26.4978,36.8,25.024,31.1,19.136,Our World in Data / WHO,2026-09-30 02:09:06
6134,VCT,Saint Vincent and the Grenadines,2001,244.6788,253,244.6788,526.0594,25.9098,37.1,25.228,29.84,19.292,Our World in Data / WHO,2026-09-30 02:09:06
6135,VCT,Saint Vincent and the Grenadines,2002,245.919,255,245.919,528.7258,26.0411,37.3,25.364,29.18,19.396,Our World in Data / WHO,2026-09-30 02:09:06
6136,VCT,Saint Vincent and the Grenadines,2003,235.5018,247,235.5018,506.3289,24.938,37.6,25.568,28.72,19.552,Our World in Data / WHO,2026-09-30 02:09:06
6137,VCT,Saint Vincent and the Grenadines,2004,237.3459,251,237.3459,510.2937,25.1333,37.8,25.704,28.26,19.656,Our World in Data / WHO,2026-09-30 02:09:06
6138,VCT,Saint Vincent and the Grenadines,2005,234.1007,252,234.1007,503.3165,24.7896,38.1,25.908,27.8,19.812,Our World in Data / WHO,2026-09-30 02:09:06
6139,VCT,Saint Vincent and the Grenadines,2006,246.2189,270,246.2189,529.3706,26.0729,38.3,26.044,27.5,19.916,Our World in Data / WHO,2026-09-30 02:09:06
6140,VCT,Saint Vincent and the Grenadines,2007,262.3478,297,262.3478,564.0478,27.7808,38.5,26.18,26.9,20.02,Our World in Data / WHO,2026-09-30 02:09:06
6141,VCT,Saint Vincent and the Grenadines,2008,270.231,316,270.231,580.9966,28.6156,38.7,26.316,26.5333,20.124,Our World in Data / WHO,2026-09-30 02:09:06
6142,VCT,Saint Vincent and the Grenadines,2009,258.1113,314,258.1113,554.9393,27.3322,38.9,26.452,25.8667,20.228,Our World in Data / WHO,2026-09-30 02:09:06
6143,VCT,Saint Vincent and the Grenadines,2010,254.3447,318,254.3447,546.8411,26.9333,39.0,26.52,25.2,20.28,Our World in Data / WHO,2026-09-30 02:09:06
6144,VCT,Saint Vincent and the Grenadines,2011,244.3927,319,244.3927,525.4443,25.8795,39.1,26.588,24.86,20.332,Our World in Data / WHO,2026-09-30 02:09:06
6145,VCT,Saint Vincent and the Grenadines,2012,241.3071,322,241.3071,518.8103,25.5527,39.2,26.656,24.22,20.384,Our World in Data / WHO,2026-09-30 02:09:06
6146,VCT,Saint Vincent and the Grenadines,2013,247.5588,333,247.5588,532.2514,26.2148,39.2,26.656,23.76,20.384,Our World in Data / WHO,2026-09-30 02:09:06
6147,VCT,Saint Vincent and the Grenadines,2014,244.315,330,244.315,525.2772,25.8713,39.2,26.656,23.16,20.384,Our World in Data / WHO,2026-09-30 02:09:06
6148,VCT,Saint Vincent and the Grenadines,2015,241.8169,330,241.8169,519.9063,25.6067,39.2,26.656,22.6,20.384,Our World in Data / WHO,2026-09-30 02:09:06
6149,VCT,Saint Vincent and the Grenadines,2016,237.0532,330,237.0532,509.6644,25.1023,39.2,26.656,22.34,20.384,Our World in Data / WHO,2026-09-30 02:09:06
6150,VCT,Saint Vincent and the Grenadines,2017,245.0348,344,245.0348,526.8248,25.9475,39.2,26.656,21.98,20.384,Our World in Data / WHO,2026-09-30 02:09:06
6151,VCT,Saint Vincent and the Grenadines,2018,241.8797,347,241.8797,520.0414,25.6134,39.2,26.656,21.56,20.384,Our World in Data / WHO,2026-09-30 02:09:06
6152,VCT,Saint Vincent and the Grenadines,2019,241.9984,351,241.9984,520.2966,25.6259,39.3,26.724,21.2,20.436,Our World in Data / WHO,2026-09-30 02:09:06
6153,VCT,Saint Vincent and the Grenadines,2020,273.0561,398,273.0561,587.0706,28.9147,39.3,26.724,20.6,20.436,Our World in Data / WHO,2026-09-30 02:09:06
6154,VCT,Saint Vincent and the Grenadines,2021,263.0758,380,263.0758,565.613,27.8579,39.3,26.724,20.175,20.436,Our World in Data / WHO,2026-09-30 02:09:06
6155,VEN,Venezuela,1990,215.0797,28068,215.0797,462.4214,22.7754,36.6,24.888,31.1,19.032,Our World in Data / WHO,2026-09-30 02:09:06
6156,VEN,Venezuela,1991,215.0797,28068,215.0797,462.4214,22.7754,36.8,25.024,31.1,19.136,Our World in Data / WHO,2026-09-30 02:09:06
6157,VEN,Venezuela,1992,215.0797,28068,215.0797,462.4214,22.7754,37.0,25.16,31.1,19.24,Our World in Data / WHO,2026-09-30 02:09:06
6158,VEN,Venezuela,1993,215.0797,28068,215.0797,462.4214,22.7754,37.2,25.296,31.1,19.344,Our World in Data / WHO,2026-09-30 02:09:06
6159,VEN,Venezuela,1994,215.0797,28068,215.0797,462.4214,22.7754,37.4,25.432,31.1,19.448,Our World in Data / WHO,2026-09-30 02:09:06
6160,VEN,Venezuela,1995,215.0797,28068,215.0797,462.4214,22.7754,37.6,25.568,31.1,19.552,Our World in Data / WHO,2026-09-30 02:09:06
6161,VEN,Venezuela,1996,215.0797,28068,215.0797,462.4214,22.7754,37.8,25.704,31.1,19.656,Our World in Data / WHO,2026-09-30 02:09:06
6162,VEN,Venezuela,1997,215.0797,28068,215.0797,462.4214,22.7754,38.0,25.84,31.1,19.76,Our World in Data / WHO,2026-09-30 02:09:06
6163,VEN,Venezuela,1998,215.0797,28068,215.0797,462.4214,22.7754,38.2,25.976,31.1,19.864,Our World in Data / WHO,2026-09-30 02:09:06
6164,VEN,Venezuela,1999,215.0797,28068,215.0797,462.4214,22.7754,38.3,26.044,31.1,19.916,Our World in Data / WHO,2026-09-30 02:09:06
6165,VEN,Venezuela,2000,215.0797,28068,215.0797,462.4214,22.7754,38.5,26.18,31.1,20.02,Our World in Data / WHO,2026-09-30 02:09:06
6166,VEN,Venezuela,2001,215.9394,29349,215.9394,464.2697,22.8665,38.6,26.248,29.84,20.072,Our World in Data / WHO,2026-09-30 02:09:06
6167,VEN,Venezuela,2002,198.5886,28162,198.5886,426.9655,21.0292,38.7,26.316,29.18,20.124,Our World in Data / WHO,2026-09-30 02:09:06
6168,VEN,Venezuela,2003,206.9695,30503,206.9695,444.9844,21.9166,38.9,26.452,28.72,20.228,Our World in Data / WHO,2026-09-30 02:09:06
6169,VEN,Venezuela,2004,193.7006,29872,193.7006,416.4563,20.5115,39.0,26.52,28.26,20.28,Our World in Data / WHO,2026-09-30 02:09:06
6170,VEN,Venezuela,2005,188.3691,30336,188.3691,404.9936,19.947,39.1,26.588,27.8,20.332,Our World in Data / WHO,2026-09-30 02:09:06
6171,VEN,Venezuela,2006,183.7425,30912,183.7425,395.0464,19.4571,39.3,26.724,27.5,20.436,Our World in Data / WHO,2026-09-30 02:09:06
6172,VEN,Venezuela,2007,182.1284,31994,182.1284,391.5761,19.2861,39.4,26.792,26.9,20.488,Our World in Data / WHO,2026-09-30 02:09:06
6173,VEN,Venezuela,2008,184.3865,33634,184.3865,396.431,19.5252,39.5,26.86,26.5333,20.54,Our World in Data / WHO,2026-09-30 02:09:06
6174,VEN,Venezuela,2009,177.9164,33969,177.9164,382.5203,18.8401,39.6,26.928,25.8667,20.592,Our World in Data / WHO,2026-09-30 02:09:06
6175,VEN,Venezuela,2010,180.6677,35738,180.6677,388.4356,19.1315,39.7,26.996,25.2,20.644,Our World in Data / WHO,2026-09-30 02:09:06
6176,VEN,Venezuela,2011,182.1158,37400,182.1158,391.549,19.2848,39.7,26.996,24.86,20.644,Our World in Data / WHO,2026-09-30 02:09:06
6177,VEN,Venezuela,2012,176.0071,37489,176.0071,378.4153,18.6379,39.7,26.996,24.22,20.644,Our World in Data / WHO,2026-09-30 02:09:06
6178,VEN,Venezuela,2013,169.2293,37365,169.2293,363.843,17.9202,39.7,26.996,23.76,20.644,Our World in Data / WHO,2026-09-30 02:09:06
6179,VEN,Venezuela,2014,182.7379,41561,182.7379,392.8865,19.3507,39.7,26.996,23.16,20.644,Our World in Data / WHO,2026-09-30 02:09:06
6180,VEN,Venezuela,2015,185.9404,44019,185.9404,399.7719,19.6898,39.6,26.928,22.6,20.592,Our World in Data / WHO,2026-09-30 02:09:06
6181,VEN,Venezuela,2016,206.6037,50861,206.6037,444.198,21.8779,39.5,26.86,22.34,20.54,Our World in Data / WHO,2026-09-30 02:09:06
6182,VEN,Venezuela,2017,197.0095,49522,197.0095,423.5704,20.8619,39.5,26.86,21.98,20.54,Our World in Data / WHO,2026-09-30 02:09:06
6183,VEN,Venezuela,2018,197.0097,50308,197.0097,423.5709,20.862,39.5,26.86,21.56,20.54,Our World in Data / WHO,2026-09-30 02:09:06
6184,VEN,Venezuela,2019,200.5723,52120,200.5723,431.2304,21.2392,39.4,26.792,21.2,20.488,Our World in Data / WHO,2026-09-30 02:09:06
6185,VEN,Venezuela,2020,233.6327,61929,233.6327,502.3103,24.7401,39.4,26.792,20.6,20.488,Our World in Data / WHO,2026-09-30 02:09:06
6186,VEN,Venezuela,2021,239.2844,64649,239.2844,514.4615,25.3386,39.4,26.792,20.175,20.488,Our World in Data / WHO,2026-09-30 02:09:06
6187,VNM,Vietnam,1990,272.964,149848,272.964,586.8726,28.905,25.3,17.204,31.9,13.156,Our World in Data / WHO,2026-09-30 02:09:06
6188,VNM,Vietnam,1991,272.964,149848,272.964,586.8726,28.905,25.4,17.272,31.9,13.208,Our World in Data / WHO,2026-09-30 02:09:06
6189,VNM,Vietnam,1992,272.964,149848,272.964,586.8726,28.905,25.5,17.34,31.9,13.26,Our World in Data / WHO,2026-09-30 02:09:06
6190,VNM,Vietnam,1993,272.964,149848,272.964,586.8726,28.905,25.6,17.408,31.9,13.312,Our World in Data / WHO,2026-09-30 02:09:06
6191,VNM,Vietnam,1994,272.964,149848,272.964,586.8726,28.905,25.7,17.476,31.9,13.364,Our World in Data / WHO,2026-09-30 02:09:06
6192,VNM,Vietnam,1995,272.964,149848,272.964,586.8726,28.905,25.7,17.476,31.9,13.364,Our World in Data / WHO,2026-09-30 02:09:06
6193,VNM,Vietnam,1996,272.964,149848,272.964,586.8726,28.905,25.8,17.544,31.9,13.416,Our World in Data / WHO,2026-09-30 02:09:06
6194,VNM,Vietnam,1997,272.964,149848,272.964,586.8726,28.905,25.9,17.612,31.9,13.468,Our World in Data / WHO,2026-09-30 02:09:06
6195,VNM,Vietnam,1998,272.964,149848,272.964,586.8726,28.905,26.1,17.748,31.9,13.572,Our World in Data / WHO,2026-09-30 02:09:06
6196,VNM,Vietnam,1999,272.964,149848,272.964,586.8726,28.905,26.2,17.816,31.9,13.624,Our World in Data / WHO,2026-09-30 02:09:06
6197,VNM,Vietnam,2000,272.964,149848,272.964,586.8726,28.905,26.4,17.952,31.9,13.728,Our World in Data / WHO,2026-09-30 02:09:06
6198,VNM,Vietnam,2001,275.7086,155846,275.7086,592.7735,29.1956,26.6,18.088,31.34,13.832,Our World in Data / WHO,2026-09-30 02:09:06
6199,VNM,Vietnam,2002,277.5984,161560,277.5984,596.8366,29.3957,26.9,18.292,30.78,13.988,Our World in Data / WHO,2026-09-30 02:09:06
6200,VNM,Vietnam,2003,280.7337,168135,280.7337,603.5775,29.7277,27.1,18.428,30.22,14.092,Our World in Data / WHO,2026-09-30 02:09:06
6201,VNM,Vietnam,2004,286.9702,176698,286.9702,616.9859,30.3882,27.4,18.632,29.66,14.248,Our World in Data / WHO,2026-09-30 02:09:06
6202,VNM,Vietnam,2005,290.8031,183966,290.8031,625.2267,30.794,27.7,18.836,29.1,14.404,Our World in Data / WHO,2026-09-30 02:09:06
6203,VNM,Vietnam,2006,295.3861,191849,295.3861,635.0801,31.2793,28.0,19.04,28.45,14.56,Our World in Data / WHO,2026-09-30 02:09:06
6204,VNM,Vietnam,2007,301.7921,201284,301.7921,648.853,31.9577,28.2,19.176,27.8,14.664,Our World in Data / WHO,2026-09-30 02:09:06
6205,VNM,Vietnam,2008,306.1662,209832,306.1662,658.2573,32.4209,28.4,19.312,27.3667,14.768,Our World in Data / WHO,2026-09-30 02:09:06
6206,VNM,Vietnam,2009,308.5912,217247,308.5912,663.4711,32.6777,28.5,19.38,26.9333,14.82,Our World in Data / WHO,2026-09-30 02:09:06
6207,VNM,Vietnam,2010,310.3884,224387,310.3884,667.3351,32.868,28.6,19.448,26.5,14.872,Our World in Data / WHO,2026-09-30 02:09:06
6208,VNM,Vietnam,2011,308.3857,228826,308.3857,663.0293,32.6559,28.7,19.516,26.04,14.924,Our World in Data / WHO,2026-09-30 02:09:06
6209,VNM,Vietnam,2012,305.7455,232865,305.7455,657.3528,32.3763,28.8,19.584,25.58,14.976,Our World in Data / WHO,2026-09-30 02:09:06
6210,VNM,Vietnam,2013,304.4639,238245,304.4639,654.5974,32.2406,28.9,19.652,25.12,15.028,Our World in Data / WHO,2026-09-30 02:09:06
6211,VNM,Vietnam,2014,302.965,243558,302.965,651.3747,32.0819,29.0,19.72,24.66,15.08,Our World in Data / WHO,2026-09-30 02:09:06
6212,VNM,Vietnam,2015,302.7657,250284,302.7657,650.9463,32.0608,29.1,19.788,24.2,15.132,Our World in Data / WHO,2026-09-30 02:09:06
6213,VNM,Vietnam,2016,299.9701,254779,299.9701,644.9357,31.7648,29.2,19.856,23.84,15.184,Our World in Data / WHO,2026-09-30 02:09:06
6214,VNM,Vietnam,2017,295.505,257767,295.505,635.3358,31.2919,29.4,19.992,23.48,15.288,Our World in Data / WHO,2026-09-30 02:09:06
6215,VNM,Vietnam,2018,292.6784,262692,292.6784,629.2586,30.9926,29.5,20.06,23.12,15.34,Our World in Data / WHO,2026-09-30 02:09:06
6216,VNM,Vietnam,2019,290.624,268630,290.624,624.8416,30.7751,29.7,20.196,22.76,15.444,Our World in Data / WHO,2026-09-30 02:09:06
6217,VNM,Vietnam,2020,263.0905,251540,263.0905,565.6446,27.8595,29.7,20.196,22.4,15.444,Our World in Data / WHO,2026-09-30 02:09:06
6218,VNM,Vietnam,2021,277.5499,275877,277.5499,596.7323,29.3906,29.7,20.196,22.05,15.444,Our World in Data / WHO,2026-09-30 02:09:06
6219,VNM,Vietnam,2022,277.5499,275877,277.5499,596.7323,29.3906,29.7,20.196,21.7,15.444,Our World in Data / WHO,2026-09-30 02:09:06
6220,VUT,Vanuatu,1990,660.356,520,660.356,1419.7654,58.0,33.6,22.848,27.4,17.472,Our World in Data / WHO,2026-09-30 02:09:06
6221,VUT,Vanuatu,1991,660.356,520,660.356,1419.7654,58.0,33.6,22.848,27.4,17.472,Our World in Data / WHO,2026-09-30 02:09:06
6222,VUT,Vanuatu,1992,660.356,520,660.356,1419.7654,58.0,33.6,22.848,27.4,17.472,Our World in Data / WHO,2026-09-30 02:09:06
6223,VUT,Vanuatu,1993,660.356,520,660.356,1419.7654,58.0,33.6,22.848,27.4,17.472,Our World in Data / WHO,2026-09-30 02:09:06
6224,VUT,Vanuatu,1994,660.356,520,660.356,1419.7654,58.0,33.7,22.916,27.4,17.524,Our World in Data / WHO,2026-09-30 02:09:06
6225,VUT,Vanuatu,1995,660.356,520,660.356,1419.7654,58.0,33.7,22.916,27.4,17.524,Our World in Data / WHO,2026-09-30 02:09:06
6226,VUT,Vanuatu,1996,660.356,520,660.356,1419.7654,58.0,33.8,22.984,27.4,17.576,Our World in Data / WHO,2026-09-30 02:09:06
6227,VUT,Vanuatu,1997,660.356,520,660.356,1419.7654,58.0,33.9,23.052,27.4,17.628,Our World in Data / WHO,2026-09-30 02:09:06
6228,VUT,Vanuatu,1998,660.356,520,660.356,1419.7654,58.0,34.0,23.12,27.4,17.68,Our World in Data / WHO,2026-09-30 02:09:06
6229,VUT,Vanuatu,1999,660.356,520,660.356,1419.7654,58.0,34.1,23.188,27.4,17.732,Our World in Data / WHO,2026-09-30 02:09:06
6230,VUT,Vanuatu,2000,660.356,520,660.356,1419.7654,58.0,34.3,23.324,27.4,17.836,Our World in Data / WHO,2026-09-30 02:09:06
6231,VUT,Vanuatu,2001,666.4103,546,666.4103,1432.7821,58.0,34.5,23.46,27.26,17.94,Our World in Data / WHO,2026-09-30 02:09:06
6232,VUT,Vanuatu,2002,669.7562,569,669.7562,1439.9758,58.0,34.8,23.664,27.12,18.096,Our World in Data / WHO,2026-09-30 02:09:06
6233,VUT,Vanuatu,2003,669.4329,589,669.4329,1439.2807,58.0,35.0,23.8,26.98,18.2,Our World in Data / WHO,2026-09-30 02:09:06
6234,VUT,Vanuatu,2004,668.518,609,668.518,1437.3137,58.0,35.3,24.004,26.84,18.356,Our World in Data / WHO,2026-09-30 02:09:06
6235,VUT,Vanuatu,2005,662.8766,626,662.8766,1425.1847,58.0,35.6,24.208,26.7,18.512,Our World in Data / WHO,2026-09-30 02:09:06
6236,VUT,Vanuatu,2006,673.9021,659,673.9021,1448.8895,58.0,36.0,24.48,26.55,18.72,Our World in Data / WHO,2026-09-30 02:09:06
6237,VUT,Vanuatu,2007,668.2186,676,668.2186,1436.67,58.0,36.3,24.684,26.4,18.876,Our World in Data / WHO,2026-09-30 02:09:06
6238,VUT,Vanuatu,2008,661.8607,693,661.8607,1423.0005,58.0,36.7,24.956,26.2667,19.084,Our World in Data / WHO,2026-09-30 02:09:06
6239,VUT,Vanuatu,2009,665.2203,725,665.2203,1430.2236,58.0,37.0,25.16,26.1333,19.24,Our World in Data / WHO,2026-09-30 02:09:06
6240,VUT,Vanuatu,2010,643.0733,735,643.0733,1382.6076,58.0,37.4,25.432,26.0,19.448,Our World in Data / WHO,2026-09-30 02:09:06
6241,VUT,Vanuatu,2011,624.6807,751,624.6807,1343.0635,58.0,37.7,25.636,25.86,19.604,Our World in Data / WHO,2026-09-30 02:09:06
6242,VUT,Vanuatu,2012,609.1993,768,609.1993,1309.7785,58.0,37.9,25.772,25.72,19.708,Our World in Data / WHO,2026-09-30 02:09:06
6243,VUT,Vanuatu,2013,588.7387,775,588.7387,1265.7882,58.0,38.2,25.976,25.58,19.864,Our World in Data / WHO,2026-09-30 02:09:06
6244,VUT,Vanuatu,2014,567.4467,779,567.4467,1220.0104,58.0,38.4,26.112,25.44,19.968,Our World in Data / WHO,2026-09-30 02:09:06
6245,VUT,Vanuatu,2015,556.9258,797,556.9258,1197.3905,58.0,38.6,26.248,25.3,20.072,Our World in Data / WHO,2026-09-30 02:09:06
6246,VUT,Vanuatu,2016,540.9542,806,540.9542,1163.0515,57.2833,38.8,26.384,25.26,20.176,Our World in Data / WHO,2026-09-30 02:09:06
6247,VUT,Vanuatu,2017,532.8555,818,532.8555,1145.6393,56.4257,39.0,26.52,25.22,20.28,Our World in Data / WHO,2026-09-30 02:09:06
6248,VUT,Vanuatu,2018,529.7731,833,529.7731,1139.0122,56.0993,39.3,26.724,25.18,20.436,Our World in Data / WHO,2026-09-30 02:09:06
6249,VUT,Vanuatu,2019,528.025,851,528.025,1135.2537,55.9142,39.5,26.86,25.14,20.54,Our World in Data / WHO,2026-09-30 02:09:06
6250,VUT,Vanuatu,2020,534.7503,878,534.7503,1149.7131,56.6263,39.5,26.86,25.1,20.54,Our World in Data / WHO,2026-09-30 02:09:06
6251,VUT,Vanuatu,2021,518.9927,869,518.9927,1115.8343,54.9577,39.5,26.86,25.05,20.54,Our World in Data / WHO,2026-09-30 02:09:06
6252,VUT,Vanuatu,2022,518.9927,869,518.9927,1115.8343,54.9577,39.5,26.86,25.0,20.54,Our World in Data / WHO,2026-09-30 02:09:06
6253,WSM,Samoa,1990,362.1883,350,362.1883,778.7048,38.3532,31.3,21.284,38.0,16.276,Our World in Data / WHO,2026-09-30 02:09:06
6254,WSM,Samoa,1991,362.1883,350,362.1883,778.7048,38.3532,31.2,21.216,38.0,16.224,Our World in Data / WHO,2026-09-30 02:09:06
6255,WSM,Samoa,1992,362.1883,350,362.1883,778.7048,38.3532,31.0,21.08,38.0,16.12,Our World in Data / WHO,2026-09-30 02:09:06
6256,WSM,Samoa,1993,362.1883,350,362.1883,778.7048,38.3532,30.9,21.012,38.0,16.068,Our World in Data / WHO,2026-09-30 02:09:06
6257,WSM,Samoa,1994,362.1883,350,362.1883,778.7048,38.3532,30.8,20.944,38.0,16.016,Our World in Data / WHO,2026-09-30 02:09:06
6258,WSM,Samoa,1995,362.1883,350,362.1883,778.7048,38.3532,30.7,20.876,38.0,15.964,Our World in Data / WHO,2026-09-30 02:09:06
6259,WSM,Samoa,1996,362.1883,350,362.1883,778.7048,38.3532,30.7,20.876,38.0,15.964,Our World in Data / WHO,2026-09-30 02:09:06
6260,WSM,Samoa,1997,362.1883,350,362.1883,778.7048,38.3532,30.7,20.876,38.0,15.964,Our World in Data / WHO,2026-09-30 02:09:06
6261,WSM,Samoa,1998,362.1883,350,362.1883,778.7048,38.3532,30.8,20.944,38.0,16.016,Our World in Data / WHO,2026-09-30 02:09:06
6262,WSM,Samoa,1999,362.1883,350,362.1883,778.7048,38.3532,30.9,21.012,38.0,16.068,Our World in Data / WHO,2026-09-30 02:09:06
6263,WSM,Samoa,2000,362.1883,350,362.1883,778.7048,38.3532,31.1,21.148,38.0,16.172,Our World in Data / WHO,2026-09-30 02:09:06
6264,WSM,Samoa,2001,362.744,356,362.744,779.8996,38.4121,31.3,21.284,37.22,16.276,Our World in Data / WHO,2026-09-30 02:09:06
6265,WSM,Samoa,2002,361.9453,361,361.9453,778.1824,38.3275,31.5,21.42,36.44,16.38,Our World in Data / WHO,2026-09-30 02:09:06
6266,WSM,Samoa,2003,360.541,370,360.541,775.1632,38.1788,31.8,21.624,35.66,16.536,Our World in Data / WHO,2026-09-30 02:09:06
6267,WSM,Samoa,2004,354.8709,376,354.8709,762.9724,37.5784,32.2,21.896,34.88,16.744,Our World in Data / WHO,2026-09-30 02:09:06
6268,WSM,Samoa,2005,351.8158,386,351.8158,756.404,37.2548,32.6,22.168,34.1,16.952,Our World in Data / WHO,2026-09-30 02:09:06
6269,WSM,Samoa,2006,348.2886,392,348.2886,748.8205,36.8813,33.0,22.44,33.4,17.16,Our World in Data / WHO,2026-09-30 02:09:06
6270,WSM,Samoa,2007,346.9099,399,346.9099,745.8563,36.7353,33.5,22.78,32.7,17.42,Our World in Data / WHO,2026-09-30 02:09:06
6271,WSM,Samoa,2008,346.8912,406,346.8912,745.8161,36.7334,34.0,23.12,32.0333,17.68,Our World in Data / WHO,2026-09-30 02:09:06
6272,WSM,Samoa,2009,339.038,401,339.038,728.9317,35.9018,34.5,23.46,31.3667,17.94,Our World in Data / WHO,2026-09-30 02:09:06
6273,WSM,Samoa,2010,346.5747,418,346.5747,745.1356,36.6999,35.0,23.8,30.7,18.2,Our World in Data / WHO,2026-09-30 02:09:06
6274,WSM,Samoa,2011,346.4278,425,346.4278,744.8198,36.6843,35.4,24.072,30.08,18.408,Our World in Data / WHO,2026-09-30 02:09:06
6275,WSM,Samoa,2012,349.9517,437,349.9517,752.3962,37.0575,35.8,24.344,29.46,18.616,Our World in Data / WHO,2026-09-30 02:09:06
6276,WSM,Samoa,2013,349.5013,444,349.5013,751.4278,37.0098,36.2,24.616,28.84,18.824,Our World in Data / WHO,2026-09-30 02:09:06
6277,WSM,Samoa,2014,356.5271,461,356.5271,766.5333,37.7537,36.6,24.888,28.22,19.032,Our World in Data / WHO,2026-09-30 02:09:06
6278,WSM,Samoa,2015,359.7674,471,359.7674,773.4999,38.0969,36.9,25.092,27.6,19.188,Our World in Data / WHO,2026-09-30 02:09:06
6279,WSM,Samoa,2016,364.517,483,364.517,783.7116,38.5998,37.3,25.364,27.06,19.396,Our World in Data / WHO,2026-09-30 02:09:06
6280,WSM,Samoa,2017,361.313,487,361.313,776.823,38.2605,37.6,25.568,26.52,19.552,Our World in Data / WHO,2026-09-30 02:09:06
6281,WSM,Samoa,2018,355.6513,492,355.6513,764.6503,37.661,38.0,25.84,25.98,19.76,Our World in Data / WHO,2026-09-30 02:09:06
6282,WSM,Samoa,2019,348.9524,497,348.9524,750.2477,36.9516,38.3,26.044,25.44,19.916,Our World in Data / WHO,2026-09-30 02:09:06
6283,WSM,Samoa,2020,350.0758,511,350.0758,752.663,37.0706,38.3,26.044,24.9,19.916,Our World in Data / WHO,2026-09-30 02:09:06
6284,WSM,Samoa,2021,347.6784,517,347.6784,747.5086,36.8167,38.3,26.044,24.5,19.916,Our World in Data / WHO,2026-09-30 02:09:06
6285,WSM,Samoa,2022,347.6784,517,347.6784,747.5086,36.8167,38.3,26.044,24.1,19.916,Our World in Data / WHO,2026-09-30 02:09:06
6286,YEM,Yemen,1990,499.7822,34322,499.7822,1074.5317,52.9235,30.6,20.808,31.1,15.912,Our World in Data / WHO,2026-09-30 02:09:06
6287,YEM,Yemen,1991,499.7822,34322,499.7822,1074.5317,52.9235,30.4,20.672,31.1,15.808,Our World in Data / WHO,2026-09-30 02:09:06
6288,YEM,Yemen,1992,499.7822,34322,499.7822,1074.5317,52.9235,30.3,20.604,31.1,15.756,Our World in Data / WHO,2026-09-30 02:09:06
6289,YEM,Yemen,1993,499.7822,34322,499.7822,1074.5317,52.9235,30.2,20.536,31.1,15.704,Our World in Data / WHO,2026-09-30 02:09:06
6290,YEM,Yemen,1994,499.7822,34322,499.7822,1074.5317,52.9235,30.1,20.468,31.1,15.652,Our World in Data / WHO,2026-09-30 02:09:06
6291,YEM,Yemen,1995,499.7822,34322,499.7822,1074.5317,52.9235,30.0,20.4,31.1,15.6,Our World in Data / WHO,2026-09-30 02:09:06
6292,YEM,Yemen,1996,499.7822,34322,499.7822,1074.5317,52.9235,29.9,20.332,31.1,15.548,Our World in Data / WHO,2026-09-30 02:09:06
6293,YEM,Yemen,1997,499.7822,34322,499.7822,1074.5317,52.9235,29.8,20.264,31.1,15.496,Our World in Data / WHO,2026-09-30 02:09:06
6294,YEM,Yemen,1998,499.7822,34322,499.7822,1074.5317,52.9235,29.8,20.264,31.1,15.496,Our World in Data / WHO,2026-09-30 02:09:06
6295,YEM,Yemen,1999,499.7822,34322,499.7822,1074.5317,52.9235,29.7,20.196,31.1,15.444,Our World in Data / WHO,2026-09-30 02:09:06
6296,YEM,Yemen,2000,499.7822,34322,499.7822,1074.5317,52.9235,29.6,20.128,31.1,15.392,Our World in Data / WHO,2026-09-30 02:09:06
6297,YEM,Yemen,2001,490.8772,34637,490.8772,1055.386,51.9805,29.6,20.128,29.84,15.392,Our World in Data / WHO,2026-09-30 02:09:06
6298,YEM,Yemen,2002,480.1699,34757,480.1699,1032.3653,50.8467,29.5,20.06,29.18,15.34,Our World in Data / WHO,2026-09-30 02:09:06
6299,YEM,Yemen,2003,469.6165,34742,469.6165,1009.6755,49.7291,29.4,19.992,28.72,15.288,Our World in Data / WHO,2026-09-30 02:09:06
6300,YEM,Yemen,2004,462.3204,35004,462.3204,993.9889,48.9565,29.3,19.924,28.26,15.236,Our World in Data / WHO,2026-09-30 02:09:06
6301,YEM,Yemen,2005,453.0572,35493,453.0572,974.073,47.9756,29.2,19.856,27.8,15.184,Our World in Data / WHO,2026-09-30 02:09:06
6302,YEM,Yemen,2006,443.9395,35761,443.9395,954.4699,47.0101,29.1,19.788,27.5,15.132,Our World in Data / WHO,2026-09-30 02:09:06
6303,YEM,Yemen,2007,440.6561,36921,440.6561,947.4106,46.6624,29.0,19.72,26.9,15.08,Our World in Data / WHO,2026-09-30 02:09:06
6304,YEM,Yemen,2008,435.9646,37738,435.9646,937.3239,46.1656,28.9,19.652,26.5333,15.028,Our World in Data / WHO,2026-09-30 02:09:06
6305,YEM,Yemen,2009,430.2666,38374,430.2666,925.0732,45.5622,28.9,19.652,25.8667,15.028,Our World in Data / WHO,2026-09-30 02:09:06
6306,YEM,Yemen,2010,423.6203,38875,423.6203,910.7836,44.8584,28.9,19.652,25.2,15.028,Our World in Data / WHO,2026-09-30 02:09:06
6307,YEM,Yemen,2011,419.5403,39633,419.5403,902.0116,44.4264,29.0,19.72,24.86,15.08,Our World in Data / WHO,2026-09-30 02:09:06
6308,YEM,Yemen,2012,417.5918,40690,417.5918,897.8224,44.2201,29.0,19.72,24.22,15.08,Our World in Data / WHO,2026-09-30 02:09:06
6309,YEM,Yemen,2013,414.5761,41738,414.5761,891.3386,43.9007,29.1,19.788,23.76,15.132,Our World in Data / WHO,2026-09-30 02:09:06
6310,YEM,Yemen,2014,409.4328,42489,409.4328,880.2805,43.3561,29.1,19.788,23.16,15.132,Our World in Data / WHO,2026-09-30 02:09:06
6311,YEM,Yemen,2015,407.1406,43534,407.1406,875.3523,43.1134,29.1,19.788,22.6,15.132,Our World in Data / WHO,2026-09-30 02:09:06
6312,YEM,Yemen,2016,409.7737,45171,409.7737,881.0135,43.3922,29.2,19.856,22.34,15.184,Our World in Data / WHO,2026-09-30 02:09:06
6313,YEM,Yemen,2017,411.2093,46681,411.2093,884.1,43.5442,29.2,19.856,21.98,15.184,Our World in Data / WHO,2026-09-30 02:09:06
6314,YEM,Yemen,2018,412.5851,48099,412.5851,887.058,43.6899,29.3,19.924,21.56,15.236,Our World in Data / WHO,2026-09-30 02:09:06
6315,YEM,Yemen,2019,416.7909,49950,416.7909,896.1004,44.1353,29.3,19.924,21.2,15.236,Our World in Data / WHO,2026-09-30 02:09:06
6316,YEM,Yemen,2020,432.5449,52651,432.5449,929.9715,45.8035,29.3,19.924,20.6,15.236,Our World in Data / WHO,2026-09-30 02:09:06
6317,YEM,Yemen,2021,406.9674,51515,406.9674,874.9799,43.095,29.3,19.924,20.175,15.236,Our World in Data / WHO,2026-09-30 02:09:06
6318,ZAF,South Africa,1990,203.9998,54274,203.9998,438.5996,21.6022,34.8,23.664,22.6,18.096,Our World in Data / WHO,2026-09-30 02:09:06
6319,ZAF,South Africa,1991,203.9998,54274,203.9998,438.5996,21.6022,35.1,23.868,22.6,18.252,Our World in Data / WHO,2026-09-30 02:09:06
6320,ZAF,South Africa,1992,203.9998,54274,203.9998,438.5996,21.6022,35.5,24.14,22.6,18.46,Our World in Data / WHO,2026-09-30 02:09:06
6321,ZAF,South Africa,1993,203.9998,54274,203.9998,438.5996,21.6022,35.8,24.344,22.6,18.616,Our World in Data / WHO,2026-09-30 02:09:06
6322,ZAF,South Africa,1994,203.9998,54274,203.9998,438.5996,21.6022,36.2,24.616,22.6,18.824,Our World in Data / WHO,2026-09-30 02:09:06
6323,ZAF,South Africa,1995,203.9998,54274,203.9998,438.5996,21.6022,36.6,24.888,22.6,19.032,Our World in Data / WHO,2026-09-30 02:09:06
6324,ZAF,South Africa,1996,203.9998,54274,203.9998,438.5996,21.6022,37.0,25.16,22.6,19.24,Our World in Data / WHO,2026-09-30 02:09:06
6325,ZAF,South Africa,1997,203.9998,54274,203.9998,438.5996,21.6022,37.5,25.5,22.6,19.5,Our World in Data / WHO,2026-09-30 02:09:06
6326,ZAF,South Africa,1998,203.9998,54274,203.9998,438.5996,21.6022,38.0,25.84,22.6,19.76,Our World in Data / WHO,2026-09-30 02:09:06
6327,ZAF,South Africa,1999,203.9998,54274,203.9998,438.5996,21.6022,38.6,26.248,22.6,20.072,Our World in Data / WHO,2026-09-30 02:09:06
6328,ZAF,South Africa,2000,203.9998,54274,203.9998,438.5996,21.6022,39.2,26.656,22.6,20.384,Our World in Data / WHO,2026-09-30 02:09:06
6329,ZAF,South Africa,2001,199.2854,54706,199.2854,428.4636,21.1029,39.9,27.132,22.64,20.748,Our World in Data / WHO,2026-09-30 02:09:06
6330,ZAF,South Africa,2002,213.5435,60618,213.5435,459.1185,22.6128,40.7,27.676,22.68,21.164,Our World in Data / WHO,2026-09-30 02:09:06
6331,ZAF,South Africa,2003,221.1204,64923,221.1204,475.4089,23.4151,41.5,28.22,22.72,21.58,Our World in Data / WHO,2026-09-30 02:09:06
6332,ZAF,South Africa,2004,218.7719,65935,218.7719,470.3596,23.1664,42.3,28.764,22.76,21.996,Our World in Data / WHO,2026-09-30 02:09:06
6333,ZAF,South Africa,2005,214.7479,66600,214.7479,461.708,22.7403,43.0,29.24,22.8,22.36,Our World in Data / WHO,2026-09-30 02:09:06
6334,ZAF,South Africa,2006,231.1687,73577,231.1687,497.0127,24.4792,43.8,29.784,22.8,22.776,Our World in Data / WHO,2026-09-30 02:09:06
6335,ZAF,South Africa,2007,233.3155,76309,233.3155,501.6283,24.7065,44.4,30.192,22.8,23.088,Our World in Data / WHO,2026-09-30 02:09:06
6336,ZAF,South Africa,2008,237.259,80042,237.259,510.1068,25.1241,44.9,30.532,22.8667,23.348,Our World in Data / WHO,2026-09-30 02:09:06
6337,ZAF,South Africa,2009,233.4741,80660,233.4741,501.9693,24.7233,45.2,30.736,22.9333,23.504,Our World in Data / WHO,2026-09-30 02:09:06
6338,ZAF,South Africa,2010,254.3147,90703,254.3147,546.7766,26.9302,45.4,30.872,23.0,23.608,Our World in Data / WHO,2026-09-30 02:09:06
6339,ZAF,South Africa,2011,239.6919,87328,239.6919,515.3376,25.3817,45.5,30.94,23.04,23.66,Our World in Data / WHO,2026-09-30 02:09:06
6340,ZAF,South Africa,2012,238.4358,89202,238.4358,512.637,25.2487,45.4,30.872,23.08,23.608,Our World in Data / WHO,2026-09-30 02:09:06
6341,ZAF,South Africa,2013,231.747,89446,231.747,498.256,24.5404,45.3,30.804,23.12,23.556,Our World in Data / WHO,2026-09-30 02:09:06
6342,ZAF,South Africa,2014,232.4833,92404,232.4833,499.8391,24.6184,45.2,30.736,23.16,23.504,Our World in Data / WHO,2026-09-30 02:09:06
6343,ZAF,South Africa,2015,232.5384,95296,232.5384,499.9576,24.6242,45.0,30.6,23.2,23.4,Our World in Data / WHO,2026-09-30 02:09:06
6344,ZAF,South Africa,2016,225.6749,95201,225.6749,485.201,23.8974,44.8,30.464,23.24,23.296,Our World in Data / WHO,2026-09-30 02:09:06
6345,ZAF,South Africa,2017,214.2556,93522,214.2556,460.6495,22.6882,44.6,30.328,23.28,23.192,Our World in Data / WHO,2026-09-30 02:09:06
6346,ZAF,South Africa,2018,208.3503,94942,208.3503,447.9531,22.0628,44.4,30.192,23.32,23.088,Our World in Data / WHO,2026-09-30 02:09:06
6347,ZAF,South Africa,2019,198.9,94569,198.9,427.635,21.0621,44.1,29.988,23.36,22.932,Our World in Data / WHO,2026-09-30 02:09:06
6348,ZAF,South Africa,2020,227.6532,111137,227.6532,489.4544,24.1069,44.1,29.988,23.4,22.932,Our World in Data / WHO,2026-09-30 02:09:06
6349,ZAF,South Africa,2021,190.595,95364,190.595,409.7792,20.1827,44.1,29.988,23.45,22.932,Our World in Data / WHO,2026-09-30 02:09:06
6350,ZAF,South Africa,2022,190.595,95364,190.595,409.7792,20.1827,44.1,29.988,23.5,22.932,Our World in Data / WHO,2026-09-30 02:09:06
6351,ZMB,Zambia,1990,241.4355,7489,241.4355,519.0863,25.5663,34.3,23.324,19.8,17.836,Our World in Data / WHO,2026-09-30 02:09:06
6352,ZMB,Zambia,1991,241.4355,7489,241.4355,519.0863,25.5663,34.4,23.392,19.8,17.888,Our World in Data / WHO,2026-09-30 02:09:06
6353,ZMB,Zambia,1992,241.4355,7489,241.4355,519.0863,25.5663,34.6,23.528,19.8,17.992,Our World in Data / WHO,2026-09-30 02:09:06
6354,ZMB,Zambia,1993,241.4355,7489,241.4355,519.0863,25.5663,34.8,23.664,19.8,18.096,Our World in Data / WHO,2026-09-30 02:09:06
6355,ZMB,Zambia,1994,241.4355,7489,241.4355,519.0863,25.5663,34.9,23.732,19.8,18.148,Our World in Data / WHO,2026-09-30 02:09:06
6356,ZMB,Zambia,1995,241.4355,7489,241.4355,519.0863,25.5663,35.1,23.868,19.8,18.252,Our World in Data / WHO,2026-09-30 02:09:06
6357,ZMB,Zambia,1996,241.4355,7489,241.4355,519.0863,25.5663,35.3,24.004,19.8,18.356,Our World in Data / WHO,2026-09-30 02:09:06
6358,ZMB,Zambia,1997,241.4355,7489,241.4355,519.0863,25.5663,35.5,24.14,19.8,18.46,Our World in Data / WHO,2026-09-30 02:09:06
6359,ZMB,Zambia,1998,241.4355,7489,241.4355,519.0863,25.5663,35.7,24.276,19.8,18.564,Our World in Data / WHO,2026-09-30 02:09:06
6360,ZMB,Zambia,1999,241.4355,7489,241.4355,519.0863,25.5663,35.9,24.412,19.8,18.668,Our World in Data / WHO,2026-09-30 02:09:06
6361,ZMB,Zambia,2000,241.4355,7489,241.4355,519.0863,25.5663,36.2,24.616,19.8,18.824,Our World in Data / WHO,2026-09-30 02:09:06
6362,ZMB,Zambia,2001,239.6489,7499,239.6489,515.2451,25.3772,36.4,24.752,19.5,18.928,Our World in Data / WHO,2026-09-30 02:09:06
6363,ZMB,Zambia,2002,238.075,7506,238.075,511.8612,25.2105,36.6,24.888,19.2,19.032,Our World in Data / WHO,2026-09-30 02:09:06
6364,ZMB,Zambia,2003,232.3929,7333,232.3929,499.6447,24.6088,36.9,25.092,18.9,19.188,Our World in Data / WHO,2026-09-30 02:09:06
6365,ZMB,Zambia,2004,228.6641,7345,228.6641,491.6278,24.2139,37.1,25.228,18.6,19.292,Our World in Data / WHO,2026-09-30 02:09:06
6366,ZMB,Zambia,2005,219.7934,7157,219.7934,472.5558,23.2746,37.3,25.364,18.3,19.396,Our World in Data / WHO,2026-09-30 02:09:06
6367,ZMB,Zambia,2006,226.5873,7560,226.5873,487.1627,23.994,37.4,25.432,18.05,19.448,Our World in Data / WHO,2026-09-30 02:09:06
6368,ZMB,Zambia,2007,220.5165,7515,220.5165,474.1105,23.3512,37.4,25.432,17.8,19.448,Our World in Data / WHO,2026-09-30 02:09:06
6369,ZMB,Zambia,2008,223.2402,7718,223.2402,479.9664,23.6396,37.4,25.432,17.5333,19.448,Our World in Data / WHO,2026-09-30 02:09:06
6370,ZMB,Zambia,2009,219.7518,7704,219.7518,472.4664,23.2702,37.2,25.296,17.2667,19.344,Our World in Data / WHO,2026-09-30 02:09:06
6371,ZMB,Zambia,2010,218.4594,7894,218.4594,469.6877,23.1333,37.0,25.16,17.0,19.24,Our World in Data / WHO,2026-09-30 02:09:06
6372,ZMB,Zambia,2011,232.1364,8487,232.1364,499.0933,24.5816,36.6,24.888,16.78,19.032,Our World in Data / WHO,2026-09-30 02:09:06
6373,ZMB,Zambia,2012,230.2099,8660,230.2099,494.9513,24.3776,36.2,24.616,16.56,18.824,Our World in Data / WHO,2026-09-30 02:09:06
6374,ZMB,Zambia,2013,230.3615,8811,230.3615,495.2772,24.3937,35.7,24.276,16.34,18.564,Our World in Data / WHO,2026-09-30 02:09:06
6375,ZMB,Zambia,2014,232.6259,9120,232.6259,500.1457,24.6335,35.1,23.868,16.12,18.252,Our World in Data / WHO,2026-09-30 02:09:06
6376,ZMB,Zambia,2015,235.6788,9492,235.6788,506.7094,24.9567,34.6,23.528,15.9,17.992,Our World in Data / WHO,2026-09-30 02:09:06
6377,ZMB,Zambia,2016,236.5888,9798,236.5888,508.6659,25.0531,34.0,23.12,15.7,17.68,Our World in Data / WHO,2026-09-30 02:09:06
6378,ZMB,Zambia,2017,227.8515,9908,227.8515,489.8807,24.1279,33.4,22.712,15.5,17.368,Our World in Data / WHO,2026-09-30 02:09:06
6379,ZMB,Zambia,2018,231.2144,10328,231.2144,497.111,24.484,32.9,22.372,15.3,17.108,Our World in Data / WHO,2026-09-30 02:09:06
6380,ZMB,Zambia,2019,241.0765,11073,241.0765,518.3145,25.5283,32.3,21.964,15.1,16.796,Our World in Data / WHO,2026-09-30 02:09:06
6381,ZMB,Zambia,2020,277.8467,12916,277.8467,597.3704,29.422,32.3,21.964,14.9,16.796,Our World in Data / WHO,2026-09-30 02:09:06
6382,ZMB,Zambia,2021,288.6466,14751,288.6466,620.5902,30.5657,32.3,21.964,14.75,16.796,Our World in Data / WHO,2026-09-30 02:09:06
6383,ZMB,Zambia,2022,288.6466,14751,288.6466,620.5902,30.5657,32.3,21.964,14.6,16.796,Our World in Data / WHO,2026-09-30 02:09:06
6384,ZWE,Zimbabwe,1990,242.4941,11292,242.4941,521.3623,25.6784,38.1,25.908,21.3,19.812,Our World in Data / WHO,2026-09-30 02:09:06
6385,ZWE,Zimbabwe,1991,242.4941,11292,242.4941,521.3623,25.6784,38.2,25.976,21.3,19.864,Our World in Data / WHO,2026-09-30 02:09:06
6386,ZWE,Zimbabwe,1992,242.4941,11292,242.4941,521.3623,25.6784,38.4,26.112,21.3,19.968,Our World in Data / WHO,2026-09-30 02:09:06
6387,ZWE,Zimbabwe,1993,242.4941,11292,242.4941,521.3623,25.6784,38.6,26.248,21.3,20.072,Our World in Data / WHO,2026-09-30 02:09:06
6388,ZWE,Zimbabwe,1994,242.4941,11292,242.4941,521.3623,25.6784,38.8,26.384,21.3,20.176,Our World in Data / WHO,2026-09-30 02:09:06
6389,ZWE,Zimbabwe,1995,242.4941,11292,242.4941,521.3623,25.6784,39.0,26.52,21.3,20.28,Our World in Data / WHO,2026-09-30 02:09:06
6390,ZWE,Zimbabwe,1996,242.4941,11292,242.4941,521.3623,25.6784,39.2,26.656,21.3,20.384,Our World in Data / WHO,2026-09-30 02:09:06
6391,ZWE,Zimbabwe,1997,242.4941,11292,242.4941,521.3623,25.6784,39.4,26.792,21.3,20.488,Our World in Data / WHO,2026-09-30 02:09:06
6392,ZWE,Zimbabwe,1998,242.4941,11292,242.4941,521.3623,25.6784,39.7,26.996,21.3,20.644,Our World in Data / WHO,2026-09-30 02:09:06
6393,ZWE,Zimbabwe,1999,242.4941,11292,242.4941,521.3623,25.6784,40.0,27.2,21.3,20.8,Our World in Data / WHO,2026-09-30 02:09:06
6394,ZWE,Zimbabwe,2000,242.4941,11292,242.4941,521.3623,25.6784,40.4,27.472,21.3,21.008,Our World in Data / WHO,2026-09-30 02:09:06
6395,ZWE,Zimbabwe,2001,252.7207,11877,252.7207,543.3495,26.7614,40.7,27.676,20.72,21.164,Our World in Data / WHO,2026-09-30 02:09:06
6396,ZWE,Zimbabwe,2002,264.9817,12612,264.9817,569.7107,28.0597,41.1,27.948,20.14,21.372,Our World in Data / WHO,2026-09-30 02:09:06
6397,ZWE,Zimbabwe,2003,276.3241,13395,276.3241,594.0968,29.2608,41.5,28.22,19.56,21.58,Our World in Data / WHO,2026-09-30 02:09:06
6398,ZWE,Zimbabwe,2004,289.2652,14171,289.2652,621.9202,30.6312,42.0,28.56,18.98,21.84,Our World in Data / WHO,2026-09-30 02:09:06
6399,ZWE,Zimbabwe,2005,291.3742,14361,291.3742,626.4545,30.8545,42.4,28.832,18.4,22.048,Our World in Data / WHO,2026-09-30 02:09:06
6400,ZWE,Zimbabwe,2006,288.5952,14351,288.5952,620.4797,30.5602,42.7,29.036,17.85,22.204,Our World in Data / WHO,2026-09-30 02:09:06
6401,ZWE,Zimbabwe,2007,290.6312,14605,290.6312,624.8571,30.7758,43.0,29.24,17.3,22.36,Our World in Data / WHO,2026-09-30 02:09:06
6402,ZWE,Zimbabwe,2008,302.0928,15451,302.0928,649.4995,31.9895,43.2,29.376,16.8333,22.464,Our World in Data / WHO,2026-09-30 02:09:06
6403,ZWE,Zimbabwe,2009,306.7516,15757,306.7516,659.5159,32.4829,43.4,29.512,16.3667,22.568,Our World in Data / WHO,2026-09-30 02:09:06
6404,ZWE,Zimbabwe,2010,343.9466,18168,343.9466,739.4852,36.4216,43.4,29.512,15.9,22.568,Our World in Data / WHO,2026-09-30 02:09:06
6405,ZWE,Zimbabwe,2011,345.3495,18563,345.3495,742.5014,36.5701,43.4,29.512,15.5,22.568,Our World in Data / WHO,2026-09-30 02:09:06
6406,ZWE,Zimbabwe,2012,338.6276,18533,338.6276,728.0493,35.8583,43.3,29.444,15.1,22.516,Our World in Data / WHO,2026-09-30 02:09:06
6407,ZWE,Zimbabwe,2013,341.8244,19128,341.8244,734.9225,36.1968,43.2,29.376,14.7,22.464,Our World in Data / WHO,2026-09-30 02:09:06
6408,ZWE,Zimbabwe,2014,341.3009,19491,341.3009,733.7969,36.1414,43.1,29.308,14.3,22.412,Our World in Data / WHO,2026-09-30 02:09:06
6409,ZWE,Zimbabwe,2015,345.6058,20182,345.6058,743.0525,36.5973,42.9,29.172,13.9,22.308,Our World in Data / WHO,2026-09-30 02:09:06
6410,ZWE,Zimbabwe,2016,349.3694,20867,349.3694,751.1442,36.9958,42.8,29.104,13.56,22.256,Our World in Data / WHO,2026-09-30 02:09:06
6411,ZWE,Zimbabwe,2017,347.7427,21168,347.7427,747.6468,36.8235,42.6,28.968,13.22,22.152,Our World in Data / WHO,2026-09-30 02:09:06
6412,ZWE,Zimbabwe,2018,352.6547,21978,352.6547,758.2076,37.3437,42.4,28.832,12.88,22.048,Our World in Data / WHO,2026-09-30 02:09:06
6413,ZWE,Zimbabwe,2019,343.6494,21789,343.6494,738.8462,36.3901,42.3,28.764,12.54,21.996,Our World in Data / WHO,2026-09-30 02:09:06
6414,ZWE,Zimbabwe,2020,372.4498,23826,372.4498,800.7671,39.4398,42.3,28.764,12.2,21.996,Our World in Data / WHO,2026-09-30 02:09:06
6415,ZWE,Zimbabwe,2021,348.2601,23251,348.2601,748.7592,36.8783,42.3,28.764,11.9,21.996,Our World in Data / WHO,2026-09-30 02:09:06
6416,ZWE,Zimbabwe,2022,348.2601,23251,348.2601,748.7592,36.8783,42.3,28.764,11.6,21.996,Our World in Data / WHO,2026-09-30 02:09:06
