id,country_code,country_name,year,diabetes_prevalence_pct,diabetes_deaths_total,diabetes_deaths_per_100k,diabetes_age_std_rate,obesity_prevalence_pct,overweight_prevalence_pct,child_obesity_pct,mean_bmi_male,mean_bmi_female,diabetes_health_spend_usd,data_source,loaded_at
1,ABW,Aruba,2000,12.1,955,16.06,16.06,13.4739,24.9267,4.8506,24.356,25.225,705.8,Our World in Data / WHO,2026-09-30 02:09:07
2,ABW,Aruba,2011,12.4,1327,17.295,17.295,18.8889,34.9445,6.8,25.222,26.2,720.2,Our World in Data / WHO,2026-09-30 02:09:07
3,AFG,Afghanistan,1990,7.6,1884,9.64,9.64,1.7234,6.0,0.6204,22.476,23.11,489.8,Our World in Data / WHO,2026-09-30 02:09:07
4,AFG,Afghanistan,1991,7.6,1884,9.64,9.64,1.8581,6.0,0.6689,22.497,23.134,489.8,Our World in Data / WHO,2026-09-30 02:09:07
5,AFG,Afghanistan,1992,7.6,1884,9.64,9.64,2.0046,6.0,0.7217,22.521,23.161,489.8,Our World in Data / WHO,2026-09-30 02:09:07
6,AFG,Afghanistan,1993,7.6,1884,9.64,9.64,2.1637,6.0,0.7789,22.546,23.189,489.8,Our World in Data / WHO,2026-09-30 02:09:07
7,AFG,Afghanistan,1994,7.6,1884,9.64,9.64,2.3367,6.0,0.8412,22.574,23.221,489.8,Our World in Data / WHO,2026-09-30 02:09:07
8,AFG,Afghanistan,1995,7.6,1884,9.64,9.64,2.5251,6.0,0.909,22.604,23.255,489.8,Our World in Data / WHO,2026-09-30 02:09:07
9,AFG,Afghanistan,1996,7.6,1884,9.64,9.64,2.7307,6.0,0.9831,22.637,23.292,489.8,Our World in Data / WHO,2026-09-30 02:09:07
10,AFG,Afghanistan,1997,7.6,1884,9.64,9.64,2.956,6.0,1.0642,22.673,23.332,489.8,Our World in Data / WHO,2026-09-30 02:09:07
11,AFG,Afghanistan,1998,7.6,1884,9.64,9.64,3.2023,6.0,1.1528,22.712,23.376,489.8,Our World in Data / WHO,2026-09-30 02:09:07
12,AFG,Afghanistan,1999,7.6,1884,9.64,9.64,3.4706,6.4206,1.2494,22.755,23.425,489.8,Our World in Data / WHO,2026-09-30 02:09:07
13,AFG,Afghanistan,2000,7.6,1884,9.64,9.64,3.7624,6.9604,1.3545,22.802,23.477,489.8,Our World in Data / WHO,2026-09-30 02:09:07
14,AFG,Afghanistan,2001,7.6,1952,9.91,9.91,4.0771,7.5426,1.4678,22.852,23.534,489.8,Our World in Data / WHO,2026-09-30 02:09:07
15,AFG,Afghanistan,2002,7.6,2153,10.25,10.25,4.4148,8.1674,1.5893,22.906,23.595,489.8,Our World in Data / WHO,2026-09-30 02:09:07
16,AFG,Afghanistan,2003,7.6,2415,10.67,10.67,4.7739,8.8317,1.7186,22.964,23.659,489.8,Our World in Data / WHO,2026-09-30 02:09:07
17,AFG,Afghanistan,2004,7.6,2600,11.04,11.04,5.1538,9.5345,1.8554,23.025,23.728,489.8,Our World in Data / WHO,2026-09-30 02:09:07
18,AFG,Afghanistan,2005,7.6,2747,11.25,11.25,5.5559,10.2784,2.0001,23.089,23.8,489.8,Our World in Data / WHO,2026-09-30 02:09:07
19,AFG,Afghanistan,2006,7.6,2874,11.29,11.29,5.9814,11.0656,2.1533,23.157,23.877,489.8,Our World in Data / WHO,2026-09-30 02:09:07
20,AFG,Afghanistan,2007,7.6,2988,11.54,11.54,6.431,11.8974,2.3152,23.229,23.958,489.8,Our World in Data / WHO,2026-09-30 02:09:07
21,AFG,Afghanistan,2008,7.6,3064,11.59,11.59,6.905,12.7742,2.4858,23.305,24.043,489.8,Our World in Data / WHO,2026-09-30 02:09:07
22,AFG,Afghanistan,2009,7.6,3111,11.36,11.36,7.4033,13.6961,2.6652,23.385,24.133,489.8,Our World in Data / WHO,2026-09-30 02:09:07
23,AFG,Afghanistan,2010,7.6,3230,11.46,11.46,7.9254,14.662,2.8531,23.468,24.227,489.8,Our World in Data / WHO,2026-09-30 02:09:07
24,AFG,Afghanistan,2011,7.6,3446,11.78,11.78,8.4751,15.6789,3.051,23.556,24.326,489.8,Our World in Data / WHO,2026-09-30 02:09:07
25,AFG,Afghanistan,2012,7.6,3605,11.83,11.83,9.0567,16.7549,3.2604,23.649,24.43,489.8,Our World in Data / WHO,2026-09-30 02:09:07
26,AFG,Afghanistan,2013,7.6,3766,11.94,11.94,9.6755,17.8997,3.4832,23.748,24.542,489.8,Our World in Data / WHO,2026-09-30 02:09:07
27,AFG,Afghanistan,2014,7.6,3888,11.88,11.88,10.334,19.1179,3.7202,23.853,24.66,489.8,Our World in Data / WHO,2026-09-30 02:09:07
28,AFG,Afghanistan,2015,7.6,4025,11.92,11.92,11.0364,20.4173,3.9731,23.966,24.787,489.8,Our World in Data / WHO,2026-09-30 02:09:07
29,AFG,Afghanistan,2016,7.6,4277,12.35,12.35,11.7812,21.7952,4.2412,24.085,24.921,489.8,Our World in Data / WHO,2026-09-30 02:09:07
30,AFG,Afghanistan,2017,7.6,4597,12.9,12.9,12.5614,23.2386,4.5221,24.21,25.061,489.8,Our World in Data / WHO,2026-09-30 02:09:07
31,AFG,Afghanistan,2018,7.6,4812,13.12,13.12,13.3711,24.7365,4.8136,24.339,25.207,489.8,Our World in Data / WHO,2026-09-30 02:09:07
32,AFG,Afghanistan,2019,7.6,5114,13.54,13.54,14.2053,26.2798,5.1139,24.473,25.357,489.8,Our World in Data / WHO,2026-09-30 02:09:07
33,AFG,Afghanistan,2020,7.6,5491,14.09,14.09,15.0639,27.8682,5.423,24.61,25.512,489.8,Our World in Data / WHO,2026-09-30 02:09:07
34,AFG,Afghanistan,2021,7.6,5399,13.46,13.46,15.9499,29.5073,5.742,24.752,25.671,489.8,Our World in Data / WHO,2026-09-30 02:09:07
35,AFG,Afghanistan,2022,7.6,5399,13.46,13.46,16.8644,31.1991,6.0712,24.898,25.836,489.8,Our World in Data / WHO,2026-09-30 02:09:07
36,AGO,Angola,1990,2.9,2700,16.47,16.47,2.6181,6.0,0.9425,22.619,23.271,264.2,Our World in Data / WHO,2026-09-30 02:09:07
37,AGO,Angola,1991,2.9,2700,16.47,16.47,2.7758,6.0,0.9993,22.644,23.3,264.2,Our World in Data / WHO,2026-09-30 02:09:07
38,AGO,Angola,1992,2.9,2700,16.47,16.47,2.9424,6.0,1.0593,22.671,23.33,264.2,Our World in Data / WHO,2026-09-30 02:09:07
39,AGO,Angola,1993,2.9,2700,16.47,16.47,3.1195,6.0,1.123,22.699,23.362,264.2,Our World in Data / WHO,2026-09-30 02:09:07
40,AGO,Angola,1994,2.9,2700,16.47,16.47,3.3072,6.1183,1.1906,22.729,23.395,264.2,Our World in Data / WHO,2026-09-30 02:09:07
41,AGO,Angola,1995,2.9,2700,16.47,16.47,3.5026,6.4798,1.2609,22.76,23.43,264.2,Our World in Data / WHO,2026-09-30 02:09:07
42,AGO,Angola,1996,2.9,2700,16.47,16.47,3.707,6.858,1.3345,22.793,23.467,264.2,Our World in Data / WHO,2026-09-30 02:09:07
43,AGO,Angola,1997,2.9,2700,16.47,16.47,3.923,7.2576,1.4123,22.828,23.506,264.2,Our World in Data / WHO,2026-09-30 02:09:07
44,AGO,Angola,1998,2.9,2700,16.47,16.47,4.1519,7.681,1.4947,22.864,23.547,264.2,Our World in Data / WHO,2026-09-30 02:09:07
45,AGO,Angola,1999,2.9,2700,16.47,16.47,4.3939,8.1287,1.5818,22.903,23.591,264.2,Our World in Data / WHO,2026-09-30 02:09:07
46,AGO,Angola,2000,2.9,2700,16.47,16.47,4.6443,8.592,1.6719,22.943,23.636,264.2,Our World in Data / WHO,2026-09-30 02:09:07
47,AGO,Angola,2001,2.9,2680,15.82,15.82,4.9007,9.0663,1.7643,22.984,23.682,264.2,Our World in Data / WHO,2026-09-30 02:09:07
48,AGO,Angola,2002,2.9,2757,15.74,15.74,5.1607,9.5473,1.8579,23.026,23.729,264.2,Our World in Data / WHO,2026-09-30 02:09:07
49,AGO,Angola,2003,2.9,2945,16.25,16.25,5.4219,10.0305,1.9519,23.068,23.776,264.2,Our World in Data / WHO,2026-09-30 02:09:07
50,AGO,Angola,2004,2.9,3050,16.25,16.25,5.6836,10.5147,2.0461,23.109,23.823,264.2,Our World in Data / WHO,2026-09-30 02:09:07
51,AGO,Angola,2005,2.9,3012,15.49,15.49,5.9441,10.9966,2.1399,23.151,23.87,264.2,Our World in Data / WHO,2026-09-30 02:09:07
52,AGO,Angola,2006,2.9,3203,15.89,15.89,6.2014,11.4726,2.2325,23.192,23.916,264.2,Our World in Data / WHO,2026-09-30 02:09:07
53,AGO,Angola,2007,2.9,3155,15.09,15.09,6.4545,11.9408,2.3236,23.233,23.962,264.2,Our World in Data / WHO,2026-09-30 02:09:07
54,AGO,Angola,2008,2.9,3185,14.68,14.68,6.7038,12.402,2.4134,23.273,24.007,264.2,Our World in Data / WHO,2026-09-30 02:09:07
55,AGO,Angola,2009,2.9,3257,14.47,14.47,6.9492,12.856,2.5017,23.312,24.051,264.2,Our World in Data / WHO,2026-09-30 02:09:07
56,AGO,Angola,2010,2.9,3277,14.03,14.03,7.1927,13.3065,2.5894,23.351,24.095,264.2,Our World in Data / WHO,2026-09-30 02:09:07
57,AGO,Angola,2011,2.9,3447,14.21,14.21,7.4381,13.7605,2.6777,23.39,24.139,264.2,Our World in Data / WHO,2026-09-30 02:09:07
58,AGO,Angola,2012,2.9,3534,14.03,14.03,7.691,14.2284,2.7688,23.431,24.184,264.2,Our World in Data / WHO,2026-09-30 02:09:07
59,AGO,Angola,2013,2.9,3736,14.29,14.29,7.9563,14.7192,2.8643,23.473,24.232,264.2,Our World in Data / WHO,2026-09-30 02:09:07
60,AGO,Angola,2014,2.9,3675,13.55,13.55,8.2396,15.2433,2.9663,23.518,24.283,264.2,Our World in Data / WHO,2026-09-30 02:09:07
61,AGO,Angola,2015,2.9,3948,14.04,14.04,8.5423,15.8033,3.0752,23.567,24.338,264.2,Our World in Data / WHO,2026-09-30 02:09:07
62,AGO,Angola,2016,2.9,4096,14.05,14.05,8.8613,16.3934,3.1901,23.618,24.395,264.2,Our World in Data / WHO,2026-09-30 02:09:07
63,AGO,Angola,2017,2.9,4249,14.06,14.06,9.1916,17.0045,3.309,23.671,24.454,264.2,Our World in Data / WHO,2026-09-30 02:09:07
64,AGO,Angola,2018,2.9,4783,15.29,15.29,9.5315,17.6333,3.4313,23.725,24.516,264.2,Our World in Data / WHO,2026-09-30 02:09:07
65,AGO,Angola,2019,2.9,5182,16.02,16.02,9.8815,18.2808,3.5573,23.781,24.579,264.2,Our World in Data / WHO,2026-09-30 02:09:07
66,AGO,Angola,2020,2.9,5719,17.11,17.11,10.243,18.9496,3.6875,23.839,24.644,264.2,Our World in Data / WHO,2026-09-30 02:09:07
67,AGO,Angola,2021,2.9,6015,17.43,17.43,10.6129,19.6339,3.8206,23.898,24.71,264.2,Our World in Data / WHO,2026-09-30 02:09:07
68,AGO,Angola,2022,2.9,6015,17.43,17.43,10.9915,20.3343,3.9569,23.959,24.778,264.2,Our World in Data / WHO,2026-09-30 02:09:07
69,ALB,Albania,1990,2.8,163,5.12,5.12,9.696,17.9376,3.4906,23.751,24.545,259.4,Our World in Data / WHO,2026-09-30 02:09:07
70,ALB,Albania,1991,2.8,163,5.12,5.12,9.8777,18.2737,3.556,23.78,24.578,259.4,Our World in Data / WHO,2026-09-30 02:09:07
71,ALB,Albania,1992,2.8,163,5.12,5.12,10.0926,18.6713,3.6333,23.815,24.617,259.4,Our World in Data / WHO,2026-09-30 02:09:07
72,ALB,Albania,1993,2.8,163,5.12,5.12,10.3304,19.1112,3.7189,23.853,24.659,259.4,Our World in Data / WHO,2026-09-30 02:09:07
73,ALB,Albania,1994,2.8,163,5.12,5.12,10.5926,19.5963,3.8133,23.895,24.707,259.4,Our World in Data / WHO,2026-09-30 02:09:07
74,ALB,Albania,1995,2.8,163,5.12,5.12,10.8769,20.1223,3.9157,23.94,24.758,259.4,Our World in Data / WHO,2026-09-30 02:09:07
75,ALB,Albania,1996,2.8,163,5.12,5.12,11.1892,20.7,4.0281,23.99,24.814,259.4,Our World in Data / WHO,2026-09-30 02:09:07
76,ALB,Albania,1997,2.8,163,5.12,5.12,11.5351,21.3399,4.1526,24.046,24.876,259.4,Our World in Data / WHO,2026-09-30 02:09:07
77,ALB,Albania,1998,2.8,163,5.12,5.12,11.9123,22.0378,4.2884,24.106,24.944,259.4,Our World in Data / WHO,2026-09-30 02:09:07
78,ALB,Albania,1999,2.8,163,5.12,5.12,12.3132,22.7794,4.4328,24.17,25.016,259.4,Our World in Data / WHO,2026-09-30 02:09:07
79,ALB,Albania,2000,2.8,163,5.12,5.12,12.7276,23.5461,4.5819,24.236,25.091,259.4,Our World in Data / WHO,2026-09-30 02:09:07
80,ALB,Albania,2001,2.8,129,4.1,4.1,13.1495,24.3266,4.7338,24.304,25.167,259.4,Our World in Data / WHO,2026-09-30 02:09:07
81,ALB,Albania,2002,2.8,147,4.7,4.7,13.5806,25.1241,4.889,24.373,25.245,259.4,Our World in Data / WHO,2026-09-30 02:09:07
82,ALB,Albania,2003,2.8,167,5.4,5.4,14.0302,25.9559,5.0509,24.445,25.325,259.4,Our World in Data / WHO,2026-09-30 02:09:07
83,ALB,Albania,2004,2.8,166,5.41,5.41,14.5045,26.8333,5.2216,24.521,25.411,259.4,Our World in Data / WHO,2026-09-30 02:09:07
84,ALB,Albania,2005,2.8,182,6.02,6.02,15.0108,27.77,5.4039,24.602,25.502,259.4,Our World in Data / WHO,2026-09-30 02:09:07
85,ALB,Albania,2006,2.8,196,6.51,6.51,15.5488,28.7653,5.5976,24.688,25.599,259.4,Our World in Data / WHO,2026-09-30 02:09:07
86,ALB,Albania,2007,2.8,192,6.45,6.45,16.1115,29.8063,5.8001,24.778,25.7,259.4,Our World in Data / WHO,2026-09-30 02:09:07
87,ALB,Albania,2008,2.8,187,6.35,6.35,16.6957,30.887,6.0105,24.871,25.805,259.4,Our World in Data / WHO,2026-09-30 02:09:07
88,ALB,Albania,2009,2.8,183,6.24,6.24,17.297,31.9995,6.2269,24.968,25.913,259.4,Our World in Data / WHO,2026-09-30 02:09:07
89,ALB,Albania,2010,2.8,181,6.22,6.22,17.9139,33.1407,6.449,25.066,26.025,259.4,Our World in Data / WHO,2026-09-30 02:09:07
90,ALB,Albania,2011,2.8,184,6.34,6.34,18.5072,34.2383,6.6626,25.161,26.131,259.4,Our World in Data / WHO,2026-09-30 02:09:07
91,ALB,Albania,2012,2.8,189,6.52,6.52,19.0752,35.2891,6.8671,25.252,26.234,259.4,Our World in Data / WHO,2026-09-30 02:09:07
92,ALB,Albania,2013,2.8,188,6.52,6.52,19.655,36.3618,7.0758,25.345,26.338,259.4,Our World in Data / WHO,2026-09-30 02:09:07
93,ALB,Albania,2014,2.8,194,6.72,6.72,20.2517,37.4656,7.2906,25.44,26.445,259.4,Our World in Data / WHO,2026-09-30 02:09:07
94,ALB,Albania,2015,2.8,216,7.51,7.51,20.8744,38.6176,7.5148,25.54,26.557,259.4,Our World in Data / WHO,2026-09-30 02:09:07
95,ALB,Albania,2016,2.8,229,7.96,7.96,21.5038,39.782,7.7414,25.641,26.671,259.4,Our World in Data / WHO,2026-09-30 02:09:07
96,ALB,Albania,2017,2.8,247,8.59,8.59,22.1342,40.9483,7.9683,25.741,26.784,259.4,Our World in Data / WHO,2026-09-30 02:09:07
97,ALB,Albania,2018,2.8,267,9.28,9.28,22.7809,42.1447,8.2011,25.845,26.901,259.4,Our World in Data / WHO,2026-09-30 02:09:07
98,ALB,Albania,2019,2.8,289,10.06,10.06,23.4635,43.4075,8.4469,25.954,27.023,259.4,Our World in Data / WHO,2026-09-30 02:09:07
99,ALB,Albania,2020,2.8,306,10.66,10.66,24.1874,44.7467,8.7075,26.07,27.154,259.4,Our World in Data / WHO,2026-09-30 02:09:07
100,ALB,Albania,2021,2.8,207,7.26,7.26,24.9544,46.1656,8.9836,26.193,27.292,259.4,Our World in Data / WHO,2026-09-30 02:09:07
101,ALB,Albania,2022,2.8,207,7.26,7.26,25.7196,47.5813,9.2591,26.315,27.43,259.4,Our World in Data / WHO,2026-09-30 02:09:07
102,AND,Andorra,1990,5.4,12,18.23,18.23,10.7577,19.9017,3.8728,23.921,24.736,384.2,Our World in Data / WHO,2026-09-30 02:09:07
103,AND,Andorra,1991,5.4,12,18.23,18.23,10.7121,19.8174,3.8564,23.914,24.728,384.2,Our World in Data / WHO,2026-09-30 02:09:07
104,AND,Andorra,1992,5.4,12,18.23,18.23,10.7659,19.9169,3.8757,23.923,24.738,384.2,Our World in Data / WHO,2026-09-30 02:09:07
105,AND,Andorra,1993,5.4,12,18.23,18.23,11.0394,20.4229,3.9742,23.966,24.787,384.2,Our World in Data / WHO,2026-09-30 02:09:07
106,AND,Andorra,1994,5.4,12,18.23,18.23,11.4165,21.1205,4.1099,24.027,24.855,384.2,Our World in Data / WHO,2026-09-30 02:09:07
107,AND,Andorra,1995,5.4,12,18.23,18.23,11.8282,21.8822,4.2582,24.093,24.929,384.2,Our World in Data / WHO,2026-09-30 02:09:07
108,AND,Andorra,1996,5.4,12,18.23,18.23,12.2362,22.637,4.405,24.158,25.003,384.2,Our World in Data / WHO,2026-09-30 02:09:07
109,AND,Andorra,1997,5.4,12,18.23,18.23,12.6478,23.3984,4.5532,24.224,25.077,384.2,Our World in Data / WHO,2026-09-30 02:09:07
110,AND,Andorra,1998,5.4,12,18.23,18.23,13.0988,24.2328,4.7156,24.296,25.158,384.2,Our World in Data / WHO,2026-09-30 02:09:07
111,AND,Andorra,1999,5.4,12,18.23,18.23,13.6032,25.1659,4.8972,24.377,25.249,384.2,Our World in Data / WHO,2026-09-30 02:09:07
112,AND,Andorra,2000,5.4,12,18.23,18.23,14.1584,26.193,5.097,24.465,25.349,384.2,Our World in Data / WHO,2026-09-30 02:09:07
113,AND,Andorra,2001,5.4,12,17.53,17.53,14.7227,27.237,5.3002,24.556,25.45,384.2,Our World in Data / WHO,2026-09-30 02:09:07
114,AND,Andorra,2002,5.4,12,16.61,16.61,15.2622,28.2351,5.4944,24.642,25.547,384.2,Our World in Data / WHO,2026-09-30 02:09:07
115,AND,Andorra,2003,5.4,12,16.26,16.26,15.6291,28.9138,5.6265,24.701,25.613,384.2,Our World in Data / WHO,2026-09-30 02:09:07
116,AND,Andorra,2004,5.4,13,16.47,16.47,15.8551,29.3319,5.7078,24.737,25.654,384.2,Our World in Data / WHO,2026-09-30 02:09:07
117,AND,Andorra,2005,5.4,13,15.98,15.98,16.1299,29.8403,5.8068,24.781,25.703,384.2,Our World in Data / WHO,2026-09-30 02:09:07
118,AND,Andorra,2006,5.4,13,15.97,15.97,16.4686,30.4669,5.9287,24.835,25.764,384.2,Our World in Data / WHO,2026-09-30 02:09:07
119,AND,Andorra,2007,5.4,12,15.52,15.52,16.8506,31.1736,6.0662,24.896,25.833,384.2,Our World in Data / WHO,2026-09-30 02:09:07
120,AND,Andorra,2008,5.4,12,15.71,15.71,17.2482,31.9092,6.2094,24.96,25.905,384.2,Our World in Data / WHO,2026-09-30 02:09:07
121,AND,Andorra,2009,5.4,11,15.54,15.54,17.6575,32.6664,6.3567,25.025,25.978,384.2,Our World in Data / WHO,2026-09-30 02:09:07
122,AND,Andorra,2010,5.4,11,15.1,15.1,18.0004,33.3007,6.4801,25.08,26.04,384.2,Our World in Data / WHO,2026-09-30 02:09:07
123,AND,Andorra,2011,5.4,10,14.58,14.58,18.1903,33.6521,6.5485,25.11,26.074,384.2,Our World in Data / WHO,2026-09-30 02:09:07
124,AND,Andorra,2012,5.4,11,15.07,15.07,18.3379,33.9251,6.6016,25.134,26.101,384.2,Our World in Data / WHO,2026-09-30 02:09:07
125,AND,Andorra,2013,5.4,11,15.96,15.96,18.5295,34.2796,6.6706,25.165,26.135,384.2,Our World in Data / WHO,2026-09-30 02:09:07
126,AND,Andorra,2014,5.4,12,16.66,16.66,18.7117,34.6166,6.7362,25.194,26.168,384.2,Our World in Data / WHO,2026-09-30 02:09:07
127,AND,Andorra,2015,5.4,12,17.34,17.34,18.8622,34.8951,6.7904,25.218,26.195,384.2,Our World in Data / WHO,2026-09-30 02:09:07
128,AND,Andorra,2016,5.4,13,17.96,17.96,18.9766,35.1067,6.8316,25.236,26.216,384.2,Our World in Data / WHO,2026-09-30 02:09:07
129,AND,Andorra,2017,5.4,13,17.93,17.93,19.0633,35.2671,6.8628,25.25,26.231,384.2,Our World in Data / WHO,2026-09-30 02:09:07
130,AND,Andorra,2018,5.4,14,18.04,18.04,19.1474,35.4227,6.8931,25.264,26.247,384.2,Our World in Data / WHO,2026-09-30 02:09:07
131,AND,Andorra,2019,5.4,14,18.14,18.14,19.2154,35.5485,6.9175,25.274,26.259,384.2,Our World in Data / WHO,2026-09-30 02:09:07
132,AND,Andorra,2020,5.4,12,15.06,15.06,19.285,35.6772,6.9426,25.286,26.271,384.2,Our World in Data / WHO,2026-09-30 02:09:07
133,AND,Andorra,2021,5.4,12,14.99,14.99,19.3483,35.7944,6.9654,25.296,26.283,384.2,Our World in Data / WHO,2026-09-30 02:09:07
134,AND,Andorra,2022,5.4,12,14.99,14.99,19.399,35.8882,6.9836,25.304,26.292,384.2,Our World in Data / WHO,2026-09-30 02:09:07
135,ARE,United Arab Emirates,1990,18.8,153,4.38,4.38,17.7214,32.7846,6.3797,25.035,25.99,1027.4,Our World in Data / WHO,2026-09-30 02:09:07
136,ARE,United Arab Emirates,1991,18.8,153,4.38,4.38,18.3303,33.9111,6.5989,25.133,26.099,1027.4,Our World in Data / WHO,2026-09-30 02:09:07
137,ARE,United Arab Emirates,1992,18.8,153,4.38,4.38,18.9883,35.1284,6.8358,25.238,26.218,1027.4,Our World in Data / WHO,2026-09-30 02:09:07
138,ARE,United Arab Emirates,1993,18.8,153,4.38,4.38,19.6952,36.4361,7.0903,25.351,26.345,1027.4,Our World in Data / WHO,2026-09-30 02:09:07
139,ARE,United Arab Emirates,1994,18.8,153,4.38,4.38,20.4574,37.8462,7.3647,25.473,26.482,1027.4,Our World in Data / WHO,2026-09-30 02:09:07
140,ARE,United Arab Emirates,1995,18.8,153,4.38,4.38,21.2686,39.3469,7.6567,25.603,26.628,1027.4,Our World in Data / WHO,2026-09-30 02:09:07
141,ARE,United Arab Emirates,1996,18.8,153,4.38,4.38,22.0026,40.7048,7.9209,25.72,26.76,1027.4,Our World in Data / WHO,2026-09-30 02:09:07
142,ARE,United Arab Emirates,1997,18.8,153,4.38,4.38,22.6283,41.8624,8.1462,25.821,26.873,1027.4,Our World in Data / WHO,2026-09-30 02:09:07
143,ARE,United Arab Emirates,1998,18.8,153,4.38,4.38,23.2385,42.9912,8.3659,25.918,26.983,1027.4,Our World in Data / WHO,2026-09-30 02:09:07
144,ARE,United Arab Emirates,1999,18.8,153,4.38,4.38,23.8459,44.1149,8.5845,26.015,27.092,1027.4,Our World in Data / WHO,2026-09-30 02:09:07
145,ARE,United Arab Emirates,2000,18.8,153,4.38,4.38,24.4681,45.266,8.8085,26.115,27.204,1027.4,Our World in Data / WHO,2026-09-30 02:09:07
146,ARE,United Arab Emirates,2001,18.8,171,4.6,4.6,25.1166,46.4657,9.042,26.219,27.321,1027.4,Our World in Data / WHO,2026-09-30 02:09:07
147,ARE,United Arab Emirates,2002,18.8,200,5.06,5.06,25.7864,47.7048,9.2831,26.326,27.442,1027.4,Our World in Data / WHO,2026-09-30 02:09:07
148,ARE,United Arab Emirates,2003,18.8,219,5.22,5.22,26.4615,48.9538,9.5261,26.434,27.563,1027.4,Our World in Data / WHO,2026-09-30 02:09:07
149,ARE,United Arab Emirates,2004,18.8,256,5.77,5.77,27.1381,50.2055,9.7697,26.542,27.685,1027.4,Our World in Data / WHO,2026-09-30 02:09:07
150,ARE,United Arab Emirates,2005,18.8,287,6.15,6.15,27.8152,51.4581,10.0135,26.65,27.807,1027.4,Our World in Data / WHO,2026-09-30 02:09:07
151,ARE,United Arab Emirates,2006,18.8,307,6.14,6.14,28.4316,52.5985,10.2354,26.749,27.918,1027.4,Our World in Data / WHO,2026-09-30 02:09:07
152,ARE,United Arab Emirates,2007,18.8,308,5.47,5.47,28.9023,53.4693,10.4048,26.824,28.002,1027.4,Our World in Data / WHO,2026-09-30 02:09:07
153,ARE,United Arab Emirates,2008,18.8,304,4.82,4.82,29.2941,54.1941,10.5459,26.887,28.073,1027.4,Our World in Data / WHO,2026-09-30 02:09:07
154,ARE,United Arab Emirates,2009,18.8,312,4.66,4.66,29.6693,54.8882,10.6809,26.947,28.14,1027.4,Our World in Data / WHO,2026-09-30 02:09:07
155,ARE,United Arab Emirates,2010,18.8,333,4.8,4.8,29.9992,55.4985,10.7997,27.0,28.2,1027.4,Our World in Data / WHO,2026-09-30 02:09:07
156,ARE,United Arab Emirates,2011,18.8,359,4.98,4.98,30.2631,55.9867,10.8947,27.042,28.247,1027.4,Our World in Data / WHO,2026-09-30 02:09:07
157,ARE,United Arab Emirates,2012,18.8,387,5.16,5.16,30.4711,56.3715,10.9696,27.075,28.285,1027.4,Our World in Data / WHO,2026-09-30 02:09:07
158,ARE,United Arab Emirates,2013,18.8,407,5.2,5.2,30.6249,56.6561,11.025,27.1,28.312,1027.4,Our World in Data / WHO,2026-09-30 02:09:07
159,ARE,United Arab Emirates,2014,18.8,434,5.26,5.26,30.7379,56.8651,11.0656,27.118,28.333,1027.4,Our World in Data / WHO,2026-09-30 02:09:07
160,ARE,United Arab Emirates,2015,18.8,463,5.34,5.34,30.8234,57.0233,11.0964,27.132,28.348,1027.4,Our World in Data / WHO,2026-09-30 02:09:07
161,ARE,United Arab Emirates,2016,18.8,472,5.22,5.22,30.889,57.1446,11.12,27.142,28.36,1027.4,Our World in Data / WHO,2026-09-30 02:09:07
162,ARE,United Arab Emirates,2017,18.8,484,5.24,5.24,30.8805,57.1289,11.117,27.141,28.358,1027.4,Our World in Data / WHO,2026-09-30 02:09:07
163,ARE,United Arab Emirates,2018,18.8,501,5.36,5.36,30.7819,56.9465,11.0815,27.125,28.341,1027.4,Our World in Data / WHO,2026-09-30 02:09:07
164,ARE,United Arab Emirates,2019,18.8,515,5.49,5.49,30.6509,56.7042,11.0343,27.104,28.317,1027.4,Our World in Data / WHO,2026-09-30 02:09:07
165,ARE,United Arab Emirates,2020,18.8,549,5.81,5.81,30.5202,56.4624,10.9873,27.083,28.294,1027.4,Our World in Data / WHO,2026-09-30 02:09:07
166,ARE,United Arab Emirates,2021,18.8,683,6.98,6.98,30.3881,56.218,10.9397,27.062,28.27,1027.4,Our World in Data / WHO,2026-09-30 02:09:07
167,ARE,United Arab Emirates,2022,18.8,683,6.98,6.98,30.2477,55.9582,10.8892,27.04,28.245,1027.4,Our World in Data / WHO,2026-09-30 02:09:07
168,ARG,Argentina,1990,5.5,7548,20.36,20.36,12.8187,23.7146,4.6147,24.251,25.107,389.0,Our World in Data / WHO,2026-09-30 02:09:07
169,ARG,Argentina,1991,5.5,7548,20.36,20.36,13.3108,24.625,4.7919,24.33,25.196,389.0,Our World in Data / WHO,2026-09-30 02:09:07
170,ARG,Argentina,1992,5.5,7548,20.36,20.36,13.8127,25.5535,4.9726,24.41,25.286,389.0,Our World in Data / WHO,2026-09-30 02:09:07
171,ARG,Argentina,1993,5.5,7548,20.36,20.36,14.3217,26.4951,5.1558,24.491,25.378,389.0,Our World in Data / WHO,2026-09-30 02:09:07
172,ARG,Argentina,1994,5.5,7548,20.36,20.36,14.8412,27.4562,5.3428,24.575,25.471,389.0,Our World in Data / WHO,2026-09-30 02:09:07
173,ARG,Argentina,1995,5.5,7548,20.36,20.36,15.3724,28.4389,5.5341,24.66,25.567,389.0,Our World in Data / WHO,2026-09-30 02:09:07
174,ARG,Argentina,1996,5.5,7548,20.36,20.36,15.9152,29.4431,5.7295,24.746,25.665,389.0,Our World in Data / WHO,2026-09-30 02:09:07
175,ARG,Argentina,1997,5.5,7548,20.36,20.36,16.4747,30.4782,5.9309,24.836,25.765,389.0,Our World in Data / WHO,2026-09-30 02:09:07
176,ARG,Argentina,1998,5.5,7548,20.36,20.36,17.0488,31.5403,6.1376,24.928,25.869,389.0,Our World in Data / WHO,2026-09-30 02:09:07
177,ARG,Argentina,1999,5.5,7548,20.36,20.36,17.6381,32.6305,6.3497,25.022,25.975,389.0,Our World in Data / WHO,2026-09-30 02:09:07
178,ARG,Argentina,2000,5.5,7548,20.36,20.36,18.2368,33.7381,6.5652,25.118,26.083,389.0,Our World in Data / WHO,2026-09-30 02:09:07
179,ARG,Argentina,2001,5.5,7604,20.29,20.29,18.839,34.8522,6.782,25.214,26.191,389.0,Our World in Data / WHO,2026-09-30 02:09:07
180,ARG,Argentina,2002,5.5,7257,19.15,19.15,19.4495,35.9816,7.0018,25.312,26.301,389.0,Our World in Data / WHO,2026-09-30 02:09:07
181,ARG,Argentina,2003,5.5,7787,20.34,20.34,20.0709,37.1312,7.2255,25.411,26.413,389.0,Our World in Data / WHO,2026-09-30 02:09:07
182,ARG,Argentina,2004,5.5,7916,20.47,20.47,20.7056,38.3054,7.454,25.513,26.527,389.0,Our World in Data / WHO,2026-09-30 02:09:07
183,ARG,Argentina,2005,5.5,7621,19.5,19.5,21.3542,39.5053,7.6875,25.617,26.644,389.0,Our World in Data / WHO,2026-09-30 02:09:07
184,ARG,Argentina,2006,5.5,6938,17.57,17.57,22.0148,40.7274,7.9253,25.722,26.763,389.0,Our World in Data / WHO,2026-09-30 02:09:07
185,ARG,Argentina,2007,5.5,7340,18.41,18.41,22.6898,41.9761,8.1683,25.83,26.884,389.0,Our World in Data / WHO,2026-09-30 02:09:07
186,ARG,Argentina,2008,5.5,6362,15.8,15.8,23.3875,43.2669,8.4195,25.942,27.01,389.0,Our World in Data / WHO,2026-09-30 02:09:07
187,ARG,Argentina,2009,5.5,6333,15.57,15.57,24.1115,44.6063,8.6801,26.058,27.14,389.0,Our World in Data / WHO,2026-09-30 02:09:07
188,ARG,Argentina,2010,5.5,6626,16.12,16.12,24.8677,46.0052,8.9524,26.179,27.276,389.0,Our World in Data / WHO,2026-09-30 02:09:07
189,ARG,Argentina,2011,5.5,6664,16.05,16.05,25.6563,47.4642,9.2363,26.305,27.418,389.0,Our World in Data / WHO,2026-09-30 02:09:07
190,ARG,Argentina,2012,5.5,6497,15.49,15.49,26.4772,48.9828,9.5318,26.436,27.566,389.0,Our World in Data / WHO,2026-09-30 02:09:07
191,ARG,Argentina,2013,5.5,6582,15.53,15.53,27.3281,50.557,9.8381,26.572,27.719,389.0,Our World in Data / WHO,2026-09-30 02:09:07
192,ARG,Argentina,2014,5.5,6660,15.55,15.55,28.2162,52.2,10.1578,26.715,27.879,389.0,Our World in Data / WHO,2026-09-30 02:09:07
193,ARG,Argentina,2015,5.5,7402,17.11,17.11,29.1409,53.9107,10.4907,26.863,28.045,389.0,Our World in Data / WHO,2026-09-30 02:09:07
194,ARG,Argentina,2016,5.5,7744,17.73,17.73,30.0885,55.6637,10.8319,27.014,28.216,389.0,Our World in Data / WHO,2026-09-30 02:09:07
195,ARG,Argentina,2017,5.5,7161,16.25,16.25,31.0453,57.4338,11.1763,27.167,28.388,389.0,Our World in Data / WHO,2026-09-30 02:09:07
196,ARG,Argentina,2018,5.5,7370,16.59,16.59,32.0126,59.2233,11.5245,27.322,28.562,389.0,Our World in Data / WHO,2026-09-30 02:09:07
197,ARG,Argentina,2019,5.5,7458,16.67,16.67,32.9933,61.0376,11.8776,27.479,28.739,389.0,Our World in Data / WHO,2026-09-30 02:09:07
198,ARG,Argentina,2020,5.5,7871,17.48,17.48,33.9855,62.8732,12.2348,27.638,28.917,389.0,Our World in Data / WHO,2026-09-30 02:09:07
199,ARG,Argentina,2021,5.5,7548,16.67,16.67,34.9827,64.718,12.5938,27.797,29.097,389.0,Our World in Data / WHO,2026-09-30 02:09:07
200,ARG,Argentina,2022,5.5,7548,16.67,16.67,35.9913,66.5839,12.9569,27.959,29.278,389.0,Our World in Data / WHO,2026-09-30 02:09:07
201,ARM,Armenia,1990,8.5,1257,39.67,39.67,11.8,21.83,4.248,24.088,24.924,533.0,Our World in Data / WHO,2026-09-30 02:09:07
202,ARM,Armenia,1991,8.5,1257,39.67,39.67,12.0702,22.3299,4.3453,24.131,24.973,533.0,Our World in Data / WHO,2026-09-30 02:09:07
203,ARM,Armenia,1992,8.5,1257,39.67,39.67,12.5049,23.1341,4.5018,24.201,25.051,533.0,Our World in Data / WHO,2026-09-30 02:09:07
204,ARM,Armenia,1993,8.5,1257,39.67,39.67,13.0738,24.1865,4.7066,24.292,25.153,533.0,Our World in Data / WHO,2026-09-30 02:09:07
205,ARM,Armenia,1994,8.5,1257,39.67,39.67,13.5946,25.15,4.8941,24.375,25.247,533.0,Our World in Data / WHO,2026-09-30 02:09:07
206,ARM,Armenia,1995,8.5,1257,39.67,39.67,14.0625,26.0156,5.0625,24.45,25.331,533.0,Our World in Data / WHO,2026-09-30 02:09:07
207,ARM,Armenia,1996,8.5,1257,39.67,39.67,14.4678,26.7654,5.2084,24.515,25.404,533.0,Our World in Data / WHO,2026-09-30 02:09:07
208,ARM,Armenia,1997,8.5,1257,39.67,39.67,14.865,27.5002,5.3514,24.578,25.476,533.0,Our World in Data / WHO,2026-09-30 02:09:07
209,ARM,Armenia,1998,8.5,1257,39.67,39.67,15.1492,28.026,5.4537,24.624,25.527,533.0,Our World in Data / WHO,2026-09-30 02:09:07
210,ARM,Armenia,1999,8.5,1257,39.67,39.67,15.3329,28.3659,5.5198,24.653,25.56,533.0,Our World in Data / WHO,2026-09-30 02:09:07
211,ARM,Armenia,2000,8.5,1257,39.67,39.67,15.5518,28.7708,5.5986,24.688,25.599,533.0,Our World in Data / WHO,2026-09-30 02:09:07
212,ARM,Armenia,2001,8.5,1350,43.08,43.08,15.8531,29.3282,5.7071,24.736,25.654,533.0,Our World in Data / WHO,2026-09-30 02:09:07
213,ARM,Armenia,2002,8.5,1509,48.6,48.6,16.2031,29.9757,5.8331,24.792,25.717,533.0,Our World in Data / WHO,2026-09-30 02:09:07
214,ARM,Armenia,2003,8.5,1691,54.81,54.81,16.543,30.6046,5.9555,24.847,25.778,533.0,Our World in Data / WHO,2026-09-30 02:09:07
215,ARM,Armenia,2004,8.5,1358,44.28,44.28,16.8962,31.258,6.0826,24.903,25.841,533.0,Our World in Data / WHO,2026-09-30 02:09:07
216,ARM,Armenia,2005,8.5,1375,45.14,45.14,17.2711,31.9515,6.2176,24.963,25.909,533.0,Our World in Data / WHO,2026-09-30 02:09:07
217,ARM,Armenia,2006,8.5,1156,38.19,38.19,17.6704,32.6902,6.3613,25.027,25.981,533.0,Our World in Data / WHO,2026-09-30 02:09:07
218,ARM,Armenia,2007,8.5,1291,42.97,42.97,18.0851,33.4574,6.5106,25.094,26.055,533.0,Our World in Data / WHO,2026-09-30 02:09:07
219,ARM,Armenia,2008,8.5,1293,43.33,43.33,18.5299,34.2803,6.6708,25.165,26.135,533.0,Our World in Data / WHO,2026-09-30 02:09:07
220,ARM,Armenia,2009,8.5,1346,45.42,45.42,19.016,35.1796,6.8458,25.243,26.223,533.0,Our World in Data / WHO,2026-09-30 02:09:07
221,ARM,Armenia,2010,8.5,1366,46.35,46.35,19.5491,36.1658,7.0377,25.328,26.319,533.0,Our World in Data / WHO,2026-09-30 02:09:07
222,ARM,Armenia,2011,8.5,1328,45.34,45.34,20.121,37.2238,7.2436,25.419,26.422,533.0,Our World in Data / WHO,2026-09-30 02:09:07
223,ARM,Armenia,2012,8.5,1260,43.23,43.23,20.7127,38.3185,7.4566,25.514,26.528,533.0,Our World in Data / WHO,2026-09-30 02:09:07
224,ARM,Armenia,2013,8.5,1261,43.45,43.45,21.3295,39.4596,7.6786,25.613,26.639,533.0,Our World in Data / WHO,2026-09-30 02:09:07
225,ARM,Armenia,2014,8.5,1149,39.76,39.76,21.9668,40.6386,7.908,25.715,26.754,533.0,Our World in Data / WHO,2026-09-30 02:09:07
226,ARM,Armenia,2015,8.5,1220,42.39,42.39,22.6384,41.881,8.1498,25.822,26.875,533.0,Our World in Data / WHO,2026-09-30 02:09:07
227,ARM,Armenia,2016,8.5,1101,38.41,38.41,23.3481,43.194,8.4053,25.936,27.003,533.0,Our World in Data / WHO,2026-09-30 02:09:07
228,ARM,Armenia,2017,8.5,741,25.98,25.98,24.0648,44.5199,8.6633,26.05,27.132,533.0,Our World in Data / WHO,2026-09-30 02:09:07
229,ARM,Armenia,2018,8.5,530,18.7,18.7,24.7939,45.8687,8.9258,26.167,27.263,533.0,Our World in Data / WHO,2026-09-30 02:09:07
230,ARM,Armenia,2019,8.5,481,17.07,17.07,25.5442,47.2568,9.1959,26.287,27.398,533.0,Our World in Data / WHO,2026-09-30 02:09:07
231,ARM,Armenia,2020,8.5,425,15.16,15.16,26.2828,48.6232,9.4618,26.405,27.531,533.0,Our World in Data / WHO,2026-09-30 02:09:07
232,ARM,Armenia,2021,8.5,353,12.64,12.64,26.9986,49.9474,9.7195,26.52,27.66,533.0,Our World in Data / WHO,2026-09-30 02:09:07
233,ARM,Armenia,2022,8.5,353,12.64,12.64,27.6013,51.0624,9.9365,26.616,27.768,533.0,Our World in Data / WHO,2026-09-30 02:09:07
234,ASM,American Samoa,1990,7.5,977,16.34,16.34,61.0997,85.0,21.9959,31.976,33.798,485.0,Our World in Data / WHO,2026-09-30 02:09:07
235,ASM,American Samoa,1991,7.5,977,16.34,16.34,62.1555,85.0,22.376,32.145,33.988,485.0,Our World in Data / WHO,2026-09-30 02:09:07
236,ASM,American Samoa,1992,7.5,977,16.34,16.34,63.1407,85.0,22.7307,32.303,34.165,485.0,Our World in Data / WHO,2026-09-30 02:09:07
237,ASM,American Samoa,1993,7.5,977,16.34,16.34,64.037,85.0,23.0533,32.446,34.327,485.0,Our World in Data / WHO,2026-09-30 02:09:07
238,ASM,American Samoa,1994,7.5,977,16.34,16.34,64.8548,85.0,23.3477,32.577,34.474,485.0,Our World in Data / WHO,2026-09-30 02:09:07
239,ASM,American Samoa,1995,7.5,977,16.34,16.34,65.607,85.0,23.6185,32.697,34.609,485.0,Our World in Data / WHO,2026-09-30 02:09:07
240,ASM,American Samoa,1996,7.5,977,16.34,16.34,66.3033,85.0,23.8692,32.809,34.735,485.0,Our World in Data / WHO,2026-09-30 02:09:07
241,ASM,American Samoa,1997,7.5,977,16.34,16.34,66.937,85.0,24.0973,32.91,34.849,485.0,Our World in Data / WHO,2026-09-30 02:09:07
242,ASM,American Samoa,1998,7.5,977,16.34,16.34,67.5155,85.0,24.3056,33.002,34.953,485.0,Our World in Data / WHO,2026-09-30 02:09:07
243,ASM,American Samoa,1999,7.5,977,16.34,16.34,68.0529,85.0,24.499,33.088,35.05,485.0,Our World in Data / WHO,2026-09-30 02:09:07
244,ASM,American Samoa,2000,7.5,955,16.06,16.06,68.5321,85.0,24.6716,33.165,35.136,485.0,Our World in Data / WHO,2026-09-30 02:09:07
245,ASM,American Samoa,2001,7.5,994,15.845,15.845,68.9534,85.0,24.8232,33.233,35.212,485.0,Our World in Data / WHO,2026-09-30 02:09:07
246,ASM,American Samoa,2002,7.5,1034,16.275,16.275,69.3544,85.0,24.9676,33.297,35.284,485.0,Our World in Data / WHO,2026-09-30 02:09:07
247,ASM,American Samoa,2003,7.5,1093,16.635,16.635,69.7545,85.0,25.1116,33.361,35.356,485.0,Our World in Data / WHO,2026-09-30 02:09:07
248,ASM,American Samoa,2004,7.5,1121,17.05,17.05,70.1661,85.0,25.2598,33.427,35.43,485.0,Our World in Data / WHO,2026-09-30 02:09:07
249,ASM,American Samoa,2005,7.5,1166,16.93,16.93,70.5811,85.0,25.4092,33.493,35.505,485.0,Our World in Data / WHO,2026-09-30 02:09:07
250,ASM,American Samoa,2006,7.5,1200,16.885,16.885,70.9786,85.0,25.5523,33.557,35.576,485.0,Our World in Data / WHO,2026-09-30 02:09:07
251,ASM,American Samoa,2007,7.5,1224,17.04,17.04,71.3414,85.0,25.6829,33.615,35.641,485.0,Our World in Data / WHO,2026-09-30 02:09:07
252,ASM,American Samoa,2008,7.5,1223,17.395,17.395,71.644,85.0,25.7918,33.663,35.696,485.0,Our World in Data / WHO,2026-09-30 02:09:07
253,ASM,American Samoa,2009,7.5,1235,17.085,17.085,71.8836,85.0,25.8781,33.701,35.739,485.0,Our World in Data / WHO,2026-09-30 02:09:07
254,ASM,American Samoa,2010,7.5,1292,17.32,17.32,72.0548,85.0,25.9397,33.729,35.77,485.0,Our World in Data / WHO,2026-09-30 02:09:07
255,ASM,American Samoa,2011,7.5,1327,17.295,17.295,72.2206,85.0,25.9994,33.755,35.8,485.0,Our World in Data / WHO,2026-09-30 02:09:07
256,ASM,American Samoa,2012,7.5,1329,17.42,17.42,72.4551,85.0,26.0838,33.793,35.842,485.0,Our World in Data / WHO,2026-09-30 02:09:07
257,ASM,American Samoa,2013,7.5,1330,17.72,17.72,72.7761,85.0,26.1994,33.844,35.9,485.0,Our World in Data / WHO,2026-09-30 02:09:07
258,ASM,American Samoa,2014,7.5,1358,17.835,17.835,73.1717,85.0,26.3418,33.907,35.971,485.0,Our World in Data / WHO,2026-09-30 02:09:07
259,ASM,American Samoa,2015,7.5,1404,18.37,18.37,73.611,85.0,26.5,33.978,36.05,485.0,Our World in Data / WHO,2026-09-30 02:09:07
260,ASM,American Samoa,2016,7.5,1445,18.92,18.92,74.055,85.0,26.6598,34.049,36.13,485.0,Our World in Data / WHO,2026-09-30 02:09:07
261,ASM,American Samoa,2017,7.5,1479,18.82,18.82,74.4712,85.0,26.8096,34.115,36.205,485.0,Our World in Data / WHO,2026-09-30 02:09:07
262,ASM,American Samoa,2018,7.5,1537,18.665,18.665,74.8295,85.0,26.9386,34.173,36.269,485.0,Our World in Data / WHO,2026-09-30 02:09:07
263,ASM,American Samoa,2019,7.5,1583,19.66,19.66,75.1068,85.0,27.0384,34.217,36.319,485.0,Our World in Data / WHO,2026-09-30 02:09:07
264,ASM,American Samoa,2020,7.5,1688,19.585,19.585,75.2792,85.0,27.1005,34.245,36.35,485.0,Our World in Data / WHO,2026-09-30 02:09:07
265,ASM,American Samoa,2021,7.5,1672,19.6,19.6,75.4255,85.0,27.1532,34.268,36.377,485.0,Our World in Data / WHO,2026-09-30 02:09:07
266,ASM,American Samoa,2022,7.5,1687,19.6,19.6,75.5998,85.0,27.2159,34.296,36.408,485.0,Our World in Data / WHO,2026-09-30 02:09:07
267,ATG,Antigua and Barbuda,1990,12.5,39,52.1,52.1,11.4085,21.1057,4.1071,24.025,24.854,725.0,Our World in Data / WHO,2026-09-30 02:09:07
268,ATG,Antigua and Barbuda,1991,12.5,39,52.1,52.1,11.9361,22.0818,4.297,24.11,24.948,725.0,Our World in Data / WHO,2026-09-30 02:09:07
269,ATG,Antigua and Barbuda,1992,12.5,39,52.1,52.1,12.5112,23.1457,4.504,24.202,25.052,725.0,Our World in Data / WHO,2026-09-30 02:09:07
270,ATG,Antigua and Barbuda,1993,12.5,39,52.1,52.1,13.1177,24.2677,4.7224,24.299,25.161,725.0,Our World in Data / WHO,2026-09-30 02:09:07
271,ATG,Antigua and Barbuda,1994,12.5,39,52.1,52.1,13.7505,25.4384,4.9502,24.4,25.275,725.0,Our World in Data / WHO,2026-09-30 02:09:07
272,ATG,Antigua and Barbuda,1995,12.5,39,52.1,52.1,14.4286,26.6929,5.1943,24.509,25.397,725.0,Our World in Data / WHO,2026-09-30 02:09:07
273,ATG,Antigua and Barbuda,1996,12.5,39,52.1,52.1,15.1617,28.0491,5.4582,24.626,25.529,725.0,Our World in Data / WHO,2026-09-30 02:09:07
274,ATG,Antigua and Barbuda,1997,12.5,39,52.1,52.1,15.9272,29.4653,5.7338,24.748,25.667,725.0,Our World in Data / WHO,2026-09-30 02:09:07
275,ATG,Antigua and Barbuda,1998,12.5,39,52.1,52.1,16.7017,30.8981,6.0126,24.872,25.806,725.0,Our World in Data / WHO,2026-09-30 02:09:07
276,ATG,Antigua and Barbuda,1999,12.5,39,52.1,52.1,17.4981,32.3715,6.2993,25.0,25.95,725.0,Our World in Data / WHO,2026-09-30 02:09:07
277,ATG,Antigua and Barbuda,2000,12.5,39,52.1,52.1,18.3124,33.8779,6.5925,25.13,26.096,725.0,Our World in Data / WHO,2026-09-30 02:09:07
278,ATG,Antigua and Barbuda,2001,12.5,42,54.95,54.95,19.1259,35.3829,6.8853,25.26,26.243,725.0,Our World in Data / WHO,2026-09-30 02:09:07
279,ATG,Antigua and Barbuda,2002,12.5,50,64.3,64.3,19.9244,36.8601,7.1728,25.388,26.386,725.0,Our World in Data / WHO,2026-09-30 02:09:07
280,ATG,Antigua and Barbuda,2003,12.5,50,63.94,63.94,20.7016,38.298,7.4526,25.512,26.526,725.0,Our World in Data / WHO,2026-09-30 02:09:07
281,ATG,Antigua and Barbuda,2004,12.5,51,64.09,64.09,21.4658,39.7117,7.7277,25.635,26.664,725.0,Our World in Data / WHO,2026-09-30 02:09:07
282,ATG,Antigua and Barbuda,2005,12.5,48,59.55,59.55,22.2217,41.1101,7.9998,25.755,26.8,725.0,Our World in Data / WHO,2026-09-30 02:09:07
283,ATG,Antigua and Barbuda,2006,12.5,41,50.14,50.14,22.9668,42.4886,8.268,25.875,26.934,725.0,Our World in Data / WHO,2026-09-30 02:09:07
284,ATG,Antigua and Barbuda,2007,12.5,41,49.98,49.98,23.6932,43.8324,8.5296,25.991,27.065,725.0,Our World in Data / WHO,2026-09-30 02:09:07
285,ATG,Antigua and Barbuda,2008,12.5,40,48.43,48.43,24.3959,45.1324,8.7825,26.103,27.191,725.0,Our World in Data / WHO,2026-09-30 02:09:07
286,ATG,Antigua and Barbuda,2009,12.5,41,48.11,48.11,25.095,46.4258,9.0342,26.215,27.317,725.0,Our World in Data / WHO,2026-09-30 02:09:07
287,ATG,Antigua and Barbuda,2010,12.5,39,45.25,45.25,25.8028,47.7352,9.289,26.328,27.445,725.0,Our World in Data / WHO,2026-09-30 02:09:07
288,ATG,Antigua and Barbuda,2011,12.5,36,41.91,41.91,26.501,49.0269,9.5404,26.44,27.57,725.0,Our World in Data / WHO,2026-09-30 02:09:07
289,ATG,Antigua and Barbuda,2012,12.5,40,45.94,45.94,27.187,50.296,9.7873,26.55,27.694,725.0,Our World in Data / WHO,2026-09-30 02:09:07
290,ATG,Antigua and Barbuda,2013,12.5,39,43.62,43.62,27.8534,51.5288,10.0272,26.657,27.814,725.0,Our World in Data / WHO,2026-09-30 02:09:07
291,ATG,Antigua and Barbuda,2014,12.5,40,44.28,44.28,28.5156,52.7539,10.2656,26.762,27.933,725.0,Our World in Data / WHO,2026-09-30 02:09:07
292,ATG,Antigua and Barbuda,2015,12.5,42,46.55,46.55,29.1933,54.0076,10.5096,26.871,28.055,725.0,Our World in Data / WHO,2026-09-30 02:09:07
293,ATG,Antigua and Barbuda,2016,12.5,48,52.78,52.78,29.8873,55.2915,10.7594,26.982,28.18,725.0,Our World in Data / WHO,2026-09-30 02:09:07
294,ATG,Antigua and Barbuda,2017,12.5,53,58.68,58.68,30.5895,56.5906,11.0122,27.094,28.306,725.0,Our World in Data / WHO,2026-09-30 02:09:07
295,ATG,Antigua and Barbuda,2018,12.5,58,62.86,62.86,31.2648,57.8399,11.2553,27.202,28.428,725.0,Our World in Data / WHO,2026-09-30 02:09:07
296,ATG,Antigua and Barbuda,2019,12.5,61,66.51,66.51,31.9251,59.0614,11.493,27.308,28.547,725.0,Our World in Data / WHO,2026-09-30 02:09:07
297,ATG,Antigua and Barbuda,2020,12.5,21,23.14,23.14,32.6148,60.3374,11.7413,27.418,28.671,725.0,Our World in Data / WHO,2026-09-30 02:09:07
298,ATG,Antigua and Barbuda,2021,12.5,40,42.42,42.42,33.3167,61.6359,11.994,27.531,28.797,725.0,Our World in Data / WHO,2026-09-30 02:09:07
299,ATG,Antigua and Barbuda,2022,12.5,40,42.42,42.42,34.0164,62.9303,12.2459,27.643,28.923,725.0,Our World in Data / WHO,2026-09-30 02:09:07
300,AUS,Australia,1990,8.7141,2832,14.89,14.89,12.8715,23.8123,4.6337,24.259,25.117,543.28,Our World in Data / WHO,2026-09-30 02:09:07
301,AUS,Australia,1991,8.8598,2832,14.89,14.89,13.5335,25.037,4.8721,24.365,25.236,550.27,Our World in Data / WHO,2026-09-30 02:09:07
302,AUS,Australia,1992,9.0119,2832,14.89,14.89,14.225,26.3162,5.121,24.476,25.36,557.57,Our World in Data / WHO,2026-09-30 02:09:07
303,AUS,Australia,1993,9.1687,2832,14.89,14.89,14.9376,27.6346,5.3775,24.59,25.489,565.1,Our World in Data / WHO,2026-09-30 02:09:07
304,AUS,Australia,1994,9.3293,2832,14.89,14.89,15.6677,28.9852,5.6404,24.707,25.62,572.81,Our World in Data / WHO,2026-09-30 02:09:07
305,AUS,Australia,1995,9.4916,2832,14.89,14.89,16.4056,30.3504,5.906,24.825,25.753,580.6,Our World in Data / WHO,2026-09-30 02:09:07
306,AUS,Australia,1996,9.6557,2832,14.89,14.89,17.1512,31.7297,6.1744,24.944,25.887,588.47,Our World in Data / WHO,2026-09-30 02:09:07
307,AUS,Australia,1997,9.8227,2832,14.89,14.89,17.9104,33.1342,6.4477,25.066,26.024,596.49,Our World in Data / WHO,2026-09-30 02:09:07
308,AUS,Australia,1998,9.9893,2832,14.89,14.89,18.6679,34.5356,6.7204,25.187,26.16,604.49,Our World in Data / WHO,2026-09-30 02:09:07
309,AUS,Australia,1999,10.1534,2832,14.89,14.89,19.4138,35.9155,6.989,25.306,26.294,612.36,Our World in Data / WHO,2026-09-30 02:09:07
310,AUS,Australia,2000,10.3144,2832,14.89,14.89,20.1453,37.2688,7.2523,25.423,26.426,620.09,Our World in Data / WHO,2026-09-30 02:09:07
311,AUS,Australia,2001,0.6,2889,15.01,15.01,20.8588,38.5888,7.5092,25.537,26.555,153.8,Our World in Data / WHO,2026-09-30 02:09:07
312,AUS,Australia,2002,1.2,3065,15.74,15.74,21.5483,39.8644,7.7574,25.648,26.679,182.6,Our World in Data / WHO,2026-09-30 02:09:07
313,AUS,Australia,2003,1.8,3179,16.14,16.14,22.2108,41.09,7.9959,25.754,26.798,211.4,Our World in Data / WHO,2026-09-30 02:09:07
314,AUS,Australia,2004,2.4,3341,16.77,16.77,22.8462,42.2655,8.2246,25.855,26.912,240.2,Our World in Data / WHO,2026-09-30 02:09:07
315,AUS,Australia,2005,3.0,3350,16.61,16.61,23.453,43.388,8.4431,25.952,27.022,269.0,Our World in Data / WHO,2026-09-30 02:09:07
316,AUS,Australia,2006,3.6,3530,17.25,17.25,24.0248,44.4459,8.6489,26.044,27.124,297.8,Our World in Data / WHO,2026-09-30 02:09:07
317,AUS,Australia,2007,4.2,3548,17.03,17.03,24.5572,45.4308,8.8406,26.129,27.22,326.6,Our World in Data / WHO,2026-09-30 02:09:07
318,AUS,Australia,2008,4.8,3876,18.24,18.24,25.0491,46.3408,9.0177,26.208,27.309,355.4,Our World in Data / WHO,2026-09-30 02:09:07
319,AUS,Australia,2009,5.4,3871,17.87,17.87,25.5131,47.1992,9.1847,26.282,27.392,384.2,Our World in Data / WHO,2026-09-30 02:09:07
320,AUS,Australia,2010,6.0,3656,16.6,16.6,25.9734,48.0508,9.3504,26.356,27.475,413.0,Our World in Data / WHO,2026-09-30 02:09:07
321,AUS,Australia,2011,6.6,3953,17.68,17.68,26.4233,48.8831,9.5124,26.428,27.556,441.8,Our World in Data / WHO,2026-09-30 02:09:07
322,AUS,Australia,2012,6.6,3968,17.46,17.46,26.8527,49.6775,9.667,26.496,27.633,441.8,Our World in Data / WHO,2026-09-30 02:09:07
323,AUS,Australia,2013,6.6,3959,17.13,17.13,27.2825,50.4726,9.8217,26.565,27.711,441.8,Our World in Data / WHO,2026-09-30 02:09:07
324,AUS,Australia,2014,6.6,3972,16.93,16.93,27.7257,51.2925,9.9813,26.636,27.791,441.8,Our World in Data / WHO,2026-09-30 02:09:07
325,AUS,Australia,2015,6.6,4273,17.94,17.94,28.1831,52.1387,10.1459,26.709,27.873,441.8,Our World in Data / WHO,2026-09-30 02:09:07
326,AUS,Australia,2016,6.6,4366,18.04,18.04,28.6434,52.9903,10.3116,26.783,27.956,441.8,Our World in Data / WHO,2026-09-30 02:09:07
327,AUS,Australia,2017,6.6,4463,18.15,18.15,29.0958,53.8272,10.4745,26.855,28.037,441.8,Our World in Data / WHO,2026-09-30 02:09:07
328,AUS,Australia,2018,6.6,4412,17.66,17.66,29.539,54.6472,10.634,26.926,28.117,441.8,Our World in Data / WHO,2026-09-30 02:09:07
329,AUS,Australia,2019,6.6,4683,18.47,18.47,29.994,55.4889,10.7978,26.999,28.199,441.8,Our World in Data / WHO,2026-09-30 02:09:07
330,AUS,Australia,2020,6.6,4905,19.11,19.11,30.4942,56.4143,10.9779,27.079,28.289,441.8,Our World in Data / WHO,2026-09-30 02:09:07
331,AUS,Australia,2021,6.6,5087,19.62,19.62,30.9925,57.3361,11.1573,27.159,28.379,441.8,Our World in Data / WHO,2026-09-30 02:09:07
332,AUS,Australia,2022,6.6,5087,19.62,19.62,31.4551,58.1919,11.3238,27.233,28.462,441.8,Our World in Data / WHO,2026-09-30 02:09:07
333,AUT,Austria,1990,6.6,1203,15.02,15.02,10.0328,18.5607,3.6118,23.805,24.606,441.8,Our World in Data / WHO,2026-09-30 02:09:07
334,AUT,Austria,1991,6.6,1203,15.02,15.02,10.2379,18.9401,3.6856,23.838,24.643,441.8,Our World in Data / WHO,2026-09-30 02:09:07
335,AUT,Austria,1992,6.6,1203,15.02,15.02,10.4639,19.3582,3.767,23.874,24.684,441.8,Our World in Data / WHO,2026-09-30 02:09:07
336,AUT,Austria,1993,6.6,1203,15.02,15.02,10.7141,19.8211,3.8571,23.914,24.729,441.8,Our World in Data / WHO,2026-09-30 02:09:07
337,AUT,Austria,1994,6.6,1203,15.02,15.02,10.9976,20.3456,3.9591,23.96,24.78,441.8,Our World in Data / WHO,2026-09-30 02:09:07
338,AUT,Austria,1995,6.6,1203,15.02,15.02,11.3038,20.912,4.0694,24.009,24.835,441.8,Our World in Data / WHO,2026-09-30 02:09:07
339,AUT,Austria,1996,6.6,1203,15.02,15.02,11.6229,21.5024,4.1842,24.06,24.892,441.8,Our World in Data / WHO,2026-09-30 02:09:07
340,AUT,Austria,1997,6.6,1203,15.02,15.02,11.954,22.1149,4.3034,24.113,24.952,441.8,Our World in Data / WHO,2026-09-30 02:09:07
341,AUT,Austria,1998,6.6,1203,15.02,15.02,12.2866,22.7302,4.4232,24.166,25.012,441.8,Our World in Data / WHO,2026-09-30 02:09:07
342,AUT,Austria,1999,6.6,1203,15.02,15.02,12.615,23.3378,4.5414,24.218,25.071,441.8,Our World in Data / WHO,2026-09-30 02:09:07
343,AUT,Austria,2000,6.6,1203,15.02,15.02,12.9377,23.9347,4.6576,24.27,25.129,441.8,Our World in Data / WHO,2026-09-30 02:09:07
344,AUT,Austria,2001,6.6,1240,15.43,15.43,13.2588,24.5288,4.7732,24.321,25.187,441.8,Our World in Data / WHO,2026-09-30 02:09:07
345,AUT,Austria,2002,6.6,1675,20.74,20.74,13.5703,25.1051,4.8853,24.371,25.243,441.8,Our World in Data / WHO,2026-09-30 02:09:07
346,AUT,Austria,2003,6.6,2558,31.5,31.5,13.8674,25.6547,4.9923,24.419,25.296,441.8,Our World in Data / WHO,2026-09-30 02:09:07
347,AUT,Austria,2004,6.6,3246,39.72,39.72,14.1477,26.1732,5.0932,24.464,25.347,441.8,Our World in Data / WHO,2026-09-30 02:09:07
348,AUT,Austria,2005,6.6,3227,39.22,39.22,14.4059,26.6509,5.1861,24.505,25.393,441.8,Our World in Data / WHO,2026-09-30 02:09:07
349,AUT,Austria,2006,6.6,3154,38.15,38.15,14.6498,27.1021,5.2739,24.544,25.437,441.8,Our World in Data / WHO,2026-09-30 02:09:07
350,AUT,Austria,2007,6.6,2636,31.78,31.78,14.8742,27.5173,5.3547,24.58,25.477,441.8,Our World in Data / WHO,2026-09-30 02:09:07
351,AUT,Austria,2008,6.6,2822,33.92,33.92,15.0692,27.878,5.4249,24.611,25.512,441.8,Our World in Data / WHO,2026-09-30 02:09:07
352,AUT,Austria,2009,6.6,2744,32.9,32.9,15.2368,28.1881,5.4852,24.638,25.543,441.8,Our World in Data / WHO,2026-09-30 02:09:07
353,AUT,Austria,2010,6.6,2437,29.14,29.14,15.3791,28.4513,5.5365,24.661,25.568,441.8,Our World in Data / WHO,2026-09-30 02:09:07
354,AUT,Austria,2011,6.6,2316,27.6,27.6,15.5037,28.6818,5.5813,24.681,25.591,441.8,Our World in Data / WHO,2026-09-30 02:09:07
355,AUT,Austria,2012,6.6,2328,27.62,27.62,15.6196,28.8963,5.6231,24.699,25.612,441.8,Our World in Data / WHO,2026-09-30 02:09:07
356,AUT,Austria,2013,6.6,2244,26.46,26.46,15.7423,29.1233,5.6672,24.719,25.634,441.8,Our World in Data / WHO,2026-09-30 02:09:07
357,AUT,Austria,2014,6.6,2442,28.57,28.57,15.8749,29.3686,5.715,24.74,25.657,441.8,Our World in Data / WHO,2026-09-30 02:09:07
358,AUT,Austria,2015,6.6,2723,31.51,31.51,16.0189,29.635,5.7668,24.763,25.683,441.8,Our World in Data / WHO,2026-09-30 02:09:07
359,AUT,Austria,2016,6.6,2591,29.65,29.65,16.1958,29.9622,5.8305,24.791,25.715,441.8,Our World in Data / WHO,2026-09-30 02:09:07
360,AUT,Austria,2017,6.6,2489,28.29,28.29,16.4082,30.3552,5.907,24.825,25.753,441.8,Our World in Data / WHO,2026-09-30 02:09:07
361,AUT,Austria,2018,6.6,2417,27.34,27.34,16.6391,30.7823,5.9901,24.862,25.795,441.8,Our World in Data / WHO,2026-09-30 02:09:07
362,AUT,Austria,2019,6.6,2063,23.23,23.23,16.8786,31.2254,6.0763,24.901,25.838,441.8,Our World in Data / WHO,2026-09-30 02:09:07
363,AUT,Austria,2020,6.6,2209,24.79,24.79,17.1299,31.6903,6.1668,24.941,25.883,441.8,Our World in Data / WHO,2026-09-30 02:09:07
364,AUT,Austria,2021,6.6,2583,28.95,28.95,17.3913,32.1739,6.2609,24.983,25.93,441.8,Our World in Data / WHO,2026-09-30 02:09:07
365,AUT,Austria,2022,6.6,2583,28.95,28.95,17.674,32.6969,6.3626,25.028,25.981,441.8,Our World in Data / WHO,2026-09-30 02:09:07
366,AZE,Azerbaijan,1990,2.8,1169,14.27,14.27,11.2529,20.8179,4.051,24.0,24.826,259.4,Our World in Data / WHO,2026-09-30 02:09:07
367,AZE,Azerbaijan,1991,2.8,1169,14.27,14.27,11.5504,21.3682,4.1581,24.048,24.879,259.4,Our World in Data / WHO,2026-09-30 02:09:07
368,AZE,Azerbaijan,1992,2.8,1169,14.27,14.27,11.8546,21.931,4.2677,24.097,24.934,259.4,Our World in Data / WHO,2026-09-30 02:09:07
369,AZE,Azerbaijan,1993,2.8,1169,14.27,14.27,12.153,22.4831,4.3751,24.144,24.988,259.4,Our World in Data / WHO,2026-09-30 02:09:07
370,AZE,Azerbaijan,1994,2.8,1169,14.27,14.27,12.4204,22.9777,4.4713,24.187,25.036,259.4,Our World in Data / WHO,2026-09-30 02:09:07
371,AZE,Azerbaijan,1995,2.8,1169,14.27,14.27,12.6836,23.4647,4.5661,24.229,25.083,259.4,Our World in Data / WHO,2026-09-30 02:09:07
372,AZE,Azerbaijan,1996,2.8,1169,14.27,14.27,12.9693,23.9932,4.6689,24.275,25.134,259.4,Our World in Data / WHO,2026-09-30 02:09:07
373,AZE,Azerbaijan,1997,2.8,1169,14.27,14.27,13.2618,24.5343,4.7742,24.322,25.187,259.4,Our World in Data / WHO,2026-09-30 02:09:07
374,AZE,Azerbaijan,1998,2.8,1169,14.27,14.27,13.5662,25.0975,4.8838,24.371,25.242,259.4,Our World in Data / WHO,2026-09-30 02:09:07
375,AZE,Azerbaijan,1999,2.8,1169,14.27,14.27,13.9048,25.7239,5.0057,24.425,25.303,259.4,Our World in Data / WHO,2026-09-30 02:09:07
376,AZE,Azerbaijan,2000,2.8,1169,14.27,14.27,14.2863,26.4297,5.1431,24.486,25.372,259.4,Our World in Data / WHO,2026-09-30 02:09:07
377,AZE,Azerbaijan,2001,2.8,1167,14.09,14.09,14.6797,27.1574,5.2847,24.549,25.442,259.4,Our World in Data / WHO,2026-09-30 02:09:07
378,AZE,Azerbaijan,2002,2.8,1218,14.55,14.55,15.0687,27.8771,5.4247,24.611,25.512,259.4,Our World in Data / WHO,2026-09-30 02:09:07
379,AZE,Azerbaijan,2003,2.8,1298,15.34,15.34,15.4695,28.6186,5.569,24.675,25.585,259.4,Our World in Data / WHO,2026-09-30 02:09:07
380,AZE,Azerbaijan,2004,2.8,1279,14.95,14.95,15.8787,29.3756,5.7163,24.741,25.658,259.4,Our World in Data / WHO,2026-09-30 02:09:07
381,AZE,Azerbaijan,2005,2.8,1341,15.49,15.49,16.3123,30.1778,5.8724,24.81,25.736,259.4,Our World in Data / WHO,2026-09-30 02:09:07
382,AZE,Azerbaijan,2006,2.8,1410,16.09,16.09,16.7754,31.0345,6.0391,24.884,25.82,259.4,Our World in Data / WHO,2026-09-30 02:09:07
383,AZE,Azerbaijan,2007,2.8,1254,14.13,14.13,17.2481,31.909,6.2093,24.96,25.905,259.4,Our World in Data / WHO,2026-09-30 02:09:07
384,AZE,Azerbaijan,2008,2.8,1399,15.54,15.54,17.747,32.832,6.3889,25.04,25.994,259.4,Our World in Data / WHO,2026-09-30 02:09:07
385,AZE,Azerbaijan,2009,2.8,1377,15.1,15.1,18.2857,33.8285,6.5829,25.126,26.091,259.4,Our World in Data / WHO,2026-09-30 02:09:07
386,AZE,Azerbaijan,2010,2.8,1392,15.07,15.07,18.8771,34.9226,6.7958,25.22,26.198,259.4,Our World in Data / WHO,2026-09-30 02:09:07
387,AZE,Azerbaijan,2011,2.8,1384,14.79,14.79,19.505,36.0842,7.0218,25.321,26.311,259.4,Our World in Data / WHO,2026-09-30 02:09:07
388,AZE,Azerbaijan,2012,2.8,1362,14.35,14.35,20.1451,37.2684,7.2522,25.423,26.426,259.4,Our World in Data / WHO,2026-09-30 02:09:07
389,AZE,Azerbaijan,2013,2.8,1325,13.78,13.78,20.8205,38.5179,7.4954,25.531,26.548,259.4,Our World in Data / WHO,2026-09-30 02:09:07
390,AZE,Azerbaijan,2014,2.8,1318,13.53,13.53,21.5326,39.8353,7.7517,25.645,26.676,259.4,Our World in Data / WHO,2026-09-30 02:09:07
391,AZE,Azerbaijan,2015,2.8,1276,12.94,12.94,22.3049,41.2641,8.0298,25.769,26.815,259.4,Our World in Data / WHO,2026-09-30 02:09:07
392,AZE,Azerbaijan,2016,2.8,1301,13.04,13.04,23.0654,42.671,8.3035,25.89,26.952,259.4,Our World in Data / WHO,2026-09-30 02:09:07
393,AZE,Azerbaijan,2017,2.8,1301,12.91,12.91,23.7257,43.8925,8.5413,25.996,27.071,259.4,Our World in Data / WHO,2026-09-30 02:09:07
394,AZE,Azerbaijan,2018,2.8,1286,12.67,12.67,24.3397,45.0284,8.7623,26.094,27.181,259.4,Our World in Data / WHO,2026-09-30 02:09:07
395,AZE,Azerbaijan,2019,2.8,1269,12.41,12.41,25.0726,46.3843,9.0261,26.212,27.313,259.4,Our World in Data / WHO,2026-09-30 02:09:07
396,AZE,Azerbaijan,2020,2.8,1569,15.26,15.26,25.9379,47.9851,9.3376,26.35,27.469,259.4,Our World in Data / WHO,2026-09-30 02:09:07
397,AZE,Azerbaijan,2021,2.8,1221,11.84,11.84,26.7846,49.5515,9.6425,26.486,27.621,259.4,Our World in Data / WHO,2026-09-30 02:09:07
398,AZE,Azerbaijan,2022,2.8,1221,11.84,11.84,27.6101,51.0787,9.9396,26.618,27.77,259.4,Our World in Data / WHO,2026-09-30 02:09:07
399,BDI,Burundi,1990,2.7,1168,18.52,18.52,0.7821,6.0,0.2816,22.325,22.941,254.6,Our World in Data / WHO,2026-09-30 02:09:07
400,BDI,Burundi,1991,2.7,1168,18.52,18.52,0.8238,6.0,0.2966,22.332,22.948,254.6,Our World in Data / WHO,2026-09-30 02:09:07
401,BDI,Burundi,1992,2.7,1168,18.52,18.52,0.8668,6.0,0.312,22.339,22.956,254.6,Our World in Data / WHO,2026-09-30 02:09:07
402,BDI,Burundi,1993,2.7,1168,18.52,18.52,0.9242,6.0,0.3327,22.348,22.966,254.6,Our World in Data / WHO,2026-09-30 02:09:07
403,BDI,Burundi,1994,2.7,1168,18.52,18.52,0.9716,6.0,0.3498,22.355,22.975,254.6,Our World in Data / WHO,2026-09-30 02:09:07
404,BDI,Burundi,1995,2.7,1168,18.52,18.52,1.0096,6.0,0.3635,22.362,22.982,254.6,Our World in Data / WHO,2026-09-30 02:09:07
405,BDI,Burundi,1996,2.7,1168,18.52,18.52,1.0679,6.0,0.3844,22.371,22.992,254.6,Our World in Data / WHO,2026-09-30 02:09:07
406,BDI,Burundi,1997,2.7,1168,18.52,18.52,1.1285,6.0,0.4063,22.381,23.003,254.6,Our World in Data / WHO,2026-09-30 02:09:07
407,BDI,Burundi,1998,2.7,1168,18.52,18.52,1.1861,6.0,0.427,22.39,23.013,254.6,Our World in Data / WHO,2026-09-30 02:09:07
408,BDI,Burundi,1999,2.7,1168,18.52,18.52,1.2448,6.0,0.4481,22.399,23.024,254.6,Our World in Data / WHO,2026-09-30 02:09:07
409,BDI,Burundi,2000,2.7,1168,18.52,18.52,1.3075,6.0,0.4707,22.409,23.035,254.6,Our World in Data / WHO,2026-09-30 02:09:07
410,BDI,Burundi,2001,2.7,1160,17.94,17.94,1.374,6.0,0.4946,22.42,23.047,254.6,Our World in Data / WHO,2026-09-30 02:09:07
411,BDI,Burundi,2002,2.7,1158,17.41,17.41,1.4448,6.0,0.5201,22.431,23.06,254.6,Our World in Data / WHO,2026-09-30 02:09:07
412,BDI,Burundi,2003,2.7,1167,17.02,17.02,1.5201,6.0,0.5472,22.443,23.074,254.6,Our World in Data / WHO,2026-09-30 02:09:07
413,BDI,Burundi,2004,2.7,1199,16.84,16.84,1.5996,6.0,0.5759,22.456,23.088,254.6,Our World in Data / WHO,2026-09-30 02:09:07
414,BDI,Burundi,2005,2.7,1181,15.98,15.98,1.6848,6.0,0.6065,22.47,23.103,254.6,Our World in Data / WHO,2026-09-30 02:09:07
415,BDI,Burundi,2006,2.7,1190,15.54,15.54,1.7757,6.0,0.6393,22.484,23.12,254.6,Our World in Data / WHO,2026-09-30 02:09:07
416,BDI,Burundi,2007,2.7,1172,14.75,14.75,1.8711,6.0,0.6736,22.499,23.137,254.6,Our World in Data / WHO,2026-09-30 02:09:07
417,BDI,Burundi,2008,2.7,1173,14.17,14.17,1.9699,6.0,0.7092,22.515,23.155,254.6,Our World in Data / WHO,2026-09-30 02:09:07
418,BDI,Burundi,2009,2.7,1239,14.23,14.23,2.0718,6.0,0.7458,22.531,23.173,254.6,Our World in Data / WHO,2026-09-30 02:09:07
419,BDI,Burundi,2010,2.7,1296,14.2,14.2,2.1802,6.0,0.7849,22.549,23.192,254.6,Our World in Data / WHO,2026-09-30 02:09:07
420,BDI,Burundi,2011,2.7,1318,13.94,13.94,2.2972,6.0,0.827,22.568,23.213,254.6,Our World in Data / WHO,2026-09-30 02:09:07
421,BDI,Burundi,2012,2.7,1352,13.8,13.8,2.4291,6.0,0.8745,22.589,23.237,254.6,Our World in Data / WHO,2026-09-30 02:09:07
422,BDI,Burundi,2013,2.7,1396,13.75,13.75,2.5712,6.0,0.9256,22.611,23.263,254.6,Our World in Data / WHO,2026-09-30 02:09:07
423,BDI,Burundi,2014,2.7,1434,13.66,13.66,2.7155,6.0,0.9776,22.634,23.289,254.6,Our World in Data / WHO,2026-09-30 02:09:07
424,BDI,Burundi,2015,2.7,1436,13.39,13.39,2.8763,6.0,1.0355,22.66,23.318,254.6,Our World in Data / WHO,2026-09-30 02:09:07
425,BDI,Burundi,2016,2.7,1471,13.5,13.5,3.054,6.0,1.0994,22.689,23.35,254.6,Our World in Data / WHO,2026-09-30 02:09:07
426,BDI,Burundi,2017,2.7,1517,13.6,13.6,3.2367,6.0,1.1652,22.718,23.383,254.6,Our World in Data / WHO,2026-09-30 02:09:07
427,BDI,Burundi,2018,2.7,1565,13.61,13.61,3.4217,6.3301,1.2318,22.747,23.416,254.6,Our World in Data / WHO,2026-09-30 02:09:07
428,BDI,Burundi,2019,2.7,1622,13.66,13.66,3.6102,6.6789,1.2997,22.778,23.45,254.6,Our World in Data / WHO,2026-09-30 02:09:07
429,BDI,Burundi,2020,2.7,1722,14.09,14.09,3.8084,7.0455,1.371,22.809,23.486,254.6,Our World in Data / WHO,2026-09-30 02:09:07
430,BDI,Burundi,2021,2.7,1902,15.15,15.15,4.0187,7.4346,1.4467,22.843,23.523,254.6,Our World in Data / WHO,2026-09-30 02:09:07
431,BDI,Burundi,2022,2.7,1902,15.15,15.15,4.2366,7.8377,1.5252,22.878,23.563,254.6,Our World in Data / WHO,2026-09-30 02:09:07
432,BEL,Belgium,1990,4.8,1370,13.35,13.35,13.3127,24.6285,4.7926,24.33,25.196,355.4,Our World in Data / WHO,2026-09-30 02:09:07
433,BEL,Belgium,1991,4.8,1370,13.35,13.35,13.5157,25.004,4.8657,24.363,25.233,355.4,Our World in Data / WHO,2026-09-30 02:09:07
434,BEL,Belgium,1992,4.8,1370,13.35,13.35,13.7404,25.4197,4.9465,24.398,25.273,355.4,Our World in Data / WHO,2026-09-30 02:09:07
435,BEL,Belgium,1993,4.8,1370,13.35,13.35,13.9912,25.8837,5.0368,24.439,25.318,355.4,Our World in Data / WHO,2026-09-30 02:09:07
436,BEL,Belgium,1994,4.8,1370,13.35,13.35,14.2649,26.3901,5.1354,24.482,25.368,355.4,Our World in Data / WHO,2026-09-30 02:09:07
437,BEL,Belgium,1995,4.8,1370,13.35,13.35,14.5536,26.9242,5.2393,24.529,25.42,355.4,Our World in Data / WHO,2026-09-30 02:09:07
438,BEL,Belgium,1996,4.8,1370,13.35,13.35,14.8598,27.4906,5.3495,24.578,25.475,355.4,Our World in Data / WHO,2026-09-30 02:09:07
439,BEL,Belgium,1997,4.8,1370,13.35,13.35,15.1832,28.0889,5.466,24.629,25.533,355.4,Our World in Data / WHO,2026-09-30 02:09:07
440,BEL,Belgium,1998,4.8,1370,13.35,13.35,15.52,28.712,5.5872,24.683,25.594,355.4,Our World in Data / WHO,2026-09-30 02:09:07
441,BEL,Belgium,1999,4.8,1370,13.35,13.35,15.8677,29.3552,5.7124,24.739,25.656,355.4,Our World in Data / WHO,2026-09-30 02:09:07
442,BEL,Belgium,2000,4.8,1370,13.35,13.35,16.2218,30.0103,5.8398,24.795,25.72,355.4,Our World in Data / WHO,2026-09-30 02:09:07
443,BEL,Belgium,2001,4.8,1341,13.01,13.01,16.5826,30.6778,5.9697,24.853,25.785,355.4,Our World in Data / WHO,2026-09-30 02:09:07
444,BEL,Belgium,2002,4.8,1430,13.81,13.81,16.9469,31.3518,6.1009,24.912,25.85,355.4,Our World in Data / WHO,2026-09-30 02:09:07
445,BEL,Belgium,2003,4.8,1443,13.87,13.87,17.3112,32.0257,6.232,24.97,25.916,355.4,Our World in Data / WHO,2026-09-30 02:09:07
446,BEL,Belgium,2004,4.8,1443,13.8,13.8,17.67,32.6895,6.3612,25.027,25.981,355.4,Our World in Data / WHO,2026-09-30 02:09:07
447,BEL,Belgium,2005,4.8,1469,13.97,13.97,18.0044,33.3081,6.4816,25.081,26.041,355.4,Our World in Data / WHO,2026-09-30 02:09:07
448,BEL,Belgium,2006,4.8,1396,13.19,13.19,18.3164,33.8853,6.5939,25.131,26.097,355.4,Our World in Data / WHO,2026-09-30 02:09:07
449,BEL,Belgium,2007,4.8,1362,12.78,12.78,18.6053,34.4198,6.6979,25.177,26.149,355.4,Our World in Data / WHO,2026-09-30 02:09:07
450,BEL,Belgium,2008,4.8,1494,13.92,13.92,18.8642,34.8988,6.7911,25.218,26.196,355.4,Our World in Data / WHO,2026-09-30 02:09:07
451,BEL,Belgium,2009,4.8,1498,13.87,13.87,19.0877,35.3122,6.8716,25.254,26.236,355.4,Our World in Data / WHO,2026-09-30 02:09:07
452,BEL,Belgium,2010,4.8,1387,12.75,12.75,19.2788,35.6658,6.9404,25.285,26.27,355.4,Our World in Data / WHO,2026-09-30 02:09:07
453,BEL,Belgium,2011,4.8,1333,12.16,12.16,19.4618,36.0043,7.0062,25.314,26.303,355.4,Our World in Data / WHO,2026-09-30 02:09:07
454,BEL,Belgium,2012,4.8,1420,12.87,12.87,19.6481,36.349,7.0733,25.344,26.337,355.4,Our World in Data / WHO,2026-09-30 02:09:07
455,BEL,Belgium,2013,4.8,1304,11.74,11.74,19.8444,36.7121,7.144,25.375,26.372,355.4,Our World in Data / WHO,2026-09-30 02:09:07
456,BEL,Belgium,2014,4.8,1233,11.03,11.03,20.0539,37.0997,7.2194,25.409,26.41,355.4,Our World in Data / WHO,2026-09-30 02:09:07
457,BEL,Belgium,2015,4.8,1206,10.73,10.73,20.2686,37.4969,7.2967,25.443,26.448,355.4,Our World in Data / WHO,2026-09-30 02:09:07
458,BEL,Belgium,2016,4.8,1167,10.32,10.32,20.506,37.9361,7.3822,25.481,26.491,355.4,Our World in Data / WHO,2026-09-30 02:09:07
459,BEL,Belgium,2017,4.8,1243,10.92,10.92,20.7636,38.4127,7.4749,25.522,26.537,355.4,Our World in Data / WHO,2026-09-30 02:09:07
460,BEL,Belgium,2018,4.8,1261,11.02,11.02,21.0214,38.8896,7.5677,25.563,26.584,355.4,Our World in Data / WHO,2026-09-30 02:09:07
461,BEL,Belgium,2019,4.8,1223,10.63,10.63,21.2851,39.3774,7.6626,25.606,26.631,355.4,Our World in Data / WHO,2026-09-30 02:09:07
462,BEL,Belgium,2020,4.8,1222,10.57,10.57,21.5708,39.906,7.7655,25.651,26.683,355.4,Our World in Data / WHO,2026-09-30 02:09:07
463,BEL,Belgium,2021,4.8,1190,10.25,10.25,21.8793,40.4767,7.8765,25.701,26.738,355.4,Our World in Data / WHO,2026-09-30 02:09:07
464,BEL,Belgium,2022,4.8,1190,10.25,10.25,22.2053,41.0798,7.9939,25.753,26.797,355.4,Our World in Data / WHO,2026-09-30 02:09:07
465,BEN,Benin,1990,2.0,1014,14.5,14.5,1.8309,6.0,0.6591,22.493,23.13,221.0,Our World in Data / WHO,2026-09-30 02:09:07
466,BEN,Benin,1991,2.0,1014,14.5,14.5,1.9639,6.0,0.707,22.514,23.154,221.0,Our World in Data / WHO,2026-09-30 02:09:07
467,BEN,Benin,1992,2.0,1014,14.5,14.5,2.1083,6.0,0.759,22.537,23.179,221.0,Our World in Data / WHO,2026-09-30 02:09:07
468,BEN,Benin,1993,2.0,1014,14.5,14.5,2.2553,6.0,0.8119,22.561,23.206,221.0,Our World in Data / WHO,2026-09-30 02:09:07
469,BEN,Benin,1994,2.0,1014,14.5,14.5,2.4233,6.0,0.8724,22.588,23.236,221.0,Our World in Data / WHO,2026-09-30 02:09:07
470,BEN,Benin,1995,2.0,1014,14.5,14.5,2.6209,6.0,0.9435,22.619,23.272,221.0,Our World in Data / WHO,2026-09-30 02:09:07
471,BEN,Benin,1996,2.0,1014,14.5,14.5,2.8317,6.0,1.0194,22.653,23.31,221.0,Our World in Data / WHO,2026-09-30 02:09:07
472,BEN,Benin,1997,2.0,1014,14.5,14.5,3.0581,6.0,1.1009,22.689,23.35,221.0,Our World in Data / WHO,2026-09-30 02:09:07
473,BEN,Benin,1998,2.0,1014,14.5,14.5,3.3012,6.1072,1.1884,22.728,23.394,221.0,Our World in Data / WHO,2026-09-30 02:09:07
474,BEN,Benin,1999,2.0,1014,14.5,14.5,3.5608,6.5875,1.2819,22.77,23.441,221.0,Our World in Data / WHO,2026-09-30 02:09:07
475,BEN,Benin,2000,2.0,1014,14.5,14.5,3.834,7.0929,1.3802,22.813,23.49,221.0,Our World in Data / WHO,2026-09-30 02:09:07
476,BEN,Benin,2001,2.0,1051,14.57,14.57,4.1186,7.6194,1.4827,22.859,23.541,221.0,Our World in Data / WHO,2026-09-30 02:09:07
477,BEN,Benin,2002,2.0,1100,14.81,14.81,4.4107,8.1598,1.5879,22.906,23.594,221.0,Our World in Data / WHO,2026-09-30 02:09:07
478,BEN,Benin,2003,2.0,1130,14.76,14.76,4.7061,8.7063,1.6942,22.953,23.647,221.0,Our World in Data / WHO,2026-09-30 02:09:07
479,BEN,Benin,2004,2.0,1170,14.82,14.82,5.0003,9.2506,1.8001,23.0,23.7,221.0,Our World in Data / WHO,2026-09-30 02:09:07
480,BEN,Benin,2005,2.0,1212,14.87,14.87,5.2896,9.7858,1.9043,23.046,23.752,221.0,Our World in Data / WHO,2026-09-30 02:09:07
481,BEN,Benin,2006,2.0,1259,14.99,14.99,5.5722,10.3086,2.006,23.092,23.803,221.0,Our World in Data / WHO,2026-09-30 02:09:07
482,BEN,Benin,2007,2.0,1312,15.18,15.18,5.844,10.8114,2.1038,23.135,23.852,221.0,Our World in Data / WHO,2026-09-30 02:09:07
483,BEN,Benin,2008,2.0,1370,15.38,15.38,6.0981,11.2815,2.1953,23.176,23.898,221.0,Our World in Data / WHO,2026-09-30 02:09:07
484,BEN,Benin,2009,2.0,1426,15.55,15.55,6.3337,11.7173,2.2801,23.213,23.94,221.0,Our World in Data / WHO,2026-09-30 02:09:07
485,BEN,Benin,2010,2.0,1483,15.7,15.7,6.5549,12.1266,2.3598,23.249,23.98,221.0,Our World in Data / WHO,2026-09-30 02:09:07
486,BEN,Benin,2011,2.0,1542,15.85,15.85,6.7669,12.5188,2.4361,23.283,24.018,221.0,Our World in Data / WHO,2026-09-30 02:09:07
487,BEN,Benin,2012,2.0,1588,15.86,15.86,6.974,12.9019,2.5106,23.316,24.055,221.0,Our World in Data / WHO,2026-09-30 02:09:07
488,BEN,Benin,2013,2.0,1624,15.76,15.76,7.1887,13.2991,2.5879,23.35,24.094,221.0,Our World in Data / WHO,2026-09-30 02:09:07
489,BEN,Benin,2014,2.0,1664,15.68,15.68,7.425,13.7362,2.673,23.388,24.136,221.0,Our World in Data / WHO,2026-09-30 02:09:07
490,BEN,Benin,2015,2.0,1719,15.72,15.72,7.684,14.2154,2.7662,23.429,24.183,221.0,Our World in Data / WHO,2026-09-30 02:09:07
491,BEN,Benin,2016,2.0,1758,15.62,15.62,7.9661,14.7373,2.8678,23.475,24.234,221.0,Our World in Data / WHO,2026-09-30 02:09:07
492,BEN,Benin,2017,2.0,1799,15.51,15.51,8.2695,15.2986,2.977,23.523,24.289,221.0,Our World in Data / WHO,2026-09-30 02:09:07
493,BEN,Benin,2018,2.0,1844,15.44,15.44,8.5929,15.8969,3.0934,23.575,24.347,221.0,Our World in Data / WHO,2026-09-30 02:09:07
494,BEN,Benin,2019,2.0,1893,15.4,15.4,8.9388,16.5368,3.218,23.63,24.409,221.0,Our World in Data / WHO,2026-09-30 02:09:07
495,BEN,Benin,2020,2.0,2017,15.95,15.95,9.3057,17.2155,3.3501,23.689,24.475,221.0,Our World in Data / WHO,2026-09-30 02:09:07
496,BEN,Benin,2021,2.0,2036,15.67,15.67,9.685,17.9173,3.4866,23.75,24.543,221.0,Our World in Data / WHO,2026-09-30 02:09:07
497,BEN,Benin,2022,2.0,2036,15.67,15.67,10.079,18.6462,3.6284,23.813,24.614,221.0,Our World in Data / WHO,2026-09-30 02:09:07
498,BFA,Burkina Faso,1990,3.0,1812,15.25,15.25,0.5389,6.0,0.194,22.286,22.897,269.0,Our World in Data / WHO,2026-09-30 02:09:07
499,BFA,Burkina Faso,1991,3.0,1812,15.25,15.25,0.5816,6.0,0.2094,22.293,22.905,269.0,Our World in Data / WHO,2026-09-30 02:09:07
500,BFA,Burkina Faso,1992,3.0,1812,15.25,15.25,0.6288,6.0,0.2264,22.301,22.913,269.0,Our World in Data / WHO,2026-09-30 02:09:07
501,BFA,Burkina Faso,1993,3.0,1812,15.25,15.25,0.6807,6.0,0.2451,22.309,22.923,269.0,Our World in Data / WHO,2026-09-30 02:09:07
502,BFA,Burkina Faso,1994,3.0,1812,15.25,15.25,0.7379,6.0,0.2656,22.318,22.933,269.0,Our World in Data / WHO,2026-09-30 02:09:07
503,BFA,Burkina Faso,1995,3.0,1812,15.25,15.25,0.8015,6.0,0.2885,22.328,22.944,269.0,Our World in Data / WHO,2026-09-30 02:09:07
504,BFA,Burkina Faso,1996,3.0,1812,15.25,15.25,0.8727,6.0,0.3142,22.34,22.957,269.0,Our World in Data / WHO,2026-09-30 02:09:07
505,BFA,Burkina Faso,1997,3.0,1812,15.25,15.25,0.9525,6.0,0.3429,22.352,22.971,269.0,Our World in Data / WHO,2026-09-30 02:09:07
506,BFA,Burkina Faso,1998,3.0,1812,15.25,15.25,1.0415,6.0,0.3749,22.367,22.987,269.0,Our World in Data / WHO,2026-09-30 02:09:07
507,BFA,Burkina Faso,1999,3.0,1812,15.25,15.25,1.1406,6.0,0.4106,22.382,23.005,269.0,Our World in Data / WHO,2026-09-30 02:09:07
508,BFA,Burkina Faso,2000,3.0,1812,15.25,15.25,1.2504,6.0,0.4501,22.4,23.025,269.0,Our World in Data / WHO,2026-09-30 02:09:07
509,BFA,Burkina Faso,2001,3.0,1844,15.06,15.06,1.3707,6.0,0.4935,22.419,23.047,269.0,Our World in Data / WHO,2026-09-30 02:09:07
510,BFA,Burkina Faso,2002,3.0,1852,14.66,14.66,1.5011,6.0,0.5404,22.44,23.07,269.0,Our World in Data / WHO,2026-09-30 02:09:07
511,BFA,Burkina Faso,2003,3.0,1891,14.51,14.51,1.642,6.0,0.5911,22.463,23.096,269.0,Our World in Data / WHO,2026-09-30 02:09:07
512,BFA,Burkina Faso,2004,3.0,1927,14.34,14.34,1.7921,6.0,0.6452,22.487,23.123,269.0,Our World in Data / WHO,2026-09-30 02:09:07
513,BFA,Burkina Faso,2005,3.0,1957,14.1,14.1,1.9503,6.0,0.7021,22.512,23.151,269.0,Our World in Data / WHO,2026-09-30 02:09:07
514,BFA,Burkina Faso,2006,3.0,2010,14.04,14.04,2.1159,6.0,0.7617,22.539,23.181,269.0,Our World in Data / WHO,2026-09-30 02:09:07
515,BFA,Burkina Faso,2007,3.0,2039,13.82,13.82,2.2874,6.0,0.8235,22.566,23.212,269.0,Our World in Data / WHO,2026-09-30 02:09:07
516,BFA,Burkina Faso,2008,3.0,2086,13.73,13.73,2.4637,6.0,0.8869,22.594,23.243,269.0,Our World in Data / WHO,2026-09-30 02:09:07
517,BFA,Burkina Faso,2009,3.0,2139,13.67,13.67,2.6424,6.0,0.9513,22.623,23.276,269.0,Our World in Data / WHO,2026-09-30 02:09:07
518,BFA,Burkina Faso,2010,3.0,2200,13.65,13.65,2.8239,6.0,1.0166,22.652,23.308,269.0,Our World in Data / WHO,2026-09-30 02:09:07
519,BFA,Burkina Faso,2011,3.0,2263,13.63,13.63,3.0103,6.0,1.0837,22.682,23.342,269.0,Our World in Data / WHO,2026-09-30 02:09:07
520,BFA,Burkina Faso,2012,3.0,2348,13.72,13.72,3.2048,6.0,1.1537,22.713,23.377,269.0,Our World in Data / WHO,2026-09-30 02:09:07
521,BFA,Burkina Faso,2013,3.0,2414,13.69,13.69,3.4126,6.3133,1.2285,22.746,23.414,269.0,Our World in Data / WHO,2026-09-30 02:09:07
522,BFA,Burkina Faso,2014,3.0,2456,13.51,13.51,3.6378,6.7299,1.3096,22.782,23.455,269.0,Our World in Data / WHO,2026-09-30 02:09:07
523,BFA,Burkina Faso,2015,3.0,2510,13.41,13.41,3.8828,7.1832,1.3978,22.821,23.499,269.0,Our World in Data / WHO,2026-09-30 02:09:07
524,BFA,Burkina Faso,2016,3.0,2587,13.42,13.42,4.1487,7.6751,1.4935,22.864,23.547,269.0,Our World in Data / WHO,2026-09-30 02:09:07
525,BFA,Burkina Faso,2017,3.0,2639,13.3,13.3,4.4352,8.2051,1.5967,22.91,23.598,269.0,Our World in Data / WHO,2026-09-30 02:09:07
526,BFA,Burkina Faso,2018,3.0,2689,13.19,13.19,4.7424,8.7734,1.7073,22.959,23.654,269.0,Our World in Data / WHO,2026-09-30 02:09:07
527,BFA,Burkina Faso,2019,3.0,2715,12.96,12.96,5.0701,9.3797,1.8252,23.011,23.713,269.0,Our World in Data / WHO,2026-09-30 02:09:07
528,BFA,Burkina Faso,2020,3.0,2906,13.5,13.5,5.4184,10.024,1.9506,23.067,23.775,269.0,Our World in Data / WHO,2026-09-30 02:09:07
529,BFA,Burkina Faso,2021,3.0,2895,13.1,13.1,5.7838,10.7,2.0822,23.125,23.841,269.0,Our World in Data / WHO,2026-09-30 02:09:07
530,BFA,Burkina Faso,2022,3.0,2895,13.1,13.1,6.1685,11.4117,2.2207,23.187,23.91,269.0,Our World in Data / WHO,2026-09-30 02:09:07
531,BGD,Bangladesh,1990,10.5,16132,12.49,12.49,0.2914,6.0,0.1049,22.247,22.852,629.0,Our World in Data / WHO,2026-09-30 02:09:07
532,BGD,Bangladesh,1991,10.5,16132,12.49,12.49,0.3198,6.0,0.1151,22.251,22.858,629.0,Our World in Data / WHO,2026-09-30 02:09:07
533,BGD,Bangladesh,1992,10.5,16132,12.49,12.49,0.3511,6.0,0.1264,22.256,22.863,629.0,Our World in Data / WHO,2026-09-30 02:09:07
534,BGD,Bangladesh,1993,10.5,16132,12.49,12.49,0.3857,6.0,0.1389,22.262,22.869,629.0,Our World in Data / WHO,2026-09-30 02:09:07
535,BGD,Bangladesh,1994,10.5,16132,12.49,12.49,0.4242,6.0,0.1527,22.268,22.876,629.0,Our World in Data / WHO,2026-09-30 02:09:07
536,BGD,Bangladesh,1995,10.5,16132,12.49,12.49,0.4672,6.0,0.1682,22.275,22.884,629.0,Our World in Data / WHO,2026-09-30 02:09:07
537,BGD,Bangladesh,1996,10.5,16132,12.49,12.49,0.5154,6.0,0.1855,22.282,22.893,629.0,Our World in Data / WHO,2026-09-30 02:09:07
538,BGD,Bangladesh,1997,10.5,16132,12.49,12.49,0.5694,6.0,0.205,22.291,22.902,629.0,Our World in Data / WHO,2026-09-30 02:09:07
539,BGD,Bangladesh,1998,10.5,16132,12.49,12.49,0.63,6.0,0.2268,22.301,22.913,629.0,Our World in Data / WHO,2026-09-30 02:09:07
540,BGD,Bangladesh,1999,10.5,16132,12.49,12.49,0.6978,6.0,0.2512,22.312,22.926,629.0,Our World in Data / WHO,2026-09-30 02:09:07
541,BGD,Bangladesh,2000,10.5,16132,12.49,12.49,0.7729,6.0,0.2782,22.324,22.939,629.0,Our World in Data / WHO,2026-09-30 02:09:07
542,BGD,Bangladesh,2001,10.5,16993,12.91,12.91,0.8574,6.0,0.3087,22.337,22.954,629.0,Our World in Data / WHO,2026-09-30 02:09:07
543,BGD,Bangladesh,2002,10.5,18404,13.72,13.72,0.9529,6.0,0.343,22.352,22.972,629.0,Our World in Data / WHO,2026-09-30 02:09:07
544,BGD,Bangladesh,2003,10.5,19337,14.17,14.17,1.0579,6.0,0.3808,22.369,22.99,629.0,Our World in Data / WHO,2026-09-30 02:09:07
545,BGD,Bangladesh,2004,10.5,19450,14.01,14.01,1.1732,6.0,0.4224,22.388,23.011,629.0,Our World in Data / WHO,2026-09-30 02:09:07
546,BGD,Bangladesh,2005,10.5,20212,14.34,14.34,1.2988,6.0,0.4676,22.408,23.034,629.0,Our World in Data / WHO,2026-09-30 02:09:07
547,BGD,Bangladesh,2006,10.5,21480,15.06,15.06,1.4353,6.0,0.5167,22.43,23.058,629.0,Our World in Data / WHO,2026-09-30 02:09:07
548,BGD,Bangladesh,2007,10.5,22289,15.46,15.46,1.5833,6.0,0.57,22.453,23.085,629.0,Our World in Data / WHO,2026-09-30 02:09:07
549,BGD,Bangladesh,2008,10.5,22566,15.52,15.52,1.7431,6.0,0.6275,22.479,23.114,629.0,Our World in Data / WHO,2026-09-30 02:09:07
550,BGD,Bangladesh,2009,10.5,22843,15.57,15.57,1.9145,6.0,0.6892,22.506,23.145,629.0,Our World in Data / WHO,2026-09-30 02:09:07
551,BGD,Bangladesh,2010,10.5,23222,15.65,15.65,2.0977,6.0,0.7552,22.536,23.178,629.0,Our World in Data / WHO,2026-09-30 02:09:07
552,BGD,Bangladesh,2011,10.5,21289,14.17,14.17,2.292,6.0,0.8251,22.567,23.213,629.0,Our World in Data / WHO,2026-09-30 02:09:07
553,BGD,Bangladesh,2012,10.5,19957,13.12,13.12,2.4981,6.0,0.8993,22.6,23.25,629.0,Our World in Data / WHO,2026-09-30 02:09:07
554,BGD,Bangladesh,2013,10.5,20457,13.28,13.28,2.7172,6.0,0.9782,22.635,23.289,629.0,Our World in Data / WHO,2026-09-30 02:09:07
555,BGD,Bangladesh,2014,10.5,21813,13.99,13.99,2.9491,6.0,1.0617,22.672,23.331,629.0,Our World in Data / WHO,2026-09-30 02:09:07
556,BGD,Bangladesh,2015,10.5,21999,13.94,13.94,3.1942,6.0,1.1499,22.711,23.375,629.0,Our World in Data / WHO,2026-09-30 02:09:07
557,BGD,Bangladesh,2016,10.5,23175,14.5,14.5,3.4515,6.3853,1.2425,22.752,23.421,629.0,Our World in Data / WHO,2026-09-30 02:09:07
558,BGD,Bangladesh,2017,10.5,25750,15.92,15.92,3.7085,6.8607,1.3351,22.793,23.468,629.0,Our World in Data / WHO,2026-09-30 02:09:07
559,BGD,Bangladesh,2018,10.5,27170,16.6,16.6,3.9629,7.3314,1.4266,22.834,23.513,629.0,Our World in Data / WHO,2026-09-30 02:09:07
560,BGD,Bangladesh,2019,10.5,28874,17.44,17.44,4.2256,7.8174,1.5212,22.876,23.561,629.0,Our World in Data / WHO,2026-09-30 02:09:07
561,BGD,Bangladesh,2020,10.5,30689,18.33,18.33,4.4996,8.3243,1.6199,22.92,23.61,629.0,Our World in Data / WHO,2026-09-30 02:09:07
562,BGD,Bangladesh,2021,10.5,31150,18.39,18.39,4.7857,8.8535,1.7229,22.966,23.661,629.0,Our World in Data / WHO,2026-09-30 02:09:07
563,BGD,Bangladesh,2022,10.5,31150,18.39,18.39,5.0873,9.4115,1.8314,23.014,23.716,629.0,Our World in Data / WHO,2026-09-30 02:09:07
564,BGR,Bulgaria,1990,6.7,2146,26.5,26.5,13.4123,24.8128,4.8284,24.346,25.214,446.6,Our World in Data / WHO,2026-09-30 02:09:07
565,BGR,Bulgaria,1991,6.7,2146,26.5,26.5,13.5972,25.1548,4.895,24.376,25.247,446.6,Our World in Data / WHO,2026-09-30 02:09:07
566,BGR,Bulgaria,1992,6.7,2146,26.5,26.5,13.7776,25.4886,4.9599,24.404,25.28,446.6,Our World in Data / WHO,2026-09-30 02:09:07
567,BGR,Bulgaria,1993,6.7,2146,26.5,26.5,13.9578,25.8219,5.0248,24.433,25.312,446.6,Our World in Data / WHO,2026-09-30 02:09:07
568,BGR,Bulgaria,1994,6.7,2146,26.5,26.5,14.1429,26.1644,5.0914,24.463,25.346,446.6,Our World in Data / WHO,2026-09-30 02:09:07
569,BGR,Bulgaria,1995,6.7,2146,26.5,26.5,14.3403,26.5296,5.1625,24.494,25.381,446.6,Our World in Data / WHO,2026-09-30 02:09:07
570,BGR,Bulgaria,1996,6.7,2146,26.5,26.5,14.5695,26.9536,5.245,24.531,25.423,446.6,Our World in Data / WHO,2026-09-30 02:09:07
571,BGR,Bulgaria,1997,6.7,2146,26.5,26.5,14.8284,27.4325,5.3382,24.573,25.469,446.6,Our World in Data / WHO,2026-09-30 02:09:07
572,BGR,Bulgaria,1998,6.7,2146,26.5,26.5,15.1265,27.984,5.4455,24.62,25.523,446.6,Our World in Data / WHO,2026-09-30 02:09:07
573,BGR,Bulgaria,1999,6.7,2146,26.5,26.5,15.4585,28.5982,5.5651,24.673,25.583,446.6,Our World in Data / WHO,2026-09-30 02:09:07
574,BGR,Bulgaria,2000,6.7,2146,26.5,26.5,15.8097,29.2479,5.6915,24.73,25.646,446.6,Our World in Data / WHO,2026-09-30 02:09:07
575,BGR,Bulgaria,2001,6.7,1998,24.87,24.87,16.1779,29.9291,5.824,24.788,25.712,446.6,Our World in Data / WHO,2026-09-30 02:09:07
576,BGR,Bulgaria,2002,6.7,1971,24.72,24.72,16.5538,30.6245,5.9594,24.849,25.78,446.6,Our World in Data / WHO,2026-09-30 02:09:07
577,BGR,Bulgaria,2003,6.7,1980,25.0,25.0,16.9427,31.344,6.0994,24.911,25.85,446.6,Our World in Data / WHO,2026-09-30 02:09:07
578,BGR,Bulgaria,2004,6.7,1939,24.65,24.65,17.3385,32.0762,6.2419,24.974,25.921,446.6,Our World in Data / WHO,2026-09-30 02:09:07
579,BGR,Bulgaria,2005,6.7,1852,23.69,23.69,17.7352,32.8101,6.3847,25.038,25.992,446.6,Our World in Data / WHO,2026-09-30 02:09:07
580,BGR,Bulgaria,2006,6.7,2120,27.3,27.3,18.1345,33.5488,6.5284,25.102,26.064,446.6,Our World in Data / WHO,2026-09-30 02:09:07
581,BGR,Bulgaria,2007,6.7,2035,26.37,26.37,18.5293,34.2792,6.6705,25.165,26.135,446.6,Our World in Data / WHO,2026-09-30 02:09:07
582,BGR,Bulgaria,2008,6.7,2072,27.0,27.0,18.9317,35.0236,6.8154,25.229,26.208,446.6,Our World in Data / WHO,2026-09-30 02:09:07
583,BGR,Bulgaria,2009,6.7,1909,25.0,25.0,19.3434,35.7853,6.9636,25.295,26.282,446.6,Our World in Data / WHO,2026-09-30 02:09:07
584,BGR,Bulgaria,2010,6.7,1712,22.55,22.55,19.7559,36.5484,7.1121,25.361,26.356,446.6,Our World in Data / WHO,2026-09-30 02:09:07
585,BGR,Bulgaria,2011,6.7,1558,20.65,20.65,20.1562,37.289,7.2562,25.425,26.428,446.6,Our World in Data / WHO,2026-09-30 02:09:07
586,BGR,Bulgaria,2012,6.7,1610,21.5,21.5,20.5407,38.0003,7.3947,25.487,26.497,446.6,Our World in Data / WHO,2026-09-30 02:09:07
587,BGR,Bulgaria,2013,6.7,1325,17.83,17.83,20.9144,38.6916,7.5292,25.546,26.565,446.6,Our World in Data / WHO,2026-09-30 02:09:07
588,BGR,Bulgaria,2014,6.7,1429,19.39,19.39,21.2821,39.3719,7.6616,25.605,26.631,446.6,Our World in Data / WHO,2026-09-30 02:09:07
589,BGR,Bulgaria,2015,6.7,1723,23.57,23.57,21.641,40.0358,7.7908,25.663,26.695,446.6,Our World in Data / WHO,2026-09-30 02:09:07
590,BGR,Bulgaria,2016,6.7,1545,21.32,21.32,21.9818,40.6663,7.9134,25.717,26.757,446.6,Our World in Data / WHO,2026-09-30 02:09:07
591,BGR,Bulgaria,2017,6.7,1499,20.88,20.88,22.2783,41.2149,8.0202,25.765,26.81,446.6,Our World in Data / WHO,2026-09-30 02:09:07
592,BGR,Bulgaria,2018,6.7,1638,23.01,23.01,22.5418,41.7023,8.115,25.807,26.858,446.6,Our World in Data / WHO,2026-09-30 02:09:07
593,BGR,Bulgaria,2019,6.7,1492,21.16,21.16,22.809,42.1967,8.2112,25.849,26.906,446.6,Our World in Data / WHO,2026-09-30 02:09:07
594,BGR,Bulgaria,2020,6.7,1711,24.52,24.52,23.0619,42.6645,8.3023,25.89,26.951,446.6,Our World in Data / WHO,2026-09-30 02:09:07
595,BGR,Bulgaria,2021,6.7,1721,24.99,24.99,23.2949,43.0956,8.3862,25.927,26.993,446.6,Our World in Data / WHO,2026-09-30 02:09:07
596,BGR,Bulgaria,2022,6.7,1721,24.99,24.99,23.51,43.4935,8.4636,25.962,27.032,446.6,Our World in Data / WHO,2026-09-30 02:09:07
597,BHR,Bahrain,1990,14.8,281,39.47,39.47,16.4607,30.4523,5.9259,24.834,25.763,835.4,Our World in Data / WHO,2026-09-30 02:09:07
598,BHR,Bahrain,1991,14.8,281,39.47,39.47,17.255,31.9218,6.2118,24.961,25.906,835.4,Our World in Data / WHO,2026-09-30 02:09:07
599,BHR,Bahrain,1992,14.8,281,39.47,39.47,18.0227,33.342,6.4882,25.084,26.044,835.4,Our World in Data / WHO,2026-09-30 02:09:07
600,BHR,Bahrain,1993,14.8,281,39.47,39.47,18.7311,34.6525,6.7432,25.197,26.172,835.4,Our World in Data / WHO,2026-09-30 02:09:07
601,BHR,Bahrain,1994,14.8,281,39.47,39.47,19.4148,35.9174,6.9893,25.306,26.295,835.4,Our World in Data / WHO,2026-09-30 02:09:07
602,BHR,Bahrain,1995,14.8,281,39.47,39.47,20.0925,37.1711,7.2333,25.415,26.417,835.4,Our World in Data / WHO,2026-09-30 02:09:07
603,BHR,Bahrain,1996,14.8,281,39.47,39.47,20.7818,38.4463,7.4814,25.525,26.541,835.4,Our World in Data / WHO,2026-09-30 02:09:07
604,BHR,Bahrain,1997,14.8,281,39.47,39.47,21.5074,39.7887,7.7427,25.641,26.671,835.4,Our World in Data / WHO,2026-09-30 02:09:07
605,BHR,Bahrain,1998,14.8,281,39.47,39.47,22.2833,41.2241,8.022,25.765,26.811,835.4,Our World in Data / WHO,2026-09-30 02:09:07
606,BHR,Bahrain,1999,14.8,281,39.47,39.47,23.0994,42.7339,8.3158,25.896,26.958,835.4,Our World in Data / WHO,2026-09-30 02:09:07
607,BHR,Bahrain,2000,14.8,281,39.47,39.47,23.9434,44.2953,8.6196,26.031,27.11,835.4,Our World in Data / WHO,2026-09-30 02:09:07
608,BHR,Bahrain,2001,15.2273,284,38.91,38.91,24.6353,45.5753,8.8687,26.142,27.234,855.91,Our World in Data / WHO,2026-09-30 02:09:07
609,BHR,Bahrain,2002,15.6545,299,40.01,40.01,25.1004,46.4357,9.0361,26.216,27.318,876.42,Our World in Data / WHO,2026-09-30 02:09:07
610,BHR,Bahrain,2003,16.0818,331,42.58,42.58,25.5155,47.2037,9.1856,26.282,27.393,896.93,Our World in Data / WHO,2026-09-30 02:09:07
611,BHR,Bahrain,2004,16.5091,370,44.36,44.36,25.9719,48.048,9.3499,26.356,27.475,917.44,Our World in Data / WHO,2026-09-30 02:09:07
612,BHR,Bahrain,2005,16.9364,405,44.93,44.93,26.4814,48.9906,9.5333,26.437,27.567,937.95,Our World in Data / WHO,2026-09-30 02:09:07
613,BHR,Bahrain,2006,17.3636,420,43.23,43.23,27.0592,50.0595,9.7413,26.529,27.671,958.45,Our World in Data / WHO,2026-09-30 02:09:07
614,BHR,Bahrain,2007,17.7909,436,41.85,41.85,27.713,51.2691,9.9767,26.634,27.788,978.96,Our World in Data / WHO,2026-09-30 02:09:07
615,BHR,Bahrain,2008,18.2182,451,40.64,40.64,28.4425,52.6186,10.2393,26.751,27.92,999.47,Our World in Data / WHO,2026-09-30 02:09:07
616,BHR,Bahrain,2009,18.6455,468,39.69,39.69,29.2236,54.0637,10.5205,26.876,28.06,1019.98,Our World in Data / WHO,2026-09-30 02:09:07
617,BHR,Bahrain,2010,19.0727,496,40.87,40.87,29.9588,55.4238,10.7852,26.993,28.193,1040.49,Our World in Data / WHO,2026-09-30 02:09:07
618,BHR,Bahrain,2011,19.5,506,41.72,41.72,30.5436,56.5057,10.9957,27.087,28.298,1061.0,Our World in Data / WHO,2026-09-30 02:09:07
619,BHR,Bahrain,2012,19.5,511,41.71,41.71,31.0138,57.3755,11.165,27.162,28.382,1061.0,Our World in Data / WHO,2026-09-30 02:09:07
620,BHR,Bahrain,2013,19.5,535,42.38,42.38,31.5465,58.361,11.3567,27.247,28.478,1061.0,Our World in Data / WHO,2026-09-30 02:09:07
621,BHR,Bahrain,2014,19.5,561,42.82,42.82,32.1504,59.4782,11.5741,27.344,28.587,1061.0,Our World in Data / WHO,2026-09-30 02:09:07
622,BHR,Bahrain,2015,19.5,594,43.62,43.62,32.603,60.3156,11.7371,27.416,28.669,1061.0,Our World in Data / WHO,2026-09-30 02:09:07
623,BHR,Bahrain,2016,19.5,631,44.73,44.73,32.8793,60.8267,11.8365,27.461,28.718,1061.0,Our World in Data / WHO,2026-09-30 02:09:07
624,BHR,Bahrain,2017,19.5,639,43.88,43.88,33.1479,61.3236,11.9332,27.504,28.767,1061.0,Our World in Data / WHO,2026-09-30 02:09:07
625,BHR,Bahrain,2018,19.5,646,43.43,43.43,33.539,62.0472,12.074,27.566,28.837,1061.0,Our World in Data / WHO,2026-09-30 02:09:07
626,BHR,Bahrain,2019,19.5,670,44.82,44.82,33.9889,62.8795,12.236,27.638,28.918,1061.0,Our World in Data / WHO,2026-09-30 02:09:07
627,BHR,Bahrain,2020,19.5,732,49.57,49.57,34.0082,62.9152,12.243,27.641,28.921,1061.0,Our World in Data / WHO,2026-09-30 02:09:07
628,BHR,Bahrain,2021,19.5,782,53.44,53.44,33.9664,62.8378,12.2279,27.635,28.914,1061.0,Our World in Data / WHO,2026-09-30 02:09:07
629,BHR,Bahrain,2022,19.5,782,53.44,53.44,34.5686,63.9519,12.4447,27.731,29.022,1061.0,Our World in Data / WHO,2026-09-30 02:09:07
630,BHS,Bahamas,1990,12.1,108,33.26,33.26,18.1643,33.604,6.5391,25.106,26.07,705.8,Our World in Data / WHO,2026-09-30 02:09:07
631,BHS,Bahamas,1991,12.1,108,33.26,33.26,19.0394,35.2229,6.8542,25.246,26.227,705.8,Our World in Data / WHO,2026-09-30 02:09:07
632,BHS,Bahamas,1992,12.1,108,33.26,33.26,19.9545,36.9158,7.1836,25.393,26.392,705.8,Our World in Data / WHO,2026-09-30 02:09:07
633,BHS,Bahamas,1993,12.1,108,33.26,33.26,20.9113,38.6859,7.5281,25.546,26.564,705.8,Our World in Data / WHO,2026-09-30 02:09:07
634,BHS,Bahamas,1994,12.1,108,33.26,33.26,21.9112,40.5357,7.888,25.706,26.744,705.8,Our World in Data / WHO,2026-09-30 02:09:07
635,BHS,Bahamas,1995,12.1,108,33.26,33.26,22.9503,42.4581,8.2621,25.872,26.931,705.8,Our World in Data / WHO,2026-09-30 02:09:07
636,BHS,Bahamas,1996,12.1,108,33.26,33.26,24.0267,44.4494,8.6496,26.044,27.125,705.8,Our World in Data / WHO,2026-09-30 02:09:07
637,BHS,Bahamas,1997,12.1,108,33.26,33.26,25.1324,46.4949,9.0477,26.221,27.324,705.8,Our World in Data / WHO,2026-09-30 02:09:07
638,BHS,Bahamas,1998,12.1,108,33.26,33.26,26.2592,48.5795,9.4533,26.401,27.527,705.8,Our World in Data / WHO,2026-09-30 02:09:07
639,BHS,Bahamas,1999,12.1,108,33.26,33.26,27.3955,50.6817,9.8624,26.583,27.731,705.8,Our World in Data / WHO,2026-09-30 02:09:07
640,BHS,Bahamas,2000,12.1,108,33.26,33.26,28.5264,52.7738,10.2695,26.764,27.935,705.8,Our World in Data / WHO,2026-09-30 02:09:07
641,BHS,Bahamas,2001,12.1,105,31.71,31.71,29.6421,54.8379,10.6712,26.943,28.136,705.8,Our World in Data / WHO,2026-09-30 02:09:07
642,BHS,Bahamas,2002,12.1,95,28.45,28.45,30.7349,56.8596,11.0646,27.118,28.332,705.8,Our World in Data / WHO,2026-09-30 02:09:07
643,BHS,Bahamas,2003,12.1,114,33.71,33.71,31.7987,58.8276,11.4475,27.288,28.524,705.8,Our World in Data / WHO,2026-09-30 02:09:07
644,BHS,Bahamas,2004,12.1,118,34.36,34.36,32.8263,60.7287,11.8175,27.452,28.709,705.8,Our World in Data / WHO,2026-09-30 02:09:07
645,BHS,Bahamas,2005,12.1,117,33.75,33.75,33.8165,62.5605,12.1739,27.611,28.887,705.8,Our World in Data / WHO,2026-09-30 02:09:07
646,BHS,Bahamas,2006,12.1,124,35.19,35.19,34.7697,64.3239,12.5171,27.763,29.059,705.8,Our World in Data / WHO,2026-09-30 02:09:07
647,BHS,Bahamas,2007,12.1,123,34.41,34.41,35.6876,66.0221,12.8475,27.91,29.224,705.8,Our World in Data / WHO,2026-09-30 02:09:07
648,BHS,Bahamas,2008,12.1,124,34.09,34.09,36.5767,67.6669,13.1676,28.052,29.384,705.8,Our World in Data / WHO,2026-09-30 02:09:07
649,BHS,Bahamas,2009,12.1,135,36.72,36.72,37.4346,69.254,13.4765,28.19,29.538,705.8,Our World in Data / WHO,2026-09-30 02:09:07
650,BHS,Bahamas,2010,12.1,134,36.03,36.03,38.2484,70.7595,13.7694,28.32,29.685,705.8,Our World in Data / WHO,2026-09-30 02:09:07
651,BHS,Bahamas,2011,12.1,133,35.09,35.09,39.0291,72.2038,14.0505,28.445,29.825,705.8,Our World in Data / WHO,2026-09-30 02:09:07
652,BHS,Bahamas,2012,12.1,133,34.85,34.85,39.807,73.643,14.3305,28.569,29.965,705.8,Our World in Data / WHO,2026-09-30 02:09:07
653,BHS,Bahamas,2013,12.1,133,34.37,34.37,40.5738,75.0615,14.6066,28.692,30.103,705.8,Our World in Data / WHO,2026-09-30 02:09:07
654,BHS,Bahamas,2014,12.1,143,36.73,36.73,41.3208,76.4435,14.8755,28.811,30.238,705.8,Our World in Data / WHO,2026-09-30 02:09:07
655,BHS,Bahamas,2015,12.1,135,34.28,34.28,42.0591,77.8093,15.1413,28.929,30.371,705.8,Our World in Data / WHO,2026-09-30 02:09:07
656,BHS,Bahamas,2016,12.1,142,35.81,35.81,42.7939,79.1687,15.4058,29.047,30.503,705.8,Our World in Data / WHO,2026-09-30 02:09:07
657,BHS,Bahamas,2017,12.1,145,36.28,36.28,43.5297,80.5299,15.6707,29.165,30.635,705.8,Our World in Data / WHO,2026-09-30 02:09:07
658,BHS,Bahamas,2018,12.1,149,37.07,37.07,44.2622,81.8851,15.9344,29.282,30.767,705.8,Our World in Data / WHO,2026-09-30 02:09:07
659,BHS,Bahamas,2019,12.1,155,38.3,38.3,44.9764,83.2063,16.1915,29.396,30.896,705.8,Our World in Data / WHO,2026-09-30 02:09:07
660,BHS,Bahamas,2020,12.1,158,38.84,38.84,45.6842,84.5158,16.4463,29.509,31.023,705.8,Our World in Data / WHO,2026-09-30 02:09:07
661,BHS,Bahamas,2021,12.1,159,38.91,38.91,46.3974,85.0,16.7031,29.624,31.152,705.8,Our World in Data / WHO,2026-09-30 02:09:07
662,BHS,Bahamas,2022,12.1,159,38.91,38.91,47.0966,85.0,16.9548,29.735,31.277,705.8,Our World in Data / WHO,2026-09-30 02:09:07
663,BIH,Bosnia and Herzegovina,1990,7.5,916,21.92,21.92,12.1243,22.43,4.3647,24.14,24.982,485.0,Our World in Data / WHO,2026-09-30 02:09:07
664,BIH,Bosnia and Herzegovina,1991,7.5,916,21.92,21.92,12.3601,22.8662,4.4496,24.178,25.025,485.0,Our World in Data / WHO,2026-09-30 02:09:07
665,BIH,Bosnia and Herzegovina,1992,7.5,916,21.92,21.92,12.9221,23.9059,4.652,24.268,25.126,485.0,Our World in Data / WHO,2026-09-30 02:09:07
666,BIH,Bosnia and Herzegovina,1993,7.5,916,21.92,21.92,13.6959,25.3374,4.9305,24.391,25.265,485.0,Our World in Data / WHO,2026-09-30 02:09:07
667,BIH,Bosnia and Herzegovina,1994,7.5,916,21.92,21.92,14.2698,26.3991,5.1371,24.483,25.369,485.0,Our World in Data / WHO,2026-09-30 02:09:07
668,BIH,Bosnia and Herzegovina,1995,7.5,916,21.92,21.92,14.5084,26.8405,5.223,24.521,25.412,485.0,Our World in Data / WHO,2026-09-30 02:09:07
669,BIH,Bosnia and Herzegovina,1996,7.5,916,21.92,21.92,14.3842,26.6108,5.1783,24.501,25.389,485.0,Our World in Data / WHO,2026-09-30 02:09:07
670,BIH,Bosnia and Herzegovina,1997,7.5,916,21.92,21.92,14.3477,26.5432,5.1652,24.496,25.383,485.0,Our World in Data / WHO,2026-09-30 02:09:07
671,BIH,Bosnia and Herzegovina,1998,7.5,916,21.92,21.92,14.4845,26.7963,5.2144,24.518,25.407,485.0,Our World in Data / WHO,2026-09-30 02:09:07
672,BIH,Bosnia and Herzegovina,1999,7.5,916,21.92,21.92,14.7035,27.2015,5.2933,24.553,25.447,485.0,Our World in Data / WHO,2026-09-30 02:09:07
673,BIH,Bosnia and Herzegovina,2000,7.5,916,21.92,21.92,14.963,27.6816,5.3867,24.594,25.493,485.0,Our World in Data / WHO,2026-09-30 02:09:07
674,BIH,Bosnia and Herzegovina,2001,7.5,1010,24.07,24.07,15.2501,28.2127,5.49,24.64,25.545,485.0,Our World in Data / WHO,2026-09-30 02:09:07
675,BIH,Bosnia and Herzegovina,2002,7.5,1130,26.91,26.91,15.5662,28.7975,5.6038,24.691,25.602,485.0,Our World in Data / WHO,2026-09-30 02:09:07
676,BIH,Bosnia and Herzegovina,2003,7.5,1246,29.79,29.79,15.9288,29.4683,5.7344,24.749,25.667,485.0,Our World in Data / WHO,2026-09-30 02:09:07
677,BIH,Bosnia and Herzegovina,2004,7.5,1376,33.21,33.21,16.3545,30.2558,5.8876,24.817,25.744,485.0,Our World in Data / WHO,2026-09-30 02:09:07
678,BIH,Bosnia and Herzegovina,2005,7.5,1507,36.81,36.81,16.8039,31.0872,6.0494,24.889,25.825,485.0,Our World in Data / WHO,2026-09-30 02:09:07
679,BIH,Bosnia and Herzegovina,2006,7.5,1595,39.29,39.29,17.2393,31.8927,6.2061,24.958,25.903,485.0,Our World in Data / WHO,2026-09-30 02:09:07
680,BIH,Bosnia and Herzegovina,2007,7.5,1773,44.23,44.23,17.7188,32.7798,6.3788,25.035,25.989,485.0,Our World in Data / WHO,2026-09-30 02:09:07
681,BIH,Bosnia and Herzegovina,2008,7.5,1761,44.67,44.67,18.2498,33.7621,6.5699,25.12,26.085,485.0,Our World in Data / WHO,2026-09-30 02:09:07
682,BIH,Bosnia and Herzegovina,2009,7.5,1820,46.92,46.92,18.795,34.7708,6.7662,25.207,26.183,485.0,Our World in Data / WHO,2026-09-30 02:09:07
683,BIH,Bosnia and Herzegovina,2010,7.5,1832,48.08,48.08,19.352,35.8012,6.9667,25.296,26.283,485.0,Our World in Data / WHO,2026-09-30 02:09:07
684,BIH,Bosnia and Herzegovina,2011,7.5,1850,49.42,49.42,19.9259,36.8629,7.1733,25.388,26.387,485.0,Our World in Data / WHO,2026-09-30 02:09:07
685,BIH,Bosnia and Herzegovina,2012,7.5,1840,50.09,50.09,20.519,37.9602,7.3868,25.483,26.493,485.0,Our World in Data / WHO,2026-09-30 02:09:07
686,BIH,Bosnia and Herzegovina,2013,7.5,1881,51.99,51.99,21.0817,39.0011,7.5894,25.573,26.595,485.0,Our World in Data / WHO,2026-09-30 02:09:07
687,BIH,Bosnia and Herzegovina,2014,7.5,1933,54.13,54.13,21.5893,39.9402,7.7721,25.654,26.686,485.0,Our World in Data / WHO,2026-09-30 02:09:07
688,BIH,Bosnia and Herzegovina,2015,7.5,1979,56.16,56.16,22.0635,40.8175,7.9429,25.73,26.771,485.0,Our World in Data / WHO,2026-09-30 02:09:07
689,BIH,Bosnia and Herzegovina,2016,7.5,1958,56.23,56.23,22.5157,41.654,8.1057,25.803,26.853,485.0,Our World in Data / WHO,2026-09-30 02:09:07
690,BIH,Bosnia and Herzegovina,2017,7.5,1976,57.46,57.46,22.9713,42.4969,8.2697,25.875,26.935,485.0,Our World in Data / WHO,2026-09-30 02:09:07
691,BIH,Bosnia and Herzegovina,2018,7.5,1987,58.43,58.43,23.4388,43.3618,8.438,25.95,27.019,485.0,Our World in Data / WHO,2026-09-30 02:09:07
692,BIH,Bosnia and Herzegovina,2019,7.5,2074,61.73,61.73,23.9027,44.22,8.605,26.024,27.102,485.0,Our World in Data / WHO,2026-09-30 02:09:07
693,BIH,Bosnia and Herzegovina,2020,7.5,2112,63.66,63.66,24.3633,45.0721,8.7708,26.098,27.185,485.0,Our World in Data / WHO,2026-09-30 02:09:07
694,BIH,Bosnia and Herzegovina,2021,7.5,2102,64.27,64.27,24.822,45.9207,8.9359,26.172,27.268,485.0,Our World in Data / WHO,2026-09-30 02:09:07
695,BIH,Bosnia and Herzegovina,2022,7.5,2102,64.27,64.27,25.25,46.7125,9.09,26.24,27.345,485.0,Our World in Data / WHO,2026-09-30 02:09:07
696,BLR,Belarus,1990,8.0,618,6.02,6.02,18.9879,35.1276,6.8356,25.238,26.218,509.0,Our World in Data / WHO,2026-09-30 02:09:07
697,BLR,Belarus,1991,8.0,618,6.02,6.02,19.1361,35.4018,6.889,25.262,26.244,509.0,Our World in Data / WHO,2026-09-30 02:09:07
698,BLR,Belarus,1992,8.0,618,6.02,6.02,19.3021,35.7089,6.9488,25.288,26.274,509.0,Our World in Data / WHO,2026-09-30 02:09:07
699,BLR,Belarus,1993,8.0,618,6.02,6.02,19.4611,36.003,7.006,25.314,26.303,509.0,Our World in Data / WHO,2026-09-30 02:09:07
700,BLR,Belarus,1994,8.0,618,6.02,6.02,19.6679,36.3856,7.0804,25.347,26.34,509.0,Our World in Data / WHO,2026-09-30 02:09:07
701,BLR,Belarus,1995,8.0,618,6.02,6.02,19.9032,36.8209,7.1652,25.385,26.383,509.0,Our World in Data / WHO,2026-09-30 02:09:07
702,BLR,Belarus,1996,8.0,618,6.02,6.02,20.1472,37.2723,7.253,25.424,26.426,509.0,Our World in Data / WHO,2026-09-30 02:09:07
703,BLR,Belarus,1997,8.0,618,6.02,6.02,20.4178,37.7729,7.3504,25.467,26.475,509.0,Our World in Data / WHO,2026-09-30 02:09:07
704,BLR,Belarus,1998,8.0,618,6.02,6.02,20.7227,38.337,7.4602,25.516,26.53,509.0,Our World in Data / WHO,2026-09-30 02:09:07
705,BLR,Belarus,1999,8.0,618,6.02,6.02,21.0542,38.9503,7.5795,25.569,26.59,509.0,Our World in Data / WHO,2026-09-30 02:09:07
706,BLR,Belarus,2000,8.0,618,6.02,6.02,21.3809,39.5547,7.6971,25.621,26.649,509.0,Our World in Data / WHO,2026-09-30 02:09:07
707,BLR,Belarus,2001,8.0,613,6.01,6.01,21.7034,40.1513,7.8132,25.673,26.707,509.0,Our World in Data / WHO,2026-09-30 02:09:07
708,BLR,Belarus,2002,8.0,628,6.19,6.19,22.0199,40.7368,7.9272,25.723,26.764,509.0,Our World in Data / WHO,2026-09-30 02:09:07
709,BLR,Belarus,2003,8.0,555,5.52,5.52,22.3331,41.3162,8.0399,25.773,26.82,509.0,Our World in Data / WHO,2026-09-30 02:09:07
710,BLR,Belarus,2004,8.0,538,5.38,5.38,22.6374,41.8792,8.1495,25.822,26.875,509.0,Our World in Data / WHO,2026-09-30 02:09:07
711,BLR,Belarus,2005,8.0,501,5.04,5.04,22.9311,42.4225,8.2552,25.869,26.928,509.0,Our World in Data / WHO,2026-09-30 02:09:07
712,BLR,Belarus,2006,8.0,444,4.5,4.5,23.2155,42.9487,8.3576,25.914,26.979,509.0,Our World in Data / WHO,2026-09-30 02:09:07
713,BLR,Belarus,2007,8.0,411,4.19,4.19,23.4912,43.4587,8.4568,25.959,27.028,509.0,Our World in Data / WHO,2026-09-30 02:09:07
714,BLR,Belarus,2008,8.0,377,3.85,3.85,23.7615,43.9588,8.5541,26.002,27.077,509.0,Our World in Data / WHO,2026-09-30 02:09:07
715,BLR,Belarus,2009,8.0,370,3.79,3.79,24.0177,44.4327,8.6464,26.043,27.123,509.0,Our World in Data / WHO,2026-09-30 02:09:07
716,BLR,Belarus,2010,8.0,358,3.68,3.68,24.2488,44.8603,8.7296,26.08,27.165,509.0,Our World in Data / WHO,2026-09-30 02:09:07
717,BLR,Belarus,2011,8.0,342,3.52,3.52,24.4711,45.2715,8.8096,26.115,27.205,509.0,Our World in Data / WHO,2026-09-30 02:09:07
718,BLR,Belarus,2012,8.0,319,3.29,3.29,24.6902,45.6769,8.8885,26.15,27.244,509.0,Our World in Data / WHO,2026-09-30 02:09:07
719,BLR,Belarus,2013,8.0,322,3.32,3.32,24.9014,46.0676,8.9645,26.184,27.282,509.0,Our World in Data / WHO,2026-09-30 02:09:07
720,BLR,Belarus,2014,8.0,357,3.69,3.69,25.1033,46.4411,9.0372,26.217,27.319,509.0,Our World in Data / WHO,2026-09-30 02:09:07
721,BLR,Belarus,2015,8.0,368,3.79,3.79,25.2877,46.7822,9.1036,26.246,27.352,509.0,Our World in Data / WHO,2026-09-30 02:09:07
722,BLR,Belarus,2016,8.0,474,4.88,4.88,25.4453,47.0738,9.1603,26.271,27.38,509.0,Our World in Data / WHO,2026-09-30 02:09:07
723,BLR,Belarus,2017,8.0,641,6.6,6.6,25.5664,47.2978,9.2039,26.291,27.402,509.0,Our World in Data / WHO,2026-09-30 02:09:07
724,BLR,Belarus,2018,8.0,694,7.16,7.16,25.6525,47.4571,9.2349,26.304,27.417,509.0,Our World in Data / WHO,2026-09-30 02:09:07
725,BLR,Belarus,2019,8.0,679,7.02,7.02,25.7444,47.6271,9.268,26.319,27.434,509.0,Our World in Data / WHO,2026-09-30 02:09:07
726,BLR,Belarus,2020,8.0,662,6.87,6.87,25.8415,47.8068,9.3029,26.335,27.451,509.0,Our World in Data / WHO,2026-09-30 02:09:07
727,BLR,Belarus,2021,8.0,653,6.82,6.82,25.9192,47.9505,9.3309,26.347,27.465,509.0,Our World in Data / WHO,2026-09-30 02:09:07
728,BLR,Belarus,2022,8.0,653,6.82,6.82,25.9868,48.0756,9.3552,26.358,27.478,509.0,Our World in Data / WHO,2026-09-30 02:09:07
729,BLZ,Belize,1990,17.0,85,35.17,35.17,16.2596,30.0803,5.8535,24.802,25.727,941.0,Our World in Data / WHO,2026-09-30 02:09:07
730,BLZ,Belize,1991,17.0,85,35.17,35.17,16.939,31.3372,6.098,24.91,25.849,941.0,Our World in Data / WHO,2026-09-30 02:09:07
731,BLZ,Belize,1992,17.0,85,35.17,35.17,17.6407,32.6353,6.3507,25.023,25.975,941.0,Our World in Data / WHO,2026-09-30 02:09:07
732,BLZ,Belize,1993,17.0,85,35.17,35.17,18.3425,33.9336,6.6033,25.135,26.102,941.0,Our World in Data / WHO,2026-09-30 02:09:07
733,BLZ,Belize,1994,17.0,85,35.17,35.17,19.0713,35.2819,6.8657,25.251,26.233,941.0,Our World in Data / WHO,2026-09-30 02:09:07
734,BLZ,Belize,1995,17.0,85,35.17,35.17,19.8428,36.7092,7.1434,25.375,26.372,941.0,Our World in Data / WHO,2026-09-30 02:09:07
735,BLZ,Belize,1996,17.0,85,35.17,35.17,20.6769,38.2523,7.4437,25.508,26.522,941.0,Our World in Data / WHO,2026-09-30 02:09:07
736,BLZ,Belize,1997,17.0,85,35.17,35.17,21.5748,39.9134,7.7669,25.652,26.683,941.0,Our World in Data / WHO,2026-09-30 02:09:07
737,BLZ,Belize,1998,17.0,85,35.17,35.17,22.5086,41.6409,8.1031,25.801,26.852,941.0,Our World in Data / WHO,2026-09-30 02:09:07
738,BLZ,Belize,1999,17.0,85,35.17,35.17,23.4544,43.3906,8.4436,25.953,27.022,941.0,Our World in Data / WHO,2026-09-30 02:09:07
739,BLZ,Belize,2000,17.0,85,35.17,35.17,24.401,45.1419,8.7844,26.104,27.192,941.0,Our World in Data / WHO,2026-09-30 02:09:07
740,BLZ,Belize,2001,17.0,80,32.36,32.36,25.3257,46.8525,9.1173,26.252,27.359,941.0,Our World in Data / WHO,2026-09-30 02:09:07
741,BLZ,Belize,2002,17.0,81,31.55,31.55,26.2272,48.5203,9.4418,26.396,27.521,941.0,Our World in Data / WHO,2026-09-30 02:09:07
742,BLZ,Belize,2003,17.0,84,31.77,31.77,27.1163,50.1652,9.7619,26.539,27.681,941.0,Our World in Data / WHO,2026-09-30 02:09:07
743,BLZ,Belize,2004,17.0,92,33.76,33.76,27.9862,51.7745,10.075,26.678,27.838,941.0,Our World in Data / WHO,2026-09-30 02:09:07
744,BLZ,Belize,2005,17.0,94,33.39,33.39,28.8387,53.3516,10.3819,26.814,27.991,941.0,Our World in Data / WHO,2026-09-30 02:09:07
745,BLZ,Belize,2006,17.0,102,35.21,35.21,29.6769,54.9023,10.6837,26.948,28.142,941.0,Our World in Data / WHO,2026-09-30 02:09:07
746,BLZ,Belize,2007,17.0,97,32.78,32.78,30.5009,56.4267,10.9803,27.08,28.29,941.0,Our World in Data / WHO,2026-09-30 02:09:07
747,BLZ,Belize,2008,17.0,92,30.21,30.21,31.3132,57.9294,11.2728,27.21,28.436,941.0,Our World in Data / WHO,2026-09-30 02:09:07
748,BLZ,Belize,2009,17.0,103,32.9,32.9,32.1098,59.4031,11.5595,27.338,28.58,941.0,Our World in Data / WHO,2026-09-30 02:09:07
749,BLZ,Belize,2010,17.0,112,34.72,34.72,32.8697,60.8089,11.8331,27.459,28.717,941.0,Our World in Data / WHO,2026-09-30 02:09:07
750,BLZ,Belize,2011,17.0,111,33.7,33.7,33.6024,62.1644,12.0969,27.576,28.848,941.0,Our World in Data / WHO,2026-09-30 02:09:07
751,BLZ,Belize,2012,17.0,110,32.49,32.49,34.3311,63.5125,12.3592,27.693,28.98,941.0,Our World in Data / WHO,2026-09-30 02:09:07
752,BLZ,Belize,2013,17.0,110,31.83,31.83,35.0572,64.8558,12.6206,27.809,29.11,941.0,Our World in Data / WHO,2026-09-30 02:09:07
753,BLZ,Belize,2014,17.0,110,31.27,31.27,35.7884,66.2085,12.8838,27.926,29.242,941.0,Our World in Data / WHO,2026-09-30 02:09:07
754,BLZ,Belize,2015,17.0,112,30.99,30.99,36.5258,67.5727,13.1493,28.044,29.375,941.0,Our World in Data / WHO,2026-09-30 02:09:07
755,BLZ,Belize,2016,17.0,117,31.74,31.74,37.246,68.9051,13.4086,28.159,29.504,941.0,Our World in Data / WHO,2026-09-30 02:09:07
756,BLZ,Belize,2017,17.0,124,33.19,33.19,37.9581,70.2225,13.6649,28.273,29.632,941.0,Our World in Data / WHO,2026-09-30 02:09:07
757,BLZ,Belize,2018,17.0,129,33.79,33.79,38.6943,71.5845,13.9299,28.391,29.765,941.0,Our World in Data / WHO,2026-09-30 02:09:07
758,BLZ,Belize,2019,17.0,131,33.66,33.66,39.4521,72.9864,14.2028,28.512,29.901,941.0,Our World in Data / WHO,2026-09-30 02:09:07
759,BLZ,Belize,2020,17.0,144,36.36,36.36,40.2172,74.4018,14.4782,28.635,30.039,941.0,Our World in Data / WHO,2026-09-30 02:09:07
760,BLZ,Belize,2021,17.0,140,35.05,35.05,40.9863,75.8247,14.7551,28.758,30.178,941.0,Our World in Data / WHO,2026-09-30 02:09:07
761,BLZ,Belize,2022,17.0,140,35.05,35.05,41.7079,77.1596,15.0148,28.873,30.307,941.0,Our World in Data / WHO,2026-09-30 02:09:07
762,BMU,Bermuda,1990,12.1,977,16.34,16.34,12.1849,22.5421,4.3866,24.15,24.993,705.8,Our World in Data / WHO,2026-09-30 02:09:07
763,BMU,Bermuda,1991,12.1,977,16.34,16.34,12.7608,23.6075,4.5939,24.242,25.097,705.8,Our World in Data / WHO,2026-09-30 02:09:07
764,BMU,Bermuda,1992,12.1,977,16.34,16.34,13.39,24.7715,4.8204,24.342,25.21,705.8,Our World in Data / WHO,2026-09-30 02:09:07
765,BMU,Bermuda,1993,12.1,977,16.34,16.34,14.0446,25.9825,5.0561,24.447,25.328,705.8,Our World in Data / WHO,2026-09-30 02:09:07
766,BMU,Bermuda,1994,12.1,977,16.34,16.34,14.7307,27.2518,5.3031,24.557,25.452,705.8,Our World in Data / WHO,2026-09-30 02:09:07
767,BMU,Bermuda,1995,12.1,977,16.34,16.34,15.4433,28.5701,5.5596,24.671,25.58,705.8,Our World in Data / WHO,2026-09-30 02:09:07
768,BMU,Bermuda,1996,12.1,977,16.34,16.34,16.1809,29.9347,5.8251,24.789,25.713,705.8,Our World in Data / WHO,2026-09-30 02:09:07
769,BMU,Bermuda,1997,12.1,977,16.34,16.34,16.9059,31.2759,6.0861,24.905,25.843,705.8,Our World in Data / WHO,2026-09-30 02:09:07
770,BMU,Bermuda,1998,12.1,977,16.34,16.34,17.6243,32.605,6.3447,25.02,25.972,705.8,Our World in Data / WHO,2026-09-30 02:09:07
771,BMU,Bermuda,1999,12.1,977,16.34,16.34,18.3824,34.0074,6.6177,25.141,26.109,705.8,Our World in Data / WHO,2026-09-30 02:09:07
772,BMU,Bermuda,2000,12.1,955,16.06,16.06,19.1714,35.4671,6.9017,25.267,26.251,705.8,Our World in Data / WHO,2026-09-30 02:09:07
773,BMU,Bermuda,2001,12.0909,994,15.845,15.845,19.9595,36.9251,7.1854,25.394,26.393,705.36,Our World in Data / WHO,2026-09-30 02:09:07
774,BMU,Bermuda,2002,12.0818,1034,16.275,16.275,20.7249,38.3411,7.461,25.516,26.53,704.93,Our World in Data / WHO,2026-09-30 02:09:07
775,BMU,Bermuda,2003,12.0727,1093,16.635,16.635,21.4693,39.7182,7.7289,25.635,26.664,704.49,Our World in Data / WHO,2026-09-30 02:09:07
776,BMU,Bermuda,2004,12.0636,1121,17.05,17.05,22.1976,41.0656,7.9911,25.752,26.796,704.05,Our World in Data / WHO,2026-09-30 02:09:07
777,BMU,Bermuda,2005,12.0545,1166,16.93,16.93,22.9073,42.3785,8.2466,25.865,26.923,703.62,Our World in Data / WHO,2026-09-30 02:09:07
778,BMU,Bermuda,2006,12.0455,1200,16.885,16.885,23.6022,43.6641,8.4968,25.976,27.048,703.18,Our World in Data / WHO,2026-09-30 02:09:07
779,BMU,Bermuda,2007,12.0364,1224,17.04,17.04,24.2487,44.8601,8.7295,26.08,27.165,702.75,Our World in Data / WHO,2026-09-30 02:09:07
780,BMU,Bermuda,2008,12.0273,1223,17.395,17.395,24.8665,46.003,8.9519,26.179,27.276,702.31,Our World in Data / WHO,2026-09-30 02:09:07
781,BMU,Bermuda,2009,12.0182,1235,17.085,17.085,25.5124,47.1979,9.1845,26.282,27.392,701.87,Our World in Data / WHO,2026-09-30 02:09:07
782,BMU,Bermuda,2010,12.0091,1292,17.32,17.32,26.1862,48.4445,9.427,26.39,27.514,701.44,Our World in Data / WHO,2026-09-30 02:09:07
783,BMU,Bermuda,2011,12.0,1327,17.295,17.295,26.8684,49.7065,9.6726,26.499,27.636,701.0,Our World in Data / WHO,2026-09-30 02:09:07
784,BMU,Bermuda,2012,12.0,1329,17.42,17.42,27.5373,50.944,9.9134,26.606,27.757,701.0,Our World in Data / WHO,2026-09-30 02:09:07
785,BMU,Bermuda,2013,12.0,1330,17.72,17.72,28.1573,52.091,10.1366,26.705,27.868,701.0,Our World in Data / WHO,2026-09-30 02:09:07
786,BMU,Bermuda,2014,12.0,1358,17.835,17.835,28.752,53.1912,10.3507,26.8,27.975,701.0,Our World in Data / WHO,2026-09-30 02:09:07
787,BMU,Bermuda,2015,12.0,1404,18.37,18.37,29.3709,54.3362,10.5735,26.899,28.087,701.0,Our World in Data / WHO,2026-09-30 02:09:07
788,BMU,Bermuda,2016,12.0,1445,18.92,18.92,30.0076,55.5141,10.8027,27.001,28.201,701.0,Our World in Data / WHO,2026-09-30 02:09:07
789,BMU,Bermuda,2017,12.0,1479,18.82,18.82,30.6344,56.6736,11.0284,27.102,28.314,701.0,Our World in Data / WHO,2026-09-30 02:09:07
790,BMU,Bermuda,2018,12.0,1537,18.665,18.665,31.2368,57.7881,11.2452,27.198,28.423,701.0,Our World in Data / WHO,2026-09-30 02:09:07
791,BMU,Bermuda,2019,12.0,1583,19.66,19.66,31.8232,58.8729,11.4564,27.292,28.528,701.0,Our World in Data / WHO,2026-09-30 02:09:07
792,BMU,Bermuda,2020,12.0,1688,19.585,19.585,32.4113,59.9609,11.6681,27.386,28.634,701.0,Our World in Data / WHO,2026-09-30 02:09:07
793,BMU,Bermuda,2021,12.0,1672,19.6,19.6,33.0081,61.065,11.8829,27.481,28.741,701.0,Our World in Data / WHO,2026-09-30 02:09:07
794,BMU,Bermuda,2022,12.0,1687,19.6,19.6,33.6139,62.1857,12.101,27.578,28.851,701.0,Our World in Data / WHO,2026-09-30 02:09:07
795,BOL,Bolivia,1990,6.6,2386,27.76,27.76,7.8717,14.5626,2.8338,23.459,24.217,441.8,Our World in Data / WHO,2026-09-30 02:09:07
796,BOL,Bolivia,1991,6.6,2386,27.76,27.76,8.2191,15.2053,2.9589,23.515,24.279,441.8,Our World in Data / WHO,2026-09-30 02:09:07
797,BOL,Bolivia,1992,6.6,2386,27.76,27.76,8.5842,15.8808,3.0903,23.573,24.345,441.8,Our World in Data / WHO,2026-09-30 02:09:07
798,BOL,Bolivia,1993,6.6,2386,27.76,27.76,8.9654,16.586,3.2275,23.634,24.414,441.8,Our World in Data / WHO,2026-09-30 02:09:07
799,BOL,Bolivia,1994,6.6,2386,27.76,27.76,9.3635,17.3225,3.3709,23.698,24.485,441.8,Our World in Data / WHO,2026-09-30 02:09:07
800,BOL,Bolivia,1995,6.6,2386,27.76,27.76,9.7824,18.0974,3.5217,23.765,24.561,441.8,Our World in Data / WHO,2026-09-30 02:09:07
801,BOL,Bolivia,1996,6.6,2386,27.76,27.76,10.2246,18.9155,3.6809,23.836,24.64,441.8,Our World in Data / WHO,2026-09-30 02:09:07
802,BOL,Bolivia,1997,6.6,2386,27.76,27.76,10.6894,19.7754,3.8482,23.91,24.724,441.8,Our World in Data / WHO,2026-09-30 02:09:07
803,BOL,Bolivia,1998,6.6,2386,27.76,27.76,11.1759,20.6754,4.0233,23.988,24.812,441.8,Our World in Data / WHO,2026-09-30 02:09:07
804,BOL,Bolivia,1999,6.6,2386,27.76,27.76,11.6833,21.6141,4.206,24.069,24.903,441.8,Our World in Data / WHO,2026-09-30 02:09:07
805,BOL,Bolivia,2000,6.6,2386,27.76,27.76,12.2067,22.5824,4.3944,24.153,24.997,441.8,Our World in Data / WHO,2026-09-30 02:09:07
806,BOL,Bolivia,2001,6.6,2415,27.62,27.62,12.7427,23.574,4.5874,24.239,25.094,441.8,Our World in Data / WHO,2026-09-30 02:09:07
807,BOL,Bolivia,2002,6.6,2455,27.59,27.59,13.2913,24.5889,4.7849,24.327,25.192,441.8,Our World in Data / WHO,2026-09-30 02:09:07
808,BOL,Bolivia,2003,6.6,2471,27.28,27.28,13.8527,25.6275,4.987,24.416,25.293,441.8,Our World in Data / WHO,2026-09-30 02:09:07
809,BOL,Bolivia,2004,6.6,2492,27.04,27.04,14.4233,26.6831,5.1924,24.508,25.396,441.8,Our World in Data / WHO,2026-09-30 02:09:07
810,BOL,Bolivia,2005,6.6,2526,26.93,26.93,15.0022,27.7541,5.4008,24.6,25.5,441.8,Our World in Data / WHO,2026-09-30 02:09:07
811,BOL,Bolivia,2006,6.6,2536,26.58,26.58,15.5923,28.8458,5.6132,24.695,25.607,441.8,Our World in Data / WHO,2026-09-30 02:09:07
812,BOL,Bolivia,2007,6.6,2611,26.89,26.89,16.1974,29.9652,5.8311,24.792,25.716,441.8,Our World in Data / WHO,2026-09-30 02:09:07
813,BOL,Bolivia,2008,6.6,2652,26.84,26.84,16.8221,31.1209,6.056,24.892,25.828,441.8,Our World in Data / WHO,2026-09-30 02:09:07
814,BOL,Bolivia,2009,6.6,2698,26.84,26.84,17.4686,32.3169,6.2887,24.995,25.944,441.8,Our World in Data / WHO,2026-09-30 02:09:07
815,BOL,Bolivia,2010,6.6,2758,26.97,26.97,18.1367,33.5529,6.5292,25.102,26.065,441.8,Our World in Data / WHO,2026-09-30 02:09:07
816,BOL,Bolivia,2011,6.6,2836,27.28,27.28,18.8299,34.8353,6.7788,25.213,26.189,441.8,Our World in Data / WHO,2026-09-30 02:09:07
817,BOL,Bolivia,2012,6.6,2882,27.27,27.27,19.5441,36.1566,7.0359,25.327,26.318,441.8,Our World in Data / WHO,2026-09-30 02:09:07
818,BOL,Bolivia,2013,6.6,2937,27.34,27.34,20.2751,37.5089,7.299,25.444,26.45,441.8,Our World in Data / WHO,2026-09-30 02:09:07
819,BOL,Bolivia,2014,6.6,2984,27.33,27.33,21.0196,38.8863,7.5671,25.563,26.584,441.8,Our World in Data / WHO,2026-09-30 02:09:07
820,BOL,Bolivia,2015,6.6,3067,27.65,27.65,21.7766,40.2867,7.8396,25.684,26.72,441.8,Our World in Data / WHO,2026-09-30 02:09:07
821,BOL,Bolivia,2016,6.6,3158,28.04,28.04,22.5455,41.7092,8.1164,25.807,26.858,441.8,Our World in Data / WHO,2026-09-30 02:09:07
822,BOL,Bolivia,2017,6.6,3226,28.21,28.21,23.3162,43.135,8.3938,25.931,26.997,441.8,Our World in Data / WHO,2026-09-30 02:09:07
823,BOL,Bolivia,2018,6.6,3306,28.48,28.48,24.0867,44.5604,8.6712,26.054,27.136,441.8,Our World in Data / WHO,2026-09-30 02:09:07
824,BOL,Bolivia,2019,6.6,3395,28.83,28.83,24.8644,45.9991,8.9512,26.178,27.276,441.8,Our World in Data / WHO,2026-09-30 02:09:07
825,BOL,Bolivia,2020,6.6,3798,31.82,31.82,25.6509,47.4542,9.2343,26.304,27.417,441.8,Our World in Data / WHO,2026-09-30 02:09:07
826,BOL,Bolivia,2021,6.6,3683,30.49,30.49,26.4366,48.9077,9.5172,26.43,27.559,441.8,Our World in Data / WHO,2026-09-30 02:09:07
827,BOL,Bolivia,2022,6.6,3683,30.49,30.49,27.2253,50.3668,9.8011,26.556,27.701,441.8,Our World in Data / WHO,2026-09-30 02:09:07
828,BRA,Brazil,1990,10.1,33408,19.0,19.0,7.749,14.3356,2.7896,23.44,24.195,609.8,Our World in Data / WHO,2026-09-30 02:09:07
829,BRA,Brazil,1991,10.1,33408,19.0,19.0,8.0609,14.9127,2.9019,23.49,24.251,609.8,Our World in Data / WHO,2026-09-30 02:09:07
830,BRA,Brazil,1992,10.1,33408,19.0,19.0,8.3869,15.5158,3.0193,23.542,24.31,609.8,Our World in Data / WHO,2026-09-30 02:09:07
831,BRA,Brazil,1993,10.1,33408,19.0,19.0,8.7266,16.1442,3.1416,23.596,24.371,609.8,Our World in Data / WHO,2026-09-30 02:09:07
832,BRA,Brazil,1994,10.1,33408,19.0,19.0,9.0821,16.8019,3.2696,23.653,24.435,609.8,Our World in Data / WHO,2026-09-30 02:09:07
833,BRA,Brazil,1995,10.1,33408,19.0,19.0,9.4531,17.4882,3.4031,23.712,24.502,609.8,Our World in Data / WHO,2026-09-30 02:09:07
834,BRA,Brazil,1996,10.1,33408,19.0,19.0,9.8405,18.2049,3.5426,23.774,24.571,609.8,Our World in Data / WHO,2026-09-30 02:09:07
835,BRA,Brazil,1997,10.1,33408,19.0,19.0,10.245,18.9532,3.6882,23.839,24.644,609.8,Our World in Data / WHO,2026-09-30 02:09:07
836,BRA,Brazil,1998,10.1,33408,19.0,19.0,10.6654,19.731,3.8395,23.906,24.72,609.8,Our World in Data / WHO,2026-09-30 02:09:07
837,BRA,Brazil,1999,10.1,33408,19.0,19.0,11.101,20.5368,3.9964,23.976,24.798,609.8,Our World in Data / WHO,2026-09-30 02:09:07
838,BRA,Brazil,2000,10.1,33408,19.0,19.0,11.5487,21.3651,4.1575,24.048,24.879,609.8,Our World in Data / WHO,2026-09-30 02:09:07
839,BRA,Brazil,2001,10.1,33017,18.53,18.53,12.005,22.2092,4.3218,24.121,24.961,609.8,Our World in Data / WHO,2026-09-30 02:09:07
840,BRA,Brazil,2002,10.1,34306,19.01,19.01,12.4759,23.0804,4.4913,24.196,25.046,609.8,Our World in Data / WHO,2026-09-30 02:09:07
841,BRA,Brazil,2003,10.1,34778,19.04,19.04,12.9667,23.9884,4.668,24.275,25.134,609.8,Our World in Data / WHO,2026-09-30 02:09:07
842,BRA,Brazil,2004,10.1,35892,19.43,19.43,13.4879,24.9526,4.8556,24.358,25.228,609.8,Our World in Data / WHO,2026-09-30 02:09:07
843,BRA,Brazil,2005,10.1,35975,19.26,19.26,14.0412,25.9762,5.0548,24.447,25.327,609.8,Our World in Data / WHO,2026-09-30 02:09:07
844,BRA,Brazil,2006,10.1,39247,20.79,20.79,14.6259,27.0579,5.2653,24.54,25.433,609.8,Our World in Data / WHO,2026-09-30 02:09:07
845,BRA,Brazil,2007,10.1,41341,21.67,21.67,15.2457,28.2045,5.4885,24.639,25.544,609.8,Our World in Data / WHO,2026-09-30 02:09:07
846,BRA,Brazil,2008,10.1,43307,22.48,22.48,15.9094,29.4324,5.7274,24.746,25.664,609.8,Our World in Data / WHO,2026-09-30 02:09:07
847,BRA,Brazil,2009,10.1,44712,22.99,22.99,16.6225,30.7516,5.9841,24.86,25.792,609.8,Our World in Data / WHO,2026-09-30 02:09:07
848,BRA,Brazil,2010,10.1,46698,23.78,23.78,17.3899,32.1713,6.2604,24.982,25.93,609.8,Our World in Data / WHO,2026-09-30 02:09:07
849,BRA,Brazil,2011,10.1,48865,24.66,24.66,18.207,33.683,6.5545,25.113,26.077,609.8,Our World in Data / WHO,2026-09-30 02:09:07
850,BRA,Brazil,2012,10.1,47683,23.84,23.84,19.0669,35.2738,6.8641,25.251,26.232,609.8,Our World in Data / WHO,2026-09-30 02:09:07
851,BRA,Brazil,2013,10.1,48162,23.88,23.88,19.9586,36.9234,7.1851,25.393,26.393,609.8,Our World in Data / WHO,2026-09-30 02:09:07
852,BRA,Brazil,2014,10.1,47800,23.49,23.49,20.878,38.6243,7.5161,25.54,26.558,609.8,Our World in Data / WHO,2026-09-30 02:09:07
853,BRA,Brazil,2015,10.1,48772,23.77,23.77,21.8222,40.3711,7.856,25.692,26.728,609.8,Our World in Data / WHO,2026-09-30 02:09:07
854,BRA,Brazil,2016,10.1,50151,24.24,24.24,22.7819,42.1465,8.2015,25.845,26.901,609.8,Our World in Data / WHO,2026-09-30 02:09:07
855,BRA,Brazil,2017,10.1,51548,24.72,24.72,23.7487,43.9351,8.5495,26.0,27.075,609.8,Our World in Data / WHO,2026-09-30 02:09:07
856,BRA,Brazil,2018,10.1,52597,25.03,25.03,24.7297,45.7499,8.9027,26.157,27.251,609.8,Our World in Data / WHO,2026-09-30 02:09:07
857,BRA,Brazil,2019,10.1,53570,25.29,25.29,25.722,47.5857,9.2599,26.316,27.43,609.8,Our World in Data / WHO,2026-09-30 02:09:07
858,BRA,Brazil,2020,10.1,61391,28.8,28.8,26.7284,49.4475,9.6222,26.477,27.611,609.8,Our World in Data / WHO,2026-09-30 02:09:07
859,BRA,Brazil,2021,10.1,62933,29.36,29.36,27.7509,51.3392,9.9903,26.64,27.795,609.8,Our World in Data / WHO,2026-09-30 02:09:07
860,BRA,Brazil,2022,10.1,62933,29.36,29.36,28.7888,53.2593,10.364,26.806,27.982,609.8,Our World in Data / WHO,2026-09-30 02:09:07
861,BRB,Barbados,1990,13.2,241,90.9,90.9,14.9336,27.6272,5.3761,24.589,25.488,758.6,Our World in Data / WHO,2026-09-30 02:09:07
862,BRB,Barbados,1991,13.2,241,90.9,90.9,15.4989,28.673,5.5796,24.68,25.59,758.6,Our World in Data / WHO,2026-09-30 02:09:07
863,BRB,Barbados,1992,13.2,241,90.9,90.9,16.0997,29.7844,5.7959,24.776,25.698,758.6,Our World in Data / WHO,2026-09-30 02:09:07
864,BRB,Barbados,1993,13.2,241,90.9,90.9,16.7309,30.9522,6.0231,24.877,25.812,758.6,Our World in Data / WHO,2026-09-30 02:09:07
865,BRB,Barbados,1994,13.2,241,90.9,90.9,17.3989,32.188,6.2636,24.984,25.932,758.6,Our World in Data / WHO,2026-09-30 02:09:07
866,BRB,Barbados,1995,13.2,241,90.9,90.9,18.106,33.4961,6.5182,25.097,26.059,758.6,Our World in Data / WHO,2026-09-30 02:09:07
867,BRB,Barbados,1996,13.2,241,90.9,90.9,18.8514,34.8751,6.7865,25.216,26.193,758.6,Our World in Data / WHO,2026-09-30 02:09:07
868,BRB,Barbados,1997,13.2,241,90.9,90.9,19.6255,36.3072,7.0652,25.34,26.333,758.6,Our World in Data / WHO,2026-09-30 02:09:07
869,BRB,Barbados,1998,13.2,241,90.9,90.9,20.4228,37.7822,7.3522,25.468,26.476,758.6,Our World in Data / WHO,2026-09-30 02:09:07
870,BRB,Barbados,1999,13.2,241,90.9,90.9,21.2419,39.2975,7.6471,25.599,26.624,758.6,Our World in Data / WHO,2026-09-30 02:09:07
871,BRB,Barbados,2000,13.2,241,90.9,90.9,22.0581,40.8075,7.9409,25.729,26.77,758.6,Our World in Data / WHO,2026-09-30 02:09:07
872,BRB,Barbados,2001,13.1273,221,83.36,83.36,22.8624,42.2954,8.2305,25.858,26.915,755.11,Our World in Data / WHO,2026-09-30 02:09:07
873,BRB,Barbados,2002,13.0545,238,89.28,89.28,23.663,43.7766,8.5187,25.986,27.059,751.62,Our World in Data / WHO,2026-09-30 02:09:07
874,BRB,Barbados,2003,12.9818,258,96.38,96.38,24.4631,45.2567,8.8067,26.114,27.203,748.13,Our World in Data / WHO,2026-09-30 02:09:07
875,BRB,Barbados,2004,12.9091,270,100.74,100.74,25.2638,46.738,9.095,26.242,27.347,744.64,Our World in Data / WHO,2026-09-30 02:09:07
876,BRB,Barbados,2005,12.8364,266,98.8,98.8,26.0646,48.2195,9.3833,26.37,27.492,741.15,Our World in Data / WHO,2026-09-30 02:09:07
877,BRB,Barbados,2006,12.7636,262,97.0,97.0,26.8647,49.6997,9.6713,26.498,27.636,737.65,Our World in Data / WHO,2026-09-30 02:09:07
878,BRB,Barbados,2007,12.6909,265,97.79,97.79,27.6485,51.1497,9.9535,26.624,27.777,734.16,Our World in Data / WHO,2026-09-30 02:09:07
879,BRB,Barbados,2008,12.6182,261,95.57,95.57,28.4117,52.5616,10.2282,26.746,27.914,730.67,Our World in Data / WHO,2026-09-30 02:09:07
880,BRB,Barbados,2009,12.5455,239,87.18,87.18,29.1601,53.9462,10.4976,26.866,28.049,727.18,Our World in Data / WHO,2026-09-30 02:09:07
881,BRB,Barbados,2010,12.4727,224,81.5,81.5,29.8974,55.3102,10.7631,26.984,28.182,723.69,Our World in Data / WHO,2026-09-30 02:09:07
882,BRB,Barbados,2011,12.4,226,82.03,82.03,30.6375,56.6794,11.0295,27.102,28.315,720.2,Our World in Data / WHO,2026-09-30 02:09:07
883,BRB,Barbados,2012,12.4,216,78.23,78.23,31.3775,58.0484,11.2959,27.22,28.448,720.2,Our World in Data / WHO,2026-09-30 02:09:07
884,BRB,Barbados,2013,12.4,222,80.07,80.07,32.1054,59.395,11.5579,27.337,28.579,720.2,Our World in Data / WHO,2026-09-30 02:09:07
885,BRB,Barbados,2014,12.4,228,82.08,82.08,32.8222,60.7211,11.816,27.452,28.708,720.2,Our World in Data / WHO,2026-09-30 02:09:07
886,BRB,Barbados,2015,12.4,229,82.51,82.51,33.5313,62.0329,12.0713,27.565,28.836,720.2,Our World in Data / WHO,2026-09-30 02:09:07
887,BRB,Barbados,2016,12.4,237,84.95,84.95,34.2379,63.3401,12.3256,27.678,28.963,720.2,Our World in Data / WHO,2026-09-30 02:09:07
888,BRB,Barbados,2017,12.4,239,85.63,85.63,34.9284,64.6175,12.5742,27.789,29.087,720.2,Our World in Data / WHO,2026-09-30 02:09:07
889,BRB,Barbados,2018,12.4,249,88.94,88.94,35.595,65.8508,12.8142,27.895,29.207,720.2,Our World in Data / WHO,2026-09-30 02:09:07
890,BRB,Barbados,2019,12.4,265,94.69,94.69,36.2471,67.0571,13.049,28.0,29.324,720.2,Our World in Data / WHO,2026-09-30 02:09:07
891,BRB,Barbados,2020,12.4,248,88.39,88.39,36.9008,68.2665,13.2843,28.104,29.442,720.2,Our World in Data / WHO,2026-09-30 02:09:07
892,BRB,Barbados,2021,12.4,238,84.54,84.54,37.5676,69.5001,13.5243,28.211,29.562,720.2,Our World in Data / WHO,2026-09-30 02:09:07
893,BRB,Barbados,2022,12.4,238,84.54,84.54,38.2551,70.7719,13.7718,28.321,29.686,720.2,Our World in Data / WHO,2026-09-30 02:09:07
894,BRN,Brunei,1990,9.4,70,21.01,21.01,7.3887,13.6691,2.6599,23.382,24.13,576.2,Our World in Data / WHO,2026-09-30 02:09:07
895,BRN,Brunei,1991,9.4,70,21.01,21.01,7.9015,14.6178,2.8445,23.464,24.222,576.2,Our World in Data / WHO,2026-09-30 02:09:07
896,BRN,Brunei,1992,9.4,70,21.01,21.01,8.4436,15.6207,3.0397,23.551,24.32,576.2,Our World in Data / WHO,2026-09-30 02:09:07
897,BRN,Brunei,1993,9.4,70,21.01,21.01,9.0076,16.6641,3.2427,23.641,24.421,576.2,Our World in Data / WHO,2026-09-30 02:09:07
898,BRN,Brunei,1994,9.4,70,21.01,21.01,9.5932,17.7474,3.4536,23.735,24.527,576.2,Our World in Data / WHO,2026-09-30 02:09:07
899,BRN,Brunei,1995,9.4,70,21.01,21.01,10.2003,18.8706,3.6721,23.832,24.636,576.2,Our World in Data / WHO,2026-09-30 02:09:07
900,BRN,Brunei,1996,9.4,70,21.01,21.01,10.8298,20.0351,3.8987,23.933,24.749,576.2,Our World in Data / WHO,2026-09-30 02:09:07
901,BRN,Brunei,1997,9.4,70,21.01,21.01,11.4854,21.248,4.1347,24.038,24.867,576.2,Our World in Data / WHO,2026-09-30 02:09:07
902,BRN,Brunei,1998,9.4,70,21.01,21.01,12.1692,22.513,4.3809,24.147,24.99,576.2,Our World in Data / WHO,2026-09-30 02:09:07
903,BRN,Brunei,1999,9.4,70,21.01,21.01,12.8841,23.8356,4.6383,24.261,25.119,576.2,Our World in Data / WHO,2026-09-30 02:09:07
904,BRN,Brunei,2000,9.4,70,21.01,21.01,13.6335,25.222,4.9081,24.381,25.254,576.2,Our World in Data / WHO,2026-09-30 02:09:07
905,BRN,Brunei,2001,9.4,71,20.74,20.74,14.4182,26.6737,5.1906,24.507,25.395,576.2,Our World in Data / WHO,2026-09-30 02:09:07
906,BRN,Brunei,2002,9.4,73,21.03,21.03,15.232,28.1792,5.4835,24.637,25.542,576.2,Our World in Data / WHO,2026-09-30 02:09:07
907,BRN,Brunei,2003,9.4,71,19.99,19.99,16.071,29.7314,5.7856,24.771,25.693,576.2,Our World in Data / WHO,2026-09-30 02:09:07
908,BRN,Brunei,2004,9.4,78,21.74,21.74,16.9395,31.3381,6.0982,24.91,25.849,576.2,Our World in Data / WHO,2026-09-30 02:09:07
909,BRN,Brunei,2005,9.4,86,23.33,23.33,17.8366,32.9977,6.4212,25.054,26.011,576.2,Our World in Data / WHO,2026-09-30 02:09:07
910,BRN,Brunei,2006,9.4,101,27.21,27.21,18.7615,34.7088,6.7541,25.202,26.177,576.2,Our World in Data / WHO,2026-09-30 02:09:07
911,BRN,Brunei,2007,9.4,96,25.44,25.44,19.6777,36.4037,7.084,25.348,26.342,576.2,Our World in Data / WHO,2026-09-30 02:09:07
912,BRN,Brunei,2008,9.4,96,25.09,25.09,20.5956,38.1019,7.4144,25.495,26.507,576.2,Our World in Data / WHO,2026-09-30 02:09:07
913,BRN,Brunei,2009,9.4,84,21.42,21.42,21.5451,39.8584,7.7562,25.647,26.678,576.2,Our World in Data / WHO,2026-09-30 02:09:07
914,BRN,Brunei,2010,9.4,88,22.2,22.2,22.5226,41.6668,8.1081,25.804,26.854,576.2,Our World in Data / WHO,2026-09-30 02:09:07
915,BRN,Brunei,2011,9.4,104,25.79,25.79,23.532,43.5342,8.4715,25.965,27.036,576.2,Our World in Data / WHO,2026-09-30 02:09:07
916,BRN,Brunei,2012,9.4,104,25.59,25.59,24.5576,45.4316,8.8407,26.129,27.22,576.2,Our World in Data / WHO,2026-09-30 02:09:07
917,BRN,Brunei,2013,9.4,107,26.02,26.02,25.5903,47.3421,9.2125,26.294,27.406,576.2,Our World in Data / WHO,2026-09-30 02:09:07
918,BRN,Brunei,2014,9.4,111,26.58,26.58,26.6348,49.2744,9.5885,26.462,27.594,576.2,Our World in Data / WHO,2026-09-30 02:09:07
919,BRN,Brunei,2015,9.4,114,27.04,27.04,27.7013,51.2474,9.9725,26.632,27.786,576.2,Our World in Data / WHO,2026-09-30 02:09:07
920,BRN,Brunei,2016,9.4,123,28.79,28.79,28.7866,53.2552,10.3632,26.806,27.982,576.2,Our World in Data / WHO,2026-09-30 02:09:07
921,BRN,Brunei,2017,9.4,128,29.7,29.7,29.879,55.2762,10.7564,26.981,28.178,576.2,Our World in Data / WHO,2026-09-30 02:09:07
922,BRN,Brunei,2018,9.4,137,31.57,31.57,30.9793,57.3117,11.1525,27.157,28.376,576.2,Our World in Data / WHO,2026-09-30 02:09:07
923,BRN,Brunei,2019,9.4,137,31.32,31.32,32.0893,59.3652,11.5521,27.334,28.576,576.2,Our World in Data / WHO,2026-09-30 02:09:07
924,BRN,Brunei,2020,9.4,144,32.71,32.71,33.2124,61.4429,11.9565,27.514,28.778,576.2,Our World in Data / WHO,2026-09-30 02:09:07
925,BRN,Brunei,2021,9.4,146,32.72,32.72,34.3465,63.541,12.3647,27.695,28.982,576.2,Our World in Data / WHO,2026-09-30 02:09:07
926,BRN,Brunei,2022,9.4,146,32.72,32.72,35.487,65.651,12.7753,27.878,29.188,576.2,Our World in Data / WHO,2026-09-30 02:09:07
927,BTN,Bhutan,1990,5.7,68,11.55,11.55,1.5003,6.0,0.5401,22.44,23.07,398.6,Our World in Data / WHO,2026-09-30 02:09:07
928,BTN,Bhutan,1991,5.7,68,11.55,11.55,1.6145,6.0,0.5812,22.458,23.091,398.6,Our World in Data / WHO,2026-09-30 02:09:07
929,BTN,Bhutan,1992,5.7,68,11.55,11.55,1.7361,6.0,0.625,22.478,23.112,398.6,Our World in Data / WHO,2026-09-30 02:09:07
930,BTN,Bhutan,1993,5.7,68,11.55,11.55,1.8653,6.0,0.6715,22.498,23.136,398.6,Our World in Data / WHO,2026-09-30 02:09:07
931,BTN,Bhutan,1994,5.7,68,11.55,11.55,2.0032,6.0,0.7212,22.521,23.161,398.6,Our World in Data / WHO,2026-09-30 02:09:07
932,BTN,Bhutan,1995,5.7,68,11.55,11.55,2.1508,6.0,0.7743,22.544,23.187,398.6,Our World in Data / WHO,2026-09-30 02:09:07
933,BTN,Bhutan,1996,5.7,68,11.55,11.55,2.309,6.0,0.8312,22.569,23.216,398.6,Our World in Data / WHO,2026-09-30 02:09:07
934,BTN,Bhutan,1997,5.7,68,11.55,11.55,2.4794,6.0,0.8926,22.597,23.246,398.6,Our World in Data / WHO,2026-09-30 02:09:07
935,BTN,Bhutan,1998,5.7,68,11.55,11.55,2.662,6.0,0.9583,22.626,23.279,398.6,Our World in Data / WHO,2026-09-30 02:09:07
936,BTN,Bhutan,1999,5.7,68,11.55,11.55,2.8482,6.0,1.0254,22.656,23.313,398.6,Our World in Data / WHO,2026-09-30 02:09:07
937,BTN,Bhutan,2000,5.7,68,11.55,11.55,3.0357,6.0,1.0929,22.686,23.346,398.6,Our World in Data / WHO,2026-09-30 02:09:07
938,BTN,Bhutan,2001,5.7,72,11.94,11.94,3.2313,6.0,1.1633,22.717,23.382,398.6,Our World in Data / WHO,2026-09-30 02:09:07
939,BTN,Bhutan,2002,5.7,76,12.21,12.21,3.436,6.3566,1.237,22.75,23.418,398.6,Our World in Data / WHO,2026-09-30 02:09:07
940,BTN,Bhutan,2003,5.7,81,12.82,12.82,3.6508,6.754,1.3143,22.784,23.457,398.6,Our World in Data / WHO,2026-09-30 02:09:07
941,BTN,Bhutan,2004,5.7,87,13.36,13.36,3.8769,7.1723,1.3957,22.82,23.498,398.6,Our World in Data / WHO,2026-09-30 02:09:07
942,BTN,Bhutan,2005,5.7,92,13.8,13.8,4.1253,7.6318,1.4851,22.86,23.543,398.6,Our World in Data / WHO,2026-09-30 02:09:07
943,BTN,Bhutan,2006,5.7,95,14.05,14.05,4.4034,8.1463,1.5852,22.905,23.593,398.6,Our World in Data / WHO,2026-09-30 02:09:07
944,BTN,Bhutan,2007,5.7,97,14.18,14.18,4.7014,8.6976,1.6925,22.952,23.646,398.6,Our World in Data / WHO,2026-09-30 02:09:07
945,BTN,Bhutan,2008,5.7,100,14.45,14.45,5.013,9.2741,1.8047,23.002,23.702,398.6,Our World in Data / WHO,2026-09-30 02:09:07
946,BTN,Bhutan,2009,5.7,102,14.67,14.67,5.3394,9.8779,1.9222,23.054,23.761,398.6,Our World in Data / WHO,2026-09-30 02:09:07
947,BTN,Bhutan,2010,5.7,105,14.91,14.91,5.6807,10.5093,2.0451,23.109,23.823,398.6,Our World in Data / WHO,2026-09-30 02:09:07
948,BTN,Bhutan,2011,5.7,110,15.38,15.38,6.0399,11.1738,2.1744,23.166,23.887,398.6,Our World in Data / WHO,2026-09-30 02:09:07
949,BTN,Bhutan,2012,5.7,115,16.01,16.01,6.4228,11.8822,2.3122,23.228,23.956,398.6,Our World in Data / WHO,2026-09-30 02:09:07
950,BTN,Bhutan,2013,5.7,122,16.74,16.74,6.8334,12.6418,2.46,23.293,24.03,398.6,Our World in Data / WHO,2026-09-30 02:09:07
951,BTN,Bhutan,2014,5.7,129,17.49,17.49,7.2737,13.4563,2.6185,23.364,24.109,398.6,Our World in Data / WHO,2026-09-30 02:09:07
952,BTN,Bhutan,2015,5.7,136,18.35,18.35,7.7474,14.3327,2.7891,23.44,24.195,398.6,Our World in Data / WHO,2026-09-30 02:09:07
953,BTN,Bhutan,2016,5.7,143,19.12,19.12,8.2508,15.264,2.9703,23.52,24.285,398.6,Our World in Data / WHO,2026-09-30 02:09:07
954,BTN,Bhutan,2017,5.7,151,19.94,19.94,8.7854,16.253,3.1627,23.606,24.381,398.6,Our World in Data / WHO,2026-09-30 02:09:07
955,BTN,Bhutan,2018,5.7,151,19.8,19.8,9.3468,17.2916,3.3648,23.695,24.482,398.6,Our World in Data / WHO,2026-09-30 02:09:07
956,BTN,Bhutan,2019,5.7,149,19.41,19.41,9.9233,18.3581,3.5724,23.788,24.586,398.6,Our World in Data / WHO,2026-09-30 02:09:07
957,BTN,Bhutan,2020,5.7,148,19.13,19.13,10.5147,19.4522,3.7853,23.882,24.693,398.6,Our World in Data / WHO,2026-09-30 02:09:07
958,BTN,Bhutan,2021,5.7,145,18.71,18.71,11.1201,20.5722,4.0032,23.979,24.802,398.6,Our World in Data / WHO,2026-09-30 02:09:07
959,BTN,Bhutan,2022,5.7,145,18.71,18.71,11.7408,21.7205,4.2267,24.079,24.913,398.6,Our World in Data / WHO,2026-09-30 02:09:07
960,BWA,Botswana,1990,10.8,323,18.72,18.72,4.8076,8.8941,1.7307,22.969,23.665,643.4,Our World in Data / WHO,2026-09-30 02:09:07
961,BWA,Botswana,1991,10.8,323,18.72,18.72,5.0692,9.378,1.8249,23.011,23.712,643.4,Our World in Data / WHO,2026-09-30 02:09:07
962,BWA,Botswana,1992,10.8,323,18.72,18.72,5.3419,9.8825,1.9231,23.055,23.762,643.4,Our World in Data / WHO,2026-09-30 02:09:07
963,BWA,Botswana,1993,10.8,323,18.72,18.72,5.6282,10.4122,2.0262,23.101,23.813,643.4,Our World in Data / WHO,2026-09-30 02:09:07
964,BWA,Botswana,1994,10.8,323,18.72,18.72,5.9284,10.9675,2.1342,23.149,23.867,643.4,Our World in Data / WHO,2026-09-30 02:09:07
965,BWA,Botswana,1995,10.8,323,18.72,18.72,6.2465,11.556,2.2487,23.199,23.924,643.4,Our World in Data / WHO,2026-09-30 02:09:07
966,BWA,Botswana,1996,10.8,323,18.72,18.72,6.5762,12.166,2.3674,23.252,23.984,643.4,Our World in Data / WHO,2026-09-30 02:09:07
967,BWA,Botswana,1997,10.8,323,18.72,18.72,6.9111,12.7855,2.488,23.306,24.044,643.4,Our World in Data / WHO,2026-09-30 02:09:07
968,BWA,Botswana,1998,10.8,323,18.72,18.72,7.2583,13.4279,2.613,23.361,24.106,643.4,Our World in Data / WHO,2026-09-30 02:09:07
969,BWA,Botswana,1999,10.8,323,18.72,18.72,7.6243,14.105,2.7447,23.42,24.172,643.4,Our World in Data / WHO,2026-09-30 02:09:07
970,BWA,Botswana,2000,10.8,323,18.72,18.72,8.0065,14.812,2.8823,23.481,24.241,643.4,Our World in Data / WHO,2026-09-30 02:09:07
971,BWA,Botswana,2001,10.8,341,19.34,19.34,8.3996,15.5393,3.0239,23.544,24.312,643.4,Our World in Data / WHO,2026-09-30 02:09:07
972,BWA,Botswana,2002,10.8,335,18.65,18.65,8.7939,16.2687,3.1658,23.607,24.383,643.4,Our World in Data / WHO,2026-09-30 02:09:07
973,BWA,Botswana,2003,10.8,343,18.77,18.77,9.1887,16.9991,3.3079,23.67,24.454,643.4,Our World in Data / WHO,2026-09-30 02:09:07
974,BWA,Botswana,2004,10.8,342,18.4,18.4,9.5909,17.7432,3.4527,23.735,24.526,643.4,Our World in Data / WHO,2026-09-30 02:09:07
975,BWA,Botswana,2005,10.8,374,19.74,19.74,9.9999,18.4998,3.6,23.8,24.6,643.4,Our World in Data / WHO,2026-09-30 02:09:07
976,BWA,Botswana,2006,10.8,357,18.49,18.49,10.4137,19.2653,3.7489,23.866,24.674,643.4,Our World in Data / WHO,2026-09-30 02:09:07
977,BWA,Botswana,2007,10.8,418,21.27,21.27,10.831,20.0374,3.8992,23.933,24.75,643.4,Our World in Data / WHO,2026-09-30 02:09:07
978,BWA,Botswana,2008,10.8,523,26.07,26.07,11.2507,20.8138,4.0503,24.0,24.825,643.4,Our World in Data / WHO,2026-09-30 02:09:07
979,BWA,Botswana,2009,10.8,592,28.91,28.91,11.6726,21.5943,4.2021,24.068,24.901,643.4,Our World in Data / WHO,2026-09-30 02:09:07
980,BWA,Botswana,2010,10.8,619,29.57,29.57,12.0962,22.378,4.3546,24.135,24.977,643.4,Our World in Data / WHO,2026-09-30 02:09:07
981,BWA,Botswana,2011,10.8,651,30.52,30.52,12.5244,23.1701,4.5088,24.204,25.054,643.4,Our World in Data / WHO,2026-09-30 02:09:07
982,BWA,Botswana,2012,10.8,684,31.45,31.45,12.935,23.9298,4.6566,24.27,25.128,643.4,Our World in Data / WHO,2026-09-30 02:09:07
983,BWA,Botswana,2013,10.8,719,32.42,32.42,13.3217,24.6451,4.7958,24.331,25.198,643.4,Our World in Data / WHO,2026-09-30 02:09:07
984,BWA,Botswana,2014,10.8,718,31.78,31.78,13.7071,25.3581,4.9346,24.393,25.267,643.4,Our World in Data / WHO,2026-09-30 02:09:07
985,BWA,Botswana,2015,10.8,693,30.07,30.07,14.0967,26.0789,5.0748,24.455,25.337,643.4,Our World in Data / WHO,2026-09-30 02:09:07
986,BWA,Botswana,2016,10.8,707,30.05,30.05,14.4877,26.8022,5.2156,24.518,25.408,643.4,Our World in Data / WHO,2026-09-30 02:09:07
987,BWA,Botswana,2017,10.8,710,29.56,29.56,14.8728,27.5147,5.3542,24.58,25.477,643.4,Our World in Data / WHO,2026-09-30 02:09:07
988,BWA,Botswana,2018,10.8,698,28.49,28.49,15.2501,28.2127,5.49,24.64,25.545,643.4,Our World in Data / WHO,2026-09-30 02:09:07
989,BWA,Botswana,2019,10.8,680,27.22,27.22,15.6296,28.9148,5.6267,24.701,25.613,643.4,Our World in Data / WHO,2026-09-30 02:09:07
990,BWA,Botswana,2020,10.8,773,30.35,30.35,16.0198,29.6366,5.7671,24.763,25.684,643.4,Our World in Data / WHO,2026-09-30 02:09:07
991,BWA,Botswana,2021,10.8,732,28.29,28.29,16.422,30.3807,5.9119,24.828,25.756,643.4,Our World in Data / WHO,2026-09-30 02:09:07
992,BWA,Botswana,2022,10.8,732,28.29,28.29,16.9158,31.2942,6.0897,24.907,25.845,643.4,Our World in Data / WHO,2026-09-30 02:09:07
993,CAF,Central African Republic,1990,3.2,805,21.41,21.41,1.2715,6.0,0.4577,22.403,23.029,278.6,Our World in Data / WHO,2026-09-30 02:09:07
994,CAF,Central African Republic,1991,3.2,805,21.41,21.41,1.3686,6.0,0.4927,22.419,23.046,278.6,Our World in Data / WHO,2026-09-30 02:09:07
995,CAF,Central African Republic,1992,3.2,805,21.41,21.41,1.4739,6.0,0.5306,22.436,23.065,278.6,Our World in Data / WHO,2026-09-30 02:09:07
996,CAF,Central African Republic,1993,3.2,805,21.41,21.41,1.5883,6.0,0.5718,22.454,23.086,278.6,Our World in Data / WHO,2026-09-30 02:09:07
997,CAF,Central African Republic,1994,3.2,805,21.41,21.41,1.712,6.0,0.6163,22.474,23.108,278.6,Our World in Data / WHO,2026-09-30 02:09:07
998,CAF,Central African Republic,1995,3.2,805,21.41,21.41,1.8468,6.0,0.6648,22.495,23.132,278.6,Our World in Data / WHO,2026-09-30 02:09:07
999,CAF,Central African Republic,1996,3.2,805,21.41,21.41,1.9922,6.0,0.7172,22.519,23.159,278.6,Our World in Data / WHO,2026-09-30 02:09:07
1000,CAF,Central African Republic,1997,3.2,805,21.41,21.41,2.1459,6.0,0.7725,22.543,23.186,278.6,Our World in Data / WHO,2026-09-30 02:09:07
1001,CAF,Central African Republic,1998,3.2,805,21.41,21.41,2.3092,6.0,0.8313,22.569,23.216,278.6,Our World in Data / WHO,2026-09-30 02:09:07
1002,CAF,Central African Republic,1999,3.2,805,21.41,21.41,2.4811,6.0,0.8932,22.597,23.247,278.6,Our World in Data / WHO,2026-09-30 02:09:07
1003,CAF,Central African Republic,2000,3.2,805,21.41,21.41,2.6599,6.0,0.9576,22.626,23.279,278.6,Our World in Data / WHO,2026-09-30 02:09:07
1004,CAF,Central African Republic,2001,3.2,797,20.72,20.72,2.8508,6.0,1.0263,22.656,23.313,278.6,Our World in Data / WHO,2026-09-30 02:09:07
1005,CAF,Central African Republic,2002,3.2,841,21.41,21.41,3.0491,6.0,1.0977,22.688,23.349,278.6,Our World in Data / WHO,2026-09-30 02:09:07
1006,CAF,Central African Republic,2003,3.2,813,20.18,20.18,3.2502,6.0129,1.1701,22.72,23.385,278.6,Our World in Data / WHO,2026-09-30 02:09:07
1007,CAF,Central African Republic,2004,3.2,829,20.14,20.14,3.4568,6.3951,1.2444,22.753,23.422,278.6,Our World in Data / WHO,2026-09-30 02:09:07
1008,CAF,Central African Republic,2005,3.2,800,19.0,19.0,3.6611,6.773,1.318,22.786,23.459,278.6,Our World in Data / WHO,2026-09-30 02:09:07
1009,CAF,Central African Republic,2006,3.2,869,20.24,20.24,3.8662,7.1525,1.3918,22.819,23.496,278.6,Our World in Data / WHO,2026-09-30 02:09:07
1010,CAF,Central African Republic,2007,3.2,860,19.65,19.65,4.0735,7.536,1.4665,22.852,23.533,278.6,Our World in Data / WHO,2026-09-30 02:09:07
1011,CAF,Central African Republic,2008,3.2,865,19.36,19.36,4.2797,7.9174,1.5407,22.885,23.57,278.6,Our World in Data / WHO,2026-09-30 02:09:07
1012,CAF,Central African Republic,2009,3.2,931,20.39,20.39,4.5081,8.34,1.6229,22.921,23.611,278.6,Our World in Data / WHO,2026-09-30 02:09:07
1013,CAF,Central African Republic,2010,3.2,917,19.67,19.67,4.7415,8.7718,1.7069,22.959,23.653,278.6,Our World in Data / WHO,2026-09-30 02:09:07
1014,CAF,Central African Republic,2011,3.2,1056,22.32,22.32,4.9598,9.1756,1.7855,22.994,23.693,278.6,Our World in Data / WHO,2026-09-30 02:09:07
1015,CAF,Central African Republic,2012,3.2,949,19.89,19.89,5.1898,9.6011,1.8683,23.03,23.734,278.6,Our World in Data / WHO,2026-09-30 02:09:07
1016,CAF,Central African Republic,2013,3.2,986,20.53,20.53,5.4324,10.0499,1.9557,23.069,23.778,278.6,Our World in Data / WHO,2026-09-30 02:09:07
1017,CAF,Central African Republic,2014,3.2,1037,21.61,21.61,5.6982,10.5417,2.0514,23.112,23.826,278.6,Our World in Data / WHO,2026-09-30 02:09:07
1018,CAF,Central African Republic,2015,3.2,1037,21.52,21.52,5.9637,11.0328,2.1469,23.154,23.873,278.6,Our World in Data / WHO,2026-09-30 02:09:07
1019,CAF,Central African Republic,2016,3.2,1071,21.84,21.84,6.2154,11.4985,2.2375,23.194,23.919,278.6,Our World in Data / WHO,2026-09-30 02:09:07
1020,CAF,Central African Republic,2017,3.2,1090,21.82,21.82,6.4786,11.9854,2.3323,23.237,23.966,278.6,Our World in Data / WHO,2026-09-30 02:09:07
1021,CAF,Central African Republic,2018,3.2,1113,21.84,21.84,6.7497,12.4869,2.4299,23.28,24.015,278.6,Our World in Data / WHO,2026-09-30 02:09:07
1022,CAF,Central African Republic,2019,3.2,1121,21.52,21.52,7.0439,13.0312,2.5358,23.327,24.068,278.6,Our World in Data / WHO,2026-09-30 02:09:07
1023,CAF,Central African Republic,2020,3.2,1190,22.28,22.28,7.3567,13.6099,2.6484,23.377,24.124,278.6,Our World in Data / WHO,2026-09-30 02:09:07
1024,CAF,Central African Republic,2021,3.2,1092,20.01,20.01,7.6854,14.218,2.7667,23.43,24.183,278.6,Our World in Data / WHO,2026-09-30 02:09:07
1025,CAF,Central African Republic,2022,3.2,1092,20.01,20.01,8.0659,14.9219,2.9037,23.491,24.252,278.6,Our World in Data / WHO,2026-09-30 02:09:07
1026,CAN,Canada,1990,8.4,6029,19.65,19.65,14.0142,25.9263,5.0451,24.442,25.323,528.2,Our World in Data / WHO,2026-09-30 02:09:07
1027,CAN,Canada,1991,8.4,6029,19.65,19.65,14.696,27.1876,5.2906,24.551,25.445,528.2,Our World in Data / WHO,2026-09-30 02:09:07
1028,CAN,Canada,1992,8.4,6029,19.65,19.65,15.3898,28.4711,5.5403,24.662,25.57,528.2,Our World in Data / WHO,2026-09-30 02:09:07
1029,CAN,Canada,1993,8.4,6029,19.65,19.65,16.0905,29.7674,5.7926,24.774,25.696,528.2,Our World in Data / WHO,2026-09-30 02:09:07
1030,CAN,Canada,1994,8.4,6029,19.65,19.65,16.7944,31.0696,6.046,24.887,25.823,528.2,Our World in Data / WHO,2026-09-30 02:09:07
1031,CAN,Canada,1995,8.4,6029,19.65,19.65,17.4943,32.3645,6.2979,24.999,25.949,528.2,Our World in Data / WHO,2026-09-30 02:09:07
1032,CAN,Canada,1996,8.4,6029,19.65,19.65,18.1879,33.6476,6.5476,25.11,26.074,528.2,Our World in Data / WHO,2026-09-30 02:09:07
1033,CAN,Canada,1997,8.4,6029,19.65,19.65,18.8744,34.9176,6.7948,25.22,26.197,528.2,Our World in Data / WHO,2026-09-30 02:09:07
1034,CAN,Canada,1998,8.4,6029,19.65,19.65,19.5423,36.1533,7.0352,25.327,26.318,528.2,Our World in Data / WHO,2026-09-30 02:09:07
1035,CAN,Canada,1999,8.4,6029,19.65,19.65,20.1894,37.3504,7.2682,25.43,26.434,528.2,Our World in Data / WHO,2026-09-30 02:09:07
1036,CAN,Canada,2000,8.4,6029,19.65,19.65,20.8146,38.507,7.4933,25.53,26.547,528.2,Our World in Data / WHO,2026-09-30 02:09:07
1037,CAN,Canada,2001,8.4,6378,20.57,20.57,21.4138,39.6155,7.709,25.626,26.654,528.2,Our World in Data / WHO,2026-09-30 02:09:07
1038,CAN,Canada,2002,8.4,7084,22.62,22.62,21.9854,40.673,7.9147,25.718,26.757,528.2,Our World in Data / WHO,2026-09-30 02:09:07
1039,CAN,Canada,2003,8.4,7170,22.68,22.68,22.5287,41.6781,8.1103,25.805,26.855,528.2,Our World in Data / WHO,2026-09-30 02:09:07
1040,CAN,Canada,2004,8.4,7003,21.95,21.95,23.0421,42.6279,8.2952,25.887,26.948,528.2,Our World in Data / WHO,2026-09-30 02:09:07
1041,CAN,Canada,2005,8.4,7043,21.86,21.86,23.5226,43.5168,8.4681,25.964,27.034,528.2,Our World in Data / WHO,2026-09-30 02:09:07
1042,CAN,Canada,2006,8.4,6463,19.87,19.87,23.9654,44.336,8.6275,26.034,27.114,528.2,Our World in Data / WHO,2026-09-30 02:09:07
1043,CAN,Canada,2007,8.4,6530,19.87,19.87,24.3644,45.0741,8.7712,26.098,27.186,528.2,Our World in Data / WHO,2026-09-30 02:09:07
1044,CAN,Canada,2008,8.4,6584,19.82,19.82,24.7219,45.7355,8.8999,26.156,27.25,528.2,Our World in Data / WHO,2026-09-30 02:09:07
1045,CAN,Canada,2009,8.4,5998,17.85,17.85,25.0361,46.3168,9.013,26.206,27.306,528.2,Our World in Data / WHO,2026-09-30 02:09:07
1046,CAN,Canada,2010,8.4,5926,17.45,17.45,25.3082,46.8202,9.111,26.249,27.355,528.2,Our World in Data / WHO,2026-09-30 02:09:07
1047,CAN,Canada,2011,8.4,5941,17.31,17.31,25.5367,47.2429,9.1932,26.286,27.397,528.2,Our World in Data / WHO,2026-09-30 02:09:07
1048,CAN,Canada,2012,8.4,5627,16.22,16.22,25.7302,47.6009,9.2629,26.317,27.431,528.2,Our World in Data / WHO,2026-09-30 02:09:07
1049,CAN,Canada,2013,8.4,5498,15.68,15.68,25.909,47.9316,9.3272,26.345,27.464,528.2,Our World in Data / WHO,2026-09-30 02:09:07
1050,CAN,Canada,2014,8.4,5476,15.47,15.47,26.0828,48.2532,9.3898,26.373,27.495,528.2,Our World in Data / WHO,2026-09-30 02:09:07
1051,CAN,Canada,2015,8.4,5596,15.66,15.66,26.2521,48.5664,9.4508,26.4,27.525,528.2,Our World in Data / WHO,2026-09-30 02:09:07
1052,CAN,Canada,2016,8.4,5422,15.01,15.01,26.3995,48.8391,9.5038,26.424,27.552,528.2,Our World in Data / WHO,2026-09-30 02:09:07
1053,CAN,Canada,2017,8.4,5448,14.9,14.9,26.5097,49.0429,9.5435,26.442,27.572,528.2,Our World in Data / WHO,2026-09-30 02:09:07
1054,CAN,Canada,2018,8.4,5385,14.54,14.54,26.5923,49.1958,9.5732,26.455,27.587,528.2,Our World in Data / WHO,2026-09-30 02:09:07
1055,CAN,Canada,2019,8.4,5456,14.54,14.54,26.669,49.3377,9.6008,26.467,27.6,528.2,Our World in Data / WHO,2026-09-30 02:09:07
1056,CAN,Canada,2020,8.4,6073,16.03,16.03,26.7628,49.5112,9.6346,26.482,27.617,528.2,Our World in Data / WHO,2026-09-30 02:09:07
1057,CAN,Canada,2021,8.4,5902,15.47,15.47,26.8662,49.7025,9.6718,26.499,27.636,528.2,Our World in Data / WHO,2026-09-30 02:09:07
1058,CAN,Canada,2022,8.4,5902,15.47,15.47,26.9504,49.8582,9.7021,26.512,27.651,528.2,Our World in Data / WHO,2026-09-30 02:09:07
1059,CHE,Switzerland,1990,5.9,1454,20.25,20.25,8.4559,15.6434,3.0441,23.553,24.322,408.2,Our World in Data / WHO,2026-09-30 02:09:07
1060,CHE,Switzerland,1991,5.9,1454,20.25,20.25,8.4673,15.6645,3.0482,23.555,24.324,408.2,Our World in Data / WHO,2026-09-30 02:09:07
1061,CHE,Switzerland,1992,5.9,1454,20.25,20.25,8.4986,15.7224,3.0595,23.56,24.33,408.2,Our World in Data / WHO,2026-09-30 02:09:07
1062,CHE,Switzerland,1993,5.9,1454,20.25,20.25,8.5615,15.8388,3.0821,23.57,24.341,408.2,Our World in Data / WHO,2026-09-30 02:09:07
1063,CHE,Switzerland,1994,5.9,1454,20.25,20.25,8.6448,15.9929,3.1121,23.583,24.356,408.2,Our World in Data / WHO,2026-09-30 02:09:07
1064,CHE,Switzerland,1995,5.9,1454,20.25,20.25,8.7462,16.1805,3.1486,23.599,24.374,408.2,Our World in Data / WHO,2026-09-30 02:09:07
1065,CHE,Switzerland,1996,5.9,1454,20.25,20.25,8.8703,16.4101,3.1933,23.619,24.397,408.2,Our World in Data / WHO,2026-09-30 02:09:07
1066,CHE,Switzerland,1997,5.9,1454,20.25,20.25,9.0157,16.679,3.2457,23.643,24.423,408.2,Our World in Data / WHO,2026-09-30 02:09:07
1067,CHE,Switzerland,1998,5.9,1454,20.25,20.25,9.1754,16.9745,3.3031,23.668,24.452,408.2,Our World in Data / WHO,2026-09-30 02:09:07
1068,CHE,Switzerland,1999,5.9,1454,20.25,20.25,9.3479,17.2936,3.3652,23.696,24.483,408.2,Our World in Data / WHO,2026-09-30 02:09:07
1069,CHE,Switzerland,2000,5.9,1454,20.25,20.25,9.5312,17.6327,3.4312,23.725,24.516,408.2,Our World in Data / WHO,2026-09-30 02:09:07
1070,CHE,Switzerland,2001,5.9,1494,20.68,20.68,9.7162,17.975,3.4978,23.755,24.549,408.2,Our World in Data / WHO,2026-09-30 02:09:07
1071,CHE,Switzerland,2002,5.9,1486,20.42,20.42,9.9085,18.3307,3.5671,23.785,24.584,408.2,Our World in Data / WHO,2026-09-30 02:09:07
1072,CHE,Switzerland,2003,5.9,1705,23.26,23.26,10.1137,18.7103,3.6409,23.818,24.62,408.2,Our World in Data / WHO,2026-09-30 02:09:07
1073,CHE,Switzerland,2004,5.9,1435,19.45,19.45,10.3245,19.1003,3.7168,23.852,24.658,408.2,Our World in Data / WHO,2026-09-30 02:09:07
1074,CHE,Switzerland,2005,5.9,1293,17.4,17.4,10.5332,19.4864,3.792,23.885,24.696,408.2,Our World in Data / WHO,2026-09-30 02:09:07
1075,CHE,Switzerland,2006,5.9,1226,16.4,16.4,10.7319,19.854,3.8635,23.917,24.732,408.2,Our World in Data / WHO,2026-09-30 02:09:07
1076,CHE,Switzerland,2007,5.9,1253,16.62,16.62,10.9061,20.1763,3.9262,23.945,24.763,408.2,Our World in Data / WHO,2026-09-30 02:09:07
1077,CHE,Switzerland,2008,5.9,1328,17.38,17.38,11.0493,20.4412,3.9777,23.968,24.789,408.2,Our World in Data / WHO,2026-09-30 02:09:07
1078,CHE,Switzerland,2009,5.9,1209,15.64,15.64,11.1706,20.6656,4.0214,23.987,24.811,408.2,Our World in Data / WHO,2026-09-30 02:09:07
1079,CHE,Switzerland,2010,5.9,1037,13.26,13.26,11.2649,20.8401,4.0554,24.002,24.828,408.2,Our World in Data / WHO,2026-09-30 02:09:07
1080,CHE,Switzerland,2011,5.9,1005,12.71,12.71,11.3418,20.9823,4.083,24.015,24.842,408.2,Our World in Data / WHO,2026-09-30 02:09:07
1081,CHE,Switzerland,2012,5.9,1024,12.81,12.81,11.417,21.1214,4.1101,24.027,24.855,408.2,Our World in Data / WHO,2026-09-30 02:09:07
1082,CHE,Switzerland,2013,5.9,1082,13.38,13.38,11.49,21.2565,4.1364,24.038,24.868,408.2,Our World in Data / WHO,2026-09-30 02:09:07
1083,CHE,Switzerland,2014,5.9,990,12.09,12.09,11.567,21.399,4.1641,24.051,24.882,408.2,Our World in Data / WHO,2026-09-30 02:09:07
1084,CHE,Switzerland,2015,5.9,1074,12.97,12.97,11.6526,21.5573,4.1949,24.064,24.897,408.2,Our World in Data / WHO,2026-09-30 02:09:07
1085,CHE,Switzerland,2016,5.9,1033,12.34,12.34,11.7481,21.734,4.2293,24.08,24.915,408.2,Our World in Data / WHO,2026-09-30 02:09:07
1086,CHE,Switzerland,2017,5.9,1008,11.93,11.93,11.8531,21.9282,4.2671,24.096,24.934,408.2,Our World in Data / WHO,2026-09-30 02:09:07
1087,CHE,Switzerland,2018,5.9,926,10.87,10.87,11.9647,22.1347,4.3073,24.114,24.954,408.2,Our World in Data / WHO,2026-09-30 02:09:07
1088,CHE,Switzerland,2019,5.9,949,11.07,11.07,12.0824,22.3524,4.3497,24.133,24.975,408.2,Our World in Data / WHO,2026-09-30 02:09:07
1089,CHE,Switzerland,2020,5.9,818,9.47,9.47,12.2109,22.5902,4.3959,24.154,24.998,408.2,Our World in Data / WHO,2026-09-30 02:09:07
1090,CHE,Switzerland,2021,5.9,890,10.24,10.24,12.346,22.8401,4.4446,24.175,25.022,408.2,Our World in Data / WHO,2026-09-30 02:09:07
1091,CHE,Switzerland,2022,5.9,890,10.24,10.24,12.5028,23.1302,4.501,24.2,25.051,408.2,Our World in Data / WHO,2026-09-30 02:09:07
1092,CHL,Chile,1990,9.5,2022,13.17,13.17,12.4519,23.036,4.4827,24.192,25.041,581.0,Our World in Data / WHO,2026-09-30 02:09:07
1093,CHL,Chile,1991,9.5,2022,13.17,13.17,13.1456,24.3194,4.7324,24.303,25.166,581.0,Our World in Data / WHO,2026-09-30 02:09:07
1094,CHL,Chile,1992,9.5,2022,13.17,13.17,13.8676,25.6551,4.9923,24.419,25.296,581.0,Our World in Data / WHO,2026-09-30 02:09:07
1095,CHL,Chile,1993,9.5,2022,13.17,13.17,14.6166,27.0407,5.262,24.539,25.431,581.0,Our World in Data / WHO,2026-09-30 02:09:07
1096,CHL,Chile,1994,9.5,2022,13.17,13.17,15.3905,28.4724,5.5406,24.662,25.57,581.0,Our World in Data / WHO,2026-09-30 02:09:07
1097,CHL,Chile,1995,9.5,2022,13.17,13.17,16.1865,29.945,5.8271,24.79,25.714,581.0,Our World in Data / WHO,2026-09-30 02:09:07
1098,CHL,Chile,1996,9.5,2022,13.17,13.17,17.0016,31.453,6.1206,24.92,25.86,581.0,Our World in Data / WHO,2026-09-30 02:09:07
1099,CHL,Chile,1997,9.5,2022,13.17,13.17,17.8346,32.994,6.4205,25.054,26.01,581.0,Our World in Data / WHO,2026-09-30 02:09:07
1100,CHL,Chile,1998,9.5,2022,13.17,13.17,18.6771,34.5526,6.7238,25.188,26.162,581.0,Our World in Data / WHO,2026-09-30 02:09:07
1101,CHL,Chile,1999,9.5,2022,13.17,13.17,19.5228,36.1172,7.0282,25.324,26.314,581.0,Our World in Data / WHO,2026-09-30 02:09:07
1102,CHL,Chile,2000,9.5,2022,13.17,13.17,20.3623,37.6703,7.3304,25.458,26.465,581.0,Our World in Data / WHO,2026-09-30 02:09:07
1103,CHL,Chile,2001,9.5,2382,15.34,15.34,21.1851,39.1924,7.6266,25.59,26.613,581.0,Our World in Data / WHO,2026-09-30 02:09:07
1104,CHL,Chile,2002,9.5,2421,15.42,15.42,21.9898,40.6811,7.9163,25.718,26.758,581.0,Our World in Data / WHO,2026-09-30 02:09:07
1105,CHL,Chile,2003,9.5,2646,16.69,16.69,22.7782,42.1397,8.2002,25.845,26.9,581.0,Our World in Data / WHO,2026-09-30 02:09:07
1106,CHL,Chile,2004,9.5,2740,17.1,17.1,23.5525,43.5721,8.4789,25.968,27.039,581.0,Our World in Data / WHO,2026-09-30 02:09:07
1107,CHL,Chile,2005,9.5,2686,16.6,16.6,24.3173,44.987,8.7542,26.091,27.177,581.0,Our World in Data / WHO,2026-09-30 02:09:07
1108,CHL,Chile,2006,9.5,2618,16.02,16.02,25.0737,46.3863,9.0265,26.212,27.313,581.0,Our World in Data / WHO,2026-09-30 02:09:07
1109,CHL,Chile,2007,9.5,2765,16.76,16.76,25.8298,47.7851,9.2987,26.333,27.449,581.0,Our World in Data / WHO,2026-09-30 02:09:07
1110,CHL,Chile,2008,9.5,2463,14.78,14.78,26.5947,49.2002,9.5741,26.455,27.587,581.0,Our World in Data / WHO,2026-09-30 02:09:07
1111,CHL,Chile,2009,9.5,2540,15.09,15.09,27.3771,50.6476,9.8558,26.58,27.728,581.0,Our World in Data / WHO,2026-09-30 02:09:07
1112,CHL,Chile,2010,9.5,2863,16.84,16.84,28.1897,52.1509,10.1483,26.71,27.874,581.0,Our World in Data / WHO,2026-09-30 02:09:07
1113,CHL,Chile,2011,9.5,2719,15.83,15.83,29.036,53.7166,10.453,26.846,28.026,581.0,Our World in Data / WHO,2026-09-30 02:09:07
1114,CHL,Chile,2012,9.5,2912,16.79,16.79,29.9106,55.3346,10.7678,26.986,28.184,581.0,Our World in Data / WHO,2026-09-30 02:09:07
1115,CHL,Chile,2013,9.5,2888,16.49,16.49,30.804,56.9874,11.0894,27.129,28.345,581.0,Our World in Data / WHO,2026-09-30 02:09:07
1116,CHL,Chile,2014,9.5,3256,18.41,18.41,31.7145,58.6718,11.4172,27.274,28.509,581.0,Our World in Data / WHO,2026-09-30 02:09:07
1117,CHL,Chile,2015,9.5,3697,20.69,20.69,32.6457,60.3945,11.7525,27.423,28.676,581.0,Our World in Data / WHO,2026-09-30 02:09:07
1118,CHL,Chile,2016,9.5,3774,20.87,20.87,33.5817,62.1261,12.0894,27.573,28.845,581.0,Our World in Data / WHO,2026-09-30 02:09:07
1119,CHL,Chile,2017,9.5,3698,20.13,20.13,34.4971,63.8196,12.419,27.72,29.009,581.0,Our World in Data / WHO,2026-09-30 02:09:07
1120,CHL,Chile,2018,9.5,2388,12.77,12.77,35.4013,65.4924,12.7445,27.864,29.172,581.0,Our World in Data / WHO,2026-09-30 02:09:07
1121,CHL,Chile,2019,9.5,2322,12.2,12.2,36.3128,67.1787,13.0726,28.01,29.336,581.0,Our World in Data / WHO,2026-09-30 02:09:07
1122,CHL,Chile,2020,9.5,2723,14.11,14.11,37.2639,68.9382,13.415,28.162,29.508,581.0,Our World in Data / WHO,2026-09-30 02:09:07
1123,CHL,Chile,2021,9.5,3116,15.98,15.98,38.2379,70.7401,13.7656,28.318,29.683,581.0,Our World in Data / WHO,2026-09-30 02:09:07
1124,CHL,Chile,2022,9.5,3116,15.98,15.98,39.2019,72.5235,14.1127,28.472,29.856,581.0,Our World in Data / WHO,2026-09-30 02:09:07
1125,CHN,China,1990,8.8,104347,8.25,8.25,1.1411,6.0,0.4108,22.383,23.005,547.4,Our World in Data / WHO,2026-09-30 02:09:07
1126,CHN,China,1991,8.8,104347,8.25,8.25,1.2125,6.0,0.4365,22.394,23.018,547.4,Our World in Data / WHO,2026-09-30 02:09:07
1127,CHN,China,1992,8.8,104347,8.25,8.25,1.2922,6.0,0.4652,22.407,23.033,547.4,Our World in Data / WHO,2026-09-30 02:09:07
1128,CHN,China,1993,8.8,104347,8.25,8.25,1.3823,6.0,0.4976,22.421,23.049,547.4,Our World in Data / WHO,2026-09-30 02:09:07
1129,CHN,China,1994,8.8,104347,8.25,8.25,1.4787,6.0,0.5323,22.437,23.066,547.4,Our World in Data / WHO,2026-09-30 02:09:07
1130,CHN,China,1995,8.8,104347,8.25,8.25,1.5799,6.0,0.5688,22.453,23.084,547.4,Our World in Data / WHO,2026-09-30 02:09:07
1131,CHN,China,1996,8.8,104347,8.25,8.25,1.6863,6.0,0.6071,22.47,23.104,547.4,Our World in Data / WHO,2026-09-30 02:09:07
1132,CHN,China,1997,8.8,104347,8.25,8.25,1.7985,6.0,0.6475,22.488,23.124,547.4,Our World in Data / WHO,2026-09-30 02:09:07
1133,CHN,China,1998,8.8,104347,8.25,8.25,1.9188,6.0,0.6908,22.507,23.145,547.4,Our World in Data / WHO,2026-09-30 02:09:07
1134,CHN,China,1999,8.8,104347,8.25,8.25,2.0442,6.0,0.7359,22.527,23.168,547.4,Our World in Data / WHO,2026-09-30 02:09:07
1135,CHN,China,2000,8.8,104347,8.25,8.25,2.1724,6.0,0.7821,22.548,23.191,547.4,Our World in Data / WHO,2026-09-30 02:09:07
1136,CHN,China,2001,8.8,109811,8.63,8.63,2.3066,6.0,0.8304,22.569,23.215,547.4,Our World in Data / WHO,2026-09-30 02:09:07
1137,CHN,China,2002,8.8,115141,8.99,8.99,2.4497,6.0,0.8819,22.592,23.241,547.4,Our World in Data / WHO,2026-09-30 02:09:07
1138,CHN,China,2003,8.8,122209,9.48,9.48,2.6015,6.0,0.9365,22.616,23.268,547.4,Our World in Data / WHO,2026-09-30 02:09:07
1139,CHN,China,2004,8.8,128968,9.94,9.94,2.7612,6.0,0.994,22.642,23.297,547.4,Our World in Data / WHO,2026-09-30 02:09:07
1140,CHN,China,2005,8.8,131138,10.05,10.05,2.9315,6.0,1.0553,22.669,23.328,547.4,Our World in Data / WHO,2026-09-30 02:09:07
1141,CHN,China,2006,8.8,127036,9.67,9.67,3.1167,6.0,1.122,22.699,23.361,547.4,Our World in Data / WHO,2026-09-30 02:09:07
1142,CHN,China,2007,8.8,126493,9.57,9.57,3.319,6.1402,1.1948,22.731,23.397,547.4,Our World in Data / WHO,2026-09-30 02:09:07
1143,CHN,China,2008,8.8,129431,9.73,9.73,3.5363,6.5422,1.2731,22.766,23.437,547.4,Our World in Data / WHO,2026-09-30 02:09:07
1144,CHN,China,2009,8.8,132941,9.93,9.93,3.771,6.9764,1.3576,22.803,23.479,547.4,Our World in Data / WHO,2026-09-30 02:09:07
1145,CHN,China,2010,8.8,136552,10.13,10.13,4.0213,7.4394,1.4477,22.843,23.524,547.4,Our World in Data / WHO,2026-09-30 02:09:07
1146,CHN,China,2011,8.8,138245,10.19,10.19,4.2832,7.9239,1.542,22.885,23.571,547.4,Our World in Data / WHO,2026-09-30 02:09:07
1147,CHN,China,2012,8.8,139273,10.19,10.19,4.5584,8.433,1.641,22.929,23.621,547.4,Our World in Data / WHO,2026-09-30 02:09:07
1148,CHN,China,2013,8.8,142429,10.35,10.35,4.8509,8.9742,1.7463,22.976,23.673,547.4,Our World in Data / WHO,2026-09-30 02:09:07
1149,CHN,China,2014,8.8,146117,10.55,10.55,5.1606,9.5471,1.8578,23.026,23.729,547.4,Our World in Data / WHO,2026-09-30 02:09:07
1150,CHN,China,2015,8.8,149554,10.73,10.73,5.4927,10.1615,1.9774,23.079,23.789,547.4,Our World in Data / WHO,2026-09-30 02:09:07
1151,CHN,China,2016,8.8,154063,10.99,10.99,5.8403,10.8046,2.1025,23.134,23.851,547.4,Our World in Data / WHO,2026-09-30 02:09:07
1152,CHN,China,2017,8.8,157770,11.19,11.19,6.1956,11.4619,2.2304,23.191,23.915,547.4,Our World in Data / WHO,2026-09-30 02:09:07
1153,CHN,China,2018,8.8,161431,11.39,11.39,6.5581,12.1325,2.3609,23.249,23.98,547.4,Our World in Data / WHO,2026-09-30 02:09:07
1154,CHN,China,2019,8.8,164945,11.6,11.6,6.9326,12.8253,2.4957,23.309,24.048,547.4,Our World in Data / WHO,2026-09-30 02:09:07
1155,CHN,China,2020,8.8,167921,11.78,11.78,7.3278,13.5564,2.638,23.372,24.119,547.4,Our World in Data / WHO,2026-09-30 02:09:07
1156,CHN,China,2021,8.8,172867,12.12,12.12,7.7394,14.3179,2.7862,23.438,24.193,547.4,Our World in Data / WHO,2026-09-30 02:09:07
1157,CHN,China,2022,8.8,172867,12.12,12.12,8.165,15.1052,2.9394,23.506,24.27,547.4,Our World in Data / WHO,2026-09-30 02:09:07
1158,CIV,Cote d'Ivoire,1990,4.9,1726,10.27,10.27,2.2983,6.0,0.8274,22.568,23.214,360.2,Our World in Data / WHO,2026-09-30 02:09:07
1159,CIV,Cote d'Ivoire,1991,4.9,1726,10.27,10.27,2.4051,6.0,0.8658,22.585,23.233,360.2,Our World in Data / WHO,2026-09-30 02:09:07
1160,CIV,Cote d'Ivoire,1992,4.9,1726,10.27,10.27,2.5195,6.0,0.907,22.603,23.254,360.2,Our World in Data / WHO,2026-09-30 02:09:07
1161,CIV,Cote d'Ivoire,1993,4.9,1726,10.27,10.27,2.643,6.0,0.9515,22.623,23.276,360.2,Our World in Data / WHO,2026-09-30 02:09:07
1162,CIV,Cote d'Ivoire,1994,4.9,1726,10.27,10.27,2.7782,6.0,1.0002,22.645,23.3,360.2,Our World in Data / WHO,2026-09-30 02:09:07
1163,CIV,Cote d'Ivoire,1995,4.9,1726,10.27,10.27,2.9284,6.0,1.0542,22.669,23.327,360.2,Our World in Data / WHO,2026-09-30 02:09:07
1164,CIV,Cote d'Ivoire,1996,4.9,1726,10.27,10.27,3.097,6.0,1.1149,22.696,23.357,360.2,Our World in Data / WHO,2026-09-30 02:09:07
1165,CIV,Cote d'Ivoire,1997,4.9,1726,10.27,10.27,3.2858,6.0787,1.1829,22.726,23.391,360.2,Our World in Data / WHO,2026-09-30 02:09:07
1166,CIV,Cote d'Ivoire,1998,4.9,1726,10.27,10.27,3.4954,6.4665,1.2583,22.759,23.429,360.2,Our World in Data / WHO,2026-09-30 02:09:07
1167,CIV,Cote d'Ivoire,1999,4.9,1726,10.27,10.27,3.7332,6.9064,1.344,22.797,23.472,360.2,Our World in Data / WHO,2026-09-30 02:09:07
1168,CIV,Cote d'Ivoire,2000,4.9,1726,10.27,10.27,3.9968,7.3941,1.4388,22.839,23.519,360.2,Our World in Data / WHO,2026-09-30 02:09:07
1169,CIV,Cote d'Ivoire,2001,4.9,1769,10.26,10.26,4.2757,7.91,1.5393,22.884,23.57,360.2,Our World in Data / WHO,2026-09-30 02:09:07
1170,CIV,Cote d'Ivoire,2002,4.9,1804,10.2,10.2,4.566,8.4471,1.6438,22.931,23.622,360.2,Our World in Data / WHO,2026-09-30 02:09:07
1171,CIV,Cote d'Ivoire,2003,4.9,1879,10.37,10.37,4.8626,8.9958,1.7505,22.978,23.675,360.2,Our World in Data / WHO,2026-09-30 02:09:07
1172,CIV,Cote d'Ivoire,2004,4.9,1858,10.02,10.02,5.1606,9.5471,1.8578,23.026,23.729,360.2,Our World in Data / WHO,2026-09-30 02:09:07
1173,CIV,Cote d'Ivoire,2005,4.9,1942,10.24,10.24,5.4564,10.0943,1.9643,23.073,23.782,360.2,Our World in Data / WHO,2026-09-30 02:09:07
1174,CIV,Cote d'Ivoire,2006,4.9,2049,10.56,10.56,5.7463,10.6307,2.0687,23.119,23.834,360.2,Our World in Data / WHO,2026-09-30 02:09:07
1175,CIV,Cote d'Ivoire,2007,4.9,2207,11.13,11.13,6.0258,11.1477,2.1693,23.164,23.885,360.2,Our World in Data / WHO,2026-09-30 02:09:07
1176,CIV,Cote d'Ivoire,2008,4.9,2383,11.77,11.77,6.2778,11.6139,2.26,23.204,23.93,360.2,Our World in Data / WHO,2026-09-30 02:09:07
1177,CIV,Cote d'Ivoire,2009,4.9,2643,12.78,12.78,6.5058,12.0357,2.3421,23.241,23.971,360.2,Our World in Data / WHO,2026-09-30 02:09:07
1178,CIV,Cote d'Ivoire,2010,4.9,2997,14.19,14.19,6.7321,12.4544,2.4236,23.277,24.012,360.2,Our World in Data / WHO,2026-09-30 02:09:07
1179,CIV,Cote d'Ivoire,2011,4.9,3144,14.58,14.58,6.9647,12.8847,2.5073,23.314,24.054,360.2,Our World in Data / WHO,2026-09-30 02:09:07
1180,CIV,Cote d'Ivoire,2012,4.9,3183,14.46,14.46,7.2147,13.3472,2.5973,23.354,24.099,360.2,Our World in Data / WHO,2026-09-30 02:09:07
1181,CIV,Cote d'Ivoire,2013,4.9,3180,14.15,14.15,7.4941,13.8641,2.6979,23.399,24.149,360.2,Our World in Data / WHO,2026-09-30 02:09:07
1182,CIV,Cote d'Ivoire,2014,4.9,3159,13.74,13.74,7.8074,14.4437,2.8107,23.449,24.205,360.2,Our World in Data / WHO,2026-09-30 02:09:07
1183,CIV,Cote d'Ivoire,2015,4.9,3143,13.32,13.32,8.1508,15.079,2.9343,23.504,24.267,360.2,Our World in Data / WHO,2026-09-30 02:09:07
1184,CIV,Cote d'Ivoire,2016,4.9,3196,13.2,13.2,8.5152,15.7531,3.0655,23.562,24.333,360.2,Our World in Data / WHO,2026-09-30 02:09:07
1185,CIV,Cote d'Ivoire,2017,4.9,3287,13.23,13.23,8.8948,16.4554,3.2021,23.623,24.401,360.2,Our World in Data / WHO,2026-09-30 02:09:07
1186,CIV,Cote d'Ivoire,2018,4.9,3394,13.31,13.31,9.2932,17.1924,3.3456,23.687,24.473,360.2,Our World in Data / WHO,2026-09-30 02:09:07
1187,CIV,Cote d'Ivoire,2019,4.9,3530,13.5,13.5,9.7133,17.9696,3.4968,23.754,24.548,360.2,Our World in Data / WHO,2026-09-30 02:09:07
1188,CIV,Cote d'Ivoire,2020,4.9,3787,14.13,14.13,10.1519,18.781,3.6547,23.824,24.627,360.2,Our World in Data / WHO,2026-09-30 02:09:07
1189,CIV,Cote d'Ivoire,2021,4.9,3740,13.61,13.61,10.5994,19.6089,3.8158,23.896,24.708,360.2,Our World in Data / WHO,2026-09-30 02:09:07
1190,CIV,Cote d'Ivoire,2022,4.9,3740,13.61,13.61,11.0585,20.4582,3.9811,23.969,24.791,360.2,Our World in Data / WHO,2026-09-30 02:09:07
1191,CMR,Cameroon,1990,6.9293,2631,17.44,17.44,2.9039,6.0,1.0454,22.665,23.323,457.61,Our World in Data / WHO,2026-09-30 02:09:07
1192,CMR,Cameroon,1991,6.9729,2631,17.44,17.44,3.1024,6.0,1.1169,22.696,23.358,459.7,Our World in Data / WHO,2026-09-30 02:09:07
1193,CMR,Cameroon,1992,7.0201,2631,17.44,17.44,3.3167,6.1359,1.194,22.731,23.397,461.96,Our World in Data / WHO,2026-09-30 02:09:07
1194,CMR,Cameroon,1993,7.071,2631,17.44,17.44,3.5481,6.564,1.2773,22.768,23.439,464.41,Our World in Data / WHO,2026-09-30 02:09:07
1195,CMR,Cameroon,1994,7.126,2631,17.44,17.44,3.798,7.0263,1.3673,22.808,23.484,467.05,Our World in Data / WHO,2026-09-30 02:09:07
1196,CMR,Cameroon,1995,7.1856,2631,17.44,17.44,4.069,7.5276,1.4648,22.851,23.532,469.91,Our World in Data / WHO,2026-09-30 02:09:07
1197,CMR,Cameroon,1996,7.2505,2631,17.44,17.44,4.3641,8.0736,1.5711,22.898,23.586,473.02,Our World in Data / WHO,2026-09-30 02:09:07
1198,CMR,Cameroon,1997,7.3212,2631,17.44,17.44,4.6854,8.668,1.6867,22.95,23.643,476.42,Our World in Data / WHO,2026-09-30 02:09:07
1199,CMR,Cameroon,1998,7.3976,2631,17.44,17.44,5.0329,9.3109,1.8118,23.005,23.706,480.08,Our World in Data / WHO,2026-09-30 02:09:07
1200,CMR,Cameroon,1999,7.4794,2631,17.44,17.44,5.4044,9.9981,1.9456,23.065,23.773,484.01,Our World in Data / WHO,2026-09-30 02:09:07
1201,CMR,Cameroon,2000,7.5653,2631,17.44,17.44,5.7948,10.7204,2.0861,23.127,23.843,488.13,Our World in Data / WHO,2026-09-30 02:09:07
1202,CMR,Cameroon,2001,0.5545,2850,18.39,18.39,6.2024,11.4744,2.2329,23.192,23.916,151.62,Our World in Data / WHO,2026-09-30 02:09:07
1203,CMR,Cameroon,2002,1.1091,2935,18.44,18.44,6.6232,12.2529,2.3844,23.26,23.992,178.24,Our World in Data / WHO,2026-09-30 02:09:07
1204,CMR,Cameroon,2003,1.6636,3074,18.8,18.8,7.048,13.0388,2.5373,23.328,24.069,204.85,Our World in Data / WHO,2026-09-30 02:09:07
1205,CMR,Cameroon,2004,2.2182,3116,18.54,18.54,7.4672,13.8143,2.6882,23.395,24.144,231.47,Our World in Data / WHO,2026-09-30 02:09:07
1206,CMR,Cameroon,2005,2.7727,3235,18.72,18.72,7.8749,14.5686,2.835,23.46,24.217,258.09,Our World in Data / WHO,2026-09-30 02:09:07
1207,CMR,Cameroon,2006,3.3273,3327,18.74,18.74,8.2681,15.296,2.9765,23.523,24.288,284.71,Our World in Data / WHO,2026-09-30 02:09:07
1208,CMR,Cameroon,2007,3.8818,3421,18.74,18.74,8.6418,15.9873,3.111,23.583,24.356,311.33,Our World in Data / WHO,2026-09-30 02:09:07
1209,CMR,Cameroon,2008,4.4364,3531,18.8,18.8,8.9887,16.6291,3.2359,23.638,24.418,337.95,Our World in Data / WHO,2026-09-30 02:09:07
1210,CMR,Cameroon,2009,4.9909,3620,18.74,18.74,9.3061,17.2163,3.3502,23.689,24.475,364.56,Our World in Data / WHO,2026-09-30 02:09:07
1211,CMR,Cameroon,2010,5.5455,3735,18.79,18.79,9.5994,17.7589,3.4558,23.736,24.528,391.18,Our World in Data / WHO,2026-09-30 02:09:07
1212,CMR,Cameroon,2011,6.1,3840,18.78,18.78,9.8779,18.2741,3.556,23.78,24.578,417.8,Our World in Data / WHO,2026-09-30 02:09:07
1213,CMR,Cameroon,2012,6.1,4018,19.1,19.1,10.1528,18.7827,3.655,23.824,24.628,417.8,Our World in Data / WHO,2026-09-30 02:09:07
1214,CMR,Cameroon,2013,6.1,4200,19.41,19.41,10.4339,19.3027,3.7562,23.869,24.678,417.8,Our World in Data / WHO,2026-09-30 02:09:07
1215,CMR,Cameroon,2014,6.1,4398,19.72,19.72,10.7266,19.8442,3.8616,23.916,24.731,417.8,Our World in Data / WHO,2026-09-30 02:09:07
1216,CMR,Cameroon,2015,6.1,4457,19.37,19.37,11.0388,20.4218,3.974,23.966,24.787,417.8,Our World in Data / WHO,2026-09-30 02:09:07
1217,CMR,Cameroon,2016,6.1,4541,19.15,19.15,11.3769,21.0473,4.0957,24.02,24.848,417.8,Our World in Data / WHO,2026-09-30 02:09:07
1218,CMR,Cameroon,2017,6.1,4616,18.92,18.92,11.7359,21.7114,4.2249,24.078,24.912,417.8,Our World in Data / WHO,2026-09-30 02:09:07
1219,CMR,Cameroon,2018,6.1,4698,18.73,18.73,12.1119,22.407,4.3603,24.138,24.98,417.8,Our World in Data / WHO,2026-09-30 02:09:07
1220,CMR,Cameroon,2019,6.1,4852,18.82,18.82,12.5031,23.1307,4.5011,24.2,25.051,417.8,Our World in Data / WHO,2026-09-30 02:09:07
1221,CMR,Cameroon,2020,6.1,5176,19.54,19.54,12.908,23.8798,4.6469,24.265,25.123,417.8,Our World in Data / WHO,2026-09-30 02:09:07
1222,CMR,Cameroon,2021,6.1,5175,19.03,19.03,13.3174,24.6372,4.7943,24.331,25.197,417.8,Our World in Data / WHO,2026-09-30 02:09:07
1223,CMR,Cameroon,2022,6.1,5175,19.03,19.03,13.733,25.406,4.9439,24.397,25.272,417.8,Our World in Data / WHO,2026-09-30 02:09:07
1224,COD,Democratic Republic of Congo,1990,3.1,8913,18.33,18.33,1.0678,6.0,0.3844,22.371,22.992,273.8,Our World in Data / WHO,2026-09-30 02:09:07
1225,COD,Democratic Republic of Congo,1991,3.1,8913,18.33,18.33,1.134,6.0,0.4082,22.381,23.004,273.8,Our World in Data / WHO,2026-09-30 02:09:07
1226,COD,Democratic Republic of Congo,1992,3.1,8913,18.33,18.33,1.2048,6.0,0.4337,22.393,23.017,273.8,Our World in Data / WHO,2026-09-30 02:09:07
1227,COD,Democratic Republic of Congo,1993,3.1,8913,18.33,18.33,1.2799,6.0,0.4608,22.405,23.03,273.8,Our World in Data / WHO,2026-09-30 02:09:07
1228,COD,Democratic Republic of Congo,1994,3.1,8913,18.33,18.33,1.3553,6.0,0.4879,22.417,23.044,273.8,Our World in Data / WHO,2026-09-30 02:09:07
1229,COD,Democratic Republic of Congo,1995,3.1,8913,18.33,18.33,1.4409,6.0,0.5187,22.431,23.059,273.8,Our World in Data / WHO,2026-09-30 02:09:07
1230,COD,Democratic Republic of Congo,1996,3.1,8913,18.33,18.33,1.546,6.0,0.5566,22.447,23.078,273.8,Our World in Data / WHO,2026-09-30 02:09:07
1231,COD,Democratic Republic of Congo,1997,3.1,8913,18.33,18.33,1.6606,6.0,0.5978,22.466,23.099,273.8,Our World in Data / WHO,2026-09-30 02:09:07
1232,COD,Democratic Republic of Congo,1998,3.1,8913,18.33,18.33,1.7752,6.0,0.6391,22.484,23.12,273.8,Our World in Data / WHO,2026-09-30 02:09:07
1233,COD,Democratic Republic of Congo,1999,3.1,8913,18.33,18.33,1.8926,6.0,0.6813,22.503,23.141,273.8,Our World in Data / WHO,2026-09-30 02:09:07
1234,COD,Democratic Republic of Congo,2000,3.1,8913,18.33,18.33,2.0177,6.0,0.7264,22.523,23.163,273.8,Our World in Data / WHO,2026-09-30 02:09:07
1235,COD,Democratic Republic of Congo,2001,3.1,9241,18.44,18.44,2.1483,6.0,0.7734,22.544,23.187,273.8,Our World in Data / WHO,2026-09-30 02:09:07
1236,COD,Democratic Republic of Congo,2002,3.1,9456,18.3,18.3,2.2843,6.0,0.8223,22.565,23.211,273.8,Our World in Data / WHO,2026-09-30 02:09:07
1237,COD,Democratic Republic of Congo,2003,3.1,9970,18.74,18.74,2.4243,6.0,0.8727,22.588,23.236,273.8,Our World in Data / WHO,2026-09-30 02:09:07
1238,COD,Democratic Republic of Congo,2004,3.1,10308,18.8,18.8,2.5658,6.0,0.9237,22.611,23.262,273.8,Our World in Data / WHO,2026-09-30 02:09:07
1239,COD,Democratic Republic of Congo,2005,3.1,10509,18.58,18.58,2.7068,6.0,0.9744,22.633,23.287,273.8,Our World in Data / WHO,2026-09-30 02:09:07
1240,COD,Democratic Republic of Congo,2006,3.1,10714,18.35,18.35,2.8475,6.0,1.0251,22.656,23.313,273.8,Our World in Data / WHO,2026-09-30 02:09:07
1241,COD,Democratic Republic of Congo,2007,3.1,11183,18.55,18.55,2.9874,6.0,1.0755,22.678,23.338,273.8,Our World in Data / WHO,2026-09-30 02:09:07
1242,COD,Democratic Republic of Congo,2008,3.1,11609,18.65,18.65,3.1255,6.0,1.1252,22.7,23.363,273.8,Our World in Data / WHO,2026-09-30 02:09:07
1243,COD,Democratic Republic of Congo,2009,3.1,11808,18.37,18.37,3.2593,6.0297,1.1733,22.721,23.387,273.8,Our World in Data / WHO,2026-09-30 02:09:07
1244,COD,Democratic Republic of Congo,2010,3.1,12211,18.39,18.39,3.3895,6.2706,1.2202,22.742,23.41,273.8,Our World in Data / WHO,2026-09-30 02:09:07
1245,COD,Democratic Republic of Congo,2011,3.1,12566,18.3,18.3,3.5182,6.5087,1.2666,22.763,23.433,273.8,Our World in Data / WHO,2026-09-30 02:09:07
1246,COD,Democratic Republic of Congo,2012,3.1,12903,18.17,18.17,3.6476,6.7481,1.3131,22.784,23.457,273.8,Our World in Data / WHO,2026-09-30 02:09:07
1247,COD,Democratic Republic of Congo,2013,3.1,13365,18.19,18.19,3.7784,6.99,1.3602,22.805,23.48,273.8,Our World in Data / WHO,2026-09-30 02:09:07
1248,COD,Democratic Republic of Congo,2014,3.1,13869,18.24,18.24,3.9156,7.2439,1.4096,22.826,23.505,273.8,Our World in Data / WHO,2026-09-30 02:09:07
1249,COD,Democratic Republic of Congo,2015,3.1,14347,18.24,18.24,4.0674,7.5247,1.4643,22.851,23.532,273.8,Our World in Data / WHO,2026-09-30 02:09:07
1250,COD,Democratic Republic of Congo,2016,3.1,14983,18.4,18.4,4.2301,7.8257,1.5228,22.877,23.561,273.8,Our World in Data / WHO,2026-09-30 02:09:07
1251,COD,Democratic Republic of Congo,2017,3.1,15781,18.72,18.72,4.4,8.14,1.584,22.904,23.592,273.8,Our World in Data / WHO,2026-09-30 02:09:07
1252,COD,Democratic Republic of Congo,2018,3.1,16344,18.77,18.77,4.5789,8.471,1.6484,22.933,23.624,273.8,Our World in Data / WHO,2026-09-30 02:09:07
1253,COD,Democratic Republic of Congo,2019,3.1,16621,18.49,18.49,4.7676,8.8201,1.7163,22.963,23.658,273.8,Our World in Data / WHO,2026-09-30 02:09:07
1254,COD,Democratic Republic of Congo,2020,3.1,18056,19.45,19.45,4.9662,9.1875,1.7878,22.995,23.694,273.8,Our World in Data / WHO,2026-09-30 02:09:07
1255,COD,Democratic Republic of Congo,2021,3.1,18541,19.34,19.34,5.1739,9.5717,1.8626,23.028,23.731,273.8,Our World in Data / WHO,2026-09-30 02:09:07
1256,COD,Democratic Republic of Congo,2022,3.1,18541,19.34,19.34,5.3911,9.9735,1.9408,23.063,23.77,273.8,Our World in Data / WHO,2026-09-30 02:09:07
1257,COG,Congo,1990,5.5,928,29.61,29.61,2.2761,6.0,0.8194,22.564,23.21,389.0,Our World in Data / WHO,2026-09-30 02:09:07
1258,COG,Congo,1991,5.5,928,29.61,29.61,2.4209,6.0,0.8715,22.587,23.236,389.0,Our World in Data / WHO,2026-09-30 02:09:07
1259,COG,Congo,1992,5.5,928,29.61,29.61,2.5734,6.0,0.9264,22.612,23.263,389.0,Our World in Data / WHO,2026-09-30 02:09:07
1260,COG,Congo,1993,5.5,928,29.61,29.61,2.7317,6.0,0.9834,22.637,23.292,389.0,Our World in Data / WHO,2026-09-30 02:09:07
1261,COG,Congo,1994,5.5,928,29.61,29.61,2.8999,6.0,1.044,22.664,23.322,389.0,Our World in Data / WHO,2026-09-30 02:09:07
1262,COG,Congo,1995,5.5,928,29.61,29.61,3.0813,6.0,1.1093,22.693,23.355,389.0,Our World in Data / WHO,2026-09-30 02:09:07
1263,COG,Congo,1996,5.5,928,29.61,29.61,3.2757,6.06,1.1793,22.724,23.39,389.0,Our World in Data / WHO,2026-09-30 02:09:07
1264,COG,Congo,1997,5.5,928,29.61,29.61,3.4928,6.4617,1.2574,22.759,23.429,389.0,Our World in Data / WHO,2026-09-30 02:09:07
1265,COG,Congo,1998,5.5,928,29.61,29.61,3.7233,6.8881,1.3404,22.796,23.47,389.0,Our World in Data / WHO,2026-09-30 02:09:07
1266,COG,Congo,1999,5.5,928,29.61,29.61,3.9576,7.3216,1.4247,22.833,23.512,389.0,Our World in Data / WHO,2026-09-30 02:09:07
1267,COG,Congo,2000,5.5,928,29.61,29.61,4.1917,7.7546,1.509,22.871,23.555,389.0,Our World in Data / WHO,2026-09-30 02:09:07
1268,COG,Congo,2001,5.5,892,27.4,27.4,4.4388,8.2118,1.598,22.91,23.599,389.0,Our World in Data / WHO,2026-09-30 02:09:07
1269,COG,Congo,2002,5.5,854,25.63,25.63,4.7072,8.7083,1.6946,22.953,23.647,389.0,Our World in Data / WHO,2026-09-30 02:09:07
1270,COG,Congo,2003,5.5,816,23.82,23.82,4.9733,9.2006,1.7904,22.996,23.695,389.0,Our World in Data / WHO,2026-09-30 02:09:07
1271,COG,Congo,2004,5.5,858,24.22,24.22,5.2364,9.6873,1.8851,23.038,23.743,389.0,Our World in Data / WHO,2026-09-30 02:09:07
1272,COG,Congo,2005,5.5,864,23.53,23.53,5.5005,10.1759,1.9802,23.08,23.79,389.0,Our World in Data / WHO,2026-09-30 02:09:07
1273,COG,Congo,2006,5.5,832,21.82,21.82,5.7631,10.6617,2.0747,23.122,23.837,389.0,Our World in Data / WHO,2026-09-30 02:09:07
1274,COG,Congo,2007,5.5,859,21.71,21.71,6.0254,11.147,2.1691,23.164,23.885,389.0,Our World in Data / WHO,2026-09-30 02:09:07
1275,COG,Congo,2008,5.5,873,21.35,21.35,6.2909,11.6382,2.2647,23.207,23.932,389.0,Our World in Data / WHO,2026-09-30 02:09:07
1276,COG,Congo,2009,5.5,923,21.69,21.69,6.5461,12.1103,2.3566,23.247,23.978,389.0,Our World in Data / WHO,2026-09-30 02:09:07
1277,COG,Congo,2010,5.5,945,21.3,21.3,6.8018,12.5833,2.4486,23.288,24.024,389.0,Our World in Data / WHO,2026-09-30 02:09:07
1278,COG,Congo,2011,5.5,971,21.18,21.18,7.0752,13.0891,2.5471,23.332,24.074,389.0,Our World in Data / WHO,2026-09-30 02:09:07
1279,COG,Congo,2012,5.5,1006,21.34,21.34,7.3611,13.618,2.65,23.378,24.125,389.0,Our World in Data / WHO,2026-09-30 02:09:07
1280,COG,Congo,2013,5.5,1005,20.83,20.83,7.6619,14.1745,2.7583,23.426,24.179,389.0,Our World in Data / WHO,2026-09-30 02:09:07
1281,COG,Congo,2014,5.5,999,20.21,20.21,7.975,14.7538,2.871,23.476,24.236,389.0,Our World in Data / WHO,2026-09-30 02:09:07
1282,COG,Congo,2015,5.5,977,19.29,19.29,8.3009,15.3567,2.9883,23.528,24.294,389.0,Our World in Data / WHO,2026-09-30 02:09:07
1283,COG,Congo,2016,5.5,971,18.72,18.72,8.6383,15.9809,3.1098,23.582,24.355,389.0,Our World in Data / WHO,2026-09-30 02:09:07
1284,COG,Congo,2017,5.5,992,18.67,18.67,8.984,16.6204,3.2342,23.637,24.417,389.0,Our World in Data / WHO,2026-09-30 02:09:07
1285,COG,Congo,2018,5.5,1057,19.42,19.42,9.3343,17.2685,3.3603,23.693,24.48,389.0,Our World in Data / WHO,2026-09-30 02:09:07
1286,COG,Congo,2019,5.5,1128,20.25,20.25,9.6872,17.9213,3.4874,23.75,24.544,389.0,Our World in Data / WHO,2026-09-30 02:09:07
1287,COG,Congo,2020,5.5,1120,19.64,19.64,10.0414,18.5766,3.6149,23.807,24.607,389.0,Our World in Data / WHO,2026-09-30 02:09:07
1288,COG,Congo,2021,5.5,1126,19.3,19.3,10.4005,19.2409,3.7442,23.864,24.672,389.0,Our World in Data / WHO,2026-09-30 02:09:07
1289,COG,Congo,2022,5.5,1126,19.3,19.3,10.7668,19.9186,3.876,23.923,24.738,389.0,Our World in Data / WHO,2026-09-30 02:09:07
1290,COK,Cook Islands,1990,7.5,16,97.5,97.5,46.13,85.0,16.6068,29.581,31.103,485.0,Our World in Data / WHO,2026-09-30 02:09:07
1291,COK,Cook Islands,1991,7.5,16,97.5,97.5,47.052,85.0,16.9387,29.728,31.269,485.0,Our World in Data / WHO,2026-09-30 02:09:07
1292,COK,Cook Islands,1992,7.5,16,97.5,97.5,47.9303,85.0,17.2549,29.869,31.427,485.0,Our World in Data / WHO,2026-09-30 02:09:07
1293,COK,Cook Islands,1993,7.5,16,97.5,97.5,48.7915,85.0,17.5649,30.007,31.582,485.0,Our World in Data / WHO,2026-09-30 02:09:07
1294,COK,Cook Islands,1994,7.5,16,97.5,97.5,49.6829,85.0,17.8858,30.149,31.743,485.0,Our World in Data / WHO,2026-09-30 02:09:07
1295,COK,Cook Islands,1995,7.5,16,97.5,97.5,50.601,85.0,18.2164,30.296,31.908,485.0,Our World in Data / WHO,2026-09-30 02:09:07
1296,COK,Cook Islands,1996,7.5,16,97.5,97.5,51.5274,85.0,18.5499,30.444,32.075,485.0,Our World in Data / WHO,2026-09-30 02:09:07
1297,COK,Cook Islands,1997,7.5,16,97.5,97.5,52.4169,85.0,18.8701,30.587,32.235,485.0,Our World in Data / WHO,2026-09-30 02:09:07
1298,COK,Cook Islands,1998,7.5,16,97.5,97.5,53.2742,85.0,19.1787,30.724,32.389,485.0,Our World in Data / WHO,2026-09-30 02:09:07
1299,COK,Cook Islands,1999,7.5,16,97.5,97.5,54.13,85.0,19.4868,30.861,32.543,485.0,Our World in Data / WHO,2026-09-30 02:09:07
1300,COK,Cook Islands,2000,7.5,16,97.5,97.5,54.9724,85.0,19.7901,30.996,32.695,485.0,Our World in Data / WHO,2026-09-30 02:09:07
1301,COK,Cook Islands,2001,7.5,15,97.1,97.1,55.7869,85.0,20.0833,31.126,32.842,485.0,Our World in Data / WHO,2026-09-30 02:09:07
1302,COK,Cook Islands,2002,7.5,15,98.08,98.08,56.493,85.0,20.3375,31.239,32.969,485.0,Our World in Data / WHO,2026-09-30 02:09:07
1303,COK,Cook Islands,2003,7.5,15,100.95,100.95,57.1361,85.0,20.569,31.342,33.084,485.0,Our World in Data / WHO,2026-09-30 02:09:07
1304,COK,Cook Islands,2004,7.5,15,102.36,102.36,57.8127,85.0,20.8126,31.45,33.206,485.0,Our World in Data / WHO,2026-09-30 02:09:07
1305,COK,Cook Islands,2005,7.5,16,106.36,106.36,58.4879,85.0,21.0556,31.558,33.328,485.0,Our World in Data / WHO,2026-09-30 02:09:07
1306,COK,Cook Islands,2006,7.5,16,107.57,107.57,59.1823,85.0,21.3056,31.669,33.453,485.0,Our World in Data / WHO,2026-09-30 02:09:07
1307,COK,Cook Islands,2007,7.5,16,104.4,104.4,59.8712,85.0,21.5536,31.779,33.577,485.0,Our World in Data / WHO,2026-09-30 02:09:07
1308,COK,Cook Islands,2008,7.5,17,104.21,104.21,60.5709,85.0,21.8055,31.891,33.703,485.0,Our World in Data / WHO,2026-09-30 02:09:07
1309,COK,Cook Islands,2009,7.5,17,104.36,104.36,61.3279,85.0,22.078,32.012,33.839,485.0,Our World in Data / WHO,2026-09-30 02:09:07
1310,COK,Cook Islands,2010,7.5,19,108.01,108.01,62.1152,85.0,22.3615,32.138,33.981,485.0,Our World in Data / WHO,2026-09-30 02:09:07
1311,COK,Cook Islands,2011,7.5,19,109.24,109.24,62.9172,85.0,22.6502,32.267,34.125,485.0,Our World in Data / WHO,2026-09-30 02:09:07
1312,COK,Cook Islands,2012,7.5,20,110.06,110.06,63.6943,85.0,22.9299,32.391,34.265,485.0,Our World in Data / WHO,2026-09-30 02:09:07
1313,COK,Cook Islands,2013,7.5,19,108.57,108.57,64.443,85.0,23.1995,32.511,34.4,485.0,Our World in Data / WHO,2026-09-30 02:09:07
1314,COK,Cook Islands,2014,7.5,20,110.69,110.69,65.1876,85.0,23.4675,32.63,34.534,485.0,Our World in Data / WHO,2026-09-30 02:09:07
1315,COK,Cook Islands,2015,7.5,20,114.94,114.94,65.9457,85.0,23.7405,32.751,34.67,485.0,Our World in Data / WHO,2026-09-30 02:09:07
1316,COK,Cook Islands,2016,7.5,21,122.31,122.31,66.7092,85.0,24.0153,32.873,34.808,485.0,Our World in Data / WHO,2026-09-30 02:09:07
1317,COK,Cook Islands,2017,7.5,22,124.57,124.57,67.4732,85.0,24.2904,32.996,34.945,485.0,Our World in Data / WHO,2026-09-30 02:09:07
1318,COK,Cook Islands,2018,7.5,22,127.23,127.23,68.2571,85.0,24.5726,33.121,35.086,485.0,Our World in Data / WHO,2026-09-30 02:09:07
1319,COK,Cook Islands,2019,7.5,22,127.94,127.94,69.0481,85.0,24.8573,33.248,35.229,485.0,Our World in Data / WHO,2026-09-30 02:09:07
1320,COK,Cook Islands,2020,7.5,22,129.25,129.25,69.8544,85.0,25.1476,33.377,35.374,485.0,Our World in Data / WHO,2026-09-30 02:09:07
1321,COK,Cook Islands,2021,7.5,23,137.86,137.86,70.6067,85.0,25.4184,33.497,35.509,485.0,Our World in Data / WHO,2026-09-30 02:09:07
1322,COK,Cook Islands,2022,7.5,23,137.86,137.86,71.2806,85.0,25.661,33.605,35.631,485.0,Our World in Data / WHO,2026-09-30 02:09:07
1323,COL,Colombia,1990,9.8,5406,13.79,13.79,6.2788,11.6158,2.2604,23.205,23.93,595.4,Our World in Data / WHO,2026-09-30 02:09:07
1324,COL,Colombia,1991,9.8,5406,13.79,13.79,6.6533,12.3086,2.3952,23.265,23.998,595.4,Our World in Data / WHO,2026-09-30 02:09:07
1325,COL,Colombia,1992,9.8,5406,13.79,13.79,7.0483,13.0394,2.5374,23.328,24.069,595.4,Our World in Data / WHO,2026-09-30 02:09:07
1326,COL,Colombia,1993,9.8,5406,13.79,13.79,7.4607,13.8023,2.6859,23.394,24.143,595.4,Our World in Data / WHO,2026-09-30 02:09:07
1327,COL,Colombia,1994,9.8,5406,13.79,13.79,7.8897,14.5959,2.8403,23.462,24.22,595.4,Our World in Data / WHO,2026-09-30 02:09:07
1328,COL,Colombia,1995,9.8,5406,13.79,13.79,8.3351,15.4199,3.0006,23.534,24.3,595.4,Our World in Data / WHO,2026-09-30 02:09:07
1329,COL,Colombia,1996,9.8,5406,13.79,13.79,8.7991,16.2783,3.1677,23.608,24.384,595.4,Our World in Data / WHO,2026-09-30 02:09:07
1330,COL,Colombia,1997,9.8,5406,13.79,13.79,9.2804,17.1687,3.3409,23.685,24.47,595.4,Our World in Data / WHO,2026-09-30 02:09:07
1331,COL,Colombia,1998,9.8,5406,13.79,13.79,9.7749,18.0836,3.519,23.764,24.559,595.4,Our World in Data / WHO,2026-09-30 02:09:07
1332,COL,Colombia,1999,9.8,5406,13.79,13.79,10.2827,19.023,3.7018,23.845,24.651,595.4,Our World in Data / WHO,2026-09-30 02:09:07
1333,COL,Colombia,2000,9.8,5406,13.79,13.79,10.8008,19.9815,3.8883,23.928,24.744,595.4,Our World in Data / WHO,2026-09-30 02:09:07
1334,COL,Colombia,2001,9.8,5679,14.26,14.26,11.3265,20.954,4.0775,24.012,24.839,595.4,Our World in Data / WHO,2026-09-30 02:09:07
1335,COL,Colombia,2002,9.8,5713,14.12,14.12,11.8646,21.9495,4.2713,24.098,24.936,595.4,Our World in Data / WHO,2026-09-30 02:09:07
1336,COL,Colombia,2003,9.8,6089,14.83,14.83,12.4158,22.9692,4.4697,24.187,25.035,595.4,Our World in Data / WHO,2026-09-30 02:09:07
1337,COL,Colombia,2004,9.8,5961,14.31,14.31,12.979,24.0112,4.6724,24.277,25.136,595.4,Our World in Data / WHO,2026-09-30 02:09:07
1338,COL,Colombia,2005,9.8,5852,13.86,13.86,13.5547,25.0762,4.8797,24.369,25.24,595.4,Our World in Data / WHO,2026-09-30 02:09:07
1339,COL,Colombia,2006,9.8,5720,13.37,13.37,14.1441,26.1666,5.0919,24.463,25.346,595.4,Our World in Data / WHO,2026-09-30 02:09:07
1340,COL,Colombia,2007,9.8,5584,12.89,12.89,14.7451,27.2784,5.3082,24.559,25.454,595.4,Our World in Data / WHO,2026-09-30 02:09:07
1341,COL,Colombia,2008,9.8,5685,12.97,12.97,15.3625,28.4206,5.5305,24.658,25.565,595.4,Our World in Data / WHO,2026-09-30 02:09:07
1342,COL,Colombia,2009,9.8,4875,11.0,11.0,15.9911,29.5835,5.7568,24.759,25.678,595.4,Our World in Data / WHO,2026-09-30 02:09:07
1343,COL,Colombia,2010,9.8,5076,11.33,11.33,16.6292,30.764,5.9865,24.861,25.793,595.4,Our World in Data / WHO,2026-09-30 02:09:07
1344,COL,Colombia,2011,9.8,5008,11.05,11.05,17.2746,31.958,6.2189,24.964,25.909,595.4,Our World in Data / WHO,2026-09-30 02:09:07
1345,COL,Colombia,2012,9.8,5187,11.33,11.33,17.9235,33.1585,6.4525,25.068,26.026,595.4,Our World in Data / WHO,2026-09-30 02:09:07
1346,COL,Colombia,2013,9.8,5030,10.88,10.88,18.574,34.3619,6.6866,25.172,26.143,595.4,Our World in Data / WHO,2026-09-30 02:09:07
1347,COL,Colombia,2014,9.8,5088,10.9,10.9,19.2229,35.5624,6.9202,25.276,26.26,595.4,Our World in Data / WHO,2026-09-30 02:09:07
1348,COL,Colombia,2015,9.8,5367,11.39,11.39,19.8623,36.7453,7.1504,25.378,26.375,595.4,Our World in Data / WHO,2026-09-30 02:09:07
1349,COL,Colombia,2016,9.8,5131,10.77,10.77,20.4772,37.8828,7.3718,25.476,26.486,595.4,Our World in Data / WHO,2026-09-30 02:09:07
1350,COL,Colombia,2017,9.8,5318,11.0,11.0,21.0579,38.9571,7.5808,25.569,26.59,595.4,Our World in Data / WHO,2026-09-30 02:09:07
1351,COL,Colombia,2018,9.8,5826,11.82,11.82,21.6159,39.9894,7.7817,25.659,26.691,595.4,Our World in Data / WHO,2026-09-30 02:09:07
1352,COL,Colombia,2019,9.8,6005,11.97,11.97,22.1783,41.0299,7.9842,25.749,26.792,595.4,Our World in Data / WHO,2026-09-30 02:09:07
1353,COL,Colombia,2020,9.8,7650,15.02,15.02,22.7597,42.1054,8.1935,25.842,26.897,595.4,Our World in Data / WHO,2026-09-30 02:09:07
1354,COL,Colombia,2021,9.8,7753,15.05,15.05,23.357,43.2104,8.4085,25.937,27.004,595.4,Our World in Data / WHO,2026-09-30 02:09:07
1355,COL,Colombia,2022,9.8,7753,15.05,15.05,23.9698,44.3441,8.6291,26.035,27.115,595.4,Our World in Data / WHO,2026-09-30 02:09:07
1356,COM,Comoros,1990,8.4,122,22.73,22.73,2.956,6.0,1.0642,22.673,23.332,528.2,Our World in Data / WHO,2026-09-30 02:09:07
1357,COM,Comoros,1991,8.4,122,22.73,22.73,3.1125,6.0,1.1205,22.698,23.36,528.2,Our World in Data / WHO,2026-09-30 02:09:07
1358,COM,Comoros,1992,8.4,122,22.73,22.73,3.2883,6.0834,1.1838,22.726,23.392,528.2,Our World in Data / WHO,2026-09-30 02:09:07
1359,COM,Comoros,1993,8.4,122,22.73,22.73,3.4838,6.445,1.2542,22.757,23.427,528.2,Our World in Data / WHO,2026-09-30 02:09:07
1360,COM,Comoros,1994,8.4,122,22.73,22.73,3.694,6.8339,1.3298,22.791,23.465,528.2,Our World in Data / WHO,2026-09-30 02:09:07
1361,COM,Comoros,1995,8.4,122,22.73,22.73,3.9214,7.2546,1.4117,22.827,23.506,528.2,Our World in Data / WHO,2026-09-30 02:09:07
1362,COM,Comoros,1996,8.4,122,22.73,22.73,4.1673,7.7095,1.5002,22.867,23.55,528.2,Our World in Data / WHO,2026-09-30 02:09:07
1363,COM,Comoros,1997,8.4,122,22.73,22.73,4.4314,8.1981,1.5953,22.909,23.598,528.2,Our World in Data / WHO,2026-09-30 02:09:07
1364,COM,Comoros,1998,8.4,122,22.73,22.73,4.7125,8.7181,1.6965,22.954,23.648,528.2,Our World in Data / WHO,2026-09-30 02:09:07
1365,COM,Comoros,1999,8.4,122,22.73,22.73,5.0073,9.2635,1.8026,23.001,23.701,528.2,Our World in Data / WHO,2026-09-30 02:09:07
1366,COM,Comoros,2000,8.4,122,22.73,22.73,5.3144,9.8316,1.9132,23.05,23.757,528.2,Our World in Data / WHO,2026-09-30 02:09:07
1367,COM,Comoros,2001,8.4,122,22.32,22.32,5.6368,10.4281,2.0292,23.102,23.815,528.2,Our World in Data / WHO,2026-09-30 02:09:07
1368,COM,Comoros,2002,8.4,123,21.98,21.98,5.9739,11.0517,2.1506,23.156,23.875,528.2,Our World in Data / WHO,2026-09-30 02:09:07
1369,COM,Comoros,2003,8.4,122,21.44,21.44,6.3239,11.6992,2.2766,23.212,23.938,528.2,Our World in Data / WHO,2026-09-30 02:09:07
1370,COM,Comoros,2004,8.4,124,21.39,21.39,6.6768,12.3521,2.4036,23.268,24.002,528.2,Our World in Data / WHO,2026-09-30 02:09:07
1371,COM,Comoros,2005,8.4,127,21.4,21.4,7.0333,13.0116,2.532,23.325,24.066,528.2,Our World in Data / WHO,2026-09-30 02:09:07
1372,COM,Comoros,2006,8.4,131,21.6,21.6,7.3996,13.6893,2.6639,23.384,24.132,528.2,Our World in Data / WHO,2026-09-30 02:09:07
1373,COM,Comoros,2007,8.4,133,21.63,21.63,7.774,14.3819,2.7986,23.444,24.199,528.2,Our World in Data / WHO,2026-09-30 02:09:07
1374,COM,Comoros,2008,8.4,138,21.98,21.98,8.1557,15.088,2.9361,23.505,24.268,528.2,Our World in Data / WHO,2026-09-30 02:09:07
1375,COM,Comoros,2009,8.4,141,21.9,21.9,8.5443,15.807,3.0759,23.567,24.338,528.2,Our World in Data / WHO,2026-09-30 02:09:07
1376,COM,Comoros,2010,8.4,147,22.37,22.37,8.9415,16.5418,3.2189,23.631,24.409,528.2,Our World in Data / WHO,2026-09-30 02:09:07
1377,COM,Comoros,2011,8.4,150,22.37,22.37,9.3491,17.2958,3.3657,23.696,24.483,528.2,Our World in Data / WHO,2026-09-30 02:09:07
1378,COM,Comoros,2012,8.4,154,22.55,22.55,9.769,18.0726,3.5168,23.763,24.558,528.2,Our World in Data / WHO,2026-09-30 02:09:07
1379,COM,Comoros,2013,8.4,157,22.4,22.4,10.2244,18.9151,3.6808,23.836,24.64,528.2,Our World in Data / WHO,2026-09-30 02:09:07
1380,COM,Comoros,2014,8.4,163,22.82,22.82,10.7241,19.8396,3.8607,23.916,24.73,528.2,Our World in Data / WHO,2026-09-30 02:09:07
1381,COM,Comoros,2015,8.4,166,22.75,22.75,11.2529,20.8179,4.051,24.0,24.826,528.2,Our World in Data / WHO,2026-09-30 02:09:07
1382,COM,Comoros,2016,8.4,170,22.77,22.77,11.7968,21.8241,4.2468,24.087,24.923,528.2,Our World in Data / WHO,2026-09-30 02:09:07
1383,COM,Comoros,2017,8.4,173,22.77,22.77,12.3165,22.7855,4.4339,24.171,25.017,528.2,Our World in Data / WHO,2026-09-30 02:09:07
1384,COM,Comoros,2018,8.4,178,22.89,22.89,12.8116,23.7015,4.6122,24.25,25.106,528.2,Our World in Data / WHO,2026-09-30 02:09:07
1385,COM,Comoros,2019,8.4,183,23.13,23.13,13.3173,24.637,4.7942,24.331,25.197,528.2,Our World in Data / WHO,2026-09-30 02:09:07
1386,COM,Comoros,2020,8.4,196,24.31,24.31,13.8365,25.5975,4.9811,24.414,25.291,528.2,Our World in Data / WHO,2026-09-30 02:09:07
1387,COM,Comoros,2021,8.4,193,23.47,23.47,14.372,26.5882,5.1739,24.5,25.387,528.2,Our World in Data / WHO,2026-09-30 02:09:07
1388,COM,Comoros,2022,8.4,193,23.47,23.47,14.9302,27.6209,5.3749,24.589,25.487,528.2,Our World in Data / WHO,2026-09-30 02:09:07
1389,CPV,Cape Verde,1990,5.4,55,12.06,12.06,3.022,6.0,1.0879,22.684,23.344,384.2,Our World in Data / WHO,2026-09-30 02:09:07
1390,CPV,Cape Verde,1991,5.4,55,12.06,12.06,3.2086,6.0,1.1551,22.713,23.378,384.2,Our World in Data / WHO,2026-09-30 02:09:07
1391,CPV,Cape Verde,1992,5.4,55,12.06,12.06,3.4112,6.3107,1.228,22.746,23.414,384.2,Our World in Data / WHO,2026-09-30 02:09:07
1392,CPV,Cape Verde,1993,5.4,55,12.06,12.06,3.6312,6.7177,1.3072,22.781,23.454,384.2,Our World in Data / WHO,2026-09-30 02:09:07
1393,CPV,Cape Verde,1994,5.4,55,12.06,12.06,3.8694,7.1584,1.393,22.819,23.496,384.2,Our World in Data / WHO,2026-09-30 02:09:07
1394,CPV,Cape Verde,1995,5.4,55,12.06,12.06,4.1266,7.6342,1.4856,22.86,23.543,384.2,Our World in Data / WHO,2026-09-30 02:09:07
1395,CPV,Cape Verde,1996,5.4,55,12.06,12.06,4.4041,8.1476,1.5855,22.905,23.593,384.2,Our World in Data / WHO,2026-09-30 02:09:07
1396,CPV,Cape Verde,1997,5.4,55,12.06,12.06,4.7034,8.7013,1.6932,22.953,23.647,384.2,Our World in Data / WHO,2026-09-30 02:09:07
1397,CPV,Cape Verde,1998,5.4,55,12.06,12.06,5.0246,9.2955,1.8089,23.004,23.704,384.2,Our World in Data / WHO,2026-09-30 02:09:07
1398,CPV,Cape Verde,1999,5.4,55,12.06,12.06,5.3656,9.9264,1.9316,23.058,23.766,384.2,Our World in Data / WHO,2026-09-30 02:09:07
1399,CPV,Cape Verde,2000,5.4,55,12.06,12.06,5.7201,10.5822,2.0592,23.115,23.83,384.2,Our World in Data / WHO,2026-09-30 02:09:07
1400,CPV,Cape Verde,2001,5.4,59,12.7,12.7,6.0827,11.253,2.1898,23.173,23.895,384.2,Our World in Data / WHO,2026-09-30 02:09:07
1401,CPV,Cape Verde,2002,5.4,63,13.41,13.41,6.45,11.9325,2.322,23.232,23.961,384.2,Our World in Data / WHO,2026-09-30 02:09:07
1402,CPV,Cape Verde,2003,5.4,68,14.23,14.23,6.8192,12.6155,2.4549,23.291,24.027,384.2,Our World in Data / WHO,2026-09-30 02:09:07
1403,CPV,Cape Verde,2004,5.4,74,15.14,15.14,7.1868,13.2956,2.5872,23.35,24.094,384.2,Our World in Data / WHO,2026-09-30 02:09:07
1404,CPV,Cape Verde,2005,5.4,81,16.35,16.35,7.5501,13.9677,2.718,23.408,24.159,384.2,Our World in Data / WHO,2026-09-30 02:09:07
1405,CPV,Cape Verde,2006,5.4,83,16.59,16.59,7.9075,14.6289,2.8467,23.465,24.223,384.2,Our World in Data / WHO,2026-09-30 02:09:07
1406,CPV,Cape Verde,2007,5.4,88,17.52,17.52,8.2553,15.2723,2.9719,23.521,24.286,384.2,Our World in Data / WHO,2026-09-30 02:09:07
1407,CPV,Cape Verde,2008,5.4,96,18.75,18.75,8.59,15.8915,3.0924,23.574,24.346,384.2,Our World in Data / WHO,2026-09-30 02:09:07
1408,CPV,Cape Verde,2009,5.4,103,20.07,20.07,8.9104,16.4842,3.2077,23.626,24.404,384.2,Our World in Data / WHO,2026-09-30 02:09:07
1409,CPV,Cape Verde,2010,5.4,107,20.61,20.61,9.2261,17.0683,3.3214,23.676,24.461,384.2,Our World in Data / WHO,2026-09-30 02:09:07
1410,CPV,Cape Verde,2011,5.4,110,20.91,20.91,9.554,17.6749,3.4394,23.729,24.52,384.2,Our World in Data / WHO,2026-09-30 02:09:07
1411,CPV,Cape Verde,2012,5.4,113,21.13,21.13,9.9031,18.3207,3.5651,23.784,24.583,384.2,Our World in Data / WHO,2026-09-30 02:09:07
1412,CPV,Cape Verde,2013,5.4,115,21.32,21.32,10.2804,19.0187,3.7009,23.845,24.65,384.2,Our World in Data / WHO,2026-09-30 02:09:07
1413,CPV,Cape Verde,2014,5.4,120,21.89,21.89,10.6992,19.7935,3.8517,23.912,24.726,384.2,Our World in Data / WHO,2026-09-30 02:09:07
1414,CPV,Cape Verde,2015,5.4,124,22.46,22.46,11.1651,20.6554,4.0194,23.986,24.81,384.2,Our World in Data / WHO,2026-09-30 02:09:07
1415,CPV,Cape Verde,2016,5.4,134,23.94,23.94,11.6748,21.5984,4.2029,24.068,24.901,384.2,Our World in Data / WHO,2026-09-30 02:09:07
1416,CPV,Cape Verde,2017,5.4,137,24.24,24.24,12.2201,22.6072,4.3992,24.155,25.0,384.2,Our World in Data / WHO,2026-09-30 02:09:07
1417,CPV,Cape Verde,2018,5.4,157,27.51,27.51,12.7976,23.6756,4.6071,24.248,25.104,384.2,Our World in Data / WHO,2026-09-30 02:09:07
1418,CPV,Cape Verde,2019,5.4,158,27.35,27.35,13.4066,24.8022,4.8264,24.345,25.213,384.2,Our World in Data / WHO,2026-09-30 02:09:07
1419,CPV,Cape Verde,2020,5.4,159,27.3,27.3,14.0403,25.9746,5.0545,24.446,25.327,384.2,Our World in Data / WHO,2026-09-30 02:09:07
1420,CPV,Cape Verde,2021,5.4,158,26.89,26.89,14.6643,27.129,5.2791,24.546,25.44,384.2,Our World in Data / WHO,2026-09-30 02:09:07
1421,CPV,Cape Verde,2022,5.4,158,26.89,26.89,15.2773,28.263,5.4998,24.644,25.55,384.2,Our World in Data / WHO,2026-09-30 02:09:07
1422,CRI,Costa Rica,1990,9.6,344,8.65,8.65,10.2944,19.0446,3.706,23.847,24.653,585.8,Our World in Data / WHO,2026-09-30 02:09:07
1423,CRI,Costa Rica,1991,9.6,344,8.65,8.65,10.8723,20.1138,3.914,23.94,24.757,585.8,Our World in Data / WHO,2026-09-30 02:09:07
1424,CRI,Costa Rica,1992,9.6,344,8.65,8.65,11.4694,21.2184,4.129,24.035,24.864,585.8,Our World in Data / WHO,2026-09-30 02:09:07
1425,CRI,Costa Rica,1993,9.6,344,8.65,8.65,12.082,22.3517,4.3495,24.133,24.975,585.8,Our World in Data / WHO,2026-09-30 02:09:07
1426,CRI,Costa Rica,1994,9.6,344,8.65,8.65,12.7106,23.5146,4.5758,24.234,25.088,585.8,Our World in Data / WHO,2026-09-30 02:09:07
1427,CRI,Costa Rica,1995,9.6,344,8.65,8.65,13.3542,24.7053,4.8075,24.337,25.204,585.8,Our World in Data / WHO,2026-09-30 02:09:07
1428,CRI,Costa Rica,1996,9.6,344,8.65,8.65,14.0101,25.9187,5.0436,24.442,25.322,585.8,Our World in Data / WHO,2026-09-30 02:09:07
1429,CRI,Costa Rica,1997,9.6,344,8.65,8.65,14.6775,27.1534,5.2839,24.548,25.442,585.8,Our World in Data / WHO,2026-09-30 02:09:07
1430,CRI,Costa Rica,1998,9.6,344,8.65,8.65,15.3544,28.4056,5.5276,24.657,25.564,585.8,Our World in Data / WHO,2026-09-30 02:09:07
1431,CRI,Costa Rica,1999,9.6,344,8.65,8.65,16.0407,29.6753,5.7747,24.767,25.687,585.8,Our World in Data / WHO,2026-09-30 02:09:07
1432,CRI,Costa Rica,2000,9.6,344,8.65,8.65,16.728,30.9468,6.0221,24.876,25.811,585.8,Our World in Data / WHO,2026-09-30 02:09:07
1433,CRI,Costa Rica,2001,9.6,383,9.45,9.45,17.4071,32.2031,6.2666,24.985,25.933,585.8,Our World in Data / WHO,2026-09-30 02:09:07
1434,CRI,Costa Rica,2002,9.6,340,8.26,8.26,18.0782,33.4447,6.5082,25.093,26.054,585.8,Our World in Data / WHO,2026-09-30 02:09:07
1435,CRI,Costa Rica,2003,9.6,577,13.77,13.77,18.7392,34.6675,6.7461,25.198,26.173,585.8,Our World in Data / WHO,2026-09-30 02:09:07
1436,CRI,Costa Rica,2004,9.6,561,13.2,13.2,19.3952,35.8811,6.9823,25.303,26.291,585.8,Our World in Data / WHO,2026-09-30 02:09:07
1437,CRI,Costa Rica,2005,9.6,448,10.38,10.38,20.0517,37.0956,7.2186,25.408,26.409,585.8,Our World in Data / WHO,2026-09-30 02:09:07
1438,CRI,Costa Rica,2006,9.6,396,9.05,9.05,20.7099,38.3133,7.4556,25.514,26.528,585.8,Our World in Data / WHO,2026-09-30 02:09:07
1439,CRI,Costa Rica,2007,9.6,357,8.03,8.03,21.3727,39.5395,7.6942,25.62,26.647,585.8,Our World in Data / WHO,2026-09-30 02:09:07
1440,CRI,Costa Rica,2008,9.6,407,9.04,9.04,22.0476,40.7881,7.9371,25.728,26.769,585.8,Our World in Data / WHO,2026-09-30 02:09:07
1441,CRI,Costa Rica,2009,9.6,401,8.78,8.78,22.7371,42.0636,8.1854,25.838,26.893,585.8,Our World in Data / WHO,2026-09-30 02:09:07
1442,CRI,Costa Rica,2010,9.6,425,9.2,9.2,23.4442,43.3718,8.4399,25.951,27.02,585.8,Our World in Data / WHO,2026-09-30 02:09:07
1443,CRI,Costa Rica,2011,9.6,376,8.03,8.03,24.1612,44.6982,8.698,26.066,27.149,585.8,Our World in Data / WHO,2026-09-30 02:09:07
1444,CRI,Costa Rica,2012,9.6,365,7.71,7.71,24.8805,46.0289,8.957,26.181,27.278,585.8,Our World in Data / WHO,2026-09-30 02:09:07
1445,CRI,Costa Rica,2013,9.6,404,8.44,8.44,25.5984,47.357,9.2154,26.296,27.408,585.8,Our World in Data / WHO,2026-09-30 02:09:07
1446,CRI,Costa Rica,2014,9.6,416,8.59,8.59,26.3154,48.6835,9.4735,26.41,27.537,585.8,Our World in Data / WHO,2026-09-30 02:09:07
1447,CRI,Costa Rica,2015,9.6,601,12.29,12.29,27.0322,50.0096,9.7316,26.525,27.666,585.8,Our World in Data / WHO,2026-09-30 02:09:07
1448,CRI,Costa Rica,2016,9.6,733,14.83,14.83,27.7415,51.3218,9.9869,26.639,27.793,585.8,Our World in Data / WHO,2026-09-30 02:09:07
1449,CRI,Costa Rica,2017,9.6,865,17.32,17.32,28.4356,52.6059,10.2368,26.75,27.918,585.8,Our World in Data / WHO,2026-09-30 02:09:07
1450,CRI,Costa Rica,2018,9.6,813,16.12,16.12,29.1187,53.8696,10.4827,26.859,28.041,585.8,Our World in Data / WHO,2026-09-30 02:09:07
1451,CRI,Costa Rica,2019,9.6,1175,23.1,23.1,29.8026,55.1348,10.7289,26.968,28.164,585.8,Our World in Data / WHO,2026-09-30 02:09:07
1452,CRI,Costa Rica,2020,9.6,1554,30.33,30.33,30.5036,56.4317,10.9813,27.081,28.291,585.8,Our World in Data / WHO,2026-09-30 02:09:07
1453,CRI,Costa Rica,2021,9.6,1023,19.86,19.86,31.2201,57.7572,11.2392,27.195,28.42,585.8,Our World in Data / WHO,2026-09-30 02:09:07
1454,CRI,Costa Rica,2022,9.6,1023,19.86,19.86,31.9391,59.0873,11.4981,27.31,28.549,585.8,Our World in Data / WHO,2026-09-30 02:09:07
1455,CUB,Cuba,1990,9.4,1068,9.61,9.61,6.6728,12.3447,2.4022,23.268,24.001,576.2,Our World in Data / WHO,2026-09-30 02:09:07
1456,CUB,Cuba,1991,9.4,1068,9.61,9.61,6.9546,12.866,2.5037,23.313,24.052,576.2,Our World in Data / WHO,2026-09-30 02:09:07
1457,CUB,Cuba,1992,9.4,1068,9.61,9.61,7.2616,13.434,2.6142,23.362,24.107,576.2,Our World in Data / WHO,2026-09-30 02:09:07
1458,CUB,Cuba,1993,9.4,1068,9.61,9.61,7.5979,14.0561,2.7352,23.416,24.168,576.2,Our World in Data / WHO,2026-09-30 02:09:07
1459,CUB,Cuba,1994,9.4,1068,9.61,9.61,7.9693,14.7432,2.8689,23.475,24.234,576.2,Our World in Data / WHO,2026-09-30 02:09:07
1460,CUB,Cuba,1995,9.4,1068,9.61,9.61,8.3765,15.4965,3.0155,23.54,24.308,576.2,Our World in Data / WHO,2026-09-30 02:09:07
1461,CUB,Cuba,1996,9.4,1068,9.61,9.61,8.8178,16.3129,3.1744,23.611,24.387,576.2,Our World in Data / WHO,2026-09-30 02:09:07
1462,CUB,Cuba,1997,9.4,1068,9.61,9.61,9.2901,17.1867,3.3444,23.686,24.472,576.2,Our World in Data / WHO,2026-09-30 02:09:07
1463,CUB,Cuba,1998,9.4,1068,9.61,9.61,9.7898,18.1111,3.5243,23.766,24.562,576.2,Our World in Data / WHO,2026-09-30 02:09:07
1464,CUB,Cuba,1999,9.4,1068,9.61,9.61,10.3093,19.0722,3.7113,23.849,24.656,576.2,Our World in Data / WHO,2026-09-30 02:09:07
1465,CUB,Cuba,2000,9.4,1068,9.61,9.61,10.8354,20.0455,3.9007,23.934,24.75,576.2,Our World in Data / WHO,2026-09-30 02:09:07
1466,CUB,Cuba,2001,9.4,977,8.77,8.77,11.3603,21.0166,4.0897,24.018,24.845,576.2,Our World in Data / WHO,2026-09-30 02:09:07
1467,CUB,Cuba,2002,9.4,855,7.66,7.66,11.8861,21.9893,4.279,24.102,24.939,576.2,Our World in Data / WHO,2026-09-30 02:09:07
1468,CUB,Cuba,2003,9.4,1006,8.98,8.98,12.4139,22.9657,4.469,24.186,25.035,576.2,Our World in Data / WHO,2026-09-30 02:09:07
1469,CUB,Cuba,2004,9.4,1148,10.23,10.23,12.9416,23.942,4.659,24.271,25.129,576.2,Our World in Data / WHO,2026-09-30 02:09:07
1470,CUB,Cuba,2005,9.4,1248,11.1,11.1,13.4678,24.9154,4.8484,24.355,25.224,576.2,Our World in Data / WHO,2026-09-30 02:09:07
1471,CUB,Cuba,2006,9.4,1292,11.47,11.47,13.991,25.8834,5.0368,24.439,25.318,576.2,Our World in Data / WHO,2026-09-30 02:09:07
1472,CUB,Cuba,2007,9.4,1320,11.71,11.71,14.5135,26.85,5.2249,24.522,25.412,576.2,Our World in Data / WHO,2026-09-30 02:09:07
1473,CUB,Cuba,2008,9.4,1345,11.93,11.93,15.0402,27.8244,5.4145,24.606,25.507,576.2,Our World in Data / WHO,2026-09-30 02:09:07
1474,CUB,Cuba,2009,9.4,1519,13.46,13.46,15.5742,28.8123,5.6067,24.692,25.603,576.2,Our World in Data / WHO,2026-09-30 02:09:07
1475,CUB,Cuba,2010,9.4,1669,14.79,14.79,16.1232,29.8279,5.8044,24.78,25.702,576.2,Our World in Data / WHO,2026-09-30 02:09:07
1476,CUB,Cuba,2011,9.4,1386,12.27,12.27,16.6895,30.8756,6.0082,24.87,25.804,576.2,Our World in Data / WHO,2026-09-30 02:09:07
1477,CUB,Cuba,2012,9.4,1321,11.68,11.68,17.2811,31.97,6.2212,24.965,25.911,576.2,Our World in Data / WHO,2026-09-30 02:09:07
1478,CUB,Cuba,2013,9.4,1340,11.84,11.84,17.8892,33.095,6.4401,25.062,26.02,576.2,Our World in Data / WHO,2026-09-30 02:09:07
1479,CUB,Cuba,2014,9.4,1267,11.18,11.18,18.5033,34.2311,6.6612,25.161,26.131,576.2,Our World in Data / WHO,2026-09-30 02:09:07
1480,CUB,Cuba,2015,9.4,1297,11.44,11.44,19.1231,35.3777,6.8843,25.26,26.242,576.2,Our World in Data / WHO,2026-09-30 02:09:07
1481,CUB,Cuba,2016,9.4,1278,11.27,11.27,19.746,36.5301,7.1086,25.359,26.354,576.2,Our World in Data / WHO,2026-09-30 02:09:07
1482,CUB,Cuba,2017,9.4,1318,11.63,11.63,20.3686,37.6819,7.3327,25.459,26.466,576.2,Our World in Data / WHO,2026-09-30 02:09:07
1483,CUB,Cuba,2018,9.4,1293,11.42,11.42,20.9898,38.8311,7.5563,25.558,26.578,576.2,Our World in Data / WHO,2026-09-30 02:09:07
1484,CUB,Cuba,2019,9.4,1281,11.32,11.32,21.6139,39.9857,7.781,25.658,26.691,576.2,Our World in Data / WHO,2026-09-30 02:09:07
1485,CUB,Cuba,2020,9.4,1549,13.71,13.71,22.2467,41.1564,8.0088,25.759,26.804,576.2,Our World in Data / WHO,2026-09-30 02:09:07
1486,CUB,Cuba,2021,9.4,1624,14.43,14.43,22.8941,42.3541,8.2419,25.863,26.921,576.2,Our World in Data / WHO,2026-09-30 02:09:07
1487,CUB,Cuba,2022,9.4,1624,14.43,14.43,23.5604,43.5867,8.4817,25.97,27.041,576.2,Our World in Data / WHO,2026-09-30 02:09:07
1488,CYM,Cayman Islands,2000,12.1,955,16.06,16.06,13.4739,24.9267,4.8506,24.356,25.225,705.8,Our World in Data / WHO,2026-09-30 02:09:07
1489,CYM,Cayman Islands,2011,12.0,1327,17.295,17.295,18.8889,34.9445,6.8,25.222,26.2,701.0,Our World in Data / WHO,2026-09-30 02:09:07
1490,CYP,Cyprus,1990,9.3,378,39.87,39.87,14.3044,26.4631,5.1496,24.489,25.375,571.4,Our World in Data / WHO,2026-09-30 02:09:07
1491,CYP,Cyprus,1991,9.3,378,39.87,39.87,14.5447,26.9077,5.2361,24.527,25.418,571.4,Our World in Data / WHO,2026-09-30 02:09:07
1492,CYP,Cyprus,1992,9.3,378,39.87,39.87,14.8262,27.4285,5.3374,24.572,25.469,571.4,Our World in Data / WHO,2026-09-30 02:09:07
1493,CYP,Cyprus,1993,9.3,378,39.87,39.87,15.1588,28.0438,5.4572,24.625,25.529,571.4,Our World in Data / WHO,2026-09-30 02:09:07
1494,CYP,Cyprus,1994,9.3,378,39.87,39.87,15.5284,28.7275,5.5902,24.685,25.595,571.4,Our World in Data / WHO,2026-09-30 02:09:07
1495,CYP,Cyprus,1995,9.3,378,39.87,39.87,15.9138,29.4405,5.729,24.746,25.664,571.4,Our World in Data / WHO,2026-09-30 02:09:07
1496,CYP,Cyprus,1996,9.3,378,39.87,39.87,16.3102,30.1739,5.8717,24.81,25.736,571.4,Our World in Data / WHO,2026-09-30 02:09:07
1497,CYP,Cyprus,1997,9.3,378,39.87,39.87,16.7148,30.9224,6.0173,24.874,25.809,571.4,Our World in Data / WHO,2026-09-30 02:09:07
1498,CYP,Cyprus,1998,9.3,378,39.87,39.87,17.1268,31.6846,6.1656,24.94,25.883,571.4,Our World in Data / WHO,2026-09-30 02:09:07
1499,CYP,Cyprus,1999,9.3,378,39.87,39.87,17.5487,32.4651,6.3175,25.008,25.959,571.4,Our World in Data / WHO,2026-09-30 02:09:07
1500,CYP,Cyprus,2000,9.3,378,39.87,39.87,17.9845,33.2713,6.4744,25.078,26.037,571.4,Our World in Data / WHO,2026-09-30 02:09:07
1501,CYP,Cyprus,2001,9.3,384,39.79,39.79,18.4375,34.1094,6.6375,25.15,26.119,571.4,Our World in Data / WHO,2026-09-30 02:09:07
1502,CYP,Cyprus,2002,9.3,386,39.28,39.28,18.9079,34.9796,6.8068,25.225,26.203,571.4,Our World in Data / WHO,2026-09-30 02:09:07
1503,CYP,Cyprus,2003,9.3,390,38.98,38.98,19.3787,35.8506,6.9763,25.301,26.288,571.4,Our World in Data / WHO,2026-09-30 02:09:07
1504,CYP,Cyprus,2004,9.3,413,40.53,40.53,19.8298,36.6851,7.1387,25.373,26.369,571.4,Our World in Data / WHO,2026-09-30 02:09:07
1505,CYP,Cyprus,2005,9.3,387,37.32,37.32,20.2509,37.4642,7.2903,25.44,26.445,571.4,Our World in Data / WHO,2026-09-30 02:09:07
1506,CYP,Cyprus,2006,9.3,379,35.91,35.91,20.6361,38.1768,7.429,25.502,26.514,571.4,Our World in Data / WHO,2026-09-30 02:09:07
1507,CYP,Cyprus,2007,9.3,366,34.08,34.08,20.9839,38.8202,7.5542,25.557,26.577,571.4,Our World in Data / WHO,2026-09-30 02:09:07
1508,CYP,Cyprus,2008,9.3,358,32.79,32.79,21.2899,39.3863,7.6644,25.606,26.632,571.4,Our World in Data / WHO,2026-09-30 02:09:07
1509,CYP,Cyprus,2009,9.3,341,30.65,30.65,21.5515,39.8703,7.7585,25.648,26.679,571.4,Our World in Data / WHO,2026-09-30 02:09:07
1510,CYP,Cyprus,2010,9.3,354,31.3,31.3,21.7761,40.2858,7.8394,25.684,26.72,571.4,Our World in Data / WHO,2026-09-30 02:09:07
1511,CYP,Cyprus,2011,9.3,403,35.2,35.2,21.9781,40.6595,7.9121,25.716,26.756,571.4,Our World in Data / WHO,2026-09-30 02:09:07
1512,CYP,Cyprus,2012,9.3,389,33.61,33.61,22.1654,41.006,7.9795,25.746,26.79,571.4,Our World in Data / WHO,2026-09-30 02:09:07
1513,CYP,Cyprus,2013,9.3,410,35.14,35.14,22.3391,41.3273,8.0421,25.774,26.821,571.4,Our World in Data / WHO,2026-09-30 02:09:07
1514,CYP,Cyprus,2014,9.3,426,36.18,36.18,22.5025,41.6296,8.1009,25.8,26.85,571.4,Our World in Data / WHO,2026-09-30 02:09:07
1515,CYP,Cyprus,2015,9.3,389,32.8,32.8,22.658,41.9173,8.1569,25.825,26.878,571.4,Our World in Data / WHO,2026-09-30 02:09:07
1516,CYP,Cyprus,2016,9.3,362,30.22,30.22,22.8061,42.1913,8.2102,25.849,26.905,571.4,Our World in Data / WHO,2026-09-30 02:09:07
1517,CYP,Cyprus,2017,9.3,365,30.2,30.2,22.9408,42.4405,8.2587,25.871,26.929,571.4,Our World in Data / WHO,2026-09-30 02:09:07
1518,CYP,Cyprus,2018,9.3,383,31.4,31.4,23.06,42.661,8.3016,25.89,26.951,571.4,Our World in Data / WHO,2026-09-30 02:09:07
1519,CYP,Cyprus,2019,9.3,399,32.47,32.47,23.1694,42.8634,8.341,25.907,26.97,571.4,Our World in Data / WHO,2026-09-30 02:09:07
1520,CYP,Cyprus,2020,9.3,445,35.96,35.96,23.2766,43.0617,8.3796,25.924,26.99,571.4,Our World in Data / WHO,2026-09-30 02:09:07
1521,CYP,Cyprus,2021,9.3,516,41.47,41.47,23.3794,43.2519,8.4166,25.941,27.008,571.4,Our World in Data / WHO,2026-09-30 02:09:07
1522,CYP,Cyprus,2022,9.3,516,41.47,41.47,23.4779,43.4341,8.452,25.956,27.026,571.4,Our World in Data / WHO,2026-09-30 02:09:07
1523,CZE,Czechia,1990,11.7,1252,12.23,12.23,21.7953,40.3213,7.8463,25.687,26.723,686.6,Our World in Data / WHO,2026-09-30 02:09:07
1524,CZE,Czechia,1991,11.7,1252,12.23,12.23,21.6215,39.9998,7.7837,25.659,26.692,686.6,Our World in Data / WHO,2026-09-30 02:09:07
1525,CZE,Czechia,1992,11.7,1252,12.23,12.23,21.4377,39.6597,7.7176,25.63,26.659,686.6,Our World in Data / WHO,2026-09-30 02:09:07
1526,CZE,Czechia,1993,11.7,1252,12.23,12.23,21.2623,39.3353,7.6544,25.602,26.627,686.6,Our World in Data / WHO,2026-09-30 02:09:07
1527,CZE,Czechia,1994,11.7,1252,12.23,12.23,21.1161,39.0648,7.6018,25.579,26.601,686.6,Our World in Data / WHO,2026-09-30 02:09:07
1528,CZE,Czechia,1995,11.7,1252,12.23,12.23,21.0069,38.8628,7.5625,25.561,26.581,686.6,Our World in Data / WHO,2026-09-30 02:09:07
1529,CZE,Czechia,1996,11.7,1252,12.23,12.23,20.9477,38.7532,7.5412,25.552,26.571,686.6,Our World in Data / WHO,2026-09-30 02:09:07
1530,CZE,Czechia,1997,11.7,1252,12.23,12.23,20.9488,38.7553,7.5416,25.552,26.571,686.6,Our World in Data / WHO,2026-09-30 02:09:07
1531,CZE,Czechia,1998,11.7,1252,12.23,12.23,21.0193,38.8857,7.5669,25.563,26.583,686.6,Our World in Data / WHO,2026-09-30 02:09:07
1532,CZE,Czechia,1999,11.7,1252,12.23,12.23,21.1564,39.1393,7.6163,25.585,26.608,686.6,Our World in Data / WHO,2026-09-30 02:09:07
1533,CZE,Czechia,2000,11.7,1252,12.23,12.23,21.3368,39.4731,7.6812,25.614,26.641,686.6,Our World in Data / WHO,2026-09-30 02:09:07
1534,CZE,Czechia,2001,11.1182,1073,10.49,10.49,21.5525,39.8721,7.7589,25.648,26.679,658.67,Our World in Data / WHO,2026-09-30 02:09:07
1535,CZE,Czechia,2002,10.5364,1144,11.18,11.18,21.7858,40.3037,7.8429,25.686,26.721,630.75,Our World in Data / WHO,2026-09-30 02:09:07
1536,CZE,Czechia,2003,9.9545,1296,12.65,12.65,22.0379,40.7701,7.9336,25.726,26.767,602.82,Our World in Data / WHO,2026-09-30 02:09:07
1537,CZE,Czechia,2004,9.3727,1221,11.9,11.9,22.3135,41.28,8.0329,25.77,26.816,574.89,Our World in Data / WHO,2026-09-30 02:09:07
1538,CZE,Czechia,2005,8.7909,1280,12.45,12.45,22.6194,41.8459,8.143,25.819,26.871,546.96,Our World in Data / WHO,2026-09-30 02:09:07
1539,CZE,Czechia,2006,8.2091,1353,13.13,13.13,22.9631,42.4817,8.2667,25.874,26.933,519.04,Our World in Data / WHO,2026-09-30 02:09:07
1540,CZE,Czechia,2007,7.6273,2270,21.96,21.96,23.3465,43.191,8.4047,25.935,27.002,491.11,Our World in Data / WHO,2026-09-30 02:09:07
1541,CZE,Czechia,2008,7.0455,1855,17.88,17.88,23.7637,43.9628,8.5549,26.002,27.077,463.18,Our World in Data / WHO,2026-09-30 02:09:07
1542,CZE,Czechia,2009,6.4636,1848,17.73,17.73,24.2034,44.7763,8.7132,26.073,27.157,435.25,Our World in Data / WHO,2026-09-30 02:09:07
1543,CZE,Czechia,2010,5.8818,1833,17.51,17.51,24.6667,45.6334,8.88,26.147,27.24,407.33,Our World in Data / WHO,2026-09-30 02:09:07
1544,CZE,Czechia,2011,5.3,2245,21.39,21.39,25.1482,46.5242,9.0534,26.224,27.327,379.4,Our World in Data / WHO,2026-09-30 02:09:07
1545,CZE,Czechia,2012,5.3,2130,20.27,20.27,25.6595,47.4701,9.2374,26.306,27.419,379.4,Our World in Data / WHO,2026-09-30 02:09:07
1546,CZE,Czechia,2013,5.3,3601,34.25,34.25,26.2137,48.4953,9.4369,26.394,27.518,379.4,Our World in Data / WHO,2026-09-30 02:09:07
1547,CZE,Czechia,2014,5.3,3367,32.01,32.01,26.7922,49.5656,9.6452,26.487,27.623,379.4,Our World in Data / WHO,2026-09-30 02:09:07
1548,CZE,Czechia,2015,5.3,3596,34.17,34.17,27.3709,50.6362,9.8535,26.579,27.727,379.4,Our World in Data / WHO,2026-09-30 02:09:07
1549,CZE,Czechia,2016,5.3,3630,34.48,34.48,27.9346,51.679,10.0565,26.67,27.828,379.4,Our World in Data / WHO,2026-09-30 02:09:07
1550,CZE,Czechia,2017,5.3,3579,33.99,33.99,28.4775,52.6834,10.2519,26.756,27.926,379.4,Our World in Data / WHO,2026-09-30 02:09:07
1551,CZE,Czechia,2018,5.3,4118,39.09,39.09,29.0028,53.6552,10.441,26.84,28.021,379.4,Our World in Data / WHO,2026-09-30 02:09:07
1552,CZE,Czechia,2019,5.3,4096,38.87,38.87,29.5179,54.6081,10.6264,26.923,28.113,379.4,Our World in Data / WHO,2026-09-30 02:09:07
1553,CZE,Czechia,2020,5.3,4836,45.92,45.92,30.0157,55.529,10.8057,27.003,28.203,379.4,Our World in Data / WHO,2026-09-30 02:09:07
1554,CZE,Czechia,2021,5.3,4930,46.91,46.91,30.4897,56.4059,10.9763,27.078,28.288,379.4,Our World in Data / WHO,2026-09-30 02:09:07
1555,CZE,Czechia,2022,5.3,4930,46.91,46.91,30.7651,56.9154,11.0754,27.122,28.338,379.4,Our World in Data / WHO,2026-09-30 02:09:07
1556,DEU,Germany,1990,5.3,18444,22.62,22.62,15.4935,28.663,5.5777,24.679,25.589,379.4,Our World in Data / WHO,2026-09-30 02:09:07
1557,DEU,Germany,1991,5.3,18444,22.62,22.62,15.9121,29.4374,5.7284,24.746,25.664,379.4,Our World in Data / WHO,2026-09-30 02:09:07
1558,DEU,Germany,1992,5.3,18444,22.62,22.62,16.3454,30.239,5.8843,24.815,25.742,379.4,Our World in Data / WHO,2026-09-30 02:09:07
1559,DEU,Germany,1993,5.3,18444,22.62,22.62,16.7995,31.0791,6.0478,24.888,25.824,379.4,Our World in Data / WHO,2026-09-30 02:09:07
1560,DEU,Germany,1994,5.3,18444,22.62,22.62,17.2967,31.9989,6.2268,24.967,25.913,379.4,Our World in Data / WHO,2026-09-30 02:09:07
1561,DEU,Germany,1995,5.3,18444,22.62,22.62,17.808,32.9448,6.4109,25.049,26.005,379.4,Our World in Data / WHO,2026-09-30 02:09:07
1562,DEU,Germany,1996,5.3,18444,22.62,22.62,18.3253,33.9018,6.5971,25.132,26.099,379.4,Our World in Data / WHO,2026-09-30 02:09:07
1563,DEU,Germany,1997,5.3,18444,22.62,22.62,18.8418,34.8573,6.783,25.215,26.192,379.4,Our World in Data / WHO,2026-09-30 02:09:07
1564,DEU,Germany,1998,5.3,18444,22.62,22.62,19.3991,35.8883,6.9837,25.304,26.292,379.4,Our World in Data / WHO,2026-09-30 02:09:07
1565,DEU,Germany,1999,5.3,18444,22.62,22.62,19.9622,36.9301,7.1864,25.394,26.393,379.4,Our World in Data / WHO,2026-09-30 02:09:07
1566,DEU,Germany,2000,5.3,18444,22.62,22.62,20.4652,37.8606,7.3675,25.474,26.484,379.4,Our World in Data / WHO,2026-09-30 02:09:07
1567,DEU,Germany,2001,5.3,18835,23.11,23.11,20.9525,38.7621,7.5429,25.552,26.571,379.4,Our World in Data / WHO,2026-09-30 02:09:07
1568,DEU,Germany,2002,5.3,20266,24.88,24.88,21.4277,39.6412,7.714,25.628,26.657,379.4,Our World in Data / WHO,2026-09-30 02:09:07
1569,DEU,Germany,2003,5.3,20417,25.1,25.1,21.8822,40.4821,7.8776,25.701,26.739,379.4,Our World in Data / WHO,2026-09-30 02:09:07
1570,DEU,Germany,2004,5.3,20034,24.65,24.65,22.3104,41.2742,8.0317,25.77,26.816,379.4,Our World in Data / WHO,2026-09-30 02:09:07
1571,DEU,Germany,2005,5.3,20452,25.18,25.18,22.6789,41.956,8.1644,25.829,26.882,379.4,Our World in Data / WHO,2026-09-30 02:09:07
1572,DEU,Germany,2006,5.3,18511,22.8,22.8,23.0482,42.6392,8.2974,25.888,26.949,379.4,Our World in Data / WHO,2026-09-30 02:09:07
1573,DEU,Germany,2007,5.3,17986,22.16,22.16,23.3932,43.2774,8.4216,25.943,27.011,379.4,Our World in Data / WHO,2026-09-30 02:09:07
1574,DEU,Germany,2008,5.3,18287,22.52,22.52,23.6363,43.7272,8.5091,25.982,27.055,379.4,Our World in Data / WHO,2026-09-30 02:09:07
1575,DEU,Germany,2009,5.3,18654,22.96,22.96,23.7948,44.0204,8.5661,26.007,27.083,379.4,Our World in Data / WHO,2026-09-30 02:09:07
1576,DEU,Germany,2010,5.3,18772,23.08,23.08,23.8998,44.2146,8.6039,26.024,27.102,379.4,Our World in Data / WHO,2026-09-30 02:09:07
1577,DEU,Germany,2011,5.3,18848,23.15,23.15,23.9764,44.3563,8.6315,26.036,27.116,379.4,Our World in Data / WHO,2026-09-30 02:09:07
1578,DEU,Germany,2012,5.3,19047,23.36,23.36,24.0601,44.5112,8.6616,26.05,27.131,379.4,Our World in Data / WHO,2026-09-30 02:09:07
1579,DEU,Germany,2013,5.3,19549,23.93,23.93,24.1271,44.6351,8.6858,26.06,27.143,379.4,Our World in Data / WHO,2026-09-30 02:09:07
1580,DEU,Germany,2014,5.3,18009,22.0,22.0,24.1311,44.6425,8.6872,26.061,27.144,379.4,Our World in Data / WHO,2026-09-30 02:09:07
1581,DEU,Germany,2015,5.3,19278,23.49,23.49,24.0962,44.578,8.6746,26.055,27.137,379.4,Our World in Data / WHO,2026-09-30 02:09:07
1582,DEU,Germany,2016,5.3,18414,22.37,22.37,24.0716,44.5325,8.6658,26.051,27.133,379.4,Our World in Data / WHO,2026-09-30 02:09:07
1583,DEU,Germany,2017,5.3,19934,24.13,24.13,24.0853,44.5578,8.6707,26.054,27.135,379.4,Our World in Data / WHO,2026-09-30 02:09:07
1584,DEU,Germany,2018,5.3,20014,24.14,24.14,24.1004,44.5857,8.6761,26.056,27.138,379.4,Our World in Data / WHO,2026-09-30 02:09:07
1585,DEU,Germany,2019,5.3,19314,23.23,23.23,24.1205,44.6229,8.6834,26.059,27.142,379.4,Our World in Data / WHO,2026-09-30 02:09:07
1586,DEU,Germany,2020,5.3,20767,24.92,24.92,24.1621,44.6999,8.6984,26.066,27.149,379.4,Our World in Data / WHO,2026-09-30 02:09:07
1587,DEU,Germany,2021,5.3,21000,25.18,25.18,24.2323,44.8298,8.7236,26.077,27.162,379.4,Our World in Data / WHO,2026-09-30 02:09:07
1588,DEU,Germany,2022,5.3,21000,25.18,25.18,24.3161,44.9848,8.7538,26.091,27.177,379.4,Our World in Data / WHO,2026-09-30 02:09:07
1589,DJI,Djibouti,1990,6.3,115,15.55,15.55,2.0996,6.0,0.7559,22.536,23.178,427.4,Our World in Data / WHO,2026-09-30 02:09:07
1590,DJI,Djibouti,1991,6.3,115,15.55,15.55,2.1932,6.0,0.7896,22.551,23.195,427.4,Our World in Data / WHO,2026-09-30 02:09:07
1591,DJI,Djibouti,1992,6.3,115,15.55,15.55,2.2936,6.0,0.8257,22.567,23.213,427.4,Our World in Data / WHO,2026-09-30 02:09:07
1592,DJI,Djibouti,1993,6.3,115,15.55,15.55,2.4008,6.0,0.8643,22.584,23.232,427.4,Our World in Data / WHO,2026-09-30 02:09:07
1593,DJI,Djibouti,1994,6.3,115,15.55,15.55,2.5158,6.0,0.9057,22.603,23.253,427.4,Our World in Data / WHO,2026-09-30 02:09:07
1594,DJI,Djibouti,1995,6.3,115,15.55,15.55,2.6408,6.0,0.9507,22.623,23.275,427.4,Our World in Data / WHO,2026-09-30 02:09:07
1595,DJI,Djibouti,1996,6.3,115,15.55,15.55,2.7758,6.0,0.9993,22.644,23.3,427.4,Our World in Data / WHO,2026-09-30 02:09:07
1596,DJI,Djibouti,1997,6.3,115,15.55,15.55,2.9165,6.0,1.0499,22.667,23.325,427.4,Our World in Data / WHO,2026-09-30 02:09:07
1597,DJI,Djibouti,1998,6.3,115,15.55,15.55,3.0682,6.0,1.1046,22.691,23.352,427.4,Our World in Data / WHO,2026-09-30 02:09:07
1598,DJI,Djibouti,1999,6.3,115,15.55,15.55,3.2405,6.0,1.1666,22.718,23.383,427.4,Our World in Data / WHO,2026-09-30 02:09:07
1599,DJI,Djibouti,2000,6.3,115,15.55,15.55,3.4307,6.3468,1.2351,22.749,23.418,427.4,Our World in Data / WHO,2026-09-30 02:09:07
1600,DJI,Djibouti,2001,6.3,122,15.96,15.96,3.6346,6.724,1.3085,22.782,23.454,427.4,Our World in Data / WHO,2026-09-30 02:09:07
1601,DJI,Djibouti,2002,6.3,138,17.44,17.44,3.852,7.1262,1.3867,22.816,23.493,427.4,Our World in Data / WHO,2026-09-30 02:09:07
1602,DJI,Djibouti,2003,6.3,148,18.32,18.32,4.0903,7.5671,1.4725,22.854,23.536,427.4,Our World in Data / WHO,2026-09-30 02:09:07
1603,DJI,Djibouti,2004,6.3,157,19.24,19.24,4.3445,8.0373,1.564,22.895,23.582,427.4,Our World in Data / WHO,2026-09-30 02:09:07
1604,DJI,Djibouti,2005,6.3,160,19.24,19.24,4.6054,8.52,1.6579,22.937,23.629,427.4,Our World in Data / WHO,2026-09-30 02:09:07
1605,DJI,Djibouti,2006,6.3,163,19.27,19.27,4.8674,9.0047,1.7523,22.979,23.676,427.4,Our World in Data / WHO,2026-09-30 02:09:07
1606,DJI,Djibouti,2007,6.3,172,19.83,19.83,5.1315,9.4933,1.8473,23.021,23.724,427.4,Our World in Data / WHO,2026-09-30 02:09:07
1607,DJI,Djibouti,2008,6.3,171,19.42,19.42,5.4006,9.9911,1.9442,23.064,23.772,427.4,Our World in Data / WHO,2026-09-30 02:09:07
1608,DJI,Djibouti,2009,6.3,180,19.95,19.95,5.6742,10.4973,2.0427,23.108,23.821,427.4,Our World in Data / WHO,2026-09-30 02:09:07
1609,DJI,Djibouti,2010,6.3,179,19.51,19.51,5.9563,11.0192,2.1443,23.153,23.872,427.4,Our World in Data / WHO,2026-09-30 02:09:07
1610,DJI,Djibouti,2011,6.3,192,20.49,20.49,6.2482,11.5592,2.2494,23.2,23.925,427.4,Our World in Data / WHO,2026-09-30 02:09:07
1611,DJI,Djibouti,2012,6.3,202,21.17,21.17,6.5514,12.1201,2.3585,23.248,23.979,427.4,Our World in Data / WHO,2026-09-30 02:09:07
1612,DJI,Djibouti,2013,6.3,214,22.01,22.01,6.8689,12.7075,2.4728,23.299,24.036,427.4,Our World in Data / WHO,2026-09-30 02:09:07
1613,DJI,Djibouti,2014,6.3,234,23.64,23.64,7.2023,13.3243,2.5928,23.352,24.096,427.4,Our World in Data / WHO,2026-09-30 02:09:07
1614,DJI,Djibouti,2015,6.3,241,23.99,23.99,7.5512,13.9697,2.7184,23.408,24.159,427.4,Our World in Data / WHO,2026-09-30 02:09:07
1615,DJI,Djibouti,2016,6.3,255,24.91,24.91,7.9118,14.6368,2.8482,23.466,24.224,427.4,Our World in Data / WHO,2026-09-30 02:09:07
1616,DJI,Djibouti,2017,6.3,270,25.95,25.95,8.2799,15.3178,2.9808,23.525,24.29,427.4,Our World in Data / WHO,2026-09-30 02:09:07
1617,DJI,Djibouti,2018,6.3,281,26.57,26.57,8.6543,16.0105,3.1155,23.585,24.358,427.4,Our World in Data / WHO,2026-09-30 02:09:07
1618,DJI,Djibouti,2019,6.3,287,26.76,26.76,9.0376,16.7196,3.2535,23.646,24.427,427.4,Our World in Data / WHO,2026-09-30 02:09:07
1619,DJI,Djibouti,2020,6.3,308,28.29,28.29,9.4318,17.4488,3.3954,23.709,24.498,427.4,Our World in Data / WHO,2026-09-30 02:09:07
1620,DJI,Djibouti,2021,6.3,304,27.5,27.5,9.8381,18.2005,3.5417,23.774,24.571,427.4,Our World in Data / WHO,2026-09-30 02:09:07
1621,DJI,Djibouti,2022,6.3,304,27.5,27.5,10.2643,18.989,3.6951,23.842,24.648,427.4,Our World in Data / WHO,2026-09-30 02:09:07
1622,DMA,Dominica,1990,8.9,57,83.36,83.36,10.6644,19.7291,3.8392,23.906,24.72,552.2,Our World in Data / WHO,2026-09-30 02:09:07
1623,DMA,Dominica,1991,8.9,57,83.36,83.36,11.1321,20.5944,4.0076,23.981,24.804,552.2,Our World in Data / WHO,2026-09-30 02:09:07
1624,DMA,Dominica,1992,8.9,57,83.36,83.36,11.6364,21.5273,4.1891,24.062,24.895,552.2,Our World in Data / WHO,2026-09-30 02:09:07
1625,DMA,Dominica,1993,8.9,57,83.36,83.36,12.1884,22.5485,4.3878,24.15,24.994,552.2,Our World in Data / WHO,2026-09-30 02:09:07
1626,DMA,Dominica,1994,8.9,57,83.36,83.36,12.7857,23.6535,4.6029,24.246,25.101,552.2,Our World in Data / WHO,2026-09-30 02:09:07
1627,DMA,Dominica,1995,8.9,57,83.36,83.36,13.424,24.8344,4.8326,24.348,25.216,552.2,Our World in Data / WHO,2026-09-30 02:09:07
1628,DMA,Dominica,1996,8.9,57,83.36,83.36,14.0987,26.0826,5.0755,24.456,25.338,552.2,Our World in Data / WHO,2026-09-30 02:09:07
1629,DMA,Dominica,1997,8.9,57,83.36,83.36,14.796,27.3726,5.3266,24.567,25.463,552.2,Our World in Data / WHO,2026-09-30 02:09:07
1630,DMA,Dominica,1998,8.9,57,83.36,83.36,15.5004,28.6757,5.5801,24.68,25.59,552.2,Our World in Data / WHO,2026-09-30 02:09:07
1631,DMA,Dominica,1999,8.9,57,83.36,83.36,16.2091,29.9868,5.8353,24.793,25.718,552.2,Our World in Data / WHO,2026-09-30 02:09:07
1632,DMA,Dominica,2000,8.9,57,83.36,83.36,16.9092,31.282,6.0873,24.905,25.844,552.2,Our World in Data / WHO,2026-09-30 02:09:07
1633,DMA,Dominica,2001,8.9,57,83.94,83.94,17.5757,32.515,6.3273,25.012,25.964,552.2,Our World in Data / WHO,2026-09-30 02:09:07
1634,DMA,Dominica,2002,8.9,58,84.81,84.81,18.211,33.6904,6.556,25.114,26.078,552.2,Our World in Data / WHO,2026-09-30 02:09:07
1635,DMA,Dominica,2003,8.9,59,85.88,85.88,18.8394,34.8529,6.7822,25.214,26.191,552.2,Our World in Data / WHO,2026-09-30 02:09:07
1636,DMA,Dominica,2004,8.9,59,85.86,85.86,19.4717,36.0226,7.0098,25.315,26.305,552.2,Our World in Data / WHO,2026-09-30 02:09:07
1637,DMA,Dominica,2005,8.9,60,87.14,87.14,20.1109,37.2052,7.2399,25.418,26.42,552.2,Our World in Data / WHO,2026-09-30 02:09:07
1638,DMA,Dominica,2006,8.9,60,87.43,87.43,20.7504,38.3882,7.4701,25.52,26.535,552.2,Our World in Data / WHO,2026-09-30 02:09:07
1639,DMA,Dominica,2007,8.9,60,86.91,86.91,21.3838,39.56,7.6982,25.621,26.649,552.2,Our World in Data / WHO,2026-09-30 02:09:07
1640,DMA,Dominica,2008,8.9,61,89.14,89.14,22.008,40.7148,7.9229,25.721,26.761,552.2,Our World in Data / WHO,2026-09-30 02:09:07
1641,DMA,Dominica,2009,8.9,62,90.37,90.37,22.616,41.8396,8.1418,25.819,26.871,552.2,Our World in Data / WHO,2026-09-30 02:09:07
1642,DMA,Dominica,2010,8.9,64,93.54,93.54,23.207,42.933,8.3545,25.913,26.977,552.2,Our World in Data / WHO,2026-09-30 02:09:07
1643,DMA,Dominica,2011,8.9,64,93.47,93.47,23.8269,44.0798,8.5777,26.012,27.089,552.2,Our World in Data / WHO,2026-09-30 02:09:07
1644,DMA,Dominica,2012,8.9,62,90.39,90.39,24.4626,45.2558,8.8065,26.114,27.203,552.2,Our World in Data / WHO,2026-09-30 02:09:07
1645,DMA,Dominica,2013,8.9,61,89.29,89.29,25.1435,46.5155,9.0517,26.223,27.326,552.2,Our World in Data / WHO,2026-09-30 02:09:07
1646,DMA,Dominica,2014,8.9,58,83.95,83.95,25.8421,47.8079,9.3032,26.335,27.452,552.2,Our World in Data / WHO,2026-09-30 02:09:07
1647,DMA,Dominica,2015,8.9,55,78.18,78.18,26.5141,49.0511,9.5451,26.442,27.573,552.2,Our World in Data / WHO,2026-09-30 02:09:07
1648,DMA,Dominica,2016,8.9,56,79.43,79.43,27.1488,50.2253,9.7736,26.544,27.687,552.2,Our World in Data / WHO,2026-09-30 02:09:07
1649,DMA,Dominica,2017,8.9,54,77.23,77.23,27.7848,51.4019,10.0025,26.646,27.801,552.2,Our World in Data / WHO,2026-09-30 02:09:07
1650,DMA,Dominica,2018,8.9,54,76.26,76.26,28.4826,52.6928,10.2537,26.757,27.927,552.2,Our World in Data / WHO,2026-09-30 02:09:07
1651,DMA,Dominica,2019,8.9,55,77.11,77.11,29.1874,53.9967,10.5075,26.87,28.054,552.2,Our World in Data / WHO,2026-09-30 02:09:07
1652,DMA,Dominica,2020,8.9,54,74.35,74.35,29.9178,55.3479,10.7704,26.987,28.185,552.2,Our World in Data / WHO,2026-09-30 02:09:07
1653,DMA,Dominica,2021,8.9,51,70.57,70.57,30.6683,56.7364,11.0406,27.107,28.32,552.2,Our World in Data / WHO,2026-09-30 02:09:07
1654,DMA,Dominica,2022,8.9,51,70.57,70.57,31.4267,58.1394,11.3136,27.228,28.457,552.2,Our World in Data / WHO,2026-09-30 02:09:07
1655,DNK,Denmark,1990,5.6,1346,25.21,25.21,8.7671,16.2191,3.1562,23.603,24.378,393.8,Our World in Data / WHO,2026-09-30 02:09:07
1656,DNK,Denmark,1991,5.6,1346,25.21,25.21,9.0022,16.6541,3.2408,23.64,24.42,393.8,Our World in Data / WHO,2026-09-30 02:09:07
1657,DNK,Denmark,1992,5.6,1346,25.21,25.21,9.2473,17.1075,3.329,23.68,24.465,393.8,Our World in Data / WHO,2026-09-30 02:09:07
1658,DNK,Denmark,1993,5.6,1346,25.21,25.21,9.4969,17.5693,3.4189,23.72,24.509,393.8,Our World in Data / WHO,2026-09-30 02:09:07
1659,DNK,Denmark,1994,5.6,1346,25.21,25.21,9.7578,18.0519,3.5128,23.761,24.556,393.8,Our World in Data / WHO,2026-09-30 02:09:07
1660,DNK,Denmark,1995,5.6,1346,25.21,25.21,10.0345,18.5638,3.6124,23.806,24.606,393.8,Our World in Data / WHO,2026-09-30 02:09:07
1661,DNK,Denmark,1996,5.6,1346,25.21,25.21,10.3237,19.0988,3.7165,23.852,24.658,393.8,Our World in Data / WHO,2026-09-30 02:09:07
1662,DNK,Denmark,1997,5.6,1346,25.21,25.21,10.6271,19.6601,3.8258,23.9,24.713,393.8,Our World in Data / WHO,2026-09-30 02:09:07
1663,DNK,Denmark,1998,5.6,1346,25.21,25.21,10.9406,20.2401,3.9386,23.95,24.769,393.8,Our World in Data / WHO,2026-09-30 02:09:07
1664,DNK,Denmark,1999,5.6,1346,25.21,25.21,11.2616,20.834,4.0542,24.002,24.827,393.8,Our World in Data / WHO,2026-09-30 02:09:07
1665,DNK,Denmark,2000,5.6,1346,25.21,25.21,11.5882,21.4382,4.1718,24.054,24.886,393.8,Our World in Data / WHO,2026-09-30 02:09:07
1666,DNK,Denmark,2001,5.6,1292,24.09,24.09,11.9129,22.0389,4.2886,24.106,24.944,393.8,Our World in Data / WHO,2026-09-30 02:09:07
1667,DNK,Denmark,2002,5.6,1377,25.6,25.6,12.2268,22.6196,4.4016,24.156,25.001,393.8,Our World in Data / WHO,2026-09-30 02:09:07
1668,DNK,Denmark,2003,5.6,1274,23.61,23.61,12.5241,23.1696,4.5087,24.204,25.054,393.8,Our World in Data / WHO,2026-09-30 02:09:07
1669,DNK,Denmark,2004,5.6,1203,22.21,22.21,12.8002,23.6804,4.6081,24.248,25.104,393.8,Our World in Data / WHO,2026-09-30 02:09:07
1670,DNK,Denmark,2005,5.6,1236,22.73,22.73,13.0519,24.146,4.6987,24.288,25.149,393.8,Our World in Data / WHO,2026-09-30 02:09:07
1671,DNK,Denmark,2006,5.6,1212,22.21,22.21,13.2732,24.5554,4.7784,24.324,25.189,393.8,Our World in Data / WHO,2026-09-30 02:09:07
1672,DNK,Denmark,2007,5.6,1242,22.67,22.67,13.4547,24.8912,4.8437,24.353,25.222,393.8,Our World in Data / WHO,2026-09-30 02:09:07
1673,DNK,Denmark,2008,5.6,1218,22.13,22.13,13.5945,25.1498,4.894,24.375,25.247,393.8,Our World in Data / WHO,2026-09-30 02:09:07
1674,DNK,Denmark,2009,5.6,1264,22.88,22.88,13.7025,25.3496,4.9329,24.392,25.266,393.8,Our World in Data / WHO,2026-09-30 02:09:07
1675,DNK,Denmark,2010,5.6,1157,20.84,20.84,13.7839,25.5002,4.9622,24.405,25.281,393.8,Our World in Data / WHO,2026-09-30 02:09:07
1676,DNK,Denmark,2011,5.6,1260,22.59,22.59,13.8443,25.612,4.9839,24.415,25.292,393.8,Our World in Data / WHO,2026-09-30 02:09:07
1677,DNK,Denmark,2012,5.6,1198,21.4,21.4,13.8916,25.6995,5.001,24.423,25.3,393.8,Our World in Data / WHO,2026-09-30 02:09:07
1678,DNK,Denmark,2013,5.6,1217,21.64,21.64,13.9389,25.787,5.018,24.43,25.309,393.8,Our World in Data / WHO,2026-09-30 02:09:07
1679,DNK,Denmark,2014,5.6,1189,21.05,21.05,13.9984,25.897,5.0394,24.44,25.32,393.8,Our World in Data / WHO,2026-09-30 02:09:07
1680,DNK,Denmark,2015,5.6,1237,21.78,21.78,14.0708,26.031,5.0655,24.451,25.333,393.8,Our World in Data / WHO,2026-09-30 02:09:07
1681,DNK,Denmark,2016,5.6,1242,21.76,21.76,14.1591,26.1943,5.0973,24.465,25.349,393.8,Our World in Data / WHO,2026-09-30 02:09:07
1682,DNK,Denmark,2017,5.6,1196,20.85,20.85,14.2613,26.3834,5.1341,24.482,25.367,393.8,Our World in Data / WHO,2026-09-30 02:09:07
1683,DNK,Denmark,2018,5.6,1244,21.57,21.57,14.3729,26.5899,5.1742,24.5,25.387,393.8,Our World in Data / WHO,2026-09-30 02:09:07
1684,DNK,Denmark,2019,5.6,1178,20.32,20.32,14.4961,26.8178,5.2186,24.519,25.409,393.8,Our World in Data / WHO,2026-09-30 02:09:07
1685,DNK,Denmark,2020,5.6,1125,19.31,19.31,14.6375,27.0794,5.2695,24.542,25.435,393.8,Our World in Data / WHO,2026-09-30 02:09:07
1686,DNK,Denmark,2021,5.6,1183,20.21,20.21,14.7834,27.3493,5.322,24.565,25.461,393.8,Our World in Data / WHO,2026-09-30 02:09:07
1687,DNK,Denmark,2022,5.6,1183,20.21,20.21,14.9218,27.6053,5.3718,24.587,25.486,393.8,Our World in Data / WHO,2026-09-30 02:09:07
1688,DOM,Dominican Republic,1990,8.1,964,11.28,11.28,7.4273,13.7405,2.6738,23.388,24.137,513.8,Our World in Data / WHO,2026-09-30 02:09:07
1689,DOM,Dominican Republic,1991,8.1,964,11.28,11.28,7.8779,14.5741,2.836,23.46,24.218,513.8,Our World in Data / WHO,2026-09-30 02:09:07
1690,DOM,Dominican Republic,1992,8.1,964,11.28,11.28,8.3576,15.4616,3.0087,23.537,24.304,513.8,Our World in Data / WHO,2026-09-30 02:09:07
1691,DOM,Dominican Republic,1993,8.1,964,11.28,11.28,8.8692,16.408,3.1929,23.619,24.396,513.8,Our World in Data / WHO,2026-09-30 02:09:07
1692,DOM,Dominican Republic,1994,8.1,964,11.28,11.28,9.415,17.4177,3.3894,23.706,24.495,513.8,Our World in Data / WHO,2026-09-30 02:09:07
1693,DOM,Dominican Republic,1995,8.1,964,11.28,11.28,9.9946,18.49,3.5981,23.799,24.599,513.8,Our World in Data / WHO,2026-09-30 02:09:07
1694,DOM,Dominican Republic,1996,8.1,964,11.28,11.28,10.6085,19.6257,3.8191,23.897,24.71,513.8,Our World in Data / WHO,2026-09-30 02:09:07
1695,DOM,Dominican Republic,1997,8.1,964,11.28,11.28,11.2531,20.8182,4.0511,24.0,24.826,513.8,Our World in Data / WHO,2026-09-30 02:09:07
1696,DOM,Dominican Republic,1998,8.1,964,11.28,11.28,11.9219,22.0555,4.2919,24.108,24.946,513.8,Our World in Data / WHO,2026-09-30 02:09:07
1697,DOM,Dominican Republic,1999,8.1,964,11.28,11.28,12.6139,23.3357,4.541,24.218,25.071,513.8,Our World in Data / WHO,2026-09-30 02:09:07
1698,DOM,Dominican Republic,2000,8.1,964,11.28,11.28,13.3227,24.647,4.7962,24.332,25.198,513.8,Our World in Data / WHO,2026-09-30 02:09:07
1699,DOM,Dominican Republic,2001,8.1,990,11.42,11.42,14.0377,25.9697,5.0536,24.446,25.327,513.8,Our World in Data / WHO,2026-09-30 02:09:07
1700,DOM,Dominican Republic,2002,8.1,1039,11.81,11.81,14.7532,27.2934,5.3112,24.561,25.456,513.8,Our World in Data / WHO,2026-09-30 02:09:07
1701,DOM,Dominican Republic,2003,8.1,1095,12.27,12.27,15.4699,28.6193,5.5692,24.675,25.585,513.8,Our World in Data / WHO,2026-09-30 02:09:07
1702,DOM,Dominican Republic,2004,8.1,1202,13.29,13.29,16.185,29.9422,5.8266,24.79,25.713,513.8,Our World in Data / WHO,2026-09-30 02:09:07
1703,DOM,Dominican Republic,2005,8.1,1311,14.31,14.31,16.8957,31.257,6.0825,24.903,25.841,513.8,Our World in Data / WHO,2026-09-30 02:09:07
1704,DOM,Dominican Republic,2006,8.1,1383,14.9,14.9,17.5973,32.555,6.335,25.016,25.968,513.8,Our World in Data / WHO,2026-09-30 02:09:07
1705,DOM,Dominican Republic,2007,8.1,1416,15.06,15.06,18.2897,33.8359,6.5843,25.126,26.092,513.8,Our World in Data / WHO,2026-09-30 02:09:07
1706,DOM,Dominican Republic,2008,8.1,1459,15.32,15.32,18.9775,35.1084,6.8319,25.236,26.216,513.8,Our World in Data / WHO,2026-09-30 02:09:07
1707,DOM,Dominican Republic,2009,8.1,1507,15.62,15.62,19.6654,36.381,7.0795,25.346,26.34,513.8,Our World in Data / WHO,2026-09-30 02:09:07
1708,DOM,Dominican Republic,2010,8.1,1510,15.45,15.45,20.3532,37.6534,7.3272,25.457,26.464,513.8,Our World in Data / WHO,2026-09-30 02:09:07
1709,DOM,Dominican Republic,2011,8.1,1564,15.79,15.79,21.0394,38.9229,7.5742,25.566,26.587,513.8,Our World in Data / WHO,2026-09-30 02:09:07
1710,DOM,Dominican Republic,2012,8.1,1715,17.1,17.1,21.7257,40.1925,7.8213,25.676,26.711,513.8,Our World in Data / WHO,2026-09-30 02:09:07
1711,DOM,Dominican Republic,2013,8.1,1870,18.41,18.41,22.4183,41.4739,8.0706,25.787,26.835,513.8,Our World in Data / WHO,2026-09-30 02:09:07
1712,DOM,Dominican Republic,2014,8.1,1965,19.11,19.11,23.1251,42.7814,8.325,25.9,26.963,513.8,Our World in Data / WHO,2026-09-30 02:09:07
1713,DOM,Dominican Republic,2015,8.1,2072,19.91,19.91,23.8523,44.1268,8.5868,26.016,27.093,513.8,Our World in Data / WHO,2026-09-30 02:09:07
1714,DOM,Dominican Republic,2016,8.1,2166,20.57,20.57,24.5982,45.5067,8.8554,26.136,27.228,513.8,Our World in Data / WHO,2026-09-30 02:09:07
1715,DOM,Dominican Republic,2017,8.1,2284,21.45,21.45,25.3438,46.886,9.1238,26.255,27.362,513.8,Our World in Data / WHO,2026-09-30 02:09:07
1716,DOM,Dominican Republic,2018,8.1,2363,21.95,21.95,26.0777,48.2437,9.388,26.372,27.494,513.8,Our World in Data / WHO,2026-09-30 02:09:07
1717,DOM,Dominican Republic,2019,8.1,2395,22.01,22.01,26.8141,49.6061,9.6531,26.49,27.627,513.8,Our World in Data / WHO,2026-09-30 02:09:07
1718,DOM,Dominican Republic,2020,8.1,2596,23.6,23.6,27.5633,50.9921,9.9228,26.61,27.761,513.8,Our World in Data / WHO,2026-09-30 02:09:07
1719,DOM,Dominican Republic,2021,8.1,2460,22.12,22.12,28.3232,52.3979,10.1964,26.732,27.898,513.8,Our World in Data / WHO,2026-09-30 02:09:07
1720,DOM,Dominican Republic,2022,8.1,2460,22.12,22.12,29.0964,53.8283,10.4747,26.855,28.037,513.8,Our World in Data / WHO,2026-09-30 02:09:07
1721,DZA,Algeria,1990,7.0,1414,4.59,4.59,8.5738,15.8615,3.0866,23.572,24.343,461.0,Our World in Data / WHO,2026-09-30 02:09:07
1722,DZA,Algeria,1991,7.0,1414,4.59,4.59,8.8373,16.349,3.1814,23.614,24.391,461.0,Our World in Data / WHO,2026-09-30 02:09:07
1723,DZA,Algeria,1992,7.0,1414,4.59,4.59,9.1255,16.8822,3.2852,23.66,24.443,461.0,Our World in Data / WHO,2026-09-30 02:09:07
1724,DZA,Algeria,1993,7.0,1414,4.59,4.59,9.4325,17.4501,3.3957,23.709,24.498,461.0,Our World in Data / WHO,2026-09-30 02:09:07
1725,DZA,Algeria,1994,7.0,1414,4.59,4.59,9.7492,18.036,3.5097,23.76,24.555,461.0,Our World in Data / WHO,2026-09-30 02:09:07
1726,DZA,Algeria,1995,7.0,1414,4.59,4.59,10.0799,18.6478,3.6288,23.813,24.614,461.0,Our World in Data / WHO,2026-09-30 02:09:07
1727,DZA,Algeria,1996,7.0,1414,4.59,4.59,10.4167,19.2709,3.75,23.867,24.675,461.0,Our World in Data / WHO,2026-09-30 02:09:07
1728,DZA,Algeria,1997,7.0,1414,4.59,4.59,10.7584,19.903,3.873,23.921,24.737,461.0,Our World in Data / WHO,2026-09-30 02:09:07
1729,DZA,Algeria,1998,7.0,1414,4.59,4.59,11.1126,20.5583,4.0005,23.978,24.8,461.0,Our World in Data / WHO,2026-09-30 02:09:07
1730,DZA,Algeria,1999,7.0,1414,4.59,4.59,11.4839,21.2452,4.1342,24.037,24.867,461.0,Our World in Data / WHO,2026-09-30 02:09:07
1731,DZA,Algeria,2000,7.0,1414,4.59,4.59,11.8715,21.9623,4.2737,24.099,24.937,461.0,Our World in Data / WHO,2026-09-30 02:09:07
1732,DZA,Algeria,2001,7.0,1470,4.71,4.71,12.2771,22.7126,4.4198,24.164,25.01,461.0,Our World in Data / WHO,2026-09-30 02:09:07
1733,DZA,Algeria,2002,7.0,1578,4.99,4.99,12.6993,23.4937,4.5717,24.232,25.086,461.0,Our World in Data / WHO,2026-09-30 02:09:07
1734,DZA,Algeria,2003,7.0,1691,5.28,5.28,13.1348,24.2994,4.7285,24.302,25.164,461.0,Our World in Data / WHO,2026-09-30 02:09:07
1735,DZA,Algeria,2004,7.0,1812,5.57,5.57,13.5828,25.1282,4.8898,24.373,25.245,461.0,Our World in Data / WHO,2026-09-30 02:09:07
1736,DZA,Algeria,2005,7.0,1924,5.84,5.84,14.0416,25.977,5.055,24.447,25.327,461.0,Our World in Data / WHO,2026-09-30 02:09:07
1737,DZA,Algeria,2006,7.0,2042,6.11,6.11,14.5135,26.85,5.2249,24.522,25.412,461.0,Our World in Data / WHO,2026-09-30 02:09:07
1738,DZA,Algeria,2007,7.0,2156,6.34,6.34,15.0022,27.7541,5.4008,24.6,25.5,461.0,Our World in Data / WHO,2026-09-30 02:09:07
1739,DZA,Algeria,2008,7.0,2278,6.59,6.59,15.5115,28.6963,5.5841,24.682,25.592,461.0,Our World in Data / WHO,2026-09-30 02:09:07
1740,DZA,Algeria,2009,7.0,2400,6.82,6.82,16.0412,29.6762,5.7748,24.767,25.687,461.0,Our World in Data / WHO,2026-09-30 02:09:07
1741,DZA,Algeria,2010,7.0,2554,7.12,7.12,16.5892,30.69,5.9721,24.854,25.786,461.0,Our World in Data / WHO,2026-09-30 02:09:07
1742,DZA,Algeria,2011,7.0,2709,7.41,7.41,17.1515,31.7303,6.1745,24.944,25.887,461.0,Our World in Data / WHO,2026-09-30 02:09:07
1743,DZA,Algeria,2012,7.0,2821,7.57,7.57,17.73,32.8005,6.3828,25.037,25.991,461.0,Our World in Data / WHO,2026-09-30 02:09:07
1744,DZA,Algeria,2013,7.0,2990,7.87,7.87,18.323,33.8976,6.5963,25.132,26.098,461.0,Our World in Data / WHO,2026-09-30 02:09:07
1745,DZA,Algeria,2014,7.0,3144,8.11,8.11,18.9263,35.0137,6.8135,25.228,26.207,461.0,Our World in Data / WHO,2026-09-30 02:09:07
1746,DZA,Algeria,2015,7.0,3325,8.41,8.41,19.5382,36.1457,7.0338,25.326,26.317,461.0,Our World in Data / WHO,2026-09-30 02:09:07
1747,DZA,Algeria,2016,7.0,3473,8.61,8.61,20.1676,37.3101,7.2603,25.427,26.43,461.0,Our World in Data / WHO,2026-09-30 02:09:07
1748,DZA,Algeria,2017,7.0,3665,8.91,8.91,20.777,38.4375,7.4797,25.524,26.54,461.0,Our World in Data / WHO,2026-09-30 02:09:07
1749,DZA,Algeria,2018,7.0,3938,9.39,9.39,21.3404,39.4797,7.6825,25.614,26.641,461.0,Our World in Data / WHO,2026-09-30 02:09:07
1750,DZA,Algeria,2019,7.0,4193,9.82,9.82,21.8709,40.4612,7.8735,25.699,26.737,461.0,Our World in Data / WHO,2026-09-30 02:09:07
1751,DZA,Algeria,2020,7.0,4481,10.31,10.31,22.3854,41.413,8.0587,25.782,26.829,461.0,Our World in Data / WHO,2026-09-30 02:09:07
1752,DZA,Algeria,2021,7.0,4855,10.99,10.99,22.8823,42.3323,8.2376,25.861,26.919,461.0,Our World in Data / WHO,2026-09-30 02:09:07
1753,DZA,Algeria,2022,7.0,4855,10.99,10.99,23.3601,43.2162,8.4096,25.938,27.005,461.0,Our World in Data / WHO,2026-09-30 02:09:07
1754,ECU,Ecuador,1990,6.6,2170,17.19,17.19,8.4736,15.6762,3.0505,23.556,24.325,441.8,Our World in Data / WHO,2026-09-30 02:09:07
1755,ECU,Ecuador,1991,6.6,2170,17.19,17.19,8.8038,16.287,3.1694,23.609,24.385,441.8,Our World in Data / WHO,2026-09-30 02:09:07
1756,ECU,Ecuador,1992,6.6,2170,17.19,17.19,9.1505,16.9284,3.2942,23.664,24.447,441.8,Our World in Data / WHO,2026-09-30 02:09:07
1757,ECU,Ecuador,1993,6.6,2170,17.19,17.19,9.5148,17.6024,3.4253,23.722,24.513,441.8,Our World in Data / WHO,2026-09-30 02:09:07
1758,ECU,Ecuador,1994,6.6,2170,17.19,17.19,9.8991,18.3133,3.5637,23.784,24.582,441.8,Our World in Data / WHO,2026-09-30 02:09:07
1759,ECU,Ecuador,1995,6.6,2170,17.19,17.19,10.3015,19.0578,3.7085,23.848,24.654,441.8,Our World in Data / WHO,2026-09-30 02:09:07
1760,ECU,Ecuador,1996,6.6,2170,17.19,17.19,10.7222,19.8361,3.86,23.916,24.73,441.8,Our World in Data / WHO,2026-09-30 02:09:07
1761,ECU,Ecuador,1997,6.6,2170,17.19,17.19,11.1612,20.6482,4.018,23.986,24.809,441.8,Our World in Data / WHO,2026-09-30 02:09:07
1762,ECU,Ecuador,1998,6.6,2170,17.19,17.19,11.616,21.4896,4.1818,24.059,24.891,441.8,Our World in Data / WHO,2026-09-30 02:09:07
1763,ECU,Ecuador,1999,6.6,2170,17.19,17.19,12.0876,22.3621,4.3515,24.134,24.976,441.8,Our World in Data / WHO,2026-09-30 02:09:07
1764,ECU,Ecuador,2000,6.6,2170,17.19,17.19,12.5718,23.2578,4.5258,24.211,25.063,441.8,Our World in Data / WHO,2026-09-30 02:09:07
1765,ECU,Ecuador,2001,6.6,2101,16.36,16.36,13.0646,24.1695,4.7033,24.29,25.152,441.8,Our World in Data / WHO,2026-09-30 02:09:07
1766,ECU,Ecuador,2002,6.6,1999,15.29,15.29,13.5642,25.0938,4.8831,24.37,25.242,441.8,Our World in Data / WHO,2026-09-30 02:09:07
1767,ECU,Ecuador,2003,6.6,2048,15.4,15.4,14.0757,26.04,5.0673,24.452,25.334,441.8,Our World in Data / WHO,2026-09-30 02:09:07
1768,ECU,Ecuador,2004,6.6,2303,17.02,17.02,14.6047,27.0187,5.2577,24.537,25.429,441.8,Our World in Data / WHO,2026-09-30 02:09:07
1769,ECU,Ecuador,2005,6.6,2385,17.32,17.32,15.1536,28.0342,5.4553,24.625,25.528,441.8,Our World in Data / WHO,2026-09-30 02:09:07
1770,ECU,Ecuador,2006,6.6,2488,17.76,17.76,15.7219,29.0855,5.6599,24.716,25.63,441.8,Our World in Data / WHO,2026-09-30 02:09:07
1771,ECU,Ecuador,2007,6.6,2652,18.61,18.61,16.3098,30.1731,5.8715,24.81,25.736,441.8,Our World in Data / WHO,2026-09-30 02:09:07
1772,ECU,Ecuador,2008,6.6,2780,19.18,19.18,16.9186,31.2994,6.0907,24.907,25.845,441.8,Our World in Data / WHO,2026-09-30 02:09:07
1773,ECU,Ecuador,2009,6.6,3268,22.17,22.17,17.5517,32.4706,6.3186,25.008,25.959,441.8,Our World in Data / WHO,2026-09-30 02:09:07
1774,ECU,Ecuador,2010,6.6,3302,22.03,22.03,18.2079,33.6846,6.5548,25.113,26.077,441.8,Our World in Data / WHO,2026-09-30 02:09:07
1775,ECU,Ecuador,2011,6.6,3677,24.13,24.13,18.8889,34.9445,6.8,25.222,26.2,441.8,Our World in Data / WHO,2026-09-30 02:09:07
1776,ECU,Ecuador,2012,6.6,3731,24.1,24.1,19.5898,36.2411,7.0523,25.334,26.326,441.8,Our World in Data / WHO,2026-09-30 02:09:07
1777,ECU,Ecuador,2013,6.6,3731,23.73,23.73,20.2999,37.5548,7.308,25.448,26.454,441.8,Our World in Data / WHO,2026-09-30 02:09:07
1778,ECU,Ecuador,2014,6.6,3503,21.95,21.95,21.0158,38.8792,7.5657,25.563,26.583,441.8,Our World in Data / WHO,2026-09-30 02:09:07
1779,ECU,Ecuador,2015,6.6,3597,22.21,22.21,21.7387,40.2166,7.8259,25.678,26.713,441.8,Our World in Data / WHO,2026-09-30 02:09:07
1780,ECU,Ecuador,2016,6.6,3814,23.2,23.2,22.4717,41.5726,8.0898,25.795,26.845,441.8,Our World in Data / WHO,2026-09-30 02:09:07
1781,ECU,Ecuador,2017,6.6,3787,22.68,22.68,23.2082,42.9352,8.355,25.913,26.977,441.8,Our World in Data / WHO,2026-09-30 02:09:07
1782,ECU,Ecuador,2018,6.6,3620,21.27,21.27,23.9409,44.2907,8.6187,26.031,27.109,441.8,Our World in Data / WHO,2026-09-30 02:09:07
1783,ECU,Ecuador,2019,6.6,3715,21.42,21.42,24.6824,45.6624,8.8857,26.149,27.243,441.8,Our World in Data / WHO,2026-09-30 02:09:07
1784,ECU,Ecuador,2020,6.6,5206,29.6,29.6,25.4534,47.0888,9.1632,26.273,27.382,441.8,Our World in Data / WHO,2026-09-30 02:09:07
1785,ECU,Ecuador,2021,6.6,4216,23.69,23.69,26.2505,48.5634,9.4502,26.4,27.525,441.8,Our World in Data / WHO,2026-09-30 02:09:07
1786,ECU,Ecuador,2022,6.6,4216,23.69,23.69,27.0644,50.0691,9.7432,26.53,27.672,441.8,Our World in Data / WHO,2026-09-30 02:09:07
1787,EGY,Egypt,1990,16.6,8392,11.76,11.76,18.0519,33.396,6.4987,25.088,26.049,921.8,Our World in Data / WHO,2026-09-30 02:09:07
1788,EGY,Egypt,1991,16.6,8392,11.76,11.76,18.7225,34.6366,6.7401,25.196,26.17,921.8,Our World in Data / WHO,2026-09-30 02:09:07
1789,EGY,Egypt,1992,16.6,8392,11.76,11.76,19.4347,35.9542,6.9965,25.31,26.298,921.8,Our World in Data / WHO,2026-09-30 02:09:07
1790,EGY,Egypt,1993,16.6,8392,11.76,11.76,20.1624,37.3004,7.2585,25.426,26.429,921.8,Our World in Data / WHO,2026-09-30 02:09:07
1791,EGY,Egypt,1994,16.6,8392,11.76,11.76,20.9147,38.6922,7.5293,25.546,26.565,921.8,Our World in Data / WHO,2026-09-30 02:09:07
1792,EGY,Egypt,1995,16.6,8392,11.76,11.76,21.6913,40.1289,7.8089,25.671,26.704,921.8,Our World in Data / WHO,2026-09-30 02:09:07
1793,EGY,Egypt,1996,16.6,8392,11.76,11.76,22.4943,41.6145,8.0979,25.799,26.849,921.8,Our World in Data / WHO,2026-09-30 02:09:07
1794,EGY,Egypt,1997,16.6,8392,11.76,11.76,23.3206,43.1431,8.3954,25.931,26.998,921.8,Our World in Data / WHO,2026-09-30 02:09:07
1795,EGY,Egypt,1998,16.6,8392,11.76,11.76,24.1578,44.6919,8.6968,26.065,27.148,921.8,Our World in Data / WHO,2026-09-30 02:09:07
1796,EGY,Egypt,1999,16.6,8392,11.76,11.76,25.0042,46.2578,9.0015,26.201,27.301,921.8,Our World in Data / WHO,2026-09-30 02:09:07
1797,EGY,Egypt,2000,16.6,8392,11.76,11.76,25.8551,47.8319,9.3078,26.337,27.454,921.8,Our World in Data / WHO,2026-09-30 02:09:07
1798,EGY,Egypt,2001,16.6,9356,12.84,12.84,26.6933,49.3826,9.6096,26.471,27.605,921.8,Our World in Data / WHO,2026-09-30 02:09:07
1799,EGY,Egypt,2002,16.6,10420,14.01,14.01,27.5148,50.9024,9.9053,26.602,27.753,921.8,Our World in Data / WHO,2026-09-30 02:09:07
1800,EGY,Egypt,2003,16.6,11789,15.52,15.52,28.3151,52.3829,10.1934,26.73,27.897,921.8,Our World in Data / WHO,2026-09-30 02:09:07
1801,EGY,Egypt,2004,16.6,12664,16.34,16.34,29.0997,53.8344,10.4759,26.856,28.038,921.8,Our World in Data / WHO,2026-09-30 02:09:07
1802,EGY,Egypt,2005,16.6,13415,16.96,16.96,29.8677,55.2552,10.7524,26.979,28.176,921.8,Our World in Data / WHO,2026-09-30 02:09:07
1803,EGY,Egypt,2006,16.6,14404,17.86,17.86,30.6249,56.6561,11.025,27.1,28.312,921.8,Our World in Data / WHO,2026-09-30 02:09:07
1804,EGY,Egypt,2007,16.6,15072,18.33,18.33,31.3896,58.0708,11.3003,27.222,28.45,921.8,Our World in Data / WHO,2026-09-30 02:09:07
1805,EGY,Egypt,2008,16.6,16069,19.17,19.17,32.1806,59.5341,11.585,27.349,28.593,921.8,Our World in Data / WHO,2026-09-30 02:09:07
1806,EGY,Egypt,2009,16.6,17191,20.11,20.11,32.9955,61.0417,11.8784,27.479,28.739,921.8,Our World in Data / WHO,2026-09-30 02:09:07
1807,EGY,Egypt,2010,16.6,18224,20.89,20.89,33.8242,62.5748,12.1767,27.612,28.888,921.8,Our World in Data / WHO,2026-09-30 02:09:07
1808,EGY,Egypt,2011,16.6,18832,21.11,21.11,34.6368,64.0781,12.4692,27.742,29.035,921.8,Our World in Data / WHO,2026-09-30 02:09:07
1809,EGY,Egypt,2012,16.6,20755,22.75,22.75,35.4353,65.5553,12.7567,27.87,29.178,921.8,Our World in Data / WHO,2026-09-30 02:09:07
1810,EGY,Egypt,2013,16.6,20061,21.48,21.48,36.2289,67.0235,13.0424,27.997,29.321,921.8,Our World in Data / WHO,2026-09-30 02:09:07
1811,EGY,Egypt,2014,16.6,21586,22.58,22.58,37.0156,68.4789,13.3256,28.122,29.463,921.8,Our World in Data / WHO,2026-09-30 02:09:07
1812,EGY,Egypt,2015,16.6,24260,24.83,24.83,37.7946,69.92,13.6061,28.247,29.603,921.8,Our World in Data / WHO,2026-09-30 02:09:07
1813,EGY,Egypt,2016,16.6,24135,24.19,24.19,38.5381,71.2955,13.8737,28.366,29.737,921.8,Our World in Data / WHO,2026-09-30 02:09:07
1814,EGY,Egypt,2017,16.6,23866,23.45,23.45,39.2077,72.5342,14.1148,28.473,29.857,921.8,Our World in Data / WHO,2026-09-30 02:09:07
1815,EGY,Egypt,2018,16.6,24770,23.88,23.88,39.8107,73.6498,14.3319,28.57,29.966,921.8,Our World in Data / WHO,2026-09-30 02:09:07
1816,EGY,Egypt,2019,16.6,25169,23.83,23.83,40.3698,74.6841,14.5331,28.659,30.067,921.8,Our World in Data / WHO,2026-09-30 02:09:07
1817,EGY,Egypt,2020,16.6,25300,23.54,23.54,40.8941,75.6541,14.7219,28.743,30.161,921.8,Our World in Data / WHO,2026-09-30 02:09:07
1818,EGY,Egypt,2021,16.6,25665,23.49,23.49,41.3874,76.5667,14.8995,28.822,30.25,921.8,Our World in Data / WHO,2026-09-30 02:09:07
1819,EGY,Egypt,2022,16.6,25665,23.49,23.49,41.8751,77.4689,15.075,28.9,30.338,921.8,Our World in Data / WHO,2026-09-30 02:09:07
1820,ERI,Eritrea,1990,3.6,656,27.41,27.41,0.6677,6.0,0.2404,22.307,22.92,297.8,Our World in Data / WHO,2026-09-30 02:09:07
1821,ERI,Eritrea,1991,3.6,656,27.41,27.41,0.697,6.0,0.2509,22.312,22.925,297.8,Our World in Data / WHO,2026-09-30 02:09:07
1822,ERI,Eritrea,1992,3.6,656,27.41,27.41,0.7287,6.0,0.2623,22.317,22.931,297.8,Our World in Data / WHO,2026-09-30 02:09:07
1823,ERI,Eritrea,1993,3.6,656,27.41,27.41,0.7592,6.0,0.2733,22.321,22.937,297.8,Our World in Data / WHO,2026-09-30 02:09:07
1824,ERI,Eritrea,1994,3.6,656,27.41,27.41,0.7923,6.0,0.2852,22.327,22.943,297.8,Our World in Data / WHO,2026-09-30 02:09:07
1825,ERI,Eritrea,1995,3.6,656,27.41,27.41,0.8204,6.0,0.2953,22.331,22.948,297.8,Our World in Data / WHO,2026-09-30 02:09:07
1826,ERI,Eritrea,1996,3.6,656,27.41,27.41,0.8558,6.0,0.3081,22.337,22.954,297.8,Our World in Data / WHO,2026-09-30 02:09:07
1827,ERI,Eritrea,1997,3.6,656,27.41,27.41,0.9087,6.0,0.3271,22.345,22.964,297.8,Our World in Data / WHO,2026-09-30 02:09:07
1828,ERI,Eritrea,1998,3.6,656,27.41,27.41,0.9662,6.0,0.3478,22.355,22.974,297.8,Our World in Data / WHO,2026-09-30 02:09:07
1829,ERI,Eritrea,1999,3.6,656,27.41,27.41,1.0289,6.0,0.3704,22.365,22.985,297.8,Our World in Data / WHO,2026-09-30 02:09:07
1830,ERI,Eritrea,2000,3.6,656,27.41,27.41,1.0949,6.0,0.3942,22.375,22.997,297.8,Our World in Data / WHO,2026-09-30 02:09:07
1831,ERI,Eritrea,2001,3.6,658,26.72,26.72,1.158,6.0,0.4169,22.385,23.008,297.8,Our World in Data / WHO,2026-09-30 02:09:07
1832,ERI,Eritrea,2002,3.6,687,26.98,26.98,1.2213,6.0,0.4397,22.395,23.02,297.8,Our World in Data / WHO,2026-09-30 02:09:07
1833,ERI,Eritrea,2003,3.6,689,25.97,25.97,1.2837,6.0,0.4621,22.405,23.031,297.8,Our World in Data / WHO,2026-09-30 02:09:07
1834,ERI,Eritrea,2004,3.6,733,26.51,26.51,1.3477,6.0,0.4852,22.416,23.043,297.8,Our World in Data / WHO,2026-09-30 02:09:07
1835,ERI,Eritrea,2005,3.6,760,26.83,26.83,1.4208,6.0,0.5115,22.427,23.056,297.8,Our World in Data / WHO,2026-09-30 02:09:07
1836,ERI,Eritrea,2006,3.6,781,27.13,27.13,1.4993,6.0,0.5397,22.44,23.07,297.8,Our World in Data / WHO,2026-09-30 02:09:07
1837,ERI,Eritrea,2007,3.6,789,26.96,26.96,1.5796,6.0,0.5687,22.453,23.084,297.8,Our World in Data / WHO,2026-09-30 02:09:07
1838,ERI,Eritrea,2008,3.6,827,27.53,27.53,1.6549,6.0,0.5958,22.465,23.098,297.8,Our World in Data / WHO,2026-09-30 02:09:07
1839,ERI,Eritrea,2009,3.6,864,28.03,28.03,1.7336,6.0,0.6241,22.477,23.112,297.8,Our World in Data / WHO,2026-09-30 02:09:07
1840,ERI,Eritrea,2010,3.6,885,28.12,28.12,1.82,6.0,0.6552,22.491,23.128,297.8,Our World in Data / WHO,2026-09-30 02:09:07
1841,ERI,Eritrea,2011,3.6,896,27.93,27.93,1.9139,6.0,0.689,22.506,23.145,297.8,Our World in Data / WHO,2026-09-30 02:09:07
1842,ERI,Eritrea,2012,3.6,904,27.81,27.81,2.0161,6.0,0.7258,22.523,23.163,297.8,Our World in Data / WHO,2026-09-30 02:09:07
1843,ERI,Eritrea,2013,3.6,932,28.27,28.27,2.1239,6.0,0.7646,22.54,23.182,297.8,Our World in Data / WHO,2026-09-30 02:09:07
1844,ERI,Eritrea,2014,3.6,945,28.42,28.42,2.2382,6.0,0.8058,22.558,23.203,297.8,Our World in Data / WHO,2026-09-30 02:09:07
1845,ERI,Eritrea,2015,3.6,962,28.79,28.79,2.3585,6.0,0.8491,22.577,23.225,297.8,Our World in Data / WHO,2026-09-30 02:09:07
1846,ERI,Eritrea,2016,3.6,975,28.98,28.98,2.4857,6.0,0.8949,22.598,23.247,297.8,Our World in Data / WHO,2026-09-30 02:09:07
1847,ERI,Eritrea,2017,3.6,1001,29.45,29.45,2.6194,6.0,0.943,22.619,23.271,297.8,Our World in Data / WHO,2026-09-30 02:09:07
1848,ERI,Eritrea,2018,3.6,1031,29.93,29.93,2.7536,6.0,0.9913,22.641,23.296,297.8,Our World in Data / WHO,2026-09-30 02:09:07
1849,ERI,Eritrea,2019,3.6,1053,30.09,30.09,2.8933,6.0,1.0416,22.663,23.321,297.8,Our World in Data / WHO,2026-09-30 02:09:07
1850,ERI,Eritrea,2020,3.6,1100,30.93,30.93,3.0387,6.0,1.0939,22.686,23.347,297.8,Our World in Data / WHO,2026-09-30 02:09:07
1851,ERI,Eritrea,2021,3.6,1131,31.23,31.23,3.1905,6.0,1.1486,22.71,23.374,297.8,Our World in Data / WHO,2026-09-30 02:09:07
1852,ERI,Eritrea,2022,3.6,1131,31.23,31.23,3.3529,6.2029,1.207,22.736,23.404,297.8,Our World in Data / WHO,2026-09-30 02:09:07
1853,ESP,Spain,1990,6.3,8149,20.0,20.0,15.7684,29.1715,5.6766,24.723,25.638,427.4,Our World in Data / WHO,2026-09-30 02:09:07
1854,ESP,Spain,1991,6.3,8149,20.0,20.0,16.0544,29.7006,5.7796,24.769,25.69,427.4,Our World in Data / WHO,2026-09-30 02:09:07
1855,ESP,Spain,1992,6.3,8149,20.0,20.0,16.3534,30.2538,5.8872,24.817,25.744,427.4,Our World in Data / WHO,2026-09-30 02:09:07
1856,ESP,Spain,1993,6.3,8149,20.0,20.0,16.6866,30.8702,6.0072,24.87,25.804,427.4,Our World in Data / WHO,2026-09-30 02:09:07
1857,ESP,Spain,1994,6.3,8149,20.0,20.0,17.0584,31.558,6.141,24.929,25.871,427.4,Our World in Data / WHO,2026-09-30 02:09:07
1858,ESP,Spain,1995,6.3,8149,20.0,20.0,17.4739,32.3267,6.2906,24.996,25.945,427.4,Our World in Data / WHO,2026-09-30 02:09:07
1859,ESP,Spain,1996,6.3,8149,20.0,20.0,17.9315,33.1733,6.4553,25.069,26.028,427.4,Our World in Data / WHO,2026-09-30 02:09:07
1860,ESP,Spain,1997,6.3,8149,20.0,20.0,18.4224,34.0814,6.6321,25.148,26.116,427.4,Our World in Data / WHO,2026-09-30 02:09:07
1861,ESP,Spain,1998,6.3,8149,20.0,20.0,18.9413,35.0414,6.8189,25.231,26.209,427.4,Our World in Data / WHO,2026-09-30 02:09:07
1862,ESP,Spain,1999,6.3,8149,20.0,20.0,19.4824,36.0424,7.0137,25.317,26.307,427.4,Our World in Data / WHO,2026-09-30 02:09:07
1863,ESP,Spain,2000,6.3,8149,20.0,20.0,20.0438,37.081,7.2158,25.407,26.408,427.4,Our World in Data / WHO,2026-09-30 02:09:07
1864,ESP,Spain,2001,6.3,8418,20.55,20.55,20.6026,38.1148,7.4169,25.496,26.508,427.4,Our World in Data / WHO,2026-09-30 02:09:07
1865,ESP,Spain,2002,6.3,8567,20.65,20.65,21.1011,39.037,7.5964,25.576,26.598,427.4,Our World in Data / WHO,2026-09-30 02:09:07
1866,ESP,Spain,2003,6.3,8856,20.97,20.97,21.5436,39.8557,7.7557,25.647,26.678,427.4,Our World in Data / WHO,2026-09-30 02:09:07
1867,ESP,Spain,2004,6.3,8649,20.13,20.13,21.9622,40.6301,7.9064,25.714,26.753,427.4,Our World in Data / WHO,2026-09-30 02:09:07
1868,ESP,Spain,2005,6.3,8928,20.44,20.44,22.3382,41.3257,8.0418,25.774,26.821,427.4,Our World in Data / WHO,2026-09-30 02:09:07
1869,ESP,Spain,2006,6.3,8299,18.68,18.68,22.6531,41.9082,8.1551,25.824,26.878,427.4,Our World in Data / WHO,2026-09-30 02:09:07
1870,ESP,Spain,2007,6.3,8713,19.26,19.26,22.884,42.3354,8.2382,25.861,26.919,427.4,Our World in Data / WHO,2026-09-30 02:09:07
1871,ESP,Spain,2008,6.3,8718,18.97,18.97,23.0497,42.6419,8.2979,25.888,26.949,427.4,Our World in Data / WHO,2026-09-30 02:09:07
1872,ESP,Spain,2009,6.3,8452,18.23,18.23,23.1674,42.8597,8.3403,25.907,26.97,427.4,Our World in Data / WHO,2026-09-30 02:09:07
1873,ESP,Spain,2010,6.3,8204,17.62,17.62,23.2085,42.9357,8.3551,25.913,26.978,427.4,Our World in Data / WHO,2026-09-30 02:09:07
1874,ESP,Spain,2011,6.3,8324,17.81,17.81,23.1539,42.8347,8.3354,25.905,26.968,427.4,Our World in Data / WHO,2026-09-30 02:09:07
1875,ESP,Spain,2012,6.3,8065,17.25,17.25,23.0281,42.602,8.2901,25.884,26.945,427.4,Our World in Data / WHO,2026-09-30 02:09:07
1876,ESP,Spain,2013,6.3,7440,15.96,15.96,22.8576,42.2866,8.2287,25.857,26.914,427.4,Our World in Data / WHO,2026-09-30 02:09:07
1877,ESP,Spain,2014,6.3,7614,16.39,16.39,22.6355,41.8757,8.1488,25.822,26.874,427.4,Our World in Data / WHO,2026-09-30 02:09:07
1878,ESP,Spain,2015,6.3,8036,17.31,17.31,22.3564,41.3593,8.0483,25.777,26.824,427.4,Our World in Data / WHO,2026-09-30 02:09:07
1879,ESP,Spain,2016,6.3,7363,15.84,15.84,22.0323,40.7598,7.9316,25.725,26.766,427.4,Our World in Data / WHO,2026-09-30 02:09:07
1880,ESP,Spain,2017,6.3,7811,16.77,16.77,21.666,40.0821,7.7998,25.667,26.7,427.4,Our World in Data / WHO,2026-09-30 02:09:07
1881,ESP,Spain,2018,6.3,7996,17.09,17.09,21.2597,39.3304,7.6535,25.602,26.627,427.4,Our World in Data / WHO,2026-09-30 02:09:07
1882,ESP,Spain,2019,6.3,7765,16.47,16.47,20.8335,38.542,7.5001,25.533,26.55,427.4,Our World in Data / WHO,2026-09-30 02:09:07
1883,ESP,Spain,2020,6.3,9049,19.11,19.11,20.4164,37.7703,7.3499,25.467,26.475,427.4,Our World in Data / WHO,2026-09-30 02:09:07
1884,ESP,Spain,2021,6.3,8629,18.17,18.17,20.0183,37.0339,7.2066,25.403,26.403,427.4,Our World in Data / WHO,2026-09-30 02:09:07
1885,ESP,Spain,2022,6.3,8629,18.17,18.17,19.6434,36.3403,7.0716,25.343,26.336,427.4,Our World in Data / WHO,2026-09-30 02:09:07
1886,EST,Estonia,1990,7.0,95,6.79,6.79,15.0091,27.7668,5.4033,24.601,25.502,461.0,Our World in Data / WHO,2026-09-30 02:09:07
1887,EST,Estonia,1991,7.0,95,6.79,6.79,15.2479,28.2086,5.4892,24.64,25.545,461.0,Our World in Data / WHO,2026-09-30 02:09:07
1888,EST,Estonia,1992,7.0,95,6.79,6.79,15.5692,28.803,5.6049,24.691,25.602,461.0,Our World in Data / WHO,2026-09-30 02:09:07
1889,EST,Estonia,1993,7.0,95,6.79,6.79,15.9213,29.4544,5.7317,24.747,25.666,461.0,Our World in Data / WHO,2026-09-30 02:09:07
1890,EST,Estonia,1994,7.0,95,6.79,6.79,16.2729,30.1049,5.8582,24.804,25.729,461.0,Our World in Data / WHO,2026-09-30 02:09:07
1891,EST,Estonia,1995,7.0,95,6.79,6.79,16.6483,30.7994,5.9934,24.864,25.797,461.0,Our World in Data / WHO,2026-09-30 02:09:07
1892,EST,Estonia,1996,7.0,95,6.79,6.79,17.0565,31.5545,6.1403,24.929,25.87,461.0,Our World in Data / WHO,2026-09-30 02:09:07
1893,EST,Estonia,1997,7.0,95,6.79,6.79,17.5,32.375,6.3,25.0,25.95,461.0,Our World in Data / WHO,2026-09-30 02:09:07
1894,EST,Estonia,1998,7.0,95,6.79,6.79,17.9608,33.2275,6.4659,25.074,26.033,461.0,Our World in Data / WHO,2026-09-30 02:09:07
1895,EST,Estonia,1999,7.0,95,6.79,6.79,18.4234,34.0833,6.6324,25.148,26.116,461.0,Our World in Data / WHO,2026-09-30 02:09:07
1896,EST,Estonia,2000,7.0,95,6.79,6.79,18.917,34.9965,6.8101,25.227,26.205,461.0,Our World in Data / WHO,2026-09-30 02:09:07
1897,EST,Estonia,2001,7.0,121,8.69,8.69,19.4478,35.9784,7.0012,25.312,26.301,461.0,Our World in Data / WHO,2026-09-30 02:09:07
1898,EST,Estonia,2002,7.0,101,7.33,7.33,19.9726,36.9493,7.1901,25.396,26.395,461.0,Our World in Data / WHO,2026-09-30 02:09:07
1899,EST,Estonia,2003,7.0,127,9.28,9.28,20.4825,37.8926,7.3737,25.477,26.487,461.0,Our World in Data / WHO,2026-09-30 02:09:07
1900,EST,Estonia,2004,7.0,235,17.26,17.26,20.9769,38.8073,7.5517,25.556,26.576,461.0,Our World in Data / WHO,2026-09-30 02:09:07
1901,EST,Estonia,2005,7.0,181,13.39,13.39,21.4451,39.6734,7.7202,25.631,26.66,461.0,Our World in Data / WHO,2026-09-30 02:09:07
1902,EST,Estonia,2006,7.0,190,14.14,14.14,21.8681,40.456,7.8725,25.699,26.736,461.0,Our World in Data / WHO,2026-09-30 02:09:07
1903,EST,Estonia,2007,7.0,200,14.9,14.9,22.2396,41.1433,8.0063,25.758,26.803,461.0,Our World in Data / WHO,2026-09-30 02:09:07
1904,EST,Estonia,2008,7.0,169,12.67,12.67,22.5752,41.7641,8.1271,25.812,26.864,461.0,Our World in Data / WHO,2026-09-30 02:09:07
1905,EST,Estonia,2009,7.0,149,11.15,11.15,22.9017,42.3681,8.2446,25.864,26.922,461.0,Our World in Data / WHO,2026-09-30 02:09:07
1906,EST,Estonia,2010,7.0,100,7.49,7.49,23.2169,42.9513,8.3581,25.915,26.979,461.0,Our World in Data / WHO,2026-09-30 02:09:07
1907,EST,Estonia,2011,7.0,105,7.89,7.89,23.5195,43.5111,8.467,25.963,27.034,461.0,Our World in Data / WHO,2026-09-30 02:09:07
1908,EST,Estonia,2012,7.0,85,6.39,6.39,23.8052,44.0396,8.5699,26.009,27.085,461.0,Our World in Data / WHO,2026-09-30 02:09:07
1909,EST,Estonia,2013,7.0,96,7.27,7.27,24.0586,44.5084,8.6611,26.049,27.131,461.0,Our World in Data / WHO,2026-09-30 02:09:07
1910,EST,Estonia,2014,7.0,100,7.63,7.63,24.2788,44.9158,8.7404,26.085,27.17,461.0,Our World in Data / WHO,2026-09-30 02:09:07
1911,EST,Estonia,2015,7.0,95,7.25,7.25,24.4425,45.2186,8.7993,26.111,27.2,461.0,Our World in Data / WHO,2026-09-30 02:09:07
1912,EST,Estonia,2016,7.0,134,10.18,10.18,24.5794,45.4719,8.8486,26.133,27.224,461.0,Our World in Data / WHO,2026-09-30 02:09:07
1913,EST,Estonia,2017,7.0,145,11.04,11.04,24.7057,45.7055,8.8941,26.153,27.247,461.0,Our World in Data / WHO,2026-09-30 02:09:07
1914,EST,Estonia,2018,7.0,170,12.86,12.86,24.7857,45.8535,8.9229,26.166,27.261,461.0,Our World in Data / WHO,2026-09-30 02:09:07
1915,EST,Estonia,2019,7.0,183,13.79,13.79,24.8537,45.9793,8.9473,26.177,27.274,461.0,Our World in Data / WHO,2026-09-30 02:09:07
1916,EST,Estonia,2020,7.0,247,18.58,18.58,24.9137,46.0903,8.9689,26.186,27.284,461.0,Our World in Data / WHO,2026-09-30 02:09:07
1917,EST,Estonia,2021,7.0,274,20.65,20.65,24.9283,46.1174,8.9742,26.189,27.287,461.0,Our World in Data / WHO,2026-09-30 02:09:07
1918,EST,Estonia,2022,7.0,274,20.65,20.65,24.9415,46.1418,8.9789,26.191,27.289,461.0,Our World in Data / WHO,2026-09-30 02:09:07
1919,ETH,Ethiopia,1990,3.4,11045,16.48,16.48,0.3186,6.0,0.1147,22.251,22.857,288.2,Our World in Data / WHO,2026-09-30 02:09:07
1920,ETH,Ethiopia,1991,3.4,11045,16.48,16.48,0.3322,6.0,0.1196,22.253,22.86,288.2,Our World in Data / WHO,2026-09-30 02:09:07
1921,ETH,Ethiopia,1992,3.4,11045,16.48,16.48,0.3476,6.0,0.1251,22.256,22.863,288.2,Our World in Data / WHO,2026-09-30 02:09:07
1922,ETH,Ethiopia,1993,3.4,11045,16.48,16.48,0.3658,6.0,0.1317,22.259,22.866,288.2,Our World in Data / WHO,2026-09-30 02:09:07
1923,ETH,Ethiopia,1994,3.4,11045,16.48,16.48,0.3857,6.0,0.1389,22.262,22.869,288.2,Our World in Data / WHO,2026-09-30 02:09:07
1924,ETH,Ethiopia,1995,3.4,11045,16.48,16.48,0.4081,6.0,0.1469,22.265,22.873,288.2,Our World in Data / WHO,2026-09-30 02:09:07
1925,ETH,Ethiopia,1996,3.4,11045,16.48,16.48,0.4332,6.0,0.156,22.269,22.878,288.2,Our World in Data / WHO,2026-09-30 02:09:07
1926,ETH,Ethiopia,1997,3.4,11045,16.48,16.48,0.4612,6.0,0.166,22.274,22.883,288.2,Our World in Data / WHO,2026-09-30 02:09:07
1927,ETH,Ethiopia,1998,3.4,11045,16.48,16.48,0.4927,6.0,0.1774,22.279,22.889,288.2,Our World in Data / WHO,2026-09-30 02:09:07
1928,ETH,Ethiopia,1999,3.4,11045,16.48,16.48,0.5279,6.0,0.19,22.284,22.895,288.2,Our World in Data / WHO,2026-09-30 02:09:07
1929,ETH,Ethiopia,2000,3.4,11045,16.48,16.48,0.5669,6.0,0.2041,22.291,22.902,288.2,Our World in Data / WHO,2026-09-30 02:09:07
1930,ETH,Ethiopia,2001,3.4,10952,15.87,15.87,0.6094,6.0,0.2194,22.298,22.91,288.2,Our World in Data / WHO,2026-09-30 02:09:07
1931,ETH,Ethiopia,2002,3.4,10978,15.45,15.45,0.6552,6.0,0.2359,22.305,22.918,288.2,Our World in Data / WHO,2026-09-30 02:09:07
1932,ETH,Ethiopia,2003,3.4,10983,15.01,15.01,0.7037,6.0,0.2533,22.313,22.927,288.2,Our World in Data / WHO,2026-09-30 02:09:07
1933,ETH,Ethiopia,2004,3.4,10993,14.6,14.6,0.7541,6.0,0.2715,22.321,22.936,288.2,Our World in Data / WHO,2026-09-30 02:09:07
1934,ETH,Ethiopia,2005,3.4,10915,14.09,14.09,0.8061,6.0,0.2902,22.329,22.945,288.2,Our World in Data / WHO,2026-09-30 02:09:07
1935,ETH,Ethiopia,2006,3.4,10825,13.58,13.58,0.8599,6.0,0.3096,22.338,22.955,288.2,Our World in Data / WHO,2026-09-30 02:09:07
1936,ETH,Ethiopia,2007,3.4,10742,13.1,13.1,0.9152,6.0,0.3295,22.346,22.965,288.2,Our World in Data / WHO,2026-09-30 02:09:07
1937,ETH,Ethiopia,2008,3.4,10788,12.79,12.79,0.972,6.0,0.3499,22.356,22.975,288.2,Our World in Data / WHO,2026-09-30 02:09:07
1938,ETH,Ethiopia,2009,3.4,10832,12.49,12.49,1.0302,6.0,0.3709,22.365,22.985,288.2,Our World in Data / WHO,2026-09-30 02:09:07
1939,ETH,Ethiopia,2010,3.4,10987,12.31,12.31,1.0905,6.0,0.3926,22.374,22.996,288.2,Our World in Data / WHO,2026-09-30 02:09:07
1940,ETH,Ethiopia,2011,3.4,11007,11.99,11.99,1.154,6.0,0.4154,22.385,23.008,288.2,Our World in Data / WHO,2026-09-30 02:09:07
1941,ETH,Ethiopia,2012,3.4,11017,11.66,11.66,1.2218,6.0,0.4398,22.395,23.02,288.2,Our World in Data / WHO,2026-09-30 02:09:07
1942,ETH,Ethiopia,2013,3.4,10813,11.14,11.14,1.2944,6.0,0.466,22.407,23.033,288.2,Our World in Data / WHO,2026-09-30 02:09:07
1943,ETH,Ethiopia,2014,3.4,11086,11.11,11.11,1.3719,6.0,0.4939,22.42,23.047,288.2,Our World in Data / WHO,2026-09-30 02:09:07
1944,ETH,Ethiopia,2015,3.4,12067,11.78,11.78,1.4548,6.0,0.5237,22.433,23.062,288.2,Our World in Data / WHO,2026-09-30 02:09:07
1945,ETH,Ethiopia,2016,3.4,12621,11.99,11.99,1.543,6.0,0.5555,22.447,23.078,288.2,Our World in Data / WHO,2026-09-30 02:09:07
1946,ETH,Ethiopia,2017,3.4,13092,12.1,12.1,1.6368,6.0,0.5892,22.462,23.095,288.2,Our World in Data / WHO,2026-09-30 02:09:07
1947,ETH,Ethiopia,2018,3.4,13915,12.52,12.52,1.7364,6.0,0.6251,22.478,23.113,288.2,Our World in Data / WHO,2026-09-30 02:09:07
1948,ETH,Ethiopia,2019,3.4,14737,12.91,12.91,1.8428,6.0,0.6634,22.495,23.132,288.2,Our World in Data / WHO,2026-09-30 02:09:07
1949,ETH,Ethiopia,2020,3.4,16421,14.01,14.01,1.9574,6.0,0.7047,22.513,23.152,288.2,Our World in Data / WHO,2026-09-30 02:09:07
1950,ETH,Ethiopia,2021,3.4,16827,13.99,13.99,2.0816,6.0,0.7494,22.533,23.175,288.2,Our World in Data / WHO,2026-09-30 02:09:07
1951,ETH,Ethiopia,2022,3.4,16827,13.99,13.99,2.2182,6.0,0.7986,22.555,23.199,288.2,Our World in Data / WHO,2026-09-30 02:09:07
1952,FIN,Finland,1990,5.8,495,9.56,9.56,14.9981,27.7465,5.3993,24.6,25.5,403.4,Our World in Data / WHO,2026-09-30 02:09:07
1953,FIN,Finland,1991,5.8,495,9.56,9.56,15.2979,28.3011,5.5072,24.648,25.554,403.4,Our World in Data / WHO,2026-09-30 02:09:07
1954,FIN,Finland,1992,5.8,495,9.56,9.56,15.6071,28.8731,5.6186,24.697,25.609,403.4,Our World in Data / WHO,2026-09-30 02:09:07
1955,FIN,Finland,1993,5.8,495,9.56,9.56,15.909,29.4316,5.7272,24.745,25.664,403.4,Our World in Data / WHO,2026-09-30 02:09:07
1956,FIN,Finland,1994,5.8,495,9.56,9.56,16.2278,30.0214,5.842,24.796,25.721,403.4,Our World in Data / WHO,2026-09-30 02:09:07
1957,FIN,Finland,1995,5.8,495,9.56,9.56,16.5667,30.6484,5.964,24.851,25.782,403.4,Our World in Data / WHO,2026-09-30 02:09:07
1958,FIN,Finland,1996,5.8,495,9.56,9.56,16.9301,31.3207,6.0948,24.909,25.847,403.4,Our World in Data / WHO,2026-09-30 02:09:07
1959,FIN,Finland,1997,5.8,495,9.56,9.56,17.3078,32.0194,6.2308,24.969,25.915,403.4,Our World in Data / WHO,2026-09-30 02:09:07
1960,FIN,Finland,1998,5.8,495,9.56,9.56,17.686,32.7191,6.367,25.03,25.983,403.4,Our World in Data / WHO,2026-09-30 02:09:07
1961,FIN,Finland,1999,5.8,495,9.56,9.56,18.0742,33.4373,6.5067,25.092,26.053,403.4,Our World in Data / WHO,2026-09-30 02:09:07
1962,FIN,Finland,2000,5.8,495,9.56,9.56,18.46,34.151,6.6456,25.154,26.123,403.4,Our World in Data / WHO,2026-09-30 02:09:07
1963,FIN,Finland,2001,5.8,446,8.6,8.6,18.841,34.8559,6.7828,25.215,26.191,403.4,Our World in Data / WHO,2026-09-30 02:09:07
1964,FIN,Finland,2002,5.8,468,9.0,9.0,19.2154,35.5485,6.9175,25.274,26.259,403.4,Our World in Data / WHO,2026-09-30 02:09:07
1965,FIN,Finland,2003,5.8,452,8.67,8.67,19.5789,36.221,7.0484,25.333,26.324,403.4,Our World in Data / WHO,2026-09-30 02:09:07
1966,FIN,Finland,2004,5.8,462,8.84,8.84,19.9392,36.8875,7.1781,25.39,26.389,403.4,Our World in Data / WHO,2026-09-30 02:09:07
1967,FIN,Finland,2005,5.8,433,8.26,8.26,20.2883,37.5334,7.3038,25.446,26.452,403.4,Our World in Data / WHO,2026-09-30 02:09:07
1968,FIN,Finland,2006,5.8,391,7.43,7.43,20.6128,38.1337,7.4206,25.498,26.51,403.4,Our World in Data / WHO,2026-09-30 02:09:07
1969,FIN,Finland,2007,5.8,433,8.2,8.2,20.9104,38.6842,7.5277,25.546,26.564,403.4,Our World in Data / WHO,2026-09-30 02:09:07
1970,FIN,Finland,2008,5.8,440,8.28,8.28,21.1775,39.1784,7.6239,25.588,26.612,403.4,Our World in Data / WHO,2026-09-30 02:09:07
1971,FIN,Finland,2009,5.8,350,6.56,6.56,21.4215,39.6298,7.7117,25.627,26.656,403.4,Our World in Data / WHO,2026-09-30 02:09:07
1972,FIN,Finland,2010,5.8,367,6.85,6.85,21.6486,40.0499,7.7935,25.664,26.697,403.4,Our World in Data / WHO,2026-09-30 02:09:07
1973,FIN,Finland,2011,5.8,371,6.89,6.89,21.8633,40.4471,7.8708,25.698,26.735,403.4,Our World in Data / WHO,2026-09-30 02:09:07
1974,FIN,Finland,2012,5.8,386,7.12,7.12,22.0789,40.846,7.9484,25.733,26.774,403.4,Our World in Data / WHO,2026-09-30 02:09:07
1975,FIN,Finland,2013,5.8,388,7.12,7.12,22.3121,41.2774,8.0324,25.77,26.816,403.4,Our World in Data / WHO,2026-09-30 02:09:07
1976,FIN,Finland,2014,5.8,391,7.17,7.17,22.5736,41.7612,8.1265,25.812,26.863,403.4,Our World in Data / WHO,2026-09-30 02:09:07
1977,FIN,Finland,2015,5.8,383,6.98,6.98,22.8679,42.3056,8.2324,25.859,26.916,403.4,Our World in Data / WHO,2026-09-30 02:09:07
1978,FIN,Finland,2016,5.8,448,8.15,8.15,23.189,42.8996,8.348,25.91,26.974,403.4,Our World in Data / WHO,2026-09-30 02:09:07
1979,FIN,Finland,2017,5.8,476,8.64,8.64,23.5265,43.524,8.4695,25.964,27.035,403.4,Our World in Data / WHO,2026-09-30 02:09:07
1980,FIN,Finland,2018,5.8,456,8.26,8.26,23.8803,44.1786,8.5969,26.021,27.098,403.4,Our World in Data / WHO,2026-09-30 02:09:07
1981,FIN,Finland,2019,5.8,497,9.01,9.01,24.2468,44.8566,8.7288,26.079,27.164,403.4,Our World in Data / WHO,2026-09-30 02:09:07
1982,FIN,Finland,2020,5.8,567,10.25,10.25,24.6307,45.5668,8.8671,26.141,27.234,403.4,Our World in Data / WHO,2026-09-30 02:09:07
1983,FIN,Finland,2021,5.8,571,10.32,10.32,25.0182,46.2837,9.0066,26.203,27.303,403.4,Our World in Data / WHO,2026-09-30 02:09:07
1984,FIN,Finland,2022,5.8,571,10.32,10.32,25.4198,47.0266,9.1511,26.267,27.376,403.4,Our World in Data / WHO,2026-09-30 02:09:07
1985,FJI,Fiji,1990,10.9,991,119.09,119.09,17.0497,31.5419,6.1379,24.928,25.869,648.2,Our World in Data / WHO,2026-09-30 02:09:07
1986,FJI,Fiji,1991,10.9,991,119.09,119.09,17.491,32.3584,6.2968,24.999,25.948,648.2,Our World in Data / WHO,2026-09-30 02:09:07
1987,FJI,Fiji,1992,10.9,991,119.09,119.09,17.9403,33.1896,6.4585,25.07,26.029,648.2,Our World in Data / WHO,2026-09-30 02:09:07
1988,FJI,Fiji,1993,10.9,991,119.09,119.09,18.3815,34.0058,6.6173,25.141,26.109,648.2,Our World in Data / WHO,2026-09-30 02:09:07
1989,FJI,Fiji,1994,10.9,991,119.09,119.09,18.8067,34.7924,6.7704,25.209,26.185,648.2,Our World in Data / WHO,2026-09-30 02:09:07
1990,FJI,Fiji,1995,10.9,991,119.09,119.09,19.2254,35.567,6.9211,25.276,26.261,648.2,Our World in Data / WHO,2026-09-30 02:09:07
1991,FJI,Fiji,1996,10.9,991,119.09,119.09,19.6414,36.3366,7.0709,25.343,26.335,648.2,Our World in Data / WHO,2026-09-30 02:09:07
1992,FJI,Fiji,1997,10.9,991,119.09,119.09,20.051,37.0944,7.2184,25.408,26.409,648.2,Our World in Data / WHO,2026-09-30 02:09:07
1993,FJI,Fiji,1998,10.9,991,119.09,119.09,20.4617,37.8541,7.3662,25.474,26.483,648.2,Our World in Data / WHO,2026-09-30 02:09:07
1994,FJI,Fiji,1999,10.9,991,119.09,119.09,20.8873,38.6415,7.5194,25.542,26.56,648.2,Our World in Data / WHO,2026-09-30 02:09:07
1995,FJI,Fiji,2000,10.9,991,119.09,119.09,21.3323,39.4648,7.6796,25.613,26.64,648.2,Our World in Data / WHO,2026-09-30 02:09:07
1996,FJI,Fiji,2001,10.9,997,118.54,118.54,21.8034,40.3363,7.8492,25.689,26.725,648.2,Our World in Data / WHO,2026-09-30 02:09:07
1997,FJI,Fiji,2002,10.9,1021,120.14,120.14,22.3016,41.258,8.0286,25.768,26.814,648.2,Our World in Data / WHO,2026-09-30 02:09:07
1998,FJI,Fiji,2003,10.9,1108,129.08,129.08,22.8428,42.2592,8.2234,25.855,26.912,648.2,Our World in Data / WHO,2026-09-30 02:09:07
1999,FJI,Fiji,2004,10.9,1120,129.17,129.17,23.4285,43.3427,8.4343,25.949,27.017,648.2,Our World in Data / WHO,2026-09-30 02:09:07
2000,FJI,Fiji,2005,10.9,1173,134.02,134.02,24.0458,44.4847,8.6565,26.047,27.128,648.2,Our World in Data / WHO,2026-09-30 02:09:07
2001,FJI,Fiji,2006,10.9,1212,137.2,137.2,24.6895,45.6756,8.8882,26.15,27.244,648.2,Our World in Data / WHO,2026-09-30 02:09:07
2002,FJI,Fiji,2007,10.9,1284,144.11,144.11,25.3563,46.9092,9.1283,26.257,27.364,648.2,Our World in Data / WHO,2026-09-30 02:09:07
2003,FJI,Fiji,2008,10.9,1350,150.53,150.53,26.0447,48.1827,9.3761,26.367,27.488,648.2,Our World in Data / WHO,2026-09-30 02:09:07
2004,FJI,Fiji,2009,10.9,1366,151.52,151.52,26.7495,49.4866,9.6298,26.48,27.615,648.2,Our World in Data / WHO,2026-09-30 02:09:07
2005,FJI,Fiji,2010,10.9,1403,154.98,154.98,27.4634,50.8073,9.8868,26.594,27.743,648.2,Our World in Data / WHO,2026-09-30 02:09:07
2006,FJI,Fiji,2011,10.9,1437,158.2,158.2,28.1943,52.1595,10.1499,26.711,27.875,648.2,Our World in Data / WHO,2026-09-30 02:09:07
2007,FJI,Fiji,2012,10.9,1456,159.86,159.86,28.949,53.5557,10.4216,26.832,28.011,648.2,Our World in Data / WHO,2026-09-30 02:09:07
2008,FJI,Fiji,2013,10.9,1480,162.01,162.01,29.7247,54.9907,10.7009,26.956,28.15,648.2,Our World in Data / WHO,2026-09-30 02:09:07
2009,FJI,Fiji,2014,10.9,1500,163.88,163.88,30.5195,56.4611,10.987,27.083,28.294,648.2,Our World in Data / WHO,2026-09-30 02:09:07
2010,FJI,Fiji,2015,10.9,1517,165.44,165.44,31.3436,57.9857,11.2837,27.215,28.442,648.2,Our World in Data / WHO,2026-09-30 02:09:07
2011,FJI,Fiji,2016,10.9,1536,167.24,167.24,32.2004,59.5707,11.5921,27.352,28.596,648.2,Our World in Data / WHO,2026-09-30 02:09:07
2012,FJI,Fiji,2017,10.9,1562,169.96,169.96,33.0761,61.1908,11.9074,27.492,28.754,648.2,Our World in Data / WHO,2026-09-30 02:09:07
2013,FJI,Fiji,2018,10.9,1597,173.8,173.8,33.9624,62.8304,12.2265,27.634,28.913,648.2,Our World in Data / WHO,2026-09-30 02:09:07
2014,FJI,Fiji,2019,10.9,1642,178.72,178.72,34.8538,64.4795,12.5474,27.777,29.074,648.2,Our World in Data / WHO,2026-09-30 02:09:07
2015,FJI,Fiji,2020,10.9,1672,181.65,181.65,35.7457,66.1295,12.8685,27.919,29.234,648.2,Our World in Data / WHO,2026-09-30 02:09:07
2016,FJI,Fiji,2021,10.9,1642,177.58,177.58,36.6363,67.7772,13.1891,28.062,29.395,648.2,Our World in Data / WHO,2026-09-30 02:09:07
2017,FJI,Fiji,2022,10.9,1642,177.58,177.58,37.5222,69.4161,13.508,28.204,29.554,648.2,Our World in Data / WHO,2026-09-30 02:09:07
2018,FRA,France,1990,5.4,10290,17.54,17.54,10.8333,20.0416,3.9,23.933,24.75,384.2,Our World in Data / WHO,2026-09-30 02:09:07
2019,FRA,France,1991,5.4,10290,17.54,17.54,10.9213,20.2044,3.9317,23.947,24.766,384.2,Our World in Data / WHO,2026-09-30 02:09:07
2020,FRA,France,1992,5.4,10290,17.54,17.54,11.0382,20.4207,3.9738,23.966,24.787,384.2,Our World in Data / WHO,2026-09-30 02:09:07
2021,FRA,France,1993,5.4,10290,17.54,17.54,11.1873,20.6965,4.0274,23.99,24.814,384.2,Our World in Data / WHO,2026-09-30 02:09:07
2022,FRA,France,1994,5.4,10290,17.54,17.54,11.3678,21.0304,4.0924,24.019,24.846,384.2,Our World in Data / WHO,2026-09-30 02:09:07
2023,FRA,France,1995,5.4,10290,17.54,17.54,11.5671,21.3991,4.1642,24.051,24.882,384.2,Our World in Data / WHO,2026-09-30 02:09:07
2024,FRA,France,1996,5.4,10290,17.54,17.54,11.7863,21.8047,4.2431,24.086,24.922,384.2,Our World in Data / WHO,2026-09-30 02:09:07
2025,FRA,France,1997,5.4,10290,17.54,17.54,12.0238,22.244,4.3286,24.124,24.964,384.2,Our World in Data / WHO,2026-09-30 02:09:07
2026,FRA,France,1998,5.4,10290,17.54,17.54,12.2611,22.683,4.414,24.162,25.007,384.2,Our World in Data / WHO,2026-09-30 02:09:07
2027,FRA,France,1999,5.4,10290,17.54,17.54,12.504,23.1324,4.5014,24.201,25.051,384.2,Our World in Data / WHO,2026-09-30 02:09:07
2028,FRA,France,2000,5.4,10290,17.54,17.54,12.7563,23.5992,4.5923,24.241,25.096,384.2,Our World in Data / WHO,2026-09-30 02:09:07
2029,FRA,France,2001,5.4,10568,17.91,17.91,13.0137,24.0753,4.6849,24.282,25.142,384.2,Our World in Data / WHO,2026-09-30 02:09:07
2030,FRA,France,2002,5.4,10678,17.98,17.98,13.27,24.5495,4.7772,24.323,25.189,384.2,Our World in Data / WHO,2026-09-30 02:09:07
2031,FRA,France,2003,5.4,11299,18.92,18.92,13.5094,24.9924,4.8634,24.362,25.232,384.2,Our World in Data / WHO,2026-09-30 02:09:07
2032,FRA,France,2004,5.4,10265,17.08,17.08,13.7269,25.3948,4.9417,24.396,25.271,384.2,Our World in Data / WHO,2026-09-30 02:09:07
2033,FRA,France,2005,5.4,10650,17.6,17.6,13.9174,25.7472,5.0103,24.427,25.305,384.2,Our World in Data / WHO,2026-09-30 02:09:07
2034,FRA,France,2006,5.4,10262,16.85,16.85,14.0825,26.0526,5.0697,24.453,25.335,384.2,Our World in Data / WHO,2026-09-30 02:09:07
2035,FRA,France,2007,5.4,10298,16.79,16.79,14.2262,26.3185,5.1214,24.476,25.361,384.2,Our World in Data / WHO,2026-09-30 02:09:07
2036,FRA,France,2008,5.4,10482,16.98,16.98,14.3352,26.5201,5.1607,24.494,25.38,384.2,Our World in Data / WHO,2026-09-30 02:09:07
2037,FRA,France,2009,5.4,10476,16.87,16.87,14.3979,26.6361,5.1832,24.504,25.392,384.2,Our World in Data / WHO,2026-09-30 02:09:07
2038,FRA,France,2010,5.4,10119,16.2,16.2,14.4168,26.6711,5.19,24.507,25.395,384.2,Our World in Data / WHO,2026-09-30 02:09:07
2039,FRA,France,2011,5.4,10276,16.37,16.37,14.4021,26.6439,5.1848,24.504,25.392,384.2,Our World in Data / WHO,2026-09-30 02:09:07
2040,FRA,France,2012,5.4,10667,16.91,16.91,14.3588,26.5638,5.1692,24.497,25.385,384.2,Our World in Data / WHO,2026-09-30 02:09:07
2041,FRA,France,2013,5.4,10687,16.87,16.87,14.2896,26.4358,5.1443,24.486,25.372,384.2,Our World in Data / WHO,2026-09-30 02:09:07
2042,FRA,France,2014,5.4,10208,16.05,16.05,14.1996,26.2693,5.1119,24.472,25.356,384.2,Our World in Data / WHO,2026-09-30 02:09:07
2043,FRA,France,2015,5.4,10563,16.55,16.55,14.0954,26.0765,5.0743,24.455,25.337,384.2,Our World in Data / WHO,2026-09-30 02:09:07
2044,FRA,France,2016,5.4,10264,16.04,16.04,13.9617,25.8291,5.0262,24.434,25.313,384.2,Our World in Data / WHO,2026-09-30 02:09:07
2045,FRA,France,2017,5.4,10915,17.02,17.02,13.8021,25.5339,4.9688,24.408,25.284,384.2,Our World in Data / WHO,2026-09-30 02:09:07
2046,FRA,France,2018,5.4,10034,15.61,15.61,13.629,25.2136,4.9064,24.381,25.253,384.2,Our World in Data / WHO,2026-09-30 02:09:07
2047,FRA,France,2019,5.4,10073,15.64,15.64,13.4472,24.8773,4.841,24.352,25.22,384.2,Our World in Data / WHO,2026-09-30 02:09:07
2048,FRA,France,2020,5.4,11058,17.15,17.15,13.2677,24.5452,4.7764,24.323,25.188,384.2,Our World in Data / WHO,2026-09-30 02:09:07
2049,FRA,France,2021,5.4,11408,17.68,17.68,13.0815,24.2008,4.7093,24.293,25.155,384.2,Our World in Data / WHO,2026-09-30 02:09:07
2050,FRA,France,2022,5.4,11408,17.68,17.68,12.8928,23.8517,4.6414,24.263,25.121,384.2,Our World in Data / WHO,2026-09-30 02:09:07
2051,FSM,Micronesia (country),1990,15.7,54,48.5,48.5,31.4015,58.0928,11.3045,27.224,28.452,878.6,Our World in Data / WHO,2026-09-30 02:09:07
2052,FSM,Micronesia (country),1991,15.7,54,48.5,48.5,31.8388,58.9018,11.462,27.294,28.531,878.6,Our World in Data / WHO,2026-09-30 02:09:07
2053,FSM,Micronesia (country),1992,15.7,54,48.5,48.5,32.4102,59.9589,11.6677,27.386,28.634,878.6,Our World in Data / WHO,2026-09-30 02:09:07
2054,FSM,Micronesia (country),1993,15.7,54,48.5,48.5,33.103,61.2406,11.9171,27.496,28.759,878.6,Our World in Data / WHO,2026-09-30 02:09:07
2055,FSM,Micronesia (country),1994,15.7,54,48.5,48.5,33.7152,62.3731,12.1375,27.594,28.869,878.6,Our World in Data / WHO,2026-09-30 02:09:07
2056,FSM,Micronesia (country),1995,15.7,54,48.5,48.5,34.2078,63.2844,12.3148,27.673,28.957,878.6,Our World in Data / WHO,2026-09-30 02:09:07
2057,FSM,Micronesia (country),1996,15.7,54,48.5,48.5,34.6454,64.094,12.4723,27.743,29.036,878.6,Our World in Data / WHO,2026-09-30 02:09:07
2058,FSM,Micronesia (country),1997,15.7,54,48.5,48.5,35.0869,64.9108,12.6313,27.814,29.116,878.6,Our World in Data / WHO,2026-09-30 02:09:07
2059,FSM,Micronesia (country),1998,15.7,54,48.5,48.5,35.5148,65.7024,12.7853,27.882,29.193,878.6,Our World in Data / WHO,2026-09-30 02:09:07
2060,FSM,Micronesia (country),1999,15.7,54,48.5,48.5,35.9329,66.4759,12.9358,27.949,29.268,878.6,Our World in Data / WHO,2026-09-30 02:09:07
2061,FSM,Micronesia (country),2000,15.7,54,48.5,48.5,36.3173,67.187,13.0742,28.011,29.337,878.6,Our World in Data / WHO,2026-09-30 02:09:07
2062,FSM,Micronesia (country),2001,15.7,57,50.66,50.66,36.6588,67.8188,13.1972,28.065,29.399,878.6,Our World in Data / WHO,2026-09-30 02:09:07
2063,FSM,Micronesia (country),2002,15.7,59,52.66,52.66,37.0034,68.4563,13.3212,28.121,29.461,878.6,Our World in Data / WHO,2026-09-30 02:09:07
2064,FSM,Micronesia (country),2003,15.7,61,54.83,54.83,37.3829,69.1584,13.4578,28.181,29.529,878.6,Our World in Data / WHO,2026-09-30 02:09:07
2065,FSM,Micronesia (country),2004,15.7,64,57.17,57.17,37.8226,69.9718,13.6161,28.252,29.608,878.6,Our World in Data / WHO,2026-09-30 02:09:07
2066,FSM,Micronesia (country),2005,15.7,66,59.11,59.11,38.326,70.9031,13.7974,28.332,29.699,878.6,Our World in Data / WHO,2026-09-30 02:09:07
2067,FSM,Micronesia (country),2006,15.7,66,59.52,59.52,38.8671,71.9041,13.9922,28.419,29.796,878.6,Our World in Data / WHO,2026-09-30 02:09:07
2068,FSM,Micronesia (country),2007,15.7,65,59.06,59.06,39.395,72.8808,14.1822,28.503,29.891,878.6,Our World in Data / WHO,2026-09-30 02:09:07
2069,FSM,Micronesia (country),2008,15.7,64,58.69,58.69,39.8934,73.8028,14.3616,28.583,29.981,878.6,Our World in Data / WHO,2026-09-30 02:09:07
2070,FSM,Micronesia (country),2009,15.7,63,58.56,58.56,40.3782,74.6997,14.5362,28.661,30.068,878.6,Our World in Data / WHO,2026-09-30 02:09:07
2071,FSM,Micronesia (country),2010,15.7,63,58.94,58.94,40.7925,75.4661,14.6853,28.727,30.143,878.6,Our World in Data / WHO,2026-09-30 02:09:07
2072,FSM,Micronesia (country),2011,15.7,65,60.29,60.29,41.1487,76.1251,14.8135,28.784,30.207,878.6,Our World in Data / WHO,2026-09-30 02:09:07
2073,FSM,Micronesia (country),2012,15.7,67,61.86,61.86,41.503,76.7806,14.9411,28.84,30.271,878.6,Our World in Data / WHO,2026-09-30 02:09:07
2074,FSM,Micronesia (country),2013,15.7,69,63.5,63.5,41.8441,77.4116,15.0639,28.895,30.332,878.6,Our World in Data / WHO,2026-09-30 02:09:07
2075,FSM,Micronesia (country),2014,15.7,70,64.33,64.33,42.2055,78.0802,15.194,28.953,30.397,878.6,Our World in Data / WHO,2026-09-30 02:09:07
2076,FSM,Micronesia (country),2015,15.7,74,67.92,67.92,42.5876,78.7871,15.3315,29.014,30.466,878.6,Our World in Data / WHO,2026-09-30 02:09:07
2077,FSM,Micronesia (country),2016,15.7,77,69.68,69.68,42.9574,79.4712,15.4647,29.073,30.532,878.6,Our World in Data / WHO,2026-09-30 02:09:07
2078,FSM,Micronesia (country),2017,15.7,80,72.09,72.09,43.3496,80.1968,15.6059,29.136,30.603,878.6,Our World in Data / WHO,2026-09-30 02:09:07
2079,FSM,Micronesia (country),2018,15.7,83,74.87,74.87,43.7672,80.9693,15.7562,29.203,30.678,878.6,Our World in Data / WHO,2026-09-30 02:09:07
2080,FSM,Micronesia (country),2019,15.7,86,77.39,77.39,44.2282,81.8222,15.9222,29.277,30.761,878.6,Our World in Data / WHO,2026-09-30 02:09:07
2081,FSM,Micronesia (country),2020,15.7,93,82.64,82.64,44.7336,82.7572,16.1041,29.357,30.852,878.6,Our World in Data / WHO,2026-09-30 02:09:07
2082,FSM,Micronesia (country),2021,15.7,96,84.71,84.71,45.229,83.6737,16.2824,29.437,30.941,878.6,Our World in Data / WHO,2026-09-30 02:09:07
2083,FSM,Micronesia (country),2022,15.7,96,84.71,84.71,45.7435,84.6255,16.4677,29.519,31.034,878.6,Our World in Data / WHO,2026-09-30 02:09:07
2084,GAB,Gabon,1990,10.3,440,34.55,34.55,5.2637,9.7378,1.8949,23.042,23.747,619.4,Our World in Data / WHO,2026-09-30 02:09:07
2085,GAB,Gabon,1991,10.3,440,34.55,34.55,5.5263,10.2237,1.9895,23.084,23.795,619.4,Our World in Data / WHO,2026-09-30 02:09:07
2086,GAB,Gabon,1992,10.3,440,34.55,34.55,5.8018,10.7333,2.0886,23.128,23.844,619.4,Our World in Data / WHO,2026-09-30 02:09:07
2087,GAB,Gabon,1993,10.3,440,34.55,34.55,6.0907,11.2678,2.1927,23.175,23.896,619.4,Our World in Data / WHO,2026-09-30 02:09:07
2088,GAB,Gabon,1994,10.3,440,34.55,34.55,6.3947,11.8302,2.3021,23.223,23.951,619.4,Our World in Data / WHO,2026-09-30 02:09:07
2089,GAB,Gabon,1995,10.3,440,34.55,34.55,6.7156,12.4239,2.4176,23.274,24.009,619.4,Our World in Data / WHO,2026-09-30 02:09:07
2090,GAB,Gabon,1996,10.3,440,34.55,34.55,7.0541,13.0501,2.5395,23.329,24.07,619.4,Our World in Data / WHO,2026-09-30 02:09:07
2091,GAB,Gabon,1997,10.3,440,34.55,34.55,7.4128,13.7137,2.6686,23.386,24.134,619.4,Our World in Data / WHO,2026-09-30 02:09:07
2092,GAB,Gabon,1998,10.3,440,34.55,34.55,7.7912,14.4137,2.8048,23.447,24.202,619.4,Our World in Data / WHO,2026-09-30 02:09:07
2093,GAB,Gabon,1999,10.3,440,34.55,34.55,8.1877,15.1472,2.9476,23.51,24.274,619.4,Our World in Data / WHO,2026-09-30 02:09:07
2094,GAB,Gabon,2000,10.3,440,34.55,34.55,8.6011,15.912,3.0964,23.576,24.348,619.4,Our World in Data / WHO,2026-09-30 02:09:07
2095,GAB,Gabon,2001,10.3,440,33.65,33.65,9.03,16.7055,3.2508,23.645,24.425,619.4,Our World in Data / WHO,2026-09-30 02:09:07
2096,GAB,Gabon,2002,10.3,413,30.78,30.78,9.4732,17.5254,3.4104,23.716,24.505,619.4,Our World in Data / WHO,2026-09-30 02:09:07
2097,GAB,Gabon,2003,10.3,418,30.33,30.33,9.9272,18.3653,3.5738,23.788,24.587,619.4,Our World in Data / WHO,2026-09-30 02:09:07
2098,GAB,Gabon,2004,10.3,431,30.39,30.39,10.3876,19.2171,3.7395,23.862,24.67,619.4,Our World in Data / WHO,2026-09-30 02:09:07
2099,GAB,Gabon,2005,10.3,496,33.98,33.98,10.8488,20.0703,3.9056,23.936,24.753,619.4,Our World in Data / WHO,2026-09-30 02:09:07
2100,GAB,Gabon,2006,10.3,518,34.45,34.45,11.3088,20.9213,4.0712,24.009,24.836,619.4,Our World in Data / WHO,2026-09-30 02:09:07
2101,GAB,Gabon,2007,10.3,492,31.76,31.76,11.7668,21.7686,4.236,24.083,24.918,619.4,Our World in Data / WHO,2026-09-30 02:09:07
2102,GAB,Gabon,2008,10.3,512,31.99,31.99,12.2234,22.6133,4.4004,24.156,25.0,619.4,Our World in Data / WHO,2026-09-30 02:09:07
2103,GAB,Gabon,2009,10.3,549,33.19,33.19,12.6768,23.4521,4.5636,24.228,25.082,619.4,Our World in Data / WHO,2026-09-30 02:09:07
2104,GAB,Gabon,2010,10.3,562,32.85,32.85,13.1268,24.2846,4.7256,24.3,25.163,619.4,Our World in Data / WHO,2026-09-30 02:09:07
2105,GAB,Gabon,2011,10.3,583,32.88,32.88,13.5813,25.1254,4.8893,24.373,25.245,619.4,Our World in Data / WHO,2026-09-30 02:09:07
2106,GAB,Gabon,2012,10.3,582,31.66,31.66,14.0503,25.9931,5.0581,24.448,25.329,619.4,Our World in Data / WHO,2026-09-30 02:09:07
2107,GAB,Gabon,2013,10.3,608,31.96,31.96,14.5451,26.9084,5.2362,24.527,25.418,619.4,Our World in Data / WHO,2026-09-30 02:09:07
2108,GAB,Gabon,2014,10.3,685,34.83,34.83,15.0756,27.8899,5.4272,24.612,25.514,619.4,Our World in Data / WHO,2026-09-30 02:09:07
2109,GAB,Gabon,2015,10.3,705,34.75,34.75,15.6444,28.9421,5.632,24.703,25.616,619.4,Our World in Data / WHO,2026-09-30 02:09:07
2110,GAB,Gabon,2016,10.3,710,34.05,34.05,16.2514,30.0651,5.8505,24.8,25.725,619.4,Our World in Data / WHO,2026-09-30 02:09:07
2111,GAB,Gabon,2017,10.3,717,33.52,33.52,16.8901,31.2467,6.0804,24.902,25.84,619.4,Our World in Data / WHO,2026-09-30 02:09:07
2112,GAB,Gabon,2018,10.3,735,33.55,33.55,17.552,32.4712,6.3187,25.008,25.959,619.4,Our World in Data / WHO,2026-09-30 02:09:07
2113,GAB,Gabon,2019,10.3,737,32.86,32.86,18.2301,33.7257,6.5628,25.117,26.081,619.4,Our World in Data / WHO,2026-09-30 02:09:07
2114,GAB,Gabon,2020,10.3,663,28.92,28.92,18.923,35.0076,6.8123,25.228,26.206,619.4,Our World in Data / WHO,2026-09-30 02:09:07
2115,GAB,Gabon,2021,10.3,641,27.39,27.39,19.6271,36.3101,7.0658,25.34,26.333,619.4,Our World in Data / WHO,2026-09-30 02:09:07
2116,GAB,Gabon,2022,10.3,641,27.39,27.39,20.3415,37.6318,7.3229,25.455,26.461,619.4,Our World in Data / WHO,2026-09-30 02:09:07
2117,GBR,United Kingdom,1990,5.2,5785,9.83,9.83,12.5102,23.1439,4.5037,24.202,25.052,374.6,Our World in Data / WHO,2026-09-30 02:09:07
2118,GBR,United Kingdom,1991,5.2,5785,9.83,9.83,13.1656,24.3564,4.7396,24.306,25.17,374.6,Our World in Data / WHO,2026-09-30 02:09:07
2119,GBR,United Kingdom,1992,5.2,5785,9.83,9.83,13.8618,25.6443,4.9902,24.418,25.295,374.6,Our World in Data / WHO,2026-09-30 02:09:07
2120,GBR,United Kingdom,1993,5.2,5785,9.83,9.83,14.592,26.9952,5.2531,24.535,25.427,374.6,Our World in Data / WHO,2026-09-30 02:09:07
2121,GBR,United Kingdom,1994,5.2,5785,9.83,9.83,15.3518,28.4008,5.5266,24.656,25.563,374.6,Our World in Data / WHO,2026-09-30 02:09:07
2122,GBR,United Kingdom,1995,5.2,5785,9.83,9.83,16.1261,29.8333,5.8054,24.78,25.703,374.6,Our World in Data / WHO,2026-09-30 02:09:07
2123,GBR,United Kingdom,1996,5.2,5785,9.83,9.83,16.9149,31.2926,6.0894,24.906,25.845,374.6,Our World in Data / WHO,2026-09-30 02:09:07
2124,GBR,United Kingdom,1997,5.2,5785,9.83,9.83,17.7166,32.7757,6.378,25.035,25.989,374.6,Our World in Data / WHO,2026-09-30 02:09:07
2125,GBR,United Kingdom,1998,5.2,5785,9.83,9.83,18.512,34.2472,6.6643,25.162,26.132,374.6,Our World in Data / WHO,2026-09-30 02:09:07
2126,GBR,United Kingdom,1999,5.2,5785,9.83,9.83,19.2974,35.7002,6.9471,25.288,26.274,374.6,Our World in Data / WHO,2026-09-30 02:09:07
2127,GBR,United Kingdom,2000,5.2,5785,9.83,9.83,20.069,37.1276,7.2248,25.411,26.412,374.6,Our World in Data / WHO,2026-09-30 02:09:07
2128,GBR,United Kingdom,2001,5.2,6262,10.6,10.6,20.8205,38.5179,7.4954,25.531,26.548,374.6,Our World in Data / WHO,2026-09-30 02:09:07
2129,GBR,United Kingdom,2002,5.2,6255,10.54,10.54,21.5438,39.856,7.7558,25.647,26.678,374.6,Our World in Data / WHO,2026-09-30 02:09:07
2130,GBR,United Kingdom,2003,5.2,6384,10.7,10.7,22.2253,41.1168,8.0011,25.756,26.801,374.6,Our World in Data / WHO,2026-09-30 02:09:07
2131,GBR,United Kingdom,2004,5.2,5995,9.99,9.99,22.8536,42.2792,8.2273,25.857,26.914,374.6,Our World in Data / WHO,2026-09-30 02:09:07
2132,GBR,United Kingdom,2005,5.2,5788,9.59,9.59,23.4348,43.3544,8.4365,25.95,27.018,374.6,Our World in Data / WHO,2026-09-30 02:09:07
2133,GBR,United Kingdom,2006,5.2,5574,9.17,9.17,23.9827,44.368,8.6338,26.037,27.117,374.6,Our World in Data / WHO,2026-09-30 02:09:07
2134,GBR,United Kingdom,2007,5.2,5430,8.86,8.86,24.4867,45.3004,8.8152,26.118,27.208,374.6,Our World in Data / WHO,2026-09-30 02:09:07
2135,GBR,United Kingdom,2008,5.2,5477,8.87,8.87,24.9362,46.132,8.977,26.19,27.289,374.6,Our World in Data / WHO,2026-09-30 02:09:07
2136,GBR,United Kingdom,2009,5.2,5145,8.27,8.27,25.3365,46.8725,9.1211,26.254,27.361,374.6,Our World in Data / WHO,2026-09-30 02:09:07
2137,GBR,United Kingdom,2010,5.2,5138,8.19,8.19,25.6849,47.5171,9.2466,26.31,27.423,374.6,Our World in Data / WHO,2026-09-30 02:09:07
2138,GBR,United Kingdom,2011,5.2,4784,7.56,7.56,25.9879,48.0776,9.3556,26.358,27.478,374.6,Our World in Data / WHO,2026-09-30 02:09:07
2139,GBR,United Kingdom,2012,5.2,4834,7.58,7.58,26.2716,48.6025,9.4578,26.403,27.529,374.6,Our World in Data / WHO,2026-09-30 02:09:07
2140,GBR,United Kingdom,2013,5.2,4834,7.52,7.52,26.545,49.1083,9.5562,26.447,27.578,374.6,Our World in Data / WHO,2026-09-30 02:09:07
2141,GBR,United Kingdom,2014,5.2,5101,7.88,7.88,26.8079,49.5946,9.6508,26.489,27.625,374.6,Our World in Data / WHO,2026-09-30 02:09:07
2142,GBR,United Kingdom,2015,5.2,5344,8.19,8.19,27.0747,50.0882,9.7469,26.532,27.673,374.6,Our World in Data / WHO,2026-09-30 02:09:07
2143,GBR,United Kingdom,2016,5.2,5502,8.38,8.38,27.3468,50.5916,9.8448,26.575,27.722,374.6,Our World in Data / WHO,2026-09-30 02:09:07
2144,GBR,United Kingdom,2017,5.2,5891,8.92,8.92,27.6139,51.0857,9.941,26.618,27.771,374.6,Our World in Data / WHO,2026-09-30 02:09:07
2145,GBR,United Kingdom,2018,5.2,6336,9.54,9.54,27.8649,51.5501,10.0314,26.658,27.816,374.6,Our World in Data / WHO,2026-09-30 02:09:07
2146,GBR,United Kingdom,2019,5.2,6326,9.47,9.47,28.1037,51.9918,10.1173,26.697,27.859,374.6,Our World in Data / WHO,2026-09-30 02:09:07
2147,GBR,United Kingdom,2020,5.2,7271,10.84,10.84,28.3346,52.419,10.2005,26.734,27.9,374.6,Our World in Data / WHO,2026-09-30 02:09:07
2148,GBR,United Kingdom,2021,5.2,6922,10.29,10.29,28.5538,52.8245,10.2794,26.769,27.94,374.6,Our World in Data / WHO,2026-09-30 02:09:07
2149,GBR,United Kingdom,2022,5.2,6922,10.29,10.29,28.7829,53.2484,10.3618,26.805,27.981,374.6,Our World in Data / WHO,2026-09-30 02:09:07
2150,GEO,Georgia,1990,2.8,826,19.37,19.37,15.3043,28.313,5.5095,24.649,25.555,259.4,Our World in Data / WHO,2026-09-30 02:09:07
2151,GEO,Georgia,1991,2.8,826,19.37,19.37,15.7029,29.0504,5.653,24.712,25.627,259.4,Our World in Data / WHO,2026-09-30 02:09:07
2152,GEO,Georgia,1992,2.8,826,19.37,19.37,16.1099,29.8033,5.7996,24.778,25.7,259.4,Our World in Data / WHO,2026-09-30 02:09:07
2153,GEO,Georgia,1993,2.8,826,19.37,19.37,16.5302,30.5809,5.9509,24.845,25.775,259.4,Our World in Data / WHO,2026-09-30 02:09:07
2154,GEO,Georgia,1994,2.8,826,19.37,19.37,16.9744,31.4026,6.1108,24.916,25.855,259.4,Our World in Data / WHO,2026-09-30 02:09:07
2155,GEO,Georgia,1995,2.8,826,19.37,19.37,17.4471,32.2771,6.281,24.992,25.94,259.4,Our World in Data / WHO,2026-09-30 02:09:07
2156,GEO,Georgia,1996,2.8,826,19.37,19.37,17.9458,33.1997,6.4605,25.071,26.03,259.4,Our World in Data / WHO,2026-09-30 02:09:07
2157,GEO,Georgia,1997,2.8,826,19.37,19.37,18.4566,34.1447,6.6444,25.153,26.122,259.4,Our World in Data / WHO,2026-09-30 02:09:07
2158,GEO,Georgia,1998,2.8,826,19.37,19.37,18.9769,35.1073,6.8317,25.236,26.216,259.4,Our World in Data / WHO,2026-09-30 02:09:07
2159,GEO,Georgia,1999,2.8,826,19.37,19.37,19.5196,36.1113,7.0271,25.323,26.314,259.4,Our World in Data / WHO,2026-09-30 02:09:07
2160,GEO,Georgia,2000,2.8,826,19.37,19.37,20.0877,37.1622,7.2316,25.414,26.416,259.4,Our World in Data / WHO,2026-09-30 02:09:07
2161,GEO,Georgia,2001,2.8,654,15.78,15.78,20.6717,38.2426,7.4418,25.507,26.521,259.4,Our World in Data / WHO,2026-09-30 02:09:07
2162,GEO,Georgia,2002,2.8,719,17.71,17.71,21.2556,39.3229,7.652,25.601,26.626,259.4,Our World in Data / WHO,2026-09-30 02:09:07
2163,GEO,Georgia,2003,2.8,661,16.44,16.44,21.8534,40.4288,7.8672,25.697,26.734,259.4,Our World in Data / WHO,2026-09-30 02:09:07
2164,GEO,Georgia,2004,2.8,804,20.15,20.15,22.486,41.5991,8.095,25.798,26.847,259.4,Our World in Data / WHO,2026-09-30 02:09:07
2165,GEO,Georgia,2005,2.8,471,11.9,11.9,23.1573,42.841,8.3366,25.905,26.968,259.4,Our World in Data / WHO,2026-09-30 02:09:07
2166,GEO,Georgia,2006,2.8,437,11.12,11.12,23.8895,44.1956,8.6002,26.022,27.1,259.4,Our World in Data / WHO,2026-09-30 02:09:07
2167,GEO,Georgia,2007,2.8,460,11.78,11.78,24.6509,45.6042,8.8743,26.144,27.237,259.4,Our World in Data / WHO,2026-09-30 02:09:07
2168,GEO,Georgia,2008,2.8,715,18.42,18.42,25.422,47.0307,9.1519,26.268,27.376,259.4,Our World in Data / WHO,2026-09-30 02:09:07
2169,GEO,Georgia,2009,2.8,609,15.79,15.79,26.2398,48.5436,9.4463,26.398,27.523,259.4,Our World in Data / WHO,2026-09-30 02:09:07
2170,GEO,Georgia,2010,2.8,945,24.63,24.63,27.132,50.1942,9.7675,26.541,27.684,259.4,Our World in Data / WHO,2026-09-30 02:09:07
2171,GEO,Georgia,2011,2.8,1524,39.89,39.89,28.0822,51.9521,10.1096,26.693,27.855,259.4,Our World in Data / WHO,2026-09-30 02:09:07
2172,GEO,Georgia,2012,2.8,1617,42.51,42.51,29.0543,53.7505,10.4595,26.849,28.03,259.4,Our World in Data / WHO,2026-09-30 02:09:07
2173,GEO,Georgia,2013,2.8,1505,39.75,39.75,30.0407,55.5753,10.8147,27.007,28.207,259.4,Our World in Data / WHO,2026-09-30 02:09:07
2174,GEO,Georgia,2014,2.8,1358,35.98,35.98,31.024,57.3944,11.1686,27.164,28.384,259.4,Our World in Data / WHO,2026-09-30 02:09:07
2175,GEO,Georgia,2015,2.8,1250,33.14,33.14,32.0031,59.2057,11.5211,27.32,28.561,259.4,Our World in Data / WHO,2026-09-30 02:09:07
2176,GEO,Georgia,2016,2.8,925,24.52,24.52,32.9818,61.0163,11.8734,27.477,28.737,259.4,Our World in Data / WHO,2026-09-30 02:09:07
2177,GEO,Georgia,2017,2.8,1034,27.42,27.42,33.9432,62.7949,12.2196,27.631,28.91,259.4,Our World in Data / WHO,2026-09-30 02:09:07
2178,GEO,Georgia,2018,2.8,689,18.25,18.25,34.8831,64.5337,12.5579,27.781,29.079,259.4,Our World in Data / WHO,2026-09-30 02:09:07
2179,GEO,Georgia,2019,2.8,1008,26.74,26.74,35.8099,66.2483,12.8916,27.93,29.246,259.4,Our World in Data / WHO,2026-09-30 02:09:07
2180,GEO,Georgia,2020,2.8,1015,26.95,26.95,36.7286,67.9479,13.2223,28.077,29.411,259.4,Our World in Data / WHO,2026-09-30 02:09:07
2181,GEO,Georgia,2021,2.8,1145,30.46,30.46,37.6179,69.5931,13.5424,28.219,29.571,259.4,Our World in Data / WHO,2026-09-30 02:09:07
2182,GEO,Georgia,2022,2.8,1145,30.46,30.46,38.4431,71.1197,13.8395,28.351,29.72,259.4,Our World in Data / WHO,2026-09-30 02:09:07
2183,GHA,Ghana,1990,5.0,1765,8.97,8.97,2.5623,6.0,0.9224,22.61,23.261,365.0,Our World in Data / WHO,2026-09-30 02:09:07
2184,GHA,Ghana,1991,5.0,1765,8.97,8.97,2.7383,6.0,0.9858,22.638,23.293,365.0,Our World in Data / WHO,2026-09-30 02:09:07
2185,GHA,Ghana,1992,5.0,1765,8.97,8.97,2.9279,6.0,1.054,22.668,23.327,365.0,Our World in Data / WHO,2026-09-30 02:09:07
2186,GHA,Ghana,1993,5.0,1765,8.97,8.97,3.1331,6.0,1.1279,22.701,23.364,365.0,Our World in Data / WHO,2026-09-30 02:09:07
2187,GHA,Ghana,1994,5.0,1765,8.97,8.97,3.3584,6.213,1.209,22.737,23.405,365.0,Our World in Data / WHO,2026-09-30 02:09:07
2188,GHA,Ghana,1995,5.0,1765,8.97,8.97,3.6016,6.663,1.2966,22.776,23.448,365.0,Our World in Data / WHO,2026-09-30 02:09:07
2189,GHA,Ghana,1996,5.0,1765,8.97,8.97,3.8605,7.1419,1.3898,22.818,23.495,365.0,Our World in Data / WHO,2026-09-30 02:09:07
2190,GHA,Ghana,1997,5.0,1765,8.97,8.97,4.1385,7.6562,1.4899,22.862,23.545,365.0,Our World in Data / WHO,2026-09-30 02:09:07
2191,GHA,Ghana,1998,5.0,1765,8.97,8.97,4.4437,8.2208,1.5997,22.911,23.6,365.0,Our World in Data / WHO,2026-09-30 02:09:07
2192,GHA,Ghana,1999,5.0,1765,8.97,8.97,4.779,8.8412,1.7204,22.965,23.66,365.0,Our World in Data / WHO,2026-09-30 02:09:07
2193,GHA,Ghana,2000,5.0,1765,8.97,8.97,5.1267,9.4844,1.8456,23.02,23.723,365.0,Our World in Data / WHO,2026-09-30 02:09:07
2194,GHA,Ghana,2001,5.0,2006,9.94,9.94,5.4764,10.1313,1.9715,23.076,23.786,365.0,Our World in Data / WHO,2026-09-30 02:09:07
2195,GHA,Ghana,2002,5.0,2260,10.89,10.89,5.8362,10.797,2.101,23.134,23.851,365.0,Our World in Data / WHO,2026-09-30 02:09:07
2196,GHA,Ghana,2003,5.0,2556,11.98,11.98,6.2084,11.4855,2.235,23.193,23.918,365.0,Our World in Data / WHO,2026-09-30 02:09:07
2197,GHA,Ghana,2004,5.0,2852,13.02,13.02,6.5812,12.1752,2.3692,23.253,23.985,365.0,Our World in Data / WHO,2026-09-30 02:09:07
2198,GHA,Ghana,2005,5.0,3179,14.13,14.13,6.945,12.8483,2.5002,23.311,24.05,365.0,Our World in Data / WHO,2026-09-30 02:09:07
2199,GHA,Ghana,2006,5.0,3571,15.46,15.46,7.2933,13.4926,2.6256,23.367,24.113,365.0,Our World in Data / WHO,2026-09-30 02:09:07
2200,GHA,Ghana,2007,5.0,4035,17.02,17.02,7.6287,14.1131,2.7463,23.421,24.173,365.0,Our World in Data / WHO,2026-09-30 02:09:07
2201,GHA,Ghana,2008,5.0,4236,17.41,17.41,7.9505,14.7084,2.8622,23.472,24.231,365.0,Our World in Data / WHO,2026-09-30 02:09:07
2202,GHA,Ghana,2009,5.0,4475,17.93,17.93,8.2539,15.2697,2.9714,23.521,24.286,365.0,Our World in Data / WHO,2026-09-30 02:09:07
2203,GHA,Ghana,2010,5.0,4623,18.07,18.07,8.5371,15.7936,3.0734,23.566,24.337,365.0,Our World in Data / WHO,2026-09-30 02:09:07
2204,GHA,Ghana,2011,5.0,4817,18.38,18.38,8.8074,16.2937,3.1707,23.609,24.385,365.0,Our World in Data / WHO,2026-09-30 02:09:07
2205,GHA,Ghana,2012,5.0,4915,18.3,18.3,9.0826,16.8028,3.2697,23.653,24.435,365.0,Our World in Data / WHO,2026-09-30 02:09:07
2206,GHA,Ghana,2013,5.0,5070,18.42,18.42,9.3776,17.3486,3.3759,23.7,24.488,365.0,Our World in Data / WHO,2026-09-30 02:09:07
2207,GHA,Ghana,2014,5.0,5189,18.4,18.4,9.6967,17.9389,3.4908,23.751,24.545,365.0,Our World in Data / WHO,2026-09-30 02:09:07
2208,GHA,Ghana,2015,5.0,5309,18.39,18.39,10.0382,18.5707,3.6138,23.806,24.607,365.0,Our World in Data / WHO,2026-09-30 02:09:07
2209,GHA,Ghana,2016,5.0,5465,18.49,18.49,10.3974,19.2352,3.7431,23.864,24.672,365.0,Our World in Data / WHO,2026-09-30 02:09:07
2210,GHA,Ghana,2017,5.0,5639,18.66,18.66,10.7752,19.9341,3.8791,23.924,24.74,365.0,Our World in Data / WHO,2026-09-30 02:09:07
2211,GHA,Ghana,2018,5.0,5750,18.63,18.63,11.1728,20.6697,4.0222,23.988,24.811,365.0,Our World in Data / WHO,2026-09-30 02:09:07
2212,GHA,Ghana,2019,5.0,5876,18.64,18.64,11.5856,21.4334,4.1708,24.054,24.885,365.0,Our World in Data / WHO,2026-09-30 02:09:07
2213,GHA,Ghana,2020,5.0,6219,19.32,19.32,12.0113,22.2209,4.3241,24.122,24.962,365.0,Our World in Data / WHO,2026-09-30 02:09:07
2214,GHA,Ghana,2021,5.0,6402,19.5,19.5,12.4456,23.0244,4.4804,24.191,25.04,365.0,Our World in Data / WHO,2026-09-30 02:09:07
2215,GHA,Ghana,2022,5.0,6402,19.5,19.5,12.8892,23.845,4.6401,24.262,25.12,365.0,Our World in Data / WHO,2026-09-30 02:09:07
2216,GIN,Guinea,1990,4.4,1207,14.48,14.48,1.1137,6.0,0.4009,22.378,23.0,336.2,Our World in Data / WHO,2026-09-30 02:09:07
2217,GIN,Guinea,1991,4.4,1207,14.48,14.48,1.1912,6.0,0.4288,22.391,23.014,336.2,Our World in Data / WHO,2026-09-30 02:09:07
2218,GIN,Guinea,1992,4.4,1207,14.48,14.48,1.2763,6.0,0.4595,22.404,23.03,336.2,Our World in Data / WHO,2026-09-30 02:09:07
2219,GIN,Guinea,1993,4.4,1207,14.48,14.48,1.3701,6.0,0.4932,22.419,23.047,336.2,Our World in Data / WHO,2026-09-30 02:09:07
2220,GIN,Guinea,1994,4.4,1207,14.48,14.48,1.4737,6.0,0.5305,22.436,23.065,336.2,Our World in Data / WHO,2026-09-30 02:09:07
2221,GIN,Guinea,1995,4.4,1207,14.48,14.48,1.5886,6.0,0.5719,22.454,23.086,336.2,Our World in Data / WHO,2026-09-30 02:09:07
2222,GIN,Guinea,1996,4.4,1207,14.48,14.48,1.7161,6.0,0.6178,22.475,23.109,336.2,Our World in Data / WHO,2026-09-30 02:09:07
2223,GIN,Guinea,1997,4.4,1207,14.48,14.48,1.8637,6.0,0.6709,22.498,23.135,336.2,Our World in Data / WHO,2026-09-30 02:09:07
2224,GIN,Guinea,1998,4.4,1207,14.48,14.48,2.0282,6.0,0.7302,22.525,23.165,336.2,Our World in Data / WHO,2026-09-30 02:09:07
2225,GIN,Guinea,1999,4.4,1207,14.48,14.48,2.2044,6.0,0.7936,22.553,23.197,336.2,Our World in Data / WHO,2026-09-30 02:09:07
2226,GIN,Guinea,2000,4.4,1207,14.48,14.48,2.3972,6.0,0.863,22.584,23.231,336.2,Our World in Data / WHO,2026-09-30 02:09:07
2227,GIN,Guinea,2001,4.4,1264,14.96,14.96,2.6093,6.0,0.9393,22.617,23.27,336.2,Our World in Data / WHO,2026-09-30 02:09:07
2228,GIN,Guinea,2002,4.4,1339,15.61,15.61,2.8286,6.0,1.0183,22.653,23.309,336.2,Our World in Data / WHO,2026-09-30 02:09:07
2229,GIN,Guinea,2003,4.4,1392,15.87,15.87,3.0464,6.0,1.0967,22.687,23.348,336.2,Our World in Data / WHO,2026-09-30 02:09:07
2230,GIN,Guinea,2004,4.4,1436,16.03,16.03,3.2708,6.051,1.1775,22.723,23.389,336.2,Our World in Data / WHO,2026-09-30 02:09:07
2231,GIN,Guinea,2005,4.4,1444,15.8,15.8,3.4997,6.4744,1.2599,22.76,23.43,336.2,Our World in Data / WHO,2026-09-30 02:09:07
2232,GIN,Guinea,2006,4.4,1524,16.33,16.33,3.7272,6.8953,1.3418,22.796,23.471,336.2,Our World in Data / WHO,2026-09-30 02:09:07
2233,GIN,Guinea,2007,4.4,1580,16.55,16.55,3.949,7.3056,1.4216,22.832,23.511,336.2,Our World in Data / WHO,2026-09-30 02:09:07
2234,GIN,Guinea,2008,4.4,1632,16.69,16.69,4.1637,7.7028,1.4989,22.866,23.549,336.2,Our World in Data / WHO,2026-09-30 02:09:07
2235,GIN,Guinea,2009,4.4,1663,16.59,16.59,4.3711,8.0865,1.5736,22.899,23.587,336.2,Our World in Data / WHO,2026-09-30 02:09:07
2236,GIN,Guinea,2010,4.4,1763,17.16,17.16,4.5727,8.4595,1.6462,22.932,23.623,336.2,Our World in Data / WHO,2026-09-30 02:09:07
2237,GIN,Guinea,2011,4.4,1796,17.06,17.06,4.7737,8.8313,1.7185,22.964,23.659,336.2,Our World in Data / WHO,2026-09-30 02:09:07
2238,GIN,Guinea,2012,4.4,1830,16.96,16.96,4.9822,9.2171,1.7936,22.997,23.697,336.2,Our World in Data / WHO,2026-09-30 02:09:07
2239,GIN,Guinea,2013,4.4,1869,16.9,16.9,5.2072,9.6333,1.8746,23.033,23.737,336.2,Our World in Data / WHO,2026-09-30 02:09:07
2240,GIN,Guinea,2014,4.4,1905,16.81,16.81,5.4534,10.0888,1.9632,23.073,23.782,336.2,Our World in Data / WHO,2026-09-30 02:09:07
2241,GIN,Guinea,2015,4.4,1943,16.71,16.71,5.7232,10.5879,2.0604,23.116,23.83,336.2,Our World in Data / WHO,2026-09-30 02:09:07
2242,GIN,Guinea,2016,4.4,1985,16.64,16.64,6.022,11.1407,2.1679,23.164,23.884,336.2,Our World in Data / WHO,2026-09-30 02:09:07
2243,GIN,Guinea,2017,4.4,2034,16.62,16.62,6.3498,11.7471,2.2859,23.216,23.943,336.2,Our World in Data / WHO,2026-09-30 02:09:07
2244,GIN,Guinea,2018,4.4,2071,16.49,16.49,6.7038,12.402,2.4134,23.273,24.007,336.2,Our World in Data / WHO,2026-09-30 02:09:07
2245,GIN,Guinea,2019,4.4,2124,16.49,16.49,7.0841,13.1056,2.5503,23.333,24.075,336.2,Our World in Data / WHO,2026-09-30 02:09:07
2246,GIN,Guinea,2020,4.4,2263,17.14,17.14,7.493,13.8621,2.6975,23.399,24.149,336.2,Our World in Data / WHO,2026-09-30 02:09:07
2247,GIN,Guinea,2021,4.4,2239,16.55,16.55,7.9268,14.6646,2.8536,23.468,24.227,336.2,Our World in Data / WHO,2026-09-30 02:09:07
2248,GIN,Guinea,2022,4.4,2239,16.55,16.55,8.3857,15.5135,3.0189,23.542,24.309,336.2,Our World in Data / WHO,2026-09-30 02:09:07
2249,GMB,Gambia,1990,2.0,208,14.46,14.46,1.2775,6.0,0.4599,22.404,23.03,221.0,Our World in Data / WHO,2026-09-30 02:09:07
2250,GMB,Gambia,1991,2.0,208,14.46,14.46,1.3735,6.0,0.4945,22.42,23.047,221.0,Our World in Data / WHO,2026-09-30 02:09:07
2251,GMB,Gambia,1992,2.0,208,14.46,14.46,1.4819,6.0,0.5335,22.437,23.067,221.0,Our World in Data / WHO,2026-09-30 02:09:07
2252,GMB,Gambia,1993,2.0,208,14.46,14.46,1.6116,6.0,0.5802,22.458,23.09,221.0,Our World in Data / WHO,2026-09-30 02:09:07
2253,GMB,Gambia,1994,2.0,208,14.46,14.46,1.7644,6.0,0.6352,22.482,23.118,221.0,Our World in Data / WHO,2026-09-30 02:09:07
2254,GMB,Gambia,1995,2.0,208,14.46,14.46,1.9365,6.0,0.6971,22.51,23.149,221.0,Our World in Data / WHO,2026-09-30 02:09:07
2255,GMB,Gambia,1996,2.0,208,14.46,14.46,2.1297,6.0,0.7667,22.541,23.183,221.0,Our World in Data / WHO,2026-09-30 02:09:07
2256,GMB,Gambia,1997,2.0,208,14.46,14.46,2.3456,6.0,0.8444,22.575,23.222,221.0,Our World in Data / WHO,2026-09-30 02:09:07
2257,GMB,Gambia,1998,2.0,208,14.46,14.46,2.5858,6.0,0.9309,22.614,23.265,221.0,Our World in Data / WHO,2026-09-30 02:09:07
2258,GMB,Gambia,1999,2.0,208,14.46,14.46,2.8499,6.0,1.026,22.656,23.313,221.0,Our World in Data / WHO,2026-09-30 02:09:07
2259,GMB,Gambia,2000,2.0,208,14.46,14.46,3.1348,6.0,1.1285,22.702,23.364,221.0,Our World in Data / WHO,2026-09-30 02:09:07
2260,GMB,Gambia,2001,2.0,218,14.7,14.7,3.437,6.3585,1.2373,22.75,23.419,221.0,Our World in Data / WHO,2026-09-30 02:09:07
2261,GMB,Gambia,2002,2.0,230,15.08,15.08,3.7528,6.9427,1.351,22.8,23.476,221.0,Our World in Data / WHO,2026-09-30 02:09:07
2262,GMB,Gambia,2003,2.0,235,15.03,15.03,4.0783,7.5449,1.4682,22.853,23.534,221.0,Our World in Data / WHO,2026-09-30 02:09:07
2263,GMB,Gambia,2004,2.0,239,14.85,14.85,4.4076,8.1541,1.5867,22.905,23.593,221.0,Our World in Data / WHO,2026-09-30 02:09:07
2264,GMB,Gambia,2005,2.0,238,14.36,14.36,4.7355,8.7607,1.7048,22.958,23.652,221.0,Our World in Data / WHO,2026-09-30 02:09:07
2265,GMB,Gambia,2006,2.0,237,13.83,13.83,5.0573,9.356,1.8206,23.009,23.71,221.0,Our World in Data / WHO,2026-09-30 02:09:07
2266,GMB,Gambia,2007,2.0,241,13.63,13.63,5.3679,9.9306,1.9324,23.059,23.766,221.0,Our World in Data / WHO,2026-09-30 02:09:07
2267,GMB,Gambia,2008,2.0,249,13.66,13.66,5.6632,10.4769,2.0388,23.106,23.819,221.0,Our World in Data / WHO,2026-09-30 02:09:07
2268,GMB,Gambia,2009,2.0,254,13.5,13.5,5.9415,10.9918,2.1389,23.151,23.869,221.0,Our World in Data / WHO,2026-09-30 02:09:07
2269,GMB,Gambia,2010,2.0,253,13.08,13.08,6.2032,11.4759,2.2332,23.193,23.917,221.0,Our World in Data / WHO,2026-09-30 02:09:07
2270,GMB,Gambia,2011,2.0,267,13.36,13.36,6.4522,11.9366,2.3228,23.232,23.961,221.0,Our World in Data / WHO,2026-09-30 02:09:07
2271,GMB,Gambia,2012,2.0,275,13.35,13.35,6.6981,12.3915,2.4113,23.272,24.006,221.0,Our World in Data / WHO,2026-09-30 02:09:07
2272,GMB,Gambia,2013,2.0,284,13.38,13.38,6.9534,12.8638,2.5032,23.313,24.052,221.0,Our World in Data / WHO,2026-09-30 02:09:07
2273,GMB,Gambia,2014,2.0,293,13.4,13.4,7.2314,13.3781,2.6033,23.357,24.102,221.0,Our World in Data / WHO,2026-09-30 02:09:07
2274,GMB,Gambia,2015,2.0,302,13.39,13.39,7.5365,13.9425,2.7131,23.406,24.157,221.0,Our World in Data / WHO,2026-09-30 02:09:07
2275,GMB,Gambia,2016,2.0,310,13.37,13.37,7.8667,14.5534,2.832,23.459,24.216,221.0,Our World in Data / WHO,2026-09-30 02:09:07
2276,GMB,Gambia,2017,2.0,318,13.37,13.37,8.2184,15.204,2.9586,23.515,24.279,221.0,Our World in Data / WHO,2026-09-30 02:09:07
2277,GMB,Gambia,2018,2.0,327,13.39,13.39,8.5919,15.895,3.0931,23.575,24.347,221.0,Our World in Data / WHO,2026-09-30 02:09:07
2278,GMB,Gambia,2019,2.0,341,13.58,13.58,8.986,16.6241,3.235,23.638,24.417,221.0,Our World in Data / WHO,2026-09-30 02:09:07
2279,GMB,Gambia,2020,2.0,362,14.05,14.05,9.3982,17.3867,3.3834,23.704,24.492,221.0,Our World in Data / WHO,2026-09-30 02:09:07
2280,GMB,Gambia,2021,2.0,350,13.25,13.25,9.8206,18.1681,3.5354,23.771,24.568,221.0,Our World in Data / WHO,2026-09-30 02:09:07
2281,GMB,Gambia,2022,2.0,350,13.25,13.25,10.2536,18.9692,3.6913,23.841,24.646,221.0,Our World in Data / WHO,2026-09-30 02:09:07
2282,GNB,Guinea-Bissau,1990,3.0,250,20.3,20.3,1.727,6.0,0.6217,22.476,23.111,269.0,Our World in Data / WHO,2026-09-30 02:09:07
2283,GNB,Guinea-Bissau,1991,3.0,250,20.3,20.3,1.8401,6.0,0.6624,22.494,23.131,269.0,Our World in Data / WHO,2026-09-30 02:09:07
2284,GNB,Guinea-Bissau,1992,3.0,250,20.3,20.3,1.9637,6.0,0.7069,22.514,23.153,269.0,Our World in Data / WHO,2026-09-30 02:09:07
2285,GNB,Guinea-Bissau,1993,3.0,250,20.3,20.3,2.0972,6.0,0.755,22.536,23.177,269.0,Our World in Data / WHO,2026-09-30 02:09:07
2286,GNB,Guinea-Bissau,1994,3.0,250,20.3,20.3,2.2429,6.0,0.8074,22.559,23.204,269.0,Our World in Data / WHO,2026-09-30 02:09:07
2287,GNB,Guinea-Bissau,1995,3.0,250,20.3,20.3,2.4027,6.0,0.865,22.584,23.232,269.0,Our World in Data / WHO,2026-09-30 02:09:07
2288,GNB,Guinea-Bissau,1996,3.0,250,20.3,20.3,2.5807,6.0,0.9291,22.613,23.265,269.0,Our World in Data / WHO,2026-09-30 02:09:07
2289,GNB,Guinea-Bissau,1997,3.0,250,20.3,20.3,2.7774,6.0,0.9999,22.644,23.3,269.0,Our World in Data / WHO,2026-09-30 02:09:07
2290,GNB,Guinea-Bissau,1998,3.0,250,20.3,20.3,2.992,6.0,1.0771,22.679,23.339,269.0,Our World in Data / WHO,2026-09-30 02:09:07
2291,GNB,Guinea-Bissau,1999,3.0,250,20.3,20.3,3.2241,6.0,1.1607,22.716,23.38,269.0,Our World in Data / WHO,2026-09-30 02:09:07
2292,GNB,Guinea-Bissau,2000,3.0,250,20.3,20.3,3.4701,6.4197,1.2492,22.755,23.425,269.0,Our World in Data / WHO,2026-09-30 02:09:07
2293,GNB,Guinea-Bissau,2001,3.0,248,19.68,19.68,3.7288,6.8983,1.3424,22.797,23.471,269.0,Our World in Data / WHO,2026-09-30 02:09:07
2294,GNB,Guinea-Bissau,2002,3.0,240,18.69,18.69,3.9982,7.3967,1.4394,22.84,23.52,269.0,Our World in Data / WHO,2026-09-30 02:09:07
2295,GNB,Guinea-Bissau,2003,3.0,236,17.91,17.91,4.2758,7.9102,1.5393,22.884,23.57,269.0,Our World in Data / WHO,2026-09-30 02:09:07
2296,GNB,Guinea-Bissau,2004,3.0,241,17.9,17.9,4.5582,8.4327,1.641,22.929,23.62,269.0,Our World in Data / WHO,2026-09-30 02:09:07
2297,GNB,Guinea-Bissau,2005,3.0,233,16.9,16.9,4.8432,8.9599,1.7436,22.975,23.672,269.0,Our World in Data / WHO,2026-09-30 02:09:07
2298,GNB,Guinea-Bissau,2006,3.0,237,16.75,16.75,5.1269,9.4848,1.8457,23.02,23.723,269.0,Our World in Data / WHO,2026-09-30 02:09:07
2299,GNB,Guinea-Bissau,2007,3.0,238,16.41,16.41,5.405,9.9993,1.9458,23.065,23.773,269.0,Our World in Data / WHO,2026-09-30 02:09:07
2300,GNB,Guinea-Bissau,2008,3.0,238,16.01,16.01,5.6757,10.5,2.0433,23.108,23.822,269.0,Our World in Data / WHO,2026-09-30 02:09:07
2301,GNB,Guinea-Bissau,2009,3.0,244,15.96,15.96,5.9375,10.9844,2.1375,23.15,23.869,269.0,Our World in Data / WHO,2026-09-30 02:09:07
2302,GNB,Guinea-Bissau,2010,3.0,246,15.68,15.68,6.1911,11.4535,2.2288,23.191,23.914,269.0,Our World in Data / WHO,2026-09-30 02:09:07
2303,GNB,Guinea-Bissau,2011,3.0,244,15.17,15.17,6.4408,11.9155,2.3187,23.231,23.959,269.0,Our World in Data / WHO,2026-09-30 02:09:07
2304,GNB,Guinea-Bissau,2012,3.0,244,14.78,14.78,6.6944,12.3846,2.41,23.271,24.005,269.0,Our World in Data / WHO,2026-09-30 02:09:07
2305,GNB,Guinea-Bissau,2013,3.0,251,14.77,14.77,6.961,12.8778,2.506,23.314,24.053,269.0,Our World in Data / WHO,2026-09-30 02:09:07
2306,GNB,Guinea-Bissau,2014,3.0,260,14.9,14.9,7.2495,13.4116,2.6098,23.36,24.105,269.0,Our World in Data / WHO,2026-09-30 02:09:07
2307,GNB,Guinea-Bissau,2015,3.0,269,15.02,15.02,7.5637,13.9928,2.7229,23.41,24.161,269.0,Our World in Data / WHO,2026-09-30 02:09:07
2308,GNB,Guinea-Bissau,2016,3.0,274,14.93,14.93,7.9027,14.62,2.845,23.464,24.222,269.0,Our World in Data / WHO,2026-09-30 02:09:07
2309,GNB,Guinea-Bissau,2017,3.0,280,14.87,14.87,8.2664,15.2928,2.9759,23.523,24.288,269.0,Our World in Data / WHO,2026-09-30 02:09:07
2310,GNB,Guinea-Bissau,2018,3.0,280,14.55,14.55,8.6532,16.0084,3.1152,23.585,24.358,269.0,Our World in Data / WHO,2026-09-30 02:09:07
2311,GNB,Guinea-Bissau,2019,3.0,300,15.2,15.2,9.064,16.7684,3.263,23.65,24.432,269.0,Our World in Data / WHO,2026-09-30 02:09:07
2312,GNB,Guinea-Bissau,2020,3.0,329,16.33,16.33,9.4964,17.5683,3.4187,23.719,24.509,269.0,Our World in Data / WHO,2026-09-30 02:09:07
2313,GNB,Guinea-Bissau,2021,3.0,311,15.08,15.08,9.9447,18.3977,3.5801,23.791,24.59,269.0,Our World in Data / WHO,2026-09-30 02:09:07
2314,GNB,Guinea-Bissau,2022,3.0,311,15.08,15.08,10.4137,19.2653,3.7489,23.866,24.674,269.0,Our World in Data / WHO,2026-09-30 02:09:07
2315,GNQ,Equatorial Guinea,1990,4.2,146,21.3,21.3,5.1959,9.6124,1.8705,23.031,23.735,326.6,Our World in Data / WHO,2026-09-30 02:09:07
2316,GNQ,Equatorial Guinea,1991,4.2,146,21.3,21.3,5.4934,10.1628,1.9776,23.079,23.789,326.6,Our World in Data / WHO,2026-09-30 02:09:07
2317,GNQ,Equatorial Guinea,1992,4.2,146,21.3,21.3,5.8062,10.7415,2.0902,23.129,23.845,326.6,Our World in Data / WHO,2026-09-30 02:09:07
2318,GNQ,Equatorial Guinea,1993,4.2,146,21.3,21.3,6.1346,11.349,2.2085,23.182,23.904,326.6,Our World in Data / WHO,2026-09-30 02:09:07
2319,GNQ,Equatorial Guinea,1994,4.2,146,21.3,21.3,6.4711,11.9715,2.3296,23.235,23.965,326.6,Our World in Data / WHO,2026-09-30 02:09:07
2320,GNQ,Equatorial Guinea,1995,4.2,146,21.3,21.3,6.813,12.6041,2.4527,23.29,24.026,326.6,Our World in Data / WHO,2026-09-30 02:09:07
2321,GNQ,Equatorial Guinea,1996,4.2,146,21.3,21.3,7.1682,13.2612,2.5806,23.347,24.09,326.6,Our World in Data / WHO,2026-09-30 02:09:07
2322,GNQ,Equatorial Guinea,1997,4.2,146,21.3,21.3,7.5365,13.9425,2.7131,23.406,24.157,326.6,Our World in Data / WHO,2026-09-30 02:09:07
2323,GNQ,Equatorial Guinea,1998,4.2,146,21.3,21.3,7.9181,14.6485,2.8505,23.467,24.225,326.6,Our World in Data / WHO,2026-09-30 02:09:07
2324,GNQ,Equatorial Guinea,1999,4.2,146,21.3,21.3,8.3108,15.375,2.9919,23.53,24.296,326.6,Our World in Data / WHO,2026-09-30 02:09:07
2325,GNQ,Equatorial Guinea,2000,4.2,146,21.3,21.3,8.7315,16.1533,3.1433,23.597,24.372,326.6,Our World in Data / WHO,2026-09-30 02:09:07
2326,GNQ,Equatorial Guinea,2001,4.2,144,20.02,20.02,9.171,16.9663,3.3016,23.667,24.451,326.6,Our World in Data / WHO,2026-09-30 02:09:07
2327,GNQ,Equatorial Guinea,2002,4.2,144,19.1,19.1,9.5973,17.755,3.455,23.736,24.528,326.6,Our World in Data / WHO,2026-09-30 02:09:07
2328,GNQ,Equatorial Guinea,2003,4.2,152,19.24,19.24,10.0037,18.5068,3.6013,23.801,24.601,326.6,Our World in Data / WHO,2026-09-30 02:09:07
2329,GNQ,Equatorial Guinea,2004,4.2,156,18.89,18.89,10.3919,19.225,3.7411,23.863,24.671,326.6,Our World in Data / WHO,2026-09-30 02:09:07
2330,GNQ,Equatorial Guinea,2005,4.2,160,18.54,18.54,10.7363,19.8622,3.8651,23.918,24.733,326.6,Our World in Data / WHO,2026-09-30 02:09:07
2331,GNQ,Equatorial Guinea,2006,4.2,165,18.22,18.22,11.0449,20.4331,3.9762,23.967,24.788,326.6,Our World in Data / WHO,2026-09-30 02:09:07
2332,GNQ,Equatorial Guinea,2007,4.2,170,17.96,17.96,11.3527,21.0025,4.087,24.016,24.843,326.6,Our World in Data / WHO,2026-09-30 02:09:07
2333,GNQ,Equatorial Guinea,2008,4.2,187,18.78,18.78,11.6622,21.5751,4.1984,24.066,24.899,326.6,Our World in Data / WHO,2026-09-30 02:09:07
2334,GNQ,Equatorial Guinea,2009,4.2,201,19.25,19.25,11.9752,22.1541,4.3111,24.116,24.956,326.6,Our World in Data / WHO,2026-09-30 02:09:07
2335,GNQ,Equatorial Guinea,2010,4.2,218,19.96,19.96,12.2967,22.7489,4.4268,24.167,25.013,326.6,Our World in Data / WHO,2026-09-30 02:09:07
2336,GNQ,Equatorial Guinea,2011,4.2,234,20.46,20.46,12.6403,23.3846,4.5505,24.222,25.075,326.6,Our World in Data / WHO,2026-09-30 02:09:07
2337,GNQ,Equatorial Guinea,2012,4.2,243,20.39,20.39,13.0088,24.0663,4.6832,24.281,25.142,326.6,Our World in Data / WHO,2026-09-30 02:09:07
2338,GNQ,Equatorial Guinea,2013,4.2,241,19.4,19.4,13.3944,24.7796,4.822,24.343,25.211,326.6,Our World in Data / WHO,2026-09-30 02:09:07
2339,GNQ,Equatorial Guinea,2014,4.2,247,19.1,19.1,13.8005,25.5309,4.9682,24.408,25.284,326.6,Our World in Data / WHO,2026-09-30 02:09:07
2340,GNQ,Equatorial Guinea,2015,4.2,268,19.87,19.87,14.2289,26.3235,5.1224,24.477,25.361,326.6,Our World in Data / WHO,2026-09-30 02:09:07
2341,GNQ,Equatorial Guinea,2016,4.2,290,20.72,20.72,14.6795,27.1571,5.2846,24.549,25.442,326.6,Our World in Data / WHO,2026-09-30 02:09:07
2342,GNQ,Equatorial Guinea,2017,4.2,317,21.85,21.85,15.1483,28.0244,5.4534,24.624,25.527,326.6,Our World in Data / WHO,2026-09-30 02:09:07
2343,GNQ,Equatorial Guinea,2018,4.2,346,23.05,23.05,15.6279,28.9116,5.626,24.7,25.613,326.6,Our World in Data / WHO,2026-09-30 02:09:07
2344,GNQ,Equatorial Guinea,2019,4.2,359,23.15,23.15,16.1172,29.8168,5.8022,24.779,25.701,326.6,Our World in Data / WHO,2026-09-30 02:09:07
2345,GNQ,Equatorial Guinea,2020,4.2,385,24.14,24.14,16.6435,30.7905,5.9917,24.863,25.796,326.6,Our World in Data / WHO,2026-09-30 02:09:07
2346,GNQ,Equatorial Guinea,2021,4.2,377,23.07,23.07,17.1863,31.7947,6.1871,24.95,25.894,326.6,Our World in Data / WHO,2026-09-30 02:09:07
2347,GNQ,Equatorial Guinea,2022,4.2,377,23.07,23.07,17.7182,32.7787,6.3786,25.035,25.989,326.6,Our World in Data / WHO,2026-09-30 02:09:07
2348,GRC,Greece,1990,5.1,560,5.08,5.08,15.1041,27.9426,5.4375,24.617,25.519,369.8,Our World in Data / WHO,2026-09-30 02:09:07
2349,GRC,Greece,1991,5.1,560,5.08,5.08,15.394,28.4789,5.5418,24.663,25.571,369.8,Our World in Data / WHO,2026-09-30 02:09:07
2350,GRC,Greece,1992,5.1,560,5.08,5.08,15.6884,29.0235,5.6478,24.71,25.624,369.8,Our World in Data / WHO,2026-09-30 02:09:07
2351,GRC,Greece,1993,5.1,560,5.08,5.08,16.0115,29.6213,5.7641,24.762,25.682,369.8,Our World in Data / WHO,2026-09-30 02:09:07
2352,GRC,Greece,1994,5.1,560,5.08,5.08,16.3793,30.3017,5.8965,24.821,25.748,369.8,Our World in Data / WHO,2026-09-30 02:09:07
2353,GRC,Greece,1995,5.1,560,5.08,5.08,16.8002,31.0804,6.0481,24.888,25.824,369.8,Our World in Data / WHO,2026-09-30 02:09:07
2354,GRC,Greece,1996,5.1,560,5.08,5.08,17.2712,31.9517,6.2176,24.963,25.909,369.8,Our World in Data / WHO,2026-09-30 02:09:07
2355,GRC,Greece,1997,5.1,560,5.08,5.08,17.7742,32.8823,6.3987,25.044,25.999,369.8,Our World in Data / WHO,2026-09-30 02:09:07
2356,GRC,Greece,1998,5.1,560,5.08,5.08,18.3108,33.875,6.5919,25.13,26.096,369.8,Our World in Data / WHO,2026-09-30 02:09:07
2357,GRC,Greece,1999,5.1,560,5.08,5.08,18.8888,34.9443,6.8,25.222,26.2,369.8,Our World in Data / WHO,2026-09-30 02:09:07
2358,GRC,Greece,2000,5.1,560,5.08,5.08,19.5085,36.0907,7.0231,25.321,26.312,369.8,Our World in Data / WHO,2026-09-30 02:09:07
2359,GRC,Greece,2001,5.1,461,4.16,4.16,20.1678,37.3104,7.2604,25.427,26.43,369.8,Our World in Data / WHO,2026-09-30 02:09:07
2360,GRC,Greece,2002,5.1,549,4.94,4.94,20.8729,38.6149,7.5142,25.54,26.557,369.8,Our World in Data / WHO,2026-09-30 02:09:07
2361,GRC,Greece,2003,5.1,594,5.34,5.34,21.6172,39.9918,7.7822,25.659,26.691,369.8,Our World in Data / WHO,2026-09-30 02:09:07
2362,GRC,Greece,2004,5.1,719,6.47,6.47,22.3825,41.4076,8.0577,25.781,26.829,369.8,Our World in Data / WHO,2026-09-30 02:09:07
2363,GRC,Greece,2005,5.1,764,6.87,6.87,23.1606,42.8471,8.3378,25.906,26.969,369.8,Our World in Data / WHO,2026-09-30 02:09:07
2364,GRC,Greece,2006,5.1,959,8.64,8.64,23.9448,44.2979,8.6201,26.031,27.11,369.8,Our World in Data / WHO,2026-09-30 02:09:07
2365,GRC,Greece,2007,5.1,1089,9.82,9.82,24.7181,45.7285,8.8985,26.155,27.249,369.8,Our World in Data / WHO,2026-09-30 02:09:07
2366,GRC,Greece,2008,5.1,893,8.06,8.06,25.464,47.1084,9.167,26.274,27.384,369.8,Our World in Data / WHO,2026-09-30 02:09:07
2367,GRC,Greece,2009,5.1,823,7.45,7.45,26.1725,48.4191,9.4221,26.388,27.511,369.8,Our World in Data / WHO,2026-09-30 02:09:07
2368,GRC,Greece,2010,5.1,846,7.67,7.67,26.8441,49.6616,9.6639,26.495,27.632,369.8,Our World in Data / WHO,2026-09-30 02:09:07
2369,GRC,Greece,2011,5.1,925,8.41,8.41,27.4916,50.8595,9.897,26.599,27.748,369.8,Our World in Data / WHO,2026-09-30 02:09:07
2370,GRC,Greece,2012,5.1,932,8.5,8.5,28.1155,52.0137,10.1216,26.698,27.861,369.8,Our World in Data / WHO,2026-09-30 02:09:07
2371,GRC,Greece,2013,5.1,1073,9.83,9.83,28.7142,53.1213,10.3371,26.794,27.969,369.8,Our World in Data / WHO,2026-09-30 02:09:07
2372,GRC,Greece,2014,5.1,1041,9.58,9.58,29.2868,54.1806,10.5432,26.886,28.072,369.8,Our World in Data / WHO,2026-09-30 02:09:07
2373,GRC,Greece,2015,5.1,1066,9.86,9.86,29.8334,55.1918,10.74,26.973,28.17,369.8,Our World in Data / WHO,2026-09-30 02:09:07
2374,GRC,Greece,2016,5.1,1033,9.61,9.61,30.3358,56.1212,10.9209,27.054,28.26,369.8,Our World in Data / WHO,2026-09-30 02:09:07
2375,GRC,Greece,2017,5.1,1250,11.69,11.69,30.7848,56.9519,11.0825,27.126,28.341,369.8,Our World in Data / WHO,2026-09-30 02:09:07
2376,GRC,Greece,2018,5.1,1347,12.66,12.66,31.1932,57.7074,11.2296,27.191,28.415,369.8,Our World in Data / WHO,2026-09-30 02:09:07
2377,GRC,Greece,2019,5.1,1456,13.77,13.77,31.5718,58.4078,11.3658,27.251,28.483,369.8,Our World in Data / WHO,2026-09-30 02:09:07
2378,GRC,Greece,2020,5.1,1463,13.92,13.92,31.9423,59.0933,11.4992,27.311,28.55,369.8,Our World in Data / WHO,2026-09-30 02:09:07
2379,GRC,Greece,2021,5.1,1536,14.71,14.71,32.4163,59.9702,11.6699,27.387,28.635,369.8,Our World in Data / WHO,2026-09-30 02:09:07
2380,GRC,Greece,2022,5.1,1536,14.71,14.71,32.8884,60.8435,11.8398,27.462,28.72,369.8,Our World in Data / WHO,2026-09-30 02:09:07
2381,GRD,Grenada,1990,12.1,67,62.41,62.41,10.3099,19.0733,3.7116,23.85,24.656,705.8,Our World in Data / WHO,2026-09-30 02:09:07
2382,GRD,Grenada,1991,12.1,67,62.41,62.41,10.7919,19.965,3.8851,23.927,24.743,705.8,Our World in Data / WHO,2026-09-30 02:09:07
2383,GRD,Grenada,1992,12.1,67,62.41,62.41,11.3006,20.9061,4.0682,24.008,24.834,705.8,Our World in Data / WHO,2026-09-30 02:09:07
2384,GRD,Grenada,1993,12.1,67,62.41,62.41,11.8377,21.8997,4.2616,24.094,24.931,705.8,Our World in Data / WHO,2026-09-30 02:09:07
2385,GRD,Grenada,1994,12.1,67,62.41,62.41,12.4057,22.9505,4.4661,24.185,25.033,705.8,Our World in Data / WHO,2026-09-30 02:09:07
2386,GRD,Grenada,1995,12.1,67,62.41,62.41,13.0013,24.0524,4.6805,24.28,25.14,705.8,Our World in Data / WHO,2026-09-30 02:09:07
2387,GRD,Grenada,1996,12.1,67,62.41,62.41,13.6192,25.1955,4.9029,24.379,25.251,705.8,Our World in Data / WHO,2026-09-30 02:09:07
2388,GRD,Grenada,1997,12.1,67,62.41,62.41,14.2494,26.3614,5.1298,24.48,25.365,705.8,Our World in Data / WHO,2026-09-30 02:09:07
2389,GRD,Grenada,1998,12.1,67,62.41,62.41,14.8801,27.5282,5.3568,24.581,25.478,705.8,Our World in Data / WHO,2026-09-30 02:09:07
2390,GRD,Grenada,1999,12.1,67,62.41,62.41,15.4984,28.672,5.5794,24.68,25.59,705.8,Our World in Data / WHO,2026-09-30 02:09:07
2391,GRD,Grenada,2000,12.1,67,62.41,62.41,16.0882,29.7632,5.7918,24.774,25.696,705.8,Our World in Data / WHO,2026-09-30 02:09:07
2392,GRD,Grenada,2001,11.7818,66,61.56,61.56,16.6604,30.8217,5.9977,24.866,25.799,690.53,Our World in Data / WHO,2026-09-30 02:09:07
2393,GRD,Grenada,2002,11.4636,77,70.95,70.95,17.2342,31.8833,6.2043,24.957,25.902,675.25,Our World in Data / WHO,2026-09-30 02:09:07
2394,GRD,Grenada,2003,11.1455,80,73.15,73.15,17.8042,32.9378,6.4095,25.049,26.005,659.98,Our World in Data / WHO,2026-09-30 02:09:07
2395,GRD,Grenada,2004,10.8273,88,80.76,80.76,18.3645,33.9743,6.6112,25.138,26.106,644.71,Our World in Data / WHO,2026-09-30 02:09:07
2396,GRD,Grenada,2005,10.5091,80,72.37,72.37,18.9266,35.0142,6.8136,25.228,26.207,629.44,Our World in Data / WHO,2026-09-30 02:09:07
2397,GRD,Grenada,2006,10.1909,81,72.69,72.69,19.494,36.0639,7.0178,25.319,26.309,614.16,Our World in Data / WHO,2026-09-30 02:09:07
2398,GRD,Grenada,2007,9.8727,81,72.9,72.9,20.0715,37.1323,7.2257,25.411,26.413,598.89,Our World in Data / WHO,2026-09-30 02:09:07
2399,GRD,Grenada,2008,9.5545,91,81.07,81.07,20.6675,38.2349,7.4403,25.507,26.52,583.62,Our World in Data / WHO,2026-09-30 02:09:07
2400,GRD,Grenada,2009,9.2364,104,91.51,91.51,21.2851,39.3774,7.6626,25.606,26.631,568.35,Our World in Data / WHO,2026-09-30 02:09:07
2401,GRD,Grenada,2010,8.9182,115,100.48,100.48,21.9278,40.5664,7.894,25.708,26.747,553.07,Our World in Data / WHO,2026-09-30 02:09:07
2402,GRD,Grenada,2011,8.6,104,90.69,90.69,22.5792,41.7715,8.1285,25.813,26.864,537.8,Our World in Data / WHO,2026-09-30 02:09:07
2403,GRD,Grenada,2012,8.6,94,81.13,81.13,23.2353,42.9853,8.3647,25.918,26.982,537.8,Our World in Data / WHO,2026-09-30 02:09:07
2404,GRD,Grenada,2013,8.6,88,74.98,74.98,23.902,44.2187,8.6047,26.024,27.102,537.8,Our World in Data / WHO,2026-09-30 02:09:07
2405,GRD,Grenada,2014,8.6,88,74.71,74.71,24.5826,45.4778,8.8497,26.133,27.225,537.8,Our World in Data / WHO,2026-09-30 02:09:07
2406,GRD,Grenada,2015,8.6,88,74.18,74.18,25.2785,46.7652,9.1003,26.245,27.35,537.8,Our World in Data / WHO,2026-09-30 02:09:07
2407,GRD,Grenada,2016,8.6,88,73.15,73.15,25.9849,48.0721,9.3546,26.358,27.477,537.8,Our World in Data / WHO,2026-09-30 02:09:07
2408,GRD,Grenada,2017,8.6,93,76.51,76.51,26.6923,49.3808,9.6092,26.471,27.605,537.8,Our World in Data / WHO,2026-09-30 02:09:07
2409,GRD,Grenada,2018,8.6,98,80.45,80.45,27.3967,50.6839,9.8628,26.583,27.731,537.8,Our World in Data / WHO,2026-09-30 02:09:07
2410,GRD,Grenada,2019,8.6,105,85.75,85.75,28.1278,52.0364,10.126,26.7,27.863,537.8,Our World in Data / WHO,2026-09-30 02:09:07
2411,GRD,Grenada,2020,8.6,78,63.03,63.03,28.8825,53.4326,10.3977,26.821,27.999,537.8,Our World in Data / WHO,2026-09-30 02:09:07
2412,GRD,Grenada,2021,8.6,68,54.84,54.84,29.6285,54.8127,10.6663,26.941,28.133,537.8,Our World in Data / WHO,2026-09-30 02:09:07
2413,GRD,Grenada,2022,8.6,68,54.84,54.84,30.3758,56.1952,10.9353,27.06,28.268,537.8,Our World in Data / WHO,2026-09-30 02:09:07
2414,GRL,Greenland,1990,7.5,977,16.34,16.34,12.249,22.6606,4.4096,24.16,25.005,485.0,Our World in Data / WHO,2026-09-30 02:09:07
2415,GRL,Greenland,1991,7.5,977,16.34,16.34,12.7577,23.6017,4.5928,24.241,25.096,485.0,Our World in Data / WHO,2026-09-30 02:09:07
2416,GRL,Greenland,1992,7.5,977,16.34,16.34,13.2903,24.5871,4.7845,24.326,25.192,485.0,Our World in Data / WHO,2026-09-30 02:09:07
2417,GRL,Greenland,1993,7.5,977,16.34,16.34,13.8418,25.6073,4.983,24.415,25.292,485.0,Our World in Data / WHO,2026-09-30 02:09:07
2418,GRL,Greenland,1994,7.5,977,16.34,16.34,14.4106,26.6596,5.1878,24.506,25.394,485.0,Our World in Data / WHO,2026-09-30 02:09:07
2419,GRL,Greenland,1995,7.5,977,16.34,16.34,14.9897,27.7309,5.3963,24.598,25.498,485.0,Our World in Data / WHO,2026-09-30 02:09:07
2420,GRL,Greenland,1996,7.5,977,16.34,16.34,15.5772,28.8178,5.6078,24.692,25.604,485.0,Our World in Data / WHO,2026-09-30 02:09:07
2421,GRL,Greenland,1997,7.5,977,16.34,16.34,16.1767,29.9269,5.8236,24.788,25.712,485.0,Our World in Data / WHO,2026-09-30 02:09:07
2422,GRL,Greenland,1998,7.5,977,16.34,16.34,16.789,31.0597,6.044,24.886,25.822,485.0,Our World in Data / WHO,2026-09-30 02:09:07
2423,GRL,Greenland,1999,7.5,977,16.34,16.34,17.417,32.2215,6.2701,24.987,25.935,485.0,Our World in Data / WHO,2026-09-30 02:09:07
2424,GRL,Greenland,2000,7.5,955,16.06,16.06,18.045,33.3833,6.4962,25.087,26.048,485.0,Our World in Data / WHO,2026-09-30 02:09:07
2425,GRL,Greenland,2001,7.5,994,15.845,15.845,18.6583,34.5179,6.717,25.185,26.158,485.0,Our World in Data / WHO,2026-09-30 02:09:07
2426,GRL,Greenland,2002,7.5,1034,16.275,16.275,19.2584,35.628,6.933,25.281,26.267,485.0,Our World in Data / WHO,2026-09-30 02:09:07
2427,GRL,Greenland,2003,7.5,1093,16.635,16.635,19.8464,36.7158,7.1447,25.375,26.372,485.0,Our World in Data / WHO,2026-09-30 02:09:07
2428,GRL,Greenland,2004,7.5,1121,17.05,17.05,20.4263,37.7887,7.3535,25.468,26.477,485.0,Our World in Data / WHO,2026-09-30 02:09:07
2429,GRL,Greenland,2005,7.5,1166,16.93,16.93,20.9885,38.8287,7.5559,25.558,26.578,485.0,Our World in Data / WHO,2026-09-30 02:09:07
2430,GRL,Greenland,2006,7.5,1200,16.885,16.885,21.521,39.8138,7.7476,25.643,26.674,485.0,Our World in Data / WHO,2026-09-30 02:09:07
2431,GRL,Greenland,2007,7.5,1224,17.04,17.04,22.0172,40.7318,7.9262,25.723,26.763,485.0,Our World in Data / WHO,2026-09-30 02:09:07
2432,GRL,Greenland,2008,7.5,1223,17.395,17.395,22.4765,41.5815,8.0915,25.796,26.846,485.0,Our World in Data / WHO,2026-09-30 02:09:07
2433,GRL,Greenland,2009,7.5,1235,17.085,17.085,22.9041,42.3726,8.2455,25.865,26.923,485.0,Our World in Data / WHO,2026-09-30 02:09:07
2434,GRL,Greenland,2010,7.5,1292,17.32,17.32,23.28,43.068,8.3808,25.925,26.99,485.0,Our World in Data / WHO,2026-09-30 02:09:07
2435,GRL,Greenland,2011,7.5,1327,17.295,17.295,23.6198,43.6966,8.5031,25.979,27.052,485.0,Our World in Data / WHO,2026-09-30 02:09:07
2436,GRL,Greenland,2012,7.5,1329,17.42,17.42,23.9787,44.3606,8.6323,26.037,27.116,485.0,Our World in Data / WHO,2026-09-30 02:09:07
2437,GRL,Greenland,2013,7.5,1330,17.72,17.72,24.371,45.0864,8.7736,26.099,27.187,485.0,Our World in Data / WHO,2026-09-30 02:09:07
2438,GRL,Greenland,2014,7.5,1358,17.835,17.835,24.7802,45.8434,8.9209,26.165,27.26,485.0,Our World in Data / WHO,2026-09-30 02:09:07
2439,GRL,Greenland,2015,7.5,1404,18.37,18.37,25.1816,46.586,9.0654,26.229,27.333,485.0,Our World in Data / WHO,2026-09-30 02:09:07
2440,GRL,Greenland,2016,7.5,1445,18.92,18.92,25.583,47.3286,9.2099,26.293,27.405,485.0,Our World in Data / WHO,2026-09-30 02:09:07
2441,GRL,Greenland,2017,7.5,1479,18.82,18.82,25.994,48.0889,9.3578,26.359,27.479,485.0,Our World in Data / WHO,2026-09-30 02:09:07
2442,GRL,Greenland,2018,7.5,1537,18.665,18.665,26.4152,48.8681,9.5095,26.426,27.555,485.0,Our World in Data / WHO,2026-09-30 02:09:07
2443,GRL,Greenland,2019,7.5,1583,19.66,19.66,26.8541,49.6801,9.6675,26.497,27.634,485.0,Our World in Data / WHO,2026-09-30 02:09:07
2444,GRL,Greenland,2020,7.5,1688,19.585,19.585,27.3089,50.5215,9.8312,26.569,27.716,485.0,Our World in Data / WHO,2026-09-30 02:09:07
2445,GRL,Greenland,2021,7.5,1672,19.6,19.6,27.772,51.3782,9.9979,26.644,27.799,485.0,Our World in Data / WHO,2026-09-30 02:09:07
2446,GRL,Greenland,2022,7.5,1687,19.6,19.6,28.2398,52.2436,10.1663,26.718,27.883,485.0,Our World in Data / WHO,2026-09-30 02:09:07
2447,GTM,Guatemala,1990,9.3,2304,19.63,19.63,6.2903,11.6371,2.2645,23.206,23.932,571.4,Our World in Data / WHO,2026-09-30 02:09:07
2448,GTM,Guatemala,1991,9.3,2304,19.63,19.63,6.6433,12.2901,2.3916,23.263,23.996,571.4,Our World in Data / WHO,2026-09-30 02:09:07
2449,GTM,Guatemala,1992,9.3,2304,19.63,19.63,7.0144,12.9766,2.5252,23.322,24.063,571.4,Our World in Data / WHO,2026-09-30 02:09:07
2450,GTM,Guatemala,1993,9.3,2304,19.63,19.63,7.4035,13.6965,2.6653,23.385,24.133,571.4,Our World in Data / WHO,2026-09-30 02:09:07
2451,GTM,Guatemala,1994,9.3,2304,19.63,19.63,7.8145,14.4568,2.8132,23.45,24.207,571.4,Our World in Data / WHO,2026-09-30 02:09:07
2452,GTM,Guatemala,1995,9.3,2304,19.63,19.63,8.2482,15.2592,2.9694,23.52,24.285,571.4,Our World in Data / WHO,2026-09-30 02:09:07
2453,GTM,Guatemala,1996,9.3,2304,19.63,19.63,8.7046,16.1035,3.1337,23.593,24.367,571.4,Our World in Data / WHO,2026-09-30 02:09:07
2454,GTM,Guatemala,1997,9.3,2304,19.63,19.63,9.1815,16.9858,3.3053,23.669,24.453,571.4,Our World in Data / WHO,2026-09-30 02:09:07
2455,GTM,Guatemala,1998,9.3,2304,19.63,19.63,9.6767,17.9019,3.4836,23.748,24.542,571.4,Our World in Data / WHO,2026-09-30 02:09:07
2456,GTM,Guatemala,1999,9.3,2304,19.63,19.63,10.1888,18.8493,3.668,23.83,24.634,571.4,Our World in Data / WHO,2026-09-30 02:09:07
2457,GTM,Guatemala,2000,9.3,2304,19.63,19.63,10.7151,19.8229,3.8574,23.914,24.729,571.4,Our World in Data / WHO,2026-09-30 02:09:07
2458,GTM,Guatemala,2001,9.3,2481,20.66,20.66,11.2492,20.811,4.0497,24.0,24.825,571.4,Our World in Data / WHO,2026-09-30 02:09:07
2459,GTM,Guatemala,2002,9.3,2792,22.72,22.72,11.7908,21.813,4.2447,24.087,24.922,571.4,Our World in Data / WHO,2026-09-30 02:09:07
2460,GTM,Guatemala,2003,9.3,3013,23.97,23.97,12.3419,22.8325,4.4431,24.175,25.022,571.4,Our World in Data / WHO,2026-09-30 02:09:07
2461,GTM,Guatemala,2004,9.3,3216,25.02,25.02,12.9001,23.8652,4.644,24.264,25.122,571.4,Our World in Data / WHO,2026-09-30 02:09:07
2462,GTM,Guatemala,2005,9.3,3703,28.2,28.2,13.4636,24.9077,4.8469,24.354,25.223,571.4,Our World in Data / WHO,2026-09-30 02:09:07
2463,GTM,Guatemala,2006,9.3,3912,29.17,29.17,14.0326,25.9603,5.0517,24.445,25.326,571.4,Our World in Data / WHO,2026-09-30 02:09:07
2464,GTM,Guatemala,2007,9.3,3856,28.15,28.15,14.612,27.0322,5.2603,24.538,25.43,571.4,Our World in Data / WHO,2026-09-30 02:09:07
2465,GTM,Guatemala,2008,9.3,3968,28.39,28.39,15.2111,28.1405,5.476,24.634,25.538,571.4,Our World in Data / WHO,2026-09-30 02:09:07
2466,GTM,Guatemala,2009,9.3,4344,30.46,30.46,15.83,29.2855,5.6988,24.733,25.649,571.4,Our World in Data / WHO,2026-09-30 02:09:07
2467,GTM,Guatemala,2010,9.3,4600,31.63,31.63,16.4698,30.4691,5.9291,24.835,25.765,571.4,Our World in Data / WHO,2026-09-30 02:09:07
2468,GTM,Guatemala,2011,9.3,4710,31.76,31.76,17.1276,31.6861,6.1659,24.94,25.883,571.4,Our World in Data / WHO,2026-09-30 02:09:07
2469,GTM,Guatemala,2012,9.3,4900,32.39,32.39,17.7989,32.928,6.4076,25.048,26.004,571.4,Our World in Data / WHO,2026-09-30 02:09:07
2470,GTM,Guatemala,2013,9.3,5300,34.37,34.37,18.4834,34.1943,6.654,25.157,26.127,571.4,Our World in Data / WHO,2026-09-30 02:09:07
2471,GTM,Guatemala,2014,9.3,5704,36.3,36.3,19.1813,35.4854,6.9053,25.269,26.253,571.4,Our World in Data / WHO,2026-09-30 02:09:07
2472,GTM,Guatemala,2015,9.3,6017,37.6,37.6,19.8896,36.7958,7.1603,25.382,26.38,571.4,Our World in Data / WHO,2026-09-30 02:09:07
2473,GTM,Guatemala,2016,9.3,6168,37.86,37.86,20.6027,38.115,7.417,25.496,26.508,571.4,Our World in Data / WHO,2026-09-30 02:09:07
2474,GTM,Guatemala,2017,9.3,6266,37.8,37.8,21.3183,39.4389,7.6746,25.611,26.637,571.4,Our World in Data / WHO,2026-09-30 02:09:07
2475,GTM,Guatemala,2018,9.3,6680,39.64,39.64,22.0411,40.776,7.9348,25.727,26.767,571.4,Our World in Data / WHO,2026-09-30 02:09:07
2476,GTM,Guatemala,2019,9.3,7121,41.63,41.63,22.7731,42.1302,8.1983,25.844,26.899,571.4,Our World in Data / WHO,2026-09-30 02:09:07
2477,GTM,Guatemala,2020,9.3,7515,43.28,43.28,23.5193,43.5107,8.4669,25.963,27.033,571.4,Our World in Data / WHO,2026-09-30 02:09:07
2478,GTM,Guatemala,2021,9.3,6792,38.57,38.57,24.2856,44.9284,8.7428,26.086,27.171,571.4,Our World in Data / WHO,2026-09-30 02:09:07
2479,GTM,Guatemala,2022,9.3,6792,38.57,38.57,25.0654,46.371,9.0235,26.21,27.312,571.4,Our World in Data / WHO,2026-09-30 02:09:07
2480,GUM,Guam,2011,8.6,1327,17.295,17.295,18.8889,34.9445,6.8,25.222,26.2,537.8,Our World in Data / WHO,2026-09-30 02:09:07
2481,GUY,Guyana,1990,16.7,301,39.65,39.65,8.1223,15.0263,2.924,23.5,24.262,926.6,Our World in Data / WHO,2026-09-30 02:09:07
2482,GUY,Guyana,1991,16.7,301,39.65,39.65,8.5288,15.7783,3.0704,23.565,24.335,926.6,Our World in Data / WHO,2026-09-30 02:09:07
2483,GUY,Guyana,1992,16.7,301,39.65,39.65,8.9556,16.5679,3.224,23.633,24.412,926.6,Our World in Data / WHO,2026-09-30 02:09:07
2484,GUY,Guyana,1993,16.7,301,39.65,39.65,9.4004,17.3907,3.3841,23.704,24.492,926.6,Our World in Data / WHO,2026-09-30 02:09:07
2485,GUY,Guyana,1994,16.7,301,39.65,39.65,9.8732,18.2654,3.5544,23.78,24.577,926.6,Our World in Data / WHO,2026-09-30 02:09:07
2486,GUY,Guyana,1995,16.7,301,39.65,39.65,10.3771,19.1976,3.7358,23.86,24.668,926.6,Our World in Data / WHO,2026-09-30 02:09:07
2487,GUY,Guyana,1996,16.7,301,39.65,39.65,10.9127,20.1885,3.9286,23.946,24.764,926.6,Our World in Data / WHO,2026-09-30 02:09:07
2488,GUY,Guyana,1997,16.7,301,39.65,39.65,11.4773,21.233,4.1318,24.036,24.866,926.6,Our World in Data / WHO,2026-09-30 02:09:07
2489,GUY,Guyana,1998,16.7,301,39.65,39.65,12.0691,22.3278,4.3449,24.131,24.972,926.6,Our World in Data / WHO,2026-09-30 02:09:07
2490,GUY,Guyana,1999,16.7,301,39.65,39.65,12.6863,23.4697,4.5671,24.23,25.084,926.6,Our World in Data / WHO,2026-09-30 02:09:07
2491,GUY,Guyana,2000,16.7,301,39.65,39.65,13.3217,24.6451,4.7958,24.331,25.198,926.6,Our World in Data / WHO,2026-09-30 02:09:07
2492,GUY,Guyana,2001,16.7,332,43.74,43.74,13.967,25.839,5.0281,24.435,25.314,926.6,Our World in Data / WHO,2026-09-30 02:09:07
2493,GUY,Guyana,2002,16.7,334,43.9,43.9,14.6155,27.0387,5.2616,24.538,25.431,926.6,Our World in Data / WHO,2026-09-30 02:09:07
2494,GUY,Guyana,2003,16.7,347,45.66,45.66,15.2646,28.2395,5.4953,24.642,25.548,926.6,Our World in Data / WHO,2026-09-30 02:09:07
2495,GUY,Guyana,2004,16.7,348,45.72,45.72,15.9146,29.442,5.7293,24.746,25.665,926.6,Our World in Data / WHO,2026-09-30 02:09:07
2496,GUY,Guyana,2005,16.7,371,48.85,48.85,16.5636,30.6427,5.9629,24.85,25.781,926.6,Our World in Data / WHO,2026-09-30 02:09:07
2497,GUY,Guyana,2006,16.7,376,49.53,49.53,17.2074,31.8337,6.1947,24.953,25.897,926.6,Our World in Data / WHO,2026-09-30 02:09:07
2498,GUY,Guyana,2007,16.7,372,49.24,49.24,17.8418,33.0073,6.423,25.055,26.012,926.6,Our World in Data / WHO,2026-09-30 02:09:07
2499,GUY,Guyana,2008,16.7,356,47.17,47.17,18.4676,34.1651,6.6483,25.155,26.124,926.6,Our World in Data / WHO,2026-09-30 02:09:07
2500,GUY,Guyana,2009,16.7,351,46.76,46.76,19.0803,35.2986,6.8689,25.253,26.234,926.6,Our World in Data / WHO,2026-09-30 02:09:07
2501,GUY,Guyana,2010,16.7,354,47.32,47.32,19.6894,36.4254,7.0882,25.35,26.344,926.6,Our World in Data / WHO,2026-09-30 02:09:07
2502,GUY,Guyana,2011,16.7,360,48.31,48.31,20.3049,37.5641,7.3098,25.449,26.455,926.6,Our World in Data / WHO,2026-09-30 02:09:07
2503,GUY,Guyana,2012,16.7,357,48.05,48.05,20.9449,38.7481,7.5402,25.551,26.57,926.6,Our World in Data / WHO,2026-09-30 02:09:07
2504,GUY,Guyana,2013,16.7,356,47.58,47.58,21.6073,39.9735,7.7786,25.657,26.689,926.6,Our World in Data / WHO,2026-09-30 02:09:07
2505,GUY,Guyana,2014,16.7,355,47.31,47.31,22.2766,41.2117,8.0196,25.764,26.81,926.6,Our World in Data / WHO,2026-09-30 02:09:07
2506,GUY,Guyana,2015,16.7,365,48.38,48.38,22.9615,42.4788,8.2661,25.874,26.933,926.6,Our World in Data / WHO,2026-09-30 02:09:07
2507,GUY,Guyana,2016,16.7,357,47.0,47.0,23.6654,43.781,8.5195,25.986,27.06,926.6,Our World in Data / WHO,2026-09-30 02:09:07
2508,GUY,Guyana,2017,16.7,342,44.8,44.8,24.386,45.1141,8.779,26.102,27.189,926.6,Our World in Data / WHO,2026-09-30 02:09:07
2509,GUY,Guyana,2018,16.7,415,52.77,52.77,24.9581,46.1725,8.9849,26.193,27.292,926.6,Our World in Data / WHO,2026-09-30 02:09:07
2510,GUY,Guyana,2019,16.7,484,60.65,60.65,25.6275,47.4109,9.2259,26.3,27.413,926.6,Our World in Data / WHO,2026-09-30 02:09:07
2511,GUY,Guyana,2020,16.7,468,58.66,58.66,26.4772,48.9828,9.5318,26.436,27.566,926.6,Our World in Data / WHO,2026-09-30 02:09:07
2512,GUY,Guyana,2021,16.7,378,46.97,46.97,27.2686,50.4469,9.8167,26.563,27.708,926.6,Our World in Data / WHO,2026-09-30 02:09:07
2513,GUY,Guyana,2022,16.7,378,46.97,46.97,28.0878,51.9624,10.1116,26.694,27.856,926.6,Our World in Data / WHO,2026-09-30 02:09:07
2514,HKG,Hong Kong,2000,12.1,955,16.06,16.06,13.4739,24.9267,4.8506,24.356,25.225,705.8,Our World in Data / WHO,2026-09-30 02:09:07
2515,HKG,Hong Kong,2011,7.6,1327,17.295,17.295,18.8889,34.9445,6.8,25.222,26.2,489.8,Our World in Data / WHO,2026-09-30 02:09:07
2516,HND,Honduras,1990,6.7,464,6.97,6.97,7.5374,13.9442,2.7135,23.406,24.157,446.6,Our World in Data / WHO,2026-09-30 02:09:07
2517,HND,Honduras,1991,6.7,464,6.97,6.97,7.966,14.7371,2.8678,23.475,24.234,446.6,Our World in Data / WHO,2026-09-30 02:09:07
2518,HND,Honduras,1992,6.7,464,6.97,6.97,8.414,15.5659,3.029,23.546,24.315,446.6,Our World in Data / WHO,2026-09-30 02:09:07
2519,HND,Honduras,1993,6.7,464,6.97,6.97,8.8787,16.4256,3.1963,23.621,24.398,446.6,Our World in Data / WHO,2026-09-30 02:09:07
2520,HND,Honduras,1994,6.7,464,6.97,6.97,9.362,17.3197,3.3703,23.698,24.485,446.6,Our World in Data / WHO,2026-09-30 02:09:07
2521,HND,Honduras,1995,6.7,464,6.97,6.97,9.8684,18.2565,3.5526,23.779,24.576,446.6,Our World in Data / WHO,2026-09-30 02:09:07
2522,HND,Honduras,1996,6.7,464,6.97,6.97,10.3991,19.2383,3.7437,23.864,24.672,446.6,Our World in Data / WHO,2026-09-30 02:09:07
2523,HND,Honduras,1997,6.7,464,6.97,6.97,10.9549,20.2666,3.9438,23.953,24.772,446.6,Our World in Data / WHO,2026-09-30 02:09:07
2524,HND,Honduras,1998,6.7,464,6.97,6.97,11.5323,21.3348,4.1516,24.045,24.876,446.6,Our World in Data / WHO,2026-09-30 02:09:07
2525,HND,Honduras,1999,6.7,464,6.97,6.97,12.1324,22.4449,4.3677,24.141,24.984,446.6,Our World in Data / WHO,2026-09-30 02:09:07
2526,HND,Honduras,2000,6.7,464,6.97,6.97,12.7541,23.5951,4.5915,24.241,25.096,446.6,Our World in Data / WHO,2026-09-30 02:09:07
2527,HND,Honduras,2001,6.7,478,6.99,6.99,13.3901,24.7717,4.8204,24.342,25.21,446.6,Our World in Data / WHO,2026-09-30 02:09:07
2528,HND,Honduras,2002,6.7,502,7.15,7.15,14.04,25.974,5.0544,24.446,25.327,446.6,Our World in Data / WHO,2026-09-30 02:09:07
2529,HND,Honduras,2003,6.7,540,7.49,7.49,14.7014,27.1976,5.2925,24.552,25.446,446.6,Our World in Data / WHO,2026-09-30 02:09:07
2530,HND,Honduras,2004,6.7,574,7.77,7.77,15.3749,28.4436,5.535,24.66,25.567,446.6,Our World in Data / WHO,2026-09-30 02:09:07
2531,HND,Honduras,2005,6.7,615,8.12,8.12,16.0599,29.7108,5.7816,24.77,25.691,446.6,Our World in Data / WHO,2026-09-30 02:09:07
2532,HND,Honduras,2006,6.7,647,8.36,8.36,16.7579,31.0021,6.0328,24.881,25.816,446.6,Our World in Data / WHO,2026-09-30 02:09:07
2533,HND,Honduras,2007,6.7,669,8.44,8.44,17.4707,32.3208,6.2895,24.995,25.945,446.6,Our World in Data / WHO,2026-09-30 02:09:07
2534,HND,Honduras,2008,6.7,694,8.56,8.56,18.1992,33.6685,6.5517,25.112,26.076,446.6,Our World in Data / WHO,2026-09-30 02:09:07
2535,HND,Honduras,2009,6.7,719,8.68,8.68,18.9408,35.0405,6.8187,25.231,26.209,446.6,Our World in Data / WHO,2026-09-30 02:09:07
2536,HND,Honduras,2010,6.7,761,9.01,9.01,19.6982,36.4417,7.0914,25.352,26.346,446.6,Our World in Data / WHO,2026-09-30 02:09:07
2537,HND,Honduras,2011,6.7,816,9.47,9.47,20.4698,37.8691,7.3691,25.475,26.485,446.6,Our World in Data / WHO,2026-09-30 02:09:07
2538,HND,Honduras,2012,6.7,1047,11.91,11.91,21.2507,39.3138,7.6503,25.6,26.625,446.6,Our World in Data / WHO,2026-09-30 02:09:07
2539,HND,Honduras,2013,6.7,1104,12.32,12.32,22.0351,40.7649,7.9326,25.726,26.766,446.6,Our World in Data / WHO,2026-09-30 02:09:07
2540,HND,Honduras,2014,6.7,1182,12.95,12.95,22.8211,42.219,8.2156,25.851,26.908,446.6,Our World in Data / WHO,2026-09-30 02:09:07
2541,HND,Honduras,2015,6.7,1270,13.67,13.67,23.6109,43.6802,8.4999,25.978,27.05,446.6,Our World in Data / WHO,2026-09-30 02:09:07
2542,HND,Honduras,2016,6.7,1220,12.9,12.9,24.4011,45.142,8.7844,26.104,27.192,446.6,Our World in Data / WHO,2026-09-30 02:09:07
2543,HND,Honduras,2017,6.7,1312,13.63,13.63,25.185,46.5922,9.0666,26.23,27.333,446.6,Our World in Data / WHO,2026-09-30 02:09:07
2544,HND,Honduras,2018,6.7,1347,13.76,13.76,25.9603,48.0266,9.3457,26.354,27.473,446.6,Our World in Data / WHO,2026-09-30 02:09:07
2545,HND,Honduras,2019,6.7,1405,14.11,14.11,26.7372,49.4638,9.6254,26.478,27.613,446.6,Our World in Data / WHO,2026-09-30 02:09:07
2546,HND,Honduras,2020,6.7,1406,13.89,13.89,27.5279,50.9266,9.91,26.604,27.755,446.6,Our World in Data / WHO,2026-09-30 02:09:07
2547,HND,Honduras,2021,6.7,1276,12.42,12.42,28.3348,52.4194,10.2005,26.734,27.9,446.6,Our World in Data / WHO,2026-09-30 02:09:07
2548,HND,Honduras,2022,6.7,1276,12.42,12.42,29.1546,53.936,10.4957,26.865,28.048,446.6,Our World in Data / WHO,2026-09-30 02:09:07
2549,HRV,Croatia,1990,5.2,820,18.04,18.04,13.2241,24.4646,4.7607,24.316,25.18,374.6,Our World in Data / WHO,2026-09-30 02:09:07
2550,HRV,Croatia,1991,5.2,820,18.04,18.04,13.5121,24.9974,4.8644,24.362,25.232,374.6,Our World in Data / WHO,2026-09-30 02:09:07
2551,HRV,Croatia,1992,5.2,820,18.04,18.04,13.852,25.6262,4.9867,24.416,25.293,374.6,Our World in Data / WHO,2026-09-30 02:09:07
2552,HRV,Croatia,1993,5.2,820,18.04,18.04,14.2187,26.3046,5.1187,24.475,25.359,374.6,Our World in Data / WHO,2026-09-30 02:09:07
2553,HRV,Croatia,1994,5.2,820,18.04,18.04,14.603,27.0156,5.2571,24.536,25.429,374.6,Our World in Data / WHO,2026-09-30 02:09:07
2554,HRV,Croatia,1995,5.2,820,18.04,18.04,15.0122,27.7726,5.4044,24.602,25.502,374.6,Our World in Data / WHO,2026-09-30 02:09:07
2555,HRV,Croatia,1996,5.2,820,18.04,18.04,15.466,28.6121,5.5678,24.675,25.584,374.6,Our World in Data / WHO,2026-09-30 02:09:07
2556,HRV,Croatia,1997,5.2,820,18.04,18.04,15.9713,29.5469,5.7497,24.755,25.675,374.6,Our World in Data / WHO,2026-09-30 02:09:07
2557,HRV,Croatia,1998,5.2,820,18.04,18.04,16.5224,30.5664,5.9481,24.844,25.774,374.6,Our World in Data / WHO,2026-09-30 02:09:07
2558,HRV,Croatia,1999,5.2,820,18.04,18.04,17.1159,31.6644,6.1617,24.939,25.881,374.6,Our World in Data / WHO,2026-09-30 02:09:07
2559,HRV,Croatia,2000,5.2,820,18.04,18.04,17.7525,32.8421,6.3909,25.04,25.995,374.6,Our World in Data / WHO,2026-09-30 02:09:07
2560,HRV,Croatia,2001,5.2,722,16.02,16.02,18.4144,34.0666,6.6292,25.146,26.115,374.6,Our World in Data / WHO,2026-09-30 02:09:07
2561,HRV,Croatia,2002,5.2,813,18.14,18.14,19.0878,35.3124,6.8716,25.254,26.236,374.6,Our World in Data / WHO,2026-09-30 02:09:07
2562,HRV,Croatia,2003,5.2,970,21.74,21.74,19.7848,36.6019,7.1225,25.366,26.361,374.6,Our World in Data / WHO,2026-09-30 02:09:07
2563,HRV,Croatia,2004,5.2,883,19.86,19.86,20.5003,37.9256,7.3801,25.48,26.49,374.6,Our World in Data / WHO,2026-09-30 02:09:07
2564,HRV,Croatia,2005,5.2,977,22.05,22.05,21.2321,39.2794,7.6436,25.597,26.622,374.6,Our World in Data / WHO,2026-09-30 02:09:07
2565,HRV,Croatia,2006,5.2,1003,22.7,22.7,21.9871,40.6761,7.9154,25.718,26.758,374.6,Our World in Data / WHO,2026-09-30 02:09:07
2566,HRV,Croatia,2007,5.2,1196,27.14,27.14,22.7648,42.1149,8.1953,25.842,26.898,374.6,Our World in Data / WHO,2026-09-30 02:09:07
2567,HRV,Croatia,2008,5.2,1172,26.68,26.68,23.5589,43.584,8.4812,25.969,27.041,374.6,Our World in Data / WHO,2026-09-30 02:09:07
2568,HRV,Croatia,2009,5.2,1230,28.06,28.06,24.3562,45.059,8.7682,26.097,27.184,374.6,Our World in Data / WHO,2026-09-30 02:09:07
2569,HRV,Croatia,2010,5.2,1288,29.49,29.49,25.1664,46.5578,9.0599,26.227,27.33,374.6,Our World in Data / WHO,2026-09-30 02:09:07
2570,HRV,Croatia,2011,5.2,1081,24.84,24.84,25.9952,48.0911,9.3583,26.359,27.479,374.6,Our World in Data / WHO,2026-09-30 02:09:07
2571,HRV,Croatia,2012,5.2,1207,27.87,27.87,26.8178,49.6129,9.6544,26.491,27.627,374.6,Our World in Data / WHO,2026-09-30 02:09:07
2572,HRV,Croatia,2013,5.2,1126,26.14,26.14,27.6195,51.0961,9.943,26.619,27.772,374.6,Our World in Data / WHO,2026-09-30 02:09:07
2573,HRV,Croatia,2014,5.2,1203,28.07,28.07,28.4157,52.569,10.2297,26.747,27.915,374.6,Our World in Data / WHO,2026-09-30 02:09:07
2574,HRV,Croatia,2015,5.2,1490,35.02,35.02,29.2323,54.0798,10.5236,26.877,28.062,374.6,Our World in Data / WHO,2026-09-30 02:09:07
2575,HRV,Croatia,2016,5.2,1698,40.19,40.19,30.0799,55.6478,10.8288,27.013,28.214,374.6,Our World in Data / WHO,2026-09-30 02:09:07
2576,HRV,Croatia,2017,5.2,2105,50.22,50.22,30.9479,57.2536,11.1412,27.152,28.371,374.6,Our World in Data / WHO,2026-09-30 02:09:07
2577,HRV,Croatia,2018,5.2,2579,61.99,61.99,31.805,58.8392,11.4498,27.289,28.525,374.6,Our World in Data / WHO,2026-09-30 02:09:07
2578,HRV,Croatia,2019,5.2,3621,87.67,87.67,32.6234,60.3533,11.7444,27.42,28.672,374.6,Our World in Data / WHO,2026-09-30 02:09:07
2579,HRV,Croatia,2020,5.2,4222,103.06,103.06,33.426,61.8381,12.0334,27.548,28.817,374.6,Our World in Data / WHO,2026-09-30 02:09:07
2580,HRV,Croatia,2021,5.2,4266,105.07,105.07,34.2167,63.3009,12.318,27.675,28.959,374.6,Our World in Data / WHO,2026-09-30 02:09:07
2581,HRV,Croatia,2022,5.2,4266,105.07,105.07,34.97,64.6945,12.5892,27.795,29.095,374.6,Our World in Data / WHO,2026-09-30 02:09:07
2582,HTI,Haiti,1990,6.6,3585,42.88,42.88,2.7763,6.0,0.9995,22.644,23.3,441.8,Our World in Data / WHO,2026-09-30 02:09:07
2583,HTI,Haiti,1991,6.6,3585,42.88,42.88,2.9201,6.0,1.0512,22.667,23.326,441.8,Our World in Data / WHO,2026-09-30 02:09:07
2584,HTI,Haiti,1992,6.6,3585,42.88,42.88,3.0728,6.0,1.1062,22.692,23.353,441.8,Our World in Data / WHO,2026-09-30 02:09:07
2585,HTI,Haiti,1993,6.6,3585,42.88,42.88,3.2354,6.0,1.1647,22.718,23.382,441.8,Our World in Data / WHO,2026-09-30 02:09:07
2586,HTI,Haiti,1994,6.6,3585,42.88,42.88,3.4094,6.3074,1.2274,22.746,23.414,441.8,Our World in Data / WHO,2026-09-30 02:09:07
2587,HTI,Haiti,1995,6.6,3585,42.88,42.88,3.5952,6.6511,1.2943,22.775,23.447,441.8,Our World in Data / WHO,2026-09-30 02:09:07
2588,HTI,Haiti,1996,6.6,3585,42.88,42.88,3.7941,7.0191,1.3659,22.807,23.483,441.8,Our World in Data / WHO,2026-09-30 02:09:07
2589,HTI,Haiti,1997,6.6,3585,42.88,42.88,4.0051,7.4094,1.4418,22.841,23.521,441.8,Our World in Data / WHO,2026-09-30 02:09:07
2590,HTI,Haiti,1998,6.6,3585,42.88,42.88,4.2267,7.8194,1.5216,22.876,23.561,441.8,Our World in Data / WHO,2026-09-30 02:09:07
2591,HTI,Haiti,1999,6.6,3585,42.88,42.88,4.4566,8.2447,1.6044,22.913,23.602,441.8,Our World in Data / WHO,2026-09-30 02:09:07
2592,HTI,Haiti,2000,6.6,3585,42.88,42.88,4.6903,8.6771,1.6885,22.95,23.644,441.8,Our World in Data / WHO,2026-09-30 02:09:07
2593,HTI,Haiti,2001,6.6,3661,43.01,43.01,4.9235,9.1085,1.7725,22.988,23.686,441.8,Our World in Data / WHO,2026-09-30 02:09:07
2594,HTI,Haiti,2002,6.6,3740,43.18,43.18,5.1539,9.5347,1.8554,23.025,23.728,441.8,Our World in Data / WHO,2026-09-30 02:09:07
2595,HTI,Haiti,2003,6.6,3849,43.67,43.67,5.381,9.9548,1.9372,23.061,23.769,441.8,Our World in Data / WHO,2026-09-30 02:09:07
2596,HTI,Haiti,2004,6.6,3931,43.87,43.87,5.6036,10.3667,2.0173,23.097,23.809,441.8,Our World in Data / WHO,2026-09-30 02:09:07
2597,HTI,Haiti,2005,6.6,4052,44.47,44.47,5.8222,10.7711,2.096,23.132,23.848,441.8,Our World in Data / WHO,2026-09-30 02:09:07
2598,HTI,Haiti,2006,6.6,4084,44.07,44.07,6.0379,11.1701,2.1736,23.166,23.887,441.8,Our World in Data / WHO,2026-09-30 02:09:07
2599,HTI,Haiti,2007,6.6,4151,44.06,44.06,6.2515,11.5653,2.2505,23.2,23.925,441.8,Our World in Data / WHO,2026-09-30 02:09:07
2600,HTI,Haiti,2008,6.6,4201,43.88,43.88,6.4643,11.959,2.3271,23.234,23.964,441.8,Our World in Data / WHO,2026-09-30 02:09:07
2601,HTI,Haiti,2009,6.6,4288,44.06,44.06,6.6778,12.3539,2.404,23.268,24.002,441.8,Our World in Data / WHO,2026-09-30 02:09:07
2602,HTI,Haiti,2010,6.6,4329,43.98,43.98,6.8927,12.7515,2.4814,23.303,24.041,441.8,Our World in Data / WHO,2026-09-30 02:09:07
2603,HTI,Haiti,2011,6.6,4405,44.26,44.26,7.1117,13.1566,2.5602,23.338,24.08,441.8,Our World in Data / WHO,2026-09-30 02:09:07
2604,HTI,Haiti,2012,6.6,4548,44.99,44.99,7.3383,13.5759,2.6418,23.374,24.121,441.8,Our World in Data / WHO,2026-09-30 02:09:07
2605,HTI,Haiti,2013,6.6,4647,45.29,45.29,7.5698,14.0041,2.7251,23.411,24.163,441.8,Our World in Data / WHO,2026-09-30 02:09:07
2606,HTI,Haiti,2014,6.6,4738,45.51,45.51,7.8086,14.4459,2.8111,23.449,24.206,441.8,Our World in Data / WHO,2026-09-30 02:09:07
2607,HTI,Haiti,2015,6.6,4876,46.15,46.15,8.0578,14.9069,2.9008,23.489,24.25,441.8,Our World in Data / WHO,2026-09-30 02:09:07
2608,HTI,Haiti,2016,6.6,4926,45.98,45.98,8.3172,15.3868,2.9942,23.531,24.297,441.8,Our World in Data / WHO,2026-09-30 02:09:07
2609,HTI,Haiti,2017,6.6,5051,46.5,46.5,8.5847,15.8817,3.0905,23.574,24.345,441.8,Our World in Data / WHO,2026-09-30 02:09:07
2610,HTI,Haiti,2018,6.6,5267,47.82,47.82,8.8577,16.3867,3.1888,23.617,24.394,441.8,Our World in Data / WHO,2026-09-30 02:09:07
2611,HTI,Haiti,2019,6.6,5467,48.98,48.98,9.1384,16.906,3.2898,23.662,24.445,441.8,Our World in Data / WHO,2026-09-30 02:09:07
2612,HTI,Haiti,2020,6.6,5674,50.18,50.18,9.4327,17.4505,3.3958,23.709,24.498,441.8,Our World in Data / WHO,2026-09-30 02:09:07
2613,HTI,Haiti,2021,6.6,5587,48.81,48.81,9.7376,18.0146,3.5055,23.758,24.553,441.8,Our World in Data / WHO,2026-09-30 02:09:07
2614,HTI,Haiti,2022,6.6,5587,48.81,48.81,10.0528,18.5977,3.619,23.808,24.61,441.8,Our World in Data / WHO,2026-09-30 02:09:07
2615,HUN,Hungary,1990,6.0,2222,21.78,21.78,14.7073,27.2085,5.2946,24.553,25.447,413.0,Our World in Data / WHO,2026-09-30 02:09:07
2616,HUN,Hungary,1991,6.0,2222,21.78,21.78,15.1196,27.9713,5.4431,24.619,25.522,413.0,Our World in Data / WHO,2026-09-30 02:09:07
2617,HUN,Hungary,1992,6.0,2222,21.78,21.78,15.5183,28.7089,5.5866,24.683,25.593,413.0,Our World in Data / WHO,2026-09-30 02:09:07
2618,HUN,Hungary,1993,6.0,2222,21.78,21.78,15.9121,29.4374,5.7284,24.746,25.664,413.0,Our World in Data / WHO,2026-09-30 02:09:07
2619,HUN,Hungary,1994,6.0,2222,21.78,21.78,16.3362,30.222,5.881,24.814,25.741,413.0,Our World in Data / WHO,2026-09-30 02:09:07
2620,HUN,Hungary,1995,6.0,2222,21.78,21.78,16.7997,31.0794,6.0479,24.888,25.824,413.0,Our World in Data / WHO,2026-09-30 02:09:07
2621,HUN,Hungary,1996,6.0,2222,21.78,21.78,17.3008,32.0065,6.2283,24.968,25.914,413.0,Our World in Data / WHO,2026-09-30 02:09:07
2622,HUN,Hungary,1997,6.0,2222,21.78,21.78,17.8451,33.0134,6.4242,25.055,26.012,413.0,Our World in Data / WHO,2026-09-30 02:09:07
2623,HUN,Hungary,1998,6.0,2222,21.78,21.78,18.4415,34.1168,6.6389,25.151,26.119,413.0,Our World in Data / WHO,2026-09-30 02:09:07
2624,HUN,Hungary,1999,6.0,2222,21.78,21.78,19.0914,35.3191,6.8729,25.255,26.236,413.0,Our World in Data / WHO,2026-09-30 02:09:07
2625,HUN,Hungary,2000,6.0,2222,21.78,21.78,19.7859,36.6039,7.1229,25.366,26.361,413.0,Our World in Data / WHO,2026-09-30 02:09:07
2626,HUN,Hungary,2001,6.0,1685,16.56,16.56,20.5038,37.932,7.3814,25.481,26.491,413.0,Our World in Data / WHO,2026-09-30 02:09:07
2627,HUN,Hungary,2002,6.0,2186,21.54,21.54,21.2265,39.269,7.6415,25.596,26.621,413.0,Our World in Data / WHO,2026-09-30 02:09:07
2628,HUN,Hungary,2003,6.0,2427,23.98,23.98,21.9501,40.6077,7.902,25.712,26.751,413.0,Our World in Data / WHO,2026-09-30 02:09:07
2629,HUN,Hungary,2004,6.0,2199,21.78,21.78,22.678,41.9543,8.1641,25.828,26.882,413.0,Our World in Data / WHO,2026-09-30 02:09:07
2630,HUN,Hungary,2005,6.0,3356,33.31,33.31,23.4176,43.3226,8.4303,25.947,27.015,413.0,Our World in Data / WHO,2026-09-30 02:09:07
2631,HUN,Hungary,2006,6.0,2912,28.95,28.95,24.1638,44.703,8.699,26.066,27.149,413.0,Our World in Data / WHO,2026-09-30 02:09:07
2632,HUN,Hungary,2007,6.0,2808,27.96,27.96,24.907,46.078,8.9665,26.185,27.283,413.0,Our World in Data / WHO,2026-09-30 02:09:07
2633,HUN,Hungary,2008,6.0,2650,26.44,26.44,25.6401,47.4342,9.2304,26.302,27.415,413.0,Our World in Data / WHO,2026-09-30 02:09:07
2634,HUN,Hungary,2009,6.0,2434,24.32,24.32,26.363,48.7716,9.4907,26.418,27.545,413.0,Our World in Data / WHO,2026-09-30 02:09:07
2635,HUN,Hungary,2010,6.0,2336,23.39,23.39,27.0927,50.1215,9.7534,26.535,27.677,413.0,Our World in Data / WHO,2026-09-30 02:09:07
2636,HUN,Hungary,2011,6.0,2524,25.36,25.36,27.9413,51.6914,10.0589,26.671,27.829,413.0,Our World in Data / WHO,2026-09-30 02:09:07
2637,HUN,Hungary,2012,6.0,2603,26.23,26.23,28.771,53.2264,10.3576,26.803,27.979,413.0,Our World in Data / WHO,2026-09-30 02:09:07
2638,HUN,Hungary,2013,6.0,2354,23.79,23.79,29.4673,54.5145,10.6082,26.915,28.104,413.0,Our World in Data / WHO,2026-09-30 02:09:07
2639,HUN,Hungary,2014,6.0,2347,23.78,23.78,30.1747,55.8232,10.8629,27.028,28.231,413.0,Our World in Data / WHO,2026-09-30 02:09:07
2640,HUN,Hungary,2015,6.0,2513,25.53,25.53,30.8989,57.163,11.1236,27.144,28.362,413.0,Our World in Data / WHO,2026-09-30 02:09:07
2641,HUN,Hungary,2016,6.0,2545,25.93,25.93,31.6293,58.5142,11.3865,27.261,28.493,413.0,Our World in Data / WHO,2026-09-30 02:09:07
2642,HUN,Hungary,2017,6.0,2835,28.96,28.96,32.3272,59.8053,11.6378,27.372,28.619,413.0,Our World in Data / WHO,2026-09-30 02:09:07
2643,HUN,Hungary,2018,6.0,2832,28.97,28.97,32.9769,61.0073,11.8717,27.476,28.736,413.0,Our World in Data / WHO,2026-09-30 02:09:07
2644,HUN,Hungary,2019,6.0,2799,28.64,28.64,33.6142,62.1863,12.1011,27.578,28.851,413.0,Our World in Data / WHO,2026-09-30 02:09:07
2645,HUN,Hungary,2020,6.0,3416,35.03,35.03,34.276,63.4106,12.3394,27.684,28.97,413.0,Our World in Data / WHO,2026-09-30 02:09:07
2646,HUN,Hungary,2021,6.0,3650,37.59,37.59,34.9306,64.6216,12.575,27.789,29.088,413.0,Our World in Data / WHO,2026-09-30 02:09:07
2647,HUN,Hungary,2022,6.0,3650,37.59,37.59,35.5831,65.8287,12.8099,27.893,29.205,413.0,Our World in Data / WHO,2026-09-30 02:09:07
2648,IDN,Indonesia,1990,5.1,33515,15.66,15.66,1.3619,6.0,0.4903,22.418,23.045,369.8,Our World in Data / WHO,2026-09-30 02:09:07
2649,IDN,Indonesia,1991,5.1,33515,15.66,15.66,1.4339,6.0,0.5162,22.429,23.058,369.8,Our World in Data / WHO,2026-09-30 02:09:07
2650,IDN,Indonesia,1992,5.1,33515,15.66,15.66,1.5116,6.0,0.5442,22.442,23.072,369.8,Our World in Data / WHO,2026-09-30 02:09:07
2651,IDN,Indonesia,1993,5.1,33515,15.66,15.66,1.5954,6.0,0.5743,22.455,23.087,369.8,Our World in Data / WHO,2026-09-30 02:09:07
2652,IDN,Indonesia,1994,5.1,33515,15.66,15.66,1.6855,6.0,0.6068,22.47,23.103,369.8,Our World in Data / WHO,2026-09-30 02:09:07
2653,IDN,Indonesia,1995,5.1,33515,15.66,15.66,1.7826,6.0,0.6417,22.485,23.121,369.8,Our World in Data / WHO,2026-09-30 02:09:07
2654,IDN,Indonesia,1996,5.1,33515,15.66,15.66,1.8876,6.0,0.6795,22.502,23.14,369.8,Our World in Data / WHO,2026-09-30 02:09:07
2655,IDN,Indonesia,1997,5.1,33515,15.66,15.66,2.0014,6.0,0.7205,22.52,23.16,369.8,Our World in Data / WHO,2026-09-30 02:09:07
2656,IDN,Indonesia,1998,5.1,33515,15.66,15.66,2.1255,6.0,0.7652,22.54,23.183,369.8,Our World in Data / WHO,2026-09-30 02:09:07
2657,IDN,Indonesia,1999,5.1,33515,15.66,15.66,2.2609,6.0,0.8139,22.562,23.207,369.8,Our World in Data / WHO,2026-09-30 02:09:07
2658,IDN,Indonesia,2000,5.1,33515,15.66,15.66,2.4087,6.0,0.8671,22.585,23.234,369.8,Our World in Data / WHO,2026-09-30 02:09:07
2659,IDN,Indonesia,2001,5.1,34736,16.0,16.0,2.5705,6.0,0.9254,22.611,23.263,369.8,Our World in Data / WHO,2026-09-30 02:09:07
2660,IDN,Indonesia,2002,5.1,35989,16.35,16.35,2.7475,6.0,0.9891,22.64,23.295,369.8,Our World in Data / WHO,2026-09-30 02:09:07
2661,IDN,Indonesia,2003,5.1,37173,16.66,16.66,2.9422,6.0,1.0592,22.671,23.33,369.8,Our World in Data / WHO,2026-09-30 02:09:07
2662,IDN,Indonesia,2004,5.1,38313,16.96,16.96,3.1571,6.0,1.1366,22.705,23.368,369.8,Our World in Data / WHO,2026-09-30 02:09:07
2663,IDN,Indonesia,2005,5.1,39609,17.31,17.31,3.3918,6.2748,1.221,22.743,23.411,369.8,Our World in Data / WHO,2026-09-30 02:09:07
2664,IDN,Indonesia,2006,5.1,40885,17.64,17.64,3.6466,6.7462,1.3128,22.783,23.456,369.8,Our World in Data / WHO,2026-09-30 02:09:07
2665,IDN,Indonesia,2007,5.1,42478,18.09,18.09,3.9229,7.2574,1.4122,22.828,23.506,369.8,Our World in Data / WHO,2026-09-30 02:09:07
2666,IDN,Indonesia,2008,5.1,43952,18.47,18.47,4.2234,7.8133,1.5204,22.876,23.56,369.8,Our World in Data / WHO,2026-09-30 02:09:07
2667,IDN,Indonesia,2009,5.1,45453,18.86,18.86,4.5459,8.4099,1.6365,22.927,23.618,369.8,Our World in Data / WHO,2026-09-30 02:09:07
2668,IDN,Indonesia,2010,5.1,47067,19.29,19.29,4.8889,9.0445,1.76,22.982,23.68,369.8,Our World in Data / WHO,2026-09-30 02:09:07
2669,IDN,Indonesia,2011,5.1,48550,19.65,19.65,5.2537,9.7193,1.8913,23.041,23.746,369.8,Our World in Data / WHO,2026-09-30 02:09:07
2670,IDN,Indonesia,2012,5.1,50192,20.06,20.06,5.6412,10.4362,2.0308,23.103,23.815,369.8,Our World in Data / WHO,2026-09-30 02:09:07
2671,IDN,Indonesia,2013,5.1,51982,20.52,20.52,6.0534,11.1988,2.1792,23.169,23.89,369.8,Our World in Data / WHO,2026-09-30 02:09:07
2672,IDN,Indonesia,2014,5.1,53909,21.04,21.04,6.4912,12.0087,2.3368,23.239,23.968,369.8,Our World in Data / WHO,2026-09-30 02:09:07
2673,IDN,Indonesia,2015,5.1,55713,21.5,21.5,6.9542,12.8653,2.5035,23.313,24.052,369.8,Our World in Data / WHO,2026-09-30 02:09:07
2674,IDN,Indonesia,2016,5.1,57655,22.02,22.02,7.4407,13.7653,2.6787,23.391,24.139,369.8,Our World in Data / WHO,2026-09-30 02:09:07
2675,IDN,Indonesia,2017,5.1,59662,22.56,22.56,7.9491,14.7058,2.8617,23.472,24.231,369.8,Our World in Data / WHO,2026-09-30 02:09:07
2676,IDN,Indonesia,2018,5.1,61661,23.09,23.09,8.4775,15.6834,3.0519,23.556,24.326,369.8,Our World in Data / WHO,2026-09-30 02:09:07
2677,IDN,Indonesia,2019,5.1,63798,23.67,23.67,9.024,16.6944,3.2486,23.644,24.424,369.8,Our World in Data / WHO,2026-09-30 02:09:07
2678,IDN,Indonesia,2020,5.1,62692,23.06,23.06,9.5909,17.7432,3.4527,23.735,24.526,369.8,Our World in Data / WHO,2026-09-30 02:09:07
2679,IDN,Indonesia,2021,5.1,58164,21.25,21.25,10.1818,18.8363,3.6654,23.829,24.633,369.8,Our World in Data / WHO,2026-09-30 02:09:07
2680,IDN,Indonesia,2022,5.1,58164,21.25,21.25,10.7868,19.9556,3.8832,23.926,24.742,369.8,Our World in Data / WHO,2026-09-30 02:09:07
2681,IND,India,1990,9.0,118189,11.15,11.15,0.6676,6.0,0.2403,22.307,22.92,557.0,Our World in Data / WHO,2026-09-30 02:09:07
2682,IND,India,1991,9.0,118189,11.15,11.15,0.7286,6.0,0.2623,22.317,22.931,557.0,Our World in Data / WHO,2026-09-30 02:09:07
2683,IND,India,1992,9.0,118189,11.15,11.15,0.7949,6.0,0.2862,22.327,22.943,557.0,Our World in Data / WHO,2026-09-30 02:09:07
2684,IND,India,1993,9.0,118189,11.15,11.15,0.8669,6.0,0.3121,22.339,22.956,557.0,Our World in Data / WHO,2026-09-30 02:09:07
2685,IND,India,1994,9.0,118189,11.15,11.15,0.9453,6.0,0.3403,22.351,22.97,557.0,Our World in Data / WHO,2026-09-30 02:09:07
2686,IND,India,1995,9.0,118189,11.15,11.15,1.0315,6.0,0.3713,22.365,22.986,557.0,Our World in Data / WHO,2026-09-30 02:09:07
2687,IND,India,1996,9.0,118189,11.15,11.15,1.1263,6.0,0.4055,22.38,23.003,557.0,Our World in Data / WHO,2026-09-30 02:09:07
2688,IND,India,1997,9.0,118189,11.15,11.15,1.2309,6.0,0.4431,22.397,23.022,557.0,Our World in Data / WHO,2026-09-30 02:09:07
2689,IND,India,1998,9.0,118189,11.15,11.15,1.3458,6.0,0.4845,22.415,23.042,557.0,Our World in Data / WHO,2026-09-30 02:09:07
2690,IND,India,1999,9.0,118189,11.15,11.15,1.4708,6.0,0.5295,22.435,23.065,557.0,Our World in Data / WHO,2026-09-30 02:09:07
2691,IND,India,2000,9.0,118189,11.15,11.15,1.6056,6.0,0.578,22.457,23.089,557.0,Our World in Data / WHO,2026-09-30 02:09:07
2692,IND,India,2001,9.0,120726,11.19,11.19,1.7493,6.0,0.6297,22.48,23.115,557.0,Our World in Data / WHO,2026-09-30 02:09:07
2693,IND,India,2002,9.0,126634,11.53,11.53,1.9023,6.0,0.6848,22.504,23.142,557.0,Our World in Data / WHO,2026-09-30 02:09:07
2694,IND,India,2003,9.0,133144,11.92,11.92,2.0641,6.0,0.7431,22.53,23.172,557.0,Our World in Data / WHO,2026-09-30 02:09:07
2695,IND,India,2004,9.0,137356,12.09,12.09,2.2337,6.0,0.8041,22.557,23.202,557.0,Our World in Data / WHO,2026-09-30 02:09:07
2696,IND,India,2005,9.0,142354,12.33,12.33,2.4104,6.0,0.8677,22.586,23.234,557.0,Our World in Data / WHO,2026-09-30 02:09:07
2697,IND,India,2006,9.0,152512,13.01,13.01,2.5954,6.0,0.9343,22.615,23.267,557.0,Our World in Data / WHO,2026-09-30 02:09:07
2698,IND,India,2007,9.0,165574,13.92,13.92,2.7901,6.0,1.0044,22.646,23.302,557.0,Our World in Data / WHO,2026-09-30 02:09:07
2699,IND,India,2008,9.0,176260,14.61,14.61,2.9938,6.0,1.0778,22.679,23.339,557.0,Our World in Data / WHO,2026-09-30 02:09:07
2700,IND,India,2009,9.0,180842,14.78,14.78,3.2056,6.0,1.154,22.713,23.377,557.0,Our World in Data / WHO,2026-09-30 02:09:07
2701,IND,India,2010,9.0,190560,15.36,15.36,3.4254,6.337,1.2331,22.748,23.417,557.0,Our World in Data / WHO,2026-09-30 02:09:07
2702,IND,India,2011,9.0,202563,16.11,16.11,3.6552,6.7621,1.3159,22.785,23.458,557.0,Our World in Data / WHO,2026-09-30 02:09:07
2703,IND,India,2012,9.0,214667,16.84,16.84,3.8979,7.2111,1.4032,22.824,23.502,557.0,Our World in Data / WHO,2026-09-30 02:09:07
2704,IND,India,2013,9.0,230132,17.82,17.82,4.1572,7.6908,1.4966,22.865,23.548,557.0,Our World in Data / WHO,2026-09-30 02:09:07
2705,IND,India,2014,9.0,248180,18.98,18.98,4.4335,8.202,1.5961,22.909,23.598,557.0,Our World in Data / WHO,2026-09-30 02:09:07
2706,IND,India,2015,9.0,260955,19.73,19.73,4.7318,8.7538,1.7034,22.957,23.652,557.0,Our World in Data / WHO,2026-09-30 02:09:07
2707,IND,India,2016,9.0,271923,20.31,20.31,5.0493,9.3412,1.8177,23.008,23.709,557.0,Our World in Data / WHO,2026-09-30 02:09:07
2708,IND,India,2017,9.0,286958,21.19,21.19,5.3813,9.9554,1.9373,23.061,23.769,557.0,Our World in Data / WHO,2026-09-30 02:09:07
2709,IND,India,2018,9.0,306811,22.41,22.41,5.7217,10.5851,2.0598,23.115,23.83,557.0,Our World in Data / WHO,2026-09-30 02:09:07
2710,IND,India,2019,9.0,327008,23.64,23.64,6.069,11.2276,2.1848,23.171,23.892,557.0,Our World in Data / WHO,2026-09-30 02:09:07
2711,IND,India,2020,9.0,337268,24.15,24.15,6.4253,11.8868,2.3131,23.228,23.957,557.0,Our World in Data / WHO,2026-09-30 02:09:07
2712,IND,India,2021,9.0,335820,23.86,23.86,6.7943,12.5695,2.4459,23.287,24.023,557.0,Our World in Data / WHO,2026-09-30 02:09:07
2713,IND,India,2022,9.0,335820,23.86,23.86,7.1759,13.2754,2.5833,23.348,24.092,557.0,Our World in Data / WHO,2026-09-30 02:09:07
2714,IRL,Ireland,1990,5.2,357,9.47,9.47,13.3771,24.7476,4.8158,24.34,25.208,374.6,Our World in Data / WHO,2026-09-30 02:09:07
2715,IRL,Ireland,1991,5.2,357,9.47,9.47,13.9115,25.7363,5.0081,24.426,25.304,374.6,Our World in Data / WHO,2026-09-30 02:09:07
2716,IRL,Ireland,1992,5.2,357,9.47,9.47,14.4693,26.7682,5.2089,24.515,25.404,374.6,Our World in Data / WHO,2026-09-30 02:09:07
2717,IRL,Ireland,1993,5.2,357,9.47,9.47,15.0583,27.8579,5.421,24.609,25.51,374.6,Our World in Data / WHO,2026-09-30 02:09:07
2718,IRL,Ireland,1994,5.2,357,9.47,9.47,15.6694,28.9884,5.641,24.707,25.62,374.6,Our World in Data / WHO,2026-09-30 02:09:07
2719,IRL,Ireland,1995,5.2,357,9.47,9.47,16.2875,30.1319,5.8635,24.806,25.732,374.6,Our World in Data / WHO,2026-09-30 02:09:07
2720,IRL,Ireland,1996,5.2,357,9.47,9.47,16.9158,31.2942,6.0897,24.907,25.845,374.6,Our World in Data / WHO,2026-09-30 02:09:07
2721,IRL,Ireland,1997,5.2,357,9.47,9.47,17.558,32.4823,6.3209,25.009,25.96,374.6,Our World in Data / WHO,2026-09-30 02:09:07
2722,IRL,Ireland,1998,5.2,357,9.47,9.47,18.201,33.6718,6.5524,25.112,26.076,374.6,Our World in Data / WHO,2026-09-30 02:09:07
2723,IRL,Ireland,1999,5.2,357,9.47,9.47,18.8467,34.8664,6.7848,25.215,26.192,374.6,Our World in Data / WHO,2026-09-30 02:09:07
2724,IRL,Ireland,2000,5.2,357,9.47,9.47,19.4936,36.0632,7.0177,25.319,26.309,374.6,Our World in Data / WHO,2026-09-30 02:09:07
2725,IRL,Ireland,2001,5.2,344,8.98,8.98,20.1298,37.2401,7.2467,25.421,26.423,374.6,Our World in Data / WHO,2026-09-30 02:09:07
2726,IRL,Ireland,2002,5.2,360,9.23,9.23,20.762,38.4097,7.4743,25.522,26.537,374.6,Our World in Data / WHO,2026-09-30 02:09:07
2727,IRL,Ireland,2003,5.2,359,9.07,9.07,21.3936,39.5782,7.7017,25.623,26.651,374.6,Our World in Data / WHO,2026-09-30 02:09:07
2728,IRL,Ireland,2004,5.2,391,9.69,9.69,21.9946,40.69,7.9181,25.719,26.759,374.6,Our World in Data / WHO,2026-09-30 02:09:07
2729,IRL,Ireland,2005,5.2,397,9.63,9.63,22.5315,41.6833,8.1113,25.805,26.856,374.6,Our World in Data / WHO,2026-09-30 02:09:07
2730,IRL,Ireland,2006,5.2,448,10.57,10.57,22.9992,42.5485,8.2797,25.88,26.94,374.6,Our World in Data / WHO,2026-09-30 02:09:07
2731,IRL,Ireland,2007,5.2,432,9.9,9.9,23.4593,43.3997,8.4453,25.953,27.023,374.6,Our World in Data / WHO,2026-09-30 02:09:07
2732,IRL,Ireland,2008,5.2,405,9.11,9.11,23.9751,44.3539,8.631,26.036,27.116,374.6,Our World in Data / WHO,2026-09-30 02:09:07
2733,IRL,Ireland,2009,5.2,396,8.8,8.8,24.5462,45.4105,8.8366,26.127,27.218,374.6,Our World in Data / WHO,2026-09-30 02:09:07
2734,IRL,Ireland,2010,5.2,406,8.97,8.97,25.1358,46.5012,9.0489,26.222,27.324,374.6,Our World in Data / WHO,2026-09-30 02:09:07
2735,IRL,Ireland,2011,5.2,386,8.48,8.48,25.6886,47.5239,9.2479,26.31,27.424,374.6,Our World in Data / WHO,2026-09-30 02:09:07
2736,IRL,Ireland,2012,5.2,431,9.45,9.45,26.1832,48.4389,9.426,26.389,27.513,374.6,Our World in Data / WHO,2026-09-30 02:09:07
2737,IRL,Ireland,2013,5.2,458,9.99,9.99,26.6398,49.2836,9.5903,26.462,27.595,374.6,Our World in Data / WHO,2026-09-30 02:09:07
2738,IRL,Ireland,2014,5.2,379,8.19,8.19,27.0678,50.0754,9.7444,26.531,27.672,374.6,Our World in Data / WHO,2026-09-30 02:09:07
2739,IRL,Ireland,2015,5.2,406,8.7,8.7,27.4778,50.8339,9.892,26.596,27.746,374.6,Our World in Data / WHO,2026-09-30 02:09:07
2740,IRL,Ireland,2016,5.2,400,8.48,8.48,27.874,51.5669,10.0346,26.66,27.817,374.6,Our World in Data / WHO,2026-09-30 02:09:07
2741,IRL,Ireland,2017,5.2,437,9.15,9.15,28.2409,52.2457,10.1667,26.719,27.883,374.6,Our World in Data / WHO,2026-09-30 02:09:07
2742,IRL,Ireland,2018,5.2,410,8.48,8.48,28.5836,52.8797,10.2901,26.773,27.945,374.6,Our World in Data / WHO,2026-09-30 02:09:07
2743,IRL,Ireland,2019,5.2,410,8.37,8.37,28.9174,53.4972,10.4103,26.827,28.005,374.6,Our World in Data / WHO,2026-09-30 02:09:07
2744,IRL,Ireland,2020,5.2,500,10.12,10.12,29.2598,54.1306,10.5335,26.882,28.067,374.6,Our World in Data / WHO,2026-09-30 02:09:07
2745,IRL,Ireland,2021,5.2,451,9.04,9.04,29.5896,54.7408,10.6523,26.934,28.126,374.6,Our World in Data / WHO,2026-09-30 02:09:07
2746,IRL,Ireland,2022,5.2,451,9.04,9.04,29.9204,55.3527,10.7713,26.987,28.186,374.6,Our World in Data / WHO,2026-09-30 02:09:07
2747,IRN,Iran,1990,11.1,3742,5.71,5.71,9.8691,18.2578,3.5529,23.779,24.576,657.8,Our World in Data / WHO,2026-09-30 02:09:07
2748,IRN,Iran,1991,11.1,3742,5.71,5.71,10.2141,18.8961,3.6771,23.834,24.639,657.8,Our World in Data / WHO,2026-09-30 02:09:07
2749,IRN,Iran,1992,11.1,3742,5.71,5.71,10.5801,19.5732,3.8088,23.893,24.704,657.8,Our World in Data / WHO,2026-09-30 02:09:07
2750,IRN,Iran,1993,11.1,3742,5.71,5.71,10.984,20.3204,3.9542,23.957,24.777,657.8,Our World in Data / WHO,2026-09-30 02:09:07
2751,IRN,Iran,1994,11.1,3742,5.71,5.71,11.3838,21.06,4.0982,24.021,24.849,657.8,Our World in Data / WHO,2026-09-30 02:09:07
2752,IRN,Iran,1995,11.1,3742,5.71,5.71,11.748,21.7338,4.2293,24.08,24.915,657.8,Our World in Data / WHO,2026-09-30 02:09:07
2753,IRN,Iran,1996,11.1,3742,5.71,5.71,12.1037,22.3918,4.3573,24.137,24.979,657.8,Our World in Data / WHO,2026-09-30 02:09:07
2754,IRN,Iran,1997,11.1,3742,5.71,5.71,12.4457,23.0245,4.4805,24.191,25.04,657.8,Our World in Data / WHO,2026-09-30 02:09:07
2755,IRN,Iran,1998,11.1,3742,5.71,5.71,12.7811,23.645,4.6012,24.245,25.101,657.8,Our World in Data / WHO,2026-09-30 02:09:07
2756,IRN,Iran,1999,11.1,3742,5.71,5.71,13.1253,24.2818,4.7251,24.3,25.163,657.8,Our World in Data / WHO,2026-09-30 02:09:07
2757,IRN,Iran,2000,11.1,3742,5.71,5.71,13.4739,24.9267,4.8506,24.356,25.225,657.8,Our World in Data / WHO,2026-09-30 02:09:07
2758,IRN,Iran,2001,11.1,3863,5.79,5.79,13.826,25.5781,4.9774,24.412,25.289,657.8,Our World in Data / WHO,2026-09-30 02:09:07
2759,IRN,Iran,2002,11.1,4074,6.05,6.05,14.2136,26.2952,5.1169,24.474,25.358,657.8,Our World in Data / WHO,2026-09-30 02:09:07
2760,IRN,Iran,2003,11.1,4311,6.34,6.34,14.5997,27.0094,5.2559,24.536,25.428,657.8,Our World in Data / WHO,2026-09-30 02:09:07
2761,IRN,Iran,2004,11.1,4816,6.97,6.97,14.9741,27.7021,5.3907,24.596,25.495,657.8,Our World in Data / WHO,2026-09-30 02:09:07
2762,IRN,Iran,2005,11.1,5201,7.41,7.41,15.3709,28.4362,5.5335,24.659,25.567,657.8,Our World in Data / WHO,2026-09-30 02:09:07
2763,IRN,Iran,2006,11.1,5599,7.86,7.86,15.7919,29.215,5.6851,24.727,25.643,657.8,Our World in Data / WHO,2026-09-30 02:09:07
2764,IRN,Iran,2007,11.1,5972,8.26,8.26,16.2483,30.0594,5.8494,24.8,25.725,657.8,Our World in Data / WHO,2026-09-30 02:09:07
2765,IRN,Iran,2008,11.1,6215,8.48,8.48,16.7382,30.9657,6.0258,24.878,25.813,657.8,Our World in Data / WHO,2026-09-30 02:09:07
2766,IRN,Iran,2009,11.1,6478,8.72,8.72,17.2515,31.9153,6.2105,24.96,25.905,657.8,Our World in Data / WHO,2026-09-30 02:09:07
2767,IRN,Iran,2010,11.1,6746,8.95,8.95,17.7922,32.9156,6.4052,25.047,26.003,657.8,Our World in Data / WHO,2026-09-30 02:09:07
2768,IRN,Iran,2011,11.1,6978,9.14,9.14,18.3588,33.9638,6.6092,25.137,26.105,657.8,Our World in Data / WHO,2026-09-30 02:09:07
2769,IRN,Iran,2012,11.1,7398,9.57,9.57,18.9456,35.0494,6.8204,25.231,26.21,657.8,Our World in Data / WHO,2026-09-30 02:09:07
2770,IRN,Iran,2013,11.1,8308,10.59,10.59,19.5578,36.1819,7.0408,25.329,26.32,657.8,Our World in Data / WHO,2026-09-30 02:09:07
2771,IRN,Iran,2014,11.1,9248,11.57,11.57,20.2046,37.3785,7.2737,25.433,26.437,657.8,Our World in Data / WHO,2026-09-30 02:09:07
2772,IRN,Iran,2015,11.1,10151,12.41,12.41,20.8863,38.6397,7.5191,25.542,26.56,657.8,Our World in Data / WHO,2026-09-30 02:09:07
2773,IRN,Iran,2016,11.1,10895,13.08,13.08,21.5986,39.9574,7.7755,25.656,26.688,657.8,Our World in Data / WHO,2026-09-30 02:09:07
2774,IRN,Iran,2017,11.1,11362,13.45,13.45,22.2508,41.164,8.0103,25.76,26.805,657.8,Our World in Data / WHO,2026-09-30 02:09:07
2775,IRN,Iran,2018,11.1,11831,13.82,13.82,22.8303,42.2361,8.2189,25.853,26.909,657.8,Our World in Data / WHO,2026-09-30 02:09:07
2776,IRN,Iran,2019,11.1,12476,14.41,14.41,23.3737,43.2413,8.4145,25.94,27.007,657.8,Our World in Data / WHO,2026-09-30 02:09:07
2777,IRN,Iran,2020,11.1,11742,13.45,13.45,23.8999,44.2148,8.604,26.024,27.102,657.8,Our World in Data / WHO,2026-09-30 02:09:07
2778,IRN,Iran,2021,11.1,12498,14.21,14.21,24.3901,45.1217,8.7804,26.102,27.19,657.8,Our World in Data / WHO,2026-09-30 02:09:07
2779,IRN,Iran,2022,11.1,12498,14.21,14.21,24.8332,45.9414,8.94,26.173,27.27,657.8,Our World in Data / WHO,2026-09-30 02:09:07
2780,IRQ,Iraq,1990,9.1,3468,14.08,14.08,17.4178,32.2229,6.2704,24.987,25.935,561.8,Our World in Data / WHO,2026-09-30 02:09:07
2781,IRQ,Iraq,1991,9.1,3468,14.08,14.08,17.8865,33.09,6.4391,25.062,26.02,561.8,Our World in Data / WHO,2026-09-30 02:09:07
2782,IRQ,Iraq,1992,9.1,3468,14.08,14.08,18.3756,33.9949,6.6152,25.14,26.108,561.8,Our World in Data / WHO,2026-09-30 02:09:07
2783,IRQ,Iraq,1993,9.1,3468,14.08,14.08,18.8824,34.9324,6.7977,25.221,26.199,561.8,Our World in Data / WHO,2026-09-30 02:09:07
2784,IRQ,Iraq,1994,9.1,3468,14.08,14.08,19.4173,35.922,6.9902,25.307,26.295,561.8,Our World in Data / WHO,2026-09-30 02:09:07
2785,IRQ,Iraq,1995,9.1,3468,14.08,14.08,19.9777,36.9587,7.192,25.396,26.396,561.8,Our World in Data / WHO,2026-09-30 02:09:07
2786,IRQ,Iraq,1996,9.1,3468,14.08,14.08,20.5653,38.0458,7.4035,25.49,26.502,561.8,Our World in Data / WHO,2026-09-30 02:09:07
2787,IRQ,Iraq,1997,9.1,3468,14.08,14.08,21.1891,39.1998,7.6281,25.59,26.614,561.8,Our World in Data / WHO,2026-09-30 02:09:07
2788,IRQ,Iraq,1998,9.1,3468,14.08,14.08,21.8446,40.4125,7.8641,25.695,26.732,561.8,Our World in Data / WHO,2026-09-30 02:09:07
2789,IRQ,Iraq,1999,9.1,3468,14.08,14.08,22.5235,41.6685,8.1085,25.804,26.854,561.8,Our World in Data / WHO,2026-09-30 02:09:07
2790,IRQ,Iraq,2000,9.1,3468,14.08,14.08,23.216,42.9496,8.3578,25.915,26.979,561.8,Our World in Data / WHO,2026-09-30 02:09:07
2791,IRQ,Iraq,2001,9.1,3493,13.74,13.74,23.9175,44.2474,8.6103,26.027,27.105,561.8,Our World in Data / WHO,2026-09-30 02:09:07
2792,IRQ,Iraq,2002,9.1,3580,13.64,13.64,24.6274,45.5607,8.8659,26.14,27.233,561.8,Our World in Data / WHO,2026-09-30 02:09:07
2793,IRQ,Iraq,2003,9.1,3668,13.55,13.55,25.3356,46.8709,9.1208,26.254,27.36,561.8,Our World in Data / WHO,2026-09-30 02:09:07
2794,IRQ,Iraq,2004,9.1,3793,13.61,13.61,26.0429,48.1794,9.3754,26.367,27.488,561.8,Our World in Data / WHO,2026-09-30 02:09:07
2795,IRQ,Iraq,2005,9.1,3901,13.59,13.59,26.739,49.4672,9.626,26.478,27.613,561.8,Our World in Data / WHO,2026-09-30 02:09:07
2796,IRQ,Iraq,2006,9.1,3915,13.54,13.54,27.4221,50.7309,9.872,26.588,27.736,561.8,Our World in Data / WHO,2026-09-30 02:09:07
2797,IRQ,Iraq,2007,9.1,3953,13.79,13.79,28.0974,51.9802,10.1151,26.696,27.858,561.8,Our World in Data / WHO,2026-09-30 02:09:07
2798,IRQ,Iraq,2008,9.1,4098,14.02,14.02,28.7572,53.2008,10.3526,26.801,27.976,561.8,Our World in Data / WHO,2026-09-30 02:09:07
2799,IRQ,Iraq,2009,9.1,4243,14.01,14.01,29.3961,54.3828,10.5826,26.903,28.091,561.8,Our World in Data / WHO,2026-09-30 02:09:07
2800,IRQ,Iraq,2010,9.1,4356,13.93,13.93,30.0217,55.5401,10.8078,27.003,28.204,561.8,Our World in Data / WHO,2026-09-30 02:09:07
2801,IRQ,Iraq,2011,9.1,4496,13.89,13.89,30.6323,56.6698,11.0276,27.101,28.314,561.8,Our World in Data / WHO,2026-09-30 02:09:07
2802,IRQ,Iraq,2012,9.1,4662,13.77,13.77,31.2321,57.7794,11.2436,27.197,28.422,561.8,Our World in Data / WHO,2026-09-30 02:09:07
2803,IRQ,Iraq,2013,9.1,4833,13.62,13.62,31.8229,58.8724,11.4562,27.292,28.528,561.8,Our World in Data / WHO,2026-09-30 02:09:07
2804,IRQ,Iraq,2014,9.1,4993,13.59,13.59,32.4024,59.9444,11.6649,27.384,28.632,561.8,Our World in Data / WHO,2026-09-30 02:09:07
2805,IRQ,Iraq,2015,9.1,5120,13.56,13.56,32.969,60.9926,11.8688,27.475,28.734,561.8,Our World in Data / WHO,2026-09-30 02:09:07
2806,IRQ,Iraq,2016,9.1,5295,13.68,13.68,33.5232,62.0179,12.0684,27.564,28.834,561.8,Our World in Data / WHO,2026-09-30 02:09:07
2807,IRQ,Iraq,2017,9.1,5514,13.92,13.92,34.0256,62.9474,12.2492,27.644,28.925,561.8,Our World in Data / WHO,2026-09-30 02:09:07
2808,IRQ,Iraq,2018,9.1,5976,14.72,14.72,34.4672,63.7643,12.4082,27.715,29.004,561.8,Our World in Data / WHO,2026-09-30 02:09:07
2809,IRQ,Iraq,2019,9.1,6486,15.6,15.6,34.8754,64.5195,12.5551,27.78,29.078,561.8,Our World in Data / WHO,2026-09-30 02:09:07
2810,IRQ,Iraq,2020,9.1,7800,18.33,18.33,35.2713,65.2519,12.6977,27.843,29.149,561.8,Our World in Data / WHO,2026-09-30 02:09:07
2811,IRQ,Iraq,2021,9.1,7621,17.51,17.51,35.6557,65.963,12.8361,27.905,29.218,561.8,Our World in Data / WHO,2026-09-30 02:09:07
2812,IRQ,Iraq,2022,9.1,7621,17.51,17.51,36.0382,66.6707,12.9738,27.966,29.287,561.8,Our World in Data / WHO,2026-09-30 02:09:07
2813,ISL,Iceland,1990,3.2,22,7.71,7.71,9.9461,18.4003,3.5806,23.791,24.59,278.6,Our World in Data / WHO,2026-09-30 02:09:07
2814,ISL,Iceland,1991,3.2,22,7.71,7.71,10.3434,19.1353,3.7236,23.855,24.662,278.6,Our World in Data / WHO,2026-09-30 02:09:07
2815,ISL,Iceland,1992,3.2,22,7.71,7.71,10.7645,19.9143,3.8752,23.922,24.738,278.6,Our World in Data / WHO,2026-09-30 02:09:07
2816,ISL,Iceland,1993,3.2,22,7.71,7.71,11.2213,20.7594,4.0397,23.995,24.82,278.6,Our World in Data / WHO,2026-09-30 02:09:07
2817,ISL,Iceland,1994,3.2,22,7.71,7.71,11.6987,21.6426,4.2115,24.072,24.906,278.6,Our World in Data / WHO,2026-09-30 02:09:07
2818,ISL,Iceland,1995,3.2,22,7.71,7.71,12.2092,22.587,4.3953,24.153,24.998,278.6,Our World in Data / WHO,2026-09-30 02:09:07
2819,ISL,Iceland,1996,3.2,22,7.71,7.71,12.7359,23.5614,4.5849,24.238,25.092,278.6,Our World in Data / WHO,2026-09-30 02:09:07
2820,ISL,Iceland,1997,3.2,22,7.71,7.71,13.2563,24.5242,4.7723,24.321,25.186,278.6,Our World in Data / WHO,2026-09-30 02:09:07
2821,ISL,Iceland,1998,3.2,22,7.71,7.71,13.7708,25.476,4.9575,24.403,25.279,278.6,Our World in Data / WHO,2026-09-30 02:09:07
2822,ISL,Iceland,1999,3.2,22,7.71,7.71,14.2919,26.44,5.1451,24.487,25.373,278.6,Our World in Data / WHO,2026-09-30 02:09:07
2823,ISL,Iceland,2000,3.2,22,7.71,7.71,14.8154,27.4085,5.3335,24.57,25.467,278.6,Our World in Data / WHO,2026-09-30 02:09:07
2824,ISL,Iceland,2001,3.2,19,6.67,6.67,15.3454,28.389,5.5243,24.655,25.562,278.6,Our World in Data / WHO,2026-09-30 02:09:07
2825,ISL,Iceland,2002,3.2,20,6.85,6.85,15.8993,29.4137,5.7237,24.744,25.662,278.6,Our World in Data / WHO,2026-09-30 02:09:07
2826,ISL,Iceland,2003,3.2,18,6.38,6.38,16.4706,30.4706,5.9294,24.835,25.765,278.6,Our World in Data / WHO,2026-09-30 02:09:07
2827,ISL,Iceland,2004,3.2,19,6.6,6.6,17.0301,31.5057,6.1308,24.925,25.865,278.6,Our World in Data / WHO,2026-09-30 02:09:07
2828,ISL,Iceland,2005,3.2,21,7.06,7.06,17.537,32.4434,6.3133,25.006,25.957,278.6,Our World in Data / WHO,2026-09-30 02:09:07
2829,ISL,Iceland,2006,3.2,22,7.35,7.35,17.9781,33.2595,6.4721,25.076,26.036,278.6,Our World in Data / WHO,2026-09-30 02:09:07
2830,ISL,Iceland,2007,3.2,24,7.66,7.66,18.3458,33.9397,6.6045,25.135,26.102,278.6,Our World in Data / WHO,2026-09-30 02:09:07
2831,ISL,Iceland,2008,3.2,24,7.4,7.4,18.673,34.545,6.7223,25.188,26.161,278.6,Our World in Data / WHO,2026-09-30 02:09:07
2832,ISL,Iceland,2009,3.2,23,7.1,7.1,19.038,35.2203,6.8537,25.246,26.227,278.6,Our World in Data / WHO,2026-09-30 02:09:07
2833,ISL,Iceland,2010,3.2,21,6.52,6.52,19.4036,35.8967,6.9853,25.305,26.293,278.6,Our World in Data / WHO,2026-09-30 02:09:07
2834,ISL,Iceland,2011,3.2,20,6.13,6.13,19.7129,36.4689,7.0966,25.354,26.348,278.6,Our World in Data / WHO,2026-09-30 02:09:07
2835,ISL,Iceland,2012,3.2,22,6.96,6.96,19.9947,36.9902,7.1981,25.399,26.399,278.6,Our World in Data / WHO,2026-09-30 02:09:07
2836,ISL,Iceland,2013,3.2,25,7.63,7.63,20.2642,37.4888,7.2951,25.442,26.448,278.6,Our World in Data / WHO,2026-09-30 02:09:07
2837,ISL,Iceland,2014,3.2,24,7.47,7.47,20.5333,37.9866,7.392,25.485,26.496,278.6,Our World in Data / WHO,2026-09-30 02:09:07
2838,ISL,Iceland,2015,3.2,24,7.26,7.26,20.8103,38.4991,7.4917,25.53,26.546,278.6,Our World in Data / WHO,2026-09-30 02:09:07
2839,ISL,Iceland,2016,3.2,26,7.89,7.89,21.0895,39.0156,7.5922,25.574,26.596,278.6,Our World in Data / WHO,2026-09-30 02:09:07
2840,ISL,Iceland,2017,3.2,31,8.99,8.99,21.344,39.4864,7.6838,25.615,26.642,278.6,Our World in Data / WHO,2026-09-30 02:09:07
2841,ISL,Iceland,2018,3.2,31,8.66,8.66,21.5879,39.9376,7.7716,25.654,26.686,278.6,Our World in Data / WHO,2026-09-30 02:09:07
2842,ISL,Iceland,2019,3.2,29,8.13,8.13,21.8612,40.4432,7.87,25.698,26.735,278.6,Our World in Data / WHO,2026-09-30 02:09:07
2843,ISL,Iceland,2020,3.2,29,7.84,7.84,22.183,41.0386,7.9859,25.749,26.793,278.6,Our World in Data / WHO,2026-09-30 02:09:07
2844,ISL,Iceland,2021,3.2,39,10.66,10.66,22.5219,41.6655,8.1079,25.804,26.854,278.6,Our World in Data / WHO,2026-09-30 02:09:07
2845,ISL,Iceland,2022,3.2,39,10.66,10.66,22.833,42.241,8.2199,25.853,26.91,278.6,Our World in Data / WHO,2026-09-30 02:09:07
2846,ISR,Israel,1990,7.4,2156,35.25,35.25,14.1893,26.2502,5.1081,24.47,25.354,480.2,Our World in Data / WHO,2026-09-30 02:09:07
2847,ISR,Israel,1991,7.4,2156,35.25,35.25,14.5195,26.8611,5.227,24.523,25.414,480.2,Our World in Data / WHO,2026-09-30 02:09:07
2848,ISR,Israel,1992,7.4,2156,35.25,35.25,14.8472,27.4673,5.345,24.576,25.472,480.2,Our World in Data / WHO,2026-09-30 02:09:07
2849,ISR,Israel,1993,7.4,2156,35.25,35.25,15.1746,28.073,5.4629,24.628,25.531,480.2,Our World in Data / WHO,2026-09-30 02:09:07
2850,ISR,Israel,1994,7.4,2156,35.25,35.25,15.5214,28.7146,5.5877,24.683,25.594,480.2,Our World in Data / WHO,2026-09-30 02:09:07
2851,ISR,Israel,1995,7.4,2156,35.25,35.25,15.9706,29.5456,5.7494,24.755,25.675,480.2,Our World in Data / WHO,2026-09-30 02:09:07
2852,ISR,Israel,1996,7.4,2156,35.25,35.25,16.4679,30.4656,5.9284,24.835,25.764,480.2,Our World in Data / WHO,2026-09-30 02:09:07
2853,ISR,Israel,1997,7.4,2156,35.25,35.25,16.9331,31.3262,6.0959,24.909,25.848,480.2,Our World in Data / WHO,2026-09-30 02:09:07
2854,ISR,Israel,1998,7.4,2156,35.25,35.25,17.4148,32.2174,6.2693,24.986,25.935,480.2,Our World in Data / WHO,2026-09-30 02:09:07
2855,ISR,Israel,1999,7.4,2156,35.25,35.25,17.9164,33.1453,6.4499,25.067,26.025,480.2,Our World in Data / WHO,2026-09-30 02:09:07
2856,ISR,Israel,2000,7.4,2156,35.25,35.25,18.4407,34.1153,6.6387,25.151,26.119,480.2,Our World in Data / WHO,2026-09-30 02:09:07
2857,ISR,Israel,2001,7.4,2260,36.22,36.22,18.9776,35.1086,6.8319,25.236,26.216,480.2,Our World in Data / WHO,2026-09-30 02:09:07
2858,ISR,Israel,2002,7.4,2122,33.39,33.39,19.5153,36.1033,7.0255,25.322,26.313,480.2,Our World in Data / WHO,2026-09-30 02:09:07
2859,ISR,Israel,2003,7.4,2495,38.53,38.53,20.0426,37.0788,7.2153,25.407,26.408,480.2,Our World in Data / WHO,2026-09-30 02:09:07
2860,ISR,Israel,2004,7.4,2231,33.83,33.83,20.5519,38.021,7.3987,25.488,26.499,480.2,Our World in Data / WHO,2026-09-30 02:09:07
2861,ISR,Israel,2005,7.4,2120,31.57,31.57,21.0427,38.929,7.5754,25.567,26.588,480.2,Our World in Data / WHO,2026-09-30 02:09:07
2862,ISR,Israel,2006,7.4,2082,30.47,30.47,21.5073,39.7885,7.7426,25.641,26.671,480.2,Our World in Data / WHO,2026-09-30 02:09:07
2863,ISR,Israel,2007,7.4,2174,31.28,31.28,21.9285,40.5677,7.8943,25.709,26.747,480.2,Our World in Data / WHO,2026-09-30 02:09:07
2864,ISR,Israel,2008,7.4,2196,31.03,31.03,22.2929,41.2419,8.0254,25.767,26.813,480.2,Our World in Data / WHO,2026-09-30 02:09:07
2865,ISR,Israel,2009,7.4,2036,28.28,28.28,22.6018,41.8133,8.1366,25.816,26.868,480.2,Our World in Data / WHO,2026-09-30 02:09:07
2866,ISR,Israel,2010,7.4,1896,25.87,25.87,22.8527,42.2775,8.227,25.856,26.913,480.2,Our World in Data / WHO,2026-09-30 02:09:07
2867,ISR,Israel,2011,7.4,1787,23.95,23.95,23.0466,42.6362,8.2968,25.887,26.948,480.2,Our World in Data / WHO,2026-09-30 02:09:07
2868,ISR,Israel,2012,7.4,1894,24.95,24.95,23.1913,42.9039,8.3489,25.911,26.974,480.2,Our World in Data / WHO,2026-09-30 02:09:07
2869,ISR,Israel,2013,7.4,1897,24.55,24.55,23.3016,43.108,8.3886,25.928,26.994,480.2,Our World in Data / WHO,2026-09-30 02:09:07
2870,ISR,Israel,2014,7.4,1918,24.38,24.38,23.3905,43.2724,8.4206,25.942,27.01,480.2,Our World in Data / WHO,2026-09-30 02:09:07
2871,ISR,Israel,2015,7.4,2038,25.45,25.45,23.458,43.3973,8.4449,25.953,27.022,480.2,Our World in Data / WHO,2026-09-30 02:09:07
2872,ISR,Israel,2016,7.4,1849,22.66,22.66,23.5056,43.4854,8.462,25.961,27.031,480.2,Our World in Data / WHO,2026-09-30 02:09:07
2873,ISR,Israel,2017,7.4,1931,23.24,23.24,23.5225,43.5166,8.4681,25.964,27.034,480.2,Our World in Data / WHO,2026-09-30 02:09:07
2874,ISR,Israel,2018,7.4,1915,22.65,22.65,23.5072,43.4883,8.4626,25.961,27.031,480.2,Our World in Data / WHO,2026-09-30 02:09:07
2875,ISR,Israel,2019,7.4,2043,23.74,23.74,23.4799,43.4378,8.4528,25.957,27.026,480.2,Our World in Data / WHO,2026-09-30 02:09:07
2876,ISR,Israel,2020,7.4,2128,24.3,24.3,23.4479,43.3786,8.4412,25.952,27.021,480.2,Our World in Data / WHO,2026-09-30 02:09:07
2877,ISR,Israel,2021,7.4,2246,25.24,25.24,23.4031,43.2957,8.4251,25.944,27.013,480.2,Our World in Data / WHO,2026-09-30 02:09:07
2878,ISR,Israel,2022,7.4,2246,25.24,25.24,23.3375,43.1744,8.4015,25.934,27.001,480.2,Our World in Data / WHO,2026-09-30 02:09:07
2879,ITA,Italy,1990,5.1,16501,28.97,28.97,13.7207,25.3833,4.9395,24.395,25.27,369.8,Our World in Data / WHO,2026-09-30 02:09:07
2880,ITA,Italy,1991,5.1,16501,28.97,28.97,13.7084,25.3605,4.935,24.393,25.268,369.8,Our World in Data / WHO,2026-09-30 02:09:07
2881,ITA,Italy,1992,5.1,16501,28.97,28.97,13.7392,25.4175,4.9461,24.398,25.273,369.8,Our World in Data / WHO,2026-09-30 02:09:07
2882,ITA,Italy,1993,5.1,16501,28.97,28.97,13.822,25.5707,4.9759,24.412,25.288,369.8,Our World in Data / WHO,2026-09-30 02:09:07
2883,ITA,Italy,1994,5.1,16501,28.97,28.97,13.9933,25.8876,5.0376,24.439,25.319,369.8,Our World in Data / WHO,2026-09-30 02:09:07
2884,ITA,Italy,1995,5.1,16501,28.97,28.97,14.1723,26.2188,5.102,24.468,25.351,369.8,Our World in Data / WHO,2026-09-30 02:09:07
2885,ITA,Italy,1996,5.1,16501,28.97,28.97,14.3622,26.5701,5.1704,24.498,25.385,369.8,Our World in Data / WHO,2026-09-30 02:09:07
2886,ITA,Italy,1997,5.1,16501,28.97,28.97,14.6352,27.0751,5.2687,24.542,25.434,369.8,Our World in Data / WHO,2026-09-30 02:09:07
2887,ITA,Italy,1998,5.1,16501,28.97,28.97,14.9411,27.641,5.3788,24.591,25.489,369.8,Our World in Data / WHO,2026-09-30 02:09:07
2888,ITA,Italy,1999,5.1,16501,28.97,28.97,15.2734,28.2558,5.4984,24.644,25.549,369.8,Our World in Data / WHO,2026-09-30 02:09:07
2889,ITA,Italy,2000,5.1,16501,28.97,28.97,15.6229,28.9024,5.6242,24.7,25.612,369.8,Our World in Data / WHO,2026-09-30 02:09:07
2890,ITA,Italy,2001,5.1,16573,29.08,29.08,15.9901,29.5817,5.7564,24.758,25.678,369.8,Our World in Data / WHO,2026-09-30 02:09:07
2891,ITA,Italy,2002,5.1,16131,28.25,28.25,16.3669,30.2788,5.8921,24.819,25.746,369.8,Our World in Data / WHO,2026-09-30 02:09:07
2892,ITA,Italy,2003,5.1,18255,31.79,31.79,16.7328,30.9557,6.0238,24.877,25.812,369.8,Our World in Data / WHO,2026-09-30 02:09:07
2893,ITA,Italy,2004,5.1,16875,29.17,29.17,17.0873,31.6115,6.1514,24.934,25.876,369.8,Our World in Data / WHO,2026-09-30 02:09:07
2894,ITA,Italy,2005,5.1,18186,31.25,31.25,17.4433,32.2701,6.2796,24.991,25.94,369.8,Our World in Data / WHO,2026-09-30 02:09:07
2895,ITA,Italy,2006,5.1,17707,30.31,30.31,17.7855,32.9032,6.4028,25.046,26.001,369.8,Our World in Data / WHO,2026-09-30 02:09:07
2896,ITA,Italy,2007,5.1,18200,30.96,30.96,18.0802,33.4484,6.5089,25.093,26.054,369.8,Our World in Data / WHO,2026-09-30 02:09:07
2897,ITA,Italy,2008,5.1,18447,31.15,31.15,18.3244,33.9001,6.5968,25.132,26.098,369.8,Our World in Data / WHO,2026-09-30 02:09:07
2898,ITA,Italy,2009,5.1,18933,31.79,31.79,18.5288,34.2783,6.6704,25.165,26.135,369.8,Our World in Data / WHO,2026-09-30 02:09:07
2899,ITA,Italy,2010,5.1,18695,31.25,31.25,18.6823,34.5623,6.7256,25.189,26.163,369.8,Our World in Data / WHO,2026-09-30 02:09:07
2900,ITA,Italy,2011,5.1,19495,32.48,32.48,18.787,34.756,6.7633,25.206,26.182,369.8,Our World in Data / WHO,2026-09-30 02:09:07
2901,ITA,Italy,2012,5.1,19769,32.84,32.84,18.8473,34.8675,6.785,25.216,26.193,369.8,Our World in Data / WHO,2026-09-30 02:09:07
2902,ITA,Italy,2013,5.1,19024,31.54,31.54,18.8766,34.9217,6.7956,25.22,26.198,369.8,Our World in Data / WHO,2026-09-30 02:09:07
2903,ITA,Italy,2014,5.1,18231,30.22,30.22,18.8881,34.943,6.7997,25.222,26.2,369.8,Our World in Data / WHO,2026-09-30 02:09:07
2904,ITA,Italy,2015,5.1,20082,33.34,33.34,18.8809,34.9297,6.7971,25.221,26.199,369.8,Our World in Data / WHO,2026-09-30 02:09:07
2905,ITA,Italy,2016,5.1,18870,31.39,31.39,18.8461,34.8653,6.7846,25.215,26.192,369.8,Our World in Data / WHO,2026-09-30 02:09:07
2906,ITA,Italy,2017,5.1,19928,33.21,33.21,18.7778,34.7389,6.76,25.204,26.18,369.8,Our World in Data / WHO,2026-09-30 02:09:07
2907,ITA,Italy,2018,5.1,19171,32.02,32.02,18.6861,34.5693,6.727,25.19,26.163,369.8,Our World in Data / WHO,2026-09-30 02:09:07
2908,ITA,Italy,2019,5.1,19412,32.5,32.5,18.5846,34.3815,6.6905,25.174,26.145,369.8,Our World in Data / WHO,2026-09-30 02:09:07
2909,ITA,Italy,2020,5.1,23072,38.78,38.78,18.4696,34.1688,6.6491,25.155,26.125,369.8,Our World in Data / WHO,2026-09-30 02:09:07
2910,ITA,Italy,2021,5.1,19625,33.13,33.13,18.3363,33.9222,6.6011,25.134,26.101,369.8,Our World in Data / WHO,2026-09-30 02:09:07
2911,ITA,Italy,2022,5.1,19625,33.13,33.13,18.1865,33.645,6.5471,25.11,26.074,369.8,Our World in Data / WHO,2026-09-30 02:09:07
2912,JAM,Jamaica,1990,15.7,1800,68.9,68.9,9.5543,17.6755,3.4395,23.729,24.52,878.6,Our World in Data / WHO,2026-09-30 02:09:07
2913,JAM,Jamaica,1991,15.7,1800,68.9,68.9,10.0535,18.599,3.6193,23.809,24.61,878.6,Our World in Data / WHO,2026-09-30 02:09:07
2914,JAM,Jamaica,1992,15.7,1800,68.9,68.9,10.5878,19.5874,3.8116,23.894,24.706,878.6,Our World in Data / WHO,2026-09-30 02:09:07
2915,JAM,Jamaica,1993,15.7,1800,68.9,68.9,11.1637,20.6528,4.0189,23.986,24.809,878.6,Our World in Data / WHO,2026-09-30 02:09:07
2916,JAM,Jamaica,1994,15.7,1800,68.9,68.9,11.7766,21.7867,4.2396,24.084,24.92,878.6,Our World in Data / WHO,2026-09-30 02:09:07
2917,JAM,Jamaica,1995,15.7,1800,68.9,68.9,12.4275,22.9909,4.4739,24.188,25.037,878.6,Our World in Data / WHO,2026-09-30 02:09:07
2918,JAM,Jamaica,1996,15.7,1800,68.9,68.9,13.1192,24.2705,4.7229,24.299,25.161,878.6,Our World in Data / WHO,2026-09-30 02:09:07
2919,JAM,Jamaica,1997,15.7,1800,68.9,68.9,13.8475,25.6179,4.9851,24.416,25.293,878.6,Our World in Data / WHO,2026-09-30 02:09:07
2920,JAM,Jamaica,1998,15.7,1800,68.9,68.9,14.6124,27.0329,5.2605,24.538,25.43,878.6,Our World in Data / WHO,2026-09-30 02:09:07
2921,JAM,Jamaica,1999,15.7,1800,68.9,68.9,15.4103,28.5091,5.5477,24.666,25.574,878.6,Our World in Data / WHO,2026-09-30 02:09:07
2922,JAM,Jamaica,2000,15.7,1800,68.9,68.9,16.2238,30.014,5.8406,24.796,25.72,878.6,Our World in Data / WHO,2026-09-30 02:09:07
2923,JAM,Jamaica,2001,15.7,1758,66.97,66.97,17.0426,31.5288,6.1353,24.927,25.868,878.6,Our World in Data / WHO,2026-09-30 02:09:07
2924,JAM,Jamaica,2002,15.7,1648,62.45,62.45,17.8613,33.0434,6.4301,25.058,26.015,878.6,Our World in Data / WHO,2026-09-30 02:09:07
2925,JAM,Jamaica,2003,15.7,1650,62.23,62.23,18.6866,34.5702,6.7272,25.19,26.164,878.6,Our World in Data / WHO,2026-09-30 02:09:07
2926,JAM,Jamaica,2004,15.7,1691,63.49,63.49,19.5178,36.1079,7.0264,25.323,26.313,878.6,Our World in Data / WHO,2026-09-30 02:09:07
2927,JAM,Jamaica,2005,15.7,1991,74.38,74.38,20.3478,37.6434,7.3252,25.456,26.463,878.6,Our World in Data / WHO,2026-09-30 02:09:07
2928,JAM,Jamaica,2006,15.7,1617,60.13,60.13,21.1732,39.1704,7.6224,25.588,26.611,878.6,Our World in Data / WHO,2026-09-30 02:09:07
2929,JAM,Jamaica,2007,15.7,2309,85.49,85.49,21.9939,40.6887,7.9178,25.719,26.759,878.6,Our World in Data / WHO,2026-09-30 02:09:07
2930,JAM,Jamaica,2008,15.7,2071,76.39,76.39,22.8092,42.197,8.2113,25.849,26.906,878.6,Our World in Data / WHO,2026-09-30 02:09:07
2931,JAM,Jamaica,2009,15.7,1840,67.58,67.58,23.6069,43.6728,8.4985,25.977,27.049,878.6,Our World in Data / WHO,2026-09-30 02:09:07
2932,JAM,Jamaica,2010,15.7,1746,63.88,63.88,24.3828,45.1082,8.7778,26.101,27.189,878.6,Our World in Data / WHO,2026-09-30 02:09:07
2933,JAM,Jamaica,2011,15.7,1961,71.42,71.42,25.1445,46.5173,9.052,26.223,27.326,878.6,Our World in Data / WHO,2026-09-30 02:09:07
2934,JAM,Jamaica,2012,15.7,1726,62.54,62.54,25.902,47.9187,9.3247,26.344,27.462,878.6,Our World in Data / WHO,2026-09-30 02:09:07
2935,JAM,Jamaica,2013,15.7,1657,59.74,59.74,26.6606,49.3221,9.5978,26.466,27.599,878.6,Our World in Data / WHO,2026-09-30 02:09:07
2936,JAM,Jamaica,2014,15.7,1908,68.51,68.51,27.4289,50.7435,9.8744,26.589,27.737,878.6,Our World in Data / WHO,2026-09-30 02:09:07
2937,JAM,Jamaica,2015,15.7,1984,71.01,71.01,28.2099,52.1883,10.1556,26.714,27.878,878.6,Our World in Data / WHO,2026-09-30 02:09:07
2938,JAM,Jamaica,2016,15.7,2031,72.47,72.47,29.0061,53.6613,10.4422,26.841,28.021,878.6,Our World in Data / WHO,2026-09-30 02:09:07
2939,JAM,Jamaica,2017,15.7,2041,72.69,72.69,29.816,55.1596,10.7338,26.971,28.167,878.6,Our World in Data / WHO,2026-09-30 02:09:07
2940,JAM,Jamaica,2018,15.7,2071,73.64,73.64,30.6418,56.6873,11.031,27.103,28.316,878.6,Our World in Data / WHO,2026-09-30 02:09:07
2941,JAM,Jamaica,2019,15.7,2212,78.62,78.62,31.4759,58.2304,11.3313,27.236,28.466,878.6,Our World in Data / WHO,2026-09-30 02:09:07
2942,JAM,Jamaica,2020,15.7,2190,77.65,77.65,32.304,59.7624,11.6294,27.369,28.615,878.6,Our World in Data / WHO,2026-09-30 02:09:07
2943,JAM,Jamaica,2021,15.7,2569,90.85,90.85,33.1322,61.2946,11.9276,27.501,28.764,878.6,Our World in Data / WHO,2026-09-30 02:09:07
2944,JAM,Jamaica,2022,15.7,2569,90.85,90.85,33.9756,62.8549,12.2312,27.636,28.916,878.6,Our World in Data / WHO,2026-09-30 02:09:07
2945,JOR,Jordan,1990,12.1,947,18.73,18.73,18.8915,34.9493,6.8009,25.223,26.2,705.8,Our World in Data / WHO,2026-09-30 02:09:07
2946,JOR,Jordan,1991,12.1,947,18.73,18.73,19.2076,35.5341,6.9147,25.273,26.257,705.8,Our World in Data / WHO,2026-09-30 02:09:07
2947,JOR,Jordan,1992,12.1,947,18.73,18.73,19.749,36.5356,7.1096,25.36,26.355,705.8,Our World in Data / WHO,2026-09-30 02:09:07
2948,JOR,Jordan,1993,12.1,947,18.73,18.73,20.3339,37.6177,7.3202,25.453,26.46,705.8,Our World in Data / WHO,2026-09-30 02:09:07
2949,JOR,Jordan,1994,12.1,947,18.73,18.73,20.9811,38.815,7.5532,25.557,26.577,705.8,Our World in Data / WHO,2026-09-30 02:09:07
2950,JOR,Jordan,1995,12.1,947,18.73,18.73,21.7039,40.1522,7.8134,25.673,26.707,705.8,Our World in Data / WHO,2026-09-30 02:09:07
2951,JOR,Jordan,1996,12.1,947,18.73,18.73,22.4983,41.6219,8.0994,25.8,26.85,705.8,Our World in Data / WHO,2026-09-30 02:09:07
2952,JOR,Jordan,1997,12.1,947,18.73,18.73,23.3485,43.1947,8.4055,25.936,27.003,705.8,Our World in Data / WHO,2026-09-30 02:09:07
2953,JOR,Jordan,1998,12.1,947,18.73,18.73,24.2285,44.8227,8.7223,26.077,27.161,705.8,Our World in Data / WHO,2026-09-30 02:09:07
2954,JOR,Jordan,1999,12.1,947,18.73,18.73,25.1146,46.462,9.0413,26.218,27.321,705.8,Our World in Data / WHO,2026-09-30 02:09:07
2955,JOR,Jordan,2000,12.1,947,18.73,18.73,25.9914,48.0841,9.3569,26.359,27.478,705.8,Our World in Data / WHO,2026-09-30 02:09:07
2956,JOR,Jordan,2001,12.1,1007,19.51,19.51,26.8443,49.662,9.6639,26.495,27.632,705.8,Our World in Data / WHO,2026-09-30 02:09:07
2957,JOR,Jordan,2002,12.1,1042,19.76,19.76,27.661,51.1729,9.958,26.626,27.779,705.8,Our World in Data / WHO,2026-09-30 02:09:07
2958,JOR,Jordan,2003,12.1,1021,18.92,18.92,28.4264,52.5888,10.2335,26.748,27.917,705.8,Our World in Data / WHO,2026-09-30 02:09:07
2959,JOR,Jordan,2004,12.1,1091,19.71,19.71,29.1313,53.8929,10.4873,26.861,28.044,705.8,Our World in Data / WHO,2026-09-30 02:09:07
2960,JOR,Jordan,2005,12.1,1194,21.02,21.02,29.7782,55.0897,10.7202,26.965,28.16,705.8,Our World in Data / WHO,2026-09-30 02:09:07
2961,JOR,Jordan,2006,12.1,1268,20.87,20.87,30.3777,56.1987,10.936,27.06,28.268,705.8,Our World in Data / WHO,2026-09-30 02:09:07
2962,JOR,Jordan,2007,12.1,1176,18.17,18.17,30.9374,57.2342,11.1375,27.15,28.369,705.8,Our World in Data / WHO,2026-09-30 02:09:07
2963,JOR,Jordan,2008,12.1,1103,16.62,16.62,31.4802,58.2384,11.3329,27.237,28.466,705.8,Our World in Data / WHO,2026-09-30 02:09:07
2964,JOR,Jordan,2009,12.1,1078,15.89,15.89,31.9586,59.1234,11.5051,27.313,28.553,705.8,Our World in Data / WHO,2026-09-30 02:09:07
2965,JOR,Jordan,2010,12.1,1084,15.64,15.64,32.3537,59.8543,11.6473,27.377,28.624,705.8,Our World in Data / WHO,2026-09-30 02:09:07
2966,JOR,Jordan,2011,12.1,1106,15.55,15.55,32.6855,60.4682,11.7668,27.43,28.683,705.8,Our World in Data / WHO,2026-09-30 02:09:07
2967,JOR,Jordan,2012,12.1,1115,15.45,15.45,32.9647,60.9847,11.8673,27.474,28.734,705.8,Our World in Data / WHO,2026-09-30 02:09:07
2968,JOR,Jordan,2013,12.1,1123,14.59,14.59,32.922,60.9057,11.8519,27.468,28.726,705.8,Our World in Data / WHO,2026-09-30 02:09:07
2969,JOR,Jordan,2014,12.1,1146,13.24,13.24,32.6684,60.4365,11.7606,27.427,28.68,705.8,Our World in Data / WHO,2026-09-30 02:09:07
2970,JOR,Jordan,2015,12.1,1162,12.24,12.24,32.6943,60.4845,11.7699,27.431,28.685,705.8,Our World in Data / WHO,2026-09-30 02:09:07
2971,JOR,Jordan,2016,12.1,1218,12.23,12.23,32.9267,60.9144,11.8536,27.468,28.727,705.8,Our World in Data / WHO,2026-09-30 02:09:07
2972,JOR,Jordan,2017,12.1,1235,12.09,12.09,33.1157,61.264,11.9217,27.499,28.761,705.8,Our World in Data / WHO,2026-09-30 02:09:07
2973,JOR,Jordan,2018,12.1,1241,11.86,11.86,33.2223,61.4613,11.96,27.516,28.78,705.8,Our World in Data / WHO,2026-09-30 02:09:07
2974,JOR,Jordan,2019,12.1,1305,12.2,12.2,33.2702,61.5499,11.9773,27.523,28.789,705.8,Our World in Data / WHO,2026-09-30 02:09:07
2975,JOR,Jordan,2020,12.1,1552,14.2,14.2,33.2915,61.5893,11.9849,27.527,28.792,705.8,Our World in Data / WHO,2026-09-30 02:09:07
2976,JOR,Jordan,2021,12.1,1451,13.02,13.02,33.2721,61.5534,11.978,27.524,28.789,705.8,Our World in Data / WHO,2026-09-30 02:09:07
2977,JOR,Jordan,2022,12.1,1451,13.02,13.02,33.2394,61.4929,11.9662,27.518,28.783,705.8,Our World in Data / WHO,2026-09-30 02:09:07
2978,JPN,Japan,1990,7.7,5530,4.36,4.36,1.9685,6.0,0.7087,22.515,23.154,494.6,Our World in Data / WHO,2026-09-30 02:09:07
2979,JPN,Japan,1991,7.7,5530,4.36,4.36,2.0183,6.0,0.7266,22.523,23.163,494.6,Our World in Data / WHO,2026-09-30 02:09:07
2980,JPN,Japan,1992,7.7,5530,4.36,4.36,2.072,6.0,0.7459,22.532,23.173,494.6,Our World in Data / WHO,2026-09-30 02:09:07
2981,JPN,Japan,1993,7.7,5530,4.36,4.36,2.1301,6.0,0.7668,22.541,23.183,494.6,Our World in Data / WHO,2026-09-30 02:09:07
2982,JPN,Japan,1994,7.7,5530,4.36,4.36,2.1915,6.0,0.7889,22.551,23.194,494.6,Our World in Data / WHO,2026-09-30 02:09:07
2983,JPN,Japan,1995,7.7,5530,4.36,4.36,2.2553,6.0,0.8119,22.561,23.206,494.6,Our World in Data / WHO,2026-09-30 02:09:07
2984,JPN,Japan,1996,7.7,5530,4.36,4.36,2.3215,6.0,0.8357,22.571,23.218,494.6,Our World in Data / WHO,2026-09-30 02:09:07
2985,JPN,Japan,1997,7.7,5530,4.36,4.36,2.3916,6.0,0.861,22.583,23.23,494.6,Our World in Data / WHO,2026-09-30 02:09:07
2986,JPN,Japan,1998,7.7,5530,4.36,4.36,2.4672,6.0,0.8882,22.595,23.244,494.6,Our World in Data / WHO,2026-09-30 02:09:07
2987,JPN,Japan,1999,7.7,5530,4.36,4.36,2.5478,6.0,0.9172,22.608,23.259,494.6,Our World in Data / WHO,2026-09-30 02:09:07
2988,JPN,Japan,2000,7.7,5530,4.36,4.36,2.6316,6.0,0.9474,22.621,23.274,494.6,Our World in Data / WHO,2026-09-30 02:09:07
2989,JPN,Japan,2001,7.7,5347,4.21,4.21,2.7164,6.0,0.9779,22.635,23.289,494.6,Our World in Data / WHO,2026-09-30 02:09:07
2990,JPN,Japan,2002,7.7,5547,4.36,4.36,2.8016,6.0,1.0086,22.648,23.304,494.6,Our World in Data / WHO,2026-09-30 02:09:07
2991,JPN,Japan,2003,7.7,5584,4.38,4.38,2.8878,6.0,1.0396,22.662,23.32,494.6,Our World in Data / WHO,2026-09-30 02:09:07
2992,JPN,Japan,2004,7.7,5367,4.2,4.2,2.976,6.0,1.0714,22.676,23.336,494.6,Our World in Data / WHO,2026-09-30 02:09:07
2993,JPN,Japan,2005,7.7,5787,4.53,4.53,3.0668,6.0,1.104,22.691,23.352,494.6,Our World in Data / WHO,2026-09-30 02:09:07
2994,JPN,Japan,2006,7.7,5760,4.5,4.5,3.1594,6.0,1.1374,22.706,23.369,494.6,Our World in Data / WHO,2026-09-30 02:09:07
2995,JPN,Japan,2007,7.7,5862,4.58,4.58,3.2535,6.019,1.1713,22.721,23.386,494.6,Our World in Data / WHO,2026-09-30 02:09:07
2996,JPN,Japan,2008,7.7,6026,4.7,4.7,3.3501,6.1977,1.206,22.736,23.403,494.6,Our World in Data / WHO,2026-09-30 02:09:07
2997,JPN,Japan,2009,7.7,5752,4.49,4.49,3.4464,6.3758,1.2407,22.751,23.42,494.6,Our World in Data / WHO,2026-09-30 02:09:07
2998,JPN,Japan,2010,7.7,5817,4.54,4.54,3.5382,6.5457,1.2738,22.766,23.437,494.6,Our World in Data / WHO,2026-09-30 02:09:07
2999,JPN,Japan,2011,7.7,5842,4.56,4.56,3.627,6.71,1.3057,22.78,23.453,494.6,Our World in Data / WHO,2026-09-30 02:09:07
3000,JPN,Japan,2012,7.7,5673,4.44,4.44,3.7156,6.8739,1.3376,22.794,23.469,494.6,Our World in Data / WHO,2026-09-30 02:09:07
3001,JPN,Japan,2013,7.7,5366,4.2,4.2,3.8079,7.0446,1.3708,22.809,23.485,494.6,Our World in Data / WHO,2026-09-30 02:09:07
3002,JPN,Japan,2014,7.7,5249,4.12,4.12,3.9051,7.2244,1.4058,22.825,23.503,494.6,Our World in Data / WHO,2026-09-30 02:09:07
3003,JPN,Japan,2015,7.7,5117,4.02,4.02,4.0094,7.4174,1.4434,22.842,23.522,494.6,Our World in Data / WHO,2026-09-30 02:09:07
3004,JPN,Japan,2016,7.7,5260,4.14,4.14,4.12,7.622,1.4832,22.859,23.542,494.6,Our World in Data / WHO,2026-09-30 02:09:07
3005,JPN,Japan,2017,7.7,5657,4.47,4.47,4.2343,7.8335,1.5243,22.877,23.562,494.6,Our World in Data / WHO,2026-09-30 02:09:07
3006,JPN,Japan,2018,7.7,5879,4.66,4.66,4.3531,8.0532,1.5671,22.896,23.584,494.6,Our World in Data / WHO,2026-09-30 02:09:07
3007,JPN,Japan,2019,7.7,5788,4.6,4.6,4.4775,8.2834,1.6119,22.916,23.606,494.6,Our World in Data / WHO,2026-09-30 02:09:07
3008,JPN,Japan,2020,7.7,5865,4.68,4.68,4.6077,8.5242,1.6588,22.937,23.629,494.6,Our World in Data / WHO,2026-09-30 02:09:07
3009,JPN,Japan,2021,7.7,6110,4.9,4.9,4.7422,8.7731,1.7072,22.959,23.654,494.6,Our World in Data / WHO,2026-09-30 02:09:07
3010,JPN,Japan,2022,7.7,6110,4.9,4.9,4.8842,9.0358,1.7583,22.981,23.679,494.6,Our World in Data / WHO,2026-09-30 02:09:07
3011,KAZ,Kazakhstan,1990,7.7,1409,9.25,9.25,11.6451,21.5434,4.1922,24.063,24.896,494.6,Our World in Data / WHO,2026-09-30 02:09:07
3012,KAZ,Kazakhstan,1991,7.7,1409,9.25,9.25,11.7748,21.7834,4.2389,24.084,24.919,494.6,Our World in Data / WHO,2026-09-30 02:09:07
3013,KAZ,Kazakhstan,1992,7.7,1409,9.25,9.25,11.9058,22.0257,4.2861,24.105,24.943,494.6,Our World in Data / WHO,2026-09-30 02:09:07
3014,KAZ,Kazakhstan,1993,7.7,1409,9.25,9.25,12.0387,22.2716,4.3339,24.126,24.967,494.6,Our World in Data / WHO,2026-09-30 02:09:07
3015,KAZ,Kazakhstan,1994,7.7,1409,9.25,9.25,12.1811,22.535,4.3852,24.149,24.993,494.6,Our World in Data / WHO,2026-09-30 02:09:07
3016,KAZ,Kazakhstan,1995,7.7,1409,9.25,9.25,12.3316,22.8135,4.4394,24.173,25.02,494.6,Our World in Data / WHO,2026-09-30 02:09:07
3017,KAZ,Kazakhstan,1996,7.7,1409,9.25,9.25,12.4827,23.093,4.4938,24.197,25.047,494.6,Our World in Data / WHO,2026-09-30 02:09:07
3018,KAZ,Kazakhstan,1997,7.7,1409,9.25,9.25,12.6374,23.3792,4.5495,24.222,25.075,494.6,Our World in Data / WHO,2026-09-30 02:09:07
3019,KAZ,Kazakhstan,1998,7.7,1409,9.25,9.25,12.7937,23.6683,4.6057,24.247,25.103,494.6,Our World in Data / WHO,2026-09-30 02:09:07
3020,KAZ,Kazakhstan,1999,7.7,1409,9.25,9.25,12.9468,23.9516,4.6608,24.271,25.13,494.6,Our World in Data / WHO,2026-09-30 02:09:07
3021,KAZ,Kazakhstan,2000,7.7,1409,9.25,9.25,13.083,24.2036,4.7099,24.293,25.155,494.6,Our World in Data / WHO,2026-09-30 02:09:07
3022,KAZ,Kazakhstan,2001,7.7,1390,9.1,9.1,13.2109,24.4402,4.7559,24.314,25.178,494.6,Our World in Data / WHO,2026-09-30 02:09:07
3023,KAZ,Kazakhstan,2002,7.7,1428,9.31,9.31,13.3417,24.6821,4.803,24.335,25.202,494.6,Our World in Data / WHO,2026-09-30 02:09:07
3024,KAZ,Kazakhstan,2003,7.7,1410,9.15,9.15,13.4698,24.9191,4.8491,24.355,25.225,494.6,Our World in Data / WHO,2026-09-30 02:09:07
3025,KAZ,Kazakhstan,2004,7.7,1273,8.2,8.2,13.5972,25.1548,4.895,24.376,25.247,494.6,Our World in Data / WHO,2026-09-30 02:09:07
3026,KAZ,Kazakhstan,2005,7.7,1239,7.91,7.91,13.7367,25.4129,4.9452,24.398,25.273,494.6,Our World in Data / WHO,2026-09-30 02:09:07
3027,KAZ,Kazakhstan,2006,7.7,1243,7.86,7.86,13.8998,25.7146,5.0039,24.424,25.302,494.6,Our World in Data / WHO,2026-09-30 02:09:07
3028,KAZ,Kazakhstan,2007,7.7,1268,7.92,7.92,14.092,26.0702,5.0731,24.455,25.337,494.6,Our World in Data / WHO,2026-09-30 02:09:07
3029,KAZ,Kazakhstan,2008,7.7,1230,7.59,7.59,14.3125,26.4781,5.1525,24.49,25.376,494.6,Our World in Data / WHO,2026-09-30 02:09:07
3030,KAZ,Kazakhstan,2009,7.7,1214,7.4,7.4,14.5931,26.9972,5.2535,24.535,25.427,494.6,Our World in Data / WHO,2026-09-30 02:09:07
3031,KAZ,Kazakhstan,2010,7.7,1322,7.95,7.95,14.9488,27.6553,5.3816,24.592,25.491,494.6,Our World in Data / WHO,2026-09-30 02:09:07
3032,KAZ,Kazakhstan,2011,7.7,1333,7.9,7.9,15.3479,28.3936,5.5252,24.656,25.563,494.6,Our World in Data / WHO,2026-09-30 02:09:07
3033,KAZ,Kazakhstan,2012,7.7,1452,8.49,8.49,15.7831,29.1987,5.6819,24.725,25.641,494.6,Our World in Data / WHO,2026-09-30 02:09:07
3034,KAZ,Kazakhstan,2013,7.7,1414,8.15,8.15,16.2624,30.0854,5.8545,24.802,25.727,494.6,Our World in Data / WHO,2026-09-30 02:09:07
3035,KAZ,Kazakhstan,2014,7.7,1406,7.99,7.99,16.7828,31.0482,6.0418,24.885,25.821,494.6,Our World in Data / WHO,2026-09-30 02:09:07
3036,KAZ,Kazakhstan,2015,7.7,1417,7.95,7.95,17.3377,32.0747,6.2416,24.974,25.921,494.6,Our World in Data / WHO,2026-09-30 02:09:07
3037,KAZ,Kazakhstan,2016,7.7,1448,8.01,8.01,17.9101,33.1337,6.4476,25.066,26.024,494.6,Our World in Data / WHO,2026-09-30 02:09:07
3038,KAZ,Kazakhstan,2017,7.7,1447,7.9,7.9,18.4815,34.1908,6.6533,25.157,26.127,494.6,Our World in Data / WHO,2026-09-30 02:09:07
3039,KAZ,Kazakhstan,2018,7.7,1461,7.88,7.88,19.0438,35.231,6.8558,25.247,26.228,494.6,Our World in Data / WHO,2026-09-30 02:09:07
3040,KAZ,Kazakhstan,2019,7.7,1476,7.87,7.87,19.6043,36.268,7.0575,25.337,26.329,494.6,Our World in Data / WHO,2026-09-30 02:09:07
3041,KAZ,Kazakhstan,2020,7.7,1482,7.81,7.81,20.1698,37.3141,7.2611,25.427,26.431,494.6,Our World in Data / WHO,2026-09-30 02:09:07
3042,KAZ,Kazakhstan,2021,7.7,1438,7.49,7.49,20.7291,38.3488,7.4625,25.517,26.531,494.6,Our World in Data / WHO,2026-09-30 02:09:07
3043,KAZ,Kazakhstan,2022,7.7,1438,7.49,7.49,21.2885,39.3837,7.6639,25.606,26.632,494.6,Our World in Data / WHO,2026-09-30 02:09:07
3044,KEN,Kenya,1990,5.1,2003,6.49,6.49,1.718,6.0,0.6185,22.475,23.109,369.8,Our World in Data / WHO,2026-09-30 02:09:07
3045,KEN,Kenya,1991,5.1,2003,6.49,6.49,1.8195,6.0,0.655,22.491,23.128,369.8,Our World in Data / WHO,2026-09-30 02:09:07
3046,KEN,Kenya,1992,5.1,2003,6.49,6.49,1.9299,6.0,0.6948,22.509,23.147,369.8,Our World in Data / WHO,2026-09-30 02:09:07
3047,KEN,Kenya,1993,5.1,2003,6.49,6.49,2.0498,6.0,0.7379,22.528,23.169,369.8,Our World in Data / WHO,2026-09-30 02:09:07
3048,KEN,Kenya,1994,5.1,2003,6.49,6.49,2.1792,6.0,0.7845,22.549,23.192,369.8,Our World in Data / WHO,2026-09-30 02:09:07
3049,KEN,Kenya,1995,5.1,2003,6.49,6.49,2.3196,6.0,0.8351,22.571,23.218,369.8,Our World in Data / WHO,2026-09-30 02:09:07
3050,KEN,Kenya,1996,5.1,2003,6.49,6.49,2.4729,6.0,0.8902,22.596,23.245,369.8,Our World in Data / WHO,2026-09-30 02:09:07
3051,KEN,Kenya,1997,5.1,2003,6.49,6.49,2.6407,6.0,0.9507,22.623,23.275,369.8,Our World in Data / WHO,2026-09-30 02:09:07
3052,KEN,Kenya,1998,5.1,2003,6.49,6.49,2.8231,6.0,1.0163,22.652,23.308,369.8,Our World in Data / WHO,2026-09-30 02:09:07
3053,KEN,Kenya,1999,5.1,2003,6.49,6.49,3.0197,6.0,1.0871,22.683,23.344,369.8,Our World in Data / WHO,2026-09-30 02:09:07
3054,KEN,Kenya,2000,5.1,2003,6.49,6.49,3.2288,6.0,1.1624,22.717,23.381,369.8,Our World in Data / WHO,2026-09-30 02:09:07
3055,KEN,Kenya,2001,5.1,2061,6.48,6.48,3.4502,6.3829,1.2421,22.752,23.421,369.8,Our World in Data / WHO,2026-09-30 02:09:07
3056,KEN,Kenya,2002,5.1,2229,6.8,6.8,3.6835,6.8145,1.3261,22.789,23.463,369.8,Our World in Data / WHO,2026-09-30 02:09:07
3057,KEN,Kenya,2003,5.1,2355,6.98,6.98,3.927,7.265,1.4137,22.828,23.507,369.8,Our World in Data / WHO,2026-09-30 02:09:07
3058,KEN,Kenya,2004,5.1,2490,7.16,7.16,4.1774,7.7282,1.5039,22.868,23.552,369.8,Our World in Data / WHO,2026-09-30 02:09:07
3059,KEN,Kenya,2005,5.1,2625,7.32,7.32,4.4344,8.2036,1.5964,22.91,23.598,369.8,Our World in Data / WHO,2026-09-30 02:09:07
3060,KEN,Kenya,2006,5.1,2785,7.54,7.54,4.6987,8.6926,1.6915,22.952,23.646,369.8,Our World in Data / WHO,2026-09-30 02:09:07
3061,KEN,Kenya,2007,5.1,3001,7.89,7.89,4.97,9.1945,1.7892,22.995,23.695,369.8,Our World in Data / WHO,2026-09-30 02:09:07
3062,KEN,Kenya,2008,5.1,3200,8.17,8.17,5.247,9.707,1.8889,23.04,23.744,369.8,Our World in Data / WHO,2026-09-30 02:09:07
3063,KEN,Kenya,2009,5.1,3411,8.45,8.45,5.529,10.2286,1.9904,23.085,23.795,369.8,Our World in Data / WHO,2026-09-30 02:09:07
3064,KEN,Kenya,2010,5.1,3711,8.94,8.94,5.8188,10.7648,2.0948,23.131,23.847,369.8,Our World in Data / WHO,2026-09-30 02:09:07
3065,KEN,Kenya,2011,5.1,3943,9.25,9.25,6.1185,11.3192,2.2027,23.179,23.901,369.8,Our World in Data / WHO,2026-09-30 02:09:07
3066,KEN,Kenya,2012,5.1,3737,8.55,8.55,6.4275,11.8909,2.3139,23.228,23.957,369.8,Our World in Data / WHO,2026-09-30 02:09:07
3067,KEN,Kenya,2013,5.1,4021,8.98,8.98,6.7437,12.4758,2.4277,23.279,24.014,369.8,Our World in Data / WHO,2026-09-30 02:09:07
3068,KEN,Kenya,2014,5.1,4330,9.45,9.45,7.0657,13.0715,2.5437,23.331,24.072,369.8,Our World in Data / WHO,2026-09-30 02:09:07
3069,KEN,Kenya,2015,5.1,4760,10.16,10.16,7.3928,13.6767,2.6614,23.383,24.131,369.8,Our World in Data / WHO,2026-09-30 02:09:07
3070,KEN,Kenya,2016,5.1,4919,10.27,10.27,7.7199,14.2818,2.7792,23.435,24.19,369.8,Our World in Data / WHO,2026-09-30 02:09:07
3071,KEN,Kenya,2017,5.1,5438,11.11,11.11,8.0474,14.8877,2.8971,23.488,24.249,369.8,Our World in Data / WHO,2026-09-30 02:09:07
3072,KEN,Kenya,2018,5.1,6263,12.54,12.54,8.3737,15.4913,3.0145,23.54,24.307,369.8,Our World in Data / WHO,2026-09-30 02:09:07
3073,KEN,Kenya,2019,5.1,6443,12.65,12.65,8.6981,16.0915,3.1313,23.592,24.366,369.8,Our World in Data / WHO,2026-09-30 02:09:07
3074,KEN,Kenya,2020,5.1,6654,12.8,12.8,9.022,16.6907,3.2479,23.644,24.424,369.8,Our World in Data / WHO,2026-09-30 02:09:07
3075,KEN,Kenya,2021,5.1,6319,11.92,11.92,9.3492,17.296,3.3657,23.696,24.483,369.8,Our World in Data / WHO,2026-09-30 02:09:07
3076,KEN,Kenya,2022,5.1,6319,11.92,11.92,9.6842,17.9158,3.4863,23.749,24.543,369.8,Our World in Data / WHO,2026-09-30 02:09:07
3077,KGZ,Kyrgyzstan,1990,6.3,279,5.65,5.65,7.724,14.2894,2.7806,23.436,24.19,427.4,Our World in Data / WHO,2026-09-30 02:09:07
3078,KGZ,Kyrgyzstan,1991,6.3,279,5.65,5.65,7.7724,14.3789,2.7981,23.444,24.199,427.4,Our World in Data / WHO,2026-09-30 02:09:07
3079,KGZ,Kyrgyzstan,1992,6.3,279,5.65,5.65,7.8307,14.4868,2.8191,23.453,24.21,427.4,Our World in Data / WHO,2026-09-30 02:09:07
3080,KGZ,Kyrgyzstan,1993,6.3,279,5.65,5.65,7.929,14.6686,2.8544,23.469,24.227,427.4,Our World in Data / WHO,2026-09-30 02:09:07
3081,KGZ,Kyrgyzstan,1994,6.3,279,5.65,5.65,8.045,14.8832,2.8962,23.487,24.248,427.4,Our World in Data / WHO,2026-09-30 02:09:07
3082,KGZ,Kyrgyzstan,1995,6.3,279,5.65,5.65,8.1191,15.0203,2.9229,23.499,24.261,427.4,Our World in Data / WHO,2026-09-30 02:09:07
3083,KGZ,Kyrgyzstan,1996,6.3,279,5.65,5.65,8.18,15.133,2.9448,23.509,24.272,427.4,Our World in Data / WHO,2026-09-30 02:09:07
3084,KGZ,Kyrgyzstan,1997,6.3,279,5.65,5.65,8.2545,15.2708,2.9716,23.521,24.286,427.4,Our World in Data / WHO,2026-09-30 02:09:07
3085,KGZ,Kyrgyzstan,1998,6.3,279,5.65,5.65,8.3434,15.4353,3.0036,23.535,24.302,427.4,Our World in Data / WHO,2026-09-30 02:09:07
3086,KGZ,Kyrgyzstan,1999,6.3,279,5.65,5.65,8.4747,15.6782,3.0509,23.556,24.325,427.4,Our World in Data / WHO,2026-09-30 02:09:07
3087,KGZ,Kyrgyzstan,2000,6.3,279,5.65,5.65,8.6543,16.0105,3.1155,23.585,24.358,427.4,Our World in Data / WHO,2026-09-30 02:09:07
3088,KGZ,Kyrgyzstan,2001,6.3,243,4.88,4.88,8.8554,16.3825,3.1879,23.617,24.394,427.4,Our World in Data / WHO,2026-09-30 02:09:07
3089,KGZ,Kyrgyzstan,2002,6.3,261,5.19,5.19,9.0736,16.7862,3.2665,23.652,24.433,427.4,Our World in Data / WHO,2026-09-30 02:09:07
3090,KGZ,Kyrgyzstan,2003,6.3,257,5.05,5.05,9.3097,17.2229,3.3515,23.69,24.476,427.4,Our World in Data / WHO,2026-09-30 02:09:07
3091,KGZ,Kyrgyzstan,2004,6.3,247,4.8,4.8,9.5673,17.6995,3.4442,23.731,24.522,427.4,Our World in Data / WHO,2026-09-30 02:09:07
3092,KGZ,Kyrgyzstan,2005,6.3,252,4.84,4.84,9.8476,18.2181,3.5451,23.776,24.573,427.4,Our World in Data / WHO,2026-09-30 02:09:07
3093,KGZ,Kyrgyzstan,2006,6.3,254,4.83,4.83,10.1557,18.788,3.6561,23.825,24.628,427.4,Our World in Data / WHO,2026-09-30 02:09:07
3094,KGZ,Kyrgyzstan,2007,6.3,256,4.83,4.83,10.4869,19.4008,3.7753,23.878,24.688,427.4,Our World in Data / WHO,2026-09-30 02:09:07
3095,KGZ,Kyrgyzstan,2008,6.3,258,4.83,4.83,10.8401,20.0542,3.9024,23.934,24.751,427.4,Our World in Data / WHO,2026-09-30 02:09:07
3096,KGZ,Kyrgyzstan,2009,6.3,256,4.73,4.73,11.2464,20.8058,4.0487,23.999,24.824,427.4,Our World in Data / WHO,2026-09-30 02:09:07
3097,KGZ,Kyrgyzstan,2010,6.3,256,4.66,4.66,11.7695,21.7736,4.237,24.083,24.919,427.4,Our World in Data / WHO,2026-09-30 02:09:07
3098,KGZ,Kyrgyzstan,2011,6.3,259,4.66,4.66,12.4198,22.9766,4.4711,24.187,25.036,427.4,Our World in Data / WHO,2026-09-30 02:09:07
3099,KGZ,Kyrgyzstan,2012,6.3,266,4.72,4.72,13.1548,24.3364,4.7357,24.305,25.168,427.4,Our World in Data / WHO,2026-09-30 02:09:07
3100,KGZ,Kyrgyzstan,2013,6.3,284,4.96,4.96,13.9148,25.7424,5.0093,24.426,25.305,427.4,Our World in Data / WHO,2026-09-30 02:09:07
3101,KGZ,Kyrgyzstan,2014,6.3,315,5.41,5.41,14.6783,27.1549,5.2842,24.549,25.442,427.4,Our World in Data / WHO,2026-09-30 02:09:07
3102,KGZ,Kyrgyzstan,2015,6.3,315,5.32,5.32,15.4367,28.5579,5.5572,24.67,25.579,427.4,Our World in Data / WHO,2026-09-30 02:09:07
3103,KGZ,Kyrgyzstan,2016,6.3,301,4.99,4.99,16.1186,29.8194,5.8027,24.779,25.701,427.4,Our World in Data / WHO,2026-09-30 02:09:07
3104,KGZ,Kyrgyzstan,2017,6.3,336,5.48,5.48,16.675,30.8488,6.003,24.868,25.802,427.4,Our World in Data / WHO,2026-09-30 02:09:07
3105,KGZ,Kyrgyzstan,2018,6.3,325,5.23,5.23,17.23,31.8755,6.2028,24.957,25.901,427.4,Our World in Data / WHO,2026-09-30 02:09:07
3106,KGZ,Kyrgyzstan,2019,6.3,329,5.2,5.2,17.8813,33.0804,6.4373,25.061,26.019,427.4,Our World in Data / WHO,2026-09-30 02:09:07
3107,KGZ,Kyrgyzstan,2020,6.3,317,4.93,4.93,18.5777,34.3687,6.688,25.172,26.144,427.4,Our World in Data / WHO,2026-09-30 02:09:07
3108,KGZ,Kyrgyzstan,2021,6.3,278,4.25,4.25,19.2839,35.6752,6.9422,25.285,26.271,427.4,Our World in Data / WHO,2026-09-30 02:09:07
3109,KGZ,Kyrgyzstan,2022,6.3,278,4.25,4.25,20.0107,37.0198,7.2039,25.402,26.402,427.4,Our World in Data / WHO,2026-09-30 02:09:07
3110,KHM,Cambodia,1990,2.9,1474,12.16,12.16,0.4344,6.0,0.1564,22.27,22.878,264.2,Our World in Data / WHO,2026-09-30 02:09:07
3111,KHM,Cambodia,1991,2.9,1474,12.16,12.16,0.4641,6.0,0.1671,22.274,22.884,264.2,Our World in Data / WHO,2026-09-30 02:09:07
3112,KHM,Cambodia,1992,2.9,1474,12.16,12.16,0.4972,6.0,0.179,22.28,22.889,264.2,Our World in Data / WHO,2026-09-30 02:09:07
3113,KHM,Cambodia,1993,2.9,1474,12.16,12.16,0.5354,6.0,0.1927,22.286,22.896,264.2,Our World in Data / WHO,2026-09-30 02:09:07
3114,KHM,Cambodia,1994,2.9,1474,12.16,12.16,0.5863,6.0,0.2111,22.294,22.906,264.2,Our World in Data / WHO,2026-09-30 02:09:07
3115,KHM,Cambodia,1995,2.9,1474,12.16,12.16,0.6468,6.0,0.2328,22.303,22.916,264.2,Our World in Data / WHO,2026-09-30 02:09:07
3116,KHM,Cambodia,1996,2.9,1474,12.16,12.16,0.7054,6.0,0.2539,22.313,22.927,264.2,Our World in Data / WHO,2026-09-30 02:09:07
3117,KHM,Cambodia,1997,2.9,1474,12.16,12.16,0.7593,6.0,0.2733,22.321,22.937,264.2,Our World in Data / WHO,2026-09-30 02:09:07
3118,KHM,Cambodia,1998,2.9,1474,12.16,12.16,0.81,6.0,0.2916,22.33,22.946,264.2,Our World in Data / WHO,2026-09-30 02:09:07
3119,KHM,Cambodia,1999,2.9,1474,12.16,12.16,0.862,6.0,0.3103,22.338,22.955,264.2,Our World in Data / WHO,2026-09-30 02:09:07
3120,KHM,Cambodia,2000,2.9,1474,12.16,12.16,0.9182,6.0,0.3306,22.347,22.965,264.2,Our World in Data / WHO,2026-09-30 02:09:07
3121,KHM,Cambodia,2001,2.9,1512,12.26,12.26,0.979,6.0,0.3524,22.357,22.976,264.2,Our World in Data / WHO,2026-09-30 02:09:07
3122,KHM,Cambodia,2002,2.9,1498,11.92,11.92,1.0445,6.0,0.376,22.367,22.988,264.2,Our World in Data / WHO,2026-09-30 02:09:07
3123,KHM,Cambodia,2003,2.9,1556,12.17,12.17,1.1153,6.0,0.4015,22.378,23.001,264.2,Our World in Data / WHO,2026-09-30 02:09:07
3124,KHM,Cambodia,2004,2.9,1626,12.49,12.49,1.1923,6.0,0.4292,22.391,23.015,264.2,Our World in Data / WHO,2026-09-30 02:09:07
3125,KHM,Cambodia,2005,2.9,1701,12.84,12.84,1.2764,6.0,0.4595,22.404,23.03,264.2,Our World in Data / WHO,2026-09-30 02:09:07
3126,KHM,Cambodia,2006,2.9,1762,13.07,13.07,1.3699,6.0,0.4932,22.419,23.047,264.2,Our World in Data / WHO,2026-09-30 02:09:07
3127,KHM,Cambodia,2007,2.9,1860,13.56,13.56,1.4727,6.0,0.5302,22.436,23.065,264.2,Our World in Data / WHO,2026-09-30 02:09:07
3128,KHM,Cambodia,2008,2.9,1946,13.95,13.95,1.5817,6.0,0.5694,22.453,23.085,264.2,Our World in Data / WHO,2026-09-30 02:09:07
3129,KHM,Cambodia,2009,2.9,2044,14.44,14.44,1.6966,6.0,0.6108,22.471,23.105,264.2,Our World in Data / WHO,2026-09-30 02:09:07
3130,KHM,Cambodia,2010,2.9,2166,15.08,15.08,1.8207,6.0,0.6555,22.491,23.128,264.2,Our World in Data / WHO,2026-09-30 02:09:07
3131,KHM,Cambodia,2011,2.9,2286,15.69,15.69,1.9551,6.0,0.7038,22.513,23.152,264.2,Our World in Data / WHO,2026-09-30 02:09:07
3132,KHM,Cambodia,2012,2.9,2417,16.35,16.35,2.1013,6.0,0.7565,22.536,23.178,264.2,Our World in Data / WHO,2026-09-30 02:09:07
3133,KHM,Cambodia,2013,2.9,2540,16.94,16.94,2.262,6.0,0.8143,22.562,23.207,264.2,Our World in Data / WHO,2026-09-30 02:09:07
3134,KHM,Cambodia,2014,2.9,2696,17.73,17.73,2.4386,6.0,0.8779,22.59,23.239,264.2,Our World in Data / WHO,2026-09-30 02:09:07
3135,KHM,Cambodia,2015,2.9,2856,18.53,18.53,2.6331,6.0,0.9479,22.621,23.274,264.2,Our World in Data / WHO,2026-09-30 02:09:07
3136,KHM,Cambodia,2016,2.9,3028,19.38,19.38,2.8436,6.0,1.0237,22.655,23.312,264.2,Our World in Data / WHO,2026-09-30 02:09:07
3137,KHM,Cambodia,2017,2.9,3217,20.32,20.32,3.07,6.0,1.1052,22.691,23.353,264.2,Our World in Data / WHO,2026-09-30 02:09:07
3138,KHM,Cambodia,2018,2.9,3403,21.23,21.23,3.3113,6.1259,1.1921,22.73,23.396,264.2,Our World in Data / WHO,2026-09-30 02:09:07
3139,KHM,Cambodia,2019,2.9,3601,22.22,22.22,3.5603,6.5866,1.2817,22.77,23.441,264.2,Our World in Data / WHO,2026-09-30 02:09:07
3140,KHM,Cambodia,2020,2.9,3799,23.17,23.17,3.8137,7.0553,1.3729,22.81,23.486,264.2,Our World in Data / WHO,2026-09-30 02:09:07
3141,KHM,Cambodia,2021,2.9,3842,23.16,23.16,4.0768,7.5421,1.4676,22.852,23.534,264.2,Our World in Data / WHO,2026-09-30 02:09:07
3142,KHM,Cambodia,2022,2.9,3842,23.16,23.16,4.3516,8.0505,1.5666,22.896,23.583,264.2,Our World in Data / WHO,2026-09-30 02:09:07
3143,KIR,Kiribati,1990,25.3,73,81.86,81.86,30.4527,56.3375,10.963,27.072,28.281,1339.4,Our World in Data / WHO,2026-09-30 02:09:07
3144,KIR,Kiribati,1991,25.3,73,81.86,81.86,31.468,58.2158,11.3285,27.235,28.464,1339.4,Our World in Data / WHO,2026-09-30 02:09:07
3145,KIR,Kiribati,1992,25.3,73,81.86,81.86,32.4428,60.0192,11.6794,27.391,28.64,1339.4,Our World in Data / WHO,2026-09-30 02:09:07
3146,KIR,Kiribati,1993,25.3,73,81.86,81.86,33.3753,61.7443,12.0151,27.54,28.808,1339.4,Our World in Data / WHO,2026-09-30 02:09:07
3147,KIR,Kiribati,1994,25.3,73,81.86,81.86,34.2552,63.3721,12.3319,27.681,28.966,1339.4,Our World in Data / WHO,2026-09-30 02:09:07
3148,KIR,Kiribati,1995,25.3,73,81.86,81.86,35.0743,64.8875,12.6267,27.812,29.113,1339.4,Our World in Data / WHO,2026-09-30 02:09:07
3149,KIR,Kiribati,1996,25.3,73,81.86,81.86,35.8375,66.2994,12.9015,27.934,29.251,1339.4,Our World in Data / WHO,2026-09-30 02:09:07
3150,KIR,Kiribati,1997,25.3,73,81.86,81.86,36.5279,67.5766,13.15,28.044,29.375,1339.4,Our World in Data / WHO,2026-09-30 02:09:07
3151,KIR,Kiribati,1998,25.3,73,81.86,81.86,37.1461,68.7203,13.3726,28.143,29.486,1339.4,Our World in Data / WHO,2026-09-30 02:09:07
3152,KIR,Kiribati,1999,25.3,73,81.86,81.86,37.7153,69.7733,13.5775,28.234,29.589,1339.4,Our World in Data / WHO,2026-09-30 02:09:07
3153,KIR,Kiribati,2000,25.3,73,81.86,81.86,38.2256,70.7174,13.7612,28.316,29.681,1339.4,Our World in Data / WHO,2026-09-30 02:09:07
3154,KIR,Kiribati,2001,25.3,75,82.42,82.42,38.6586,71.5184,13.9171,28.385,29.759,1339.4,Our World in Data / WHO,2026-09-30 02:09:07
3155,KIR,Kiribati,2002,25.3,77,83.85,83.85,39.0281,72.202,14.0501,28.444,29.825,1339.4,Our World in Data / WHO,2026-09-30 02:09:07
3156,KIR,Kiribati,2003,25.3,80,85.15,85.15,39.36,72.816,14.1696,28.498,29.885,1339.4,Our World in Data / WHO,2026-09-30 02:09:07
3157,KIR,Kiribati,2004,25.3,84,87.06,87.06,39.6693,73.3882,14.2809,28.547,29.94,1339.4,Our World in Data / WHO,2026-09-30 02:09:07
3158,KIR,Kiribati,2005,25.3,87,89.03,89.03,39.9566,73.9197,14.3844,28.593,29.992,1339.4,Our World in Data / WHO,2026-09-30 02:09:07
3159,KIR,Kiribati,2006,25.3,89,88.78,88.78,40.239,74.4422,14.486,28.638,30.043,1339.4,Our World in Data / WHO,2026-09-30 02:09:07
3160,KIR,Kiribati,2007,25.3,91,89.63,89.63,40.5269,74.9748,14.5897,28.684,30.095,1339.4,Our World in Data / WHO,2026-09-30 02:09:07
3161,KIR,Kiribati,2008,25.3,94,90.21,90.21,40.8013,75.4824,14.6885,28.728,30.144,1339.4,Our World in Data / WHO,2026-09-30 02:09:07
3162,KIR,Kiribati,2009,25.3,96,90.26,90.26,41.0746,75.988,14.7869,28.772,30.193,1339.4,Our World in Data / WHO,2026-09-30 02:09:07
3163,KIR,Kiribati,2010,25.3,98,90.71,90.71,41.3493,76.4962,14.8857,28.816,30.243,1339.4,Our World in Data / WHO,2026-09-30 02:09:07
3164,KIR,Kiribati,2011,25.3,101,91.68,91.68,41.6246,77.0055,14.9849,28.86,30.292,1339.4,Our World in Data / WHO,2026-09-30 02:09:07
3165,KIR,Kiribati,2012,25.3,102,91.27,91.27,41.8939,77.5037,15.0818,28.903,30.341,1339.4,Our World in Data / WHO,2026-09-30 02:09:07
3166,KIR,Kiribati,2013,25.3,104,91.42,91.42,42.1497,77.9769,15.1739,28.944,30.387,1339.4,Our World in Data / WHO,2026-09-30 02:09:07
3167,KIR,Kiribati,2014,25.3,105,91.52,91.52,42.3979,78.4361,15.2632,28.984,30.432,1339.4,Our World in Data / WHO,2026-09-30 02:09:07
3168,KIR,Kiribati,2015,25.3,108,92.27,92.27,42.6513,78.9049,15.3545,29.024,30.477,1339.4,Our World in Data / WHO,2026-09-30 02:09:07
3169,KIR,Kiribati,2016,25.3,111,93.62,93.62,42.8968,79.3591,15.4428,29.063,30.521,1339.4,Our World in Data / WHO,2026-09-30 02:09:07
3170,KIR,Kiribati,2017,25.3,114,94.56,94.56,43.1341,79.7981,15.5283,29.101,30.564,1339.4,Our World in Data / WHO,2026-09-30 02:09:07
3171,KIR,Kiribati,2018,25.3,116,94.96,94.96,43.3797,80.2524,15.6167,29.141,30.608,1339.4,Our World in Data / WHO,2026-09-30 02:09:07
3172,KIR,Kiribati,2019,25.3,121,97.12,97.12,43.649,80.7507,15.7136,29.184,30.657,1339.4,Our World in Data / WHO,2026-09-30 02:09:07
3173,KIR,Kiribati,2020,25.3,130,102.61,102.61,43.9669,81.3388,15.8281,29.235,30.714,1339.4,Our World in Data / WHO,2026-09-30 02:09:07
3174,KIR,Kiribati,2021,25.3,142,109.94,109.94,44.3209,81.9937,15.9555,29.291,30.778,1339.4,Our World in Data / WHO,2026-09-30 02:09:07
3175,KIR,Kiribati,2022,25.3,142,109.94,109.94,44.6753,82.6493,16.0831,29.348,30.842,1339.4,Our World in Data / WHO,2026-09-30 02:09:07
3176,KNA,Saint Kitts and Nevis,1990,12.1,24,52.09,52.09,18.1417,33.5621,6.531,25.103,26.066,705.8,Our World in Data / WHO,2026-09-30 02:09:07
3177,KNA,Saint Kitts and Nevis,1991,12.1,24,52.09,52.09,18.9645,35.0843,6.8272,25.234,26.214,705.8,Our World in Data / WHO,2026-09-30 02:09:07
3178,KNA,Saint Kitts and Nevis,1992,12.1,24,52.09,52.09,19.8068,36.6426,7.1304,25.369,26.365,705.8,Our World in Data / WHO,2026-09-30 02:09:07
3179,KNA,Saint Kitts and Nevis,1993,12.1,24,52.09,52.09,20.6851,38.2674,7.4466,25.51,26.523,705.8,Our World in Data / WHO,2026-09-30 02:09:07
3180,KNA,Saint Kitts and Nevis,1994,12.1,24,52.09,52.09,21.6049,39.9691,7.7778,25.657,26.689,705.8,Our World in Data / WHO,2026-09-30 02:09:07
3181,KNA,Saint Kitts and Nevis,1995,12.1,24,52.09,52.09,22.5664,41.7478,8.1239,25.811,26.862,705.8,Our World in Data / WHO,2026-09-30 02:09:07
3182,KNA,Saint Kitts and Nevis,1996,12.1,24,52.09,52.09,23.5732,43.6104,8.4864,25.972,27.043,705.8,Our World in Data / WHO,2026-09-30 02:09:07
3183,KNA,Saint Kitts and Nevis,1997,12.1,24,52.09,52.09,24.6193,45.5457,8.8629,26.139,27.231,705.8,Our World in Data / WHO,2026-09-30 02:09:07
3184,KNA,Saint Kitts and Nevis,1998,12.1,24,52.09,52.09,25.6921,47.5304,9.2492,26.311,27.425,705.8,Our World in Data / WHO,2026-09-30 02:09:07
3185,KNA,Saint Kitts and Nevis,1999,12.1,24,52.09,52.09,26.7856,49.5534,9.6428,26.486,27.621,705.8,Our World in Data / WHO,2026-09-30 02:09:07
3186,KNA,Saint Kitts and Nevis,2000,12.1,24,52.09,52.09,27.889,51.5946,10.04,26.662,27.82,705.8,Our World in Data / WHO,2026-09-30 02:09:07
3187,KNA,Saint Kitts and Nevis,2001,11.7727,22,48.38,48.38,28.9737,53.6013,10.4305,26.836,28.015,690.09,Our World in Data / WHO,2026-09-30 02:09:07
3188,KNA,Saint Kitts and Nevis,2002,11.4455,21,46.23,46.23,30.0196,55.5363,10.8071,27.003,28.204,674.38,Our World in Data / WHO,2026-09-30 02:09:07
3189,KNA,Saint Kitts and Nevis,2003,11.1182,21,45.55,45.55,31.0258,57.3977,11.1693,27.164,28.385,658.67,Our World in Data / WHO,2026-09-30 02:09:07
3190,KNA,Saint Kitts and Nevis,2004,10.7909,23,48.63,48.63,31.9973,59.195,11.519,27.32,28.56,642.96,Our World in Data / WHO,2026-09-30 02:09:07
3191,KNA,Saint Kitts and Nevis,2005,10.4636,24,52.07,52.07,32.9472,60.9523,11.861,27.472,28.73,627.25,Our World in Data / WHO,2026-09-30 02:09:07
3192,KNA,Saint Kitts and Nevis,2006,10.1364,25,53.14,53.14,33.8753,62.6693,12.1951,27.62,28.898,611.55,Our World in Data / WHO,2026-09-30 02:09:07
3193,KNA,Saint Kitts and Nevis,2007,9.8091,26,55.79,55.79,34.7751,64.3339,12.519,27.764,29.06,595.84,Our World in Data / WHO,2026-09-30 02:09:07
3194,KNA,Saint Kitts and Nevis,2008,9.4818,28,58.34,58.34,35.651,65.9544,12.8344,27.904,29.217,580.13,Our World in Data / WHO,2026-09-30 02:09:07
3195,KNA,Saint Kitts and Nevis,2009,9.1545,28,59.66,59.66,36.5143,67.5515,13.1451,28.042,29.373,564.42,Our World in Data / WHO,2026-09-30 02:09:07
3196,KNA,Saint Kitts and Nevis,2010,8.8273,28,59.85,59.85,37.3824,69.1574,13.4577,28.181,29.529,548.71,Our World in Data / WHO,2026-09-30 02:09:07
3197,KNA,Saint Kitts and Nevis,2011,8.5,28,58.28,58.28,38.2503,70.7631,13.7701,28.32,29.685,533.0,Our World in Data / WHO,2026-09-30 02:09:07
3198,KNA,Saint Kitts and Nevis,2012,8.5,27,56.15,56.15,39.0824,72.3024,14.0697,28.453,29.835,533.0,Our World in Data / WHO,2026-09-30 02:09:07
3199,KNA,Saint Kitts and Nevis,2013,8.5,26,54.28,54.28,39.8748,73.7684,14.3549,28.58,29.977,533.0,Our World in Data / WHO,2026-09-30 02:09:07
3200,KNA,Saint Kitts and Nevis,2014,8.5,25,53.17,53.17,40.6518,75.2058,14.6346,28.704,30.117,533.0,Our World in Data / WHO,2026-09-30 02:09:07
3201,KNA,Saint Kitts and Nevis,2015,8.5,25,51.94,51.94,41.421,76.6288,14.9116,28.827,30.256,533.0,Our World in Data / WHO,2026-09-30 02:09:07
3202,KNA,Saint Kitts and Nevis,2016,8.5,25,51.52,51.52,42.1689,78.0125,15.1808,28.947,30.39,533.0,Our World in Data / WHO,2026-09-30 02:09:07
3203,KNA,Saint Kitts and Nevis,2017,8.5,25,52.4,52.4,42.8864,79.3398,15.4391,29.062,30.52,533.0,Our World in Data / WHO,2026-09-30 02:09:07
3204,KNA,Saint Kitts and Nevis,2018,8.5,26,53.66,53.66,43.5918,80.6448,15.693,29.175,30.647,533.0,Our World in Data / WHO,2026-09-30 02:09:07
3205,KNA,Saint Kitts and Nevis,2019,8.5,26,54.77,54.77,44.3083,81.9704,15.951,29.289,30.775,533.0,Our World in Data / WHO,2026-09-30 02:09:07
3206,KNA,Saint Kitts and Nevis,2020,8.5,26,53.61,53.61,45.0364,83.3173,16.2131,29.406,30.907,533.0,Our World in Data / WHO,2026-09-30 02:09:07
3207,KNA,Saint Kitts and Nevis,2021,8.5,26,55.18,55.18,45.7685,84.6717,16.4767,29.523,31.038,533.0,Our World in Data / WHO,2026-09-30 02:09:07
3208,KNA,Saint Kitts and Nevis,2022,8.5,26,55.18,55.18,46.4969,85.0,16.7389,29.64,31.169,533.0,Our World in Data / WHO,2026-09-30 02:09:07
3209,KOR,South Korea,1990,7.5,10320,22.06,22.06,1.4306,6.0,0.515,22.429,23.058,485.0,Our World in Data / WHO,2026-09-30 02:09:07
3210,KOR,South Korea,1991,7.5,10320,22.06,22.06,1.4994,6.0,0.5398,22.44,23.07,485.0,Our World in Data / WHO,2026-09-30 02:09:07
3211,KOR,South Korea,1992,7.5,10320,22.06,22.06,1.5743,6.0,0.5667,22.452,23.083,485.0,Our World in Data / WHO,2026-09-30 02:09:07
3212,KOR,South Korea,1993,7.5,10320,22.06,22.06,1.6541,6.0,0.5955,22.465,23.098,485.0,Our World in Data / WHO,2026-09-30 02:09:07
3213,KOR,South Korea,1994,7.5,10320,22.06,22.06,1.7393,6.0,0.6261,22.478,23.113,485.0,Our World in Data / WHO,2026-09-30 02:09:07
3214,KOR,South Korea,1995,7.5,10320,22.06,22.06,1.8284,6.0,0.6582,22.493,23.129,485.0,Our World in Data / WHO,2026-09-30 02:09:07
3215,KOR,South Korea,1996,7.5,10320,22.06,22.06,1.9207,6.0,0.6915,22.507,23.146,485.0,Our World in Data / WHO,2026-09-30 02:09:07
3216,KOR,South Korea,1997,7.5,10320,22.06,22.06,2.0161,6.0,0.7258,22.523,23.163,485.0,Our World in Data / WHO,2026-09-30 02:09:07
3217,KOR,South Korea,1998,7.5,10320,22.06,22.06,2.1145,6.0,0.7612,22.538,23.181,485.0,Our World in Data / WHO,2026-09-30 02:09:07
3218,KOR,South Korea,1999,7.5,10320,22.06,22.06,2.2184,6.0,0.7986,22.555,23.199,485.0,Our World in Data / WHO,2026-09-30 02:09:07
3219,KOR,South Korea,2000,7.5,10320,22.06,22.06,2.3294,6.0,0.8386,22.573,23.219,485.0,Our World in Data / WHO,2026-09-30 02:09:07
3220,KOR,South Korea,2001,7.5,10772,22.89,22.89,2.4476,6.0,0.8811,22.592,23.241,485.0,Our World in Data / WHO,2026-09-30 02:09:07
3221,KOR,South Korea,2002,7.5,11058,23.37,23.37,2.5716,6.0,0.9258,22.611,23.263,485.0,Our World in Data / WHO,2026-09-30 02:09:07
3222,KOR,South Korea,2003,7.5,11184,23.52,23.52,2.7011,6.0,0.9724,22.632,23.286,485.0,Our World in Data / WHO,2026-09-30 02:09:07
3223,KOR,South Korea,2004,7.5,10959,22.96,22.96,2.8363,6.0,1.0211,22.654,23.311,485.0,Our World in Data / WHO,2026-09-30 02:09:07
3224,KOR,South Korea,2005,7.5,11018,23.01,23.01,2.9785,6.0,1.0723,22.677,23.336,485.0,Our World in Data / WHO,2026-09-30 02:09:07
3225,KOR,South Korea,2006,7.5,10752,22.38,22.38,3.1269,6.0,1.1257,22.7,23.363,485.0,Our World in Data / WHO,2026-09-30 02:09:07
3226,KOR,South Korea,2007,7.5,10204,21.16,21.16,3.28,6.068,1.1808,22.725,23.39,485.0,Our World in Data / WHO,2026-09-30 02:09:07
3227,KOR,South Korea,2008,7.5,9092,18.79,18.79,3.4376,6.3596,1.2375,22.75,23.419,485.0,Our World in Data / WHO,2026-09-30 02:09:07
3228,KOR,South Korea,2009,7.5,8517,17.53,17.53,3.5987,6.6576,1.2955,22.776,23.448,485.0,Our World in Data / WHO,2026-09-30 02:09:07
3229,KOR,South Korea,2010,7.5,8913,18.26,18.26,3.7611,6.958,1.354,22.802,23.477,485.0,Our World in Data / WHO,2026-09-30 02:09:07
3230,KOR,South Korea,2011,7.5,9132,18.57,18.57,3.9287,7.2681,1.4143,22.829,23.507,485.0,Our World in Data / WHO,2026-09-30 02:09:07
3231,KOR,South Korea,2012,7.5,9645,19.43,19.43,4.1058,7.5957,1.4781,22.857,23.539,485.0,Our World in Data / WHO,2026-09-30 02:09:07
3232,KOR,South Korea,2013,7.5,8951,17.87,17.87,4.2971,7.9496,1.547,22.888,23.573,485.0,Our World in Data / WHO,2026-09-30 02:09:07
3233,KOR,South Korea,2014,7.5,8497,16.81,16.81,4.5035,8.3315,1.6213,22.921,23.611,485.0,Our World in Data / WHO,2026-09-30 02:09:07
3234,KOR,South Korea,2015,7.5,8377,16.43,16.43,4.7287,8.7481,1.7023,22.957,23.651,485.0,Our World in Data / WHO,2026-09-30 02:09:07
3235,KOR,South Korea,2016,7.5,7667,14.94,14.94,4.9719,9.198,1.7899,22.996,23.695,485.0,Our World in Data / WHO,2026-09-30 02:09:07
3236,KOR,South Korea,2017,7.5,7099,13.78,13.78,5.2311,9.6775,1.8832,23.037,23.742,485.0,Our World in Data / WHO,2026-09-30 02:09:07
3237,KOR,South Korea,2018,7.5,6798,13.15,13.15,5.5079,10.1896,1.9828,23.081,23.791,485.0,Our World in Data / WHO,2026-09-30 02:09:07
3238,KOR,South Korea,2019,7.5,6277,12.12,12.12,5.8013,10.7324,2.0885,23.128,23.844,485.0,Our World in Data / WHO,2026-09-30 02:09:07
3239,KOR,South Korea,2020,7.5,6883,13.28,13.28,6.1099,11.3033,2.1996,23.178,23.9,485.0,Our World in Data / WHO,2026-09-30 02:09:07
3240,KOR,South Korea,2021,7.5,7371,14.22,14.22,6.4311,11.8975,2.3152,23.229,23.958,485.0,Our World in Data / WHO,2026-09-30 02:09:07
3241,KOR,South Korea,2022,7.5,7371,14.22,14.22,6.7703,12.5251,2.4373,23.283,24.019,485.0,Our World in Data / WHO,2026-09-30 02:09:07
3242,KWT,Kuwait,1990,20.7,134,6.91,6.91,27.7079,51.2596,9.9748,26.633,27.787,1118.6,Our World in Data / WHO,2026-09-30 02:09:07
3243,KWT,Kuwait,1991,20.7,134,6.91,6.91,28.7412,53.1712,10.3468,26.799,27.973,1118.6,Our World in Data / WHO,2026-09-30 02:09:07
3244,KWT,Kuwait,1992,20.7,134,6.91,6.91,29.567,54.699,10.6441,26.931,28.122,1118.6,Our World in Data / WHO,2026-09-30 02:09:07
3245,KWT,Kuwait,1993,20.7,134,6.91,6.91,29.9055,55.3252,10.766,26.985,28.183,1118.6,Our World in Data / WHO,2026-09-30 02:09:07
3246,KWT,Kuwait,1994,20.7,134,6.91,6.91,29.927,55.365,10.7737,26.988,28.187,1118.6,Our World in Data / WHO,2026-09-30 02:09:07
3247,KWT,Kuwait,1995,20.7,134,6.91,6.91,30.3537,56.1543,10.9273,27.057,28.264,1118.6,Our World in Data / WHO,2026-09-30 02:09:07
3248,KWT,Kuwait,1996,20.7,134,6.91,6.91,31.0455,57.4342,11.1764,27.167,28.388,1118.6,Our World in Data / WHO,2026-09-30 02:09:07
3249,KWT,Kuwait,1997,20.7,134,6.91,6.91,31.7342,58.7083,11.4243,27.277,28.512,1118.6,Our World in Data / WHO,2026-09-30 02:09:07
3250,KWT,Kuwait,1998,20.7,134,6.91,6.91,32.3906,59.9226,11.6606,27.382,28.63,1118.6,Our World in Data / WHO,2026-09-30 02:09:07
3251,KWT,Kuwait,1999,20.7,134,6.91,6.91,33.0393,61.1227,11.8941,27.486,28.747,1118.6,Our World in Data / WHO,2026-09-30 02:09:07
3252,KWT,Kuwait,2000,20.7,134,6.91,6.91,33.6895,62.3256,12.1282,27.59,28.864,1118.6,Our World in Data / WHO,2026-09-30 02:09:07
3253,KWT,Kuwait,2001,20.7,101,5.09,5.09,34.3454,63.539,12.3643,27.695,28.982,1118.6,Our World in Data / WHO,2026-09-30 02:09:07
3254,KWT,Kuwait,2002,20.7,116,5.68,5.68,35.0059,64.7609,12.6021,27.801,29.101,1118.6,Our World in Data / WHO,2026-09-30 02:09:07
3255,KWT,Kuwait,2003,20.7,110,5.24,5.24,35.6591,65.9693,12.8373,27.905,29.219,1118.6,Our World in Data / WHO,2026-09-30 02:09:07
3256,KWT,Kuwait,2004,20.7,127,5.88,5.88,36.307,67.168,13.0705,28.009,29.335,1118.6,Our World in Data / WHO,2026-09-30 02:09:07
3257,KWT,Kuwait,2005,20.7,132,5.89,5.89,36.8379,68.1501,13.2616,28.094,29.431,1118.6,Our World in Data / WHO,2026-09-30 02:09:07
3258,KWT,Kuwait,2006,20.7,140,5.93,5.93,37.2006,68.8211,13.3922,28.152,29.496,1118.6,Our World in Data / WHO,2026-09-30 02:09:07
3259,KWT,Kuwait,2007,20.7,142,5.67,5.67,37.5083,69.3904,13.503,28.201,29.551,1118.6,Our World in Data / WHO,2026-09-30 02:09:07
3260,KWT,Kuwait,2008,20.7,168,6.35,6.35,37.8399,70.0038,13.6224,28.254,29.611,1118.6,Our World in Data / WHO,2026-09-30 02:09:07
3261,KWT,Kuwait,2009,20.7,177,6.33,6.33,38.2319,70.729,13.7635,28.317,29.682,1118.6,Our World in Data / WHO,2026-09-30 02:09:07
3262,KWT,Kuwait,2010,20.7,168,5.7,5.7,38.6948,71.5854,13.9301,28.391,29.765,1118.6,Our World in Data / WHO,2026-09-30 02:09:07
3263,KWT,Kuwait,2011,20.7,159,5.07,5.07,39.3519,72.801,14.1667,28.496,29.883,1118.6,Our World in Data / WHO,2026-09-30 02:09:07
3264,KWT,Kuwait,2012,20.7,177,5.23,5.23,40.0633,74.1171,14.4228,28.61,30.011,1118.6,Our World in Data / WHO,2026-09-30 02:09:07
3265,KWT,Kuwait,2013,20.7,196,5.38,5.38,40.6668,75.2336,14.64,28.707,30.12,1118.6,Our World in Data / WHO,2026-09-30 02:09:07
3266,KWT,Kuwait,2014,20.7,214,5.68,5.68,41.2092,76.237,14.8353,28.793,30.218,1118.6,Our World in Data / WHO,2026-09-30 02:09:07
3267,KWT,Kuwait,2015,20.7,266,6.81,6.81,41.6956,77.1369,15.0104,28.871,30.305,1118.6,Our World in Data / WHO,2026-09-30 02:09:07
3268,KWT,Kuwait,2016,20.7,308,7.6,7.6,42.0922,77.8706,15.1532,28.935,30.377,1118.6,Our World in Data / WHO,2026-09-30 02:09:07
3269,KWT,Kuwait,2017,20.7,334,8.1,8.1,42.3687,78.3821,15.2527,28.979,30.426,1118.6,Our World in Data / WHO,2026-09-30 02:09:07
3270,KWT,Kuwait,2018,20.7,365,8.45,8.45,42.5966,78.8037,15.3348,29.015,30.467,1118.6,Our World in Data / WHO,2026-09-30 02:09:07
3271,KWT,Kuwait,2019,20.7,437,9.85,9.85,42.8319,79.239,15.4195,29.053,30.51,1118.6,Our World in Data / WHO,2026-09-30 02:09:07
3272,KWT,Kuwait,2020,20.7,526,12.07,12.07,43.0845,79.7063,15.5104,29.094,30.555,1118.6,Our World in Data / WHO,2026-09-30 02:09:07
3273,KWT,Kuwait,2021,20.7,507,11.92,11.92,41.9938,77.6885,15.1178,28.919,30.359,1118.6,Our World in Data / WHO,2026-09-30 02:09:07
3274,KWT,Kuwait,2022,20.7,507,11.92,11.92,40.9923,75.8358,14.7572,28.759,30.179,1118.6,Our World in Data / WHO,2026-09-30 02:09:07
3275,LAO,Laos,1990,3.3,827,15.23,15.23,1.221,6.0,0.4396,22.395,23.02,283.4,Our World in Data / WHO,2026-09-30 02:09:07
3276,LAO,Laos,1991,3.3,827,15.23,15.23,1.2882,6.0,0.4638,22.406,23.032,283.4,Our World in Data / WHO,2026-09-30 02:09:07
3277,LAO,Laos,1992,3.3,827,15.23,15.23,1.3598,6.0,0.4895,22.418,23.045,283.4,Our World in Data / WHO,2026-09-30 02:09:07
3278,LAO,Laos,1993,3.3,827,15.23,15.23,1.4359,6.0,0.5169,22.43,23.058,283.4,Our World in Data / WHO,2026-09-30 02:09:07
3279,LAO,Laos,1994,3.3,827,15.23,15.23,1.5169,6.0,0.5461,22.443,23.073,283.4,Our World in Data / WHO,2026-09-30 02:09:07
3280,LAO,Laos,1995,3.3,827,15.23,15.23,1.6033,6.0,0.5772,22.457,23.089,283.4,Our World in Data / WHO,2026-09-30 02:09:07
3281,LAO,Laos,1996,3.3,827,15.23,15.23,1.6961,6.0,0.6106,22.471,23.105,283.4,Our World in Data / WHO,2026-09-30 02:09:07
3282,LAO,Laos,1997,3.3,827,15.23,15.23,1.7962,6.0,0.6466,22.487,23.123,283.4,Our World in Data / WHO,2026-09-30 02:09:07
3283,LAO,Laos,1998,3.3,827,15.23,15.23,1.9035,6.0,0.6853,22.505,23.143,283.4,Our World in Data / WHO,2026-09-30 02:09:07
3284,LAO,Laos,1999,3.3,827,15.23,15.23,2.0177,6.0,0.7264,22.523,23.163,283.4,Our World in Data / WHO,2026-09-30 02:09:07
3285,LAO,Laos,2000,3.3,827,15.23,15.23,2.1386,6.0,0.7699,22.542,23.185,283.4,Our World in Data / WHO,2026-09-30 02:09:07
3286,LAO,Laos,2001,3.3,859,15.56,15.56,2.2663,6.0,0.8159,22.563,23.208,283.4,Our World in Data / WHO,2026-09-30 02:09:07
3287,LAO,Laos,2002,3.3,879,15.68,15.68,2.4006,6.0,0.8642,22.584,23.232,283.4,Our World in Data / WHO,2026-09-30 02:09:07
3288,LAO,Laos,2003,3.3,895,15.74,15.74,2.5424,6.0,0.9153,22.607,23.258,283.4,Our World in Data / WHO,2026-09-30 02:09:07
3289,LAO,Laos,2004,3.3,923,16.0,16.0,2.6931,6.0,0.9695,22.631,23.285,283.4,Our World in Data / WHO,2026-09-30 02:09:07
3290,LAO,Laos,2005,3.3,956,16.34,16.34,2.8526,6.0,1.0269,22.656,23.313,283.4,Our World in Data / WHO,2026-09-30 02:09:07
3291,LAO,Laos,2006,3.3,970,16.31,16.31,3.0219,6.0,1.0879,22.684,23.344,283.4,Our World in Data / WHO,2026-09-30 02:09:07
3292,LAO,Laos,2007,3.3,975,16.14,16.14,3.2039,6.0,1.1534,22.713,23.377,283.4,Our World in Data / WHO,2026-09-30 02:09:07
3293,LAO,Laos,2008,3.3,1010,16.46,16.46,3.4007,6.2913,1.2243,22.744,23.412,283.4,Our World in Data / WHO,2026-09-30 02:09:07
3294,LAO,Laos,2009,3.3,1023,16.42,16.42,3.6117,6.6816,1.3002,22.778,23.45,283.4,Our World in Data / WHO,2026-09-30 02:09:07
3295,LAO,Laos,2010,3.3,1044,16.51,16.51,3.8373,7.099,1.3814,22.814,23.491,283.4,Our World in Data / WHO,2026-09-30 02:09:07
3296,LAO,Laos,2011,3.3,1073,16.72,16.72,4.0799,7.5478,1.4688,22.853,23.534,283.4,Our World in Data / WHO,2026-09-30 02:09:07
3297,LAO,Laos,2012,3.3,1107,17.0,17.0,4.3421,8.0329,1.5632,22.895,23.582,283.4,Our World in Data / WHO,2026-09-30 02:09:07
3298,LAO,Laos,2013,3.3,1146,17.36,17.36,4.626,8.5581,1.6654,22.94,23.633,283.4,Our World in Data / WHO,2026-09-30 02:09:07
3299,LAO,Laos,2014,3.3,1201,17.94,17.94,4.932,9.1242,1.7755,22.989,23.688,283.4,Our World in Data / WHO,2026-09-30 02:09:07
3300,LAO,Laos,2015,3.3,1223,18.02,18.02,5.256,9.7236,1.8922,23.041,23.746,283.4,Our World in Data / WHO,2026-09-30 02:09:07
3301,LAO,Laos,2016,3.3,1231,17.86,17.86,5.595,10.3508,2.0142,23.095,23.807,283.4,Our World in Data / WHO,2026-09-30 02:09:07
3302,LAO,Laos,2017,3.3,1254,17.92,17.92,5.95,11.0075,2.142,23.152,23.871,283.4,Our World in Data / WHO,2026-09-30 02:09:07
3303,LAO,Laos,2018,3.3,1291,18.17,18.17,6.3222,11.6961,2.276,23.212,23.938,283.4,Our World in Data / WHO,2026-09-30 02:09:07
3304,LAO,Laos,2019,3.3,1334,18.49,18.49,6.7136,12.4202,2.4169,23.274,24.008,283.4,Our World in Data / WHO,2026-09-30 02:09:07
3305,LAO,Laos,2020,3.3,1389,18.98,18.98,7.1275,13.1859,2.5659,23.34,24.083,283.4,Our World in Data / WHO,2026-09-30 02:09:07
3306,LAO,Laos,2021,3.3,1413,19.02,19.02,7.5627,13.991,2.7226,23.41,24.161,283.4,Our World in Data / WHO,2026-09-30 02:09:07
3307,LAO,Laos,2022,3.3,1413,19.02,19.02,8.0166,14.8307,2.886,23.483,24.243,283.4,Our World in Data / WHO,2026-09-30 02:09:07
3308,LBN,Lebanon,1990,19.6,663,15.33,15.33,12.5323,23.1848,4.5116,24.205,25.056,1065.8,Our World in Data / WHO,2026-09-30 02:09:07
3309,LBN,Lebanon,1991,19.6,663,15.33,15.33,13.036,24.1166,4.693,24.286,25.146,1065.8,Our World in Data / WHO,2026-09-30 02:09:07
3310,LBN,Lebanon,1992,19.6,663,15.33,15.33,13.553,25.0731,4.8791,24.368,25.24,1065.8,Our World in Data / WHO,2026-09-30 02:09:07
3311,LBN,Lebanon,1993,19.6,663,15.33,15.33,14.0898,26.0661,5.0723,24.454,25.336,1065.8,Our World in Data / WHO,2026-09-30 02:09:07
3312,LBN,Lebanon,1994,19.6,663,15.33,15.33,14.6482,27.0992,5.2734,24.544,25.437,1065.8,Our World in Data / WHO,2026-09-30 02:09:07
3313,LBN,Lebanon,1995,19.6,663,15.33,15.33,15.2259,28.1679,5.4813,24.636,25.541,1065.8,Our World in Data / WHO,2026-09-30 02:09:07
3314,LBN,Lebanon,1996,19.6,663,15.33,15.33,15.823,29.2726,5.6963,24.732,25.648,1065.8,Our World in Data / WHO,2026-09-30 02:09:07
3315,LBN,Lebanon,1997,19.6,663,15.33,15.33,16.4429,30.4194,5.9194,24.831,25.76,1065.8,Our World in Data / WHO,2026-09-30 02:09:07
3316,LBN,Lebanon,1998,19.6,663,15.33,15.33,17.0846,31.6065,6.1505,24.934,25.875,1065.8,Our World in Data / WHO,2026-09-30 02:09:07
3317,LBN,Lebanon,1999,19.6,663,15.33,15.33,17.7411,32.821,6.3868,25.039,25.993,1065.8,Our World in Data / WHO,2026-09-30 02:09:07
3318,LBN,Lebanon,2000,19.6,663,15.33,15.33,18.4081,34.055,6.6269,25.145,26.113,1065.8,Our World in Data / WHO,2026-09-30 02:09:07
3319,LBN,Lebanon,2001,19.6,678,15.46,15.46,19.0828,35.3032,6.8698,25.253,26.235,1065.8,Our World in Data / WHO,2026-09-30 02:09:07
3320,LBN,Lebanon,2002,19.6,712,16.02,16.02,19.7598,36.5556,7.1135,25.362,26.357,1065.8,Our World in Data / WHO,2026-09-30 02:09:07
3321,LBN,Lebanon,2003,19.6,748,16.61,16.61,20.4347,37.8042,7.3565,25.47,26.478,1065.8,Our World in Data / WHO,2026-09-30 02:09:07
3322,LBN,Lebanon,2004,19.6,783,17.12,17.12,21.1024,39.0394,7.5969,25.576,26.598,1065.8,Our World in Data / WHO,2026-09-30 02:09:07
3323,LBN,Lebanon,2005,19.6,830,17.87,17.87,21.7525,40.2421,7.8309,25.68,26.715,1065.8,Our World in Data / WHO,2026-09-30 02:09:07
3324,LBN,Lebanon,2006,19.6,866,18.34,18.34,22.3843,41.411,8.0583,25.781,26.829,1065.8,Our World in Data / WHO,2026-09-30 02:09:07
3325,LBN,Lebanon,2007,19.6,919,19.1,19.1,23.0025,42.5546,8.2809,25.88,26.94,1065.8,Our World in Data / WHO,2026-09-30 02:09:07
3326,LBN,Lebanon,2008,19.6,967,19.79,19.79,23.6194,43.6959,8.503,25.979,27.051,1065.8,Our World in Data / WHO,2026-09-30 02:09:07
3327,LBN,Lebanon,2009,19.6,1006,20.31,20.31,24.2363,44.8372,8.7251,26.078,27.163,1065.8,Our World in Data / WHO,2026-09-30 02:09:07
3328,LBN,Lebanon,2010,19.6,1039,20.79,20.79,24.8487,45.9701,8.9455,26.176,27.273,1065.8,Our World in Data / WHO,2026-09-30 02:09:07
3329,LBN,Lebanon,2011,19.6,1099,21.79,21.79,25.4513,47.0849,9.1625,26.272,27.381,1065.8,Our World in Data / WHO,2026-09-30 02:09:07
3330,LBN,Lebanon,2012,19.6,1160,22.4,22.4,26.0481,48.189,9.3773,26.368,27.489,1065.8,Our World in Data / WHO,2026-09-30 02:09:07
3331,LBN,Lebanon,2013,19.6,1311,23.08,23.08,26.6334,49.2718,9.588,26.461,27.594,1065.8,Our World in Data / WHO,2026-09-30 02:09:07
3332,LBN,Lebanon,2014,19.6,1464,23.34,23.34,27.1998,50.3196,9.7919,26.552,27.696,1065.8,Our World in Data / WHO,2026-09-30 02:09:07
3333,LBN,Lebanon,2015,19.6,1530,23.9,23.9,27.8034,51.4363,10.0092,26.649,27.805,1065.8,Our World in Data / WHO,2026-09-30 02:09:07
3334,LBN,Lebanon,2016,19.6,1525,24.36,24.36,28.435,52.6048,10.2366,26.75,27.918,1065.8,Our World in Data / WHO,2026-09-30 02:09:07
3335,LBN,Lebanon,2017,19.6,1537,25.15,25.15,28.9891,53.6298,10.4361,26.838,28.018,1065.8,Our World in Data / WHO,2026-09-30 02:09:07
3336,LBN,Lebanon,2018,19.6,1538,25.85,25.85,29.4525,54.4871,10.6029,26.912,28.101,1065.8,Our World in Data / WHO,2026-09-30 02:09:07
3337,LBN,Lebanon,2019,19.6,1586,27.43,27.43,29.8422,55.2081,10.7432,26.975,28.172,1065.8,Our World in Data / WHO,2026-09-30 02:09:07
3338,LBN,Lebanon,2020,19.6,1704,30.09,30.09,30.1987,55.8676,10.8715,27.032,28.236,1065.8,Our World in Data / WHO,2026-09-30 02:09:07
3339,LBN,Lebanon,2021,19.6,1661,29.7,29.7,30.5194,56.4609,10.987,27.083,28.293,1065.8,Our World in Data / WHO,2026-09-30 02:09:07
3340,LBN,Lebanon,2022,19.6,1661,29.7,29.7,30.8255,57.0272,11.0972,27.132,28.349,1065.8,Our World in Data / WHO,2026-09-30 02:09:07
3341,LBR,Liberia,1990,3.3,357,12.34,12.34,1.5477,6.0,0.5572,22.448,23.079,283.4,Our World in Data / WHO,2026-09-30 02:09:07
3342,LBR,Liberia,1991,3.3,357,12.34,12.34,1.6645,6.0,0.5992,22.466,23.1,283.4,Our World in Data / WHO,2026-09-30 02:09:07
3343,LBR,Liberia,1992,3.3,357,12.34,12.34,1.7872,6.0,0.6434,22.486,23.122,283.4,Our World in Data / WHO,2026-09-30 02:09:07
3344,LBR,Liberia,1993,3.3,357,12.34,12.34,1.9215,6.0,0.6917,22.507,23.146,283.4,Our World in Data / WHO,2026-09-30 02:09:07
3345,LBR,Liberia,1994,3.3,357,12.34,12.34,2.0687,6.0,0.7447,22.531,23.172,283.4,Our World in Data / WHO,2026-09-30 02:09:07
3346,LBR,Liberia,1995,3.3,357,12.34,12.34,2.2307,6.0,0.8031,22.557,23.202,283.4,Our World in Data / WHO,2026-09-30 02:09:07
3347,LBR,Liberia,1996,3.3,357,12.34,12.34,2.4096,6.0,0.8675,22.586,23.234,283.4,Our World in Data / WHO,2026-09-30 02:09:07
3348,LBR,Liberia,1997,3.3,357,12.34,12.34,2.6075,6.0,0.9387,22.617,23.269,283.4,Our World in Data / WHO,2026-09-30 02:09:07
3349,LBR,Liberia,1998,3.3,357,12.34,12.34,2.8272,6.0,1.0178,22.652,23.309,283.4,Our World in Data / WHO,2026-09-30 02:09:07
3350,LBR,Liberia,1999,3.3,357,12.34,12.34,3.0694,6.0,1.105,22.691,23.352,283.4,Our World in Data / WHO,2026-09-30 02:09:07
3351,LBR,Liberia,2000,3.3,357,12.34,12.34,3.3327,6.1655,1.1998,22.733,23.4,283.4,Our World in Data / WHO,2026-09-30 02:09:07
3352,LBR,Liberia,2001,3.3,367,12.32,12.32,3.6161,6.6898,1.3018,22.779,23.451,283.4,Our World in Data / WHO,2026-09-30 02:09:07
3353,LBR,Liberia,2002,3.3,406,13.28,13.28,3.9182,7.2487,1.4106,22.827,23.505,283.4,Our World in Data / WHO,2026-09-30 02:09:07
3354,LBR,Liberia,2003,3.3,388,12.59,12.59,4.2386,7.8414,1.5259,22.878,23.563,283.4,Our World in Data / WHO,2026-09-30 02:09:07
3355,LBR,Liberia,2004,3.3,428,13.71,13.71,4.5739,8.4617,1.6466,22.932,23.623,283.4,Our World in Data / WHO,2026-09-30 02:09:07
3356,LBR,Liberia,2005,3.3,431,13.19,13.19,4.9222,9.1061,1.772,22.988,23.686,283.4,Our World in Data / WHO,2026-09-30 02:09:07
3357,LBR,Liberia,2006,3.3,471,13.63,13.63,5.2815,9.7708,1.9013,23.045,23.751,283.4,Our World in Data / WHO,2026-09-30 02:09:07
3358,LBR,Liberia,2007,3.3,500,13.76,13.76,5.6493,10.4512,2.0337,23.104,23.817,283.4,Our World in Data / WHO,2026-09-30 02:09:07
3359,LBR,Liberia,2008,3.3,536,14.16,14.16,6.0207,11.1383,2.1675,23.163,23.884,283.4,Our World in Data / WHO,2026-09-30 02:09:07
3360,LBR,Liberia,2009,3.3,585,14.98,14.98,6.3959,11.8324,2.3025,23.223,23.951,283.4,Our World in Data / WHO,2026-09-30 02:09:07
3361,LBR,Liberia,2010,3.3,631,15.7,15.7,6.7801,12.5432,2.4408,23.285,24.02,283.4,Our World in Data / WHO,2026-09-30 02:09:07
3362,LBR,Liberia,2011,3.3,686,16.42,16.42,7.1619,13.2495,2.5783,23.346,24.089,283.4,Our World in Data / WHO,2026-09-30 02:09:07
3363,LBR,Liberia,2012,3.3,696,16.06,16.06,7.5711,14.0065,2.7256,23.411,24.163,283.4,Our World in Data / WHO,2026-09-30 02:09:07
3364,LBR,Liberia,2013,3.3,689,15.56,15.56,8.0349,14.8646,2.8926,23.486,24.246,283.4,Our World in Data / WHO,2026-09-30 02:09:07
3365,LBR,Liberia,2014,3.3,669,14.8,14.8,8.5468,15.8116,3.0768,23.567,24.338,283.4,Our World in Data / WHO,2026-09-30 02:09:07
3366,LBR,Liberia,2015,3.3,703,15.25,15.25,9.1106,16.8546,3.2798,23.658,24.44,283.4,Our World in Data / WHO,2026-09-30 02:09:07
3367,LBR,Liberia,2016,3.3,723,15.37,15.37,9.7309,18.0022,3.5031,23.757,24.552,283.4,Our World in Data / WHO,2026-09-30 02:09:07
3368,LBR,Liberia,2017,3.3,745,15.54,15.54,10.4094,19.2574,3.7474,23.866,24.674,283.4,Our World in Data / WHO,2026-09-30 02:09:07
3369,LBR,Liberia,2018,3.3,752,15.38,15.38,11.1438,20.616,4.0118,23.983,24.806,283.4,Our World in Data / WHO,2026-09-30 02:09:07
3370,LBR,Liberia,2019,3.3,775,15.55,15.55,11.9369,22.0833,4.2973,24.11,24.949,283.4,Our World in Data / WHO,2026-09-30 02:09:07
3371,LBR,Liberia,2020,3.3,825,16.21,16.21,12.7895,23.6606,4.6042,24.246,25.102,283.4,Our World in Data / WHO,2026-09-30 02:09:07
3372,LBR,Liberia,2021,3.3,819,15.77,15.77,13.6974,25.3402,4.9311,24.392,25.266,283.4,Our World in Data / WHO,2026-09-30 02:09:07
3373,LBR,Liberia,2022,3.3,819,15.77,15.77,14.6567,27.1149,5.2764,24.545,25.438,283.4,Our World in Data / WHO,2026-09-30 02:09:07
3374,LBY,Libya,1990,13.8,379,7.36,7.36,15.6106,28.8796,5.6198,24.698,25.61,787.4,Our World in Data / WHO,2026-09-30 02:09:07
3375,LBY,Libya,1991,13.8,379,7.36,7.36,16.1014,29.7876,5.7965,24.776,25.698,787.4,Our World in Data / WHO,2026-09-30 02:09:07
3376,LBY,Libya,1992,13.8,379,7.36,7.36,16.6016,30.713,5.9766,24.856,25.788,787.4,Our World in Data / WHO,2026-09-30 02:09:07
3377,LBY,Libya,1993,13.8,379,7.36,7.36,17.1121,31.6574,6.1604,24.938,25.88,787.4,Our World in Data / WHO,2026-09-30 02:09:07
3378,LBY,Libya,1994,13.8,379,7.36,7.36,17.6399,32.6338,6.3504,25.022,25.975,787.4,Our World in Data / WHO,2026-09-30 02:09:07
3379,LBY,Libya,1995,13.8,379,7.36,7.36,18.1895,33.6506,6.5482,25.11,26.074,787.4,Our World in Data / WHO,2026-09-30 02:09:07
3380,LBY,Libya,1996,13.8,379,7.36,7.36,18.761,34.7078,6.754,25.202,26.177,787.4,Our World in Data / WHO,2026-09-30 02:09:07
3381,LBY,Libya,1997,13.8,379,7.36,7.36,19.3566,35.8097,6.9684,25.297,26.284,787.4,Our World in Data / WHO,2026-09-30 02:09:07
3382,LBY,Libya,1998,13.8,379,7.36,7.36,19.9743,36.9525,7.1907,25.396,26.395,787.4,Our World in Data / WHO,2026-09-30 02:09:07
3383,LBY,Libya,1999,13.8,379,7.36,7.36,20.618,38.1433,7.4225,25.499,26.511,787.4,Our World in Data / WHO,2026-09-30 02:09:07
3384,LBY,Libya,2000,13.8,379,7.36,7.36,21.2505,39.3134,7.6502,25.6,26.625,787.4,Our World in Data / WHO,2026-09-30 02:09:07
3385,LBY,Libya,2001,13.8,416,7.89,7.89,21.8743,40.4675,7.8747,25.7,26.737,787.4,Our World in Data / WHO,2026-09-30 02:09:07
3386,LBY,Libya,2002,13.8,452,8.36,8.36,22.5124,41.6479,8.1045,25.802,26.852,787.4,Our World in Data / WHO,2026-09-30 02:09:07
3387,LBY,Libya,2003,13.8,485,8.76,8.76,23.1397,42.8084,8.3303,25.902,26.965,787.4,Our World in Data / WHO,2026-09-30 02:09:07
3388,LBY,Libya,2004,13.8,496,8.73,8.73,23.7671,43.9691,8.5562,26.003,27.078,787.4,Our World in Data / WHO,2026-09-30 02:09:07
3389,LBY,Libya,2005,13.8,529,9.06,9.06,24.3905,45.1224,8.7806,26.102,27.19,787.4,Our World in Data / WHO,2026-09-30 02:09:07
3390,LBY,Libya,2006,13.8,528,8.83,8.83,25.034,46.3129,9.0122,26.205,27.306,787.4,Our World in Data / WHO,2026-09-30 02:09:07
3391,LBY,Libya,2007,13.8,582,9.55,9.55,25.6972,47.5398,9.251,26.312,27.425,787.4,Our World in Data / WHO,2026-09-30 02:09:07
3392,LBY,Libya,2008,13.8,643,10.32,10.32,26.3562,48.759,9.4882,26.417,27.544,787.4,Our World in Data / WHO,2026-09-30 02:09:07
3393,LBY,Libya,2009,13.8,696,10.94,10.94,27.0157,49.979,9.7257,26.523,27.663,787.4,Our World in Data / WHO,2026-09-30 02:09:07
3394,LBY,Libya,2010,13.8,735,11.32,11.32,27.675,51.1988,9.963,26.628,27.782,787.4,Our World in Data / WHO,2026-09-30 02:09:07
3395,LBY,Libya,2011,13.8,798,12.89,12.89,28.5461,52.8103,10.2766,26.767,27.938,787.4,Our World in Data / WHO,2026-09-30 02:09:07
3396,LBY,Libya,2012,13.8,756,12.88,12.88,29.4262,54.4385,10.5934,26.908,28.097,787.4,Our World in Data / WHO,2026-09-30 02:09:07
3397,LBY,Libya,2013,13.8,750,12.52,12.52,29.983,55.4686,10.7939,26.997,28.197,787.4,Our World in Data / WHO,2026-09-30 02:09:07
3398,LBY,Libya,2014,13.8,841,13.79,13.79,30.5137,56.4503,10.9849,27.082,28.292,787.4,Our World in Data / WHO,2026-09-30 02:09:07
3399,LBY,Libya,2015,13.8,884,14.28,14.28,31.0358,57.4162,11.1729,27.166,28.386,787.4,Our World in Data / WHO,2026-09-30 02:09:07
3400,LBY,Libya,2016,13.8,935,14.89,14.89,31.5306,58.3316,11.351,27.245,28.476,787.4,Our World in Data / WHO,2026-09-30 02:09:07
3401,LBY,Libya,2017,13.8,998,15.64,15.64,31.9396,59.0883,11.4983,27.31,28.549,787.4,Our World in Data / WHO,2026-09-30 02:09:07
3402,LBY,Libya,2018,13.8,1043,16.11,16.11,32.2623,59.6853,11.6144,27.362,28.607,787.4,Our World in Data / WHO,2026-09-30 02:09:07
3403,LBY,Libya,2019,13.8,1058,16.11,16.11,32.5395,60.1981,11.7142,27.406,28.657,787.4,Our World in Data / WHO,2026-09-30 02:09:07
3404,LBY,Libya,2020,13.8,1081,16.25,16.25,32.7854,60.653,11.8027,27.446,28.701,787.4,Our World in Data / WHO,2026-09-30 02:09:07
3405,LBY,Libya,2021,13.8,1050,15.6,15.6,32.9956,61.0419,11.8784,27.479,28.739,787.4,Our World in Data / WHO,2026-09-30 02:09:07
3406,LBY,Libya,2022,13.8,1050,15.6,15.6,33.1859,61.3939,11.9469,27.51,28.773,787.4,Our World in Data / WHO,2026-09-30 02:09:07
3407,LCA,Saint Lucia,1990,8.4,106,66.45,66.45,9.4452,17.4736,3.4003,23.711,24.5,528.2,Our World in Data / WHO,2026-09-30 02:09:07
3408,LCA,Saint Lucia,1991,8.4,106,66.45,66.45,10.0253,18.5468,3.6091,23.804,24.605,528.2,Our World in Data / WHO,2026-09-30 02:09:07
3409,LCA,Saint Lucia,1992,8.4,106,66.45,66.45,10.5815,19.5758,3.8093,23.893,24.705,528.2,Our World in Data / WHO,2026-09-30 02:09:07
3410,LCA,Saint Lucia,1993,8.4,106,66.45,66.45,11.1679,20.6606,4.0204,23.987,24.81,528.2,Our World in Data / WHO,2026-09-30 02:09:07
3411,LCA,Saint Lucia,1994,8.4,106,66.45,66.45,11.7831,21.7987,4.2419,24.085,24.921,528.2,Our World in Data / WHO,2026-09-30 02:09:07
3412,LCA,Saint Lucia,1995,8.4,106,66.45,66.45,12.4313,22.9979,4.4753,24.189,25.038,528.2,Our World in Data / WHO,2026-09-30 02:09:07
3413,LCA,Saint Lucia,1996,8.4,106,66.45,66.45,13.122,24.2757,4.7239,24.3,25.162,528.2,Our World in Data / WHO,2026-09-30 02:09:07
3414,LCA,Saint Lucia,1997,8.4,106,66.45,66.45,13.8537,25.6293,4.9873,24.417,25.294,528.2,Our World in Data / WHO,2026-09-30 02:09:07
3415,LCA,Saint Lucia,1998,8.4,106,66.45,66.45,14.6654,27.131,5.2795,24.546,25.44,528.2,Our World in Data / WHO,2026-09-30 02:09:07
3416,LCA,Saint Lucia,1999,8.4,106,66.45,66.45,15.5449,28.7581,5.5962,24.687,25.598,528.2,Our World in Data / WHO,2026-09-30 02:09:07
3417,LCA,Saint Lucia,2000,8.4,106,66.45,66.45,16.4293,30.3942,5.9145,24.829,25.757,528.2,Our World in Data / WHO,2026-09-30 02:09:07
3418,LCA,Saint Lucia,2001,8.4,110,68.5,68.5,17.2585,31.9282,6.2131,24.961,25.907,528.2,Our World in Data / WHO,2026-09-30 02:09:07
3419,LCA,Saint Lucia,2002,8.4,109,67.65,67.65,18.0308,33.357,6.4911,25.085,26.046,528.2,Our World in Data / WHO,2026-09-30 02:09:07
3420,LCA,Saint Lucia,2003,8.4,110,67.71,67.71,18.8055,34.7902,6.77,25.209,26.185,528.2,Our World in Data / WHO,2026-09-30 02:09:07
3421,LCA,Saint Lucia,2004,8.4,111,67.7,67.7,19.5844,36.2311,7.0504,25.334,26.325,528.2,Our World in Data / WHO,2026-09-30 02:09:07
3422,LCA,Saint Lucia,2005,8.4,105,63.26,63.26,20.3711,37.6865,7.3336,25.459,26.467,528.2,Our World in Data / WHO,2026-09-30 02:09:07
3423,LCA,Saint Lucia,2006,8.4,103,62.14,62.14,21.1583,39.1429,7.617,25.585,26.608,528.2,Our World in Data / WHO,2026-09-30 02:09:07
3424,LCA,Saint Lucia,2007,8.4,96,57.39,57.39,22.0055,40.7102,7.922,25.721,26.761,528.2,Our World in Data / WHO,2026-09-30 02:09:07
3425,LCA,Saint Lucia,2008,8.4,95,56.35,56.35,22.906,42.3761,8.2462,25.865,26.923,528.2,Our World in Data / WHO,2026-09-30 02:09:07
3426,LCA,Saint Lucia,2009,8.4,95,55.9,55.9,23.7846,44.0015,8.5625,26.006,27.081,528.2,Our World in Data / WHO,2026-09-30 02:09:07
3427,LCA,Saint Lucia,2010,8.4,96,56.3,56.3,24.5892,45.49,8.8521,26.134,27.226,528.2,Our World in Data / WHO,2026-09-30 02:09:07
3428,LCA,Saint Lucia,2011,8.4,97,56.06,56.06,25.3277,46.8562,9.118,26.252,27.359,528.2,Our World in Data / WHO,2026-09-30 02:09:07
3429,LCA,Saint Lucia,2012,8.4,90,52.09,52.09,26.0562,48.204,9.3802,26.369,27.49,528.2,Our World in Data / WHO,2026-09-30 02:09:07
3430,LCA,Saint Lucia,2013,8.4,88,50.52,50.52,26.7767,49.5369,9.6396,26.484,27.62,528.2,Our World in Data / WHO,2026-09-30 02:09:07
3431,LCA,Saint Lucia,2014,8.4,93,53.07,53.07,27.505,50.8842,9.9018,26.601,27.751,528.2,Our World in Data / WHO,2026-09-30 02:09:07
3432,LCA,Saint Lucia,2015,8.4,93,52.99,52.99,28.2503,52.2631,10.1701,26.72,27.885,528.2,Our World in Data / WHO,2026-09-30 02:09:07
3433,LCA,Saint Lucia,2016,8.4,97,55.02,55.02,29.0105,53.6694,10.4438,26.842,28.022,528.2,Our World in Data / WHO,2026-09-30 02:09:07
3434,LCA,Saint Lucia,2017,8.4,99,56.12,56.12,29.7744,55.0826,10.7188,26.964,28.159,528.2,Our World in Data / WHO,2026-09-30 02:09:07
3435,LCA,Saint Lucia,2018,8.4,102,57.21,57.21,30.5351,56.4899,10.9926,27.086,28.296,528.2,Our World in Data / WHO,2026-09-30 02:09:07
3436,LCA,Saint Lucia,2019,8.4,105,58.64,58.64,31.3025,57.9096,11.2689,27.208,28.434,528.2,Our World in Data / WHO,2026-09-30 02:09:07
3437,LCA,Saint Lucia,2020,8.4,110,61.48,61.48,32.0903,59.3671,11.5525,27.334,28.576,528.2,Our World in Data / WHO,2026-09-30 02:09:07
3438,LCA,Saint Lucia,2021,8.4,113,62.98,62.98,32.9048,60.8739,11.8457,27.465,28.723,528.2,Our World in Data / WHO,2026-09-30 02:09:07
3439,LCA,Saint Lucia,2022,8.4,113,62.98,62.98,33.7218,62.3853,12.1398,27.595,28.87,528.2,Our World in Data / WHO,2026-09-30 02:09:07
3440,LIE,Liechtenstein,2011,4.7,1327,17.295,17.295,18.8889,34.9445,6.8,25.222,26.2,350.6,Our World in Data / WHO,2026-09-30 02:09:07
3441,LKA,Sri Lanka,1990,7.5,5987,31.89,31.89,1.0219,6.0,0.3679,22.364,22.984,485.0,Our World in Data / WHO,2026-09-30 02:09:07
3442,LKA,Sri Lanka,1991,7.5,5987,31.89,31.89,1.1106,6.0,0.3998,22.378,23.0,485.0,Our World in Data / WHO,2026-09-30 02:09:07
3443,LKA,Sri Lanka,1992,7.5,5987,31.89,31.89,1.2061,6.0,0.4342,22.393,23.017,485.0,Our World in Data / WHO,2026-09-30 02:09:07
3444,LKA,Sri Lanka,1993,7.5,5987,31.89,31.89,1.3101,6.0,0.4716,22.41,23.036,485.0,Our World in Data / WHO,2026-09-30 02:09:07
3445,LKA,Sri Lanka,1994,7.5,5987,31.89,31.89,1.4235,6.0,0.5125,22.428,23.056,485.0,Our World in Data / WHO,2026-09-30 02:09:07
3446,LKA,Sri Lanka,1995,7.5,5987,31.89,31.89,1.551,6.0,0.5584,22.448,23.079,485.0,Our World in Data / WHO,2026-09-30 02:09:07
3447,LKA,Sri Lanka,1996,7.5,5987,31.89,31.89,1.6939,6.0,0.6098,22.471,23.105,485.0,Our World in Data / WHO,2026-09-30 02:09:07
3448,LKA,Sri Lanka,1997,7.5,5987,31.89,31.89,1.8494,6.0,0.6658,22.496,23.133,485.0,Our World in Data / WHO,2026-09-30 02:09:07
3449,LKA,Sri Lanka,1998,7.5,5987,31.89,31.89,2.0192,6.0,0.7269,22.523,23.163,485.0,Our World in Data / WHO,2026-09-30 02:09:07
3450,LKA,Sri Lanka,1999,7.5,5987,31.89,31.89,2.2038,6.0,0.7934,22.553,23.197,485.0,Our World in Data / WHO,2026-09-30 02:09:07
3451,LKA,Sri Lanka,2000,7.5,5987,31.89,31.89,2.4025,6.0,0.8649,22.584,23.232,485.0,Our World in Data / WHO,2026-09-30 02:09:07
3452,LKA,Sri Lanka,2001,7.5,5885,31.11,31.11,2.6132,6.0,0.9408,22.618,23.27,485.0,Our World in Data / WHO,2026-09-30 02:09:07
3453,LKA,Sri Lanka,2002,7.5,6142,32.14,32.14,2.8353,6.0,1.0207,22.654,23.31,485.0,Our World in Data / WHO,2026-09-30 02:09:07
3454,LKA,Sri Lanka,2003,7.5,6631,34.35,34.35,3.0717,6.0,1.1058,22.691,23.353,485.0,Our World in Data / WHO,2026-09-30 02:09:07
3455,LKA,Sri Lanka,2004,7.5,6895,35.38,35.38,3.3242,6.1498,1.1967,22.732,23.398,485.0,Our World in Data / WHO,2026-09-30 02:09:07
3456,LKA,Sri Lanka,2005,7.5,7633,38.8,38.8,3.5927,6.6465,1.2934,22.775,23.447,485.0,Our World in Data / WHO,2026-09-30 02:09:07
3457,LKA,Sri Lanka,2006,7.5,8192,41.23,41.23,3.8773,7.173,1.3958,22.82,23.498,485.0,Our World in Data / WHO,2026-09-30 02:09:07
3458,LKA,Sri Lanka,2007,7.5,8453,42.1,42.1,4.1788,7.7308,1.5044,22.869,23.552,485.0,Our World in Data / WHO,2026-09-30 02:09:07
3459,LKA,Sri Lanka,2008,7.5,8938,44.06,44.06,4.4953,8.3163,1.6183,22.919,23.609,485.0,Our World in Data / WHO,2026-09-30 02:09:07
3460,LKA,Sri Lanka,2009,7.5,9233,45.08,45.08,4.8257,8.9275,1.7373,22.972,23.669,485.0,Our World in Data / WHO,2026-09-30 02:09:07
3461,LKA,Sri Lanka,2010,7.5,9231,44.66,44.66,5.1674,9.5597,1.8603,23.027,23.73,485.0,Our World in Data / WHO,2026-09-30 02:09:07
3462,LKA,Sri Lanka,2011,7.5,9721,46.6,46.6,5.5196,10.2113,1.9871,23.083,23.794,485.0,Our World in Data / WHO,2026-09-30 02:09:07
3463,LKA,Sri Lanka,2012,7.5,9862,46.92,46.92,5.8837,10.8848,2.1181,23.141,23.859,485.0,Our World in Data / WHO,2026-09-30 02:09:07
3464,LKA,Sri Lanka,2013,7.5,10347,48.96,48.96,6.2622,11.5851,2.2544,23.202,23.927,485.0,Our World in Data / WHO,2026-09-30 02:09:07
3465,LKA,Sri Lanka,2014,7.5,10582,49.82,49.82,6.6571,12.3156,2.3966,23.265,23.998,485.0,Our World in Data / WHO,2026-09-30 02:09:07
3466,LKA,Sri Lanka,2015,7.5,10768,50.47,50.47,7.0699,13.0793,2.5452,23.331,24.073,485.0,Our World in Data / WHO,2026-09-30 02:09:07
3467,LKA,Sri Lanka,2016,7.5,10699,49.93,49.93,7.4985,13.8722,2.6995,23.4,24.15,485.0,Our World in Data / WHO,2026-09-30 02:09:07
3468,LKA,Sri Lanka,2017,7.5,10970,51.01,51.01,7.9371,14.6836,2.8574,23.47,24.229,485.0,Our World in Data / WHO,2026-09-30 02:09:07
3469,LKA,Sri Lanka,2018,7.5,11220,51.99,51.99,8.3812,15.5052,3.0172,23.541,24.309,485.0,Our World in Data / WHO,2026-09-30 02:09:07
3470,LKA,Sri Lanka,2019,7.5,11318,52.28,52.28,8.829,16.3337,3.1784,23.613,24.389,485.0,Our World in Data / WHO,2026-09-30 02:09:07
3471,LKA,Sri Lanka,2020,7.5,8769,40.38,40.38,9.2816,17.171,3.3414,23.685,24.471,485.0,Our World in Data / WHO,2026-09-30 02:09:07
3472,LKA,Sri Lanka,2021,7.5,10916,50.14,50.14,9.7427,18.024,3.5074,23.759,24.554,485.0,Our World in Data / WHO,2026-09-30 02:09:07
3473,LKA,Sri Lanka,2022,7.5,10916,50.14,50.14,10.2134,18.8948,3.6768,23.834,24.638,485.0,Our World in Data / WHO,2026-09-30 02:09:07
3474,LSO,Lesotho,1990,3.4,596,29.84,29.84,7.2529,13.4179,2.611,23.36,24.106,288.2,Our World in Data / WHO,2026-09-30 02:09:07
3475,LSO,Lesotho,1991,3.4,596,29.84,29.84,7.4592,13.7995,2.6853,23.393,24.143,288.2,Our World in Data / WHO,2026-09-30 02:09:07
3476,LSO,Lesotho,1992,3.4,596,29.84,29.84,7.6736,14.1962,2.7625,23.428,24.181,288.2,Our World in Data / WHO,2026-09-30 02:09:07
3477,LSO,Lesotho,1993,3.4,596,29.84,29.84,7.8949,14.6056,2.8422,23.463,24.221,288.2,Our World in Data / WHO,2026-09-30 02:09:07
3478,LSO,Lesotho,1994,3.4,596,29.84,29.84,8.1245,15.0303,2.9248,23.5,24.262,288.2,Our World in Data / WHO,2026-09-30 02:09:07
3479,LSO,Lesotho,1995,3.4,596,29.84,29.84,8.3638,15.473,3.011,23.538,24.305,288.2,Our World in Data / WHO,2026-09-30 02:09:07
3480,LSO,Lesotho,1996,3.4,596,29.84,29.84,8.616,15.9396,3.1018,23.579,24.351,288.2,Our World in Data / WHO,2026-09-30 02:09:07
3481,LSO,Lesotho,1997,3.4,596,29.84,29.84,8.8941,16.4541,3.2019,23.623,24.401,288.2,Our World in Data / WHO,2026-09-30 02:09:07
3482,LSO,Lesotho,1998,3.4,596,29.84,29.84,9.1959,17.0124,3.3105,23.671,24.455,288.2,Our World in Data / WHO,2026-09-30 02:09:07
3483,LSO,Lesotho,1999,3.4,596,29.84,29.84,9.5103,17.5941,3.4237,23.722,24.512,288.2,Our World in Data / WHO,2026-09-30 02:09:07
3484,LSO,Lesotho,2000,3.4,596,29.84,29.84,9.8329,18.1909,3.5398,23.773,24.57,288.2,Our World in Data / WHO,2026-09-30 02:09:07
3485,LSO,Lesotho,2001,3.4,524,26.21,26.21,10.1613,18.7984,3.6581,23.826,24.629,288.2,Our World in Data / WHO,2026-09-30 02:09:07
3486,LSO,Lesotho,2002,3.4,580,29.06,29.06,10.4946,19.415,3.7781,23.879,24.689,288.2,Our World in Data / WHO,2026-09-30 02:09:07
3487,LSO,Lesotho,2003,3.4,659,33.09,33.09,10.832,20.0392,3.8995,23.933,24.75,288.2,Our World in Data / WHO,2026-09-30 02:09:07
3488,LSO,Lesotho,2004,3.4,667,33.6,33.6,11.1707,20.6658,4.0215,23.987,24.811,288.2,Our World in Data / WHO,2026-09-30 02:09:07
3489,LSO,Lesotho,2005,3.4,750,37.95,37.95,11.5073,21.2885,4.1426,24.041,24.871,288.2,Our World in Data / WHO,2026-09-30 02:09:07
3490,LSO,Lesotho,2006,3.4,816,41.26,41.26,11.8134,21.8548,4.2528,24.09,24.926,288.2,Our World in Data / WHO,2026-09-30 02:09:07
3491,LSO,Lesotho,2007,3.4,861,43.41,43.41,12.1007,22.3863,4.3563,24.136,24.978,288.2,Our World in Data / WHO,2026-09-30 02:09:07
3492,LSO,Lesotho,2008,3.4,811,40.63,40.63,12.4046,22.9485,4.4657,24.185,25.033,288.2,Our World in Data / WHO,2026-09-30 02:09:07
3493,LSO,Lesotho,2009,3.4,802,39.92,39.92,12.7241,23.5396,4.5807,24.236,25.09,288.2,Our World in Data / WHO,2026-09-30 02:09:07
3494,LSO,Lesotho,2010,3.4,999,49.41,49.41,13.067,24.174,4.7041,24.291,25.152,288.2,Our World in Data / WHO,2026-09-30 02:09:07
3495,LSO,Lesotho,2011,3.4,1040,51.06,51.06,13.4461,24.8753,4.8406,24.351,25.22,288.2,Our World in Data / WHO,2026-09-30 02:09:07
3496,LSO,Lesotho,2012,3.4,934,45.45,45.45,13.8658,25.6517,4.9917,24.419,25.296,288.2,Our World in Data / WHO,2026-09-30 02:09:07
3497,LSO,Lesotho,2013,3.4,1021,49.22,49.22,14.3166,26.4857,5.154,24.491,25.377,288.2,Our World in Data / WHO,2026-09-30 02:09:07
3498,LSO,Lesotho,2014,3.4,1156,55.19,55.19,14.7894,27.3604,5.3242,24.566,25.462,288.2,Our World in Data / WHO,2026-09-30 02:09:07
3499,LSO,Lesotho,2015,3.4,1238,58.44,58.44,15.2847,28.2767,5.5025,24.646,25.551,288.2,Our World in Data / WHO,2026-09-30 02:09:07
3500,LSO,Lesotho,2016,3.4,1267,59.11,59.11,15.8042,29.2378,5.6895,24.729,25.645,288.2,Our World in Data / WHO,2026-09-30 02:09:07
3501,LSO,Lesotho,2017,3.4,1260,58.07,58.07,16.3519,30.251,5.8867,24.816,25.743,288.2,Our World in Data / WHO,2026-09-30 02:09:07
3502,LSO,Lesotho,2018,3.4,1293,58.82,58.82,16.9132,31.2894,6.0888,24.906,25.844,288.2,Our World in Data / WHO,2026-09-30 02:09:07
3503,LSO,Lesotho,2019,3.4,1327,59.64,59.64,17.4689,32.3175,6.2888,24.995,25.944,288.2,Our World in Data / WHO,2026-09-30 02:09:07
3504,LSO,Lesotho,2020,3.4,1388,61.56,61.56,18.008,33.3148,6.4829,25.081,26.041,288.2,Our World in Data / WHO,2026-09-30 02:09:07
3505,LSO,Lesotho,2021,3.4,1350,59.19,59.19,18.5381,34.2955,6.6737,25.166,26.137,288.2,Our World in Data / WHO,2026-09-30 02:09:07
3506,LSO,Lesotho,2022,3.4,1350,59.19,59.19,19.0908,35.318,6.8727,25.255,26.236,288.2,Our World in Data / WHO,2026-09-30 02:09:07
3507,LTU,Lithuania,1990,7.8,215,5.99,5.99,21.4472,39.6773,7.721,25.632,26.66,499.4,Our World in Data / WHO,2026-09-30 02:09:07
3508,LTU,Lithuania,1991,7.8,215,5.99,5.99,21.3652,39.5256,7.6915,25.618,26.646,499.4,Our World in Data / WHO,2026-09-30 02:09:07
3509,LTU,Lithuania,1992,7.8,215,5.99,5.99,21.3229,39.4474,7.6762,25.612,26.638,499.4,Our World in Data / WHO,2026-09-30 02:09:07
3510,LTU,Lithuania,1993,7.8,215,5.99,5.99,21.3156,39.4339,7.6736,25.61,26.637,499.4,Our World in Data / WHO,2026-09-30 02:09:07
3511,LTU,Lithuania,1994,7.8,215,5.99,5.99,21.3362,39.472,7.681,25.614,26.641,499.4,Our World in Data / WHO,2026-09-30 02:09:07
3512,LTU,Lithuania,1995,7.8,215,5.99,5.99,21.3979,39.5861,7.7032,25.624,26.652,499.4,Our World in Data / WHO,2026-09-30 02:09:07
3513,LTU,Lithuania,1996,7.8,215,5.99,5.99,21.5089,39.7915,7.7432,25.641,26.672,499.4,Our World in Data / WHO,2026-09-30 02:09:07
3514,LTU,Lithuania,1997,7.8,215,5.99,5.99,21.663,40.0766,7.7987,25.666,26.699,499.4,Our World in Data / WHO,2026-09-30 02:09:07
3515,LTU,Lithuania,1998,7.8,215,5.99,5.99,21.8548,40.4314,7.8677,25.697,26.734,499.4,Our World in Data / WHO,2026-09-30 02:09:07
3516,LTU,Lithuania,1999,7.8,215,5.99,5.99,22.0761,40.8408,7.9474,25.732,26.774,499.4,Our World in Data / WHO,2026-09-30 02:09:07
3517,LTU,Lithuania,2000,7.8,215,5.99,5.99,22.32,41.292,8.0352,25.771,26.818,499.4,Our World in Data / WHO,2026-09-30 02:09:07
3518,LTU,Lithuania,2001,7.8,235,6.61,6.61,22.5919,41.795,8.1331,25.815,26.867,499.4,Our World in Data / WHO,2026-09-30 02:09:07
3519,LTU,Lithuania,2002,7.8,262,7.45,7.45,22.8679,42.3056,8.2324,25.859,26.916,499.4,Our World in Data / WHO,2026-09-30 02:09:07
3520,LTU,Lithuania,2003,7.8,229,6.6,6.6,23.1442,42.8168,8.3319,25.903,26.966,499.4,Our World in Data / WHO,2026-09-30 02:09:07
3521,LTU,Lithuania,2004,7.8,266,7.78,7.78,23.4368,43.3581,8.4372,25.95,27.019,499.4,Our World in Data / WHO,2026-09-30 02:09:07
3522,LTU,Lithuania,2005,7.8,295,8.75,8.75,23.765,43.9653,8.5554,26.002,27.078,499.4,Our World in Data / WHO,2026-09-30 02:09:07
3523,LTU,Lithuania,2006,7.8,286,8.6,8.6,24.0973,44.58,8.675,26.056,27.138,499.4,Our World in Data / WHO,2026-09-30 02:09:07
3524,LTU,Lithuania,2007,7.8,260,7.94,7.94,24.3814,45.1056,8.7773,26.101,27.189,499.4,Our World in Data / WHO,2026-09-30 02:09:07
3525,LTU,Lithuania,2008,7.8,244,7.55,7.55,24.631,45.5674,8.8672,26.141,27.234,499.4,Our World in Data / WHO,2026-09-30 02:09:07
3526,LTU,Lithuania,2009,7.8,261,8.22,8.22,24.8716,46.0125,8.9538,26.179,27.277,499.4,Our World in Data / WHO,2026-09-30 02:09:07
3527,LTU,Lithuania,2010,7.8,240,7.63,7.63,25.2026,46.6248,9.0729,26.232,27.336,499.4,Our World in Data / WHO,2026-09-30 02:09:07
3528,LTU,Lithuania,2011,7.8,240,7.74,7.74,25.5508,47.269,9.1983,26.288,27.399,499.4,Our World in Data / WHO,2026-09-30 02:09:07
3529,LTU,Lithuania,2012,7.8,283,9.23,9.23,25.7976,47.7256,9.2871,26.328,27.444,499.4,Our World in Data / WHO,2026-09-30 02:09:07
3530,LTU,Lithuania,2013,7.8,266,8.79,8.79,25.9838,48.07,9.3542,26.357,27.477,499.4,Our World in Data / WHO,2026-09-30 02:09:07
3531,LTU,Lithuania,2014,7.8,247,8.23,8.23,26.1328,48.3457,9.4078,26.381,27.504,499.4,Our World in Data / WHO,2026-09-30 02:09:07
3532,LTU,Lithuania,2015,7.8,285,9.61,9.61,26.2806,48.6191,9.461,26.405,27.531,499.4,Our World in Data / WHO,2026-09-30 02:09:07
3533,LTU,Lithuania,2016,7.8,278,9.49,9.49,26.4464,48.9258,9.5207,26.431,27.56,499.4,Our World in Data / WHO,2026-09-30 02:09:07
3534,LTU,Lithuania,2017,7.8,391,13.46,13.46,26.6205,49.2479,9.5834,26.459,27.592,499.4,Our World in Data / WHO,2026-09-30 02:09:07
3535,LTU,Lithuania,2018,7.8,500,17.37,17.37,26.7334,49.4568,9.624,26.477,27.612,499.4,Our World in Data / WHO,2026-09-30 02:09:07
3536,LTU,Lithuania,2019,7.8,567,19.91,19.91,26.7621,49.5099,9.6344,26.482,27.617,499.4,Our World in Data / WHO,2026-09-30 02:09:07
3537,LTU,Lithuania,2020,7.8,654,23.18,23.18,26.7433,49.4751,9.6276,26.479,27.614,499.4,Our World in Data / WHO,2026-09-30 02:09:07
3538,LTU,Lithuania,2021,7.8,670,24.03,24.03,26.6707,49.3408,9.6015,26.467,27.601,499.4,Our World in Data / WHO,2026-09-30 02:09:07
3539,LTU,Lithuania,2022,7.8,670,24.03,24.03,26.4594,48.9499,9.5254,26.434,27.563,499.4,Our World in Data / WHO,2026-09-30 02:09:07
3540,LUX,Luxembourg,1990,4.5,39,9.05,9.05,13.5363,25.0422,4.8731,24.366,25.237,341.0,Our World in Data / WHO,2026-09-30 02:09:07
3541,LUX,Luxembourg,1991,4.5,39,9.05,9.05,13.8336,25.5922,4.9801,24.413,25.29,341.0,Our World in Data / WHO,2026-09-30 02:09:07
3542,LUX,Luxembourg,1992,4.5,39,9.05,9.05,14.1525,26.1821,5.0949,24.464,25.347,341.0,Our World in Data / WHO,2026-09-30 02:09:07
3543,LUX,Luxembourg,1993,4.5,39,9.05,9.05,14.4908,26.808,5.2167,24.519,25.408,341.0,Our World in Data / WHO,2026-09-30 02:09:07
3544,LUX,Luxembourg,1994,4.5,39,9.05,9.05,14.8543,27.4805,5.3475,24.577,25.474,341.0,Our World in Data / WHO,2026-09-30 02:09:07
3545,LUX,Luxembourg,1995,4.5,39,9.05,9.05,15.2272,28.1703,5.4818,24.636,25.541,341.0,Our World in Data / WHO,2026-09-30 02:09:07
3546,LUX,Luxembourg,1996,4.5,39,9.05,9.05,15.6161,28.8898,5.6218,24.699,25.611,341.0,Our World in Data / WHO,2026-09-30 02:09:07
3547,LUX,Luxembourg,1997,4.5,39,9.05,9.05,16.0302,29.6559,5.7709,24.765,25.685,341.0,Our World in Data / WHO,2026-09-30 02:09:07
3548,LUX,Luxembourg,1998,4.5,39,9.05,9.05,16.4489,30.4305,5.9216,24.832,25.761,341.0,Our World in Data / WHO,2026-09-30 02:09:07
3549,LUX,Luxembourg,1999,4.5,39,9.05,9.05,16.8574,31.1862,6.0687,24.897,25.834,341.0,Our World in Data / WHO,2026-09-30 02:09:07
3550,LUX,Luxembourg,2000,4.5,39,9.05,9.05,17.191,31.8034,6.1888,24.951,25.894,341.0,Our World in Data / WHO,2026-09-30 02:09:07
3551,LUX,Luxembourg,2001,4.5,44,9.89,9.89,17.5354,32.4405,6.3127,25.006,25.956,341.0,Our World in Data / WHO,2026-09-30 02:09:07
3552,LUX,Luxembourg,2002,4.5,43,9.65,9.65,17.9531,33.2132,6.4631,25.072,26.032,341.0,Our World in Data / WHO,2026-09-30 02:09:07
3553,LUX,Luxembourg,2003,4.5,41,9.09,9.09,18.3307,33.9118,6.5991,25.133,26.1,341.0,Our World in Data / WHO,2026-09-30 02:09:07
3554,LUX,Luxembourg,2004,4.5,39,8.51,8.51,18.6701,34.5397,6.7212,25.187,26.161,341.0,Our World in Data / WHO,2026-09-30 02:09:07
3555,LUX,Luxembourg,2005,4.5,41,8.72,8.72,18.9793,35.1117,6.8325,25.237,26.216,341.0,Our World in Data / WHO,2026-09-30 02:09:07
3556,LUX,Luxembourg,2006,4.5,41,8.7,8.7,19.2432,35.5999,6.9276,25.279,26.264,341.0,Our World in Data / WHO,2026-09-30 02:09:07
3557,LUX,Luxembourg,2007,4.5,42,8.8,8.8,19.4628,36.0062,7.0066,25.314,26.303,341.0,Our World in Data / WHO,2026-09-30 02:09:07
3558,LUX,Luxembourg,2008,4.5,39,7.91,7.91,19.6279,36.3116,7.066,25.34,26.333,341.0,Our World in Data / WHO,2026-09-30 02:09:07
3559,LUX,Luxembourg,2009,4.5,44,8.79,8.79,19.754,36.5449,7.1114,25.361,26.356,341.0,Our World in Data / WHO,2026-09-30 02:09:07
3560,LUX,Luxembourg,2010,4.5,44,8.77,8.77,19.8444,36.7121,7.144,25.375,26.372,341.0,Our World in Data / WHO,2026-09-30 02:09:07
3561,LUX,Luxembourg,2011,4.5,48,9.36,9.36,19.8667,36.7534,7.152,25.379,26.376,341.0,Our World in Data / WHO,2026-09-30 02:09:07
3562,LUX,Luxembourg,2012,4.5,50,9.48,9.48,19.8556,36.7329,7.148,25.377,26.374,341.0,Our World in Data / WHO,2026-09-30 02:09:07
3563,LUX,Luxembourg,2013,4.5,63,11.62,11.62,19.8715,36.7623,7.1537,25.379,26.377,341.0,Our World in Data / WHO,2026-09-30 02:09:07
3564,LUX,Luxembourg,2014,4.5,66,11.93,11.93,19.8993,36.8137,7.1637,25.384,26.382,341.0,Our World in Data / WHO,2026-09-30 02:09:07
3565,LUX,Luxembourg,2015,4.5,61,10.79,10.79,19.9292,36.869,7.1745,25.389,26.387,341.0,Our World in Data / WHO,2026-09-30 02:09:07
3566,LUX,Luxembourg,2016,4.5,57,9.77,9.77,19.9759,36.9554,7.1913,25.396,26.396,341.0,Our World in Data / WHO,2026-09-30 02:09:07
3567,LUX,Luxembourg,2017,4.5,51,8.59,8.59,20.0328,37.0607,7.2118,25.405,26.406,341.0,Our World in Data / WHO,2026-09-30 02:09:07
3568,LUX,Luxembourg,2018,4.5,57,9.37,9.37,20.0898,37.1661,7.2323,25.414,26.416,341.0,Our World in Data / WHO,2026-09-30 02:09:07
3569,LUX,Luxembourg,2019,4.5,56,9.01,9.01,20.157,37.2904,7.2565,25.425,26.428,341.0,Our World in Data / WHO,2026-09-30 02:09:07
3570,LUX,Luxembourg,2020,4.5,53,8.38,8.38,20.2599,37.4808,7.2936,25.442,26.447,341.0,Our World in Data / WHO,2026-09-30 02:09:07
3571,LUX,Luxembourg,2021,4.5,54,8.46,8.46,20.384,37.7104,7.3382,25.461,26.469,341.0,Our World in Data / WHO,2026-09-30 02:09:07
3572,LUX,Luxembourg,2022,4.5,54,8.46,8.46,20.4962,37.918,7.3786,25.479,26.489,341.0,Our World in Data / WHO,2026-09-30 02:09:07
3573,LVA,Latvia,1990,7.8,221,9.24,9.24,17.0568,31.5551,6.1404,24.929,25.87,499.4,Our World in Data / WHO,2026-09-30 02:09:07
3574,LVA,Latvia,1991,7.8,221,9.24,9.24,17.2593,31.9297,6.2133,24.961,25.907,499.4,Our World in Data / WHO,2026-09-30 02:09:07
3575,LVA,Latvia,1992,7.8,221,9.24,9.24,17.5508,32.469,6.3183,25.008,25.959,499.4,Our World in Data / WHO,2026-09-30 02:09:07
3576,LVA,Latvia,1993,7.8,221,9.24,9.24,17.8368,32.9981,6.4212,25.054,26.011,499.4,Our World in Data / WHO,2026-09-30 02:09:07
3577,LVA,Latvia,1994,7.8,221,9.24,9.24,18.1099,33.5033,6.5196,25.098,26.06,499.4,Our World in Data / WHO,2026-09-30 02:09:07
3578,LVA,Latvia,1995,7.8,221,9.24,9.24,18.3933,34.0276,6.6216,25.143,26.111,499.4,Our World in Data / WHO,2026-09-30 02:09:07
3579,LVA,Latvia,1996,7.8,221,9.24,9.24,18.7066,34.6072,6.7344,25.193,26.167,499.4,Our World in Data / WHO,2026-09-30 02:09:07
3580,LVA,Latvia,1997,7.8,221,9.24,9.24,19.0527,35.2475,6.859,25.248,26.229,499.4,Our World in Data / WHO,2026-09-30 02:09:07
3581,LVA,Latvia,1998,7.8,221,9.24,9.24,19.4171,35.9216,6.9902,25.307,26.295,499.4,Our World in Data / WHO,2026-09-30 02:09:07
3582,LVA,Latvia,1999,7.8,221,9.24,9.24,19.8052,36.6396,7.1299,25.369,26.365,499.4,Our World in Data / WHO,2026-09-30 02:09:07
3583,LVA,Latvia,2000,7.8,221,9.24,9.24,20.2076,37.3841,7.2747,25.433,26.437,499.4,Our World in Data / WHO,2026-09-30 02:09:07
3584,LVA,Latvia,2001,7.8,274,11.61,11.61,20.6102,38.1289,7.4197,25.498,26.51,499.4,Our World in Data / WHO,2026-09-30 02:09:07
3585,LVA,Latvia,2002,7.8,239,10.29,10.29,21.0121,38.8724,7.5644,25.562,26.582,499.4,Our World in Data / WHO,2026-09-30 02:09:07
3586,LVA,Latvia,2003,7.8,260,11.32,11.32,21.4041,39.5976,7.7055,25.625,26.653,499.4,Our World in Data / WHO,2026-09-30 02:09:07
3587,LVA,Latvia,2004,7.8,229,10.1,10.1,21.7914,40.3141,7.8449,25.687,26.722,499.4,Our World in Data / WHO,2026-09-30 02:09:07
3588,LVA,Latvia,2005,7.8,221,9.88,9.88,22.1744,41.0226,7.9828,25.748,26.791,499.4,Our World in Data / WHO,2026-09-30 02:09:07
3589,LVA,Latvia,2006,7.8,267,12.1,12.1,22.5538,41.7245,8.1194,25.809,26.86,499.4,Our World in Data / WHO,2026-09-30 02:09:07
3590,LVA,Latvia,2007,7.8,348,16.0,16.0,22.9179,42.3981,8.2504,25.867,26.925,499.4,Our World in Data / WHO,2026-09-30 02:09:07
3591,LVA,Latvia,2008,7.8,381,17.71,17.71,23.2951,43.0959,8.3862,25.927,26.993,499.4,Our World in Data / WHO,2026-09-30 02:09:07
3592,LVA,Latvia,2009,7.8,496,23.35,23.35,23.7411,43.921,8.5468,25.999,27.073,499.4,Our World in Data / WHO,2026-09-30 02:09:07
3593,LVA,Latvia,2010,7.8,524,24.92,24.92,24.2218,44.8103,8.7198,26.075,27.16,499.4,Our World in Data / WHO,2026-09-30 02:09:07
3594,LVA,Latvia,2011,7.8,453,21.83,21.83,24.6646,45.6295,8.8793,26.146,27.24,499.4,Our World in Data / WHO,2026-09-30 02:09:07
3595,LVA,Latvia,2012,7.8,426,20.74,20.74,25.0543,46.3505,9.0195,26.209,27.31,499.4,Our World in Data / WHO,2026-09-30 02:09:07
3596,LVA,Latvia,2013,7.8,404,19.91,19.91,25.4287,47.0431,9.1543,26.269,27.377,499.4,Our World in Data / WHO,2026-09-30 02:09:07
3597,LVA,Latvia,2014,7.8,454,22.58,22.58,25.7966,47.7237,9.2868,26.327,27.443,499.4,Our World in Data / WHO,2026-09-30 02:09:07
3598,LVA,Latvia,2015,7.8,426,21.39,21.39,26.1423,48.3633,9.4112,26.383,27.506,499.4,Our World in Data / WHO,2026-09-30 02:09:07
3599,LVA,Latvia,2016,7.8,501,25.39,25.39,26.4701,48.9697,9.5292,26.435,27.565,499.4,Our World in Data / WHO,2026-09-30 02:09:07
3600,LVA,Latvia,2017,7.8,531,27.19,27.19,26.7567,49.4999,9.6324,26.481,27.616,499.4,Our World in Data / WHO,2026-09-30 02:09:07
3601,LVA,Latvia,2018,7.8,545,28.16,28.16,26.9821,49.9169,9.7136,26.517,27.657,499.4,Our World in Data / WHO,2026-09-30 02:09:07
3602,LVA,Latvia,2019,7.8,609,31.77,31.77,27.1767,50.2769,9.7836,26.548,27.692,499.4,Our World in Data / WHO,2026-09-30 02:09:07
3603,LVA,Latvia,2020,7.8,654,34.47,34.47,27.3568,50.6101,9.8484,26.577,27.724,499.4,Our World in Data / WHO,2026-09-30 02:09:07
3604,LVA,Latvia,2021,7.8,686,36.62,36.62,27.4937,50.8633,9.8977,26.599,27.749,499.4,Our World in Data / WHO,2026-09-30 02:09:07
3605,LVA,Latvia,2022,7.8,686,36.62,36.62,27.6105,51.0794,9.9398,26.618,27.77,499.4,Our World in Data / WHO,2026-09-30 02:09:07
3606,MAC,Macao,2011,7.2,1327,17.295,17.295,18.8889,34.9445,6.8,25.222,26.2,470.6,Our World in Data / WHO,2026-09-30 02:09:07
3607,MAR,Morocco,1990,6.8,1807,6.33,6.33,7.2816,13.471,2.6214,23.365,24.111,451.4,Our World in Data / WHO,2026-09-30 02:09:07
3608,MAR,Morocco,1991,6.8,1807,6.33,6.33,7.5219,13.9155,2.7079,23.404,24.154,451.4,Our World in Data / WHO,2026-09-30 02:09:07
3609,MAR,Morocco,1992,6.8,1807,6.33,6.33,7.7742,14.3823,2.7987,23.444,24.199,451.4,Our World in Data / WHO,2026-09-30 02:09:07
3610,MAR,Morocco,1993,6.8,1807,6.33,6.33,8.0384,14.871,2.8938,23.486,24.247,451.4,Our World in Data / WHO,2026-09-30 02:09:07
3611,MAR,Morocco,1994,6.8,1807,6.33,6.33,8.3192,15.3905,2.9949,23.531,24.297,451.4,Our World in Data / WHO,2026-09-30 02:09:07
3612,MAR,Morocco,1995,6.8,1807,6.33,6.33,8.6176,15.9426,3.1023,23.579,24.351,451.4,Our World in Data / WHO,2026-09-30 02:09:07
3613,MAR,Morocco,1996,6.8,1807,6.33,6.33,8.9355,16.5307,3.2168,23.63,24.408,451.4,Our World in Data / WHO,2026-09-30 02:09:07
3614,MAR,Morocco,1997,6.8,1807,6.33,6.33,9.2761,17.1608,3.3394,23.684,24.47,451.4,Our World in Data / WHO,2026-09-30 02:09:07
3615,MAR,Morocco,1998,6.8,1807,6.33,6.33,9.637,17.8284,3.4693,23.742,24.535,451.4,Our World in Data / WHO,2026-09-30 02:09:07
3616,MAR,Morocco,1999,6.8,1807,6.33,6.33,10.0152,18.5281,3.6055,23.802,24.603,451.4,Our World in Data / WHO,2026-09-30 02:09:07
3617,MAR,Morocco,2000,6.8,1807,6.33,6.33,10.4129,19.2639,3.7486,23.866,24.674,451.4,Our World in Data / WHO,2026-09-30 02:09:07
3618,MAR,Morocco,2001,6.8,1900,6.57,6.57,10.8303,20.0361,3.8989,23.933,24.749,451.4,Our World in Data / WHO,2026-09-30 02:09:07
3619,MAR,Morocco,2002,6.8,2063,7.04,7.04,11.2626,20.8358,4.0545,24.002,24.827,451.4,Our World in Data / WHO,2026-09-30 02:09:07
3620,MAR,Morocco,2003,6.8,2261,7.62,7.62,11.7003,21.6456,4.2121,24.072,24.906,451.4,Our World in Data / WHO,2026-09-30 02:09:07
3621,MAR,Morocco,2004,6.8,2447,8.15,8.15,12.1377,22.4547,4.3696,24.142,24.985,451.4,Our World in Data / WHO,2026-09-30 02:09:07
3622,MAR,Morocco,2005,6.8,2649,8.7,8.7,12.5812,23.2752,4.5292,24.213,25.065,451.4,Our World in Data / WHO,2026-09-30 02:09:07
3623,MAR,Morocco,2006,6.8,2851,9.25,9.25,13.0427,24.129,4.6954,24.287,25.148,451.4,Our World in Data / WHO,2026-09-30 02:09:07
3624,MAR,Morocco,2007,6.8,3064,9.81,9.81,13.5195,25.0111,4.867,24.363,25.234,451.4,Our World in Data / WHO,2026-09-30 02:09:07
3625,MAR,Morocco,2008,6.8,3252,10.28,10.28,14.0088,25.9163,5.0432,24.441,25.322,451.4,Our World in Data / WHO,2026-09-30 02:09:07
3626,MAR,Morocco,2009,6.8,3448,10.76,10.76,14.5102,26.8439,5.2237,24.522,25.412,451.4,Our World in Data / WHO,2026-09-30 02:09:07
3627,MAR,Morocco,2010,6.8,3652,11.25,11.25,15.0231,27.7927,5.4083,24.604,25.504,451.4,Our World in Data / WHO,2026-09-30 02:09:07
3628,MAR,Morocco,2011,6.8,3881,11.8,11.8,15.5447,28.7577,5.5961,24.687,25.598,451.4,Our World in Data / WHO,2026-09-30 02:09:07
3629,MAR,Morocco,2012,6.8,4107,12.32,12.32,16.077,29.7425,5.7877,24.772,25.694,451.4,Our World in Data / WHO,2026-09-30 02:09:07
3630,MAR,Morocco,2013,6.8,4353,12.88,12.88,16.6176,30.7426,5.9823,24.859,25.791,451.4,Our World in Data / WHO,2026-09-30 02:09:07
3631,MAR,Morocco,2014,6.8,4606,13.45,13.45,17.1642,31.7538,6.1791,24.946,25.89,451.4,Our World in Data / WHO,2026-09-30 02:09:07
3632,MAR,Morocco,2015,6.8,4884,14.08,14.08,17.7153,32.7733,6.3775,25.034,25.989,451.4,Our World in Data / WHO,2026-09-30 02:09:07
3633,MAR,Morocco,2016,6.8,5183,14.76,14.76,18.2628,33.7862,6.5746,25.122,26.087,451.4,Our World in Data / WHO,2026-09-30 02:09:07
3634,MAR,Morocco,2017,6.8,5492,15.46,15.46,18.7826,34.7478,6.7617,25.205,26.181,451.4,Our World in Data / WHO,2026-09-30 02:09:07
3635,MAR,Morocco,2018,6.8,5848,16.28,16.28,19.277,35.6625,6.9397,25.284,26.27,451.4,Our World in Data / WHO,2026-09-30 02:09:07
3636,MAR,Morocco,2019,6.8,6156,16.96,16.96,19.7515,36.5403,7.1105,25.36,26.355,451.4,Our World in Data / WHO,2026-09-30 02:09:07
3637,MAR,Morocco,2020,6.8,6592,17.97,17.97,20.209,37.3867,7.2752,25.433,26.438,451.4,Our World in Data / WHO,2026-09-30 02:09:07
3638,MAR,Morocco,2021,6.8,6653,17.94,17.94,20.6547,38.2112,7.4357,25.505,26.518,451.4,Our World in Data / WHO,2026-09-30 02:09:07
3639,MAR,Morocco,2022,6.8,6653,17.94,17.94,21.096,39.0276,7.5946,25.575,26.597,451.4,Our World in Data / WHO,2026-09-30 02:09:07
3640,MCO,Monaco,2000,5.6,3,10.23,10.23,13.4739,24.9267,4.8506,24.356,25.225,393.8,Our World in Data / WHO,2026-09-30 02:09:07
3641,MCO,Monaco,2001,5.6,3,10.39,10.39,13.967,25.839,5.0281,24.435,25.314,393.8,Our World in Data / WHO,2026-09-30 02:09:07
3642,MCO,Monaco,2002,5.6,3,10.47,10.47,14.6155,27.0387,5.2616,24.538,25.431,393.8,Our World in Data / WHO,2026-09-30 02:09:07
3643,MCO,Monaco,2003,5.6,3,10.61,10.61,15.2646,28.2395,5.4953,24.642,25.548,393.8,Our World in Data / WHO,2026-09-30 02:09:07
3644,MCO,Monaco,2004,5.6,3,10.8,10.8,15.8551,29.3319,5.7078,24.737,25.654,393.8,Our World in Data / WHO,2026-09-30 02:09:07
3645,MCO,Monaco,2005,5.6,4,11.01,11.01,16.1299,29.8403,5.8068,24.781,25.703,393.8,Our World in Data / WHO,2026-09-30 02:09:07
3646,MCO,Monaco,2006,5.6,4,11.21,11.21,16.7579,31.0021,6.0328,24.881,25.816,393.8,Our World in Data / WHO,2026-09-30 02:09:07
3647,MCO,Monaco,2007,5.6,4,11.31,11.31,17.2481,31.909,6.2093,24.96,25.905,393.8,Our World in Data / WHO,2026-09-30 02:09:07
3648,MCO,Monaco,2008,5.6,4,11.8,11.8,17.5877,32.5372,6.3316,25.014,25.966,393.8,Our World in Data / WHO,2026-09-30 02:09:07
3649,MCO,Monaco,2009,5.6,4,12.9,12.9,17.8791,33.0763,6.4365,25.061,26.018,393.8,Our World in Data / WHO,2026-09-30 02:09:07
3650,MCO,Monaco,2010,5.6,5,14.32,14.32,18.3985,34.0372,6.6235,25.144,26.112,393.8,Our World in Data / WHO,2026-09-30 02:09:07
3651,MCO,Monaco,2011,5.6,5,15.82,15.82,18.8889,34.9445,6.8,25.222,26.2,393.8,Our World in Data / WHO,2026-09-30 02:09:07
3652,MCO,Monaco,2012,5.6,6,17.78,17.78,19.5441,36.1566,7.0359,25.327,26.318,393.8,Our World in Data / WHO,2026-09-30 02:09:07
3653,MCO,Monaco,2013,5.6,7,19.62,19.62,19.9586,36.9234,7.1851,25.393,26.393,393.8,Our World in Data / WHO,2026-09-30 02:09:07
3654,MCO,Monaco,2014,5.6,8,21.43,21.43,20.5333,37.9866,7.392,25.485,26.496,393.8,Our World in Data / WHO,2026-09-30 02:09:07
3655,MCO,Monaco,2015,5.6,9,23.23,23.23,20.8863,38.6397,7.5191,25.542,26.56,393.8,Our World in Data / WHO,2026-09-30 02:09:07
3656,MCO,Monaco,2016,5.6,9,24.14,24.14,21.653,40.058,7.7951,25.664,26.698,393.8,Our World in Data / WHO,2026-09-30 02:09:07
3657,MCO,Monaco,2017,5.6,9,24.24,24.24,22.2783,41.2149,8.0202,25.765,26.81,393.8,Our World in Data / WHO,2026-09-30 02:09:07
3658,MCO,Monaco,2018,5.6,9,24.39,24.39,22.7809,42.1447,8.2011,25.845,26.901,393.8,Our World in Data / WHO,2026-09-30 02:09:07
3659,MCO,Monaco,2019,5.6,9,24.63,24.63,23.0532,42.6484,8.2992,25.889,26.95,393.8,Our World in Data / WHO,2026-09-30 02:09:07
3660,MCO,Monaco,2020,5.6,9,24.35,24.35,23.269,43.0476,8.3768,25.923,26.988,393.8,Our World in Data / WHO,2026-09-30 02:09:07
3661,MCO,Monaco,2021,5.6,9,24.89,24.89,23.357,43.2104,8.4085,25.937,27.004,393.8,Our World in Data / WHO,2026-09-30 02:09:07
3662,MDA,Moldova,1990,2.7,487,11.46,11.46,19.2708,35.651,6.9375,25.283,26.269,254.6,Our World in Data / WHO,2026-09-30 02:09:07
3663,MDA,Moldova,1991,2.7,487,11.46,11.46,19.4561,35.9938,7.0042,25.313,26.302,254.6,Our World in Data / WHO,2026-09-30 02:09:07
3664,MDA,Moldova,1992,2.7,487,11.46,11.46,19.6582,36.3677,7.077,25.345,26.338,254.6,Our World in Data / WHO,2026-09-30 02:09:07
3665,MDA,Moldova,1993,2.7,487,11.46,11.46,19.8682,36.7562,7.1526,25.379,26.376,254.6,Our World in Data / WHO,2026-09-30 02:09:07
3666,MDA,Moldova,1994,2.7,487,11.46,11.46,20.0952,37.1761,7.2343,25.415,26.417,254.6,Our World in Data / WHO,2026-09-30 02:09:07
3667,MDA,Moldova,1995,2.7,487,11.46,11.46,20.3463,37.6407,7.3247,25.455,26.462,254.6,Our World in Data / WHO,2026-09-30 02:09:07
3668,MDA,Moldova,1996,2.7,487,11.46,11.46,20.6207,38.1483,7.4235,25.499,26.512,254.6,Our World in Data / WHO,2026-09-30 02:09:07
3669,MDA,Moldova,1997,2.7,487,11.46,11.46,20.9108,38.685,7.5279,25.546,26.564,254.6,Our World in Data / WHO,2026-09-30 02:09:07
3670,MDA,Moldova,1998,2.7,487,11.46,11.46,21.2162,39.25,7.6378,25.595,26.619,254.6,Our World in Data / WHO,2026-09-30 02:09:07
3671,MDA,Moldova,1999,2.7,487,11.46,11.46,21.5355,39.8407,7.7528,25.646,26.676,254.6,Our World in Data / WHO,2026-09-30 02:09:07
3672,MDA,Moldova,2000,2.7,487,11.46,11.46,21.8557,40.433,7.8681,25.697,26.734,254.6,Our World in Data / WHO,2026-09-30 02:09:07
3673,MDA,Moldova,2001,2.7,449,10.7,10.7,22.153,40.983,7.9751,25.744,26.788,254.6,Our World in Data / WHO,2026-09-30 02:09:07
3674,MDA,Moldova,2002,2.7,432,10.42,10.42,22.4165,41.4705,8.0699,25.787,26.835,254.6,Our World in Data / WHO,2026-09-30 02:09:07
3675,MDA,Moldova,2003,2.7,469,11.46,11.46,22.6574,41.9162,8.1567,25.825,26.878,254.6,Our World in Data / WHO,2026-09-30 02:09:07
3676,MDA,Moldova,2004,2.7,393,9.7,9.7,22.8848,42.3369,8.2385,25.862,26.919,254.6,Our World in Data / WHO,2026-09-30 02:09:07
3677,MDA,Moldova,2005,2.7,457,11.41,11.41,23.1393,42.8077,8.3301,25.902,26.965,254.6,Our World in Data / WHO,2026-09-30 02:09:07
3678,MDA,Moldova,2006,2.7,469,11.9,11.9,23.4222,43.3311,8.432,25.948,27.016,254.6,Our World in Data / WHO,2026-09-30 02:09:07
3679,MDA,Moldova,2007,2.7,415,10.7,10.7,23.7093,43.8622,8.5353,25.993,27.068,254.6,Our World in Data / WHO,2026-09-30 02:09:07
3680,MDA,Moldova,2008,2.7,369,9.67,9.67,24.0045,44.4083,8.6416,26.041,27.121,254.6,Our World in Data / WHO,2026-09-30 02:09:07
3681,MDA,Moldova,2009,2.7,349,9.3,9.3,24.2982,44.9517,8.7474,26.088,27.174,254.6,Our World in Data / WHO,2026-09-30 02:09:07
3682,MDA,Moldova,2010,2.7,377,10.26,10.26,24.5729,45.4599,8.8462,26.132,27.223,254.6,Our World in Data / WHO,2026-09-30 02:09:07
3683,MDA,Moldova,2011,2.7,307,8.54,8.54,24.8141,45.9061,8.9331,26.17,27.267,254.6,Our World in Data / WHO,2026-09-30 02:09:07
3684,MDA,Moldova,2012,2.7,335,9.56,9.56,25.028,46.3018,9.0101,26.204,27.305,254.6,Our World in Data / WHO,2026-09-30 02:09:07
3685,MDA,Moldova,2013,2.7,332,9.72,9.72,25.2229,46.6624,9.0802,26.236,27.34,254.6,Our World in Data / WHO,2026-09-30 02:09:07
3686,MDA,Moldova,2014,2.7,341,10.21,10.21,25.4893,47.1552,9.1761,26.278,27.388,254.6,Our World in Data / WHO,2026-09-30 02:09:07
3687,MDA,Moldova,2015,2.7,366,11.16,11.16,25.8234,47.7733,9.2964,26.332,27.448,254.6,Our World in Data / WHO,2026-09-30 02:09:07
3688,MDA,Moldova,2016,2.7,361,11.19,11.19,26.1274,48.3357,9.4059,26.38,27.503,254.6,Our World in Data / WHO,2026-09-30 02:09:07
3689,MDA,Moldova,2017,2.7,351,11.04,11.04,26.3889,48.8195,9.5,26.422,27.55,254.6,Our World in Data / WHO,2026-09-30 02:09:07
3690,MDA,Moldova,2018,2.7,360,11.47,11.47,26.5986,49.2074,9.5755,26.456,27.588,254.6,Our World in Data / WHO,2026-09-30 02:09:07
3691,MDA,Moldova,2019,2.7,353,11.36,11.36,26.7834,49.5493,9.642,26.485,27.621,254.6,Our World in Data / WHO,2026-09-30 02:09:07
3692,MDA,Moldova,2020,2.7,356,11.53,11.53,26.9438,49.846,9.6998,26.511,27.65,254.6,Our World in Data / WHO,2026-09-30 02:09:07
3693,MDA,Moldova,2021,2.7,439,14.34,14.34,27.0504,50.0432,9.7381,26.528,27.669,254.6,Our World in Data / WHO,2026-09-30 02:09:07
3694,MDA,Moldova,2022,2.7,439,14.34,14.34,27.0737,50.0863,9.7465,26.532,27.673,254.6,Our World in Data / WHO,2026-09-30 02:09:07
3695,MDG,Madagascar,1990,4.7,1829,11.28,11.28,0.5418,6.0,0.195,22.287,22.898,350.6,Our World in Data / WHO,2026-09-30 02:09:07
3696,MDG,Madagascar,1991,4.7,1829,11.28,11.28,0.5696,6.0,0.2051,22.291,22.903,350.6,Our World in Data / WHO,2026-09-30 02:09:07
3697,MDG,Madagascar,1992,4.7,1829,11.28,11.28,0.5994,6.0,0.2158,22.296,22.908,350.6,Our World in Data / WHO,2026-09-30 02:09:07
3698,MDG,Madagascar,1993,4.7,1829,11.28,11.28,0.6316,6.0,0.2274,22.301,22.914,350.6,Our World in Data / WHO,2026-09-30 02:09:07
3699,MDG,Madagascar,1994,4.7,1829,11.28,11.28,0.6668,6.0,0.24,22.307,22.92,350.6,Our World in Data / WHO,2026-09-30 02:09:07
3700,MDG,Madagascar,1995,4.7,1829,11.28,11.28,0.7055,6.0,0.254,22.313,22.927,350.6,Our World in Data / WHO,2026-09-30 02:09:07
3701,MDG,Madagascar,1996,4.7,1829,11.28,11.28,0.7482,6.0,0.2694,22.32,22.935,350.6,Our World in Data / WHO,2026-09-30 02:09:07
3702,MDG,Madagascar,1997,4.7,1829,11.28,11.28,0.7953,6.0,0.2863,22.327,22.943,350.6,Our World in Data / WHO,2026-09-30 02:09:07
3703,MDG,Madagascar,1998,4.7,1829,11.28,11.28,0.8473,6.0,0.305,22.336,22.953,350.6,Our World in Data / WHO,2026-09-30 02:09:07
3704,MDG,Madagascar,1999,4.7,1829,11.28,11.28,0.9047,6.0,0.3257,22.345,22.963,350.6,Our World in Data / WHO,2026-09-30 02:09:07
3705,MDG,Madagascar,2000,4.7,1829,11.28,11.28,0.9673,6.0,0.3482,22.355,22.974,350.6,Our World in Data / WHO,2026-09-30 02:09:07
3706,MDG,Madagascar,2001,4.7,1877,11.23,11.23,1.035,6.0,0.3726,22.366,22.986,350.6,Our World in Data / WHO,2026-09-30 02:09:07
3707,MDG,Madagascar,2002,4.7,1995,11.59,11.59,1.1076,6.0,0.3987,22.377,22.999,350.6,Our World in Data / WHO,2026-09-30 02:09:07
3708,MDG,Madagascar,2003,4.7,2096,11.82,11.82,1.1849,6.0,0.4266,22.39,23.013,350.6,Our World in Data / WHO,2026-09-30 02:09:07
3709,MDG,Madagascar,2004,4.7,2194,12.02,12.02,1.2665,6.0,0.4559,22.403,23.028,350.6,Our World in Data / WHO,2026-09-30 02:09:07
3710,MDG,Madagascar,2005,4.7,2248,11.96,11.96,1.3521,6.0,0.4868,22.416,23.043,350.6,Our World in Data / WHO,2026-09-30 02:09:07
3711,MDG,Madagascar,2006,4.7,2313,11.95,11.95,1.4412,6.0,0.5188,22.431,23.059,350.6,Our World in Data / WHO,2026-09-30 02:09:07
3712,MDG,Madagascar,2007,4.7,2348,11.78,11.78,1.533,6.0,0.5519,22.445,23.076,350.6,Our World in Data / WHO,2026-09-30 02:09:07
3713,MDG,Madagascar,2008,4.7,2420,11.8,11.8,1.6274,6.0,0.5859,22.46,23.093,350.6,Our World in Data / WHO,2026-09-30 02:09:07
3714,MDG,Madagascar,2009,4.7,2496,11.82,11.82,1.7241,6.0,0.6207,22.476,23.11,350.6,Our World in Data / WHO,2026-09-30 02:09:07
3715,MDG,Madagascar,2010,4.7,2598,11.96,11.96,1.8239,6.0,0.6566,22.492,23.128,350.6,Our World in Data / WHO,2026-09-30 02:09:07
3716,MDG,Madagascar,2011,4.7,2695,12.06,12.06,1.928,6.0,0.6941,22.508,23.147,350.6,Our World in Data / WHO,2026-09-30 02:09:07
3717,MDG,Madagascar,2012,4.7,2741,11.93,11.93,2.0369,6.0,0.7333,22.526,23.167,350.6,Our World in Data / WHO,2026-09-30 02:09:07
3718,MDG,Madagascar,2013,4.7,2850,12.08,12.08,2.1518,6.0,0.7746,22.544,23.187,350.6,Our World in Data / WHO,2026-09-30 02:09:07
3719,MDG,Madagascar,2014,4.7,2995,12.37,12.37,2.2737,6.0,0.8185,22.564,23.209,350.6,Our World in Data / WHO,2026-09-30 02:09:07
3720,MDG,Madagascar,2015,4.7,3061,12.32,12.32,2.4036,6.0,0.8653,22.585,23.233,350.6,Our World in Data / WHO,2026-09-30 02:09:07
3721,MDG,Madagascar,2016,4.7,3201,12.55,12.55,2.5417,6.0,0.915,22.607,23.258,350.6,Our World in Data / WHO,2026-09-30 02:09:07
3722,MDG,Madagascar,2017,4.7,3315,12.67,12.67,2.6891,6.0,0.9681,22.63,23.284,350.6,Our World in Data / WHO,2026-09-30 02:09:07
3723,MDG,Madagascar,2018,4.7,3459,12.88,12.88,2.847,6.0,1.0249,22.656,23.312,350.6,Our World in Data / WHO,2026-09-30 02:09:07
3724,MDG,Madagascar,2019,4.7,3615,13.13,13.13,3.0165,6.0,1.0859,22.683,23.343,350.6,Our World in Data / WHO,2026-09-30 02:09:07
3725,MDG,Madagascar,2020,4.7,3993,14.15,14.15,3.1986,6.0,1.1515,22.712,23.376,350.6,Our World in Data / WHO,2026-09-30 02:09:07
3726,MDG,Madagascar,2021,4.7,3970,13.73,13.73,3.3933,6.2776,1.2216,22.743,23.411,350.6,Our World in Data / WHO,2026-09-30 02:09:07
3727,MDG,Madagascar,2022,4.7,3970,13.73,13.73,3.6025,6.6646,1.2969,22.776,23.448,350.6,Our World in Data / WHO,2026-09-30 02:09:07
3728,MDV,Maldives,1990,9.2,40,14.27,14.27,3.1631,6.0,1.1387,22.706,23.369,566.6,Our World in Data / WHO,2026-09-30 02:09:07
3729,MDV,Maldives,1991,9.2,40,14.27,14.27,3.3466,6.1912,1.2048,22.735,23.402,566.6,Our World in Data / WHO,2026-09-30 02:09:07
3730,MDV,Maldives,1992,9.2,40,14.27,14.27,3.5434,6.5553,1.2756,22.767,23.438,566.6,Our World in Data / WHO,2026-09-30 02:09:07
3731,MDV,Maldives,1993,9.2,40,14.27,14.27,3.7525,6.9421,1.3509,22.8,23.475,566.6,Our World in Data / WHO,2026-09-30 02:09:07
3732,MDV,Maldives,1994,9.2,40,14.27,14.27,3.9724,7.3489,1.4301,22.836,23.515,566.6,Our World in Data / WHO,2026-09-30 02:09:07
3733,MDV,Maldives,1995,9.2,40,14.27,14.27,4.2051,7.7794,1.5138,22.873,23.557,566.6,Our World in Data / WHO,2026-09-30 02:09:07
3734,MDV,Maldives,1996,9.2,40,14.27,14.27,4.4545,8.2408,1.6036,22.913,23.602,566.6,Our World in Data / WHO,2026-09-30 02:09:07
3735,MDV,Maldives,1997,9.2,40,14.27,14.27,4.7179,8.7281,1.6984,22.955,23.649,566.6,Our World in Data / WHO,2026-09-30 02:09:07
3736,MDV,Maldives,1998,9.2,40,14.27,14.27,4.9919,9.235,1.7971,22.999,23.699,566.6,Our World in Data / WHO,2026-09-30 02:09:07
3737,MDV,Maldives,1999,9.2,40,14.27,14.27,5.2759,9.7604,1.8993,23.044,23.75,566.6,Our World in Data / WHO,2026-09-30 02:09:07
3738,MDV,Maldives,2000,9.2,40,14.27,14.27,5.5659,10.2969,2.0037,23.091,23.802,566.6,Our World in Data / WHO,2026-09-30 02:09:07
3739,MDV,Maldives,2001,9.2,41,14.27,14.27,5.8613,10.8434,2.1101,23.138,23.855,566.6,Our World in Data / WHO,2026-09-30 02:09:07
3740,MDV,Maldives,2002,9.2,42,14.25,14.25,6.1672,11.4093,2.2202,23.187,23.91,566.6,Our World in Data / WHO,2026-09-30 02:09:07
3741,MDV,Maldives,2003,9.2,44,14.66,14.66,6.4892,12.005,2.3361,23.238,23.968,566.6,Our World in Data / WHO,2026-09-30 02:09:07
3742,MDV,Maldives,2004,9.2,44,14.66,14.66,6.8315,12.6383,2.4593,23.293,24.03,566.6,Our World in Data / WHO,2026-09-30 02:09:07
3743,MDV,Maldives,2005,9.2,45,14.62,14.62,7.199,13.3182,2.5916,23.352,24.096,566.6,Our World in Data / WHO,2026-09-30 02:09:07
3744,MDV,Maldives,2006,9.2,46,14.74,14.74,7.5489,13.9655,2.7176,23.408,24.159,566.6,Our World in Data / WHO,2026-09-30 02:09:07
3745,MDV,Maldives,2007,9.2,47,14.55,14.55,7.8666,14.5532,2.832,23.459,24.216,566.6,Our World in Data / WHO,2026-09-30 02:09:07
3746,MDV,Maldives,2008,9.2,48,14.29,14.29,8.2029,15.1754,2.953,23.512,24.277,566.6,Our World in Data / WHO,2026-09-30 02:09:07
3747,MDV,Maldives,2009,9.2,49,14.04,14.04,8.5772,15.8678,3.0878,23.572,24.344,566.6,Our World in Data / WHO,2026-09-30 02:09:07
3748,MDV,Maldives,2010,9.2,50,13.88,13.88,8.9936,16.6382,3.2377,23.639,24.419,566.6,Our World in Data / WHO,2026-09-30 02:09:07
3749,MDV,Maldives,2011,9.2,51,13.74,13.74,9.4553,17.4923,3.4039,23.713,24.502,566.6,Our World in Data / WHO,2026-09-30 02:09:07
3750,MDV,Maldives,2012,9.2,51,13.04,13.04,9.9631,18.4317,3.5867,23.794,24.593,566.6,Our World in Data / WHO,2026-09-30 02:09:07
3751,MDV,Maldives,2013,9.2,51,12.77,12.77,10.5178,19.4579,3.7864,23.883,24.693,566.6,Our World in Data / WHO,2026-09-30 02:09:07
3752,MDV,Maldives,2014,9.2,52,12.58,12.58,11.1095,20.5526,3.9994,23.978,24.8,566.6,Our World in Data / WHO,2026-09-30 02:09:07
3753,MDV,Maldives,2015,9.2,54,12.5,12.5,11.7091,21.6618,4.2153,24.073,24.908,566.6,Our World in Data / WHO,2026-09-30 02:09:07
3754,MDV,Maldives,2016,9.2,56,12.29,12.29,12.3123,22.7778,4.4324,24.17,25.016,566.6,Our World in Data / WHO,2026-09-30 02:09:07
3755,MDV,Maldives,2017,9.2,57,12.12,12.12,12.9353,23.9303,4.6567,24.27,25.128,566.6,Our World in Data / WHO,2026-09-30 02:09:07
3756,MDV,Maldives,2018,9.2,58,11.78,11.78,13.5826,25.1278,4.8897,24.373,25.245,566.6,Our World in Data / WHO,2026-09-30 02:09:07
3757,MDV,Maldives,2019,9.2,129,25.49,25.49,14.2561,26.3738,5.1322,24.481,25.366,566.6,Our World in Data / WHO,2026-09-30 02:09:07
3758,MDV,Maldives,2020,9.2,122,23.73,23.73,14.9575,27.6714,5.3847,24.593,25.492,566.6,Our World in Data / WHO,2026-09-30 02:09:07
3759,MDV,Maldives,2021,9.2,121,23.21,23.21,15.6815,29.0108,5.6453,24.709,25.623,566.6,Our World in Data / WHO,2026-09-30 02:09:07
3760,MDV,Maldives,2022,9.2,121,23.21,23.21,16.4723,30.4738,5.93,24.836,25.765,566.6,Our World in Data / WHO,2026-09-30 02:09:07
3761,MEX,Mexico,1990,14.2,37289,38.1,38.1,12.5137,23.1503,4.5049,24.202,25.052,806.6,Our World in Data / WHO,2026-09-30 02:09:07
3762,MEX,Mexico,1991,14.2,37289,38.1,38.1,13.1803,24.3836,4.7449,24.309,25.172,806.6,Our World in Data / WHO,2026-09-30 02:09:07
3763,MEX,Mexico,1992,14.2,37289,38.1,38.1,13.8735,25.666,4.9945,24.42,25.297,806.6,Our World in Data / WHO,2026-09-30 02:09:07
3764,MEX,Mexico,1993,14.2,37289,38.1,38.1,14.5924,26.9959,5.2533,24.535,25.427,806.6,Our World in Data / WHO,2026-09-30 02:09:07
3765,MEX,Mexico,1994,14.2,37289,38.1,38.1,15.3319,28.364,5.5195,24.653,25.56,806.6,Our World in Data / WHO,2026-09-30 02:09:07
3766,MEX,Mexico,1995,14.2,37289,38.1,38.1,16.0916,29.7695,5.793,24.775,25.696,806.6,Our World in Data / WHO,2026-09-30 02:09:07
3767,MEX,Mexico,1996,14.2,37289,38.1,38.1,16.8695,31.2086,6.073,24.899,25.837,806.6,Our World in Data / WHO,2026-09-30 02:09:07
3768,MEX,Mexico,1997,14.2,37289,38.1,38.1,17.6621,32.6749,6.3584,25.026,25.979,806.6,Our World in Data / WHO,2026-09-30 02:09:07
3769,MEX,Mexico,1998,14.2,37289,38.1,38.1,18.4599,34.1508,6.6456,25.154,26.123,806.6,Our World in Data / WHO,2026-09-30 02:09:07
3770,MEX,Mexico,1999,14.2,37289,38.1,38.1,19.2533,35.6186,6.9312,25.281,26.266,806.6,Our World in Data / WHO,2026-09-30 02:09:07
3771,MEX,Mexico,2000,14.2,37289,38.1,38.1,20.0341,37.0631,7.2123,25.405,26.406,806.6,Our World in Data / WHO,2026-09-30 02:09:07
3772,MEX,Mexico,2001,14.3273,39707,39.95,39.95,20.797,38.4745,7.4869,25.528,26.543,812.71,Our World in Data / WHO,2026-09-30 02:09:07
3773,MEX,Mexico,2002,14.4545,44184,43.78,43.78,21.5455,39.8592,7.7564,25.647,26.678,818.82,Our World in Data / WHO,2026-09-30 02:09:07
3774,MEX,Mexico,2003,14.5818,47691,46.56,46.56,22.2792,41.2165,8.0205,25.765,26.81,824.93,Our World in Data / WHO,2026-09-30 02:09:07
3775,MEX,Mexico,2004,14.7091,50049,48.15,48.15,23.0013,42.5524,8.2805,25.88,26.94,831.04,Our World in Data / WHO,2026-09-30 02:09:07
3776,MEX,Mexico,2005,14.8364,53872,51.09,51.09,23.713,43.869,8.5367,25.994,27.068,837.15,Our World in Data / WHO,2026-09-30 02:09:07
3777,MEX,Mexico,2006,14.9636,53224,49.79,49.79,24.4212,45.1792,8.7916,26.107,27.196,843.25,Our World in Data / WHO,2026-09-30 02:09:07
3778,MEX,Mexico,2007,15.0909,51799,47.83,47.83,25.1252,46.4816,9.0451,26.22,27.323,849.36,Our World in Data / WHO,2026-09-30 02:09:07
3779,MEX,Mexico,2008,15.2182,55904,50.97,50.97,25.8298,47.7851,9.2987,26.333,27.449,855.47,Our World in Data / WHO,2026-09-30 02:09:07
3780,MEX,Mexico,2009,15.3455,57141,51.46,51.46,26.5422,49.1031,9.5552,26.447,27.578,861.58,Our World in Data / WHO,2026-09-30 02:09:07
3781,MEX,Mexico,2010,15.4727,61753,54.88,54.88,27.2741,50.4571,9.8187,26.564,27.709,867.69,Our World in Data / WHO,2026-09-30 02:09:07
3782,MEX,Mexico,2011,15.6,60073,52.63,52.63,28.0278,51.8514,10.09,26.684,27.845,873.8,Our World in Data / WHO,2026-09-30 02:09:07
3783,MEX,Mexico,2012,15.6,63171,54.57,54.57,28.7898,53.2611,10.3643,26.806,27.982,873.8,Our World in Data / WHO,2026-09-30 02:09:07
3784,MEX,Mexico,2013,15.6,65353,55.72,55.72,29.5491,54.6658,10.6377,26.928,28.119,873.8,Our World in Data / WHO,2026-09-30 02:09:07
3785,MEX,Mexico,2014,15.6,72139,60.75,60.75,30.3084,56.0705,10.911,27.049,28.256,873.8,Our World in Data / WHO,2026-09-30 02:09:07
3786,MEX,Mexico,2015,15.6,75125,62.53,62.53,31.0694,57.4784,11.185,27.171,28.392,873.8,Our World in Data / WHO,2026-09-30 02:09:07
3787,MEX,Mexico,2016,15.6,80943,66.61,66.61,31.8198,58.8666,11.4551,27.291,28.528,873.8,Our World in Data / WHO,2026-09-30 02:09:07
3788,MEX,Mexico,2017,15.6,82728,67.35,67.35,32.5479,60.2136,11.7172,27.408,28.659,873.8,Our World in Data / WHO,2026-09-30 02:09:07
3789,MEX,Mexico,2018,15.6,80901,65.24,65.24,33.251,61.5144,11.9704,27.52,28.785,873.8,Our World in Data / WHO,2026-09-30 02:09:07
3790,MEX,Mexico,2019,15.6,83823,67.01,67.01,33.9398,62.7886,12.2183,27.63,28.909,873.8,Our World in Data / WHO,2026-09-30 02:09:07
3791,MEX,Mexico,2020,15.6,101457,80.52,80.52,34.6329,64.0709,12.4678,27.741,29.034,873.8,Our World in Data / WHO,2026-09-30 02:09:07
3792,MEX,Mexico,2021,15.6,96428,76.1,76.1,35.3313,65.3629,12.7193,27.853,29.16,873.8,Our World in Data / WHO,2026-09-30 02:09:07
3793,MEX,Mexico,2022,15.6,96428,76.1,76.1,36.0217,66.6401,12.9678,27.963,29.284,873.8,Our World in Data / WHO,2026-09-30 02:09:07
3794,MHL,Marshall Islands,1990,21.8,29,52.95,52.95,31.2976,57.9006,11.2671,27.208,28.434,1171.4,Our World in Data / WHO,2026-09-30 02:09:07
3795,MHL,Marshall Islands,1991,21.8,29,52.95,52.95,31.8087,58.8461,11.4511,27.289,28.526,1171.4,Our World in Data / WHO,2026-09-30 02:09:07
3796,MHL,Marshall Islands,1992,21.8,29,52.95,52.95,32.261,59.6829,11.614,27.362,28.607,1171.4,Our World in Data / WHO,2026-09-30 02:09:07
3797,MHL,Marshall Islands,1993,21.8,29,52.95,52.95,32.6777,60.4537,11.764,27.428,28.682,1171.4,Our World in Data / WHO,2026-09-30 02:09:07
3798,MHL,Marshall Islands,1994,21.8,29,52.95,52.95,33.092,61.2202,11.9131,27.495,28.757,1171.4,Our World in Data / WHO,2026-09-30 02:09:07
3799,MHL,Marshall Islands,1995,21.8,29,52.95,52.95,33.4983,61.9719,12.0594,27.56,28.83,1171.4,Our World in Data / WHO,2026-09-30 02:09:07
3800,MHL,Marshall Islands,1996,21.8,29,52.95,52.95,33.8763,62.6712,12.1955,27.62,28.898,1171.4,Our World in Data / WHO,2026-09-30 02:09:07
3801,MHL,Marshall Islands,1997,21.8,29,52.95,52.95,34.227,63.32,12.3217,27.676,28.961,1171.4,Our World in Data / WHO,2026-09-30 02:09:07
3802,MHL,Marshall Islands,1998,21.8,29,52.95,52.95,34.5622,63.9401,12.4424,27.73,29.021,1171.4,Our World in Data / WHO,2026-09-30 02:09:07
3803,MHL,Marshall Islands,1999,21.8,29,52.95,52.95,34.8715,64.5123,12.5537,27.779,29.077,1171.4,Our World in Data / WHO,2026-09-30 02:09:07
3804,MHL,Marshall Islands,2000,21.8,29,52.95,52.95,35.1412,65.0112,12.6508,27.823,29.125,1171.4,Our World in Data / WHO,2026-09-30 02:09:07
3805,MHL,Marshall Islands,2001,21.8,30,55.06,55.06,35.3953,65.4813,12.7423,27.863,29.171,1171.4,Our World in Data / WHO,2026-09-30 02:09:07
3806,MHL,Marshall Islands,2002,21.8,31,57.71,57.71,35.6475,65.9479,12.8331,27.904,29.217,1171.4,Our World in Data / WHO,2026-09-30 02:09:07
3807,MHL,Marshall Islands,2003,21.8,33,60.04,60.04,35.9078,66.4294,12.9268,27.945,29.263,1171.4,Our World in Data / WHO,2026-09-30 02:09:07
3808,MHL,Marshall Islands,2004,21.8,34,61.76,61.76,36.1925,66.9561,13.0293,27.991,29.315,1171.4,Our World in Data / WHO,2026-09-30 02:09:07
3809,MHL,Marshall Islands,2005,21.8,35,64.45,64.45,36.5173,67.557,13.1462,28.043,29.373,1171.4,Our World in Data / WHO,2026-09-30 02:09:07
3810,MHL,Marshall Islands,2006,21.8,36,65.75,65.75,36.8818,68.2313,13.2774,28.101,29.439,1171.4,Our World in Data / WHO,2026-09-30 02:09:07
3811,MHL,Marshall Islands,2007,21.8,36,66.03,66.03,37.2593,68.9297,13.4133,28.161,29.507,1171.4,Our World in Data / WHO,2026-09-30 02:09:07
3812,MHL,Marshall Islands,2008,21.8,36,67.64,67.64,37.6591,69.6693,13.5573,28.225,29.579,1171.4,Our World in Data / WHO,2026-09-30 02:09:07
3813,MHL,Marshall Islands,2009,21.8,37,68.52,68.52,38.1119,70.507,13.7203,28.298,29.66,1171.4,Our World in Data / WHO,2026-09-30 02:09:07
3814,MHL,Marshall Islands,2010,21.8,36,67.25,67.25,38.6245,71.4553,13.9048,28.38,29.752,1171.4,Our World in Data / WHO,2026-09-30 02:09:07
3815,MHL,Marshall Islands,2011,21.8,37,70.17,70.17,39.1205,72.3729,14.0834,28.459,29.842,1171.4,Our World in Data / WHO,2026-09-30 02:09:07
3816,MHL,Marshall Islands,2012,21.8,37,71.76,71.76,39.5163,73.1052,14.2259,28.523,29.913,1171.4,Our World in Data / WHO,2026-09-30 02:09:07
3817,MHL,Marshall Islands,2013,21.8,38,73.9,73.9,39.8321,73.6894,14.3396,28.573,29.97,1171.4,Our World in Data / WHO,2026-09-30 02:09:07
3818,MHL,Marshall Islands,2014,21.8,39,76.5,76.5,40.1117,74.2066,14.4402,28.618,30.02,1171.4,Our World in Data / WHO,2026-09-30 02:09:07
3819,MHL,Marshall Islands,2015,21.8,39,79.92,79.92,40.3688,74.6823,14.5328,28.659,30.066,1171.4,Our World in Data / WHO,2026-09-30 02:09:07
3820,MHL,Marshall Islands,2016,21.8,39,81.67,81.67,40.5808,75.0745,14.6091,28.693,30.105,1171.4,Our World in Data / WHO,2026-09-30 02:09:07
3821,MHL,Marshall Islands,2017,21.8,40,84.41,84.41,40.7295,75.3496,14.6626,28.717,30.131,1171.4,Our World in Data / WHO,2026-09-30 02:09:07
3822,MHL,Marshall Islands,2018,21.8,37,80.71,80.71,40.8373,75.549,14.7014,28.734,30.151,1171.4,Our World in Data / WHO,2026-09-30 02:09:07
3823,MHL,Marshall Islands,2019,21.8,41,91.71,91.71,40.9455,75.7492,14.7404,28.751,30.17,1171.4,Our World in Data / WHO,2026-09-30 02:09:07
3824,MHL,Marshall Islands,2020,21.8,42,97.64,97.64,41.0483,75.9394,14.7774,28.768,30.189,1171.4,Our World in Data / WHO,2026-09-30 02:09:07
3825,MHL,Marshall Islands,2021,21.8,42,100.14,100.14,41.1677,76.1602,14.8204,28.787,30.21,1171.4,Our World in Data / WHO,2026-09-30 02:09:07
3826,MHL,Marshall Islands,2022,21.8,42,100.14,100.14,41.2665,76.343,14.8559,28.803,30.228,1171.4,Our World in Data / WHO,2026-09-30 02:09:07
3827,MKD,North Macedonia,1990,7.7,551,27.02,27.02,15.0147,27.7772,5.4053,24.602,25.503,494.6,Our World in Data / WHO,2026-09-30 02:09:07
3828,MKD,North Macedonia,1991,7.7,551,27.02,27.02,15.286,28.2791,5.503,24.646,25.551,494.6,Our World in Data / WHO,2026-09-30 02:09:07
3829,MKD,North Macedonia,1992,7.7,551,27.02,27.02,15.5524,28.7719,5.5989,24.688,25.599,494.6,Our World in Data / WHO,2026-09-30 02:09:07
3830,MKD,North Macedonia,1993,7.7,551,27.02,27.02,15.839,29.3022,5.702,24.734,25.651,494.6,Our World in Data / WHO,2026-09-30 02:09:07
3831,MKD,North Macedonia,1994,7.7,551,27.02,27.02,16.1762,29.926,5.8234,24.788,25.712,494.6,Our World in Data / WHO,2026-09-30 02:09:07
3832,MKD,North Macedonia,1995,7.7,551,27.02,27.02,16.5225,30.5666,5.9481,24.844,25.774,494.6,Our World in Data / WHO,2026-09-30 02:09:07
3833,MKD,North Macedonia,1996,7.7,551,27.02,27.02,16.8427,31.159,6.0634,24.895,25.832,494.6,Our World in Data / WHO,2026-09-30 02:09:07
3834,MKD,North Macedonia,1997,7.7,551,27.02,27.02,17.1786,31.7804,6.1843,24.949,25.892,494.6,Our World in Data / WHO,2026-09-30 02:09:07
3835,MKD,North Macedonia,1998,7.7,551,27.02,27.02,17.5481,32.464,6.3173,25.008,25.959,494.6,Our World in Data / WHO,2026-09-30 02:09:07
3836,MKD,North Macedonia,1999,7.7,551,27.02,27.02,17.9505,33.2084,6.4622,25.072,26.031,494.6,Our World in Data / WHO,2026-09-30 02:09:07
3837,MKD,North Macedonia,2000,7.7,551,27.02,27.02,18.3737,33.9913,6.6145,25.14,26.107,494.6,Our World in Data / WHO,2026-09-30 02:09:07
3838,MKD,North Macedonia,2001,7.7,559,27.23,27.23,18.8104,34.7992,6.7717,25.21,26.186,494.6,Our World in Data / WHO,2026-09-30 02:09:07
3839,MKD,North Macedonia,2002,7.7,565,27.36,27.36,19.2623,35.6353,6.9344,25.282,26.267,494.6,Our World in Data / WHO,2026-09-30 02:09:07
3840,MKD,North Macedonia,2003,7.7,606,29.28,29.28,19.7337,36.5073,7.1041,25.357,26.352,494.6,Our World in Data / WHO,2026-09-30 02:09:07
3841,MKD,North Macedonia,2004,7.7,684,32.93,32.93,20.2173,37.402,7.2782,25.435,26.439,494.6,Our World in Data / WHO,2026-09-30 02:09:07
3842,MKD,North Macedonia,2005,7.7,705,33.94,33.94,20.7039,38.3022,7.4534,25.513,26.527,494.6,Our World in Data / WHO,2026-09-30 02:09:07
3843,MKD,North Macedonia,2006,7.7,733,35.23,35.23,21.2111,39.2405,7.636,25.594,26.618,494.6,Our World in Data / WHO,2026-09-30 02:09:07
3844,MKD,North Macedonia,2007,7.7,723,34.69,34.69,21.7592,40.2545,7.8333,25.681,26.717,494.6,Our World in Data / WHO,2026-09-30 02:09:07
3845,MKD,North Macedonia,2008,7.7,797,38.18,38.18,22.3376,41.3246,8.0415,25.774,26.821,494.6,Our World in Data / WHO,2026-09-30 02:09:07
3846,MKD,North Macedonia,2009,7.7,713,34.1,34.1,22.9158,42.3942,8.2497,25.867,26.925,494.6,Our World in Data / WHO,2026-09-30 02:09:07
3847,MKD,North Macedonia,2010,7.7,741,35.41,35.41,23.4891,43.4548,8.4561,25.958,27.028,494.6,Our World in Data / WHO,2026-09-30 02:09:07
3848,MKD,North Macedonia,2011,7.7,774,36.92,36.92,24.0567,44.5049,8.6604,26.049,27.13,494.6,Our World in Data / WHO,2026-09-30 02:09:07
3849,MKD,North Macedonia,2012,7.7,851,40.53,40.53,24.6142,45.5363,8.8611,26.138,27.231,494.6,Our World in Data / WHO,2026-09-30 02:09:07
3850,MKD,North Macedonia,2013,7.7,846,40.23,40.23,25.174,46.5719,9.0626,26.228,27.331,494.6,Our World in Data / WHO,2026-09-30 02:09:07
3851,MKD,North Macedonia,2014,7.7,926,44.0,44.0,25.7275,47.5959,9.2619,26.316,27.431,494.6,Our World in Data / WHO,2026-09-30 02:09:07
3852,MKD,North Macedonia,2015,7.7,895,42.45,42.45,26.277,48.6124,9.4597,26.404,27.53,494.6,Our World in Data / WHO,2026-09-30 02:09:07
3853,MKD,North Macedonia,2016,7.7,1142,54.1,54.1,26.8413,49.6564,9.6629,26.495,27.631,494.6,Our World in Data / WHO,2026-09-30 02:09:07
3854,MKD,North Macedonia,2017,7.7,993,47.0,47.0,27.4055,50.7002,9.866,26.585,27.733,494.6,Our World in Data / WHO,2026-09-30 02:09:07
3855,MKD,North Macedonia,2018,7.7,976,46.16,46.16,27.9655,51.7362,10.0676,26.674,27.834,494.6,Our World in Data / WHO,2026-09-30 02:09:07
3856,MKD,North Macedonia,2019,7.7,1300,61.51,61.51,28.5291,52.7788,10.2705,26.765,27.935,494.6,Our World in Data / WHO,2026-09-30 02:09:07
3857,MKD,North Macedonia,2020,7.7,1592,75.42,75.42,29.0951,53.8259,10.4742,26.855,28.037,494.6,Our World in Data / WHO,2026-09-30 02:09:07
3858,MKD,North Macedonia,2021,7.7,1561,74.24,74.24,29.616,54.7896,10.6618,26.939,28.131,494.6,Our World in Data / WHO,2026-09-30 02:09:07
3859,MKD,North Macedonia,2022,7.7,1561,74.24,74.24,30.1205,55.7229,10.8434,27.019,28.222,494.6,Our World in Data / WHO,2026-09-30 02:09:07
3860,MLI,Mali,1990,1.9,1557,13.85,13.85,1.3048,6.0,0.4697,22.409,23.035,216.2,Our World in Data / WHO,2026-09-30 02:09:07
3861,MLI,Mali,1991,1.9,1557,13.85,13.85,1.4113,6.0,0.5081,22.426,23.054,216.2,Our World in Data / WHO,2026-09-30 02:09:07
3862,MLI,Mali,1992,1.9,1557,13.85,13.85,1.5273,6.0,0.5498,22.444,23.075,216.2,Our World in Data / WHO,2026-09-30 02:09:07
3863,MLI,Mali,1993,1.9,1557,13.85,13.85,1.6537,6.0,0.5953,22.465,23.098,216.2,Our World in Data / WHO,2026-09-30 02:09:07
3864,MLI,Mali,1994,1.9,1557,13.85,13.85,1.7919,6.0,0.6451,22.487,23.123,216.2,Our World in Data / WHO,2026-09-30 02:09:07
3865,MLI,Mali,1995,1.9,1557,13.85,13.85,1.9443,6.0,0.6999,22.511,23.15,216.2,Our World in Data / WHO,2026-09-30 02:09:07
3866,MLI,Mali,1996,1.9,1557,13.85,13.85,2.1133,6.0,0.7608,22.538,23.18,216.2,Our World in Data / WHO,2026-09-30 02:09:07
3867,MLI,Mali,1997,1.9,1557,13.85,13.85,2.3006,6.0,0.8282,22.568,23.214,216.2,Our World in Data / WHO,2026-09-30 02:09:07
3868,MLI,Mali,1998,1.9,1557,13.85,13.85,2.5067,6.0,0.9024,22.601,23.251,216.2,Our World in Data / WHO,2026-09-30 02:09:07
3869,MLI,Mali,1999,1.9,1557,13.85,13.85,2.7326,6.0,0.9837,22.637,23.292,216.2,Our World in Data / WHO,2026-09-30 02:09:07
3870,MLI,Mali,2000,1.9,1557,13.85,13.85,2.9779,6.0,1.072,22.676,23.336,216.2,Our World in Data / WHO,2026-09-30 02:09:07
3871,MLI,Mali,2001,1.9,1609,13.89,13.89,3.2413,6.0,1.1669,22.719,23.383,216.2,Our World in Data / WHO,2026-09-30 02:09:07
3872,MLI,Mali,2002,1.9,1657,13.86,13.86,3.5211,6.514,1.2676,22.763,23.434,216.2,Our World in Data / WHO,2026-09-30 02:09:07
3873,MLI,Mali,2003,1.9,1686,13.66,13.66,3.8145,7.0568,1.3732,22.81,23.487,216.2,Our World in Data / WHO,2026-09-30 02:09:07
3874,MLI,Mali,2004,1.9,1724,13.52,13.52,4.1176,7.6176,1.4823,22.859,23.541,216.2,Our World in Data / WHO,2026-09-30 02:09:07
3875,MLI,Mali,2005,1.9,1764,13.38,13.38,4.4269,8.1898,1.5937,22.908,23.597,216.2,Our World in Data / WHO,2026-09-30 02:09:07
3876,MLI,Mali,2006,1.9,1830,13.43,13.43,4.738,8.7653,1.7057,22.958,23.653,216.2,Our World in Data / WHO,2026-09-30 02:09:07
3877,MLI,Mali,2007,1.9,1916,13.61,13.61,5.0461,9.3353,1.8166,23.007,23.708,216.2,Our World in Data / WHO,2026-09-30 02:09:07
3878,MLI,Mali,2008,1.9,1997,13.72,13.72,5.3479,9.8936,1.9252,23.056,23.763,216.2,Our World in Data / WHO,2026-09-30 02:09:07
3879,MLI,Mali,2009,1.9,2066,13.75,13.75,5.6402,10.4344,2.0305,23.102,23.815,216.2,Our World in Data / WHO,2026-09-30 02:09:07
3880,MLI,Mali,2010,1.9,2096,13.5,13.5,5.9234,10.9583,2.1324,23.148,23.866,216.2,Our World in Data / WHO,2026-09-30 02:09:07
3881,MLI,Mali,2011,1.9,2168,13.52,13.52,6.2029,11.4754,2.233,23.192,23.917,216.2,Our World in Data / WHO,2026-09-30 02:09:07
3882,MLI,Mali,2012,1.9,2233,13.52,13.52,6.4892,12.005,2.3361,23.238,23.968,216.2,Our World in Data / WHO,2026-09-30 02:09:07
3883,MLI,Mali,2013,1.9,2304,13.55,13.55,6.7904,12.5622,2.4445,23.286,24.022,216.2,Our World in Data / WHO,2026-09-30 02:09:07
3884,MLI,Mali,2014,1.9,2369,13.49,13.49,7.1136,13.1602,2.5609,23.338,24.08,216.2,Our World in Data / WHO,2026-09-30 02:09:07
3885,MLI,Mali,2015,1.9,2442,13.48,13.48,7.4632,13.8069,2.6868,23.394,24.143,216.2,Our World in Data / WHO,2026-09-30 02:09:07
3886,MLI,Mali,2016,1.9,2501,13.38,13.38,7.8379,14.5001,2.8216,23.454,24.211,216.2,Our World in Data / WHO,2026-09-30 02:09:07
3887,MLI,Mali,2017,1.9,2531,13.11,13.11,8.2353,15.2353,2.9647,23.518,24.282,216.2,Our World in Data / WHO,2026-09-30 02:09:07
3888,MLI,Mali,2018,1.9,2578,12.93,12.93,8.6562,16.014,3.1162,23.585,24.358,216.2,Our World in Data / WHO,2026-09-30 02:09:07
3889,MLI,Mali,2019,1.9,2613,12.71,12.71,9.1021,16.8389,3.2768,23.656,24.438,216.2,Our World in Data / WHO,2026-09-30 02:09:07
3890,MLI,Mali,2020,1.9,2840,13.38,13.38,9.569,17.7027,3.4448,23.731,24.522,216.2,Our World in Data / WHO,2026-09-30 02:09:07
3891,MLI,Mali,2021,1.9,2843,12.98,12.98,10.0501,18.5927,3.618,23.808,24.609,216.2,Our World in Data / WHO,2026-09-30 02:09:07
3892,MLI,Mali,2022,1.9,2843,12.98,12.98,10.5495,19.5166,3.7978,23.888,24.699,216.2,Our World in Data / WHO,2026-09-30 02:09:07
3893,MLT,Malta,1990,6.6,87,21.9,21.9,23.6988,43.8428,8.5316,25.992,27.066,441.8,Our World in Data / WHO,2026-09-30 02:09:07
3894,MLT,Malta,1991,6.6,87,21.9,21.9,23.9889,44.3795,8.636,26.038,27.118,441.8,Our World in Data / WHO,2026-09-30 02:09:07
3895,MLT,Malta,1992,6.6,87,21.9,21.9,24.301,44.9568,8.7484,26.088,27.174,441.8,Our World in Data / WHO,2026-09-30 02:09:07
3896,MLT,Malta,1993,6.6,87,21.9,21.9,24.6376,45.5796,8.8695,26.142,27.235,441.8,Our World in Data / WHO,2026-09-30 02:09:07
3897,MLT,Malta,1994,6.6,87,21.9,21.9,25.0111,46.2705,9.004,26.202,27.302,441.8,Our World in Data / WHO,2026-09-30 02:09:07
3898,MLT,Malta,1995,6.6,87,21.9,21.9,25.4347,47.0542,9.1565,26.27,27.378,441.8,Our World in Data / WHO,2026-09-30 02:09:07
3899,MLT,Malta,1996,6.6,87,21.9,21.9,25.8963,47.9082,9.3227,26.343,27.461,441.8,Our World in Data / WHO,2026-09-30 02:09:07
3900,MLT,Malta,1997,6.6,87,21.9,21.9,26.379,48.8012,9.4964,26.421,27.548,441.8,Our World in Data / WHO,2026-09-30 02:09:07
3901,MLT,Malta,1998,6.6,87,21.9,21.9,26.8896,49.7458,9.6803,26.502,27.64,441.8,Our World in Data / WHO,2026-09-30 02:09:07
3902,MLT,Malta,1999,6.6,87,21.9,21.9,27.4341,50.7531,9.8763,26.589,27.738,441.8,Our World in Data / WHO,2026-09-30 02:09:07
3903,MLT,Malta,2000,6.6,87,21.9,21.9,27.9932,51.7874,10.0776,26.679,27.839,441.8,Our World in Data / WHO,2026-09-30 02:09:07
3904,MLT,Malta,2001,6.6,87,21.63,21.63,28.5522,52.8216,10.2788,26.768,27.939,441.8,Our World in Data / WHO,2026-09-30 02:09:07
3905,MLT,Malta,2002,6.6,87,21.47,21.47,29.1139,53.8607,10.481,26.858,28.041,441.8,Our World in Data / WHO,2026-09-30 02:09:07
3906,MLT,Malta,2003,6.6,91,22.32,22.32,29.6742,54.8973,10.6827,26.948,28.141,441.8,Our World in Data / WHO,2026-09-30 02:09:07
3907,MLT,Malta,2004,6.6,99,24.1,24.1,30.2314,55.9281,10.8833,27.037,28.242,441.8,Our World in Data / WHO,2026-09-30 02:09:07
3908,MLT,Malta,2005,6.6,112,27.41,27.41,30.7748,56.9334,11.0789,27.124,28.339,441.8,Our World in Data / WHO,2026-09-30 02:09:07
3909,MLT,Malta,2006,6.6,114,27.82,27.82,31.2721,57.8534,11.258,27.204,28.429,441.8,Our World in Data / WHO,2026-09-30 02:09:07
3910,MLT,Malta,2007,6.6,126,30.48,30.48,31.7143,58.6715,11.4171,27.274,28.509,441.8,Our World in Data / WHO,2026-09-30 02:09:07
3911,MLT,Malta,2008,6.6,129,31.17,31.17,32.1114,59.4061,11.5601,27.338,28.58,441.8,Our World in Data / WHO,2026-09-30 02:09:07
3912,MLT,Malta,2009,6.6,125,30.03,30.03,32.4528,60.0377,11.683,27.392,28.642,441.8,Our World in Data / WHO,2026-09-30 02:09:07
3913,MLT,Malta,2010,6.6,90,21.57,21.57,32.7398,60.5686,11.7863,27.438,28.693,441.8,Our World in Data / WHO,2026-09-30 02:09:07
3914,MLT,Malta,2011,6.6,57,13.53,13.53,32.9735,61.001,11.8705,27.476,28.735,441.8,Our World in Data / WHO,2026-09-30 02:09:07
3915,MLT,Malta,2012,6.6,56,13.12,13.12,33.1529,61.3329,11.935,27.504,28.768,441.8,Our World in Data / WHO,2026-09-30 02:09:07
3916,MLT,Malta,2013,6.6,91,20.72,20.72,33.2955,61.5967,11.9864,27.527,28.793,441.8,Our World in Data / WHO,2026-09-30 02:09:07
3917,MLT,Malta,2014,6.6,133,29.72,29.72,33.3713,61.7369,12.0137,27.539,28.807,441.8,Our World in Data / WHO,2026-09-30 02:09:07
3918,MLT,Malta,2015,6.6,154,33.73,33.73,33.3858,61.7637,12.0189,27.542,28.809,441.8,Our World in Data / WHO,2026-09-30 02:09:07
3919,MLT,Malta,2016,6.6,159,33.9,33.9,33.3839,61.7602,12.0182,27.541,28.809,441.8,Our World in Data / WHO,2026-09-30 02:09:07
3920,MLT,Malta,2017,6.6,171,35.58,35.58,33.3238,61.649,11.9966,27.532,28.798,441.8,Our World in Data / WHO,2026-09-30 02:09:07
3921,MLT,Malta,2018,6.6,176,35.72,35.72,33.1842,61.3908,11.9463,27.509,28.773,441.8,Our World in Data / WHO,2026-09-30 02:09:07
3922,MLT,Malta,2019,6.6,187,37.16,37.16,33.0347,61.1142,11.8925,27.486,28.746,441.8,Our World in Data / WHO,2026-09-30 02:09:07
3923,MLT,Malta,2020,6.6,211,40.87,40.87,32.9706,60.9956,11.8694,27.475,28.735,441.8,Our World in Data / WHO,2026-09-30 02:09:07
3924,MLT,Malta,2021,6.6,211,40.09,40.09,33.0243,61.095,11.8887,27.484,28.744,441.8,Our World in Data / WHO,2026-09-30 02:09:07
3925,MLT,Malta,2022,6.6,211,40.09,40.09,33.1337,61.2973,11.9281,27.501,28.764,441.8,Our World in Data / WHO,2026-09-30 02:09:07
3926,MMR,Myanmar,1990,7.1,13259,29.12,29.12,1.7472,6.0,0.629,22.48,23.114,465.8,Our World in Data / WHO,2026-09-30 02:09:07
3927,MMR,Myanmar,1991,7.1,13259,29.12,29.12,1.8426,6.0,0.6633,22.495,23.132,465.8,Our World in Data / WHO,2026-09-30 02:09:07
3928,MMR,Myanmar,1992,7.1,13259,29.12,29.12,1.9436,6.0,0.6997,22.511,23.15,465.8,Our World in Data / WHO,2026-09-30 02:09:07
3929,MMR,Myanmar,1993,7.1,13259,29.12,29.12,2.0496,6.0,0.7379,22.528,23.169,465.8,Our World in Data / WHO,2026-09-30 02:09:07
3930,MMR,Myanmar,1994,7.1,13259,29.12,29.12,2.1613,6.0,0.7781,22.546,23.189,465.8,Our World in Data / WHO,2026-09-30 02:09:07
3931,MMR,Myanmar,1995,7.1,13259,29.12,29.12,2.2788,6.0,0.8204,22.565,23.21,465.8,Our World in Data / WHO,2026-09-30 02:09:07
3932,MMR,Myanmar,1996,7.1,13259,29.12,29.12,2.4021,6.0,0.8648,22.584,23.232,465.8,Our World in Data / WHO,2026-09-30 02:09:07
3933,MMR,Myanmar,1997,7.1,13259,29.12,29.12,2.5314,6.0,0.9113,22.605,23.256,465.8,Our World in Data / WHO,2026-09-30 02:09:07
3934,MMR,Myanmar,1998,7.1,13259,29.12,29.12,2.6669,6.0,0.9601,22.627,23.28,465.8,Our World in Data / WHO,2026-09-30 02:09:07
3935,MMR,Myanmar,1999,7.1,13259,29.12,29.12,2.8092,6.0,1.0113,22.649,23.306,465.8,Our World in Data / WHO,2026-09-30 02:09:07
3936,MMR,Myanmar,2000,7.1,13259,29.12,29.12,2.9577,6.0,1.0648,22.673,23.332,465.8,Our World in Data / WHO,2026-09-30 02:09:07
3937,MMR,Myanmar,2001,7.1,13477,29.29,29.29,3.1117,6.0,1.1202,22.698,23.36,465.8,Our World in Data / WHO,2026-09-30 02:09:07
3938,MMR,Myanmar,2002,7.1,13884,29.87,29.87,3.2703,6.0501,1.1773,22.723,23.389,465.8,Our World in Data / WHO,2026-09-30 02:09:07
3939,MMR,Myanmar,2003,7.1,14337,30.55,30.55,3.4349,6.3546,1.2366,22.75,23.418,465.8,Our World in Data / WHO,2026-09-30 02:09:07
3940,MMR,Myanmar,2004,7.1,14776,31.21,31.21,3.607,6.673,1.2985,22.777,23.449,465.8,Our World in Data / WHO,2026-09-30 02:09:07
3941,MMR,Myanmar,2005,7.1,14975,31.38,31.38,3.7861,7.0043,1.363,22.806,23.481,465.8,Our World in Data / WHO,2026-09-30 02:09:07
3942,MMR,Myanmar,2006,7.1,15289,31.79,31.79,3.9725,7.3491,1.4301,22.836,23.515,465.8,Our World in Data / WHO,2026-09-30 02:09:07
3943,MMR,Myanmar,2007,7.1,15196,31.37,31.37,4.1647,7.7047,1.4993,22.866,23.55,465.8,Our World in Data / WHO,2026-09-30 02:09:07
3944,MMR,Myanmar,2008,7.1,15329,31.46,31.46,4.3605,8.0669,1.5698,22.898,23.585,465.8,Our World in Data / WHO,2026-09-30 02:09:07
3945,MMR,Myanmar,2009,7.1,15132,30.87,30.87,4.5585,8.4332,1.6411,22.929,23.621,465.8,Our World in Data / WHO,2026-09-30 02:09:07
3946,MMR,Myanmar,2010,7.1,15300,30.98,30.98,4.7575,8.8014,1.7127,22.961,23.656,465.8,Our World in Data / WHO,2026-09-30 02:09:07
3947,MMR,Myanmar,2011,7.1,15447,31.02,31.02,4.9587,9.1736,1.7851,22.993,23.693,465.8,Our World in Data / WHO,2026-09-30 02:09:07
3948,MMR,Myanmar,2012,7.1,15870,31.6,31.6,5.1646,9.5545,1.8593,23.026,23.73,465.8,Our World in Data / WHO,2026-09-30 02:09:07
3949,MMR,Myanmar,2013,7.1,16184,31.95,31.95,5.3781,9.9495,1.9361,23.06,23.768,465.8,Our World in Data / WHO,2026-09-30 02:09:07
3950,MMR,Myanmar,2014,7.1,16784,32.86,32.86,5.6008,10.3615,2.0163,23.096,23.808,465.8,Our World in Data / WHO,2026-09-30 02:09:07
3951,MMR,Myanmar,2015,7.1,17510,34.01,34.01,5.8348,10.7944,2.1005,23.134,23.85,465.8,Our World in Data / WHO,2026-09-30 02:09:07
3952,MMR,Myanmar,2016,7.1,18113,34.9,34.9,6.0791,11.2463,2.1885,23.173,23.894,465.8,Our World in Data / WHO,2026-09-30 02:09:07
3953,MMR,Myanmar,2017,7.1,18591,35.55,35.55,6.3314,11.7131,2.2793,23.213,23.94,465.8,Our World in Data / WHO,2026-09-30 02:09:07
3954,MMR,Myanmar,2018,7.1,19626,37.27,37.27,6.5911,12.1935,2.3728,23.255,23.986,465.8,Our World in Data / WHO,2026-09-30 02:09:07
3955,MMR,Myanmar,2019,7.1,20402,38.47,38.47,6.8552,12.6821,2.4679,23.297,24.034,465.8,Our World in Data / WHO,2026-09-30 02:09:07
3956,MMR,Myanmar,2020,7.1,21169,39.62,39.62,7.1241,13.1796,2.5647,23.34,24.082,465.8,Our World in Data / WHO,2026-09-30 02:09:07
3957,MMR,Myanmar,2021,7.1,20236,37.61,37.61,7.3995,13.6891,2.6638,23.384,24.132,465.8,Our World in Data / WHO,2026-09-30 02:09:07
3958,MMR,Myanmar,2022,7.1,20236,37.61,37.61,7.6844,14.2161,2.7664,23.43,24.183,465.8,Our World in Data / WHO,2026-09-30 02:09:07
3959,MNE,Montenegro,1990,7.7,109,17.28,17.28,9.5987,17.7576,3.4555,23.736,24.528,494.6,Our World in Data / WHO,2026-09-30 02:09:07
3960,MNE,Montenegro,1991,7.7,109,17.28,17.28,9.805,18.1392,3.5298,23.769,24.565,494.6,Our World in Data / WHO,2026-09-30 02:09:07
3961,MNE,Montenegro,1992,7.7,109,17.28,17.28,10.0209,18.5387,3.6075,23.803,24.604,494.6,Our World in Data / WHO,2026-09-30 02:09:07
3962,MNE,Montenegro,1993,7.7,109,17.28,17.28,10.2511,18.9645,3.6904,23.84,24.645,494.6,Our World in Data / WHO,2026-09-30 02:09:07
3963,MNE,Montenegro,1994,7.7,109,17.28,17.28,10.4933,19.4126,3.7776,23.879,24.689,494.6,Our World in Data / WHO,2026-09-30 02:09:07
3964,MNE,Montenegro,1995,7.7,109,17.28,17.28,10.7447,19.8777,3.8681,23.919,24.734,494.6,Our World in Data / WHO,2026-09-30 02:09:07
3965,MNE,Montenegro,1996,7.7,109,17.28,17.28,11.0085,20.3657,3.9631,23.961,24.782,494.6,Our World in Data / WHO,2026-09-30 02:09:07
3966,MNE,Montenegro,1997,7.7,109,17.28,17.28,11.2918,20.8898,4.065,24.007,24.833,494.6,Our World in Data / WHO,2026-09-30 02:09:07
3967,MNE,Montenegro,1998,7.7,109,17.28,17.28,11.5987,21.4576,4.1755,24.056,24.888,494.6,Our World in Data / WHO,2026-09-30 02:09:07
3968,MNE,Montenegro,1999,7.7,109,17.28,17.28,11.9234,22.0583,4.2924,24.108,24.946,494.6,Our World in Data / WHO,2026-09-30 02:09:07
3969,MNE,Montenegro,2000,7.7,109,17.28,17.28,12.2572,22.6758,4.4126,24.161,25.006,494.6,Our World in Data / WHO,2026-09-30 02:09:07
3970,MNE,Montenegro,2001,7.7,112,17.75,17.75,12.5953,23.3013,4.5343,24.215,25.067,494.6,Our World in Data / WHO,2026-09-30 02:09:07
3971,MNE,Montenegro,2002,7.7,117,18.53,18.53,12.9354,23.9305,4.6567,24.27,25.128,494.6,Our World in Data / WHO,2026-09-30 02:09:07
3972,MNE,Montenegro,2003,7.7,121,19.14,19.14,13.2805,24.5689,4.781,24.325,25.19,494.6,Our World in Data / WHO,2026-09-30 02:09:07
3973,MNE,Montenegro,2004,7.7,124,19.54,19.54,13.6326,25.2203,4.9077,24.381,25.254,494.6,Our World in Data / WHO,2026-09-30 02:09:07
3974,MNE,Montenegro,2005,7.7,125,19.72,19.72,13.9905,25.8824,5.0366,24.438,25.318,494.6,Our World in Data / WHO,2026-09-30 02:09:07
3975,MNE,Montenegro,2006,7.7,125,19.73,19.73,14.3574,26.5612,5.1687,24.497,25.384,494.6,Our World in Data / WHO,2026-09-30 02:09:07
3976,MNE,Montenegro,2007,7.7,122,19.27,19.27,14.74,27.269,5.3064,24.558,25.453,494.6,Our World in Data / WHO,2026-09-30 02:09:07
3977,MNE,Montenegro,2008,7.7,122,19.27,19.27,15.1314,27.9931,5.4473,24.621,25.524,494.6,Our World in Data / WHO,2026-09-30 02:09:07
3978,MNE,Montenegro,2009,7.7,123,19.45,19.45,15.5203,28.7126,5.5873,24.683,25.594,494.6,Our World in Data / WHO,2026-09-30 02:09:07
3979,MNE,Montenegro,2010,7.7,125,19.83,19.83,15.8965,29.4085,5.7227,24.743,25.661,494.6,Our World in Data / WHO,2026-09-30 02:09:07
3980,MNE,Montenegro,2011,7.7,128,20.33,20.33,16.2412,30.0462,5.8468,24.799,25.723,494.6,Our World in Data / WHO,2026-09-30 02:09:07
3981,MNE,Montenegro,2012,7.7,131,20.76,20.76,16.5718,30.6578,5.9658,24.851,25.783,494.6,Our World in Data / WHO,2026-09-30 02:09:07
3982,MNE,Montenegro,2013,7.7,134,21.13,21.13,16.9064,31.2768,6.0863,24.905,25.843,494.6,Our World in Data / WHO,2026-09-30 02:09:07
3983,MNE,Montenegro,2014,7.7,135,21.36,21.36,17.2479,31.9086,6.2092,24.96,25.905,494.6,Our World in Data / WHO,2026-09-30 02:09:07
3984,MNE,Montenegro,2015,7.7,137,21.6,21.6,17.6089,32.5765,6.3392,25.017,25.97,494.6,Our World in Data / WHO,2026-09-30 02:09:07
3985,MNE,Montenegro,2016,7.7,138,21.86,21.86,17.9749,33.2536,6.471,25.076,26.035,494.6,Our World in Data / WHO,2026-09-30 02:09:07
3986,MNE,Montenegro,2017,7.7,142,22.4,22.4,18.3365,33.9225,6.6011,25.134,26.101,494.6,Our World in Data / WHO,2026-09-30 02:09:07
3987,MNE,Montenegro,2018,7.7,145,23.03,23.03,18.6892,34.575,6.7281,25.19,26.164,494.6,Our World in Data / WHO,2026-09-30 02:09:07
3988,MNE,Montenegro,2019,7.7,156,24.77,24.77,19.0205,35.1879,6.8474,25.243,26.224,494.6,Our World in Data / WHO,2026-09-30 02:09:07
3989,MNE,Montenegro,2020,7.7,171,27.25,27.25,19.3369,35.7733,6.9613,25.294,26.281,494.6,Our World in Data / WHO,2026-09-30 02:09:07
3990,MNE,Montenegro,2021,7.7,138,22.0,22.0,19.6375,36.3294,7.0695,25.342,26.335,494.6,Our World in Data / WHO,2026-09-30 02:09:07
3991,MNE,Montenegro,2022,7.7,138,22.0,22.0,19.929,36.8686,7.1744,25.389,26.387,494.6,Our World in Data / WHO,2026-09-30 02:09:07
3992,MNG,Mongolia,1990,7.1,93,3.8,3.8,6.6465,12.296,2.3927,23.263,23.996,465.8,Our World in Data / WHO,2026-09-30 02:09:07
3993,MNG,Mongolia,1991,7.1,93,3.8,3.8,6.7907,12.5628,2.4447,23.287,24.022,465.8,Our World in Data / WHO,2026-09-30 02:09:07
3994,MNG,Mongolia,1992,7.1,93,3.8,3.8,6.944,12.8464,2.4998,23.311,24.05,465.8,Our World in Data / WHO,2026-09-30 02:09:07
3995,MNG,Mongolia,1993,7.1,93,3.8,3.8,7.1079,13.1496,2.5588,23.337,24.079,465.8,Our World in Data / WHO,2026-09-30 02:09:07
3996,MNG,Mongolia,1994,7.1,93,3.8,3.8,7.287,13.481,2.6233,23.366,24.112,465.8,Our World in Data / WHO,2026-09-30 02:09:07
3997,MNG,Mongolia,1995,7.1,93,3.8,3.8,7.4845,13.8463,2.6944,23.398,24.147,465.8,Our World in Data / WHO,2026-09-30 02:09:07
3998,MNG,Mongolia,1996,7.1,93,3.8,3.8,7.703,14.2506,2.7731,23.432,24.187,465.8,Our World in Data / WHO,2026-09-30 02:09:07
3999,MNG,Mongolia,1997,7.1,93,3.8,3.8,7.9468,14.7016,2.8608,23.471,24.23,465.8,Our World in Data / WHO,2026-09-30 02:09:07
4000,MNG,Mongolia,1998,7.1,93,3.8,3.8,8.2183,15.2039,2.9586,23.515,24.279,465.8,Our World in Data / WHO,2026-09-30 02:09:07
4001,MNG,Mongolia,1999,7.1,93,3.8,3.8,8.518,15.7583,3.0665,23.563,24.333,465.8,Our World in Data / WHO,2026-09-30 02:09:07
4002,MNG,Mongolia,2000,7.1,93,3.8,3.8,8.8539,16.3797,3.1874,23.617,24.394,465.8,Our World in Data / WHO,2026-09-30 02:09:07
4003,MNG,Mongolia,2001,7.1,96,3.87,3.87,9.2239,17.0642,3.3206,23.676,24.46,465.8,Our World in Data / WHO,2026-09-30 02:09:07
4004,MNG,Mongolia,2002,7.1,100,4.01,4.01,9.6177,17.7927,3.4624,23.739,24.531,465.8,Our World in Data / WHO,2026-09-30 02:09:07
4005,MNG,Mongolia,2003,7.1,105,4.19,4.19,10.034,18.5629,3.6122,23.805,24.606,465.8,Our World in Data / WHO,2026-09-30 02:09:07
4006,MNG,Mongolia,2004,7.1,110,4.33,4.33,10.4743,19.3775,3.7707,23.876,24.685,465.8,Our World in Data / WHO,2026-09-30 02:09:07
4007,MNG,Mongolia,2005,7.1,116,4.52,4.52,10.9431,20.2447,3.9395,23.951,24.77,465.8,Our World in Data / WHO,2026-09-30 02:09:07
4008,MNG,Mongolia,2006,7.1,119,4.59,4.59,11.447,21.1769,4.1209,24.032,24.86,465.8,Our World in Data / WHO,2026-09-30 02:09:07
4009,MNG,Mongolia,2007,7.1,122,4.69,4.69,11.9936,22.1882,4.3177,24.119,24.959,465.8,Our World in Data / WHO,2026-09-30 02:09:07
4010,MNG,Mongolia,2008,7.1,129,4.9,4.9,12.5905,23.2924,4.5326,24.214,25.066,465.8,Our World in Data / WHO,2026-09-30 02:09:07
4011,MNG,Mongolia,2009,7.1,136,5.12,5.12,13.2362,24.487,4.765,24.318,25.183,465.8,Our World in Data / WHO,2026-09-30 02:09:07
4012,MNG,Mongolia,2010,7.1,145,5.35,5.35,13.9259,25.7629,5.0133,24.428,25.307,465.8,Our World in Data / WHO,2026-09-30 02:09:07
4013,MNG,Mongolia,2011,7.1,155,5.66,5.66,14.653,27.108,5.2751,24.544,25.438,465.8,Our World in Data / WHO,2026-09-30 02:09:07
4014,MNG,Mongolia,2012,7.1,161,5.75,5.75,15.4113,28.5109,5.5481,24.666,25.574,465.8,Our World in Data / WHO,2026-09-30 02:09:07
4015,MNG,Mongolia,2013,7.1,169,5.94,5.94,16.1959,29.9624,5.8305,24.791,25.715,465.8,Our World in Data / WHO,2026-09-30 02:09:07
4016,MNG,Mongolia,2014,7.1,175,6.03,6.03,16.9935,31.438,6.1177,24.919,25.859,465.8,Our World in Data / WHO,2026-09-30 02:09:07
4017,MNG,Mongolia,2015,7.1,189,6.38,6.38,17.8053,32.9398,6.4099,25.049,26.005,465.8,Our World in Data / WHO,2026-09-30 02:09:07
4018,MNG,Mongolia,2016,7.1,202,6.66,6.66,18.6383,34.4809,6.7098,25.182,26.155,465.8,Our World in Data / WHO,2026-09-30 02:09:07
4019,MNG,Mongolia,2017,7.1,215,6.96,6.96,19.481,36.0398,7.0132,25.317,26.307,465.8,Our World in Data / WHO,2026-09-30 02:09:07
4020,MNG,Mongolia,2018,7.1,219,6.93,6.93,20.3359,37.6214,7.3209,25.454,26.46,465.8,Our World in Data / WHO,2026-09-30 02:09:07
4021,MNG,Mongolia,2019,7.1,235,7.28,7.28,21.2097,39.2379,7.6355,25.594,26.618,465.8,Our World in Data / WHO,2026-09-30 02:09:07
4022,MNG,Mongolia,2020,7.1,197,5.98,5.98,22.0908,40.868,7.9527,25.735,26.776,465.8,Our World in Data / WHO,2026-09-30 02:09:07
4023,MNG,Mongolia,2021,7.1,226,6.74,6.74,22.9604,42.4767,8.2657,25.874,26.933,465.8,Our World in Data / WHO,2026-09-30 02:09:07
4024,MNG,Mongolia,2022,7.1,226,6.74,6.74,23.8285,44.0827,8.5783,26.013,27.089,465.8,Our World in Data / WHO,2026-09-30 02:09:07
4025,MOZ,Mozambique,1990,3.1,2213,12.45,12.45,1.4842,6.0,0.5343,22.437,23.067,273.8,Our World in Data / WHO,2026-09-30 02:09:07
4026,MOZ,Mozambique,1991,3.1,2213,12.45,12.45,1.5586,6.0,0.5611,22.449,23.081,273.8,Our World in Data / WHO,2026-09-30 02:09:07
4027,MOZ,Mozambique,1992,3.1,2213,12.45,12.45,1.6381,6.0,0.5897,22.462,23.095,273.8,Our World in Data / WHO,2026-09-30 02:09:07
4028,MOZ,Mozambique,1993,3.1,2213,12.45,12.45,1.7245,6.0,0.6208,22.476,23.11,273.8,Our World in Data / WHO,2026-09-30 02:09:07
4029,MOZ,Mozambique,1994,3.1,2213,12.45,12.45,1.8187,6.0,0.6547,22.491,23.127,273.8,Our World in Data / WHO,2026-09-30 02:09:07
4030,MOZ,Mozambique,1995,3.1,2213,12.45,12.45,1.9212,6.0,0.6916,22.507,23.146,273.8,Our World in Data / WHO,2026-09-30 02:09:07
4031,MOZ,Mozambique,1996,3.1,2213,12.45,12.45,2.0318,6.0,0.7314,22.525,23.166,273.8,Our World in Data / WHO,2026-09-30 02:09:07
4032,MOZ,Mozambique,1997,3.1,2213,12.45,12.45,2.154,6.0,0.7754,22.545,23.188,273.8,Our World in Data / WHO,2026-09-30 02:09:07
4033,MOZ,Mozambique,1998,3.1,2213,12.45,12.45,2.2895,6.0,0.8242,22.566,23.212,273.8,Our World in Data / WHO,2026-09-30 02:09:07
4034,MOZ,Mozambique,1999,3.1,2213,12.45,12.45,2.4383,6.0,0.8778,22.59,23.239,273.8,Our World in Data / WHO,2026-09-30 02:09:07
4035,MOZ,Mozambique,2000,3.1,2213,12.45,12.45,2.6002,6.0,0.9361,22.616,23.268,273.8,Our World in Data / WHO,2026-09-30 02:09:07
4036,MOZ,Mozambique,2001,3.1,2185,11.99,11.99,2.7719,6.0,0.9979,22.644,23.299,273.8,Our World in Data / WHO,2026-09-30 02:09:07
4037,MOZ,Mozambique,2002,3.1,2250,12.04,12.04,2.952,6.0,1.0627,22.672,23.331,273.8,Our World in Data / WHO,2026-09-30 02:09:07
4038,MOZ,Mozambique,2003,3.1,2266,11.81,11.81,3.1409,6.0,1.1307,22.703,23.365,273.8,Our World in Data / WHO,2026-09-30 02:09:07
4039,MOZ,Mozambique,2004,3.1,2328,11.82,11.82,3.3371,6.1736,1.2014,22.734,23.401,273.8,Our World in Data / WHO,2026-09-30 02:09:07
4040,MOZ,Mozambique,2005,3.1,2417,11.96,11.96,3.5395,6.5481,1.2742,22.766,23.437,273.8,Our World in Data / WHO,2026-09-30 02:09:07
4041,MOZ,Mozambique,2006,3.1,2711,13.07,13.07,3.7468,6.9316,1.3488,22.799,23.474,273.8,Our World in Data / WHO,2026-09-30 02:09:07
4042,MOZ,Mozambique,2007,3.1,3183,14.96,14.96,3.9588,7.3238,1.4252,22.833,23.513,273.8,Our World in Data / WHO,2026-09-30 02:09:07
4043,MOZ,Mozambique,2008,3.1,3425,15.68,15.68,4.177,7.7274,1.5037,22.868,23.552,273.8,Our World in Data / WHO,2026-09-30 02:09:07
4044,MOZ,Mozambique,2009,3.1,3689,16.44,16.44,4.4023,8.1443,1.5848,22.904,23.592,273.8,Our World in Data / WHO,2026-09-30 02:09:07
4045,MOZ,Mozambique,2010,3.1,3966,17.19,17.19,4.6366,8.5777,1.6692,22.942,23.635,273.8,Our World in Data / WHO,2026-09-30 02:09:07
4046,MOZ,Mozambique,2011,3.1,4170,17.55,17.55,4.8802,9.0284,1.7569,22.981,23.678,273.8,Our World in Data / WHO,2026-09-30 02:09:07
4047,MOZ,Mozambique,2012,3.1,4289,17.52,17.52,5.1355,9.5007,1.8488,23.022,23.724,273.8,Our World in Data / WHO,2026-09-30 02:09:07
4048,MOZ,Mozambique,2013,3.1,4653,18.43,18.43,5.4066,10.0022,1.9464,23.065,23.773,273.8,Our World in Data / WHO,2026-09-30 02:09:07
4049,MOZ,Mozambique,2014,3.1,5154,19.8,19.8,5.6931,10.5322,2.0495,23.111,23.825,273.8,Our World in Data / WHO,2026-09-30 02:09:07
4050,MOZ,Mozambique,2015,3.1,5375,20.02,20.02,5.9941,11.0891,2.1579,23.159,23.879,273.8,Our World in Data / WHO,2026-09-30 02:09:07
4051,MOZ,Mozambique,2016,3.1,5860,21.16,21.16,6.307,11.668,2.2705,23.209,23.935,273.8,Our World in Data / WHO,2026-09-30 02:09:07
4052,MOZ,Mozambique,2017,3.1,6209,21.73,21.73,6.6299,12.2653,2.3868,23.261,23.993,273.8,Our World in Data / WHO,2026-09-30 02:09:07
4053,MOZ,Mozambique,2018,3.1,6349,21.58,21.58,6.9657,12.8865,2.5077,23.315,24.054,273.8,Our World in Data / WHO,2026-09-30 02:09:07
4054,MOZ,Mozambique,2019,3.1,6206,20.49,20.49,7.3177,13.5377,2.6344,23.371,24.117,273.8,Our World in Data / WHO,2026-09-30 02:09:07
4055,MOZ,Mozambique,2020,3.1,6337,20.33,20.33,7.686,14.2191,2.767,23.43,24.183,273.8,Our World in Data / WHO,2026-09-30 02:09:07
4056,MOZ,Mozambique,2021,3.1,6067,18.91,18.91,8.0696,14.9288,2.9051,23.491,24.253,273.8,Our World in Data / WHO,2026-09-30 02:09:07
4057,MOZ,Mozambique,2022,3.1,6067,18.91,18.91,8.4746,15.678,3.0509,23.556,24.325,273.8,Our World in Data / WHO,2026-09-30 02:09:07
4058,MRT,Mauritania,1990,4.3,271,10.06,10.06,6.0863,11.2597,2.1911,23.174,23.896,331.4,Our World in Data / WHO,2026-09-30 02:09:07
4059,MRT,Mauritania,1991,4.3,271,10.06,10.06,6.3832,11.8089,2.298,23.221,23.949,331.4,Our World in Data / WHO,2026-09-30 02:09:07
4060,MRT,Mauritania,1992,4.3,271,10.06,10.06,6.6842,12.3658,2.4063,23.269,24.003,331.4,Our World in Data / WHO,2026-09-30 02:09:07
4061,MRT,Mauritania,1993,4.3,271,10.06,10.06,7.0048,12.9589,2.5217,23.321,24.061,331.4,Our World in Data / WHO,2026-09-30 02:09:07
4062,MRT,Mauritania,1994,4.3,271,10.06,10.06,7.3598,13.6156,2.6495,23.378,24.125,331.4,Our World in Data / WHO,2026-09-30 02:09:07
4063,MRT,Mauritania,1995,4.3,271,10.06,10.06,7.7497,14.3369,2.7899,23.44,24.195,331.4,Our World in Data / WHO,2026-09-30 02:09:07
4064,MRT,Mauritania,1996,4.3,271,10.06,10.06,8.1773,15.128,2.9438,23.508,24.272,331.4,Our World in Data / WHO,2026-09-30 02:09:07
4065,MRT,Mauritania,1997,4.3,271,10.06,10.06,8.6262,15.9585,3.1054,23.58,24.353,331.4,Our World in Data / WHO,2026-09-30 02:09:07
4066,MRT,Mauritania,1998,4.3,271,10.06,10.06,9.0928,16.8217,3.2734,23.655,24.437,331.4,Our World in Data / WHO,2026-09-30 02:09:07
4067,MRT,Mauritania,1999,4.3,271,10.06,10.06,9.5774,17.7182,3.4479,23.732,24.524,331.4,Our World in Data / WHO,2026-09-30 02:09:07
4068,MRT,Mauritania,2000,4.3,271,10.06,10.06,10.0722,18.6336,3.626,23.812,24.613,331.4,Our World in Data / WHO,2026-09-30 02:09:07
4069,MRT,Mauritania,2001,4.3,275,9.97,9.97,10.5967,19.6039,3.8148,23.895,24.707,331.4,Our World in Data / WHO,2026-09-30 02:09:07
4070,MRT,Mauritania,2002,4.3,284,10.05,10.05,11.144,20.6164,4.0118,23.983,24.806,331.4,Our World in Data / WHO,2026-09-30 02:09:07
4071,MRT,Mauritania,2003,4.3,289,10.02,10.02,11.6862,21.6195,4.207,24.07,24.904,331.4,Our World in Data / WHO,2026-09-30 02:09:07
4072,MRT,Mauritania,2004,4.3,302,10.26,10.26,12.2172,22.6018,4.3982,24.155,24.999,331.4,Our World in Data / WHO,2026-09-30 02:09:07
4073,MRT,Mauritania,2005,4.3,298,9.89,9.89,12.7319,23.554,4.5835,24.237,25.092,331.4,Our World in Data / WHO,2026-09-30 02:09:07
4074,MRT,Mauritania,2006,4.3,311,10.11,10.11,13.2253,24.4668,4.7611,24.316,25.181,331.4,Our World in Data / WHO,2026-09-30 02:09:07
4075,MRT,Mauritania,2007,4.3,322,10.21,10.21,13.6914,25.3291,4.9289,24.391,25.264,331.4,Our World in Data / WHO,2026-09-30 02:09:07
4076,MRT,Mauritania,2008,4.3,338,10.44,10.44,14.1249,26.1311,5.085,24.46,25.342,331.4,Our World in Data / WHO,2026-09-30 02:09:07
4077,MRT,Mauritania,2009,4.3,371,11.16,11.16,14.5355,26.8907,5.2328,24.526,25.416,331.4,Our World in Data / WHO,2026-09-30 02:09:07
4078,MRT,Mauritania,2010,4.3,406,11.88,11.88,14.9397,27.6384,5.3783,24.59,25.489,331.4,Our World in Data / WHO,2026-09-30 02:09:07
4079,MRT,Mauritania,2011,4.3,437,12.41,12.41,15.3443,28.387,5.5239,24.655,25.562,331.4,Our World in Data / WHO,2026-09-30 02:09:07
4080,MRT,Mauritania,2012,4.3,496,13.64,13.64,15.765,29.1653,5.6754,24.722,25.638,331.4,Our World in Data / WHO,2026-09-30 02:09:07
4081,MRT,Mauritania,2013,4.3,517,13.82,13.82,16.1921,29.9554,5.8292,24.791,25.715,331.4,Our World in Data / WHO,2026-09-30 02:09:07
4082,MRT,Mauritania,2014,4.3,524,13.63,13.63,16.6286,30.7629,5.9863,24.861,25.793,331.4,Our World in Data / WHO,2026-09-30 02:09:07
4083,MRT,Mauritania,2015,4.3,523,13.26,13.26,17.096,31.6276,6.1546,24.935,25.877,331.4,Our World in Data / WHO,2026-09-30 02:09:07
4084,MRT,Mauritania,2016,4.3,540,13.31,13.31,17.5932,32.5474,6.3336,25.015,25.967,331.4,Our World in Data / WHO,2026-09-30 02:09:07
4085,MRT,Mauritania,2017,4.3,552,13.28,13.28,18.1141,33.5111,6.5211,25.098,26.061,331.4,Our World in Data / WHO,2026-09-30 02:09:07
4086,MRT,Mauritania,2018,4.3,567,13.27,13.27,18.6551,34.5119,6.7158,25.185,26.158,331.4,Our World in Data / WHO,2026-09-30 02:09:07
4087,MRT,Mauritania,2019,4.3,580,13.24,13.24,19.2122,35.5426,6.9164,25.274,26.258,331.4,Our World in Data / WHO,2026-09-30 02:09:07
4088,MRT,Mauritania,2020,4.3,618,13.73,13.73,19.7825,36.5976,7.1217,25.365,26.361,331.4,Our World in Data / WHO,2026-09-30 02:09:07
4089,MRT,Mauritania,2021,4.3,598,12.96,12.96,20.3573,37.661,7.3286,25.457,26.464,331.4,Our World in Data / WHO,2026-09-30 02:09:07
4090,MRT,Mauritania,2022,4.3,598,12.96,12.96,20.9348,38.7294,7.5365,25.55,26.568,331.4,Our World in Data / WHO,2026-09-30 02:09:07
4091,MUS,Mauritius,1990,15.0,1221,100.46,100.46,7.6728,14.1947,2.7622,23.428,24.181,845.0,Our World in Data / WHO,2026-09-30 02:09:07
4092,MUS,Mauritius,1991,15.0,1221,100.46,100.46,8.1185,15.0192,2.9227,23.499,24.261,845.0,Our World in Data / WHO,2026-09-30 02:09:07
4093,MUS,Mauritius,1992,15.0,1221,100.46,100.46,8.5706,15.8556,3.0854,23.571,24.343,845.0,Our World in Data / WHO,2026-09-30 02:09:07
4094,MUS,Mauritius,1993,15.0,1221,100.46,100.46,9.0243,16.695,3.2487,23.644,24.424,845.0,Our World in Data / WHO,2026-09-30 02:09:07
4095,MUS,Mauritius,1994,15.0,1221,100.46,100.46,9.4801,17.5382,3.4128,23.717,24.506,845.0,Our World in Data / WHO,2026-09-30 02:09:07
4096,MUS,Mauritius,1995,15.0,1221,100.46,100.46,9.9375,18.3844,3.5775,23.79,24.589,845.0,Our World in Data / WHO,2026-09-30 02:09:07
4097,MUS,Mauritius,1996,15.0,1221,100.46,100.46,10.397,19.2345,3.7429,23.864,24.671,845.0,Our World in Data / WHO,2026-09-30 02:09:07
4098,MUS,Mauritius,1997,15.0,1221,100.46,100.46,10.8601,20.0912,3.9096,23.938,24.755,845.0,Our World in Data / WHO,2026-09-30 02:09:07
4099,MUS,Mauritius,1998,15.0,1221,100.46,100.46,11.3281,20.957,4.0781,24.012,24.839,845.0,Our World in Data / WHO,2026-09-30 02:09:07
4100,MUS,Mauritius,1999,15.0,1221,100.46,100.46,11.8018,21.8333,4.2486,24.088,24.924,845.0,Our World in Data / WHO,2026-09-30 02:09:07
4101,MUS,Mauritius,2000,15.0,1221,100.46,100.46,12.2791,22.7163,4.4205,24.165,25.01,845.0,Our World in Data / WHO,2026-09-30 02:09:07
4102,MUS,Mauritius,2001,14.9818,1270,103.68,103.68,12.759,23.6042,4.5932,24.241,25.097,844.13,Our World in Data / WHO,2026-09-30 02:09:07
4103,MUS,Mauritius,2002,14.9636,1347,109.17,109.17,13.2376,24.4896,4.7655,24.318,25.183,843.25,Our World in Data / WHO,2026-09-30 02:09:07
4104,MUS,Mauritius,2003,14.9455,1445,116.28,116.28,13.7099,25.3633,4.9356,24.394,25.268,842.38,Our World in Data / WHO,2026-09-30 02:09:07
4105,MUS,Mauritius,2004,14.9273,1525,121.96,121.96,14.17,26.2145,5.1012,24.467,25.351,841.51,Our World in Data / WHO,2026-09-30 02:09:07
4106,MUS,Mauritius,2005,14.9091,1455,115.69,115.69,14.6114,27.0311,5.2601,24.538,25.43,840.64,Our World in Data / WHO,2026-09-30 02:09:07
4107,MUS,Mauritius,2006,14.8909,1591,125.78,125.78,15.0278,27.8014,5.41,24.604,25.505,839.76,Our World in Data / WHO,2026-09-30 02:09:07
4108,MUS,Mauritius,2007,14.8727,1620,127.5,127.5,15.4167,28.5209,5.55,24.667,25.575,838.89,Our World in Data / WHO,2026-09-30 02:09:07
4109,MUS,Mauritius,2008,14.8545,1640,128.59,128.59,15.7714,29.1771,5.6777,24.723,25.639,838.02,Our World in Data / WHO,2026-09-30 02:09:07
4110,MUS,Mauritius,2009,14.8364,1640,128.14,128.14,16.09,29.7665,5.7924,24.774,25.696,837.15,Our World in Data / WHO,2026-09-30 02:09:07
4111,MUS,Mauritius,2010,14.8182,1714,133.56,133.56,16.3821,30.3069,5.8976,24.821,25.749,836.27,Our World in Data / WHO,2026-09-30 02:09:07
4112,MUS,Mauritius,2011,14.8,1878,146.0,146.0,16.6572,30.8158,5.9966,24.865,25.798,835.4,Our World in Data / WHO,2026-09-30 02:09:07
4113,MUS,Mauritius,2012,14.8,1983,153.88,153.88,16.9204,31.3027,6.0913,24.907,25.846,835.4,Our World in Data / WHO,2026-09-30 02:09:07
4114,MUS,Mauritius,2013,14.8,1883,145.92,145.92,17.1832,31.7889,6.186,24.949,25.893,835.4,Our World in Data / WHO,2026-09-30 02:09:07
4115,MUS,Mauritius,2014,14.8,1935,149.78,149.78,17.4572,32.2958,6.2846,24.993,25.942,835.4,Our World in Data / WHO,2026-09-30 02:09:07
4116,MUS,Mauritius,2015,14.8,1897,146.7,146.7,17.7488,32.8353,6.3896,25.04,25.995,835.4,Our World in Data / WHO,2026-09-30 02:09:07
4117,MUS,Mauritius,2016,14.8,1834,141.76,141.76,18.0628,33.4162,6.5026,25.09,26.051,835.4,Our World in Data / WHO,2026-09-30 02:09:07
4118,MUS,Mauritius,2017,14.8,1892,146.09,146.09,18.3905,34.0224,6.6206,25.142,26.11,835.4,Our World in Data / WHO,2026-09-30 02:09:07
4119,MUS,Mauritius,2018,14.8,1710,132.02,132.02,18.728,34.6468,6.7421,25.196,26.171,835.4,Our World in Data / WHO,2026-09-30 02:09:07
4120,MUS,Mauritius,2019,14.8,1852,142.86,142.86,19.0816,35.301,6.8694,25.253,26.235,835.4,Our World in Data / WHO,2026-09-30 02:09:07
4121,MUS,Mauritius,2020,14.8,1989,153.22,153.22,19.4513,35.9849,7.0025,25.312,26.301,835.4,Our World in Data / WHO,2026-09-30 02:09:07
4122,MUS,Mauritius,2021,14.8,1903,146.5,146.5,19.8329,36.6909,7.1398,25.373,26.37,835.4,Our World in Data / WHO,2026-09-30 02:09:07
4123,MUS,Mauritius,2022,14.8,1903,146.5,146.5,20.2419,37.4475,7.2871,25.439,26.444,835.4,Our World in Data / WHO,2026-09-30 02:09:07
4124,MWI,Malawi,1990,5.6,2333,20.78,20.78,1.0099,6.0,0.3636,22.362,22.982,393.8,Our World in Data / WHO,2026-09-30 02:09:07
4125,MWI,Malawi,1991,5.6,2333,20.78,20.78,1.0648,6.0,0.3833,22.37,22.992,393.8,Our World in Data / WHO,2026-09-30 02:09:07
4126,MWI,Malawi,1992,5.6,2333,20.78,20.78,1.1243,6.0,0.4047,22.38,23.002,393.8,Our World in Data / WHO,2026-09-30 02:09:07
4127,MWI,Malawi,1993,5.6,2333,20.78,20.78,1.1888,6.0,0.428,22.39,23.014,393.8,Our World in Data / WHO,2026-09-30 02:09:07
4128,MWI,Malawi,1994,5.6,2333,20.78,20.78,1.2586,6.0,0.4531,22.401,23.027,393.8,Our World in Data / WHO,2026-09-30 02:09:07
4129,MWI,Malawi,1995,5.6,2333,20.78,20.78,1.3344,6.0,0.4804,22.414,23.04,393.8,Our World in Data / WHO,2026-09-30 02:09:07
4130,MWI,Malawi,1996,5.6,2333,20.78,20.78,1.4173,6.0,0.5102,22.427,23.055,393.8,Our World in Data / WHO,2026-09-30 02:09:07
4131,MWI,Malawi,1997,5.6,2333,20.78,20.78,1.5078,6.0,0.5428,22.441,23.071,393.8,Our World in Data / WHO,2026-09-30 02:09:07
4132,MWI,Malawi,1998,5.6,2333,20.78,20.78,1.6061,6.0,0.5782,22.457,23.089,393.8,Our World in Data / WHO,2026-09-30 02:09:07
4133,MWI,Malawi,1999,5.6,2333,20.78,20.78,1.7101,6.0,0.6156,22.474,23.108,393.8,Our World in Data / WHO,2026-09-30 02:09:07
4134,MWI,Malawi,2000,5.6,2333,20.78,20.78,1.819,6.0,0.6548,22.491,23.127,393.8,Our World in Data / WHO,2026-09-30 02:09:07
4135,MWI,Malawi,2001,5.6,2393,20.81,20.81,1.9349,6.0,0.6966,22.51,23.148,393.8,Our World in Data / WHO,2026-09-30 02:09:07
4136,MWI,Malawi,2002,5.6,2464,20.91,20.91,2.0572,6.0,0.7406,22.529,23.17,393.8,Our World in Data / WHO,2026-09-30 02:09:07
4137,MWI,Malawi,2003,5.6,2649,21.91,21.91,2.1857,6.0,0.7869,22.55,23.193,393.8,Our World in Data / WHO,2026-09-30 02:09:07
4138,MWI,Malawi,2004,5.6,2735,22.03,22.03,2.3191,6.0,0.8349,22.571,23.217,393.8,Our World in Data / WHO,2026-09-30 02:09:07
4139,MWI,Malawi,2005,5.6,2727,21.38,21.38,2.4576,6.0,0.8847,22.593,23.242,393.8,Our World in Data / WHO,2026-09-30 02:09:07
4140,MWI,Malawi,2006,5.6,2984,22.75,22.75,2.6002,6.0,0.9361,22.616,23.268,393.8,Our World in Data / WHO,2026-09-30 02:09:07
4141,MWI,Malawi,2007,5.6,2989,22.15,22.15,2.7476,6.0,0.9891,22.64,23.295,393.8,Our World in Data / WHO,2026-09-30 02:09:07
4142,MWI,Malawi,2008,5.6,2832,20.39,20.39,2.9035,6.0,1.0453,22.665,23.323,393.8,Our World in Data / WHO,2026-09-30 02:09:07
4143,MWI,Malawi,2009,5.6,2756,19.28,19.28,3.0677,6.0,1.1044,22.691,23.352,393.8,Our World in Data / WHO,2026-09-30 02:09:07
4144,MWI,Malawi,2010,5.6,2617,17.78,17.78,3.2396,6.0,1.1663,22.718,23.383,393.8,Our World in Data / WHO,2026-09-30 02:09:07
4145,MWI,Malawi,2011,5.6,2617,17.28,17.28,3.4216,6.33,1.2318,22.747,23.416,393.8,Our World in Data / WHO,2026-09-30 02:09:07
4146,MWI,Malawi,2012,5.6,2600,16.69,16.69,3.6146,6.687,1.3013,22.778,23.451,393.8,Our World in Data / WHO,2026-09-30 02:09:07
4147,MWI,Malawi,2013,5.6,2558,15.96,15.96,3.82,7.067,1.3752,22.811,23.488,393.8,Our World in Data / WHO,2026-09-30 02:09:07
4148,MWI,Malawi,2014,5.6,2598,15.77,15.77,4.0376,7.4696,1.4535,22.846,23.527,393.8,Our World in Data / WHO,2026-09-30 02:09:07
4149,MWI,Malawi,2015,5.6,2692,15.89,15.89,4.2656,7.8914,1.5356,22.882,23.568,393.8,Our World in Data / WHO,2026-09-30 02:09:07
4150,MWI,Malawi,2016,5.6,2778,15.96,15.96,4.5013,8.3274,1.6205,22.92,23.61,393.8,Our World in Data / WHO,2026-09-30 02:09:07
4151,MWI,Malawi,2017,5.6,2914,16.3,16.3,4.7449,8.7781,1.7082,22.959,23.654,393.8,Our World in Data / WHO,2026-09-30 02:09:07
4152,MWI,Malawi,2018,5.6,3014,16.41,16.41,4.9983,9.2469,1.7994,23.0,23.7,393.8,Our World in Data / WHO,2026-09-30 02:09:07
4153,MWI,Malawi,2019,5.6,3170,16.8,16.8,5.2603,9.7316,1.8937,23.042,23.747,393.8,Our World in Data / WHO,2026-09-30 02:09:07
4154,MWI,Malawi,2020,5.6,3372,17.4,17.4,5.5294,10.2294,1.9906,23.085,23.795,393.8,Our World in Data / WHO,2026-09-30 02:09:07
4155,MWI,Malawi,2021,5.6,3363,16.91,16.91,5.8049,10.7391,2.0898,23.129,23.845,393.8,Our World in Data / WHO,2026-09-30 02:09:07
4156,MWI,Malawi,2022,5.6,3363,16.91,16.91,6.0888,11.2643,2.192,23.174,23.896,393.8,Our World in Data / WHO,2026-09-30 02:09:07
4157,MYS,Malaysia,1990,12.1,3096,13.49,13.49,4.8597,8.9904,1.7495,22.978,23.675,705.8,Our World in Data / WHO,2026-09-30 02:09:07
4158,MYS,Malaysia,1991,12.1,3096,13.49,13.49,5.1958,9.6122,1.8705,23.031,23.735,705.8,Our World in Data / WHO,2026-09-30 02:09:07
4159,MYS,Malaysia,1992,12.1,3096,13.49,13.49,5.5481,10.264,1.9973,23.088,23.799,705.8,Our World in Data / WHO,2026-09-30 02:09:07
4160,MYS,Malaysia,1993,12.1,3096,13.49,13.49,5.92,10.952,2.1312,23.147,23.866,705.8,Our World in Data / WHO,2026-09-30 02:09:07
4161,MYS,Malaysia,1994,12.1,3096,13.49,13.49,6.3153,11.6833,2.2735,23.21,23.937,705.8,Our World in Data / WHO,2026-09-30 02:09:07
4162,MYS,Malaysia,1995,12.1,3096,13.49,13.49,6.7361,12.4618,2.425,23.278,24.012,705.8,Our World in Data / WHO,2026-09-30 02:09:07
4163,MYS,Malaysia,1996,12.1,3096,13.49,13.49,7.184,13.2904,2.5862,23.349,24.093,705.8,Our World in Data / WHO,2026-09-30 02:09:07
4164,MYS,Malaysia,1997,12.1,3096,13.49,13.49,7.6605,14.1719,2.7578,23.426,24.179,705.8,Our World in Data / WHO,2026-09-30 02:09:07
4165,MYS,Malaysia,1998,12.1,3096,13.49,13.49,8.1624,15.1004,2.9385,23.506,24.269,705.8,Our World in Data / WHO,2026-09-30 02:09:07
4166,MYS,Malaysia,1999,12.1,3096,13.49,13.49,8.6882,16.0732,3.1278,23.59,24.364,705.8,Our World in Data / WHO,2026-09-30 02:09:07
4167,MYS,Malaysia,2000,12.1,3096,13.49,13.49,9.2283,17.0724,3.3222,23.677,24.461,705.8,Our World in Data / WHO,2026-09-30 02:09:07
4168,MYS,Malaysia,2001,12.1,3136,13.32,13.32,9.7685,18.0717,3.5167,23.763,24.558,705.8,Our World in Data / WHO,2026-09-30 02:09:07
4169,MYS,Malaysia,2002,12.1,3236,13.4,13.4,10.3084,19.0705,3.711,23.849,24.656,705.8,Our World in Data / WHO,2026-09-30 02:09:07
4170,MYS,Malaysia,2003,12.1,3421,13.83,13.83,10.8553,20.0823,3.9079,23.937,24.754,705.8,Our World in Data / WHO,2026-09-30 02:09:07
4171,MYS,Malaysia,2004,12.1,3459,13.65,13.65,11.4123,21.1128,4.1084,24.026,24.854,705.8,Our World in Data / WHO,2026-09-30 02:09:07
4172,MYS,Malaysia,2005,12.1,3466,13.37,13.37,11.9789,22.161,4.3124,24.117,24.956,705.8,Our World in Data / WHO,2026-09-30 02:09:07
4173,MYS,Malaysia,2006,12.1,3448,13.01,13.01,12.5522,23.2216,4.5188,24.208,25.059,705.8,Our World in Data / WHO,2026-09-30 02:09:07
4174,MYS,Malaysia,2007,12.1,3439,12.7,12.7,13.129,24.2886,4.7264,24.301,25.163,705.8,Our World in Data / WHO,2026-09-30 02:09:07
4175,MYS,Malaysia,2008,12.1,3551,12.83,12.83,13.7119,25.367,4.9363,24.394,25.268,705.8,Our World in Data / WHO,2026-09-30 02:09:07
4176,MYS,Malaysia,2009,12.1,3648,12.93,12.93,14.2947,26.4452,5.1461,24.487,25.373,705.8,Our World in Data / WHO,2026-09-30 02:09:07
4177,MYS,Malaysia,2010,12.1,3683,12.82,12.82,14.8757,27.52,5.3553,24.58,25.478,705.8,Our World in Data / WHO,2026-09-30 02:09:07
4178,MYS,Malaysia,2011,12.1,3628,12.43,12.43,15.4574,28.5962,5.5647,24.673,25.582,705.8,Our World in Data / WHO,2026-09-30 02:09:07
4179,MYS,Malaysia,2012,12.1,3582,12.08,12.08,16.0404,29.6747,5.7745,24.766,25.687,705.8,Our World in Data / WHO,2026-09-30 02:09:07
4180,MYS,Malaysia,2013,12.1,3707,12.3,12.3,16.6303,30.7661,5.9869,24.861,25.793,705.8,Our World in Data / WHO,2026-09-30 02:09:07
4181,MYS,Malaysia,2014,12.1,3942,12.88,12.88,17.2311,31.8775,6.2032,24.957,25.902,705.8,Our World in Data / WHO,2026-09-30 02:09:07
4182,MYS,Malaysia,2015,12.1,4386,14.12,14.12,17.8444,33.0121,6.424,25.055,26.012,705.8,Our World in Data / WHO,2026-09-30 02:09:07
4183,MYS,Malaysia,2016,12.1,4535,14.39,14.39,18.4656,34.1614,6.6476,25.154,26.124,705.8,Our World in Data / WHO,2026-09-30 02:09:07
4184,MYS,Malaysia,2017,12.1,4830,15.11,15.11,19.0864,35.3098,6.8711,25.254,26.236,705.8,Our World in Data / WHO,2026-09-30 02:09:07
4185,MYS,Malaysia,2018,12.1,5061,15.62,15.62,19.7073,36.4585,7.0946,25.353,26.347,705.8,Our World in Data / WHO,2026-09-30 02:09:07
4186,MYS,Malaysia,2019,12.1,5283,16.1,16.1,20.331,37.6124,7.3192,25.453,26.46,705.8,Our World in Data / WHO,2026-09-30 02:09:07
4187,MYS,Malaysia,2020,12.1,4660,14.03,14.03,20.9663,38.7877,7.5479,25.555,26.574,705.8,Our World in Data / WHO,2026-09-30 02:09:07
4188,MYS,Malaysia,2021,12.1,5896,17.56,17.56,21.6164,39.9903,7.7819,25.659,26.691,705.8,Our World in Data / WHO,2026-09-30 02:09:07
4189,MYS,Malaysia,2022,12.1,5896,17.56,17.56,22.2736,41.2062,8.0185,25.764,26.809,705.8,Our World in Data / WHO,2026-09-30 02:09:07
4190,NAM,Namibia,1990,7.8,401,22.06,22.06,4.9015,9.0678,1.7645,22.984,23.682,499.4,Our World in Data / WHO,2026-09-30 02:09:07
4191,NAM,Namibia,1991,7.8,401,22.06,22.06,5.1498,9.5271,1.8539,23.024,23.727,499.4,Our World in Data / WHO,2026-09-30 02:09:07
4192,NAM,Namibia,1992,7.8,401,22.06,22.06,5.4179,10.0231,1.9504,23.067,23.775,499.4,Our World in Data / WHO,2026-09-30 02:09:07
4193,NAM,Namibia,1993,7.8,401,22.06,22.06,5.7075,10.5589,2.0547,23.113,23.827,499.4,Our World in Data / WHO,2026-09-30 02:09:07
4194,NAM,Namibia,1994,7.8,401,22.06,22.06,6.0151,11.1279,2.1654,23.162,23.883,499.4,Our World in Data / WHO,2026-09-30 02:09:07
4195,NAM,Namibia,1995,7.8,401,22.06,22.06,6.3374,11.7242,2.2815,23.214,23.941,499.4,Our World in Data / WHO,2026-09-30 02:09:07
4196,NAM,Namibia,1996,7.8,401,22.06,22.06,6.6758,12.3502,2.4033,23.268,24.002,499.4,Our World in Data / WHO,2026-09-30 02:09:07
4197,NAM,Namibia,1997,7.8,401,22.06,22.06,7.0325,13.0101,2.5317,23.325,24.066,499.4,Our World in Data / WHO,2026-09-30 02:09:07
4198,NAM,Namibia,1998,7.8,401,22.06,22.06,7.4065,13.702,2.6663,23.385,24.133,499.4,Our World in Data / WHO,2026-09-30 02:09:07
4199,NAM,Namibia,1999,7.8,401,22.06,22.06,7.7933,14.4176,2.8056,23.447,24.203,499.4,Our World in Data / WHO,2026-09-30 02:09:07
4200,NAM,Namibia,2000,7.8,401,22.06,22.06,8.1888,15.1493,2.948,23.51,24.274,499.4,Our World in Data / WHO,2026-09-30 02:09:07
4201,NAM,Namibia,2001,7.8,415,22.37,22.37,8.5821,15.8769,3.0896,23.573,24.345,499.4,Our World in Data / WHO,2026-09-30 02:09:07
4202,NAM,Namibia,2002,7.8,442,23.42,23.42,8.966,16.5871,3.2278,23.635,24.414,499.4,Our World in Data / WHO,2026-09-30 02:09:07
4203,NAM,Namibia,2003,7.8,457,23.87,23.87,9.3486,17.2949,3.3655,23.696,24.483,499.4,Our World in Data / WHO,2026-09-30 02:09:07
4204,NAM,Namibia,2004,7.8,462,23.82,23.82,9.7277,17.9962,3.502,23.756,24.551,499.4,Our World in Data / WHO,2026-09-30 02:09:07
4205,NAM,Namibia,2005,7.8,466,23.75,23.75,10.0913,18.6689,3.6329,23.815,24.616,499.4,Our World in Data / WHO,2026-09-30 02:09:07
4206,NAM,Namibia,2006,7.8,467,23.5,23.5,10.4354,19.3055,3.7567,23.87,24.678,499.4,Our World in Data / WHO,2026-09-30 02:09:07
4207,NAM,Namibia,2007,7.8,463,23.0,23.0,10.7556,19.8979,3.872,23.921,24.736,499.4,Our World in Data / WHO,2026-09-30 02:09:07
4208,NAM,Namibia,2008,7.8,457,22.43,22.43,11.0398,20.4236,3.9743,23.966,24.787,499.4,Our World in Data / WHO,2026-09-30 02:09:07
4209,NAM,Namibia,2009,7.8,499,24.15,24.15,11.2927,20.8915,4.0654,24.007,24.833,499.4,Our World in Data / WHO,2026-09-30 02:09:07
4210,NAM,Namibia,2010,7.8,506,24.09,24.09,11.5421,21.3529,4.1552,24.047,24.878,499.4,Our World in Data / WHO,2026-09-30 02:09:07
4211,NAM,Namibia,2011,7.8,493,23.11,23.11,11.7918,21.8148,4.245,24.087,24.923,499.4,Our World in Data / WHO,2026-09-30 02:09:07
4212,NAM,Namibia,2012,7.8,503,23.2,23.2,12.044,22.2814,4.3358,24.127,24.968,499.4,Our World in Data / WHO,2026-09-30 02:09:07
4213,NAM,Namibia,2013,7.8,523,23.73,23.73,12.3195,22.7911,4.435,24.171,25.018,499.4,Our World in Data / WHO,2026-09-30 02:09:07
4214,NAM,Namibia,2014,7.8,564,25.14,25.14,12.629,23.3636,4.5464,24.221,25.073,499.4,Our World in Data / WHO,2026-09-30 02:09:07
4215,NAM,Namibia,2015,7.8,594,26.01,26.01,12.9677,23.9902,4.6684,24.275,25.134,499.4,Our World in Data / WHO,2026-09-30 02:09:07
4216,NAM,Namibia,2016,7.8,614,26.42,26.42,13.3213,24.6444,4.7957,24.331,25.198,499.4,Our World in Data / WHO,2026-09-30 02:09:07
4217,NAM,Namibia,2017,7.8,635,26.86,26.86,13.679,25.3062,4.9244,24.389,25.262,499.4,Our World in Data / WHO,2026-09-30 02:09:07
4218,NAM,Namibia,2018,7.8,660,27.42,27.42,14.0494,25.9914,5.0578,24.448,25.329,499.4,Our World in Data / WHO,2026-09-30 02:09:07
4219,NAM,Namibia,2019,7.8,689,28.16,28.16,14.4489,26.7305,5.2016,24.512,25.401,499.4,Our World in Data / WHO,2026-09-30 02:09:07
4220,NAM,Namibia,2020,7.8,767,30.81,30.81,14.8791,27.5263,5.3565,24.581,25.478,499.4,Our World in Data / WHO,2026-09-30 02:09:07
4221,NAM,Namibia,2021,7.8,707,27.94,27.94,15.3149,28.3326,5.5134,24.65,25.557,499.4,Our World in Data / WHO,2026-09-30 02:09:07
4222,NAM,Namibia,2022,7.8,707,27.94,27.94,15.7464,29.1308,5.6687,24.719,25.634,499.4,Our World in Data / WHO,2026-09-30 02:09:07
4223,NCL,New Caledonia,2011,8.6,1327,17.295,17.295,18.8889,34.9445,6.8,25.222,26.2,537.8,Our World in Data / WHO,2026-09-30 02:09:07
4224,NER,Niger,1990,4.2,903,7.77,7.77,0.828,6.0,0.2981,22.332,22.949,326.6,Our World in Data / WHO,2026-09-30 02:09:07
4225,NER,Niger,1991,4.2,903,7.77,7.77,0.8869,6.0,0.3193,22.342,22.96,326.6,Our World in Data / WHO,2026-09-30 02:09:07
4226,NER,Niger,1992,4.2,903,7.77,7.77,0.9511,6.0,0.3424,22.352,22.971,326.6,Our World in Data / WHO,2026-09-30 02:09:07
4227,NER,Niger,1993,4.2,903,7.77,7.77,1.0215,6.0,0.3677,22.363,22.984,326.6,Our World in Data / WHO,2026-09-30 02:09:07
4228,NER,Niger,1994,4.2,903,7.77,7.77,1.0986,6.0,0.3955,22.376,22.998,326.6,Our World in Data / WHO,2026-09-30 02:09:07
4229,NER,Niger,1995,4.2,903,7.77,7.77,1.1836,6.0,0.4261,22.389,23.013,326.6,Our World in Data / WHO,2026-09-30 02:09:07
4230,NER,Niger,1996,4.2,903,7.77,7.77,1.2776,6.0,0.4599,22.404,23.03,326.6,Our World in Data / WHO,2026-09-30 02:09:07
4231,NER,Niger,1997,4.2,903,7.77,7.77,1.3819,6.0,0.4975,22.421,23.049,326.6,Our World in Data / WHO,2026-09-30 02:09:07
4232,NER,Niger,1998,4.2,903,7.77,7.77,1.4968,6.0,0.5388,22.439,23.069,326.6,Our World in Data / WHO,2026-09-30 02:09:07
4233,NER,Niger,1999,4.2,903,7.77,7.77,1.6225,6.0,0.5841,22.46,23.092,326.6,Our World in Data / WHO,2026-09-30 02:09:07
4234,NER,Niger,2000,4.2,903,7.77,7.77,1.758,6.0,0.6329,22.481,23.116,326.6,Our World in Data / WHO,2026-09-30 02:09:07
4235,NER,Niger,2001,4.2,969,8.06,8.06,1.9016,6.0,0.6846,22.504,23.142,326.6,Our World in Data / WHO,2026-09-30 02:09:07
4236,NER,Niger,2002,4.2,1001,8.04,8.04,2.052,6.0,0.7387,22.528,23.169,326.6,Our World in Data / WHO,2026-09-30 02:09:07
4237,NER,Niger,2003,4.2,1060,8.22,8.22,2.2081,6.0,0.7949,22.553,23.197,326.6,Our World in Data / WHO,2026-09-30 02:09:07
4238,NER,Niger,2004,4.2,1081,8.09,8.09,2.3669,6.0,0.8521,22.579,23.226,326.6,Our World in Data / WHO,2026-09-30 02:09:07
4239,NER,Niger,2005,4.2,1160,8.37,8.37,2.5262,6.0,0.9094,22.604,23.255,326.6,Our World in Data / WHO,2026-09-30 02:09:07
4240,NER,Niger,2006,4.2,1182,8.23,8.23,2.6836,6.0,0.9661,22.629,23.283,326.6,Our World in Data / WHO,2026-09-30 02:09:07
4241,NER,Niger,2007,4.2,1254,8.42,8.42,2.8368,6.0,1.0212,22.654,23.311,326.6,Our World in Data / WHO,2026-09-30 02:09:07
4242,NER,Niger,2008,4.2,1269,8.21,8.21,2.9831,6.0,1.0739,22.677,23.337,326.6,Our World in Data / WHO,2026-09-30 02:09:07
4243,NER,Niger,2009,4.2,1358,8.47,8.47,3.1208,6.0,1.1235,22.699,23.362,326.6,Our World in Data / WHO,2026-09-30 02:09:07
4244,NER,Niger,2010,4.2,1441,8.66,8.66,3.2507,6.0138,1.1703,22.72,23.385,326.6,Our World in Data / WHO,2026-09-30 02:09:07
4245,NER,Niger,2011,4.2,1553,8.98,8.98,3.3756,6.2449,1.2152,22.74,23.408,326.6,Our World in Data / WHO,2026-09-30 02:09:07
4246,NER,Niger,2012,4.2,1643,9.15,9.15,3.5001,6.4752,1.26,22.76,23.43,326.6,Our World in Data / WHO,2026-09-30 02:09:07
4247,NER,Niger,2013,4.2,1741,9.34,9.34,3.6306,6.7166,1.307,22.781,23.454,326.6,Our World in Data / WHO,2026-09-30 02:09:07
4248,NER,Niger,2014,4.2,1829,9.44,9.44,3.7727,6.9795,1.3582,22.804,23.479,326.6,Our World in Data / WHO,2026-09-30 02:09:07
4249,NER,Niger,2015,4.2,1894,9.41,9.41,3.9283,7.2674,1.4142,22.829,23.507,326.6,Our World in Data / WHO,2026-09-30 02:09:07
4250,NER,Niger,2016,4.2,1985,9.49,9.49,4.0988,7.5828,1.4756,22.856,23.538,326.6,Our World in Data / WHO,2026-09-30 02:09:07
4251,NER,Niger,2017,4.2,2061,9.48,9.48,4.2838,7.925,1.5422,22.885,23.571,326.6,Our World in Data / WHO,2026-09-30 02:09:07
4252,NER,Niger,2018,4.2,2152,9.53,9.53,4.4834,8.2943,1.614,22.917,23.607,326.6,Our World in Data / WHO,2026-09-30 02:09:07
4253,NER,Niger,2019,4.2,2244,9.57,9.57,4.6985,8.6922,1.6915,22.952,23.646,326.6,Our World in Data / WHO,2026-09-30 02:09:07
4254,NER,Niger,2020,4.2,2383,9.79,9.79,4.9298,9.1201,1.7747,22.989,23.687,326.6,Our World in Data / WHO,2026-09-30 02:09:07
4255,NER,Niger,2021,4.2,2405,9.53,9.53,5.1754,9.5745,1.8631,23.028,23.732,326.6,Our World in Data / WHO,2026-09-30 02:09:07
4256,NER,Niger,2022,4.2,2405,9.53,9.53,5.4369,10.0583,1.9573,23.07,23.779,326.6,Our World in Data / WHO,2026-09-30 02:09:07
4257,NGA,Nigeria,1990,4.8,15363,12.51,12.51,2.231,6.0,0.8032,22.557,23.202,355.4,Our World in Data / WHO,2026-09-30 02:09:07
4258,NGA,Nigeria,1991,4.8,15363,12.51,12.51,2.3774,6.0,0.8559,22.58,23.228,355.4,Our World in Data / WHO,2026-09-30 02:09:07
4259,NGA,Nigeria,1992,4.8,15363,12.51,12.51,2.5357,6.0,0.9129,22.606,23.256,355.4,Our World in Data / WHO,2026-09-30 02:09:07
4260,NGA,Nigeria,1993,4.8,15363,12.51,12.51,2.7061,6.0,0.9742,22.633,23.287,355.4,Our World in Data / WHO,2026-09-30 02:09:07
4261,NGA,Nigeria,1994,4.8,15363,12.51,12.51,2.8908,6.0,1.0407,22.663,23.32,355.4,Our World in Data / WHO,2026-09-30 02:09:07
4262,NGA,Nigeria,1995,4.8,15363,12.51,12.51,3.0918,6.0,1.113,22.695,23.357,355.4,Our World in Data / WHO,2026-09-30 02:09:07
4263,NGA,Nigeria,1996,4.8,15363,12.51,12.51,3.3108,6.125,1.1919,22.73,23.396,355.4,Our World in Data / WHO,2026-09-30 02:09:07
4264,NGA,Nigeria,1997,4.8,15363,12.51,12.51,3.5487,6.5651,1.2775,22.768,23.439,355.4,Our World in Data / WHO,2026-09-30 02:09:07
4265,NGA,Nigeria,1998,4.8,15363,12.51,12.51,3.807,7.043,1.3705,22.809,23.485,355.4,Our World in Data / WHO,2026-09-30 02:09:07
4266,NGA,Nigeria,1999,4.8,15363,12.51,12.51,4.0851,7.5574,1.4706,22.854,23.535,355.4,Our World in Data / WHO,2026-09-30 02:09:07
4267,NGA,Nigeria,2000,4.8,15363,12.51,12.51,4.3794,8.1019,1.5766,22.901,23.588,355.4,Our World in Data / WHO,2026-09-30 02:09:07
4268,NGA,Nigeria,2001,4.8,16151,12.8,12.8,4.6856,8.6684,1.6868,22.95,23.643,355.4,Our World in Data / WHO,2026-09-30 02:09:07
4269,NGA,Nigeria,2002,4.8,16440,12.69,12.69,5.0023,9.2543,1.8008,23.0,23.7,355.4,Our World in Data / WHO,2026-09-30 02:09:07
4270,NGA,Nigeria,2003,4.8,16910,12.7,12.7,5.3271,9.8551,1.9178,23.052,23.759,355.4,Our World in Data / WHO,2026-09-30 02:09:07
4271,NGA,Nigeria,2004,4.8,17491,12.79,12.79,5.655,10.4618,2.0358,23.105,23.818,355.4,Our World in Data / WHO,2026-09-30 02:09:07
4272,NGA,Nigeria,2005,4.8,17653,12.57,12.57,5.9811,11.065,2.1532,23.157,23.877,355.4,Our World in Data / WHO,2026-09-30 02:09:07
4273,NGA,Nigeria,2006,4.8,18439,12.78,12.78,6.3003,11.6556,2.2681,23.208,23.934,355.4,Our World in Data / WHO,2026-09-30 02:09:07
4274,NGA,Nigeria,2007,4.8,18966,12.79,12.79,6.6065,12.222,2.3783,23.257,23.989,355.4,Our World in Data / WHO,2026-09-30 02:09:07
4275,NGA,Nigeria,2008,4.8,19156,12.57,12.57,6.8965,12.7585,2.4827,23.303,24.041,355.4,Our World in Data / WHO,2026-09-30 02:09:07
4276,NGA,Nigeria,2009,4.8,19760,12.62,12.62,7.1683,13.2614,2.5806,23.347,24.09,355.4,Our World in Data / WHO,2026-09-30 02:09:07
4277,NGA,Nigeria,2010,4.8,19900,12.36,12.36,7.4215,13.7298,2.6717,23.387,24.136,355.4,Our World in Data / WHO,2026-09-30 02:09:07
4278,NGA,Nigeria,2011,4.8,20146,12.18,12.18,7.6587,14.1686,2.7571,23.425,24.179,355.4,Our World in Data / WHO,2026-09-30 02:09:07
4279,NGA,Nigeria,2012,4.8,20498,12.05,12.05,7.8916,14.5995,2.841,23.463,24.22,355.4,Our World in Data / WHO,2026-09-30 02:09:07
4280,NGA,Nigeria,2013,4.8,20757,11.88,11.88,8.1326,15.0453,2.9277,23.501,24.264,355.4,Our World in Data / WHO,2026-09-30 02:09:07
4281,NGA,Nigeria,2014,4.8,20932,11.67,11.67,8.3931,15.5272,3.0215,23.543,24.311,355.4,Our World in Data / WHO,2026-09-30 02:09:07
4282,NGA,Nigeria,2015,4.8,21156,11.5,11.5,8.6779,16.0541,3.124,23.588,24.362,355.4,Our World in Data / WHO,2026-09-30 02:09:07
4283,NGA,Nigeria,2016,4.8,21788,11.55,11.55,8.9866,16.6252,3.2352,23.638,24.418,355.4,Our World in Data / WHO,2026-09-30 02:09:07
4284,NGA,Nigeria,2017,4.8,22167,11.46,11.46,9.3139,17.2307,3.353,23.69,24.477,355.4,Our World in Data / WHO,2026-09-30 02:09:07
4285,NGA,Nigeria,2018,4.8,22949,11.57,11.57,9.6587,17.8686,3.4771,23.745,24.539,355.4,Our World in Data / WHO,2026-09-30 02:09:07
4286,NGA,Nigeria,2019,4.8,23624,11.62,11.62,10.0217,18.5401,3.6078,23.803,24.604,355.4,Our World in Data / WHO,2026-09-30 02:09:07
4287,NGA,Nigeria,2020,4.8,26503,12.72,12.72,10.4026,19.2448,3.7449,23.864,24.672,355.4,Our World in Data / WHO,2026-09-30 02:09:07
4288,NGA,Nigeria,2021,4.8,27997,13.12,13.12,10.797,19.9744,3.8869,23.928,24.743,355.4,Our World in Data / WHO,2026-09-30 02:09:07
4289,NGA,Nigeria,2022,4.8,27997,13.12,13.12,11.2065,20.732,4.0343,23.993,24.817,355.4,Our World in Data / WHO,2026-09-30 02:09:07
4290,NIC,Nicaragua,1990,11.0,554,10.81,10.81,10.7104,19.8142,3.8557,23.914,24.728,653.0,Our World in Data / WHO,2026-09-30 02:09:07
4291,NIC,Nicaragua,1991,11.0,554,10.81,10.81,11.215,20.7478,4.0374,23.994,24.819,653.0,Our World in Data / WHO,2026-09-30 02:09:07
4292,NIC,Nicaragua,1992,11.0,554,10.81,10.81,11.734,21.7079,4.2242,24.077,24.912,653.0,Our World in Data / WHO,2026-09-30 02:09:07
4293,NIC,Nicaragua,1993,11.0,554,10.81,10.81,12.2712,22.7017,4.4176,24.163,25.009,653.0,Our World in Data / WHO,2026-09-30 02:09:07
4294,NIC,Nicaragua,1994,11.0,554,10.81,10.81,12.8284,23.7325,4.6182,24.253,25.109,653.0,Our World in Data / WHO,2026-09-30 02:09:07
4295,NIC,Nicaragua,1995,11.0,554,10.81,10.81,13.4067,24.8024,4.8264,24.345,25.213,653.0,Our World in Data / WHO,2026-09-30 02:09:07
4296,NIC,Nicaragua,1996,11.0,554,10.81,10.81,14.0256,25.9474,5.0492,24.444,25.325,653.0,Our World in Data / WHO,2026-09-30 02:09:07
4297,NIC,Nicaragua,1997,11.0,554,10.81,10.81,14.6861,27.1693,5.287,24.55,25.443,653.0,Our World in Data / WHO,2026-09-30 02:09:07
4298,NIC,Nicaragua,1998,11.0,554,10.81,10.81,15.3647,28.4247,5.5313,24.658,25.566,653.0,Our World in Data / WHO,2026-09-30 02:09:07
4299,NIC,Nicaragua,1999,11.0,554,10.81,10.81,16.0633,29.7171,5.7828,24.77,25.691,653.0,Our World in Data / WHO,2026-09-30 02:09:07
4300,NIC,Nicaragua,2000,11.0,554,10.81,10.81,16.774,31.0319,6.0386,24.884,25.819,653.0,Our World in Data / WHO,2026-09-30 02:09:07
4301,NIC,Nicaragua,2001,11.0,546,10.52,10.52,17.4892,32.355,6.2961,24.998,25.948,653.0,Our World in Data / WHO,2026-09-30 02:09:07
4302,NIC,Nicaragua,2002,11.0,655,12.45,12.45,18.2087,33.6861,6.5551,25.113,26.078,653.0,Our World in Data / WHO,2026-09-30 02:09:07
4303,NIC,Nicaragua,2003,11.0,658,12.36,12.36,18.9295,35.0196,6.8146,25.229,26.207,653.0,Our World in Data / WHO,2026-09-30 02:09:07
4304,NIC,Nicaragua,2004,11.0,724,13.44,13.44,19.651,36.3544,7.0744,25.344,26.337,653.0,Our World in Data / WHO,2026-09-30 02:09:07
4305,NIC,Nicaragua,2005,11.0,791,14.49,14.49,20.3639,37.6732,7.331,25.458,26.466,653.0,Our World in Data / WHO,2026-09-30 02:09:07
4306,NIC,Nicaragua,2006,11.0,776,14.04,14.04,21.0529,38.9479,7.579,25.568,26.59,653.0,Our World in Data / WHO,2026-09-30 02:09:07
4307,NIC,Nicaragua,2007,11.0,820,14.62,14.62,21.73,40.2005,7.8228,25.677,26.711,653.0,Our World in Data / WHO,2026-09-30 02:09:07
4308,NIC,Nicaragua,2008,11.0,974,17.12,17.12,22.4168,41.4711,8.07,25.787,26.835,653.0,Our World in Data / WHO,2026-09-30 02:09:07
4309,NIC,Nicaragua,2009,11.0,987,17.11,17.11,23.1091,42.7518,8.3193,25.897,26.96,653.0,Our World in Data / WHO,2026-09-30 02:09:07
4310,NIC,Nicaragua,2010,11.0,1065,18.19,18.19,23.8127,44.0535,8.5726,26.01,27.086,653.0,Our World in Data / WHO,2026-09-30 02:09:07
4311,NIC,Nicaragua,2011,11.0,1157,19.46,19.46,24.5288,45.3783,8.8304,26.125,27.215,653.0,Our World in Data / WHO,2026-09-30 02:09:07
4312,NIC,Nicaragua,2012,11.0,1156,19.18,19.18,25.2556,46.7229,9.092,26.241,27.346,653.0,Our World in Data / WHO,2026-09-30 02:09:07
4313,NIC,Nicaragua,2013,11.0,1102,18.01,18.01,25.9895,48.0806,9.3562,26.358,27.478,653.0,Our World in Data / WHO,2026-09-30 02:09:07
4314,NIC,Nicaragua,2014,11.0,1168,18.81,18.81,26.7222,49.4361,9.62,26.476,27.61,653.0,Our World in Data / WHO,2026-09-30 02:09:07
4315,NIC,Nicaragua,2015,11.0,1168,18.54,18.54,27.4541,50.7901,9.8835,26.593,27.742,653.0,Our World in Data / WHO,2026-09-30 02:09:07
4316,NIC,Nicaragua,2016,11.0,1292,20.23,20.23,28.1864,52.1448,10.1471,26.71,27.874,653.0,Our World in Data / WHO,2026-09-30 02:09:07
4317,NIC,Nicaragua,2017,11.0,1373,21.19,21.19,28.9145,53.4918,10.4092,26.826,28.005,653.0,Our World in Data / WHO,2026-09-30 02:09:07
4318,NIC,Nicaragua,2018,11.0,1430,21.76,21.76,29.6359,54.8264,10.6689,26.942,28.134,653.0,Our World in Data / WHO,2026-09-30 02:09:07
4319,NIC,Nicaragua,2019,11.0,1411,21.17,21.17,30.3573,56.161,10.9286,27.057,28.264,653.0,Our World in Data / WHO,2026-09-30 02:09:07
4320,NIC,Nicaragua,2020,11.0,1547,22.9,22.9,31.0882,57.5132,11.1918,27.174,28.396,653.0,Our World in Data / WHO,2026-09-30 02:09:07
4321,NIC,Nicaragua,2021,11.0,1342,19.58,19.58,31.8232,58.8729,11.4564,27.292,28.528,653.0,Our World in Data / WHO,2026-09-30 02:09:07
4322,NIC,Nicaragua,2022,11.0,1342,19.58,19.58,32.5514,60.2201,11.7185,27.408,28.659,653.0,Our World in Data / WHO,2026-09-30 02:09:07
4323,NIU,Niue,1990,7.5,2,113.33,113.33,47.7627,85.0,17.1946,29.842,31.397,485.0,Our World in Data / WHO,2026-09-30 02:09:07
4324,NIU,Niue,1991,7.5,2,113.33,113.33,48.5261,85.0,17.4694,29.964,31.535,485.0,Our World in Data / WHO,2026-09-30 02:09:07
4325,NIU,Niue,1992,7.5,2,113.33,113.33,49.4076,85.0,17.7867,30.105,31.693,485.0,Our World in Data / WHO,2026-09-30 02:09:07
4326,NIU,Niue,1993,7.5,2,113.33,113.33,50.3478,85.0,18.1252,30.256,31.863,485.0,Our World in Data / WHO,2026-09-30 02:09:07
4327,NIU,Niue,1994,7.5,2,113.33,113.33,51.1952,85.0,18.4303,30.391,32.015,485.0,Our World in Data / WHO,2026-09-30 02:09:07
4328,NIU,Niue,1995,7.5,2,113.33,113.33,51.979,85.0,18.7124,30.517,32.156,485.0,Our World in Data / WHO,2026-09-30 02:09:07
4329,NIU,Niue,1996,7.5,2,113.33,113.33,52.6997,85.0,18.9719,30.632,32.286,485.0,Our World in Data / WHO,2026-09-30 02:09:07
4330,NIU,Niue,1997,7.5,2,113.33,113.33,53.3978,85.0,19.2232,30.744,32.412,485.0,Our World in Data / WHO,2026-09-30 02:09:07
4331,NIU,Niue,1998,7.5,2,113.33,113.33,53.8862,85.0,19.399,30.822,32.5,485.0,Our World in Data / WHO,2026-09-30 02:09:07
4332,NIU,Niue,1999,7.5,2,113.33,113.33,54.3695,85.0,19.573,30.899,32.587,485.0,Our World in Data / WHO,2026-09-30 02:09:07
4333,NIU,Niue,2000,7.5,2,113.33,113.33,55.1101,85.0,19.8396,31.018,32.72,485.0,Our World in Data / WHO,2026-09-30 02:09:07
4334,NIU,Niue,2001,7.5,2,115.83,115.83,55.9145,85.0,20.1292,31.146,32.865,485.0,Our World in Data / WHO,2026-09-30 02:09:07
4335,NIU,Niue,2002,7.5,2,117.05,117.05,56.6502,85.0,20.3941,31.264,32.997,485.0,Our World in Data / WHO,2026-09-30 02:09:07
4336,NIU,Niue,2003,7.5,2,123.96,123.96,57.2635,85.0,20.6149,31.362,33.107,485.0,Our World in Data / WHO,2026-09-30 02:09:07
4337,NIU,Niue,2004,7.5,2,129.07,129.07,57.8028,85.0,20.809,31.448,33.205,485.0,Our World in Data / WHO,2026-09-30 02:09:07
4338,NIU,Niue,2005,7.5,2,131.47,131.47,58.4735,85.0,21.0505,31.556,33.325,485.0,Our World in Data / WHO,2026-09-30 02:09:07
4339,NIU,Niue,2006,7.5,2,136.43,136.43,59.2615,85.0,21.3341,31.682,33.467,485.0,Our World in Data / WHO,2026-09-30 02:09:07
4340,NIU,Niue,2007,7.5,3,138.31,138.31,59.884,85.0,21.5582,31.781,33.579,485.0,Our World in Data / WHO,2026-09-30 02:09:07
4341,NIU,Niue,2008,7.5,3,140.62,140.62,60.309,85.0,21.7112,31.849,33.656,485.0,Our World in Data / WHO,2026-09-30 02:09:07
4342,NIU,Niue,2009,7.5,3,142.11,142.11,60.6646,85.0,21.8393,31.906,33.72,485.0,Our World in Data / WHO,2026-09-30 02:09:07
4343,NIU,Niue,2010,7.5,3,145.7,145.7,61.1664,85.0,22.0199,31.987,33.81,485.0,Our World in Data / WHO,2026-09-30 02:09:07
4344,NIU,Niue,2011,7.5,3,148.58,148.58,61.7648,85.0,22.2353,32.082,33.918,485.0,Our World in Data / WHO,2026-09-30 02:09:07
4345,NIU,Niue,2012,7.5,3,151.09,151.09,62.208,85.0,22.3949,32.153,33.997,485.0,Our World in Data / WHO,2026-09-30 02:09:07
4346,NIU,Niue,2013,7.5,3,152.83,152.83,62.4816,85.0,22.4934,32.197,34.047,485.0,Our World in Data / WHO,2026-09-30 02:09:07
4347,NIU,Niue,2014,7.5,3,156.03,156.03,62.7642,85.0,22.5951,32.242,34.098,485.0,Our World in Data / WHO,2026-09-30 02:09:07
4348,NIU,Niue,2015,7.5,3,162.47,162.47,63.1968,85.0,22.7508,32.311,34.175,485.0,Our World in Data / WHO,2026-09-30 02:09:07
4349,NIU,Niue,2016,7.5,3,169.8,169.8,63.7517,85.0,22.9506,32.4,34.275,485.0,Our World in Data / WHO,2026-09-30 02:09:07
4350,NIU,Niue,2017,7.5,3,172.28,172.28,64.1535,85.0,23.0953,32.465,34.348,485.0,Our World in Data / WHO,2026-09-30 02:09:07
4351,NIU,Niue,2018,7.5,3,172.81,172.81,64.3563,85.0,23.1683,32.497,34.384,485.0,Our World in Data / WHO,2026-09-30 02:09:07
4352,NIU,Niue,2019,7.5,4,182.76,182.76,64.7081,85.0,23.2949,32.553,34.447,485.0,Our World in Data / WHO,2026-09-30 02:09:07
4353,NIU,Niue,2020,7.5,4,188.42,188.42,65.1373,85.0,23.4494,32.622,34.525,485.0,Our World in Data / WHO,2026-09-30 02:09:07
4354,NIU,Niue,2021,7.5,4,188.44,188.44,65.5007,85.0,23.5803,32.68,34.59,485.0,Our World in Data / WHO,2026-09-30 02:09:07
4355,NIU,Niue,2022,7.5,4,188.44,188.44,65.8089,85.0,23.6912,32.729,34.646,485.0,Our World in Data / WHO,2026-09-30 02:09:07
4356,NLD,Netherlands,1990,5.3,3192,20.08,20.08,8.795,16.2708,3.1662,23.607,24.383,379.4,Our World in Data / WHO,2026-09-30 02:09:07
4357,NLD,Netherlands,1991,5.3,3192,20.08,20.08,9.0688,16.7773,3.2648,23.651,24.432,379.4,Our World in Data / WHO,2026-09-30 02:09:07
4358,NLD,Netherlands,1992,5.3,3192,20.08,20.08,9.3738,17.3415,3.3746,23.7,24.487,379.4,Our World in Data / WHO,2026-09-30 02:09:07
4359,NLD,Netherlands,1993,5.3,3192,20.08,20.08,9.7007,17.9463,3.4923,23.752,24.546,379.4,Our World in Data / WHO,2026-09-30 02:09:07
4360,NLD,Netherlands,1994,5.3,3192,20.08,20.08,10.0563,18.6042,3.6203,23.809,24.61,379.4,Our World in Data / WHO,2026-09-30 02:09:07
4361,NLD,Netherlands,1995,5.3,3192,20.08,20.08,10.4374,19.3092,3.7575,23.87,24.679,379.4,Our World in Data / WHO,2026-09-30 02:09:07
4362,NLD,Netherlands,1996,5.3,3192,20.08,20.08,10.838,20.0503,3.9017,23.934,24.751,379.4,Our World in Data / WHO,2026-09-30 02:09:07
4363,NLD,Netherlands,1997,5.3,3192,20.08,20.08,11.2533,20.8186,4.0512,24.001,24.826,379.4,Our World in Data / WHO,2026-09-30 02:09:07
4364,NLD,Netherlands,1998,5.3,3192,20.08,20.08,11.6721,21.5934,4.202,24.068,24.901,379.4,Our World in Data / WHO,2026-09-30 02:09:07
4365,NLD,Netherlands,1999,5.3,3192,20.08,20.08,12.0949,22.3756,4.3542,24.135,24.977,379.4,Our World in Data / WHO,2026-09-30 02:09:07
4366,NLD,Netherlands,2000,5.3,3192,20.08,20.08,12.5183,23.1589,4.5066,24.203,25.053,379.4,Our World in Data / WHO,2026-09-30 02:09:07
4367,NLD,Netherlands,2001,5.3,4126,25.82,25.82,12.938,23.9353,4.6577,24.27,25.129,379.4,Our World in Data / WHO,2026-09-30 02:09:07
4368,NLD,Netherlands,2002,5.3,3915,24.38,24.38,13.3505,24.6984,4.8062,24.336,25.203,379.4,Our World in Data / WHO,2026-09-30 02:09:07
4369,NLD,Netherlands,2003,5.3,3605,22.36,22.36,13.7479,25.4336,4.9492,24.4,25.275,379.4,Our World in Data / WHO,2026-09-30 02:09:07
4370,NLD,Netherlands,2004,5.3,3550,21.92,21.92,14.1276,26.1361,5.0859,24.46,25.343,379.4,Our World in Data / WHO,2026-09-30 02:09:07
4371,NLD,Netherlands,2005,5.3,3523,21.66,21.66,14.4816,26.791,5.2134,24.517,25.407,379.4,Our World in Data / WHO,2026-09-30 02:09:07
4372,NLD,Netherlands,2006,5.3,3266,20.0,20.0,14.8078,27.3944,5.3308,24.569,25.465,379.4,Our World in Data / WHO,2026-09-30 02:09:07
4373,NLD,Netherlands,2007,5.3,2997,18.28,18.28,15.095,27.9258,5.4342,24.615,25.517,379.4,Our World in Data / WHO,2026-09-30 02:09:07
4374,NLD,Netherlands,2008,5.3,2914,17.7,17.7,15.3238,28.349,5.5166,24.652,25.558,379.4,Our World in Data / WHO,2026-09-30 02:09:07
4375,NLD,Netherlands,2009,5.3,2762,16.7,16.7,15.503,28.6806,5.5811,24.68,25.591,379.4,Our World in Data / WHO,2026-09-30 02:09:07
4376,NLD,Netherlands,2010,5.3,2681,16.13,16.13,15.647,28.947,5.6329,24.704,25.616,379.4,Our World in Data / WHO,2026-09-30 02:09:07
4377,NLD,Netherlands,2011,5.3,2422,14.5,14.5,15.7637,29.1628,5.6749,24.722,25.637,379.4,Our World in Data / WHO,2026-09-30 02:09:07
4378,NLD,Netherlands,2012,5.3,2464,14.68,14.68,15.8622,29.3451,5.7104,24.738,25.655,379.4,Our World in Data / WHO,2026-09-30 02:09:07
4379,NLD,Netherlands,2013,5.3,2527,14.98,14.98,15.9536,29.5142,5.7433,24.753,25.672,379.4,Our World in Data / WHO,2026-09-30 02:09:07
4380,NLD,Netherlands,2014,5.3,2401,14.16,14.16,16.044,29.6814,5.7758,24.767,25.688,379.4,Our World in Data / WHO,2026-09-30 02:09:07
4381,NLD,Netherlands,2015,5.3,2460,14.44,14.44,16.1317,29.8436,5.8074,24.781,25.704,379.4,Our World in Data / WHO,2026-09-30 02:09:07
4382,NLD,Netherlands,2016,5.3,2548,14.88,14.88,16.2146,29.997,5.8373,24.794,25.719,379.4,Our World in Data / WHO,2026-09-30 02:09:07
4383,NLD,Netherlands,2017,5.3,2444,14.2,14.2,16.2928,30.1417,5.8654,24.807,25.733,379.4,Our World in Data / WHO,2026-09-30 02:09:07
4384,NLD,Netherlands,2018,5.3,2268,13.12,13.12,16.3677,30.2802,5.8924,24.819,25.746,379.4,Our World in Data / WHO,2026-09-30 02:09:07
4385,NLD,Netherlands,2019,5.3,2252,12.97,12.97,16.444,30.4214,5.9198,24.831,25.76,379.4,Our World in Data / WHO,2026-09-30 02:09:07
4386,NLD,Netherlands,2020,5.3,2378,13.64,13.64,16.5375,30.5944,5.9535,24.846,25.777,379.4,Our World in Data / WHO,2026-09-30 02:09:07
4387,NLD,Netherlands,2021,5.3,2543,14.53,14.53,16.6399,30.7838,5.9904,24.862,25.795,379.4,Our World in Data / WHO,2026-09-30 02:09:07
4388,NLD,Netherlands,2022,5.3,2543,14.53,14.53,16.7249,30.9411,6.021,24.876,25.81,379.4,Our World in Data / WHO,2026-09-30 02:09:07
4389,NOR,Norway,1990,4.7,622,13.84,13.84,8.9581,16.5725,3.2249,23.633,24.412,350.6,Our World in Data / WHO,2026-09-30 02:09:07
4390,NOR,Norway,1991,4.7,622,13.84,13.84,9.2201,17.0572,3.3192,23.675,24.46,350.6,Our World in Data / WHO,2026-09-30 02:09:07
4391,NOR,Norway,1992,4.7,622,13.84,13.84,9.5079,17.5896,3.4228,23.721,24.511,350.6,Our World in Data / WHO,2026-09-30 02:09:07
4392,NOR,Norway,1993,4.7,622,13.84,13.84,9.8252,18.1766,3.5371,23.772,24.569,350.6,Our World in Data / WHO,2026-09-30 02:09:07
4393,NOR,Norway,1994,4.7,622,13.84,13.84,10.1805,18.8339,3.665,23.829,24.632,350.6,Our World in Data / WHO,2026-09-30 02:09:07
4394,NOR,Norway,1995,4.7,622,13.84,13.84,10.5712,19.5567,3.8056,23.891,24.703,350.6,Our World in Data / WHO,2026-09-30 02:09:07
4395,NOR,Norway,1996,4.7,622,13.84,13.84,10.9901,20.3317,3.9564,23.958,24.778,350.6,Our World in Data / WHO,2026-09-30 02:09:07
4396,NOR,Norway,1997,4.7,622,13.84,13.84,11.4319,21.149,4.1155,24.029,24.858,350.6,Our World in Data / WHO,2026-09-30 02:09:07
4397,NOR,Norway,1998,4.7,622,13.84,13.84,11.8933,22.0026,4.2816,24.103,24.941,350.6,Our World in Data / WHO,2026-09-30 02:09:07
4398,NOR,Norway,1999,4.7,622,13.84,13.84,12.377,22.8975,4.4557,24.18,25.028,350.6,Our World in Data / WHO,2026-09-30 02:09:07
4399,NOR,Norway,2000,4.7,622,13.84,13.84,12.8778,23.8239,4.636,24.26,25.118,350.6,Our World in Data / WHO,2026-09-30 02:09:07
4400,NOR,Norway,2001,4.7,678,15.03,15.03,13.3898,24.7711,4.8203,24.342,25.21,350.6,Our World in Data / WHO,2026-09-30 02:09:07
4401,NOR,Norway,2002,4.7,644,14.2,14.2,13.9031,25.7207,5.0051,24.424,25.303,350.6,Our World in Data / WHO,2026-09-30 02:09:07
4402,NOR,Norway,2003,4.7,663,14.53,14.53,14.4102,26.6589,5.1877,24.506,25.394,350.6,Our World in Data / WHO,2026-09-30 02:09:07
4403,NOR,Norway,2004,4.7,581,12.66,12.66,14.907,27.578,5.3665,24.585,25.483,350.6,Our World in Data / WHO,2026-09-30 02:09:07
4404,NOR,Norway,2005,4.7,754,16.31,16.31,15.3804,28.4537,5.5369,24.661,25.568,350.6,Our World in Data / WHO,2026-09-30 02:09:07
4405,NOR,Norway,2006,4.7,784,16.81,16.81,15.8201,29.2672,5.6952,24.731,25.648,350.6,Our World in Data / WHO,2026-09-30 02:09:07
4406,NOR,Norway,2007,4.7,784,16.65,16.65,16.219,30.0052,5.8388,24.795,25.719,350.6,Our World in Data / WHO,2026-09-30 02:09:07
4407,NOR,Norway,2008,4.7,679,14.23,14.23,16.5736,30.6612,5.9665,24.852,25.783,350.6,Our World in Data / WHO,2026-09-30 02:09:07
4408,NOR,Norway,2009,4.7,663,13.72,13.72,16.8892,31.245,6.0801,24.902,25.84,350.6,Our World in Data / WHO,2026-09-30 02:09:07
4409,NOR,Norway,2010,4.7,661,13.51,13.51,17.1678,31.7604,6.1804,24.947,25.89,350.6,Our World in Data / WHO,2026-09-30 02:09:07
4410,NOR,Norway,2011,4.7,656,13.25,13.25,17.4164,32.2203,6.2699,24.987,25.935,350.6,Our World in Data / WHO,2026-09-30 02:09:07
4411,NOR,Norway,2012,4.7,676,13.46,13.46,17.6457,32.6445,6.3525,25.023,25.976,350.6,Our World in Data / WHO,2026-09-30 02:09:07
4412,NOR,Norway,2013,4.7,614,12.09,12.09,17.8708,33.061,6.4335,25.059,26.017,350.6,Our World in Data / WHO,2026-09-30 02:09:07
4413,NOR,Norway,2014,4.7,560,10.9,10.9,18.0998,33.4846,6.5159,25.096,26.058,350.6,Our World in Data / WHO,2026-09-30 02:09:07
4414,NOR,Norway,2015,4.7,547,10.54,10.54,18.3375,33.9244,6.6015,25.134,26.101,350.6,Our World in Data / WHO,2026-09-30 02:09:07
4415,NOR,Norway,2016,4.7,578,11.05,11.05,18.5879,34.3876,6.6916,25.174,26.146,350.6,Our World in Data / WHO,2026-09-30 02:09:07
4416,NOR,Norway,2017,4.7,550,10.43,10.43,18.8388,34.8518,6.782,25.214,26.191,350.6,Our World in Data / WHO,2026-09-30 02:09:07
4417,NOR,Norway,2018,4.7,512,9.63,9.63,19.087,35.311,6.8713,25.254,26.236,350.6,Our World in Data / WHO,2026-09-30 02:09:07
4418,NOR,Norway,2019,4.7,544,10.16,10.16,19.3396,35.7783,6.9623,25.294,26.281,350.6,Our World in Data / WHO,2026-09-30 02:09:07
4419,NOR,Norway,2020,4.7,684,12.71,12.71,19.6087,36.2761,7.0591,25.337,26.33,350.6,Our World in Data / WHO,2026-09-30 02:09:07
4420,NOR,Norway,2021,4.7,699,12.94,12.94,19.8853,36.7878,7.1587,25.382,26.379,350.6,Our World in Data / WHO,2026-09-30 02:09:07
4421,NOR,Norway,2022,4.7,699,12.94,12.94,20.1587,37.2936,7.2571,25.425,26.429,350.6,Our World in Data / WHO,2026-09-30 02:09:07
4422,NPL,Nepal,1990,3.6,1896,7.72,7.72,0.4355,6.0,0.1568,22.27,22.878,297.8,Our World in Data / WHO,2026-09-30 02:09:07
4423,NPL,Nepal,1991,3.6,1896,7.72,7.72,0.4764,6.0,0.1715,22.276,22.886,297.8,Our World in Data / WHO,2026-09-30 02:09:07
4424,NPL,Nepal,1992,3.6,1896,7.72,7.72,0.5212,6.0,0.1876,22.283,22.894,297.8,Our World in Data / WHO,2026-09-30 02:09:07
4425,NPL,Nepal,1993,3.6,1896,7.72,7.72,0.5708,6.0,0.2055,22.291,22.903,297.8,Our World in Data / WHO,2026-09-30 02:09:07
4426,NPL,Nepal,1994,3.6,1896,7.72,7.72,0.6262,6.0,0.2254,22.3,22.913,297.8,Our World in Data / WHO,2026-09-30 02:09:07
4427,NPL,Nepal,1995,3.6,1896,7.72,7.72,0.6879,6.0,0.2476,22.31,22.924,297.8,Our World in Data / WHO,2026-09-30 02:09:07
4428,NPL,Nepal,1996,3.6,1896,7.72,7.72,0.7567,6.0,0.2724,22.321,22.936,297.8,Our World in Data / WHO,2026-09-30 02:09:07
4429,NPL,Nepal,1997,3.6,1896,7.72,7.72,0.8333,6.0,0.3,22.333,22.95,297.8,Our World in Data / WHO,2026-09-30 02:09:07
4430,NPL,Nepal,1998,3.6,1896,7.72,7.72,0.9184,6.0,0.3306,22.347,22.965,297.8,Our World in Data / WHO,2026-09-30 02:09:07
4431,NPL,Nepal,1999,3.6,1896,7.72,7.72,1.0125,6.0,0.3645,22.362,22.982,297.8,Our World in Data / WHO,2026-09-30 02:09:07
4432,NPL,Nepal,2000,3.6,1896,7.72,7.72,1.1158,6.0,0.4017,22.379,23.001,297.8,Our World in Data / WHO,2026-09-30 02:09:07
4433,NPL,Nepal,2001,3.6,1929,7.73,7.73,1.2284,6.0,0.4422,22.397,23.021,297.8,Our World in Data / WHO,2026-09-30 02:09:07
4434,NPL,Nepal,2002,3.6,1953,7.71,7.71,1.3508,6.0,0.4863,22.416,23.043,297.8,Our World in Data / WHO,2026-09-30 02:09:07
4435,NPL,Nepal,2003,3.6,2035,7.92,7.92,1.4836,6.0,0.5341,22.437,23.067,297.8,Our World in Data / WHO,2026-09-30 02:09:07
4436,NPL,Nepal,2004,3.6,2111,8.12,8.12,1.6271,6.0,0.5858,22.46,23.093,297.8,Our World in Data / WHO,2026-09-30 02:09:07
4437,NPL,Nepal,2005,3.6,2197,8.36,8.36,1.7821,6.0,0.6416,22.485,23.121,297.8,Our World in Data / WHO,2026-09-30 02:09:07
4438,NPL,Nepal,2006,3.6,2318,8.74,8.74,1.9493,6.0,0.7017,22.512,23.151,297.8,Our World in Data / WHO,2026-09-30 02:09:07
4439,NPL,Nepal,2007,3.6,2379,8.9,8.9,2.1298,6.0,0.7667,22.541,23.183,297.8,Our World in Data / WHO,2026-09-30 02:09:07
4440,NPL,Nepal,2008,3.6,2514,9.35,9.35,2.3235,6.0,0.8365,22.572,23.218,297.8,Our World in Data / WHO,2026-09-30 02:09:07
4441,NPL,Nepal,2009,3.6,2708,10.02,10.02,2.5309,6.0,0.9111,22.605,23.256,297.8,Our World in Data / WHO,2026-09-30 02:09:07
4442,NPL,Nepal,2010,3.6,2885,10.62,10.62,2.752,6.0,0.9907,22.64,23.295,297.8,Our World in Data / WHO,2026-09-30 02:09:07
4443,NPL,Nepal,2011,3.6,3138,11.51,11.51,2.9864,6.0,1.0751,22.678,23.338,297.8,Our World in Data / WHO,2026-09-30 02:09:07
4444,NPL,Nepal,2012,3.6,3374,12.35,12.35,3.2351,6.0,1.1646,22.718,23.382,297.8,Our World in Data / WHO,2026-09-30 02:09:07
4445,NPL,Nepal,2013,3.6,3602,13.16,13.16,3.4987,6.4726,1.2595,22.76,23.43,297.8,Our World in Data / WHO,2026-09-30 02:09:07
4446,NPL,Nepal,2014,3.6,3846,14.0,14.0,3.7778,6.9889,1.36,22.804,23.48,297.8,Our World in Data / WHO,2026-09-30 02:09:07
4447,NPL,Nepal,2015,3.6,4088,14.8,14.8,4.0751,7.5389,1.467,22.852,23.534,297.8,Our World in Data / WHO,2026-09-30 02:09:07
4448,NPL,Nepal,2016,3.6,4274,15.34,15.34,4.394,8.1289,1.5818,22.903,23.591,297.8,Our World in Data / WHO,2026-09-30 02:09:07
4449,NPL,Nepal,2017,3.6,4526,16.06,16.06,4.732,8.7542,1.7035,22.957,23.652,297.8,Our World in Data / WHO,2026-09-30 02:09:07
4450,NPL,Nepal,2018,3.6,4761,16.7,16.7,5.0838,9.405,1.8302,23.013,23.715,297.8,Our World in Data / WHO,2026-09-30 02:09:07
4451,NPL,Nepal,2019,3.6,4956,17.19,17.19,5.4657,10.1115,1.9677,23.075,23.784,297.8,Our World in Data / WHO,2026-09-30 02:09:07
4452,NPL,Nepal,2020,3.6,5223,17.79,17.79,5.8853,10.8878,2.1187,23.142,23.859,297.8,Our World in Data / WHO,2026-09-30 02:09:07
4453,NPL,Nepal,2021,3.6,5228,17.4,17.4,6.3011,11.657,2.2684,23.208,23.934,297.8,Our World in Data / WHO,2026-09-30 02:09:07
4454,NPL,Nepal,2022,3.6,5228,17.4,17.4,6.7261,12.4433,2.4214,23.276,24.011,297.8,Our World in Data / WHO,2026-09-30 02:09:07
4455,NRU,Nauru,1990,20.4,5,50.21,50.21,68.2799,85.0,24.5808,33.125,35.09,1104.2,Our World in Data / WHO,2026-09-30 02:09:07
4456,NRU,Nauru,1991,20.4,5,50.21,50.21,68.5325,85.0,24.6717,33.165,35.136,1104.2,Our World in Data / WHO,2026-09-30 02:09:07
4457,NRU,Nauru,1992,20.4,5,50.21,50.21,68.729,85.0,24.7424,33.197,35.171,1104.2,Our World in Data / WHO,2026-09-30 02:09:07
4458,NRU,Nauru,1993,20.4,5,50.21,50.21,68.7779,85.0,24.76,33.204,35.18,1104.2,Our World in Data / WHO,2026-09-30 02:09:07
4459,NRU,Nauru,1994,20.4,5,50.21,50.21,68.7103,85.0,24.7357,33.194,35.168,1104.2,Our World in Data / WHO,2026-09-30 02:09:07
4460,NRU,Nauru,1995,20.4,5,50.21,50.21,68.5725,85.0,24.6861,33.172,35.143,1104.2,Our World in Data / WHO,2026-09-30 02:09:07
4461,NRU,Nauru,1996,20.4,5,50.21,50.21,68.376,85.0,24.6154,33.14,35.108,1104.2,Our World in Data / WHO,2026-09-30 02:09:07
4462,NRU,Nauru,1997,20.4,5,50.21,50.21,68.1365,85.0,24.5291,33.102,35.065,1104.2,Our World in Data / WHO,2026-09-30 02:09:07
4463,NRU,Nauru,1998,20.4,5,50.21,50.21,67.9169,85.0,24.4501,33.067,35.025,1104.2,Our World in Data / WHO,2026-09-30 02:09:07
4464,NRU,Nauru,1999,20.4,5,50.21,50.21,67.674,85.0,24.3626,33.028,34.981,1104.2,Our World in Data / WHO,2026-09-30 02:09:07
4465,NRU,Nauru,2000,20.4,5,50.21,50.21,67.4202,85.0,24.2713,32.987,34.936,1104.2,Our World in Data / WHO,2026-09-30 02:09:07
4466,NRU,Nauru,2001,20.4,5,50.66,50.66,67.2576,85.0,24.2127,32.961,34.906,1104.2,Our World in Data / WHO,2026-09-30 02:09:07
4467,NRU,Nauru,2002,20.4,5,50.43,50.43,67.1463,85.0,24.1727,32.943,34.886,1104.2,Our World in Data / WHO,2026-09-30 02:09:07
4468,NRU,Nauru,2003,20.4,5,47.56,47.56,67.0057,85.0,24.1221,32.921,34.861,1104.2,Our World in Data / WHO,2026-09-30 02:09:07
4469,NRU,Nauru,2004,20.4,5,51.57,51.57,66.8523,85.0,24.0668,32.896,34.833,1104.2,Our World in Data / WHO,2026-09-30 02:09:07
4470,NRU,Nauru,2005,20.4,5,52.44,52.44,66.7253,85.0,24.0211,32.876,34.811,1104.2,Our World in Data / WHO,2026-09-30 02:09:07
4471,NRU,Nauru,2006,20.4,5,53.04,53.04,66.5885,85.0,23.9719,32.854,34.786,1104.2,Our World in Data / WHO,2026-09-30 02:09:07
4472,NRU,Nauru,2007,20.4,6,54.16,54.16,66.508,85.0,23.9429,32.841,34.771,1104.2,Our World in Data / WHO,2026-09-30 02:09:07
4473,NRU,Nauru,2008,20.4,6,54.28,54.28,66.5173,85.0,23.9462,32.843,34.773,1104.2,Our World in Data / WHO,2026-09-30 02:09:07
4474,NRU,Nauru,2009,20.4,6,54.33,54.33,66.6093,85.0,23.9793,32.857,34.79,1104.2,Our World in Data / WHO,2026-09-30 02:09:07
4475,NRU,Nauru,2010,20.4,6,53.9,53.9,66.8056,85.0,24.05,32.889,34.825,1104.2,Our World in Data / WHO,2026-09-30 02:09:07
4476,NRU,Nauru,2011,20.4,5,53.0,53.0,67.0845,85.0,24.1504,32.934,34.875,1104.2,Our World in Data / WHO,2026-09-30 02:09:07
4477,NRU,Nauru,2012,20.4,5,52.38,52.38,67.434,85.0,24.2762,32.989,34.938,1104.2,Our World in Data / WHO,2026-09-30 02:09:07
4478,NRU,Nauru,2013,20.4,6,52.46,52.46,67.7874,85.0,24.4035,33.046,35.002,1104.2,Our World in Data / WHO,2026-09-30 02:09:07
4479,NRU,Nauru,2014,20.4,6,52.56,52.56,68.0794,85.0,24.5086,33.093,35.054,1104.2,Our World in Data / WHO,2026-09-30 02:09:07
4480,NRU,Nauru,2015,20.4,6,50.87,50.87,68.3311,85.0,24.5992,33.133,35.1,1104.2,Our World in Data / WHO,2026-09-30 02:09:07
4481,NRU,Nauru,2016,20.4,6,52.11,52.11,68.5772,85.0,24.6878,33.172,35.144,1104.2,Our World in Data / WHO,2026-09-30 02:09:07
4482,NRU,Nauru,2017,20.4,6,53.41,53.41,68.8515,85.0,24.7865,33.216,35.193,1104.2,Our World in Data / WHO,2026-09-30 02:09:07
4483,NRU,Nauru,2018,20.4,6,54.09,54.09,69.1486,85.0,24.8935,33.264,35.247,1104.2,Our World in Data / WHO,2026-09-30 02:09:07
4484,NRU,Nauru,2019,20.4,7,56.63,56.63,69.4771,85.0,25.0118,33.316,35.306,1104.2,Our World in Data / WHO,2026-09-30 02:09:07
4485,NRU,Nauru,2020,20.4,7,57.49,57.49,69.8919,85.0,25.1611,33.383,35.381,1104.2,Our World in Data / WHO,2026-09-30 02:09:07
4486,NRU,Nauru,2021,20.4,8,63.7,63.7,70.361,85.0,25.33,33.458,35.465,1104.2,Our World in Data / WHO,2026-09-30 02:09:07
4487,NRU,Nauru,2022,20.4,8,63.7,63.7,70.7982,85.0,25.4874,33.528,35.544,1104.2,Our World in Data / WHO,2026-09-30 02:09:07
4488,NZL,New Zealand,1990,8.6,721,18.69,18.69,13.2308,24.477,4.7631,24.317,25.182,537.8,Our World in Data / WHO,2026-09-30 02:09:07
4489,NZL,New Zealand,1991,8.6,721,18.69,18.69,13.9704,25.8452,5.0293,24.435,25.315,537.8,Our World in Data / WHO,2026-09-30 02:09:07
4490,NZL,New Zealand,1992,8.6,721,18.69,18.69,14.7445,27.2773,5.308,24.559,25.454,537.8,Our World in Data / WHO,2026-09-30 02:09:07
4491,NZL,New Zealand,1993,8.6,721,18.69,18.69,15.5525,28.7721,5.5989,24.688,25.599,537.8,Our World in Data / WHO,2026-09-30 02:09:07
4492,NZL,New Zealand,1994,8.6,721,18.69,18.69,16.3915,30.3243,5.9009,24.823,25.75,537.8,Our World in Data / WHO,2026-09-30 02:09:07
4493,NZL,New Zealand,1995,8.6,721,18.69,18.69,17.2548,31.9214,6.2117,24.961,25.906,537.8,Our World in Data / WHO,2026-09-30 02:09:07
4494,NZL,New Zealand,1996,8.6,721,18.69,18.69,18.1418,33.5623,6.531,25.103,26.066,537.8,Our World in Data / WHO,2026-09-30 02:09:07
4495,NZL,New Zealand,1997,8.6,721,18.69,18.69,19.0533,35.2486,6.8592,25.249,26.23,537.8,Our World in Data / WHO,2026-09-30 02:09:07
4496,NZL,New Zealand,1998,8.6,721,18.69,18.69,19.9777,36.9587,7.192,25.396,26.396,537.8,Our World in Data / WHO,2026-09-30 02:09:07
4497,NZL,New Zealand,1999,8.6,721,18.69,18.69,20.907,38.678,7.5265,25.545,26.563,537.8,Our World in Data / WHO,2026-09-30 02:09:07
4498,NZL,New Zealand,2000,8.6,721,18.69,18.69,21.8267,40.3794,7.8576,25.692,26.729,537.8,Our World in Data / WHO,2026-09-30 02:09:07
4499,NZL,New Zealand,2001,8.6,694,17.84,17.84,22.717,42.0264,8.1781,25.835,26.889,537.8,Our World in Data / WHO,2026-09-30 02:09:07
4500,NZL,New Zealand,2002,8.6,710,17.99,17.99,23.5634,43.5923,8.4828,25.97,27.041,537.8,Our World in Data / WHO,2026-09-30 02:09:07
4501,NZL,New Zealand,2003,8.6,744,18.52,18.52,24.3778,45.0989,8.776,26.1,27.188,537.8,Our World in Data / WHO,2026-09-30 02:09:07
4502,NZL,New Zealand,2004,8.6,738,18.07,18.07,25.175,46.5738,9.063,26.228,27.332,537.8,Our World in Data / WHO,2026-09-30 02:09:07
4503,NZL,New Zealand,2005,8.6,732,17.72,17.72,25.945,47.9983,9.3402,26.351,27.47,537.8,Our World in Data / WHO,2026-09-30 02:09:07
4504,NZL,New Zealand,2006,8.6,746,17.85,17.85,26.6754,49.3495,9.6031,26.468,27.602,537.8,Our World in Data / WHO,2026-09-30 02:09:07
4505,NZL,New Zealand,2007,8.6,727,17.23,17.23,27.3677,50.6302,9.8524,26.579,27.726,537.8,Our World in Data / WHO,2026-09-30 02:09:07
4506,NZL,New Zealand,2008,8.6,731,17.17,17.17,28.0146,51.827,10.0853,26.682,27.843,537.8,Our World in Data / WHO,2026-09-30 02:09:07
4507,NZL,New Zealand,2009,8.6,735,17.09,17.09,28.6033,52.9161,10.2972,26.777,27.949,537.8,Our World in Data / WHO,2026-09-30 02:09:07
4508,NZL,New Zealand,2010,8.6,649,14.94,14.94,29.1405,53.9099,10.4906,26.862,28.045,537.8,Our World in Data / WHO,2026-09-30 02:09:07
4509,NZL,New Zealand,2011,8.6,694,15.85,15.85,29.6383,54.8309,10.6698,26.942,28.135,537.8,Our World in Data / WHO,2026-09-30 02:09:07
4510,NZL,New Zealand,2012,8.6,664,15.06,15.06,30.1052,55.6946,10.8379,27.017,28.219,537.8,Our World in Data / WHO,2026-09-30 02:09:07
4511,NZL,New Zealand,2013,8.6,665,14.93,14.93,30.5404,56.4997,10.9945,27.086,28.297,537.8,Our World in Data / WHO,2026-09-30 02:09:07
4512,NZL,New Zealand,2014,8.6,660,14.63,14.63,30.9394,57.2379,11.1382,27.15,28.369,537.8,Our World in Data / WHO,2026-09-30 02:09:07
4513,NZL,New Zealand,2015,8.6,692,15.07,15.07,31.3214,57.9446,11.2757,27.211,28.438,537.8,Our World in Data / WHO,2026-09-30 02:09:07
4514,NZL,New Zealand,2016,8.6,719,15.41,15.41,31.7065,58.657,11.4143,27.273,28.507,537.8,Our World in Data / WHO,2026-09-30 02:09:07
4515,NZL,New Zealand,2017,8.6,766,16.14,16.14,32.0969,59.3793,11.5549,27.336,28.577,537.8,Our World in Data / WHO,2026-09-30 02:09:07
4516,NZL,New Zealand,2018,8.6,751,15.53,15.53,32.4815,60.0908,11.6933,27.397,28.647,537.8,Our World in Data / WHO,2026-09-30 02:09:07
4517,NZL,New Zealand,2019,8.6,777,15.68,15.68,32.8565,60.7845,11.8283,27.457,28.714,537.8,Our World in Data / WHO,2026-09-30 02:09:07
4518,NZL,New Zealand,2020,8.6,757,14.95,14.95,33.2331,61.4812,11.9639,27.517,28.782,537.8,Our World in Data / WHO,2026-09-30 02:09:07
4519,NZL,New Zealand,2021,8.6,819,15.97,15.97,33.6163,62.1902,12.1019,27.579,28.851,537.8,Our World in Data / WHO,2026-09-30 02:09:07
4520,NZL,New Zealand,2022,8.6,819,15.97,15.97,33.993,62.8871,12.2375,27.639,28.919,537.8,Our World in Data / WHO,2026-09-30 02:09:07
4521,OMN,Oman,1990,10.5,354,15.12,15.12,13.4036,24.7967,4.8253,24.345,25.213,629.0,Our World in Data / WHO,2026-09-30 02:09:07
4522,OMN,Oman,1991,10.5,354,15.12,15.12,13.64,25.234,4.9104,24.382,25.255,629.0,Our World in Data / WHO,2026-09-30 02:09:07
4523,OMN,Oman,1992,10.5,354,15.12,15.12,13.9139,25.7407,5.009,24.426,25.305,629.0,Our World in Data / WHO,2026-09-30 02:09:07
4524,OMN,Oman,1993,10.5,354,15.12,15.12,14.2284,26.3225,5.1222,24.477,25.361,629.0,Our World in Data / WHO,2026-09-30 02:09:07
4525,OMN,Oman,1994,10.5,354,15.12,15.12,14.6012,27.0122,5.2564,24.536,25.428,629.0,Our World in Data / WHO,2026-09-30 02:09:07
4526,OMN,Oman,1995,10.5,354,15.12,15.12,15.0079,27.7646,5.4028,24.601,25.501,629.0,Our World in Data / WHO,2026-09-30 02:09:07
4527,OMN,Oman,1996,10.5,354,15.12,15.12,15.4146,28.517,5.5493,24.666,25.575,629.0,Our World in Data / WHO,2026-09-30 02:09:07
4528,OMN,Oman,1997,10.5,354,15.12,15.12,15.8247,29.2757,5.6969,24.732,25.648,629.0,Our World in Data / WHO,2026-09-30 02:09:07
4529,OMN,Oman,1998,10.5,354,15.12,15.12,16.2488,30.0603,5.8496,24.8,25.725,629.0,Our World in Data / WHO,2026-09-30 02:09:07
4530,OMN,Oman,1999,10.5,354,15.12,15.12,16.6956,30.8869,6.0104,24.871,25.805,629.0,Our World in Data / WHO,2026-09-30 02:09:07
4531,OMN,Oman,2000,10.5,354,15.12,15.12,17.169,31.7626,6.1808,24.947,25.89,629.0,Our World in Data / WHO,2026-09-30 02:09:07
4532,OMN,Oman,2001,10.5,351,14.79,14.79,17.6727,32.6945,6.3622,25.028,25.981,629.0,Our World in Data / WHO,2026-09-30 02:09:07
4533,OMN,Oman,2002,10.5,348,14.49,14.49,18.2135,33.695,6.5569,25.114,26.078,629.0,Our World in Data / WHO,2026-09-30 02:09:07
4534,OMN,Oman,2003,10.5,349,14.36,14.36,18.7747,34.7332,6.7589,25.204,26.179,629.0,Our World in Data / WHO,2026-09-30 02:09:07
4535,OMN,Oman,2004,10.5,349,14.16,14.16,19.2853,35.6778,6.9427,25.286,26.271,629.0,Our World in Data / WHO,2026-09-30 02:09:07
4536,OMN,Oman,2005,10.5,360,14.32,14.32,19.7429,36.5244,7.1074,25.359,26.354,629.0,Our World in Data / WHO,2026-09-30 02:09:07
4537,OMN,Oman,2006,10.5,382,14.9,14.9,20.2133,37.3946,7.2768,25.434,26.438,629.0,Our World in Data / WHO,2026-09-30 02:09:07
4538,OMN,Oman,2007,10.5,391,15.02,15.02,20.7105,38.3144,7.4558,25.514,26.528,629.0,Our World in Data / WHO,2026-09-30 02:09:07
4539,OMN,Oman,2008,10.5,409,15.41,15.41,21.249,39.3106,7.6496,25.6,26.625,629.0,Our World in Data / WHO,2026-09-30 02:09:07
4540,OMN,Oman,2009,10.5,390,14.46,14.46,21.8324,40.3899,7.8597,25.693,26.73,629.0,Our World in Data / WHO,2026-09-30 02:09:07
4541,OMN,Oman,2010,10.5,485,16.84,16.84,22.4458,41.5247,8.0805,25.791,26.84,629.0,Our World in Data / WHO,2026-09-30 02:09:07
4542,OMN,Oman,2011,10.5,531,16.56,16.56,22.8438,42.261,8.2238,25.855,26.912,629.0,Our World in Data / WHO,2026-09-30 02:09:07
4543,OMN,Oman,2012,10.5,574,16.25,16.25,23.1868,42.8956,8.3472,25.91,26.974,629.0,Our World in Data / WHO,2026-09-30 02:09:07
4544,OMN,Oman,2013,10.5,617,16.16,16.16,23.694,43.8339,8.5298,25.991,27.065,629.0,Our World in Data / WHO,2026-09-30 02:09:07
4545,OMN,Oman,2014,10.5,682,17.01,17.01,24.3159,44.9844,8.7537,26.091,27.177,629.0,Our World in Data / WHO,2026-09-30 02:09:07
4546,OMN,Oman,2015,10.5,725,17.29,17.29,24.9343,46.1285,8.9763,26.189,27.288,629.0,Our World in Data / WHO,2026-09-30 02:09:07
4547,OMN,Oman,2016,10.5,788,17.91,17.91,25.4673,47.1145,9.1682,26.275,27.384,629.0,Our World in Data / WHO,2026-09-30 02:09:07
4548,OMN,Oman,2017,10.5,804,17.7,17.7,26.003,48.1056,9.3611,26.36,27.481,629.0,Our World in Data / WHO,2026-09-30 02:09:07
4549,OMN,Oman,2018,10.5,791,17.19,17.19,26.5959,49.2024,9.5745,26.455,27.587,629.0,Our World in Data / WHO,2026-09-30 02:09:07
4550,OMN,Oman,2019,10.5,799,17.35,17.35,27.2247,50.3657,9.8009,26.556,27.7,629.0,Our World in Data / WHO,2026-09-30 02:09:07
4551,OMN,Oman,2020,10.5,825,18.16,18.16,27.9104,51.6342,10.0477,26.666,27.824,629.0,Our World in Data / WHO,2026-09-30 02:09:07
4552,OMN,Oman,2021,10.5,680,15.04,15.04,28.522,52.7657,10.2679,26.764,27.934,629.0,Our World in Data / WHO,2026-09-30 02:09:07
4553,OMN,Oman,2022,10.5,680,15.04,15.04,28.8199,53.3168,10.3752,26.811,27.988,629.0,Our World in Data / WHO,2026-09-30 02:09:07
4554,PAK,Pakistan,1990,11.8,28016,18.15,18.15,2.784,6.0,1.0022,22.645,23.301,691.4,Our World in Data / WHO,2026-09-30 02:09:07
4555,PAK,Pakistan,1991,11.8,28016,18.15,18.15,2.9708,6.0,1.0695,22.675,23.335,691.4,Our World in Data / WHO,2026-09-30 02:09:07
4556,PAK,Pakistan,1992,11.8,28016,18.15,18.15,3.1755,6.0,1.1432,22.708,23.372,691.4,Our World in Data / WHO,2026-09-30 02:09:07
4557,PAK,Pakistan,1993,11.8,28016,18.15,18.15,3.393,6.277,1.2215,22.743,23.411,691.4,Our World in Data / WHO,2026-09-30 02:09:07
4558,PAK,Pakistan,1994,11.8,28016,18.15,18.15,3.6215,6.6998,1.3037,22.779,23.452,691.4,Our World in Data / WHO,2026-09-30 02:09:07
4559,PAK,Pakistan,1995,11.8,28016,18.15,18.15,3.8657,7.1515,1.3917,22.819,23.496,691.4,Our World in Data / WHO,2026-09-30 02:09:07
4560,PAK,Pakistan,1996,11.8,28016,18.15,18.15,4.1265,7.634,1.4855,22.86,23.543,691.4,Our World in Data / WHO,2026-09-30 02:09:07
4561,PAK,Pakistan,1997,11.8,28016,18.15,18.15,4.4071,8.1531,1.5866,22.905,23.593,691.4,Our World in Data / WHO,2026-09-30 02:09:07
4562,PAK,Pakistan,1998,11.8,28016,18.15,18.15,4.709,8.7116,1.6952,22.953,23.648,691.4,Our World in Data / WHO,2026-09-30 02:09:07
4563,PAK,Pakistan,1999,11.8,28016,18.15,18.15,5.0317,9.3086,1.8114,23.005,23.706,691.4,Our World in Data / WHO,2026-09-30 02:09:07
4564,PAK,Pakistan,2000,11.8,28016,18.15,18.15,5.3742,9.9423,1.9347,23.06,23.767,691.4,Our World in Data / WHO,2026-09-30 02:09:07
4565,PAK,Pakistan,2001,11.4455,29477,18.51,18.51,5.74,10.619,2.0664,23.118,23.833,674.38,Our World in Data / WHO,2026-09-30 02:09:07
4566,PAK,Pakistan,2002,11.0909,30870,18.91,18.91,6.1374,11.3542,2.2095,23.182,23.905,657.36,Our World in Data / WHO,2026-09-30 02:09:07
4567,PAK,Pakistan,2003,10.7364,32203,19.3,19.3,6.5614,12.1386,2.3621,23.25,23.981,640.35,Our World in Data / WHO,2026-09-30 02:09:07
4568,PAK,Pakistan,2004,10.3818,33400,19.57,19.57,7.007,12.963,2.5225,23.321,24.061,623.33,Our World in Data / WHO,2026-09-30 02:09:07
4569,PAK,Pakistan,2005,10.0273,34581,19.83,19.83,7.4791,13.8363,2.6925,23.397,24.146,606.31,Our World in Data / WHO,2026-09-30 02:09:07
4570,PAK,Pakistan,2006,9.6727,35617,20.0,20.0,7.9804,14.7637,2.8729,23.477,24.236,589.29,Our World in Data / WHO,2026-09-30 02:09:07
4571,PAK,Pakistan,2007,9.3182,36571,20.1,20.1,8.5121,15.7474,3.0644,23.562,24.332,572.27,Our World in Data / WHO,2026-09-30 02:09:07
4572,PAK,Pakistan,2008,8.9636,37853,20.36,20.36,9.0796,16.7973,3.2687,23.653,24.434,555.25,Our World in Data / WHO,2026-09-30 02:09:07
4573,PAK,Pakistan,2009,8.6091,39122,20.58,20.58,9.6853,17.9178,3.4867,23.75,24.543,538.24,Our World in Data / WHO,2026-09-30 02:09:07
4574,PAK,Pakistan,2010,8.2545,40314,20.73,20.73,10.3315,19.1133,3.7193,23.853,24.66,521.22,Our World in Data / WHO,2026-09-30 02:09:07
4575,PAK,Pakistan,2011,7.9,41398,20.84,20.84,11.0253,20.3968,3.9691,23.964,24.785,504.2,Our World in Data / WHO,2026-09-30 02:09:07
4576,PAK,Pakistan,2012,7.9,42464,21.0,21.0,11.7755,21.7847,4.2392,24.084,24.92,504.2,Our World in Data / WHO,2026-09-30 02:09:07
4577,PAK,Pakistan,2013,7.9,43483,21.18,21.18,12.5819,23.2765,4.5295,24.213,25.065,504.2,Our World in Data / WHO,2026-09-30 02:09:07
4578,PAK,Pakistan,2014,7.9,44784,21.5,21.5,13.4387,24.8616,4.8379,24.35,25.219,504.2,Our World in Data / WHO,2026-09-30 02:09:07
4579,PAK,Pakistan,2015,7.9,46184,21.89,21.89,14.3439,26.5362,5.1638,24.495,25.382,504.2,Our World in Data / WHO,2026-09-30 02:09:07
4580,PAK,Pakistan,2016,7.9,47320,22.16,22.16,15.291,28.2884,5.5048,24.647,25.552,504.2,Our World in Data / WHO,2026-09-30 02:09:07
4581,PAK,Pakistan,2017,7.9,48845,22.57,22.57,16.2609,30.0827,5.8539,24.802,25.727,504.2,Our World in Data / WHO,2026-09-30 02:09:07
4582,PAK,Pakistan,2018,7.9,50166,22.83,22.83,17.2374,31.8892,6.2055,24.958,25.903,504.2,Our World in Data / WHO,2026-09-30 02:09:07
4583,PAK,Pakistan,2019,7.9,51830,23.21,23.21,18.2292,33.724,6.5625,25.117,26.081,504.2,Our World in Data / WHO,2026-09-30 02:09:07
4584,PAK,Pakistan,2020,7.9,54822,24.13,24.13,19.2404,35.5947,6.9265,25.278,26.263,504.2,Our World in Data / WHO,2026-09-30 02:09:07
4585,PAK,Pakistan,2021,7.9,54723,23.65,23.65,20.2728,37.5047,7.2982,25.444,26.449,504.2,Our World in Data / WHO,2026-09-30 02:09:07
4586,PAK,Pakistan,2022,7.9,54723,23.65,23.65,21.336,39.4716,7.681,25.614,26.64,504.2,Our World in Data / WHO,2026-09-30 02:09:07
4587,PAN,Panama,1990,9.4,546,18.18,18.18,10.0472,18.5873,3.617,23.808,24.608,576.2,Our World in Data / WHO,2026-09-30 02:09:07
4588,PAN,Panama,1991,9.4,546,18.18,18.18,10.5712,19.5567,3.8056,23.891,24.703,576.2,Our World in Data / WHO,2026-09-30 02:09:07
4589,PAN,Panama,1992,9.4,546,18.18,18.18,11.1232,20.5779,4.0044,23.98,24.802,576.2,Our World in Data / WHO,2026-09-30 02:09:07
4590,PAN,Panama,1993,9.4,546,18.18,18.18,11.704,21.6524,4.2134,24.073,24.907,576.2,Our World in Data / WHO,2026-09-30 02:09:07
4591,PAN,Panama,1994,9.4,546,18.18,18.18,12.3136,22.7802,4.4329,24.17,25.016,576.2,Our World in Data / WHO,2026-09-30 02:09:07
4592,PAN,Panama,1995,9.4,546,18.18,18.18,12.9536,23.9642,4.6633,24.273,25.132,576.2,Our World in Data / WHO,2026-09-30 02:09:07
4593,PAN,Panama,1996,9.4,546,18.18,18.18,13.6239,25.2042,4.9046,24.38,25.252,576.2,Our World in Data / WHO,2026-09-30 02:09:07
4594,PAN,Panama,1997,9.4,546,18.18,18.18,14.3233,26.4981,5.1564,24.492,25.378,576.2,Our World in Data / WHO,2026-09-30 02:09:07
4595,PAN,Panama,1998,9.4,546,18.18,18.18,15.0463,27.8357,5.4167,24.607,25.508,576.2,Our World in Data / WHO,2026-09-30 02:09:07
4596,PAN,Panama,1999,9.4,546,18.18,18.18,15.7894,29.2104,5.6842,24.726,25.642,576.2,Our World in Data / WHO,2026-09-30 02:09:07
4597,PAN,Panama,2000,9.4,546,18.18,18.18,16.544,30.6064,5.9558,24.847,25.778,576.2,Our World in Data / WHO,2026-09-30 02:09:07
4598,PAN,Panama,2001,9.4,599,19.56,19.56,17.3047,32.0137,6.2297,24.969,25.915,576.2,Our World in Data / WHO,2026-09-30 02:09:07
4599,PAN,Panama,2002,9.4,691,22.15,22.15,18.074,33.4369,6.5066,25.092,26.053,576.2,Our World in Data / WHO,2026-09-30 02:09:07
4600,PAN,Panama,2003,9.4,695,21.86,21.86,18.8533,34.8786,6.7872,25.217,26.194,576.2,Our World in Data / WHO,2026-09-30 02:09:07
4601,PAN,Panama,2004,9.4,659,20.33,20.33,19.6467,36.3464,7.0728,25.343,26.336,576.2,Our World in Data / WHO,2026-09-30 02:09:07
4602,PAN,Panama,2005,9.4,628,19.01,19.01,20.4557,37.843,7.3641,25.473,26.482,576.2,Our World in Data / WHO,2026-09-30 02:09:07
4603,PAN,Panama,2006,9.4,699,20.76,20.76,21.2805,39.3689,7.661,25.605,26.63,576.2,Our World in Data / WHO,2026-09-30 02:09:07
4604,PAN,Panama,2007,9.4,657,19.14,19.14,22.1232,40.9279,7.9644,25.74,26.782,576.2,Our World in Data / WHO,2026-09-30 02:09:07
4605,PAN,Panama,2008,9.4,709,20.28,20.28,22.9866,42.5252,8.2752,25.878,26.938,576.2,Our World in Data / WHO,2026-09-30 02:09:07
4606,PAN,Panama,2009,9.4,597,16.77,16.77,23.8718,44.1628,8.5938,26.019,27.097,576.2,Our World in Data / WHO,2026-09-30 02:09:07
4607,PAN,Panama,2010,9.4,706,19.48,19.48,24.783,45.8486,8.9219,26.165,27.261,576.2,Our World in Data / WHO,2026-09-30 02:09:07
4608,PAN,Panama,2011,9.4,762,20.66,20.66,25.7125,47.5681,9.2565,26.314,27.428,576.2,Our World in Data / WHO,2026-09-30 02:09:07
4609,PAN,Panama,2012,9.4,885,23.56,23.56,26.6552,49.3121,9.5959,26.465,27.598,576.2,Our World in Data / WHO,2026-09-30 02:09:07
4610,PAN,Panama,2013,9.4,916,23.98,23.98,27.6029,51.0654,9.937,26.616,27.769,576.2,Our World in Data / WHO,2026-09-30 02:09:07
4611,PAN,Panama,2014,9.4,1013,26.06,26.06,28.5521,52.8214,10.2788,26.768,27.939,576.2,Our World in Data / WHO,2026-09-30 02:09:07
4612,PAN,Panama,2015,9.4,1071,27.07,27.07,29.5009,54.5767,10.6203,26.92,28.11,576.2,Our World in Data / WHO,2026-09-30 02:09:07
4613,PAN,Panama,2016,9.4,984,24.44,24.44,30.4432,56.3199,10.9596,27.071,28.28,576.2,Our World in Data / WHO,2026-09-30 02:09:07
4614,PAN,Panama,2017,9.4,1017,24.84,24.84,31.3725,58.0391,11.2941,27.22,28.447,576.2,Our World in Data / WHO,2026-09-30 02:09:07
4615,PAN,Panama,2018,9.4,1076,25.84,25.84,32.2897,59.7359,11.6243,27.366,28.612,576.2,Our World in Data / WHO,2026-09-30 02:09:07
4616,PAN,Panama,2019,9.4,1145,27.05,27.05,33.1992,61.4185,11.9517,27.512,28.776,576.2,Our World in Data / WHO,2026-09-30 02:09:07
4617,PAN,Panama,2020,9.4,1072,24.96,24.96,34.1135,63.11,12.2809,27.658,28.94,576.2,Our World in Data / WHO,2026-09-30 02:09:07
4618,PAN,Panama,2021,9.4,1351,31.04,31.04,35.0309,64.8072,12.6111,27.805,29.106,576.2,Our World in Data / WHO,2026-09-30 02:09:07
4619,PAN,Panama,2022,9.4,1351,31.04,31.04,35.938,66.4853,12.9377,27.95,29.269,576.2,Our World in Data / WHO,2026-09-30 02:09:07
4620,PER,Peru,1990,6.0,1205,4.52,4.52,7.326,13.5531,2.6374,23.372,24.119,413.0,Our World in Data / WHO,2026-09-30 02:09:07
4621,PER,Peru,1991,6.0,1205,4.52,4.52,7.5937,14.0483,2.7337,23.415,24.167,413.0,Our World in Data / WHO,2026-09-30 02:09:07
4622,PER,Peru,1992,6.0,1205,4.52,4.52,7.875,14.5688,2.835,23.46,24.218,413.0,Our World in Data / WHO,2026-09-30 02:09:07
4623,PER,Peru,1993,6.0,1205,4.52,4.52,8.1706,15.1156,2.9414,23.507,24.271,413.0,Our World in Data / WHO,2026-09-30 02:09:07
4624,PER,Peru,1994,6.0,1205,4.52,4.52,8.4833,15.6941,3.054,23.557,24.327,413.0,Our World in Data / WHO,2026-09-30 02:09:07
4625,PER,Peru,1995,6.0,1205,4.52,4.52,8.8133,16.3046,3.1728,23.61,24.386,413.0,Our World in Data / WHO,2026-09-30 02:09:07
4626,PER,Peru,1996,6.0,1205,4.52,4.52,9.1628,16.9512,3.2986,23.666,24.449,413.0,Our World in Data / WHO,2026-09-30 02:09:07
4627,PER,Peru,1997,6.0,1205,4.52,4.52,9.5319,17.634,3.4315,23.725,24.516,413.0,Our World in Data / WHO,2026-09-30 02:09:07
4628,PER,Peru,1998,6.0,1205,4.52,4.52,9.9205,18.3529,3.5714,23.787,24.586,413.0,Our World in Data / WHO,2026-09-30 02:09:07
4629,PER,Peru,1999,6.0,1205,4.52,4.52,10.3308,19.112,3.7191,23.853,24.66,413.0,Our World in Data / WHO,2026-09-30 02:09:07
4630,PER,Peru,2000,6.0,1205,4.52,4.52,10.76,19.906,3.8736,23.922,24.737,413.0,Our World in Data / WHO,2026-09-30 02:09:07
4631,PER,Peru,2001,6.0,912,3.38,3.38,11.2047,20.7287,4.0337,23.993,24.817,413.0,Our World in Data / WHO,2026-09-30 02:09:07
4632,PER,Peru,2002,6.0,1119,4.09,4.09,11.665,21.5802,4.1994,24.066,24.9,413.0,Our World in Data / WHO,2026-09-30 02:09:07
4633,PER,Peru,2003,6.0,1116,4.04,4.04,12.1418,22.4623,4.371,24.143,24.986,413.0,Our World in Data / WHO,2026-09-30 02:09:07
4634,PER,Peru,2004,6.0,1122,4.02,4.02,12.638,23.3803,4.5497,24.222,25.075,413.0,Our World in Data / WHO,2026-09-30 02:09:07
4635,PER,Peru,2005,6.0,1123,3.99,3.99,13.1589,24.344,4.7372,24.305,25.169,413.0,Our World in Data / WHO,2026-09-30 02:09:07
4636,PER,Peru,2006,6.0,1209,4.26,4.26,13.7092,25.362,4.9353,24.393,25.268,413.0,Our World in Data / WHO,2026-09-30 02:09:07
4637,PER,Peru,2007,6.0,1314,4.59,4.59,14.2924,26.4409,5.1453,24.487,25.373,413.0,Our World in Data / WHO,2026-09-30 02:09:07
4638,PER,Peru,2008,6.0,1266,4.39,4.39,14.9302,27.6209,5.3749,24.589,25.487,413.0,Our World in Data / WHO,2026-09-30 02:09:07
4639,PER,Peru,2009,6.0,1667,5.74,5.74,15.6287,28.9131,5.6263,24.701,25.613,413.0,Our World in Data / WHO,2026-09-30 02:09:07
4640,PER,Peru,2010,6.0,1955,6.69,6.69,16.3685,30.2817,5.8927,24.819,25.746,413.0,Our World in Data / WHO,2026-09-30 02:09:07
4641,PER,Peru,2011,6.0,1910,6.48,6.48,17.1499,31.7273,6.174,24.944,25.887,413.0,Our World in Data / WHO,2026-09-30 02:09:07
4642,PER,Peru,2012,6.0,2139,7.19,7.19,17.968,33.2408,6.4685,25.075,26.034,413.0,Our World in Data / WHO,2026-09-30 02:09:07
4643,PER,Peru,2013,6.0,2363,7.87,7.87,18.8205,34.8179,6.7754,25.211,26.188,413.0,Our World in Data / WHO,2026-09-30 02:09:07
4644,PER,Peru,2014,6.0,2671,8.8,8.8,19.6987,36.4426,7.0915,25.352,26.346,413.0,Our World in Data / WHO,2026-09-30 02:09:07
4645,PER,Peru,2015,6.0,2840,9.25,9.25,20.5969,38.1043,7.4149,25.496,26.507,413.0,Our World in Data / WHO,2026-09-30 02:09:07
4646,PER,Peru,2016,6.0,2633,8.46,8.46,21.5116,39.7965,7.7442,25.642,26.672,413.0,Our World in Data / WHO,2026-09-30 02:09:07
4647,PER,Peru,2017,6.0,2501,7.91,7.91,22.4381,41.5105,8.0777,25.79,26.839,413.0,Our World in Data / WHO,2026-09-30 02:09:07
4648,PER,Peru,2018,6.0,4063,12.62,12.62,23.3622,43.2201,8.4104,25.938,27.005,413.0,Our World in Data / WHO,2026-09-30 02:09:07
4649,PER,Peru,2019,6.0,4225,12.87,12.87,24.3006,44.9561,8.7482,26.088,27.174,413.0,Our World in Data / WHO,2026-09-30 02:09:07
4650,PER,Peru,2020,6.0,6538,19.63,19.63,25.2651,46.7404,9.0954,26.242,27.348,413.0,Our World in Data / WHO,2026-09-30 02:09:07
4651,PER,Peru,2021,6.0,4879,14.47,14.47,26.2353,48.5353,9.4447,26.398,27.522,413.0,Our World in Data / WHO,2026-09-30 02:09:07
4652,PER,Peru,2022,6.0,4879,14.47,14.47,27.2039,50.3272,9.7934,26.553,27.697,413.0,Our World in Data / WHO,2026-09-30 02:09:07
4653,PHL,Philippines,1990,9.7,7790,9.99,9.99,1.5728,6.0,0.5662,22.452,23.083,590.6,Our World in Data / WHO,2026-09-30 02:09:07
4654,PHL,Philippines,1991,9.7,7790,9.99,9.99,1.7105,6.0,0.6158,22.474,23.108,590.6,Our World in Data / WHO,2026-09-30 02:09:07
4655,PHL,Philippines,1992,9.7,7790,9.99,9.99,1.8551,6.0,0.6678,22.497,23.134,590.6,Our World in Data / WHO,2026-09-30 02:09:07
4656,PHL,Philippines,1993,9.7,7790,9.99,9.99,2.0051,6.0,0.7218,22.521,23.161,590.6,Our World in Data / WHO,2026-09-30 02:09:07
4657,PHL,Philippines,1994,9.7,7790,9.99,9.99,2.1617,6.0,0.7782,22.546,23.189,590.6,Our World in Data / WHO,2026-09-30 02:09:07
4658,PHL,Philippines,1995,9.7,7790,9.99,9.99,2.3226,6.0,0.8361,22.572,23.218,590.6,Our World in Data / WHO,2026-09-30 02:09:07
4659,PHL,Philippines,1996,9.7,7790,9.99,9.99,2.4855,6.0,0.8948,22.598,23.247,590.6,Our World in Data / WHO,2026-09-30 02:09:07
4660,PHL,Philippines,1997,9.7,7790,9.99,9.99,2.6514,6.0,0.9545,22.624,23.277,590.6,Our World in Data / WHO,2026-09-30 02:09:07
4661,PHL,Philippines,1998,9.7,7790,9.99,9.99,2.8191,6.0,1.0149,22.651,23.307,590.6,Our World in Data / WHO,2026-09-30 02:09:07
4662,PHL,Philippines,1999,9.7,7790,9.99,9.99,2.9905,6.0,1.0766,22.678,23.338,590.6,Our World in Data / WHO,2026-09-30 02:09:07
4663,PHL,Philippines,2000,9.7,7790,9.99,9.99,3.1669,6.0,1.1401,22.707,23.37,590.6,Our World in Data / WHO,2026-09-30 02:09:07
4664,PHL,Philippines,2001,9.7,9150,11.49,11.49,3.3465,6.191,1.2047,22.735,23.402,590.6,Our World in Data / WHO,2026-09-30 02:09:07
4665,PHL,Philippines,2002,9.7,10068,12.39,12.39,3.5298,6.5301,1.2707,22.765,23.435,590.6,Our World in Data / WHO,2026-09-30 02:09:07
4666,PHL,Philippines,2003,9.7,10615,12.8,12.8,3.7169,6.8763,1.3381,22.795,23.469,590.6,Our World in Data / WHO,2026-09-30 02:09:07
4667,PHL,Philippines,2004,9.7,11859,14.02,14.02,3.9089,7.2315,1.4072,22.825,23.504,590.6,Our World in Data / WHO,2026-09-30 02:09:07
4668,PHL,Philippines,2005,9.7,12465,14.45,14.45,4.1062,7.5965,1.4782,22.857,23.539,590.6,Our World in Data / WHO,2026-09-30 02:09:07
4669,PHL,Philippines,2006,9.7,14873,16.92,16.92,4.3104,7.9742,1.5517,22.89,23.576,590.6,Our World in Data / WHO,2026-09-30 02:09:07
4670,PHL,Philippines,2007,9.7,15147,16.91,16.91,4.5201,8.3622,1.6272,22.923,23.614,590.6,Our World in Data / WHO,2026-09-30 02:09:07
4671,PHL,Philippines,2008,9.7,16237,17.79,17.79,4.7385,8.7662,1.7059,22.958,23.653,590.6,Our World in Data / WHO,2026-09-30 02:09:07
4672,PHL,Philippines,2009,9.7,15820,17.02,17.02,4.9635,9.1825,1.7869,22.994,23.693,590.6,Our World in Data / WHO,2026-09-30 02:09:07
4673,PHL,Philippines,2010,9.7,15144,16.0,16.0,5.1925,9.6061,1.8693,23.031,23.735,590.6,Our World in Data / WHO,2026-09-30 02:09:07
4674,PHL,Philippines,2011,9.7,15487,16.08,16.08,5.4321,10.0494,1.9556,23.069,23.778,590.6,Our World in Data / WHO,2026-09-30 02:09:07
4675,PHL,Philippines,2012,9.7,18963,19.34,19.34,5.6812,10.5102,2.0452,23.109,23.823,590.6,Our World in Data / WHO,2026-09-30 02:09:07
4676,PHL,Philippines,2013,9.7,19624,19.68,19.68,5.942,10.9927,2.1391,23.151,23.87,590.6,Our World in Data / WHO,2026-09-30 02:09:07
4677,PHL,Philippines,2014,9.7,22706,22.41,22.41,6.2183,11.5039,2.2386,23.195,23.919,590.6,Our World in Data / WHO,2026-09-30 02:09:07
4678,PHL,Philippines,2015,9.7,22120,21.47,21.47,6.5097,12.0429,2.3435,23.242,23.972,590.6,Our World in Data / WHO,2026-09-30 02:09:07
4679,PHL,Philippines,2016,9.7,25594,24.4,24.4,6.8139,12.6057,2.453,23.29,24.027,590.6,Our World in Data / WHO,2026-09-30 02:09:07
4680,PHL,Philippines,2017,9.7,23578,22.09,22.09,7.1267,13.1844,2.5656,23.34,24.083,590.6,Our World in Data / WHO,2026-09-30 02:09:07
4681,PHL,Philippines,2018,9.7,25023,23.05,23.05,7.4472,13.7773,2.681,23.392,24.14,590.6,Our World in Data / WHO,2026-09-30 02:09:07
4682,PHL,Philippines,2019,9.7,27146,24.59,24.59,7.778,14.3893,2.8001,23.444,24.2,590.6,Our World in Data / WHO,2026-09-30 02:09:07
4683,PHL,Philippines,2020,9.7,26283,23.43,23.43,8.1232,15.0279,2.9244,23.5,24.262,590.6,Our World in Data / WHO,2026-09-30 02:09:07
4684,PHL,Philippines,2021,9.7,37246,32.71,32.71,8.4883,15.7034,3.0558,23.558,24.328,590.6,Our World in Data / WHO,2026-09-30 02:09:07
4685,PHL,Philippines,2022,9.7,37246,32.71,32.71,8.8669,16.4038,3.1921,23.619,24.396,590.6,Our World in Data / WHO,2026-09-30 02:09:07
4686,PLW,Palau,1990,11.1,13,67.27,67.27,31.6965,58.6385,11.4107,27.271,28.505,657.8,Our World in Data / WHO,2026-09-30 02:09:07
4687,PLW,Palau,1991,11.1,13,67.27,67.27,32.3106,59.7746,11.6318,27.37,28.616,657.8,Our World in Data / WHO,2026-09-30 02:09:07
4688,PLW,Palau,1992,11.1,13,67.27,67.27,32.905,60.8742,11.8458,27.465,28.723,657.8,Our World in Data / WHO,2026-09-30 02:09:07
4689,PLW,Palau,1993,11.1,13,67.27,67.27,33.5277,62.0262,12.07,27.564,28.835,657.8,Our World in Data / WHO,2026-09-30 02:09:07
4690,PLW,Palau,1994,11.1,13,67.27,67.27,34.194,63.2589,12.3098,27.671,28.955,657.8,Our World in Data / WHO,2026-09-30 02:09:07
4691,PLW,Palau,1995,11.1,13,67.27,67.27,34.8564,64.4843,12.5483,27.777,29.074,657.8,Our World in Data / WHO,2026-09-30 02:09:07
4692,PLW,Palau,1996,11.1,13,67.27,67.27,35.423,65.5326,12.7523,27.868,29.176,657.8,Our World in Data / WHO,2026-09-30 02:09:07
4693,PLW,Palau,1997,11.1,13,67.27,67.27,35.9243,66.46,12.9327,27.948,29.266,657.8,Our World in Data / WHO,2026-09-30 02:09:07
4694,PLW,Palau,1998,11.1,13,67.27,67.27,36.4322,67.3996,13.1156,28.029,29.358,657.8,Our World in Data / WHO,2026-09-30 02:09:07
4695,PLW,Palau,1999,11.1,13,67.27,67.27,36.9424,68.3434,13.2993,28.111,29.45,657.8,Our World in Data / WHO,2026-09-30 02:09:07
4696,PLW,Palau,2000,11.1,13,67.27,67.27,37.427,69.24,13.4737,28.188,29.537,657.8,Our World in Data / WHO,2026-09-30 02:09:07
4697,PLW,Palau,2001,11.1,14,70.71,70.71,37.8647,70.0497,13.6313,28.258,29.616,657.8,Our World in Data / WHO,2026-09-30 02:09:07
4698,PLW,Palau,2002,11.1,15,73.7,73.7,38.2698,70.7991,13.7771,28.323,29.689,657.8,Our World in Data / WHO,2026-09-30 02:09:07
4699,PLW,Palau,2003,11.1,15,75.0,75.0,38.6443,71.492,13.9119,28.383,29.756,657.8,Our World in Data / WHO,2026-09-30 02:09:07
4700,PLW,Palau,2004,11.1,16,81.98,81.98,38.9966,72.1437,14.0388,28.439,29.819,657.8,Our World in Data / WHO,2026-09-30 02:09:07
4701,PLW,Palau,2005,11.1,17,83.81,83.81,39.3119,72.727,14.1523,28.49,29.876,657.8,Our World in Data / WHO,2026-09-30 02:09:07
4702,PLW,Palau,2006,11.1,17,86.5,86.5,39.5671,73.1991,14.2442,28.531,29.922,657.8,Our World in Data / WHO,2026-09-30 02:09:07
4703,PLW,Palau,2007,11.1,17,87.37,87.37,39.7784,73.59,14.3202,28.565,29.96,657.8,Our World in Data / WHO,2026-09-30 02:09:07
4704,PLW,Palau,2008,11.1,17,88.84,88.84,39.9681,73.941,14.3885,28.595,29.994,657.8,Our World in Data / WHO,2026-09-30 02:09:07
4705,PLW,Palau,2009,11.1,17,90.62,90.62,40.1442,74.2668,14.4519,28.623,30.026,657.8,Our World in Data / WHO,2026-09-30 02:09:07
4706,PLW,Palau,2010,11.1,17,91.53,91.53,40.3157,74.584,14.5137,28.651,30.057,657.8,Our World in Data / WHO,2026-09-30 02:09:07
4707,PLW,Palau,2011,11.1,17,92.93,92.93,40.4794,74.8869,14.5726,28.677,30.086,657.8,Our World in Data / WHO,2026-09-30 02:09:07
4708,PLW,Palau,2012,11.1,17,95.45,95.45,40.6182,75.1437,14.6226,28.699,30.111,657.8,Our World in Data / WHO,2026-09-30 02:09:07
4709,PLW,Palau,2013,11.1,18,99.07,99.07,40.7153,75.3233,14.6575,28.714,30.129,657.8,Our World in Data / WHO,2026-09-30 02:09:07
4710,PLW,Palau,2014,11.1,18,101.2,101.2,40.8142,75.5063,14.6931,28.73,30.147,657.8,Our World in Data / WHO,2026-09-30 02:09:07
4711,PLW,Palau,2015,11.1,18,103.24,103.24,40.9275,75.7159,14.7339,28.748,30.167,657.8,Our World in Data / WHO,2026-09-30 02:09:07
4712,PLW,Palau,2016,11.1,19,105.97,105.97,41.0401,75.9242,14.7744,28.766,30.187,657.8,Our World in Data / WHO,2026-09-30 02:09:07
4713,PLW,Palau,2017,11.1,20,109.55,109.55,41.1895,76.2006,14.8282,28.79,30.214,657.8,Our World in Data / WHO,2026-09-30 02:09:07
4714,PLW,Palau,2018,11.1,20,111.11,111.11,41.3617,76.5191,14.8902,28.818,30.245,657.8,Our World in Data / WHO,2026-09-30 02:09:07
4715,PLW,Palau,2019,11.1,20,113.97,113.97,41.5411,76.851,14.9548,28.847,30.277,657.8,Our World in Data / WHO,2026-09-30 02:09:07
4716,PLW,Palau,2020,11.1,21,115.9,115.9,41.6889,77.1245,15.008,28.87,30.304,657.8,Our World in Data / WHO,2026-09-30 02:09:07
4717,PLW,Palau,2021,11.1,22,121.45,121.45,41.8045,77.3383,15.0496,28.889,30.325,657.8,Our World in Data / WHO,2026-09-30 02:09:07
4718,PLW,Palau,2022,11.1,22,121.45,121.45,41.9158,77.5442,15.0897,28.907,30.345,657.8,Our World in Data / WHO,2026-09-30 02:09:07
4719,PNG,Papua New Guinea,1990,15.5,1295,23.51,23.51,13.3986,24.7874,4.8235,24.344,25.212,869.0,Our World in Data / WHO,2026-09-30 02:09:07
4720,PNG,Papua New Guinea,1991,15.5,1295,23.51,23.51,13.7878,25.5074,4.9636,24.406,25.282,869.0,Our World in Data / WHO,2026-09-30 02:09:07
4721,PNG,Papua New Guinea,1992,15.5,1295,23.51,23.51,14.165,26.2052,5.0994,24.466,25.35,869.0,Our World in Data / WHO,2026-09-30 02:09:07
4722,PNG,Papua New Guinea,1993,15.5,1295,23.51,23.51,14.542,26.9027,5.2351,24.527,25.418,869.0,Our World in Data / WHO,2026-09-30 02:09:07
4723,PNG,Papua New Guinea,1994,15.5,1295,23.51,23.51,14.9222,27.6061,5.372,24.588,25.486,869.0,Our World in Data / WHO,2026-09-30 02:09:07
4724,PNG,Papua New Guinea,1995,15.5,1295,23.51,23.51,15.3061,28.3163,5.5102,24.649,25.555,869.0,Our World in Data / WHO,2026-09-30 02:09:07
4725,PNG,Papua New Guinea,1996,15.5,1295,23.51,23.51,15.6951,29.0359,5.6502,24.711,25.625,869.0,Our World in Data / WHO,2026-09-30 02:09:07
4726,PNG,Papua New Guinea,1997,15.5,1295,23.51,23.51,16.0921,29.7704,5.7932,24.775,25.697,869.0,Our World in Data / WHO,2026-09-30 02:09:07
4727,PNG,Papua New Guinea,1998,15.5,1295,23.51,23.51,16.4965,30.5185,5.9387,24.839,25.769,869.0,Our World in Data / WHO,2026-09-30 02:09:07
4728,PNG,Papua New Guinea,1999,15.5,1295,23.51,23.51,16.9081,31.28,6.0869,24.905,25.843,869.0,Our World in Data / WHO,2026-09-30 02:09:07
4729,PNG,Papua New Guinea,2000,15.5,1295,23.51,23.51,17.3229,32.0474,6.2362,24.972,25.918,869.0,Our World in Data / WHO,2026-09-30 02:09:07
4730,PNG,Papua New Guinea,2001,14.7818,1372,24.08,24.08,17.7374,32.8142,6.3855,25.038,25.993,834.53,Our World in Data / WHO,2026-09-30 02:09:07
4731,PNG,Papua New Guinea,2002,14.0636,1427,24.21,24.21,18.1507,33.5788,6.5343,25.104,26.067,800.05,Our World in Data / WHO,2026-09-30 02:09:07
4732,PNG,Papua New Guinea,2003,13.3455,1487,24.41,24.41,18.5618,34.3393,6.6822,25.17,26.141,765.58,Our World in Data / WHO,2026-09-30 02:09:07
4733,PNG,Papua New Guinea,2004,12.6273,1545,24.55,24.55,18.9692,35.093,6.8289,25.235,26.214,731.11,Our World in Data / WHO,2026-09-30 02:09:07
4734,PNG,Papua New Guinea,2005,11.9091,1624,24.98,24.98,19.3717,35.8376,6.9738,25.299,26.287,696.64,Our World in Data / WHO,2026-09-30 02:09:07
4735,PNG,Papua New Guinea,2006,11.1909,1704,25.4,25.4,19.7651,36.5654,7.1154,25.362,26.358,662.16,Our World in Data / WHO,2026-09-30 02:09:07
4736,PNG,Papua New Guinea,2007,10.4727,1770,25.57,25.57,20.1518,37.2808,7.2546,25.424,26.427,627.69,Our World in Data / WHO,2026-09-30 02:09:07
4737,PNG,Papua New Guinea,2008,9.7545,1813,25.4,25.4,20.5368,37.9931,7.3932,25.486,26.497,593.22,Our World in Data / WHO,2026-09-30 02:09:07
4738,PNG,Papua New Guinea,2009,9.0364,1861,25.28,25.28,20.9222,38.7061,7.532,25.548,26.566,558.75,Our World in Data / WHO,2026-09-30 02:09:07
4739,PNG,Papua New Guinea,2010,8.3182,1968,25.95,25.95,21.301,39.4068,7.6684,25.608,26.634,524.27,Our World in Data / WHO,2026-09-30 02:09:07
4740,PNG,Papua New Guinea,2011,7.6,2066,26.47,26.47,21.6776,40.1036,7.8039,25.668,26.702,489.8,Our World in Data / WHO,2026-09-30 02:09:07
4741,PNG,Papua New Guinea,2012,7.6,2150,26.78,26.78,22.0626,40.8158,7.9425,25.73,26.771,489.8,Our World in Data / WHO,2026-09-30 02:09:07
4742,PNG,Papua New Guinea,2013,7.6,2236,27.12,27.12,22.4604,41.5517,8.0857,25.794,26.843,489.8,Our World in Data / WHO,2026-09-30 02:09:07
4743,PNG,Papua New Guinea,2014,7.6,2439,28.81,28.81,22.8708,42.311,8.2335,25.859,26.917,489.8,Our World in Data / WHO,2026-09-30 02:09:07
4744,PNG,Papua New Guinea,2015,7.6,2534,29.19,29.19,23.2935,43.093,8.3857,25.927,26.993,489.8,Our World in Data / WHO,2026-09-30 02:09:07
4745,PNG,Papua New Guinea,2016,7.6,2652,29.8,29.8,23.7285,43.8977,8.5423,25.997,27.071,489.8,Our World in Data / WHO,2026-09-30 02:09:07
4746,PNG,Papua New Guinea,2017,7.6,2688,29.49,29.49,24.1693,44.7132,8.7009,26.067,27.15,489.8,Our World in Data / WHO,2026-09-30 02:09:07
4747,PNG,Papua New Guinea,2018,7.6,2855,30.61,30.61,24.6198,45.5466,8.8631,26.139,27.232,489.8,Our World in Data / WHO,2026-09-30 02:09:07
4748,PNG,Papua New Guinea,2019,7.6,3073,32.2,32.2,25.0807,46.3993,9.0291,26.213,27.315,489.8,Our World in Data / WHO,2026-09-30 02:09:07
4749,PNG,Papua New Guinea,2020,7.6,3049,31.27,31.27,25.5554,47.2775,9.1999,26.289,27.4,489.8,Our World in Data / WHO,2026-09-30 02:09:07
4750,PNG,Papua New Guinea,2021,7.6,3095,31.11,31.11,26.0423,48.1783,9.3752,26.367,27.488,489.8,Our World in Data / WHO,2026-09-30 02:09:07
4751,PNG,Papua New Guinea,2022,7.6,3095,31.11,31.11,26.5446,49.1075,9.5561,26.447,27.578,489.8,Our World in Data / WHO,2026-09-30 02:09:07
4752,POL,Poland,1990,9.0,4731,12.29,12.29,14.9229,27.6074,5.3722,24.588,25.486,557.0,Our World in Data / WHO,2026-09-30 02:09:07
4753,POL,Poland,1991,9.0,4731,12.29,12.29,15.1658,28.0567,5.4597,24.627,25.53,557.0,Our World in Data / WHO,2026-09-30 02:09:07
4754,POL,Poland,1992,9.0,4731,12.29,12.29,15.4168,28.5211,5.55,24.667,25.575,557.0,Our World in Data / WHO,2026-09-30 02:09:07
4755,POL,Poland,1993,9.0,4731,12.29,12.29,15.6749,28.9986,5.643,24.708,25.621,557.0,Our World in Data / WHO,2026-09-30 02:09:07
4756,POL,Poland,1994,9.0,4731,12.29,12.29,15.9398,29.4886,5.7383,24.75,25.669,557.0,Our World in Data / WHO,2026-09-30 02:09:07
4757,POL,Poland,1995,9.0,4731,12.29,12.29,16.2204,30.0077,5.8393,24.795,25.72,557.0,Our World in Data / WHO,2026-09-30 02:09:07
4758,POL,Poland,1996,9.0,4731,12.29,12.29,16.5339,30.5877,5.9522,24.845,25.776,557.0,Our World in Data / WHO,2026-09-30 02:09:07
4759,POL,Poland,1997,9.0,4731,12.29,12.29,16.8792,31.2265,6.0765,24.901,25.838,557.0,Our World in Data / WHO,2026-09-30 02:09:07
4760,POL,Poland,1998,9.0,4731,12.29,12.29,17.2536,31.9192,6.2113,24.961,25.906,557.0,Our World in Data / WHO,2026-09-30 02:09:07
4761,POL,Poland,1999,9.0,4731,12.29,12.29,17.663,32.6766,6.3587,25.026,25.979,557.0,Our World in Data / WHO,2026-09-30 02:09:07
4762,POL,Poland,2000,9.0,4731,12.29,12.29,18.0881,33.463,6.5117,25.094,26.056,557.0,Our World in Data / WHO,2026-09-30 02:09:07
4763,POL,Poland,2001,9.0,4587,11.86,11.86,18.5168,34.2561,6.666,25.163,26.133,557.0,Our World in Data / WHO,2026-09-30 02:09:07
4764,POL,Poland,2002,9.0,4616,11.94,11.94,18.9564,35.0693,6.8243,25.233,26.212,557.0,Our World in Data / WHO,2026-09-30 02:09:07
4765,POL,Poland,2003,9.0,4726,12.24,12.24,19.4106,35.9096,6.9878,25.306,26.294,557.0,Our World in Data / WHO,2026-09-30 02:09:07
4766,POL,Poland,2004,9.0,4574,11.85,11.85,19.8801,36.7782,7.1568,25.381,26.378,557.0,Our World in Data / WHO,2026-09-30 02:09:07
4767,POL,Poland,2005,9.0,4914,12.74,12.74,20.3596,37.6653,7.3295,25.458,26.465,557.0,Our World in Data / WHO,2026-09-30 02:09:07
4768,POL,Poland,2006,9.0,5446,14.13,14.13,20.8462,38.5655,7.5046,25.535,26.552,557.0,Our World in Data / WHO,2026-09-30 02:09:07
4769,POL,Poland,2007,9.0,5807,15.07,15.07,21.3283,39.4574,7.6782,25.613,26.639,557.0,Our World in Data / WHO,2026-09-30 02:09:07
4770,POL,Poland,2008,9.0,6045,15.69,15.69,21.7963,40.3232,7.8467,25.687,26.723,557.0,Our World in Data / WHO,2026-09-30 02:09:07
4771,POL,Poland,2009,9.0,6219,16.13,16.13,22.2556,41.1729,8.012,25.761,26.806,557.0,Our World in Data / WHO,2026-09-30 02:09:07
4772,POL,Poland,2010,9.0,6033,15.63,15.63,22.6601,41.9212,8.1576,25.826,26.879,557.0,Our World in Data / WHO,2026-09-30 02:09:07
4773,POL,Poland,2011,9.0,6307,16.33,16.33,23.0134,42.5748,8.2848,25.882,26.942,557.0,Our World in Data / WHO,2026-09-30 02:09:07
4774,POL,Poland,2012,9.0,6747,17.47,17.47,23.3665,43.228,8.4119,25.939,27.006,557.0,Our World in Data / WHO,2026-09-30 02:09:07
4775,POL,Poland,2013,9.0,7238,18.75,18.75,23.7058,43.8557,8.5341,25.993,27.067,557.0,Our World in Data / WHO,2026-09-30 02:09:07
4776,POL,Poland,2014,9.0,6771,17.55,17.55,24.0177,44.4327,8.6464,26.043,27.123,557.0,Our World in Data / WHO,2026-09-30 02:09:07
4777,POL,Poland,2015,9.0,8248,21.39,21.39,24.301,44.9568,8.7484,26.088,27.174,557.0,Our World in Data / WHO,2026-09-30 02:09:07
4778,POL,Poland,2016,9.0,8380,21.75,21.75,24.5537,45.4243,8.8393,26.129,27.22,557.0,Our World in Data / WHO,2026-09-30 02:09:07
4779,POL,Poland,2017,9.0,9082,23.57,23.57,24.7647,45.8147,8.9153,26.162,27.258,557.0,Our World in Data / WHO,2026-09-30 02:09:07
4780,POL,Poland,2018,9.0,9267,24.06,24.06,24.9441,46.1466,8.9799,26.191,27.29,557.0,Our World in Data / WHO,2026-09-30 02:09:07
4781,POL,Poland,2019,9.0,9829,25.53,25.53,25.107,46.448,9.0385,26.217,27.319,557.0,Our World in Data / WHO,2026-09-30 02:09:07
4782,POL,Poland,2020,9.0,12645,32.9,32.9,25.2661,46.7423,9.0958,26.243,27.348,557.0,Our World in Data / WHO,2026-09-30 02:09:07
4783,POL,Poland,2021,9.0,10940,28.56,28.56,25.4165,47.0205,9.1499,26.267,27.375,557.0,Our World in Data / WHO,2026-09-30 02:09:07
4784,POL,Poland,2022,9.0,10940,28.56,28.56,25.5671,47.2991,9.2042,26.291,27.402,557.0,Our World in Data / WHO,2026-09-30 02:09:07
4785,PRI,Puerto Rico,1990,13.0,977,16.34,16.34,17.3926,32.1763,6.2613,24.983,25.931,749.0,Our World in Data / WHO,2026-09-30 02:09:07
4786,PRI,Puerto Rico,1991,13.0,977,16.34,16.34,18.1152,33.5131,6.5215,25.098,26.061,749.0,Our World in Data / WHO,2026-09-30 02:09:07
4787,PRI,Puerto Rico,1992,13.0,977,16.34,16.34,18.8628,34.8962,6.7906,25.218,26.195,749.0,Our World in Data / WHO,2026-09-30 02:09:07
4788,PRI,Puerto Rico,1993,13.0,977,16.34,16.34,19.6381,36.3305,7.0697,25.342,26.335,749.0,Our World in Data / WHO,2026-09-30 02:09:07
4789,PRI,Puerto Rico,1994,13.0,977,16.34,16.34,20.4426,37.8188,7.3593,25.471,26.48,749.0,Our World in Data / WHO,2026-09-30 02:09:07
4790,PRI,Puerto Rico,1995,13.0,977,16.34,16.34,21.2712,39.3517,7.6576,25.603,26.629,749.0,Our World in Data / WHO,2026-09-30 02:09:07
4791,PRI,Puerto Rico,1996,13.0,977,16.34,16.34,22.1212,40.9242,7.9636,25.739,26.782,749.0,Our World in Data / WHO,2026-09-30 02:09:07
4792,PRI,Puerto Rico,1997,13.0,977,16.34,16.34,22.9859,42.5239,8.2749,25.878,26.937,749.0,Our World in Data / WHO,2026-09-30 02:09:07
4793,PRI,Puerto Rico,1998,13.0,977,16.34,16.34,23.8616,44.144,8.5902,26.018,27.095,749.0,Our World in Data / WHO,2026-09-30 02:09:07
4794,PRI,Puerto Rico,1999,13.0,977,16.34,16.34,24.7508,45.789,8.9103,26.16,27.255,749.0,Our World in Data / WHO,2026-09-30 02:09:07
4795,PRI,Puerto Rico,2000,13.0,955,16.06,16.06,25.6374,47.4292,9.2295,26.302,27.415,749.0,Our World in Data / WHO,2026-09-30 02:09:07
4796,PRI,Puerto Rico,2001,13.0,994,15.845,15.845,26.5057,49.0355,9.5421,26.441,27.571,749.0,Our World in Data / WHO,2026-09-30 02:09:07
4797,PRI,Puerto Rico,2002,13.0,1034,16.275,16.275,27.3515,50.6003,9.8465,26.576,27.723,749.0,Our World in Data / WHO,2026-09-30 02:09:07
4798,PRI,Puerto Rico,2003,13.0,1093,16.635,16.635,28.1747,52.1232,10.1429,26.708,27.871,749.0,Our World in Data / WHO,2026-09-30 02:09:07
4799,PRI,Puerto Rico,2004,13.0,1121,17.05,17.05,28.9691,53.5928,10.4289,26.835,28.014,749.0,Our World in Data / WHO,2026-09-30 02:09:07
4800,PRI,Puerto Rico,2005,13.0,1166,16.93,16.93,29.7348,55.0094,10.7045,26.958,28.152,749.0,Our World in Data / WHO,2026-09-30 02:09:07
4801,PRI,Puerto Rico,2006,13.0,1200,16.885,16.885,30.464,56.3584,10.967,27.074,28.284,749.0,Our World in Data / WHO,2026-09-30 02:09:07
4802,PRI,Puerto Rico,2007,13.0,1224,17.04,17.04,31.1523,57.6318,11.2148,27.184,28.407,749.0,Our World in Data / WHO,2026-09-30 02:09:07
4803,PRI,Puerto Rico,2008,13.0,1223,17.395,17.395,31.8101,58.8487,11.4516,27.29,28.526,749.0,Our World in Data / WHO,2026-09-30 02:09:07
4804,PRI,Puerto Rico,2009,13.0,1235,17.085,17.085,32.4397,60.0134,11.6783,27.39,28.639,749.0,Our World in Data / WHO,2026-09-30 02:09:07
4805,PRI,Puerto Rico,2010,13.0,1292,17.32,17.32,33.1021,61.2389,11.9168,27.496,28.758,749.0,Our World in Data / WHO,2026-09-30 02:09:07
4806,PRI,Puerto Rico,2011,13.0,1327,17.295,17.295,33.8269,62.5798,12.1777,27.612,28.889,749.0,Our World in Data / WHO,2026-09-30 02:09:07
4807,PRI,Puerto Rico,2012,13.0,1329,17.42,17.42,34.5587,63.9336,12.4411,27.729,29.021,749.0,Our World in Data / WHO,2026-09-30 02:09:07
4808,PRI,Puerto Rico,2013,13.0,1330,17.72,17.72,35.2734,65.2558,12.6984,27.844,29.149,749.0,Our World in Data / WHO,2026-09-30 02:09:07
4809,PRI,Puerto Rico,2014,13.0,1358,17.835,17.835,35.9747,66.5532,12.9509,27.956,29.275,749.0,Our World in Data / WHO,2026-09-30 02:09:07
4810,PRI,Puerto Rico,2015,13.0,1404,18.37,18.37,36.667,67.834,13.2001,28.067,29.4,749.0,Our World in Data / WHO,2026-09-30 02:09:07
4811,PRI,Puerto Rico,2016,13.0,1445,18.92,18.92,37.3423,69.0833,13.4432,28.175,29.522,749.0,Our World in Data / WHO,2026-09-30 02:09:07
4812,PRI,Puerto Rico,2017,13.0,1479,18.82,18.82,38.0361,70.3668,13.693,28.286,29.646,749.0,Our World in Data / WHO,2026-09-30 02:09:07
4813,PRI,Puerto Rico,2018,13.0,1537,18.665,18.665,38.6781,71.5545,13.9241,28.388,29.762,749.0,Our World in Data / WHO,2026-09-30 02:09:07
4814,PRI,Puerto Rico,2019,13.0,1583,19.66,19.66,39.2294,72.5744,14.1226,28.477,29.861,749.0,Our World in Data / WHO,2026-09-30 02:09:07
4815,PRI,Puerto Rico,2020,13.0,1688,19.585,19.585,39.771,73.5764,14.3176,28.563,29.959,749.0,Our World in Data / WHO,2026-09-30 02:09:07
4816,PRI,Puerto Rico,2021,13.0,1672,19.6,19.6,40.305,74.5642,14.5098,28.649,30.055,749.0,Our World in Data / WHO,2026-09-30 02:09:07
4817,PRI,Puerto Rico,2022,13.0,1687,19.6,19.6,40.8247,75.5257,14.6969,28.732,30.148,749.0,Our World in Data / WHO,2026-09-30 02:09:07
4818,PRK,North Korea,1990,8.4,2253,9.64,9.64,2.0099,6.0,0.7236,22.522,23.162,528.2,Our World in Data / WHO,2026-09-30 02:09:07
4819,PRK,North Korea,1991,8.4,2253,9.64,9.64,2.1171,6.0,0.7622,22.539,23.181,528.2,Our World in Data / WHO,2026-09-30 02:09:07
4820,PRK,North Korea,1992,8.4,2253,9.64,9.64,2.2374,6.0,0.8055,22.558,23.203,528.2,Our World in Data / WHO,2026-09-30 02:09:07
4821,PRK,North Korea,1993,8.4,2253,9.64,9.64,2.3704,6.0,0.8533,22.579,23.227,528.2,Our World in Data / WHO,2026-09-30 02:09:07
4822,PRK,North Korea,1994,8.4,2253,9.64,9.64,2.5129,6.0,0.9046,22.602,23.252,528.2,Our World in Data / WHO,2026-09-30 02:09:07
4823,PRK,North Korea,1995,8.4,2253,9.64,9.64,2.6652,6.0,0.9595,22.626,23.28,528.2,Our World in Data / WHO,2026-09-30 02:09:07
4824,PRK,North Korea,1996,8.4,2253,9.64,9.64,2.8256,6.0,1.0172,22.652,23.309,528.2,Our World in Data / WHO,2026-09-30 02:09:07
4825,PRK,North Korea,1997,8.4,2253,9.64,9.64,2.9967,6.0,1.0788,22.679,23.339,528.2,Our World in Data / WHO,2026-09-30 02:09:07
4826,PRK,North Korea,1998,8.4,2253,9.64,9.64,3.1789,6.0,1.1444,22.709,23.372,528.2,Our World in Data / WHO,2026-09-30 02:09:07
4827,PRK,North Korea,1999,8.4,2253,9.64,9.64,3.368,6.2308,1.2125,22.739,23.406,528.2,Our World in Data / WHO,2026-09-30 02:09:07
4828,PRK,North Korea,2000,8.4,2253,9.64,9.64,3.5655,6.5962,1.2836,22.77,23.442,528.2,Our World in Data / WHO,2026-09-30 02:09:07
4829,PRK,North Korea,2001,8.4,2314,9.84,9.84,3.7734,6.9808,1.3584,22.804,23.479,528.2,Our World in Data / WHO,2026-09-30 02:09:07
4830,PRK,North Korea,2002,8.4,2489,10.53,10.53,3.9933,7.3876,1.4376,22.839,23.519,528.2,Our World in Data / WHO,2026-09-30 02:09:07
4831,PRK,North Korea,2003,8.4,2559,10.76,10.76,4.2244,7.8151,1.5208,22.876,23.56,528.2,Our World in Data / WHO,2026-09-30 02:09:07
4832,PRK,North Korea,2004,8.4,2644,11.04,11.04,4.4641,8.2586,1.6071,22.914,23.604,528.2,Our World in Data / WHO,2026-09-30 02:09:07
4833,PRK,North Korea,2005,8.4,2742,11.38,11.38,4.7143,8.7215,1.6971,22.954,23.649,528.2,Our World in Data / WHO,2026-09-30 02:09:07
4834,PRK,North Korea,2006,8.4,2867,11.83,11.83,4.9774,9.2082,1.7919,22.996,23.696,528.2,Our World in Data / WHO,2026-09-30 02:09:07
4835,PRK,North Korea,2007,8.4,3133,12.86,12.86,5.2544,9.7206,1.8916,23.041,23.746,528.2,Our World in Data / WHO,2026-09-30 02:09:07
4836,PRK,North Korea,2008,8.4,3414,13.95,13.95,5.5432,10.2549,1.9956,23.087,23.798,528.2,Our World in Data / WHO,2026-09-30 02:09:07
4837,PRK,North Korea,2009,8.4,3589,14.6,14.6,5.839,10.8022,2.102,23.134,23.851,528.2,Our World in Data / WHO,2026-09-30 02:09:07
4838,PRK,North Korea,2010,8.4,3801,15.4,15.4,6.1429,11.3644,2.2114,23.183,23.906,528.2,Our World in Data / WHO,2026-09-30 02:09:07
4839,PRK,North Korea,2011,8.4,3946,15.92,15.92,6.4607,11.9523,2.3259,23.234,23.963,528.2,Our World in Data / WHO,2026-09-30 02:09:07
4840,PRK,North Korea,2012,8.4,4027,16.18,16.18,6.794,12.5689,2.4458,23.287,24.023,528.2,Our World in Data / WHO,2026-09-30 02:09:07
4841,PRK,North Korea,2013,8.4,4147,16.59,16.59,7.1414,13.2116,2.5709,23.343,24.085,528.2,Our World in Data / WHO,2026-09-30 02:09:07
4842,PRK,North Korea,2014,8.4,4254,16.93,16.93,7.5037,13.8818,2.7013,23.401,24.151,528.2,Our World in Data / WHO,2026-09-30 02:09:07
4843,PRK,North Korea,2015,8.4,4420,17.5,17.5,7.8855,14.5882,2.8388,23.462,24.219,528.2,Our World in Data / WHO,2026-09-30 02:09:07
4844,PRK,North Korea,2016,8.4,4471,17.61,17.61,8.2879,15.3326,2.9836,23.526,24.292,528.2,Our World in Data / WHO,2026-09-30 02:09:07
4845,PRK,North Korea,2017,8.4,4380,17.17,17.17,8.7066,16.1072,3.1344,23.593,24.367,528.2,Our World in Data / WHO,2026-09-30 02:09:07
4846,PRK,North Korea,2018,8.4,4337,16.92,16.92,9.1376,16.9046,3.2895,23.662,24.445,528.2,Our World in Data / WHO,2026-09-30 02:09:07
4847,PRK,North Korea,2019,8.4,4476,17.38,17.38,9.583,17.7286,3.4499,23.733,24.525,528.2,Our World in Data / WHO,2026-09-30 02:09:07
4848,PRK,North Korea,2020,8.4,4402,17.02,17.02,10.0451,18.5834,3.6162,23.807,24.608,528.2,Our World in Data / WHO,2026-09-30 02:09:07
4849,PRK,North Korea,2021,8.4,4389,16.9,16.9,10.526,19.4731,3.7894,23.884,24.695,528.2,Our World in Data / WHO,2026-09-30 02:09:07
4850,PRK,North Korea,2022,8.4,4389,16.9,16.9,11.022,20.3907,3.9679,23.964,24.784,528.2,Our World in Data / WHO,2026-09-30 02:09:07
4851,PRT,Portugal,1990,9.6,3174,30.81,30.81,13.5659,25.0969,4.8837,24.371,25.242,585.8,Our World in Data / WHO,2026-09-30 02:09:07
4852,PRT,Portugal,1991,9.6,3174,30.81,30.81,13.7935,25.518,4.9657,24.407,25.283,585.8,Our World in Data / WHO,2026-09-30 02:09:07
4853,PRT,Portugal,1992,9.6,3174,30.81,30.81,14.0405,25.9749,5.0546,24.446,25.327,585.8,Our World in Data / WHO,2026-09-30 02:09:07
4854,PRT,Portugal,1993,9.6,3174,30.81,30.81,14.3082,26.4702,5.151,24.489,25.375,585.8,Our World in Data / WHO,2026-09-30 02:09:07
4855,PRT,Portugal,1994,9.6,3174,30.81,30.81,14.607,27.023,5.2585,24.537,25.429,585.8,Our World in Data / WHO,2026-09-30 02:09:07
4856,PRT,Portugal,1995,9.6,3174,30.81,30.81,14.9477,27.6532,5.3812,24.592,25.491,585.8,Our World in Data / WHO,2026-09-30 02:09:07
4857,PRT,Portugal,1996,9.6,3174,30.81,30.81,15.3336,28.3672,5.5201,24.653,25.56,585.8,Our World in Data / WHO,2026-09-30 02:09:07
4858,PRT,Portugal,1997,9.6,3174,30.81,30.81,15.7591,29.1543,5.6733,24.721,25.637,585.8,Our World in Data / WHO,2026-09-30 02:09:07
4859,PRT,Portugal,1998,9.6,3174,30.81,30.81,16.2123,29.9928,5.8364,24.794,25.718,585.8,Our World in Data / WHO,2026-09-30 02:09:07
4860,PRT,Portugal,1999,9.6,3174,30.81,30.81,16.6853,30.8678,6.0067,24.87,25.803,585.8,Our World in Data / WHO,2026-09-30 02:09:07
4861,PRT,Portugal,2000,9.6,3174,30.81,30.81,17.1718,31.7678,6.1818,24.947,25.891,585.8,Our World in Data / WHO,2026-09-30 02:09:07
4862,PRT,Portugal,2001,9.6,3973,38.31,38.31,17.6672,32.6843,6.3602,25.027,25.98,585.8,Our World in Data / WHO,2026-09-30 02:09:07
4863,PRT,Portugal,2002,9.6,4378,41.97,41.97,18.1746,33.623,6.5429,25.108,26.071,585.8,Our World in Data / WHO,2026-09-30 02:09:07
4864,PRT,Portugal,2003,9.6,4461,42.59,42.59,18.6977,34.5907,6.7312,25.192,26.166,585.8,Our World in Data / WHO,2026-09-30 02:09:07
4865,PRT,Portugal,2004,9.6,3884,36.98,36.98,19.234,35.5829,6.9242,25.277,26.262,585.8,Our World in Data / WHO,2026-09-30 02:09:07
4866,PRT,Portugal,2005,9.6,4164,39.57,39.57,19.7669,36.5688,7.1161,25.363,26.358,585.8,Our World in Data / WHO,2026-09-30 02:09:07
4867,PRT,Portugal,2006,9.6,3995,37.88,37.88,20.2792,37.5165,7.3005,25.445,26.45,585.8,Our World in Data / WHO,2026-09-30 02:09:07
4868,PRT,Portugal,2007,9.6,4269,40.4,40.4,20.7609,38.4077,7.4739,25.522,26.537,585.8,Our World in Data / WHO,2026-09-30 02:09:07
4869,PRT,Portugal,2008,9.6,4132,39.05,39.05,21.2012,39.2222,7.6324,25.592,26.616,585.8,Our World in Data / WHO,2026-09-30 02:09:07
4870,PRT,Portugal,2009,9.6,4402,41.56,41.56,21.5832,39.9289,7.77,25.653,26.685,585.8,Our World in Data / WHO,2026-09-30 02:09:07
4871,PRT,Portugal,2010,9.6,4499,42.49,42.49,21.9089,40.5315,7.8872,25.705,26.744,585.8,Our World in Data / WHO,2026-09-30 02:09:07
4872,PRT,Portugal,2011,9.6,4272,40.44,40.44,22.1764,41.0263,7.9835,25.748,26.792,585.8,Our World in Data / WHO,2026-09-30 02:09:07
4873,PRT,Portugal,2012,9.6,4573,43.46,43.46,22.4046,41.4485,8.0657,25.785,26.833,585.8,Our World in Data / WHO,2026-09-30 02:09:07
4874,PRT,Portugal,2013,9.6,4223,40.35,40.35,22.6095,41.8276,8.1394,25.818,26.87,585.8,Our World in Data / WHO,2026-09-30 02:09:07
4875,PRT,Portugal,2014,9.6,3864,37.12,37.12,22.7775,42.1384,8.1999,25.844,26.9,585.8,Our World in Data / WHO,2026-09-30 02:09:07
4876,PRT,Portugal,2015,9.6,3955,38.15,38.15,22.9055,42.3752,8.246,25.865,26.923,585.8,Our World in Data / WHO,2026-09-30 02:09:07
4877,PRT,Portugal,2016,9.6,3876,37.51,37.51,22.9948,42.5404,8.2781,25.879,26.939,585.8,Our World in Data / WHO,2026-09-30 02:09:07
4878,PRT,Portugal,2017,9.6,3671,35.61,35.61,23.0441,42.6316,8.2959,25.887,26.948,585.8,Our World in Data / WHO,2026-09-30 02:09:07
4879,PRT,Portugal,2018,9.6,3799,36.92,36.92,23.0544,42.6506,8.2996,25.889,26.95,585.8,Our World in Data / WHO,2026-09-30 02:09:07
4880,PRT,Portugal,2019,9.6,3353,32.58,32.58,23.0532,42.6484,8.2992,25.889,26.95,585.8,Our World in Data / WHO,2026-09-30 02:09:07
4881,PRT,Portugal,2020,9.6,3492,33.91,33.91,23.0528,42.6477,8.299,25.888,26.95,585.8,Our World in Data / WHO,2026-09-30 02:09:07
4882,PRT,Portugal,2021,9.6,3218,31.27,31.27,23.0389,42.622,8.294,25.886,26.947,585.8,Our World in Data / WHO,2026-09-30 02:09:07
4883,PRT,Portugal,2022,9.6,3218,31.27,31.27,23.0201,42.5872,8.2872,25.883,26.944,585.8,Our World in Data / WHO,2026-09-30 02:09:07
4884,PRY,Paraguay,1990,6.5,940,18.35,18.35,10.2307,18.9268,3.6831,23.837,24.642,437.0,Our World in Data / WHO,2026-09-30 02:09:07
4885,PRY,Paraguay,1991,6.5,940,18.35,18.35,10.6833,19.7641,3.846,23.909,24.723,437.0,Our World in Data / WHO,2026-09-30 02:09:07
4886,PRY,Paraguay,1992,6.5,940,18.35,18.35,11.1578,20.6419,4.0168,23.985,24.808,437.0,Our World in Data / WHO,2026-09-30 02:09:07
4887,PRY,Paraguay,1993,6.5,940,18.35,18.35,11.653,21.5581,4.1951,24.064,24.898,437.0,Our World in Data / WHO,2026-09-30 02:09:07
4888,PRY,Paraguay,1994,6.5,940,18.35,18.35,12.1693,22.5132,4.3809,24.147,24.99,437.0,Our World in Data / WHO,2026-09-30 02:09:07
4889,PRY,Paraguay,1995,6.5,940,18.35,18.35,12.7041,23.5026,4.5735,24.233,25.087,437.0,Our World in Data / WHO,2026-09-30 02:09:07
4890,PRY,Paraguay,1996,6.5,940,18.35,18.35,13.2552,24.5221,4.7719,24.321,25.186,437.0,Our World in Data / WHO,2026-09-30 02:09:07
4891,PRY,Paraguay,1997,6.5,940,18.35,18.35,13.82,25.567,4.9752,24.411,25.288,437.0,Our World in Data / WHO,2026-09-30 02:09:07
4892,PRY,Paraguay,1998,6.5,940,18.35,18.35,14.3927,26.6265,5.1814,24.503,25.391,437.0,Our World in Data / WHO,2026-09-30 02:09:07
4893,PRY,Paraguay,1999,6.5,940,18.35,18.35,14.9683,27.6914,5.3886,24.595,25.494,437.0,Our World in Data / WHO,2026-09-30 02:09:07
4894,PRY,Paraguay,2000,6.5,940,18.35,18.35,15.5448,28.7579,5.5961,24.687,25.598,437.0,Our World in Data / WHO,2026-09-30 02:09:07
4895,PRY,Paraguay,2001,6.5,1042,20.0,20.0,16.1233,29.8281,5.8044,24.78,25.702,437.0,Our World in Data / WHO,2026-09-30 02:09:07
4896,PRY,Paraguay,2002,6.5,1215,22.99,22.99,16.7079,30.9096,6.0148,24.873,25.807,437.0,Our World in Data / WHO,2026-09-30 02:09:07
4897,PRY,Paraguay,2003,6.5,1350,25.23,25.23,17.2909,31.9882,6.2247,24.967,25.912,437.0,Our World in Data / WHO,2026-09-30 02:09:07
4898,PRY,Paraguay,2004,6.5,1400,25.84,25.84,17.8769,33.0723,6.4357,25.06,26.018,437.0,Our World in Data / WHO,2026-09-30 02:09:07
4899,PRY,Paraguay,2005,6.5,1508,27.53,27.53,18.4753,34.1793,6.6511,25.156,26.126,437.0,Our World in Data / WHO,2026-09-30 02:09:07
4900,PRY,Paraguay,2006,6.5,1465,26.47,26.47,19.0871,35.3111,6.8714,25.254,26.236,437.0,Our World in Data / WHO,2026-09-30 02:09:07
4901,PRY,Paraguay,2007,6.5,1583,28.32,28.32,19.7178,36.4779,7.0984,25.355,26.349,437.0,Our World in Data / WHO,2026-09-30 02:09:07
4902,PRY,Paraguay,2008,6.5,1607,28.47,28.47,20.3733,37.6906,7.3344,25.46,26.467,437.0,Our World in Data / WHO,2026-09-30 02:09:07
4903,PRY,Paraguay,2009,6.5,1520,26.66,26.66,21.0569,38.9553,7.5805,25.569,26.59,437.0,Our World in Data / WHO,2026-09-30 02:09:07
4904,PRY,Paraguay,2010,6.5,1685,29.21,29.21,21.7686,40.2719,7.8367,25.683,26.718,437.0,Our World in Data / WHO,2026-09-30 02:09:07
4905,PRY,Paraguay,2011,6.5,1669,28.56,28.56,22.5123,41.6478,8.1044,25.802,26.852,437.0,Our World in Data / WHO,2026-09-30 02:09:07
4906,PRY,Paraguay,2012,6.5,1820,30.73,30.73,23.2878,43.0824,8.3836,25.926,26.992,437.0,Our World in Data / WHO,2026-09-30 02:09:07
4907,PRY,Paraguay,2013,6.5,2047,34.08,34.08,24.0904,44.5672,8.6725,26.054,27.136,437.0,Our World in Data / WHO,2026-09-30 02:09:07
4908,PRY,Paraguay,2014,6.5,2155,35.38,35.38,24.9215,46.1048,8.9717,26.187,27.286,437.0,Our World in Data / WHO,2026-09-30 02:09:07
4909,PRY,Paraguay,2015,6.5,2187,35.41,35.41,25.7797,47.6924,9.2807,26.325,27.44,437.0,Our World in Data / WHO,2026-09-30 02:09:07
4910,PRY,Paraguay,2016,6.5,2262,36.1,36.1,26.6603,49.3216,9.5977,26.466,27.599,437.0,Our World in Data / WHO,2026-09-30 02:09:07
4911,PRY,Paraguay,2017,6.5,2055,32.34,32.34,27.5548,50.9764,9.9197,26.609,27.76,437.0,Our World in Data / WHO,2026-09-30 02:09:07
4912,PRY,Paraguay,2018,6.5,2178,33.8,33.8,28.4649,52.6601,10.2474,26.754,27.924,437.0,Our World in Data / WHO,2026-09-30 02:09:07
4913,PRY,Paraguay,2019,6.5,2391,36.61,36.61,29.3921,54.3754,10.5812,26.903,28.091,437.0,Our World in Data / WHO,2026-09-30 02:09:07
4914,PRY,Paraguay,2020,6.5,2424,36.63,36.63,30.3355,56.1207,10.9208,27.054,28.26,437.0,Our World in Data / WHO,2026-09-30 02:09:07
4915,PRY,Paraguay,2021,6.5,2649,39.52,39.52,31.2888,57.8843,11.264,27.206,28.432,437.0,Our World in Data / WHO,2026-09-30 02:09:07
4916,PRY,Paraguay,2022,6.5,2649,39.52,39.52,32.2536,59.6692,11.6113,27.361,28.606,437.0,Our World in Data / WHO,2026-09-30 02:09:07
4917,PSE,Palestine,1990,9.2,977,16.34,16.34,16.8238,31.124,6.0566,24.892,25.828,566.6,Our World in Data / WHO,2026-09-30 02:09:07
4918,PSE,Palestine,1991,9.2,977,16.34,16.34,17.3431,32.0847,6.2435,24.975,25.922,566.6,Our World in Data / WHO,2026-09-30 02:09:07
4919,PSE,Palestine,1992,9.2,977,16.34,16.34,17.8727,33.0645,6.4342,25.06,26.017,566.6,Our World in Data / WHO,2026-09-30 02:09:07
4920,PSE,Palestine,1993,9.2,977,16.34,16.34,18.4112,34.0607,6.628,25.146,26.114,566.6,Our World in Data / WHO,2026-09-30 02:09:07
4921,PSE,Palestine,1994,9.2,977,16.34,16.34,18.9666,35.0882,6.828,25.235,26.214,566.6,Our World in Data / WHO,2026-09-30 02:09:07
4922,PSE,Palestine,1995,9.2,977,16.34,16.34,19.5419,36.1525,7.0351,25.327,26.318,566.6,Our World in Data / WHO,2026-09-30 02:09:07
4923,PSE,Palestine,1996,9.2,977,16.34,16.34,20.135,37.2498,7.2486,25.422,26.424,566.6,Our World in Data / WHO,2026-09-30 02:09:07
4924,PSE,Palestine,1997,9.2,977,16.34,16.34,20.7476,38.3831,7.4691,25.52,26.535,566.6,Our World in Data / WHO,2026-09-30 02:09:07
4925,PSE,Palestine,1998,9.2,977,16.34,16.34,21.3826,39.5578,7.6977,25.621,26.649,566.6,Our World in Data / WHO,2026-09-30 02:09:07
4926,PSE,Palestine,1999,9.2,977,16.34,16.34,22.036,40.7666,7.933,25.726,26.766,566.6,Our World in Data / WHO,2026-09-30 02:09:07
4927,PSE,Palestine,2000,9.2,955,16.06,16.06,22.6921,41.9804,8.1692,25.831,26.885,566.6,Our World in Data / WHO,2026-09-30 02:09:07
4928,PSE,Palestine,2001,9.2,994,15.845,15.845,23.3493,43.1962,8.4057,25.936,27.003,566.6,Our World in Data / WHO,2026-09-30 02:09:07
4929,PSE,Palestine,2002,9.2,1034,16.275,16.275,24.0019,44.4035,8.6407,26.04,27.12,566.6,Our World in Data / WHO,2026-09-30 02:09:07
4930,PSE,Palestine,2003,9.2,1093,16.635,16.635,24.6327,45.5705,8.8678,26.141,27.234,566.6,Our World in Data / WHO,2026-09-30 02:09:07
4931,PSE,Palestine,2004,9.2,1121,17.05,17.05,25.2363,46.6872,9.0851,26.238,27.343,566.6,Our World in Data / WHO,2026-09-30 02:09:07
4932,PSE,Palestine,2005,9.2,1166,16.93,16.93,25.7998,47.7296,9.2879,26.328,27.444,566.6,Our World in Data / WHO,2026-09-30 02:09:07
4933,PSE,Palestine,2006,9.2,1200,16.885,16.885,26.3253,48.7018,9.4771,26.412,27.539,566.6,Our World in Data / WHO,2026-09-30 02:09:07
4934,PSE,Palestine,2007,9.2,1224,17.04,17.04,26.8242,49.6248,9.6567,26.492,27.628,566.6,Our World in Data / WHO,2026-09-30 02:09:07
4935,PSE,Palestine,2008,9.2,1223,17.395,17.395,27.3089,50.5215,9.8312,26.569,27.716,566.6,Our World in Data / WHO,2026-09-30 02:09:07
4936,PSE,Palestine,2009,9.2,1235,17.085,17.085,27.7812,51.3952,10.0012,26.645,27.801,566.6,Our World in Data / WHO,2026-09-30 02:09:07
4937,PSE,Palestine,2010,9.2,1292,17.32,17.32,28.2393,52.2427,10.1661,26.718,27.883,566.6,Our World in Data / WHO,2026-09-30 02:09:07
4938,PSE,Palestine,2011,9.2,1327,17.295,17.295,28.682,53.0617,10.3255,26.789,27.963,566.6,Our World in Data / WHO,2026-09-30 02:09:07
4939,PSE,Palestine,2012,9.2,1329,17.42,17.42,29.121,53.8738,10.4836,26.859,28.042,566.6,Our World in Data / WHO,2026-09-30 02:09:07
4940,PSE,Palestine,2013,9.2,1330,17.72,17.72,29.5585,54.6832,10.6411,26.929,28.121,566.6,Our World in Data / WHO,2026-09-30 02:09:07
4941,PSE,Palestine,2014,9.2,1358,17.835,17.835,29.9953,55.4913,10.7983,26.999,28.199,566.6,Our World in Data / WHO,2026-09-30 02:09:07
4942,PSE,Palestine,2015,9.2,1404,18.37,18.37,30.4339,56.3027,10.9562,27.069,28.278,566.6,Our World in Data / WHO,2026-09-30 02:09:07
4943,PSE,Palestine,2016,9.2,1445,18.92,18.92,30.869,57.1076,11.1128,27.139,28.356,566.6,Our World in Data / WHO,2026-09-30 02:09:07
4944,PSE,Palestine,2017,9.2,1479,18.82,18.82,31.2635,57.8375,11.2549,27.202,28.427,566.6,Our World in Data / WHO,2026-09-30 02:09:07
4945,PSE,Palestine,2018,9.2,1537,18.665,18.665,31.6133,58.4846,11.3808,27.258,28.49,566.6,Our World in Data / WHO,2026-09-30 02:09:07
4946,PSE,Palestine,2019,9.2,1583,19.66,19.66,31.9317,59.0736,11.4954,27.309,28.548,566.6,Our World in Data / WHO,2026-09-30 02:09:07
4947,PSE,Palestine,2020,9.2,1688,19.585,19.585,32.2157,59.599,11.5977,27.355,28.599,566.6,Our World in Data / WHO,2026-09-30 02:09:07
4948,PSE,Palestine,2021,9.2,1672,19.6,19.6,32.4667,60.0634,11.688,27.395,28.644,566.6,Our World in Data / WHO,2026-09-30 02:09:07
4949,PSE,Palestine,2022,9.2,1687,19.6,19.6,32.7073,60.5085,11.7746,27.433,28.687,566.6,Our World in Data / WHO,2026-09-30 02:09:07
4950,PYF,French Polynesia,1990,8.6,977,16.34,16.34,33.1365,61.3025,11.9291,27.502,28.765,537.8,Our World in Data / WHO,2026-09-30 02:09:07
4951,PYF,French Polynesia,1991,8.6,977,16.34,16.34,33.7643,62.464,12.1551,27.602,28.878,537.8,Our World in Data / WHO,2026-09-30 02:09:07
4952,PYF,French Polynesia,1992,8.6,977,16.34,16.34,34.3864,63.6148,12.3791,27.702,28.99,537.8,Our World in Data / WHO,2026-09-30 02:09:07
4953,PYF,French Polynesia,1993,8.6,977,16.34,16.34,35.0002,64.7504,12.6001,27.8,29.1,537.8,Our World in Data / WHO,2026-09-30 02:09:07
4954,PYF,French Polynesia,1994,8.6,977,16.34,16.34,35.605,65.8692,12.8178,27.897,29.209,537.8,Our World in Data / WHO,2026-09-30 02:09:07
4955,PYF,French Polynesia,1995,8.6,977,16.34,16.34,36.1857,66.9435,13.0269,27.99,29.313,537.8,Our World in Data / WHO,2026-09-30 02:09:07
4956,PYF,French Polynesia,1996,8.6,977,16.34,16.34,36.7356,67.9609,13.2248,28.078,29.412,537.8,Our World in Data / WHO,2026-09-30 02:09:07
4957,PYF,French Polynesia,1997,8.6,977,16.34,16.34,37.2593,68.9297,13.4133,28.161,29.507,537.8,Our World in Data / WHO,2026-09-30 02:09:07
4958,PYF,French Polynesia,1998,8.6,977,16.34,16.34,37.7494,69.8364,13.5898,28.24,29.595,537.8,Our World in Data / WHO,2026-09-30 02:09:07
4959,PYF,French Polynesia,1999,8.6,977,16.34,16.34,38.2209,70.7087,13.7595,28.315,29.68,537.8,Our World in Data / WHO,2026-09-30 02:09:07
4960,PYF,French Polynesia,2000,8.6,955,16.06,16.06,38.6838,71.565,13.9262,28.389,29.763,537.8,Our World in Data / WHO,2026-09-30 02:09:07
4961,PYF,French Polynesia,2001,8.6,994,15.845,15.845,39.1237,72.3788,14.0845,28.46,29.842,537.8,Our World in Data / WHO,2026-09-30 02:09:07
4962,PYF,French Polynesia,2002,8.6,1034,16.275,16.275,39.5303,73.1311,14.2309,28.525,29.915,537.8,Our World in Data / WHO,2026-09-30 02:09:07
4963,PYF,French Polynesia,2003,8.6,1093,16.635,16.635,39.8867,73.7904,14.3592,28.582,29.98,537.8,Our World in Data / WHO,2026-09-30 02:09:07
4964,PYF,French Polynesia,2004,8.6,1121,17.05,17.05,40.2257,74.4175,14.4813,28.636,30.041,537.8,Our World in Data / WHO,2026-09-30 02:09:07
4965,PYF,French Polynesia,2005,8.6,1166,16.93,16.93,40.5933,75.0976,14.6136,28.695,30.107,537.8,Our World in Data / WHO,2026-09-30 02:09:07
4966,PYF,French Polynesia,2006,8.6,1200,16.885,16.885,40.963,75.7816,14.7467,28.754,30.173,537.8,Our World in Data / WHO,2026-09-30 02:09:07
4967,PYF,French Polynesia,2007,8.6,1224,17.04,17.04,41.337,76.4735,14.8813,28.814,30.241,537.8,Our World in Data / WHO,2026-09-30 02:09:07
4968,PYF,French Polynesia,2008,8.6,1223,17.395,17.395,41.74,77.219,15.0264,28.878,30.313,537.8,Our World in Data / WHO,2026-09-30 02:09:07
4969,PYF,French Polynesia,2009,8.6,1235,17.085,17.085,42.1771,78.0276,15.1838,28.948,30.392,537.8,Our World in Data / WHO,2026-09-30 02:09:07
4970,PYF,French Polynesia,2010,8.6,1292,17.32,17.32,42.6451,78.8934,15.3522,29.023,30.476,537.8,Our World in Data / WHO,2026-09-30 02:09:07
4971,PYF,French Polynesia,2011,8.6,1327,17.295,17.295,43.1368,79.8031,15.5292,29.102,30.565,537.8,Our World in Data / WHO,2026-09-30 02:09:07
4972,PYF,French Polynesia,2012,8.6,1329,17.42,17.42,43.6411,80.736,15.7108,29.183,30.655,537.8,Our World in Data / WHO,2026-09-30 02:09:07
4973,PYF,French Polynesia,2013,8.6,1330,17.72,17.72,44.1495,81.6766,15.8938,29.264,30.747,537.8,Our World in Data / WHO,2026-09-30 02:09:07
4974,PYF,French Polynesia,2014,8.6,1358,17.835,17.835,44.6696,82.6388,16.0811,29.347,30.841,537.8,Our World in Data / WHO,2026-09-30 02:09:07
4975,PYF,French Polynesia,2015,8.6,1404,18.37,18.37,45.21,83.6385,16.2756,29.434,30.938,537.8,Our World in Data / WHO,2026-09-30 02:09:07
4976,PYF,French Polynesia,2016,8.6,1445,18.92,18.92,45.7575,84.6514,16.4727,29.521,31.036,537.8,Our World in Data / WHO,2026-09-30 02:09:07
4977,PYF,French Polynesia,2017,8.6,1479,18.82,18.82,46.2825,85.0,16.6617,29.605,31.131,537.8,Our World in Data / WHO,2026-09-30 02:09:07
4978,PYF,French Polynesia,2018,8.6,1537,18.665,18.665,46.7796,85.0,16.8407,29.685,31.22,537.8,Our World in Data / WHO,2026-09-30 02:09:07
4979,PYF,French Polynesia,2019,8.6,1583,19.66,19.66,47.2616,85.0,17.0142,29.762,31.307,537.8,Our World in Data / WHO,2026-09-30 02:09:07
4980,PYF,French Polynesia,2020,8.6,1688,19.585,19.585,47.7568,85.0,17.1924,29.841,31.396,537.8,Our World in Data / WHO,2026-09-30 02:09:07
4981,PYF,French Polynesia,2021,8.6,1672,19.6,19.6,48.2331,85.0,17.3639,29.917,31.482,537.8,Our World in Data / WHO,2026-09-30 02:09:07
4982,PYF,French Polynesia,2022,8.6,1687,19.6,19.6,48.6703,85.0,17.5213,29.987,31.561,537.8,Our World in Data / WHO,2026-09-30 02:09:07
4983,QAT,Qatar,1990,19.8,135,20.94,20.94,18.0555,33.4027,6.5,25.089,26.05,1075.4,Our World in Data / WHO,2026-09-30 02:09:07
4984,QAT,Qatar,1991,19.8,135,20.94,20.94,18.7812,34.7452,6.7612,25.205,26.181,1075.4,Our World in Data / WHO,2026-09-30 02:09:07
4985,QAT,Qatar,1992,19.8,135,20.94,20.94,19.5364,36.1423,7.0331,25.326,26.317,1075.4,Our World in Data / WHO,2026-09-30 02:09:07
4986,QAT,Qatar,1993,19.8,135,20.94,20.94,20.3289,37.6085,7.3184,25.453,26.459,1075.4,Our World in Data / WHO,2026-09-30 02:09:07
4987,QAT,Qatar,1994,19.8,135,20.94,20.94,21.17,39.1645,7.6212,25.587,26.611,1075.4,Our World in Data / WHO,2026-09-30 02:09:07
4988,QAT,Qatar,1995,19.8,135,20.94,20.94,22.0672,40.8243,7.9442,25.731,26.772,1075.4,Our World in Data / WHO,2026-09-30 02:09:07
4989,QAT,Qatar,1996,19.8,135,20.94,20.94,23.018,42.5833,8.2865,25.883,26.943,1075.4,Our World in Data / WHO,2026-09-30 02:09:07
4990,QAT,Qatar,1997,19.8,135,20.94,20.94,23.8785,44.1752,8.5963,26.021,27.098,1075.4,Our World in Data / WHO,2026-09-30 02:09:07
4991,QAT,Qatar,1998,19.8,135,20.94,20.94,24.6169,45.5413,8.8621,26.139,27.231,1075.4,Our World in Data / WHO,2026-09-30 02:09:07
4992,QAT,Qatar,1999,19.8,135,20.94,20.94,25.3702,46.9349,9.1333,26.259,27.367,1075.4,Our World in Data / WHO,2026-09-30 02:09:07
4993,QAT,Qatar,2000,19.8,135,20.94,20.94,26.1739,48.4217,9.4226,26.388,27.511,1075.4,Our World in Data / WHO,2026-09-30 02:09:07
4994,QAT,Qatar,2001,19.8,144,21.23,21.23,27.0361,50.0168,9.733,26.526,27.666,1075.4,Our World in Data / WHO,2026-09-30 02:09:07
4995,QAT,Qatar,2002,19.8,163,22.86,22.86,27.9603,51.7266,10.0657,26.674,27.833,1075.4,Our World in Data / WHO,2026-09-30 02:09:07
4996,QAT,Qatar,2003,19.8,176,23.57,23.57,28.9344,53.5286,10.4164,26.83,28.008,1075.4,Our World in Data / WHO,2026-09-30 02:09:07
4997,QAT,Qatar,2004,19.8,186,23.94,23.94,29.9219,55.3555,10.7719,26.988,28.186,1075.4,Our World in Data / WHO,2026-09-30 02:09:07
4998,QAT,Qatar,2005,19.8,202,23.8,23.8,30.7771,56.9376,11.0798,27.124,28.34,1075.4,Our World in Data / WHO,2026-09-30 02:09:07
4999,QAT,Qatar,2006,19.8,227,22.38,22.38,31.013,57.374,11.1647,27.162,28.382,1075.4,Our World in Data / WHO,2026-09-30 02:09:07
5000,QAT,Qatar,2007,19.8,266,21.57,21.57,31.0502,57.4429,11.1781,27.168,28.389,1075.4,Our World in Data / WHO,2026-09-30 02:09:07
5001,QAT,Qatar,2008,19.8,289,20.04,20.04,31.608,58.4748,11.3789,27.257,28.489,1075.4,Our World in Data / WHO,2026-09-30 02:09:07
5002,QAT,Qatar,2009,19.8,308,19.13,19.13,32.5986,60.3074,11.7355,27.416,28.668,1075.4,Our World in Data / WHO,2026-09-30 02:09:07
5003,QAT,Qatar,2010,19.8,312,18.2,18.2,33.5766,62.1167,12.0876,27.572,28.844,1075.4,Our World in Data / WHO,2026-09-30 02:09:07
5004,QAT,Qatar,2011,19.8,317,17.58,17.58,34.3666,63.5782,12.372,27.699,28.986,1075.4,Our World in Data / WHO,2026-09-30 02:09:07
5005,QAT,Qatar,2012,19.8,331,17.38,17.38,35.101,64.9369,12.6364,27.816,29.118,1075.4,Our World in Data / WHO,2026-09-30 02:09:07
5006,QAT,Qatar,2013,19.8,345,16.97,16.97,35.8042,66.2378,12.8895,27.929,29.245,1075.4,Our World in Data / WHO,2026-09-30 02:09:07
5007,QAT,Qatar,2014,19.8,351,15.84,15.84,36.4139,67.3657,13.109,28.026,29.355,1075.4,Our World in Data / WHO,2026-09-30 02:09:07
5008,QAT,Qatar,2015,19.8,349,14.45,14.45,37.0173,68.482,13.3262,28.123,29.463,1075.4,Our World in Data / WHO,2026-09-30 02:09:07
5009,QAT,Qatar,2016,19.8,375,14.46,14.46,37.6745,69.6978,13.5628,28.228,29.581,1075.4,Our World in Data / WHO,2026-09-30 02:09:07
5010,QAT,Qatar,2017,19.8,388,14.3,14.3,38.3114,70.8761,13.7921,28.33,29.696,1075.4,Our World in Data / WHO,2026-09-30 02:09:07
5011,QAT,Qatar,2018,19.8,394,14.24,14.24,38.9167,71.9959,14.01,28.427,29.805,1075.4,Our World in Data / WHO,2026-09-30 02:09:07
5012,QAT,Qatar,2019,19.8,400,14.26,14.26,39.5669,73.1988,14.2441,28.531,29.922,1075.4,Our World in Data / WHO,2026-09-30 02:09:07
5013,QAT,Qatar,2020,19.8,419,15.17,15.17,40.24,74.444,14.4864,28.638,30.043,1075.4,Our World in Data / WHO,2026-09-30 02:09:07
5014,QAT,Qatar,2021,19.8,434,16.16,16.16,40.7625,75.4106,14.6745,28.722,30.137,1075.4,Our World in Data / WHO,2026-09-30 02:09:07
5015,QAT,Qatar,2022,19.8,434,16.16,16.16,41.2734,76.3558,14.8584,28.804,30.229,1075.4,Our World in Data / WHO,2026-09-30 02:09:07
5016,ROU,Romania,1990,7.7,1754,8.0,8.0,9.3244,17.2501,3.3568,23.692,24.478,494.6,Our World in Data / WHO,2026-09-30 02:09:07
5017,ROU,Romania,1991,7.7,1754,8.0,8.0,9.4852,17.5476,3.4147,23.718,24.507,494.6,Our World in Data / WHO,2026-09-30 02:09:07
5018,ROU,Romania,1992,7.7,1754,8.0,8.0,9.6717,17.8926,3.4818,23.747,24.541,494.6,Our World in Data / WHO,2026-09-30 02:09:07
5019,ROU,Romania,1993,7.7,1754,8.0,8.0,9.8928,18.3017,3.5614,23.783,24.581,494.6,Our World in Data / WHO,2026-09-30 02:09:07
5020,ROU,Romania,1994,7.7,1754,8.0,8.0,10.1463,18.7707,3.6527,23.823,24.626,494.6,Our World in Data / WHO,2026-09-30 02:09:07
5021,ROU,Romania,1995,7.7,1754,8.0,8.0,10.432,19.2992,3.7555,23.869,24.678,494.6,Our World in Data / WHO,2026-09-30 02:09:07
5022,ROU,Romania,1996,7.7,1754,8.0,8.0,10.7592,19.9045,3.8733,23.921,24.737,494.6,Our World in Data / WHO,2026-09-30 02:09:07
5023,ROU,Romania,1997,7.7,1754,8.0,8.0,11.1536,20.6342,4.0153,23.985,24.808,494.6,Our World in Data / WHO,2026-09-30 02:09:07
5024,ROU,Romania,1998,7.7,1754,8.0,8.0,11.6257,21.5075,4.1853,24.06,24.893,494.6,Our World in Data / WHO,2026-09-30 02:09:07
5025,ROU,Romania,1999,7.7,1754,8.0,8.0,12.1664,22.5078,4.3799,24.147,24.99,494.6,Our World in Data / WHO,2026-09-30 02:09:07
5026,ROU,Romania,2000,7.7,1754,8.0,8.0,12.7827,23.648,4.6018,24.245,25.101,494.6,Our World in Data / WHO,2026-09-30 02:09:07
5027,ROU,Romania,2001,7.7,1683,7.72,7.72,13.4722,24.9236,4.85,24.356,25.225,494.6,Our World in Data / WHO,2026-09-30 02:09:07
5028,ROU,Romania,2002,7.7,1746,8.07,8.07,14.2288,26.3233,5.1224,24.477,25.361,494.6,Our World in Data / WHO,2026-09-30 02:09:07
5029,ROU,Romania,2003,7.7,1971,9.17,9.17,15.0466,27.8362,5.4168,24.607,25.508,494.6,Our World in Data / WHO,2026-09-30 02:09:07
5030,ROU,Romania,2004,7.7,2014,9.46,9.46,15.9103,29.4341,5.7277,24.746,25.664,494.6,Our World in Data / WHO,2026-09-30 02:09:07
5031,ROU,Romania,2005,7.7,1943,9.21,9.21,16.8117,31.1016,6.0522,24.89,25.826,494.6,Our World in Data / WHO,2026-09-30 02:09:07
5032,ROU,Romania,2006,7.7,1940,9.28,9.28,17.7518,32.8408,6.3906,25.04,25.995,494.6,Our World in Data / WHO,2026-09-30 02:09:07
5033,ROU,Romania,2007,7.7,2103,10.14,10.14,18.7499,34.6873,6.75,25.2,26.175,494.6,Our World in Data / WHO,2026-09-30 02:09:07
5034,ROU,Romania,2008,7.7,2031,9.86,9.86,19.8172,36.6618,7.1342,25.371,26.367,494.6,Our World in Data / WHO,2026-09-30 02:09:07
5035,ROU,Romania,2009,7.7,2108,10.3,10.3,20.9421,38.7429,7.5392,25.551,26.57,494.6,Our World in Data / WHO,2026-09-30 02:09:07
5036,ROU,Romania,2010,7.7,2288,11.25,11.25,22.1053,40.8948,7.9579,25.737,26.779,494.6,Our World in Data / WHO,2026-09-30 02:09:07
5037,ROU,Romania,2011,7.7,2074,10.26,10.26,23.2768,43.0621,8.3796,25.924,26.99,494.6,Our World in Data / WHO,2026-09-30 02:09:07
5038,ROU,Romania,2012,7.7,2105,10.45,10.45,24.453,45.238,8.8031,26.112,27.202,494.6,Our World in Data / WHO,2026-09-30 02:09:07
5039,ROU,Romania,2013,7.7,2000,9.96,9.96,25.6369,47.4283,9.2293,26.302,27.415,494.6,Our World in Data / WHO,2026-09-30 02:09:07
5040,ROU,Romania,2014,7.7,2030,10.15,10.15,26.8219,49.6205,9.6559,26.492,27.628,494.6,Our World in Data / WHO,2026-09-30 02:09:07
5041,ROU,Romania,2015,7.7,2256,11.33,11.33,27.9995,51.7991,10.0798,26.68,27.84,494.6,Our World in Data / WHO,2026-09-30 02:09:07
5042,ROU,Romania,2016,7.7,2422,12.24,12.24,29.1436,53.9157,10.4917,26.863,28.046,494.6,Our World in Data / WHO,2026-09-30 02:09:07
5043,ROU,Romania,2017,7.7,2309,11.72,11.72,30.2635,55.9875,10.8949,27.042,28.247,494.6,Our World in Data / WHO,2026-09-30 02:09:07
5044,ROU,Romania,2018,7.7,2502,12.76,12.76,31.3811,58.055,11.2972,27.221,28.449,494.6,Our World in Data / WHO,2026-09-30 02:09:07
5045,ROU,Romania,2019,7.7,2586,13.24,13.24,32.4919,60.11,11.6971,27.399,28.649,494.6,Our World in Data / WHO,2026-09-30 02:09:07
5046,ROU,Romania,2020,7.7,2663,13.7,13.7,33.6044,62.1681,12.0976,27.577,28.849,494.6,Our World in Data / WHO,2026-09-30 02:09:07
5047,ROU,Romania,2021,7.7,2797,14.47,14.47,34.6624,64.1254,12.4785,27.746,29.039,494.6,Our World in Data / WHO,2026-09-30 02:09:07
5048,ROU,Romania,2022,7.7,2797,14.47,14.47,35.6439,65.9412,12.8318,27.903,29.216,494.6,Our World in Data / WHO,2026-09-30 02:09:07
5049,RUS,Russia,1990,9.7,10037,6.84,6.84,17.8942,33.1043,6.4419,25.063,26.021,590.6,Our World in Data / WHO,2026-09-30 02:09:07
5050,RUS,Russia,1991,9.7,10037,6.84,6.84,18.0319,33.359,6.4915,25.085,26.046,590.6,Our World in Data / WHO,2026-09-30 02:09:07
5051,RUS,Russia,1992,9.7,10037,6.84,6.84,18.1967,33.6639,6.5508,25.111,26.075,590.6,Our World in Data / WHO,2026-09-30 02:09:07
5052,RUS,Russia,1993,9.7,10037,6.84,6.84,18.346,33.9401,6.6046,25.135,26.102,590.6,Our World in Data / WHO,2026-09-30 02:09:07
5053,RUS,Russia,1994,9.7,10037,6.84,6.84,18.4754,34.1795,6.6511,25.156,26.126,590.6,Our World in Data / WHO,2026-09-30 02:09:07
5054,RUS,Russia,1995,9.7,10037,6.84,6.84,18.6359,34.4764,6.7089,25.182,26.154,590.6,Our World in Data / WHO,2026-09-30 02:09:07
5055,RUS,Russia,1996,9.7,10037,6.84,6.84,18.8466,34.8662,6.7848,25.215,26.192,590.6,Our World in Data / WHO,2026-09-30 02:09:07
5056,RUS,Russia,1997,9.7,10037,6.84,6.84,19.0802,35.2984,6.8689,25.253,26.234,590.6,Our World in Data / WHO,2026-09-30 02:09:07
5057,RUS,Russia,1998,9.7,10037,6.84,6.84,19.3121,35.7274,6.9524,25.29,26.276,590.6,Our World in Data / WHO,2026-09-30 02:09:07
5058,RUS,Russia,1999,9.7,10037,6.84,6.84,19.5689,36.2025,7.0448,25.331,26.322,590.6,Our World in Data / WHO,2026-09-30 02:09:07
5059,RUS,Russia,2000,9.7,10037,6.84,6.84,19.838,36.7003,7.1417,25.374,26.371,590.6,Our World in Data / WHO,2026-09-30 02:09:07
5060,RUS,Russia,2001,9.7,9736,6.66,6.66,20.0747,37.1382,7.2269,25.412,26.413,590.6,Our World in Data / WHO,2026-09-30 02:09:07
5061,RUS,Russia,2002,9.7,9669,6.64,6.64,20.2848,37.5269,7.3025,25.446,26.451,590.6,Our World in Data / WHO,2026-09-30 02:09:07
5062,RUS,Russia,2003,9.7,9617,6.63,6.63,20.4971,37.9196,7.379,25.48,26.489,590.6,Our World in Data / WHO,2026-09-30 02:09:07
5063,RUS,Russia,2004,9.7,9207,6.38,6.38,20.7271,38.3451,7.4618,25.516,26.531,590.6,Our World in Data / WHO,2026-09-30 02:09:07
5064,RUS,Russia,2005,9.7,9074,6.31,6.31,20.9518,38.7608,7.5426,25.552,26.571,590.6,Our World in Data / WHO,2026-09-30 02:09:07
5065,RUS,Russia,2006,9.7,8748,6.1,6.1,21.1621,39.1499,7.6184,25.586,26.609,590.6,Our World in Data / WHO,2026-09-30 02:09:07
5066,RUS,Russia,2007,9.7,8361,5.84,5.84,21.3532,39.5034,7.6872,25.617,26.644,590.6,Our World in Data / WHO,2026-09-30 02:09:07
5067,RUS,Russia,2008,9.7,8234,5.75,5.75,21.5279,39.8266,7.75,25.644,26.675,590.6,Our World in Data / WHO,2026-09-30 02:09:07
5068,RUS,Russia,2009,9.7,8062,5.63,5.63,21.7063,40.1567,7.8143,25.673,26.707,590.6,Our World in Data / WHO,2026-09-30 02:09:07
5069,RUS,Russia,2010,9.7,8190,5.72,5.72,21.8965,40.5085,7.8827,25.703,26.741,590.6,Our World in Data / WHO,2026-09-30 02:09:07
5070,RUS,Russia,2011,9.7,8426,5.88,5.88,22.076,40.8406,7.9474,25.732,26.774,590.6,Our World in Data / WHO,2026-09-30 02:09:07
5071,RUS,Russia,2012,9.7,10003,6.96,6.96,22.2299,41.1253,8.0028,25.757,26.801,590.6,Our World in Data / WHO,2026-09-30 02:09:07
5072,RUS,Russia,2013,9.7,12736,8.85,8.85,22.3535,41.354,8.0473,25.777,26.824,590.6,Our World in Data / WHO,2026-09-30 02:09:07
5073,RUS,Russia,2014,9.7,18907,13.1,13.1,22.4422,41.5181,8.0792,25.791,26.84,590.6,Our World in Data / WHO,2026-09-30 02:09:07
5074,RUS,Russia,2015,9.7,24666,17.05,17.05,22.4952,41.6161,8.0983,25.799,26.849,590.6,Our World in Data / WHO,2026-09-30 02:09:07
5075,RUS,Russia,2016,9.7,30548,21.05,21.05,22.4841,41.5956,8.0943,25.797,26.847,590.6,Our World in Data / WHO,2026-09-30 02:09:07
5076,RUS,Russia,2017,9.7,34829,23.95,23.95,22.4152,41.4681,8.0695,25.786,26.835,590.6,Our World in Data / WHO,2026-09-30 02:09:07
5077,RUS,Russia,2018,9.7,38148,26.19,26.19,22.3144,41.2816,8.0332,25.77,26.817,590.6,Our World in Data / WHO,2026-09-30 02:09:07
5078,RUS,Russia,2019,9.7,38196,26.21,26.21,22.1853,41.0428,7.9867,25.75,26.793,590.6,Our World in Data / WHO,2026-09-30 02:09:07
5079,RUS,Russia,2020,9.7,34368,23.6,23.6,22.0282,40.7522,7.9302,25.725,26.765,590.6,Our World in Data / WHO,2026-09-30 02:09:07
5080,RUS,Russia,2021,9.7,37586,25.9,25.9,21.8174,40.3622,7.8543,25.691,26.727,590.6,Our World in Data / WHO,2026-09-30 02:09:07
5081,RUS,Russia,2022,9.7,37586,25.9,25.9,21.5996,39.9593,7.7759,25.656,26.688,590.6,Our World in Data / WHO,2026-09-30 02:09:07
5082,RWA,Rwanda,1990,3.1,1772,21.85,21.85,0.5131,6.0,0.1847,22.282,22.892,273.8,Our World in Data / WHO,2026-09-30 02:09:07
5083,RWA,Rwanda,1991,3.1,1772,21.85,21.85,0.5385,6.0,0.1939,22.286,22.897,273.8,Our World in Data / WHO,2026-09-30 02:09:07
5084,RWA,Rwanda,1992,3.1,1772,21.85,21.85,0.5654,6.0,0.2035,22.29,22.902,273.8,Our World in Data / WHO,2026-09-30 02:09:07
5085,RWA,Rwanda,1993,3.1,1772,21.85,21.85,0.5944,6.0,0.214,22.295,22.907,273.8,Our World in Data / WHO,2026-09-30 02:09:07
5086,RWA,Rwanda,1994,3.1,1772,21.85,21.85,0.6297,6.0,0.2267,22.301,22.913,273.8,Our World in Data / WHO,2026-09-30 02:09:07
5087,RWA,Rwanda,1995,3.1,1772,21.85,21.85,0.6705,6.0,0.2414,22.307,22.921,273.8,Our World in Data / WHO,2026-09-30 02:09:07
5088,RWA,Rwanda,1996,3.1,1772,21.85,21.85,0.7068,6.0,0.2544,22.313,22.927,273.8,Our World in Data / WHO,2026-09-30 02:09:07
5089,RWA,Rwanda,1997,3.1,1772,21.85,21.85,0.747,6.0,0.2689,22.32,22.934,273.8,Our World in Data / WHO,2026-09-30 02:09:07
5090,RWA,Rwanda,1998,3.1,1772,21.85,21.85,0.7957,6.0,0.2865,22.327,22.943,273.8,Our World in Data / WHO,2026-09-30 02:09:07
5091,RWA,Rwanda,1999,3.1,1772,21.85,21.85,0.8539,6.0,0.3074,22.337,22.954,273.8,Our World in Data / WHO,2026-09-30 02:09:07
5092,RWA,Rwanda,2000,3.1,1772,21.85,21.85,0.9182,6.0,0.3306,22.347,22.965,273.8,Our World in Data / WHO,2026-09-30 02:09:07
5093,RWA,Rwanda,2001,3.1,1781,21.66,21.66,0.9889,6.0,0.356,22.358,22.978,273.8,Our World in Data / WHO,2026-09-30 02:09:07
5094,RWA,Rwanda,2002,3.1,1781,21.28,21.28,1.0646,6.0,0.3833,22.37,22.992,273.8,Our World in Data / WHO,2026-09-30 02:09:07
5095,RWA,Rwanda,2003,3.1,1714,20.01,20.01,1.1425,6.0,0.4113,22.383,23.006,273.8,Our World in Data / WHO,2026-09-30 02:09:07
5096,RWA,Rwanda,2004,3.1,1624,18.47,18.47,1.2246,6.0,0.4409,22.396,23.02,273.8,Our World in Data / WHO,2026-09-30 02:09:07
5097,RWA,Rwanda,2005,3.1,1582,17.52,17.52,1.3155,6.0,0.4736,22.41,23.037,273.8,Our World in Data / WHO,2026-09-30 02:09:07
5098,RWA,Rwanda,2006,3.1,1586,17.11,17.11,1.4162,6.0,0.5098,22.427,23.055,273.8,Our World in Data / WHO,2026-09-30 02:09:07
5099,RWA,Rwanda,2007,3.1,1624,17.05,17.05,1.527,6.0,0.5497,22.444,23.075,273.8,Our World in Data / WHO,2026-09-30 02:09:07
5100,RWA,Rwanda,2008,3.1,1673,17.1,17.1,1.6484,6.0,0.5934,22.464,23.097,273.8,Our World in Data / WHO,2026-09-30 02:09:07
5101,RWA,Rwanda,2009,3.1,1722,17.14,17.14,1.7802,6.0,0.6409,22.485,23.12,273.8,Our World in Data / WHO,2026-09-30 02:09:07
5102,RWA,Rwanda,2010,3.1,1811,17.57,17.57,1.9232,6.0,0.6924,22.508,23.146,273.8,Our World in Data / WHO,2026-09-30 02:09:07
5103,RWA,Rwanda,2011,3.1,1906,18.02,18.02,2.0778,6.0,0.748,22.532,23.174,273.8,Our World in Data / WHO,2026-09-30 02:09:07
5104,RWA,Rwanda,2012,3.1,1952,18.0,18.0,2.2452,6.0,0.8083,22.559,23.204,273.8,Our World in Data / WHO,2026-09-30 02:09:07
5105,RWA,Rwanda,2013,3.1,1956,17.62,17.62,2.428,6.0,0.8741,22.588,23.237,273.8,Our World in Data / WHO,2026-09-30 02:09:07
5106,RWA,Rwanda,2014,3.1,1974,17.36,17.36,2.6274,6.0,0.9459,22.62,23.273,273.8,Our World in Data / WHO,2026-09-30 02:09:07
5107,RWA,Rwanda,2015,3.1,1995,17.13,17.13,2.8416,6.0,1.023,22.655,23.311,273.8,Our World in Data / WHO,2026-09-30 02:09:07
5108,RWA,Rwanda,2016,3.1,2024,16.96,16.96,3.0686,6.0,1.1047,22.691,23.352,273.8,Our World in Data / WHO,2026-09-30 02:09:07
5109,RWA,Rwanda,2017,3.1,2094,17.12,17.12,3.3061,6.1163,1.1902,22.729,23.395,273.8,Our World in Data / WHO,2026-09-30 02:09:07
5110,RWA,Rwanda,2018,3.1,2147,17.13,17.13,3.5524,6.5719,1.2789,22.768,23.439,273.8,Our World in Data / WHO,2026-09-30 02:09:07
5111,RWA,Rwanda,2019,3.1,2209,17.21,17.21,3.8063,7.0417,1.3703,22.809,23.485,273.8,Our World in Data / WHO,2026-09-30 02:09:07
5112,RWA,Rwanda,2020,3.1,2271,17.28,17.28,4.0676,7.5251,1.4643,22.851,23.532,273.8,Our World in Data / WHO,2026-09-30 02:09:07
5113,RWA,Rwanda,2021,3.1,2458,18.26,18.26,4.3355,8.0207,1.5608,22.894,23.58,273.8,Our World in Data / WHO,2026-09-30 02:09:07
5114,RWA,Rwanda,2022,3.1,2458,18.26,18.26,4.6121,8.5324,1.6604,22.938,23.63,273.8,Our World in Data / WHO,2026-09-30 02:09:07
5115,SAU,Saudi Arabia,1990,19.6,2535,15.67,15.67,19.9102,36.8339,7.1677,25.386,26.384,1065.8,Our World in Data / WHO,2026-09-30 02:09:07
5116,SAU,Saudi Arabia,1991,19.6,2535,15.67,15.67,20.4894,37.9054,7.3762,25.478,26.488,1065.8,Our World in Data / WHO,2026-09-30 02:09:07
5117,SAU,Saudi Arabia,1992,19.6,2535,15.67,15.67,21.0743,38.9875,7.5867,25.572,26.593,1065.8,Our World in Data / WHO,2026-09-30 02:09:07
5118,SAU,Saudi Arabia,1993,19.6,2535,15.67,15.67,21.6622,40.0751,7.7984,25.666,26.699,1065.8,Our World in Data / WHO,2026-09-30 02:09:07
5119,SAU,Saudi Arabia,1994,19.6,2535,15.67,15.67,22.2646,41.1895,8.0153,25.762,26.808,1065.8,Our World in Data / WHO,2026-09-30 02:09:07
5120,SAU,Saudi Arabia,1995,19.6,2535,15.67,15.67,22.8879,42.3426,8.2396,25.862,26.92,1065.8,Our World in Data / WHO,2026-09-30 02:09:07
5121,SAU,Saudi Arabia,1996,19.6,2535,15.67,15.67,23.5299,43.5303,8.4708,25.965,27.035,1065.8,Our World in Data / WHO,2026-09-30 02:09:07
5122,SAU,Saudi Arabia,1997,19.6,2535,15.67,15.67,24.192,44.7552,8.7091,26.071,27.155,1065.8,Our World in Data / WHO,2026-09-30 02:09:07
5123,SAU,Saudi Arabia,1998,19.6,2535,15.67,15.67,24.8777,46.0237,8.956,26.18,27.278,1065.8,Our World in Data / WHO,2026-09-30 02:09:07
5124,SAU,Saudi Arabia,1999,19.6,2535,15.67,15.67,25.5843,47.331,9.2103,26.293,27.405,1065.8,Our World in Data / WHO,2026-09-30 02:09:07
5125,SAU,Saudi Arabia,2000,19.6,2535,15.67,15.67,26.1497,48.3769,9.4139,26.384,27.507,1065.8,Our World in Data / WHO,2026-09-30 02:09:07
5126,SAU,Saudi Arabia,2001,19.6,2534,14.87,14.87,26.5584,49.133,9.561,26.449,27.581,1065.8,Our World in Data / WHO,2026-09-30 02:09:07
5127,SAU,Saudi Arabia,2002,19.6,2567,14.33,14.33,26.9476,49.8531,9.7011,26.512,27.651,1065.8,Our World in Data / WHO,2026-09-30 02:09:07
5128,SAU,Saudi Arabia,2003,19.6,2678,14.26,14.26,27.3243,50.55,9.8367,26.572,27.718,1065.8,Our World in Data / WHO,2026-09-30 02:09:07
5129,SAU,Saudi Arabia,2004,19.6,2828,14.38,14.38,27.7064,51.2568,9.9743,26.633,27.787,1065.8,Our World in Data / WHO,2026-09-30 02:09:07
5130,SAU,Saudi Arabia,2005,19.6,2993,14.56,14.56,28.1,51.985,10.116,26.696,27.858,1065.8,Our World in Data / WHO,2026-09-30 02:09:07
5131,SAU,Saudi Arabia,2006,19.6,3156,14.71,14.71,28.5229,52.7674,10.2682,26.764,27.934,1065.8,Our World in Data / WHO,2026-09-30 02:09:07
5132,SAU,Saudi Arabia,2007,19.6,3261,14.58,14.58,28.9972,53.6448,10.439,26.84,28.019,1065.8,Our World in Data / WHO,2026-09-30 02:09:07
5133,SAU,Saudi Arabia,2008,19.6,3281,14.09,14.09,29.5407,54.6503,10.6347,26.927,28.117,1065.8,Our World in Data / WHO,2026-09-30 02:09:07
5134,SAU,Saudi Arabia,2009,19.6,3251,13.42,13.42,30.15,55.7775,10.854,27.024,28.227,1065.8,Our World in Data / WHO,2026-09-30 02:09:07
5135,SAU,Saudi Arabia,2010,19.6,3145,12.5,12.5,30.8148,57.0074,11.0933,27.13,28.347,1065.8,Our World in Data / WHO,2026-09-30 02:09:07
5136,SAU,Saudi Arabia,2011,19.6,2917,11.18,11.18,31.5161,58.3048,11.3458,27.243,28.473,1065.8,Our World in Data / WHO,2026-09-30 02:09:07
5137,SAU,Saudi Arabia,2012,19.6,2783,10.28,10.28,32.2494,59.6614,11.6098,27.36,28.605,1065.8,Our World in Data / WHO,2026-09-30 02:09:07
5138,SAU,Saudi Arabia,2013,19.6,2889,10.31,10.31,33.0103,61.0691,11.8837,27.482,28.742,1065.8,Our World in Data / WHO,2026-09-30 02:09:07
5139,SAU,Saudi Arabia,2014,19.6,3158,10.89,10.89,33.7974,62.5252,12.1671,27.608,28.884,1065.8,Our World in Data / WHO,2026-09-30 02:09:07
5140,SAU,Saudi Arabia,2015,19.6,3343,11.15,11.15,34.6052,64.0196,12.4579,27.737,29.029,1065.8,Our World in Data / WHO,2026-09-30 02:09:07
5141,SAU,Saudi Arabia,2016,19.6,3589,11.68,11.68,35.4399,65.5638,12.7584,27.87,29.179,1065.8,Our World in Data / WHO,2026-09-30 02:09:07
5142,SAU,Saudi Arabia,2017,19.6,3957,12.86,12.86,36.2353,67.0353,13.0447,27.998,29.322,1065.8,Our World in Data / WHO,2026-09-30 02:09:07
5143,SAU,Saudi Arabia,2018,19.6,4220,13.9,13.9,36.8785,68.2252,13.2763,28.101,29.438,1065.8,Our World in Data / WHO,2026-09-30 02:09:07
5144,SAU,Saudi Arabia,2019,19.6,4359,14.3,14.3,37.3125,69.0281,13.4325,28.17,29.516,1065.8,Our World in Data / WHO,2026-09-30 02:09:07
5145,SAU,Saudi Arabia,2020,19.6,4112,13.27,13.27,37.6633,69.6771,13.5588,28.226,29.579,1065.8,Our World in Data / WHO,2026-09-30 02:09:07
5146,SAU,Saudi Arabia,2021,19.6,4298,13.72,13.72,37.9679,70.2406,13.6684,28.275,29.634,1065.8,Our World in Data / WHO,2026-09-30 02:09:07
5147,SAU,Saudi Arabia,2022,19.6,4298,13.72,13.72,38.2996,70.8543,13.7879,28.328,29.694,1065.8,Our World in Data / WHO,2026-09-30 02:09:07
5148,SDN,Sudan,1990,8.6,990,3.76,3.76,3.6116,6.6815,1.3002,22.778,23.45,537.8,Our World in Data / WHO,2026-09-30 02:09:07
5149,SDN,Sudan,1991,8.6,990,3.76,3.76,3.7863,7.0047,1.3631,22.806,23.482,537.8,Our World in Data / WHO,2026-09-30 02:09:07
5150,SDN,Sudan,1992,8.6,990,3.76,3.76,3.9734,7.3508,1.4304,22.836,23.515,537.8,Our World in Data / WHO,2026-09-30 02:09:07
5151,SDN,Sudan,1993,8.6,990,3.76,3.76,4.1735,7.721,1.5025,22.868,23.551,537.8,Our World in Data / WHO,2026-09-30 02:09:07
5152,SDN,Sudan,1994,8.6,990,3.76,3.76,4.3832,8.1089,1.578,22.901,23.589,537.8,Our World in Data / WHO,2026-09-30 02:09:07
5153,SDN,Sudan,1995,8.6,990,3.76,3.76,4.6037,8.5168,1.6573,22.937,23.629,537.8,Our World in Data / WHO,2026-09-30 02:09:07
5154,SDN,Sudan,1996,8.6,990,3.76,3.76,4.8367,8.9479,1.7412,22.974,23.671,537.8,Our World in Data / WHO,2026-09-30 02:09:07
5155,SDN,Sudan,1997,8.6,990,3.76,3.76,5.086,9.4091,1.831,23.014,23.715,537.8,Our World in Data / WHO,2026-09-30 02:09:07
5156,SDN,Sudan,1998,8.6,990,3.76,3.76,5.3542,9.9053,1.9275,23.057,23.764,537.8,Our World in Data / WHO,2026-09-30 02:09:07
5157,SDN,Sudan,1999,8.6,990,3.76,3.76,5.6357,10.426,2.0289,23.102,23.814,537.8,Our World in Data / WHO,2026-09-30 02:09:07
5158,SDN,Sudan,2000,8.6,990,3.76,3.76,5.9314,10.9731,2.1353,23.149,23.868,537.8,Our World in Data / WHO,2026-09-30 02:09:07
5159,SDN,Sudan,2001,8.6,1022,3.79,3.79,6.2441,11.5516,2.2479,23.199,23.924,537.8,Our World in Data / WHO,2026-09-30 02:09:07
5160,SDN,Sudan,2002,8.6,1089,3.95,3.95,6.5703,12.1551,2.3653,23.251,23.983,537.8,Our World in Data / WHO,2026-09-30 02:09:07
5161,SDN,Sudan,2003,8.6,1148,4.07,4.07,6.9024,12.7694,2.4849,23.304,24.042,537.8,Our World in Data / WHO,2026-09-30 02:09:07
5162,SDN,Sudan,2004,8.6,1207,4.19,4.19,7.2395,13.3931,2.6062,23.358,24.103,537.8,Our World in Data / WHO,2026-09-30 02:09:07
5163,SDN,Sudan,2005,8.6,1269,4.29,4.29,7.5862,14.0345,2.731,23.414,24.166,537.8,Our World in Data / WHO,2026-09-30 02:09:07
5164,SDN,Sudan,2006,8.6,1345,4.44,4.44,7.9381,14.6855,2.8577,23.47,24.229,537.8,Our World in Data / WHO,2026-09-30 02:09:07
5165,SDN,Sudan,2007,8.6,1427,4.57,4.57,8.2921,15.3404,2.9852,23.527,24.293,537.8,Our World in Data / WHO,2026-09-30 02:09:07
5166,SDN,Sudan,2008,8.6,1542,4.81,4.81,8.6542,16.0103,3.1155,23.585,24.358,537.8,Our World in Data / WHO,2026-09-30 02:09:07
5167,SDN,Sudan,2009,8.6,1631,4.95,4.95,9.0212,16.6892,3.2476,23.643,24.424,537.8,Our World in Data / WHO,2026-09-30 02:09:07
5168,SDN,Sudan,2010,8.6,1689,5.01,5.01,9.3951,17.3809,3.3822,23.703,24.491,537.8,Our World in Data / WHO,2026-09-30 02:09:07
5169,SDN,Sudan,2011,8.6,1857,5.4,5.4,9.781,18.0948,3.5212,23.765,24.561,537.8,Our World in Data / WHO,2026-09-30 02:09:07
5170,SDN,Sudan,2012,8.6,1935,5.5,5.5,10.1704,18.8152,3.6613,23.827,24.631,537.8,Our World in Data / WHO,2026-09-30 02:09:07
5171,SDN,Sudan,2013,8.6,2079,5.78,5.78,10.5657,19.5465,3.8037,23.891,24.702,537.8,Our World in Data / WHO,2026-09-30 02:09:07
5172,SDN,Sudan,2014,8.6,2222,6.01,6.01,10.9654,20.286,3.9475,23.954,24.774,537.8,Our World in Data / WHO,2026-09-30 02:09:07
5173,SDN,Sudan,2015,8.6,2378,6.23,6.23,11.3764,21.0463,4.0955,24.02,24.848,537.8,Our World in Data / WHO,2026-09-30 02:09:07
5174,SDN,Sudan,2016,8.6,2540,6.45,6.45,11.8099,21.8483,4.2516,24.09,24.926,537.8,Our World in Data / WHO,2026-09-30 02:09:07
5175,SDN,Sudan,2017,8.6,2711,6.66,6.66,12.254,22.6699,4.4114,24.161,25.006,537.8,Our World in Data / WHO,2026-09-30 02:09:07
5176,SDN,Sudan,2018,8.6,2930,6.98,6.98,12.7152,23.5231,4.5775,24.234,25.089,537.8,Our World in Data / WHO,2026-09-30 02:09:07
5177,SDN,Sudan,2019,8.6,3061,7.08,7.08,13.2114,24.4411,4.7561,24.314,25.178,537.8,Our World in Data / WHO,2026-09-30 02:09:07
5178,SDN,Sudan,2020,8.6,3327,7.49,7.49,13.7361,25.4118,4.945,24.398,25.272,537.8,Our World in Data / WHO,2026-09-30 02:09:07
5179,SDN,Sudan,2021,8.6,3299,7.23,7.23,14.2832,26.4239,5.142,24.485,25.371,537.8,Our World in Data / WHO,2026-09-30 02:09:07
5180,SDN,Sudan,2022,8.6,3299,7.23,7.23,14.8583,27.4879,5.349,24.577,25.474,537.8,Our World in Data / WHO,2026-09-30 02:09:07
5181,SEN,Senegal,1990,3.2,1432,14.76,14.76,1.8709,6.0,0.6735,22.499,23.137,278.6,Our World in Data / WHO,2026-09-30 02:09:07
5182,SEN,Senegal,1991,3.2,1432,14.76,14.76,1.994,6.0,0.7178,22.519,23.159,278.6,Our World in Data / WHO,2026-09-30 02:09:07
5183,SEN,Senegal,1992,3.2,1432,14.76,14.76,2.1244,6.0,0.7648,22.54,23.182,278.6,Our World in Data / WHO,2026-09-30 02:09:07
5184,SEN,Senegal,1993,3.2,1432,14.76,14.76,2.263,6.0,0.8147,22.562,23.207,278.6,Our World in Data / WHO,2026-09-30 02:09:07
5185,SEN,Senegal,1994,3.2,1432,14.76,14.76,2.411,6.0,0.868,22.586,23.234,278.6,Our World in Data / WHO,2026-09-30 02:09:07
5186,SEN,Senegal,1995,3.2,1432,14.76,14.76,2.5713,6.0,0.9257,22.611,23.263,278.6,Our World in Data / WHO,2026-09-30 02:09:07
5187,SEN,Senegal,1996,3.2,1432,14.76,14.76,2.7461,6.0,0.9886,22.639,23.294,278.6,Our World in Data / WHO,2026-09-30 02:09:07
5188,SEN,Senegal,1997,3.2,1432,14.76,14.76,2.937,6.0,1.0573,22.67,23.329,278.6,Our World in Data / WHO,2026-09-30 02:09:07
5189,SEN,Senegal,1998,3.2,1432,14.76,14.76,3.1434,6.0,1.1316,22.703,23.366,278.6,Our World in Data / WHO,2026-09-30 02:09:07
5190,SEN,Senegal,1999,3.2,1432,14.76,14.76,3.3638,6.223,1.211,22.738,23.405,278.6,Our World in Data / WHO,2026-09-30 02:09:07
5191,SEN,Senegal,2000,3.2,1432,14.76,14.76,3.5954,6.6515,1.2943,22.775,23.447,278.6,Our World in Data / WHO,2026-09-30 02:09:07
5192,SEN,Senegal,2001,3.2,1434,14.43,14.43,3.8359,7.0964,1.3809,22.814,23.49,278.6,Our World in Data / WHO,2026-09-30 02:09:07
5193,SEN,Senegal,2002,3.2,1463,14.37,14.37,4.0739,7.5367,1.4666,22.852,23.533,278.6,Our World in Data / WHO,2026-09-30 02:09:07
5194,SEN,Senegal,2003,3.2,1579,15.13,15.13,4.3128,7.9787,1.5526,22.89,23.576,278.6,Our World in Data / WHO,2026-09-30 02:09:07
5195,SEN,Senegal,2004,3.2,1621,15.15,15.15,4.5582,8.4327,1.641,22.929,23.62,278.6,Our World in Data / WHO,2026-09-30 02:09:07
5196,SEN,Senegal,2005,3.2,1661,15.14,15.14,4.8014,8.8826,1.7285,22.968,23.664,278.6,Our World in Data / WHO,2026-09-30 02:09:07
5197,SEN,Senegal,2006,3.2,1695,15.05,15.05,5.0413,9.3264,1.8149,23.007,23.707,278.6,Our World in Data / WHO,2026-09-30 02:09:07
5198,SEN,Senegal,2007,3.2,1746,15.1,15.1,5.2755,9.7597,1.8992,23.044,23.75,278.6,Our World in Data / WHO,2026-09-30 02:09:07
5199,SEN,Senegal,2008,3.2,1865,15.71,15.71,5.5009,10.1767,1.9803,23.08,23.79,278.6,Our World in Data / WHO,2026-09-30 02:09:07
5200,SEN,Senegal,2009,3.2,1916,15.71,15.71,5.7182,10.5787,2.0586,23.115,23.829,278.6,Our World in Data / WHO,2026-09-30 02:09:07
5201,SEN,Senegal,2010,3.2,1948,15.54,15.54,5.9318,10.9738,2.1354,23.149,23.868,278.6,Our World in Data / WHO,2026-09-30 02:09:07
5202,SEN,Senegal,2011,3.2,2007,15.59,15.59,6.1451,11.3684,2.2122,23.183,23.906,278.6,Our World in Data / WHO,2026-09-30 02:09:07
5203,SEN,Senegal,2012,3.2,2095,15.84,15.84,6.3656,11.7764,2.2916,23.218,23.946,278.6,Our World in Data / WHO,2026-09-30 02:09:07
5204,SEN,Senegal,2013,3.2,2202,16.19,16.19,6.5934,12.1978,2.3736,23.255,23.987,278.6,Our World in Data / WHO,2026-09-30 02:09:07
5205,SEN,Senegal,2014,3.2,2289,16.39,16.39,6.8312,12.6377,2.4592,23.293,24.03,278.6,Our World in Data / WHO,2026-09-30 02:09:07
5206,SEN,Senegal,2015,3.2,2311,16.1,16.1,7.0899,13.1163,2.5524,23.334,24.076,278.6,Our World in Data / WHO,2026-09-30 02:09:07
5207,SEN,Senegal,2016,3.2,2358,15.99,15.99,7.3691,13.6328,2.6529,23.379,24.126,278.6,Our World in Data / WHO,2026-09-30 02:09:07
5208,SEN,Senegal,2017,3.2,2391,15.78,15.78,7.6652,14.1806,2.7595,23.426,24.18,278.6,Our World in Data / WHO,2026-09-30 02:09:07
5209,SEN,Senegal,2018,3.2,2468,15.85,15.85,7.9787,14.7606,2.8723,23.477,24.236,278.6,Our World in Data / WHO,2026-09-30 02:09:07
5210,SEN,Senegal,2019,3.2,2560,16.0,16.0,8.3106,15.3746,2.9918,23.53,24.296,278.6,Our World in Data / WHO,2026-09-30 02:09:07
5211,SEN,Senegal,2020,3.2,2715,16.52,16.52,8.659,16.0192,3.1172,23.585,24.359,278.6,Our World in Data / WHO,2026-09-30 02:09:07
5212,SEN,Senegal,2021,3.2,2737,16.22,16.22,9.0196,16.6863,3.2471,23.643,24.424,278.6,Our World in Data / WHO,2026-09-30 02:09:07
5213,SEN,Senegal,2022,3.2,2737,16.22,16.22,9.3947,17.3802,3.3821,23.703,24.491,278.6,Our World in Data / WHO,2026-09-30 02:09:07
5214,SGP,Singapore,1990,9.5,309,7.62,7.62,3.8363,7.0972,1.3811,22.814,23.491,581.0,Our World in Data / WHO,2026-09-30 02:09:07
5215,SGP,Singapore,1991,9.5,309,7.62,7.62,3.8632,7.1469,1.3908,22.818,23.495,581.0,Our World in Data / WHO,2026-09-30 02:09:07
5216,SGP,Singapore,1992,9.5,309,7.62,7.62,3.9027,7.22,1.405,22.824,23.502,581.0,Our World in Data / WHO,2026-09-30 02:09:07
5217,SGP,Singapore,1993,9.5,309,7.62,7.62,3.9541,7.3151,1.4235,22.833,23.512,581.0,Our World in Data / WHO,2026-09-30 02:09:07
5218,SGP,Singapore,1994,9.5,309,7.62,7.62,4.0131,7.4242,1.4447,22.842,23.522,581.0,Our World in Data / WHO,2026-09-30 02:09:07
5219,SGP,Singapore,1995,9.5,309,7.62,7.62,4.075,7.5388,1.467,22.852,23.534,581.0,Our World in Data / WHO,2026-09-30 02:09:07
5220,SGP,Singapore,1996,9.5,309,7.62,7.62,4.1439,7.6662,1.4918,22.863,23.546,581.0,Our World in Data / WHO,2026-09-30 02:09:07
5221,SGP,Singapore,1997,9.5,309,7.62,7.62,4.2288,7.8233,1.5224,22.877,23.561,581.0,Our World in Data / WHO,2026-09-30 02:09:07
5222,SGP,Singapore,1998,9.5,309,7.62,7.62,4.3405,8.0299,1.5626,22.894,23.581,581.0,Our World in Data / WHO,2026-09-30 02:09:07
5223,SGP,Singapore,1999,9.5,309,7.62,7.62,4.4828,8.2932,1.6138,22.917,23.607,581.0,Our World in Data / WHO,2026-09-30 02:09:07
5224,SGP,Singapore,2000,9.5,309,7.62,7.62,4.644,8.5914,1.6718,22.943,23.636,581.0,Our World in Data / WHO,2026-09-30 02:09:07
5225,SGP,Singapore,2001,9.5,439,10.65,10.65,4.8228,8.9222,1.7362,22.972,23.668,581.0,Our World in Data / WHO,2026-09-30 02:09:07
5226,SGP,Singapore,2002,9.5,359,8.59,8.59,5.0298,9.3051,1.8107,23.005,23.705,581.0,Our World in Data / WHO,2026-09-30 02:09:07
5227,SGP,Singapore,2003,9.5,316,7.48,7.48,5.2628,9.7362,1.8946,23.042,23.747,581.0,Our World in Data / WHO,2026-09-30 02:09:07
5228,SGP,Singapore,2004,9.5,392,9.19,9.19,5.5172,10.2068,1.9862,23.083,23.793,581.0,Our World in Data / WHO,2026-09-30 02:09:07
5229,SGP,Singapore,2005,9.5,415,9.56,9.56,5.7952,10.7211,2.0863,23.127,23.843,581.0,Our World in Data / WHO,2026-09-30 02:09:07
5230,SGP,Singapore,2006,9.5,432,9.63,9.63,6.0945,11.2748,2.194,23.175,23.897,581.0,Our World in Data / WHO,2026-09-30 02:09:07
5231,SGP,Singapore,2007,9.5,509,10.91,10.91,6.416,11.8696,2.3098,23.227,23.955,581.0,Our World in Data / WHO,2026-09-30 02:09:07
5232,SGP,Singapore,2008,9.5,374,7.73,7.73,6.7689,12.5225,2.4368,23.283,24.018,581.0,Our World in Data / WHO,2026-09-30 02:09:07
5233,SGP,Singapore,2009,9.5,213,4.25,4.25,7.1544,13.2356,2.5756,23.345,24.088,581.0,Our World in Data / WHO,2026-09-30 02:09:07
5234,SGP,Singapore,2010,9.5,130,2.51,2.51,7.5644,13.9941,2.7232,23.41,24.162,581.0,Our World in Data / WHO,2026-09-30 02:09:07
5235,SGP,Singapore,2011,9.5,194,3.68,3.68,7.9981,14.7965,2.8793,23.48,24.24,581.0,Our World in Data / WHO,2026-09-30 02:09:07
5236,SGP,Singapore,2012,9.5,126,2.35,2.35,8.4612,15.6532,3.046,23.554,24.323,581.0,Our World in Data / WHO,2026-09-30 02:09:07
5237,SGP,Singapore,2013,9.5,101,1.84,1.84,8.9639,16.5832,3.227,23.634,24.414,581.0,Our World in Data / WHO,2026-09-30 02:09:07
5238,SGP,Singapore,2014,9.5,108,1.95,1.95,9.5026,17.5798,3.4209,23.72,24.51,581.0,Our World in Data / WHO,2026-09-30 02:09:07
5239,SGP,Singapore,2015,9.5,90,1.59,1.59,10.0803,18.6486,3.6289,23.813,24.614,581.0,Our World in Data / WHO,2026-09-30 02:09:07
5240,SGP,Singapore,2016,9.5,119,2.08,2.08,10.6928,19.7817,3.8494,23.911,24.725,581.0,Our World in Data / WHO,2026-09-30 02:09:07
5241,SGP,Singapore,2017,9.5,117,2.03,2.03,11.3317,20.9636,4.0794,24.013,24.84,581.0,Our World in Data / WHO,2026-09-30 02:09:07
5242,SGP,Singapore,2018,9.5,99,1.71,1.71,12.0058,22.2107,4.3221,24.121,24.961,581.0,Our World in Data / WHO,2026-09-30 02:09:07
5243,SGP,Singapore,2019,9.5,93,1.59,1.59,12.7221,23.5359,4.58,24.236,25.09,581.0,Our World in Data / WHO,2026-09-30 02:09:07
5244,SGP,Singapore,2020,9.5,92,1.56,1.56,13.4624,24.9054,4.8465,24.354,25.223,581.0,Our World in Data / WHO,2026-09-30 02:09:07
5245,SGP,Singapore,2021,9.5,91,1.53,1.53,14.2197,26.3064,5.1191,24.475,25.36,581.0,Our World in Data / WHO,2026-09-30 02:09:07
5246,SGP,Singapore,2022,9.5,91,1.53,1.53,15.0241,27.7946,5.4087,24.604,25.504,581.0,Our World in Data / WHO,2026-09-30 02:09:07
5247,SLB,Solomon Islands,1990,15.3,161,37.34,37.34,11.3744,21.0426,4.0948,24.02,24.847,859.4,Our World in Data / WHO,2026-09-30 02:09:07
5248,SLB,Solomon Islands,1991,15.3,161,37.34,37.34,11.5501,21.3677,4.158,24.048,24.879,859.4,Our World in Data / WHO,2026-09-30 02:09:07
5249,SLB,Solomon Islands,1992,15.3,161,37.34,37.34,11.7297,21.6999,4.2227,24.077,24.911,859.4,Our World in Data / WHO,2026-09-30 02:09:07
5250,SLB,Solomon Islands,1993,15.3,161,37.34,37.34,11.9178,22.0479,4.2904,24.107,24.945,859.4,Our World in Data / WHO,2026-09-30 02:09:07
5251,SLB,Solomon Islands,1994,15.3,161,37.34,37.34,12.119,22.4202,4.3628,24.139,24.981,859.4,Our World in Data / WHO,2026-09-30 02:09:07
5252,SLB,Solomon Islands,1995,15.3,161,37.34,37.34,12.3355,22.8207,4.4408,24.174,25.02,859.4,Our World in Data / WHO,2026-09-30 02:09:07
5253,SLB,Solomon Islands,1996,15.3,161,37.34,37.34,12.5662,23.2475,4.5238,24.211,25.062,859.4,Our World in Data / WHO,2026-09-30 02:09:07
5254,SLB,Solomon Islands,1997,15.3,161,37.34,37.34,12.8118,23.7018,4.6122,24.25,25.106,859.4,Our World in Data / WHO,2026-09-30 02:09:07
5255,SLB,Solomon Islands,1998,15.3,161,37.34,37.34,13.0679,24.1756,4.7044,24.291,25.152,859.4,Our World in Data / WHO,2026-09-30 02:09:07
5256,SLB,Solomon Islands,1999,15.3,161,37.34,37.34,13.3336,24.6672,4.8001,24.333,25.2,859.4,Our World in Data / WHO,2026-09-30 02:09:07
5257,SLB,Solomon Islands,2000,15.3,161,37.34,37.34,13.6096,25.1778,4.8995,24.378,25.25,859.4,Our World in Data / WHO,2026-09-30 02:09:07
5258,SLB,Solomon Islands,2001,15.3,165,37.5,37.5,13.8974,25.7102,5.0031,24.424,25.302,859.4,Our World in Data / WHO,2026-09-30 02:09:07
5259,SLB,Solomon Islands,2002,15.3,177,39.18,39.18,14.1941,26.2591,5.1099,24.471,25.355,859.4,Our World in Data / WHO,2026-09-30 02:09:07
5260,SLB,Solomon Islands,2003,15.3,192,41.65,41.65,14.501,26.8268,5.2204,24.52,25.41,859.4,Our World in Data / WHO,2026-09-30 02:09:07
5261,SLB,Solomon Islands,2004,15.3,181,38.28,38.28,14.8155,27.4087,5.3336,24.57,25.467,859.4,Our World in Data / WHO,2026-09-30 02:09:07
5262,SLB,Solomon Islands,2005,15.3,202,41.85,41.85,15.139,28.0072,5.45,24.622,25.525,859.4,Our World in Data / WHO,2026-09-30 02:09:07
5263,SLB,Solomon Islands,2006,15.3,208,42.16,42.16,15.4689,28.6175,5.5688,24.675,25.584,859.4,Our World in Data / WHO,2026-09-30 02:09:07
5264,SLB,Solomon Islands,2007,15.3,242,47.9,47.9,15.8014,29.2326,5.6885,24.728,25.644,859.4,Our World in Data / WHO,2026-09-30 02:09:07
5265,SLB,Solomon Islands,2008,15.3,264,51.23,51.23,16.1359,29.8514,5.8089,24.782,25.704,859.4,Our World in Data / WHO,2026-09-30 02:09:07
5266,SLB,Solomon Islands,2009,15.3,273,51.64,51.64,16.4679,30.4656,5.9284,24.835,25.764,859.4,Our World in Data / WHO,2026-09-30 02:09:07
5267,SLB,Solomon Islands,2010,15.3,280,51.74,51.74,16.7681,31.021,6.0365,24.883,25.818,859.4,Our World in Data / WHO,2026-09-30 02:09:07
5268,SLB,Solomon Islands,2011,15.3,289,52.19,52.19,17.039,31.5222,6.134,24.926,25.867,859.4,Our World in Data / WHO,2026-09-30 02:09:07
5269,SLB,Solomon Islands,2012,15.3,298,52.49,52.49,17.3067,32.0174,6.2304,24.969,25.915,859.4,Our World in Data / WHO,2026-09-30 02:09:07
5270,SLB,Solomon Islands,2013,15.3,307,52.65,52.65,17.5729,32.5099,6.3262,25.012,25.963,859.4,Our World in Data / WHO,2026-09-30 02:09:07
5271,SLB,Solomon Islands,2014,15.3,318,53.17,53.17,17.8376,32.9996,6.4215,25.054,26.011,859.4,Our World in Data / WHO,2026-09-30 02:09:07
5272,SLB,Solomon Islands,2015,15.3,329,53.64,53.64,18.1058,33.4957,6.5181,25.097,26.059,859.4,Our World in Data / WHO,2026-09-30 02:09:07
5273,SLB,Solomon Islands,2016,15.3,338,53.77,53.77,18.3795,34.0021,6.6166,25.141,26.108,859.4,Our World in Data / WHO,2026-09-30 02:09:07
5274,SLB,Solomon Islands,2017,15.3,358,55.69,55.69,18.6565,34.5145,6.7163,25.185,26.158,859.4,Our World in Data / WHO,2026-09-30 02:09:07
5275,SLB,Solomon Islands,2018,15.3,382,57.91,57.91,18.9369,35.0333,6.8173,25.23,26.209,859.4,Our World in Data / WHO,2026-09-30 02:09:07
5276,SLB,Solomon Islands,2019,15.3,392,58.01,58.01,19.2361,35.5868,6.925,25.278,26.262,859.4,Our World in Data / WHO,2026-09-30 02:09:07
5277,SLB,Solomon Islands,2020,15.3,419,60.56,60.56,19.5484,36.1645,7.0374,25.328,26.319,859.4,Our World in Data / WHO,2026-09-30 02:09:07
5278,SLB,Solomon Islands,2021,15.3,446,63.03,63.03,19.8628,36.7462,7.1506,25.378,26.375,859.4,Our World in Data / WHO,2026-09-30 02:09:07
5279,SLB,Solomon Islands,2022,15.3,446,63.03,63.03,20.1885,37.3487,7.2679,25.43,26.434,859.4,Our World in Data / WHO,2026-09-30 02:09:07
5280,SLE,Sierra Leone,1990,3.2,564,12.29,12.29,1.6049,6.0,0.5778,22.457,23.089,278.6,Our World in Data / WHO,2026-09-30 02:09:07
5281,SLE,Sierra Leone,1991,3.2,564,12.29,12.29,1.709,6.0,0.6152,22.473,23.108,278.6,Our World in Data / WHO,2026-09-30 02:09:07
5282,SLE,Sierra Leone,1992,3.2,564,12.29,12.29,1.8211,6.0,0.6556,22.491,23.128,278.6,Our World in Data / WHO,2026-09-30 02:09:07
5283,SLE,Sierra Leone,1993,3.2,564,12.29,12.29,1.9424,6.0,0.6993,22.511,23.15,278.6,Our World in Data / WHO,2026-09-30 02:09:07
5284,SLE,Sierra Leone,1994,3.2,564,12.29,12.29,2.0741,6.0,0.7467,22.532,23.173,278.6,Our World in Data / WHO,2026-09-30 02:09:07
5285,SLE,Sierra Leone,1995,3.2,564,12.29,12.29,2.2184,6.0,0.7986,22.555,23.199,278.6,Our World in Data / WHO,2026-09-30 02:09:07
5286,SLE,Sierra Leone,1996,3.2,564,12.29,12.29,2.3758,6.0,0.8553,22.58,23.228,278.6,Our World in Data / WHO,2026-09-30 02:09:07
5287,SLE,Sierra Leone,1997,3.2,564,12.29,12.29,2.547,6.0,0.9169,22.608,23.258,278.6,Our World in Data / WHO,2026-09-30 02:09:07
5288,SLE,Sierra Leone,1998,3.2,564,12.29,12.29,2.7332,6.0,0.984,22.637,23.292,278.6,Our World in Data / WHO,2026-09-30 02:09:07
5289,SLE,Sierra Leone,1999,3.2,564,12.29,12.29,2.9355,6.0,1.0568,22.67,23.328,278.6,Our World in Data / WHO,2026-09-30 02:09:07
5290,SLE,Sierra Leone,2000,3.2,564,12.29,12.29,3.1468,6.0,1.1328,22.703,23.366,278.6,Our World in Data / WHO,2026-09-30 02:09:07
5291,SLE,Sierra Leone,2001,3.2,620,12.77,12.77,3.3614,6.2186,1.2101,22.738,23.405,278.6,Our World in Data / WHO,2026-09-30 02:09:07
5292,SLE,Sierra Leone,2002,3.2,679,13.22,13.22,3.5783,6.6199,1.2882,22.773,23.444,278.6,Our World in Data / WHO,2026-09-30 02:09:07
5293,SLE,Sierra Leone,2003,3.2,729,13.62,13.62,3.7936,7.0182,1.3657,22.807,23.483,278.6,Our World in Data / WHO,2026-09-30 02:09:07
5294,SLE,Sierra Leone,2004,3.2,768,13.87,13.87,4.0029,7.4054,1.441,22.84,23.521,278.6,Our World in Data / WHO,2026-09-30 02:09:07
5295,SLE,Sierra Leone,2005,3.2,804,14.15,14.15,4.2015,7.7728,1.5125,22.872,23.556,278.6,Our World in Data / WHO,2026-09-30 02:09:07
5296,SLE,Sierra Leone,2006,3.2,819,14.1,14.1,4.3862,8.1145,1.579,22.902,23.59,278.6,Our World in Data / WHO,2026-09-30 02:09:07
5297,SLE,Sierra Leone,2007,3.2,870,14.64,14.64,4.5541,8.4251,1.6395,22.929,23.62,278.6,Our World in Data / WHO,2026-09-30 02:09:07
5298,SLE,Sierra Leone,2008,3.2,905,14.86,14.86,4.7018,8.6983,1.6926,22.952,23.646,278.6,Our World in Data / WHO,2026-09-30 02:09:07
5299,SLE,Sierra Leone,2009,3.2,934,14.91,14.91,4.828,8.9318,1.7381,22.972,23.669,278.6,Our World in Data / WHO,2026-09-30 02:09:07
5300,SLE,Sierra Leone,2010,3.2,968,15.04,15.04,4.9358,9.1312,1.7769,22.99,23.688,278.6,Our World in Data / WHO,2026-09-30 02:09:07
5301,SLE,Sierra Leone,2011,3.2,978,14.78,14.78,5.032,9.3092,1.8115,23.005,23.706,278.6,Our World in Data / WHO,2026-09-30 02:09:07
5302,SLE,Sierra Leone,2012,3.2,997,14.68,14.68,5.1267,9.4844,1.8456,23.02,23.723,278.6,Our World in Data / WHO,2026-09-30 02:09:07
5303,SLE,Sierra Leone,2013,3.2,997,14.31,14.31,5.2302,9.6759,1.8829,23.037,23.741,278.6,Our World in Data / WHO,2026-09-30 02:09:07
5304,SLE,Sierra Leone,2014,3.2,994,13.91,13.91,5.3489,9.8955,1.9256,23.056,23.763,278.6,Our World in Data / WHO,2026-09-30 02:09:07
5305,SLE,Sierra Leone,2015,3.2,1015,13.88,13.88,5.4837,10.1448,1.9741,23.077,23.787,278.6,Our World in Data / WHO,2026-09-30 02:09:07
5306,SLE,Sierra Leone,2016,3.2,1080,14.41,14.41,5.6351,10.4249,2.0286,23.102,23.814,278.6,Our World in Data / WHO,2026-09-30 02:09:07
5307,SLE,Sierra Leone,2017,3.2,1126,14.67,14.67,5.8018,10.7333,2.0886,23.128,23.844,278.6,Our World in Data / WHO,2026-09-30 02:09:07
5308,SLE,Sierra Leone,2018,3.2,1167,14.84,14.84,5.9826,11.0678,2.1537,23.157,23.877,278.6,Our World in Data / WHO,2026-09-30 02:09:07
5309,SLE,Sierra Leone,2019,3.2,1194,14.84,14.84,6.1769,11.4273,2.2237,23.188,23.912,278.6,Our World in Data / WHO,2026-09-30 02:09:07
5310,SLE,Sierra Leone,2020,3.2,1191,14.46,14.46,6.3837,11.8098,2.2981,23.221,23.949,278.6,Our World in Data / WHO,2026-09-30 02:09:07
5311,SLE,Sierra Leone,2021,3.2,1251,14.85,14.85,6.5997,12.2094,2.3759,23.256,23.988,278.6,Our World in Data / WHO,2026-09-30 02:09:07
5312,SLE,Sierra Leone,2022,3.2,1251,14.85,14.85,6.8288,12.6333,2.4584,23.293,24.029,278.6,Our World in Data / WHO,2026-09-30 02:09:07
5313,SLV,El Salvador,1990,9.4,1120,18.8,18.8,10.5391,19.4973,3.7941,23.886,24.697,576.2,Our World in Data / WHO,2026-09-30 02:09:07
5314,SLV,El Salvador,1991,9.4,1120,18.8,18.8,11.0781,20.4945,3.9881,23.972,24.794,576.2,Our World in Data / WHO,2026-09-30 02:09:07
5315,SLV,El Salvador,1992,9.4,1120,18.8,18.8,11.6336,21.5222,4.1881,24.061,24.894,576.2,Our World in Data / WHO,2026-09-30 02:09:07
5316,SLV,El Salvador,1993,9.4,1120,18.8,18.8,12.2089,22.5865,4.3952,24.153,24.998,576.2,Our World in Data / WHO,2026-09-30 02:09:07
5317,SLV,El Salvador,1994,9.4,1120,18.8,18.8,12.8064,23.6918,4.6103,24.249,25.105,576.2,Our World in Data / WHO,2026-09-30 02:09:07
5318,SLV,El Salvador,1995,9.4,1120,18.8,18.8,13.4165,24.8205,4.8299,24.347,25.215,576.2,Our World in Data / WHO,2026-09-30 02:09:07
5319,SLV,El Salvador,1996,9.4,1120,18.8,18.8,14.0393,25.9727,5.0541,24.446,25.327,576.2,Our World in Data / WHO,2026-09-30 02:09:07
5320,SLV,El Salvador,1997,9.4,1120,18.8,18.8,14.6774,27.1532,5.2839,24.548,25.442,576.2,Our World in Data / WHO,2026-09-30 02:09:07
5321,SLV,El Salvador,1998,9.4,1120,18.8,18.8,15.3281,28.357,5.5181,24.652,25.559,576.2,Our World in Data / WHO,2026-09-30 02:09:07
5322,SLV,El Salvador,1999,9.4,1120,18.8,18.8,15.9888,29.5793,5.756,24.758,25.678,576.2,Our World in Data / WHO,2026-09-30 02:09:07
5323,SLV,El Salvador,2000,9.4,1120,18.8,18.8,16.6524,30.8069,5.9949,24.864,25.797,576.2,Our World in Data / WHO,2026-09-30 02:09:07
5324,SLV,El Salvador,2001,9.4,1204,20.11,20.11,17.3148,32.0324,6.2333,24.97,25.917,576.2,Our World in Data / WHO,2026-09-30 02:09:07
5325,SLV,El Salvador,2002,9.4,1176,19.57,19.57,17.9781,33.2595,6.4721,25.076,26.036,576.2,Our World in Data / WHO,2026-09-30 02:09:07
5326,SLV,El Salvador,2003,9.4,1303,21.62,21.62,18.6366,34.4777,6.7092,25.182,26.155,576.2,Our World in Data / WHO,2026-09-30 02:09:07
5327,SLV,El Salvador,2004,9.4,1372,22.73,22.73,19.2825,35.6726,6.9417,25.285,26.271,576.2,Our World in Data / WHO,2026-09-30 02:09:07
5328,SLV,El Salvador,2005,9.4,1468,24.32,24.32,19.9103,36.8341,7.1677,25.386,26.384,576.2,Our World in Data / WHO,2026-09-30 02:09:07
5329,SLV,El Salvador,2006,9.4,1540,25.52,25.52,20.5194,37.9609,7.387,25.483,26.493,576.2,Our World in Data / WHO,2026-09-30 02:09:07
5330,SLV,El Salvador,2007,9.4,1590,26.3,26.3,21.1366,39.1027,7.6092,25.582,26.605,576.2,Our World in Data / WHO,2026-09-30 02:09:07
5331,SLV,El Salvador,2008,9.4,1636,26.96,26.96,21.7677,40.2702,7.8364,25.683,26.718,576.2,Our World in Data / WHO,2026-09-30 02:09:07
5332,SLV,El Salvador,2009,9.4,1722,28.26,28.26,22.3833,41.4091,8.058,25.781,26.829,576.2,Our World in Data / WHO,2026-09-30 02:09:07
5333,SLV,El Salvador,2010,9.4,1763,28.84,28.84,22.9837,42.5198,8.2741,25.877,26.937,576.2,Our World in Data / WHO,2026-09-30 02:09:07
5334,SLV,El Salvador,2011,9.4,1818,29.63,29.63,23.5718,43.6078,8.4858,25.971,27.043,576.2,Our World in Data / WHO,2026-09-30 02:09:07
5335,SLV,El Salvador,2012,9.4,1880,30.52,30.52,24.1488,44.6753,8.6936,26.064,27.147,576.2,Our World in Data / WHO,2026-09-30 02:09:07
5336,SLV,El Salvador,2013,9.4,2059,33.28,33.28,24.7164,45.7253,8.8979,26.155,27.249,576.2,Our World in Data / WHO,2026-09-30 02:09:07
5337,SLV,El Salvador,2014,9.4,2226,35.84,35.84,25.2793,46.7667,9.1005,26.245,27.35,576.2,Our World in Data / WHO,2026-09-30 02:09:07
5338,SLV,El Salvador,2015,9.4,2365,37.96,37.96,25.8414,47.8066,9.3029,26.335,27.451,576.2,Our World in Data / WHO,2026-09-30 02:09:07
5339,SLV,El Salvador,2016,9.4,2265,36.24,36.24,26.4009,48.8417,9.5043,26.424,27.552,576.2,Our World in Data / WHO,2026-09-30 02:09:07
5340,SLV,El Salvador,2017,9.4,2446,39.04,39.04,26.9605,49.8769,9.7058,26.514,27.653,576.2,Our World in Data / WHO,2026-09-30 02:09:07
5341,SLV,El Salvador,2018,9.4,2255,35.93,35.93,27.5325,50.9351,9.9117,26.605,27.756,576.2,Our World in Data / WHO,2026-09-30 02:09:07
5342,SLV,El Salvador,2019,9.4,2406,38.31,38.31,28.1254,52.032,10.1251,26.7,27.863,576.2,Our World in Data / WHO,2026-09-30 02:09:07
5343,SLV,El Salvador,2020,9.4,2441,38.8,38.8,28.7455,53.1792,10.3484,26.799,27.974,576.2,Our World in Data / WHO,2026-09-30 02:09:07
5344,SLV,El Salvador,2021,9.4,2413,38.22,38.22,29.3909,54.3732,10.5807,26.903,28.09,576.2,Our World in Data / WHO,2026-09-30 02:09:07
5345,SLV,El Salvador,2022,9.4,2413,38.22,38.22,30.0494,55.5914,10.8178,27.008,28.209,576.2,Our World in Data / WHO,2026-09-30 02:09:07
5346,SMR,San Marino,2000,5.5,4,13.12,13.12,13.4739,24.9267,4.8506,24.356,25.225,389.0,Our World in Data / WHO,2026-09-30 02:09:07
5347,SMR,San Marino,2001,5.5,3,12.77,12.77,13.967,25.839,5.0281,24.435,25.314,389.0,Our World in Data / WHO,2026-09-30 02:09:07
5348,SMR,San Marino,2002,5.5,4,12.84,12.84,14.6155,27.0387,5.2616,24.538,25.431,389.0,Our World in Data / WHO,2026-09-30 02:09:07
5349,SMR,San Marino,2003,5.5,4,12.73,12.73,15.2646,28.2395,5.4953,24.642,25.548,389.0,Our World in Data / WHO,2026-09-30 02:09:07
5350,SMR,San Marino,2004,5.5,3,11.93,11.93,15.8551,29.3319,5.7078,24.737,25.654,389.0,Our World in Data / WHO,2026-09-30 02:09:07
5351,SMR,San Marino,2005,5.5,3,11.59,11.59,16.1299,29.8403,5.8068,24.781,25.703,389.0,Our World in Data / WHO,2026-09-30 02:09:07
5352,SMR,San Marino,2006,5.5,3,11.28,11.28,16.7579,31.0021,6.0328,24.881,25.816,389.0,Our World in Data / WHO,2026-09-30 02:09:07
5353,SMR,San Marino,2007,5.5,3,11.39,11.39,17.2481,31.909,6.2093,24.96,25.905,389.0,Our World in Data / WHO,2026-09-30 02:09:07
5354,SMR,San Marino,2008,5.5,4,12.31,12.31,17.5877,32.5372,6.3316,25.014,25.966,389.0,Our World in Data / WHO,2026-09-30 02:09:07
5355,SMR,San Marino,2009,5.5,4,12.69,12.69,17.8791,33.0763,6.4365,25.061,26.018,389.0,Our World in Data / WHO,2026-09-30 02:09:07
5356,SMR,San Marino,2010,5.5,4,13.03,13.03,18.3985,34.0372,6.6235,25.144,26.112,389.0,Our World in Data / WHO,2026-09-30 02:09:07
5357,SMR,San Marino,2011,5.5,4,13.02,13.02,18.8889,34.9445,6.8,25.222,26.2,389.0,Our World in Data / WHO,2026-09-30 02:09:07
5358,SMR,San Marino,2012,5.5,4,13.19,13.19,19.5441,36.1566,7.0359,25.327,26.318,389.0,Our World in Data / WHO,2026-09-30 02:09:07
5359,SMR,San Marino,2013,5.5,4,13.31,13.31,19.9586,36.9234,7.1851,25.393,26.393,389.0,Our World in Data / WHO,2026-09-30 02:09:07
5360,SMR,San Marino,2014,5.5,5,13.66,13.66,20.5333,37.9866,7.392,25.485,26.496,389.0,Our World in Data / WHO,2026-09-30 02:09:07
5361,SMR,San Marino,2015,5.5,5,13.88,13.88,20.8863,38.6397,7.5191,25.542,26.56,389.0,Our World in Data / WHO,2026-09-30 02:09:07
5362,SMR,San Marino,2016,5.5,5,14.57,14.57,21.653,40.058,7.7951,25.664,26.698,389.0,Our World in Data / WHO,2026-09-30 02:09:07
5363,SMR,San Marino,2017,5.5,5,14.8,14.8,22.2783,41.2149,8.0202,25.765,26.81,389.0,Our World in Data / WHO,2026-09-30 02:09:07
5364,SMR,San Marino,2018,5.5,5,14.87,14.87,22.7809,42.1447,8.2011,25.845,26.901,389.0,Our World in Data / WHO,2026-09-30 02:09:07
5365,SMR,San Marino,2019,5.5,5,15.1,15.1,23.0532,42.6484,8.2992,25.889,26.95,389.0,Our World in Data / WHO,2026-09-30 02:09:07
5366,SMR,San Marino,2020,5.5,3,10.23,10.23,23.269,43.0476,8.3768,25.923,26.988,389.0,Our World in Data / WHO,2026-09-30 02:09:07
5367,SMR,San Marino,2021,5.5,4,10.52,10.52,23.357,43.2104,8.4085,25.937,27.004,389.0,Our World in Data / WHO,2026-09-30 02:09:07
5368,SOM,Somalia,1990,4.3,1974,22.64,22.64,2.8446,6.0,1.0241,22.655,23.312,331.4,Our World in Data / WHO,2026-09-30 02:09:07
5369,SOM,Somalia,1991,4.3,1974,22.64,22.64,2.9795,6.0,1.0726,22.677,23.336,331.4,Our World in Data / WHO,2026-09-30 02:09:07
5370,SOM,Somalia,1992,4.3,1974,22.64,22.64,3.1164,6.0,1.1219,22.699,23.361,331.4,Our World in Data / WHO,2026-09-30 02:09:07
5371,SOM,Somalia,1993,4.3,1974,22.64,22.64,3.2629,6.0364,1.1746,22.722,23.387,331.4,Our World in Data / WHO,2026-09-30 02:09:07
5372,SOM,Somalia,1994,4.3,1974,22.64,22.64,3.4213,6.3294,1.2317,22.747,23.416,331.4,Our World in Data / WHO,2026-09-30 02:09:07
5373,SOM,Somalia,1995,4.3,1974,22.64,22.64,3.5914,6.6441,1.2929,22.775,23.446,331.4,Our World in Data / WHO,2026-09-30 02:09:07
5374,SOM,Somalia,1996,4.3,1974,22.64,22.64,3.7741,6.9821,1.3587,22.804,23.479,331.4,Our World in Data / WHO,2026-09-30 02:09:07
5375,SOM,Somalia,1997,4.3,1974,22.64,22.64,3.9701,7.3447,1.4292,22.835,23.515,331.4,Our World in Data / WHO,2026-09-30 02:09:07
5376,SOM,Somalia,1998,4.3,1974,22.64,22.64,4.1813,7.7354,1.5053,22.869,23.553,331.4,Our World in Data / WHO,2026-09-30 02:09:07
5377,SOM,Somalia,1999,4.3,1974,22.64,22.64,4.4072,8.1533,1.5866,22.905,23.593,331.4,Our World in Data / WHO,2026-09-30 02:09:07
5378,SOM,Somalia,2000,4.3,1974,22.64,22.64,4.6458,8.5947,1.6725,22.943,23.636,331.4,Our World in Data / WHO,2026-09-30 02:09:07
5379,SOM,Somalia,2001,4.3,2039,22.47,22.47,4.8967,9.0589,1.7628,22.983,23.681,331.4,Our World in Data / WHO,2026-09-30 02:09:07
5380,SOM,Somalia,2002,4.3,2134,22.68,22.68,5.1583,9.5429,1.857,23.025,23.728,331.4,Our World in Data / WHO,2026-09-30 02:09:07
5381,SOM,Somalia,2003,4.3,2229,22.84,22.84,5.43,10.0455,1.9548,23.069,23.777,331.4,Our World in Data / WHO,2026-09-30 02:09:07
5382,SOM,Somalia,2004,4.3,2333,23.05,23.05,5.7099,10.5633,2.0556,23.114,23.828,331.4,Our World in Data / WHO,2026-09-30 02:09:07
5383,SOM,Somalia,2005,4.3,2403,22.96,22.96,5.997,11.0944,2.1589,23.16,23.879,331.4,Our World in Data / WHO,2026-09-30 02:09:07
5384,SOM,Somalia,2006,4.3,2464,22.85,22.85,6.2922,11.6406,2.2652,23.207,23.933,331.4,Our World in Data / WHO,2026-09-30 02:09:07
5385,SOM,Somalia,2007,4.3,2524,22.7,22.7,6.6003,12.2106,2.3761,23.256,23.988,331.4,Our World in Data / WHO,2026-09-30 02:09:07
5386,SOM,Somalia,2008,4.3,2653,23.18,23.18,6.9284,12.8175,2.4942,23.309,24.047,331.4,Our World in Data / WHO,2026-09-30 02:09:07
5387,SOM,Somalia,2009,4.3,2691,22.94,22.94,7.2741,13.4571,2.6187,23.364,24.109,331.4,Our World in Data / WHO,2026-09-30 02:09:07
5388,SOM,Somalia,2010,4.3,2670,22.2,22.2,7.6147,14.0872,2.7413,23.418,24.171,331.4,Our World in Data / WHO,2026-09-30 02:09:07
5389,SOM,Somalia,2011,4.3,2534,20.74,20.74,7.9287,14.6681,2.8543,23.469,24.227,331.4,Our World in Data / WHO,2026-09-30 02:09:07
5390,SOM,Somalia,2012,4.3,2698,21.68,21.68,8.24,15.244,2.9664,23.518,24.283,331.4,Our World in Data / WHO,2026-09-30 02:09:07
5391,SOM,Somalia,2013,4.3,2855,22.21,22.21,8.5758,15.8652,3.0873,23.572,24.344,331.4,Our World in Data / WHO,2026-09-30 02:09:07
5392,SOM,Somalia,2014,4.3,2955,22.2,22.2,8.926,16.5131,3.2134,23.628,24.407,331.4,Our World in Data / WHO,2026-09-30 02:09:07
5393,SOM,Somalia,2015,4.3,3049,22.15,22.15,9.2811,17.17,3.3412,23.685,24.471,331.4,Our World in Data / WHO,2026-09-30 02:09:07
5394,SOM,Somalia,2016,4.3,3136,21.94,21.94,9.6394,17.8329,3.4702,23.742,24.535,331.4,Our World in Data / WHO,2026-09-30 02:09:07
5395,SOM,Somalia,2017,4.3,3244,21.82,21.82,10.0095,18.5176,3.6034,23.802,24.602,331.4,Our World in Data / WHO,2026-09-30 02:09:07
5396,SOM,Somalia,2018,4.3,3362,21.82,21.82,10.3986,19.2374,3.7435,23.864,24.672,331.4,Our World in Data / WHO,2026-09-30 02:09:07
5397,SOM,Somalia,2019,4.3,3470,21.71,21.71,10.8009,19.9817,3.8883,23.928,24.744,331.4,Our World in Data / WHO,2026-09-30 02:09:07
5398,SOM,Somalia,2020,4.3,3736,22.59,22.59,11.2067,20.7324,4.0344,23.993,24.817,331.4,Our World in Data / WHO,2026-09-30 02:09:07
5399,SOM,Somalia,2021,4.3,3586,21.01,21.01,11.6158,21.4892,4.1817,24.059,24.891,331.4,Our World in Data / WHO,2026-09-30 02:09:07
5400,SOM,Somalia,2022,4.3,3586,21.01,21.01,12.0472,22.2873,4.337,24.128,24.968,331.4,Our World in Data / WHO,2026-09-30 02:09:07
5401,SRB,Serbia,1990,7.7,2418,30.48,30.48,14.75,27.2875,5.31,24.56,25.455,494.6,Our World in Data / WHO,2026-09-30 02:09:07
5402,SRB,Serbia,1991,7.7,2418,30.48,30.48,14.9095,27.5826,5.3674,24.586,25.484,494.6,Our World in Data / WHO,2026-09-30 02:09:07
5403,SRB,Serbia,1992,7.7,2418,30.48,30.48,15.0724,27.8839,5.4261,24.612,25.513,494.6,Our World in Data / WHO,2026-09-30 02:09:07
5404,SRB,Serbia,1993,7.7,2418,30.48,30.48,15.2384,28.191,5.4858,24.638,25.543,494.6,Our World in Data / WHO,2026-09-30 02:09:07
5405,SRB,Serbia,1994,7.7,2418,30.48,30.48,15.4122,28.5126,5.5484,24.666,25.574,494.6,Our World in Data / WHO,2026-09-30 02:09:07
5406,SRB,Serbia,1995,7.7,2418,30.48,30.48,15.5968,28.8541,5.6148,24.695,25.607,494.6,Our World in Data / WHO,2026-09-30 02:09:07
5407,SRB,Serbia,1996,7.7,2418,30.48,30.48,15.7967,29.2239,5.6868,24.727,25.643,494.6,Our World in Data / WHO,2026-09-30 02:09:07
5408,SRB,Serbia,1997,7.7,2418,30.48,30.48,16.0176,29.6326,5.7663,24.763,25.683,494.6,Our World in Data / WHO,2026-09-30 02:09:07
5409,SRB,Serbia,1998,7.7,2418,30.48,30.48,16.2637,30.0878,5.8549,24.802,25.727,494.6,Our World in Data / WHO,2026-09-30 02:09:07
5410,SRB,Serbia,1999,7.7,2418,30.48,30.48,16.5345,30.5888,5.9524,24.846,25.776,494.6,Our World in Data / WHO,2026-09-30 02:09:07
5411,SRB,Serbia,2000,7.7,2418,30.48,30.48,16.8242,31.1248,6.0567,24.892,25.828,494.6,Our World in Data / WHO,2026-09-30 02:09:07
5412,SRB,Serbia,2001,7.7,2290,28.92,28.92,17.128,31.6868,6.1661,24.94,25.883,494.6,Our World in Data / WHO,2026-09-30 02:09:07
5413,SRB,Serbia,2002,7.7,2521,31.9,31.9,17.4418,32.2673,6.279,24.991,25.94,494.6,Our World in Data / WHO,2026-09-30 02:09:07
5414,SRB,Serbia,2003,7.7,2628,33.32,33.32,17.767,32.869,6.3961,25.043,25.998,494.6,Our World in Data / WHO,2026-09-30 02:09:07
5415,SRB,Serbia,2004,7.7,2562,32.58,32.58,18.1036,33.4917,6.5173,25.097,26.059,494.6,Our World in Data / WHO,2026-09-30 02:09:07
5416,SRB,Serbia,2005,7.7,2512,32.07,32.07,18.4515,34.1353,6.6425,25.152,26.121,494.6,Our World in Data / WHO,2026-09-30 02:09:07
5417,SRB,Serbia,2006,7.7,2458,31.54,31.54,18.814,34.8059,6.773,25.21,26.187,494.6,Our World in Data / WHO,2026-09-30 02:09:07
5418,SRB,Serbia,2007,7.7,2918,37.62,37.62,19.1904,35.5022,6.9085,25.27,26.254,494.6,Our World in Data / WHO,2026-09-30 02:09:07
5419,SRB,Serbia,2008,7.7,3016,39.05,39.05,19.5794,36.2219,7.0486,25.333,26.324,494.6,Our World in Data / WHO,2026-09-30 02:09:07
5420,SRB,Serbia,2009,7.7,3002,39.04,39.04,19.9721,36.9484,7.19,25.396,26.395,494.6,Our World in Data / WHO,2026-09-30 02:09:07
5421,SRB,Serbia,2010,7.7,3125,40.83,40.83,20.3703,37.6851,7.3333,25.459,26.467,494.6,Our World in Data / WHO,2026-09-30 02:09:07
5422,SRB,Serbia,2011,7.7,3083,40.45,40.45,20.7666,38.4182,7.476,25.523,26.538,494.6,Our World in Data / WHO,2026-09-30 02:09:07
5423,SRB,Serbia,2012,7.7,2952,38.89,38.89,21.1563,39.1392,7.6163,25.585,26.608,494.6,Our World in Data / WHO,2026-09-30 02:09:07
5424,SRB,Serbia,2013,7.7,2759,36.46,36.46,21.5419,39.8525,7.7551,25.647,26.678,494.6,Our World in Data / WHO,2026-09-30 02:09:07
5425,SRB,Serbia,2014,7.7,2511,33.28,33.28,21.9259,40.5629,7.8933,25.708,26.747,494.6,Our World in Data / WHO,2026-09-30 02:09:07
5426,SRB,Serbia,2015,7.7,3026,40.24,40.24,22.3179,41.2881,8.0344,25.771,26.817,494.6,Our World in Data / WHO,2026-09-30 02:09:07
5427,SRB,Serbia,2016,7.7,3191,42.58,42.58,22.7141,42.0211,8.1771,25.834,26.889,494.6,Our World in Data / WHO,2026-09-30 02:09:07
5428,SRB,Serbia,2017,7.7,3510,47.02,47.02,23.0963,42.7282,8.3147,25.895,26.957,494.6,Our World in Data / WHO,2026-09-30 02:09:07
5429,SRB,Serbia,2018,7.7,3173,42.68,42.68,23.4658,43.4117,8.4477,25.955,27.024,494.6,Our World in Data / WHO,2026-09-30 02:09:07
5430,SRB,Serbia,2019,7.7,3202,43.26,43.26,23.8226,44.0718,8.5761,26.012,27.088,494.6,Our World in Data / WHO,2026-09-30 02:09:07
5431,SRB,Serbia,2020,7.7,3601,48.93,48.93,24.1754,44.7245,8.7031,26.068,27.152,494.6,Our World in Data / WHO,2026-09-30 02:09:07
5432,SRB,Serbia,2021,7.7,3629,49.73,49.73,24.5333,45.3866,8.832,26.125,27.216,494.6,Our World in Data / WHO,2026-09-30 02:09:07
5433,SRB,Serbia,2022,7.7,3629,49.73,49.73,24.8865,46.04,8.9591,26.182,27.28,494.6,Our World in Data / WHO,2026-09-30 02:09:07
5434,SSD,South Sudan,1990,7.5,767,12.54,12.54,1.546,6.0,0.5566,22.447,23.078,485.0,Our World in Data / WHO,2026-09-30 02:09:07
5435,SSD,South Sudan,1991,7.5,767,12.54,12.54,1.6114,6.0,0.5801,22.458,23.09,485.0,Our World in Data / WHO,2026-09-30 02:09:07
5436,SSD,South Sudan,1992,7.5,767,12.54,12.54,1.6818,6.0,0.6054,22.469,23.103,485.0,Our World in Data / WHO,2026-09-30 02:09:07
5437,SSD,South Sudan,1993,7.5,767,12.54,12.54,1.7578,6.0,0.6328,22.481,23.116,485.0,Our World in Data / WHO,2026-09-30 02:09:07
5438,SSD,South Sudan,1994,7.5,767,12.54,12.54,1.839,6.0,0.662,22.494,23.131,485.0,Our World in Data / WHO,2026-09-30 02:09:07
5439,SSD,South Sudan,1995,7.5,767,12.54,12.54,1.9276,6.0,0.6939,22.508,23.147,485.0,Our World in Data / WHO,2026-09-30 02:09:07
5440,SSD,South Sudan,1996,7.5,767,12.54,12.54,2.0261,6.0,0.7294,22.524,23.165,485.0,Our World in Data / WHO,2026-09-30 02:09:07
5441,SSD,South Sudan,1997,7.5,767,12.54,12.54,2.1338,6.0,0.7682,22.541,23.184,485.0,Our World in Data / WHO,2026-09-30 02:09:07
5442,SSD,South Sudan,1998,7.5,767,12.54,12.54,2.2491,6.0,0.8097,22.56,23.205,485.0,Our World in Data / WHO,2026-09-30 02:09:07
5443,SSD,South Sudan,1999,7.5,767,12.54,12.54,2.3748,6.0,0.8549,22.58,23.227,485.0,Our World in Data / WHO,2026-09-30 02:09:07
5444,SSD,South Sudan,2000,7.5,767,12.54,12.54,2.5126,6.0,0.9045,22.602,23.252,485.0,Our World in Data / WHO,2026-09-30 02:09:07
5445,SSD,South Sudan,2001,7.5,778,12.16,12.16,2.6617,6.0,0.9582,22.626,23.279,485.0,Our World in Data / WHO,2026-09-30 02:09:07
5446,SSD,South Sudan,2002,7.5,802,11.99,11.99,2.8221,6.0,1.016,22.652,23.308,485.0,Our World in Data / WHO,2026-09-30 02:09:07
5447,SSD,South Sudan,2003,7.5,849,12.14,12.14,2.9938,6.0,1.0778,22.679,23.339,485.0,Our World in Data / WHO,2026-09-30 02:09:07
5448,SSD,South Sudan,2004,7.5,897,12.25,12.25,3.1777,6.0,1.144,22.708,23.372,485.0,Our World in Data / WHO,2026-09-30 02:09:07
5449,SSD,South Sudan,2005,7.5,935,12.2,12.2,3.376,6.2456,1.2154,22.74,23.408,485.0,Our World in Data / WHO,2026-09-30 02:09:07
5450,SSD,South Sudan,2006,7.5,984,12.25,12.25,3.5813,6.6254,1.2893,22.773,23.445,485.0,Our World in Data / WHO,2026-09-30 02:09:07
5451,SSD,South Sudan,2007,7.5,1033,12.27,12.27,3.7774,6.9882,1.3599,22.804,23.48,485.0,Our World in Data / WHO,2026-09-30 02:09:07
5452,SSD,South Sudan,2008,7.5,1080,12.24,12.24,3.9688,7.3423,1.4288,22.835,23.514,485.0,Our World in Data / WHO,2026-09-30 02:09:07
5453,SSD,South Sudan,2009,7.5,1159,12.56,12.56,4.1703,7.7151,1.5013,22.867,23.551,485.0,Our World in Data / WHO,2026-09-30 02:09:07
5454,SSD,South Sudan,2010,7.5,1194,12.3,12.3,4.3733,8.0906,1.5744,22.9,23.587,485.0,Our World in Data / WHO,2026-09-30 02:09:07
5455,SSD,South Sudan,2011,7.5,1250,12.2,12.2,4.5824,8.4774,1.6497,22.933,23.625,485.0,Our World in Data / WHO,2026-09-30 02:09:07
5456,SSD,South Sudan,2012,7.5,1312,12.26,12.26,4.8093,8.8972,1.7313,22.969,23.666,485.0,Our World in Data / WHO,2026-09-30 02:09:07
5457,SSD,South Sudan,2013,7.5,1397,12.58,12.58,5.0536,9.3492,1.8193,23.009,23.71,485.0,Our World in Data / WHO,2026-09-30 02:09:07
5458,SSD,South Sudan,2014,7.5,1463,13.05,13.05,5.3483,9.8944,1.9254,23.056,23.763,485.0,Our World in Data / WHO,2026-09-30 02:09:07
5459,SSD,South Sudan,2015,7.5,1575,14.07,14.07,5.6745,10.4978,2.0428,23.108,23.821,485.0,Our World in Data / WHO,2026-09-30 02:09:07
5460,SSD,South Sudan,2016,7.5,1586,14.33,14.33,6.0206,11.1381,2.1674,23.163,23.884,485.0,Our World in Data / WHO,2026-09-30 02:09:07
5461,SSD,South Sudan,2017,7.5,1624,15.24,15.24,6.4066,11.8522,2.3064,23.225,23.953,485.0,Our World in Data / WHO,2026-09-30 02:09:07
5462,SSD,South Sudan,2018,7.5,1811,17.43,17.43,6.6989,12.393,2.4116,23.272,24.006,485.0,Our World in Data / WHO,2026-09-30 02:09:07
5463,SSD,South Sudan,2019,7.5,1963,18.79,18.79,6.9117,12.7866,2.4882,23.306,24.044,485.0,Our World in Data / WHO,2026-09-30 02:09:07
5464,SSD,South Sudan,2020,7.5,2170,20.46,20.46,7.1402,13.2094,2.5705,23.342,24.085,485.0,Our World in Data / WHO,2026-09-30 02:09:07
5465,SSD,South Sudan,2021,7.5,2222,20.67,20.67,7.3876,13.6671,2.6595,23.382,24.13,485.0,Our World in Data / WHO,2026-09-30 02:09:07
5466,SSD,South Sudan,2022,7.5,2222,20.67,20.67,7.6385,14.1312,2.7499,23.422,24.175,485.0,Our World in Data / WHO,2026-09-30 02:09:07
5467,STP,Sao Tome and Principe,1990,5.5,9,6.51,6.51,2.9132,6.0,1.0488,22.666,23.324,389.0,Our World in Data / WHO,2026-09-30 02:09:07
5468,STP,Sao Tome and Principe,1991,5.5,9,6.51,6.51,3.1086,6.0,1.1191,22.697,23.36,389.0,Our World in Data / WHO,2026-09-30 02:09:07
5469,STP,Sao Tome and Principe,1992,5.5,9,6.51,6.51,3.3196,6.1413,1.1951,22.731,23.398,389.0,Our World in Data / WHO,2026-09-30 02:09:07
5470,STP,Sao Tome and Principe,1993,5.5,9,6.51,6.51,3.5444,6.5571,1.276,22.767,23.438,389.0,Our World in Data / WHO,2026-09-30 02:09:07
5471,STP,Sao Tome and Principe,1994,5.5,9,6.51,6.51,3.7846,7.0015,1.3625,22.806,23.481,389.0,Our World in Data / WHO,2026-09-30 02:09:07
5472,STP,Sao Tome and Principe,1995,5.5,9,6.51,6.51,4.0378,7.4699,1.4536,22.846,23.527,389.0,Our World in Data / WHO,2026-09-30 02:09:07
5473,STP,Sao Tome and Principe,1996,5.5,9,6.51,6.51,4.3051,7.9644,1.5498,22.889,23.575,389.0,Our World in Data / WHO,2026-09-30 02:09:07
5474,STP,Sao Tome and Principe,1997,5.5,9,6.51,6.51,4.5897,8.4909,1.6523,22.934,23.626,389.0,Our World in Data / WHO,2026-09-30 02:09:07
5475,STP,Sao Tome and Principe,1998,5.5,9,6.51,6.51,4.8911,9.0485,1.7608,22.983,23.68,389.0,Our World in Data / WHO,2026-09-30 02:09:07
5476,STP,Sao Tome and Principe,1999,5.5,9,6.51,6.51,5.2064,9.6318,1.8743,23.033,23.737,389.0,Our World in Data / WHO,2026-09-30 02:09:07
5477,STP,Sao Tome and Principe,2000,5.5,9,6.51,6.51,5.5278,10.2264,1.99,23.084,23.795,389.0,Our World in Data / WHO,2026-09-30 02:09:07
5478,STP,Sao Tome and Principe,2001,5.5,10,6.58,6.58,5.8694,10.8584,2.113,23.139,23.856,389.0,Our World in Data / WHO,2026-09-30 02:09:07
5479,STP,Sao Tome and Principe,2002,5.5,10,6.57,6.57,6.2391,11.5423,2.2461,23.198,23.923,389.0,Our World in Data / WHO,2026-09-30 02:09:07
5480,STP,Sao Tome and Principe,2003,5.5,10,6.29,6.29,6.6263,12.2587,2.3855,23.26,23.993,389.0,Our World in Data / WHO,2026-09-30 02:09:07
5481,STP,Sao Tome and Principe,2004,5.5,10,6.29,6.29,7.0285,13.0027,2.5303,23.325,24.065,389.0,Our World in Data / WHO,2026-09-30 02:09:07
5482,STP,Sao Tome and Principe,2005,5.5,10,6.15,6.15,7.4403,13.7646,2.6785,23.39,24.139,389.0,Our World in Data / WHO,2026-09-30 02:09:07
5483,STP,Sao Tome and Principe,2006,5.5,10,6.34,6.34,7.8545,14.5308,2.8276,23.457,24.214,389.0,Our World in Data / WHO,2026-09-30 02:09:07
5484,STP,Sao Tome and Principe,2007,5.5,11,6.62,6.62,8.2649,15.2901,2.9754,23.522,24.288,389.0,Our World in Data / WHO,2026-09-30 02:09:07
5485,STP,Sao Tome and Principe,2008,5.5,11,6.6,6.6,8.6642,16.0288,3.1191,23.586,24.36,389.0,Our World in Data / WHO,2026-09-30 02:09:07
5486,STP,Sao Tome and Principe,2009,5.5,12,6.47,6.47,9.0498,16.7421,3.2579,23.648,24.429,389.0,Our World in Data / WHO,2026-09-30 02:09:07
5487,STP,Sao Tome and Principe,2010,5.5,12,6.36,6.36,9.4255,17.4372,3.3932,23.708,24.497,389.0,Our World in Data / WHO,2026-09-30 02:09:07
5488,STP,Sao Tome and Principe,2011,5.5,12,6.25,6.25,9.7956,18.1219,3.5264,23.767,24.563,389.0,Our World in Data / WHO,2026-09-30 02:09:07
5489,STP,Sao Tome and Principe,2012,5.5,12,6.57,6.57,10.1818,18.8363,3.6654,23.829,24.633,389.0,Our World in Data / WHO,2026-09-30 02:09:07
5490,STP,Sao Tome and Principe,2013,5.5,12,6.44,6.44,10.5966,19.6037,3.8148,23.895,24.707,389.0,Our World in Data / WHO,2026-09-30 02:09:07
5491,STP,Sao Tome and Principe,2014,5.5,13,6.58,6.58,11.0393,20.4227,3.9741,23.966,24.787,389.0,Our World in Data / WHO,2026-09-30 02:09:07
5492,STP,Sao Tome and Principe,2015,5.5,13,6.69,6.69,11.5156,21.3039,4.1456,24.042,24.873,389.0,Our World in Data / WHO,2026-09-30 02:09:07
5493,STP,Sao Tome and Principe,2016,5.5,14,7.04,7.04,12.0192,22.2355,4.3269,24.123,24.963,389.0,Our World in Data / WHO,2026-09-30 02:09:07
5494,STP,Sao Tome and Principe,2017,5.5,15,7.36,7.36,12.541,23.2009,4.5148,24.207,25.057,389.0,Our World in Data / WHO,2026-09-30 02:09:07
5495,STP,Sao Tome and Principe,2018,5.5,16,7.64,7.64,13.0762,24.191,4.7074,24.292,25.154,389.0,Our World in Data / WHO,2026-09-30 02:09:07
5496,STP,Sao Tome and Principe,2019,5.5,17,7.9,7.9,13.6226,25.2018,4.9041,24.38,25.252,389.0,Our World in Data / WHO,2026-09-30 02:09:07
5497,STP,Sao Tome and Principe,2020,5.5,17,7.83,7.83,14.1573,26.191,5.0966,24.465,25.348,389.0,Our World in Data / WHO,2026-09-30 02:09:07
5498,STP,Sao Tome and Principe,2021,5.5,16,7.34,7.34,14.6895,27.1756,5.2882,24.55,25.444,389.0,Our World in Data / WHO,2026-09-30 02:09:07
5499,STP,Sao Tome and Principe,2022,5.5,16,7.34,7.34,15.2344,28.1836,5.4844,24.638,25.542,389.0,Our World in Data / WHO,2026-09-30 02:09:07
5500,SUR,Suriname,1990,8.9,115,23.97,23.97,9.1079,16.8496,3.2788,23.657,24.439,552.2,Our World in Data / WHO,2026-09-30 02:09:07
5501,SUR,Suriname,1991,8.9,115,23.97,23.97,9.5576,17.6816,3.4407,23.729,24.52,552.2,Our World in Data / WHO,2026-09-30 02:09:07
5502,SUR,Suriname,1992,8.9,115,23.97,23.97,10.0385,18.5712,3.6139,23.806,24.607,552.2,Our World in Data / WHO,2026-09-30 02:09:07
5503,SUR,Suriname,1993,8.9,115,23.97,23.97,10.5522,19.5216,3.7988,23.888,24.699,552.2,Our World in Data / WHO,2026-09-30 02:09:07
5504,SUR,Suriname,1994,8.9,115,23.97,23.97,11.1018,20.5383,3.9966,23.976,24.798,552.2,Our World in Data / WHO,2026-09-30 02:09:07
5505,SUR,Suriname,1995,8.9,115,23.97,23.97,11.7019,21.6485,4.2127,24.072,24.906,552.2,Our World in Data / WHO,2026-09-30 02:09:07
5506,SUR,Suriname,1996,8.9,115,23.97,23.97,12.3489,22.8455,4.4456,24.176,25.023,552.2,Our World in Data / WHO,2026-09-30 02:09:07
5507,SUR,Suriname,1997,8.9,115,23.97,23.97,13.0171,24.0816,4.6862,24.283,25.143,552.2,Our World in Data / WHO,2026-09-30 02:09:07
5508,SUR,Suriname,1998,8.9,115,23.97,23.97,13.6925,25.3311,4.9293,24.391,25.265,552.2,Our World in Data / WHO,2026-09-30 02:09:07
5509,SUR,Suriname,1999,8.9,115,23.97,23.97,14.3654,26.576,5.1715,24.498,25.386,552.2,Our World in Data / WHO,2026-09-30 02:09:07
5510,SUR,Suriname,2000,8.9,115,23.97,23.97,15.0263,27.7987,5.4095,24.604,25.505,552.2,Our World in Data / WHO,2026-09-30 02:09:07
5511,SUR,Suriname,2001,8.9,125,25.57,25.57,15.6708,28.991,5.6415,24.707,25.621,552.2,Our World in Data / WHO,2026-09-30 02:09:07
5512,SUR,Suriname,2002,8.9,136,27.36,27.36,16.3057,30.1655,5.8701,24.809,25.735,552.2,Our World in Data / WHO,2026-09-30 02:09:07
5513,SUR,Suriname,2003,8.9,143,28.46,28.46,16.9413,31.3414,6.0989,24.911,25.849,552.2,Our World in Data / WHO,2026-09-30 02:09:07
5514,SUR,Suriname,2004,8.9,148,28.89,28.89,17.5948,32.5504,6.3341,25.015,25.967,552.2,Our World in Data / WHO,2026-09-30 02:09:07
5515,SUR,Suriname,2005,8.9,148,28.62,28.62,18.2646,33.7895,6.5753,25.122,26.088,552.2,Our World in Data / WHO,2026-09-30 02:09:07
5516,SUR,Suriname,2006,8.9,146,28.05,28.05,18.9348,35.0294,6.8165,25.23,26.208,552.2,Our World in Data / WHO,2026-09-30 02:09:07
5517,SUR,Suriname,2007,8.9,148,27.96,27.96,19.6043,36.268,7.0575,25.337,26.329,552.2,Our World in Data / WHO,2026-09-30 02:09:07
5518,SUR,Suriname,2008,8.9,153,28.66,28.66,20.2753,37.5093,7.2991,25.444,26.45,552.2,Our World in Data / WHO,2026-09-30 02:09:07
5519,SUR,Suriname,2009,8.9,157,28.99,28.99,20.9478,38.7534,7.5412,25.552,26.571,552.2,Our World in Data / WHO,2026-09-30 02:09:07
5520,SUR,Suriname,2010,8.9,163,29.82,29.82,21.617,39.9914,7.7821,25.659,26.691,552.2,Our World in Data / WHO,2026-09-30 02:09:07
5521,SUR,Suriname,2011,8.9,166,30.09,30.09,22.278,41.2143,8.0201,25.764,26.81,552.2,Our World in Data / WHO,2026-09-30 02:09:07
5522,SUR,Suriname,2012,8.9,171,30.66,30.66,22.9303,42.4211,8.2549,25.869,26.927,552.2,Our World in Data / WHO,2026-09-30 02:09:07
5523,SUR,Suriname,2013,8.9,186,33.02,33.02,23.5744,43.6126,8.4868,25.972,27.043,552.2,Our World in Data / WHO,2026-09-30 02:09:07
5524,SUR,Suriname,2014,8.9,195,34.26,34.26,24.2118,44.7918,8.7162,26.074,27.158,552.2,Our World in Data / WHO,2026-09-30 02:09:07
5525,SUR,Suriname,2015,8.9,205,35.69,35.69,24.8455,45.9642,8.9444,26.175,27.272,552.2,Our World in Data / WHO,2026-09-30 02:09:07
5526,SUR,Suriname,2016,8.9,213,36.64,36.64,25.4765,47.1315,9.1715,26.276,27.386,552.2,Our World in Data / WHO,2026-09-30 02:09:07
5527,SUR,Suriname,2017,8.9,221,37.64,37.64,26.1039,48.2922,9.3974,26.377,27.499,552.2,Our World in Data / WHO,2026-09-30 02:09:07
5528,SUR,Suriname,2018,8.9,233,39.31,39.31,26.7293,49.4492,9.6225,26.477,27.611,552.2,Our World in Data / WHO,2026-09-30 02:09:07
5529,SUR,Suriname,2019,8.9,241,40.07,40.07,27.3536,50.6042,9.8473,26.577,27.724,552.2,Our World in Data / WHO,2026-09-30 02:09:07
5530,SUR,Suriname,2020,8.9,248,40.8,40.8,27.988,51.7778,10.0757,26.678,27.838,552.2,Our World in Data / WHO,2026-09-30 02:09:07
5531,SUR,Suriname,2021,8.9,214,34.97,34.97,28.648,52.9988,10.3133,26.784,27.957,552.2,Our World in Data / WHO,2026-09-30 02:09:07
5532,SUR,Suriname,2022,8.9,214,34.97,34.97,29.3358,54.2712,10.5609,26.894,28.08,552.2,Our World in Data / WHO,2026-09-30 02:09:07
5533,SVK,Slovakia,1990,5.7,652,12.13,12.13,13.4284,24.8425,4.8342,24.349,25.217,398.6,Our World in Data / WHO,2026-09-30 02:09:07
5534,SVK,Slovakia,1991,5.7,652,12.13,12.13,13.5931,25.1472,4.8935,24.375,25.247,398.6,Our World in Data / WHO,2026-09-30 02:09:07
5535,SVK,Slovakia,1992,5.7,652,12.13,12.13,13.7555,25.4477,4.952,24.401,25.276,398.6,Our World in Data / WHO,2026-09-30 02:09:07
5536,SVK,Slovakia,1993,5.7,652,12.13,12.13,13.929,25.7686,5.0144,24.429,25.307,398.6,Our World in Data / WHO,2026-09-30 02:09:07
5537,SVK,Slovakia,1994,5.7,652,12.13,12.13,14.1165,26.1155,5.0819,24.459,25.341,398.6,Our World in Data / WHO,2026-09-30 02:09:07
5538,SVK,Slovakia,1995,5.7,652,12.13,12.13,14.3267,26.5044,5.1576,24.492,25.379,398.6,Our World in Data / WHO,2026-09-30 02:09:07
5539,SVK,Slovakia,1996,5.7,652,12.13,12.13,14.5718,26.9578,5.2458,24.531,25.423,398.6,Our World in Data / WHO,2026-09-30 02:09:07
5540,SVK,Slovakia,1997,5.7,652,12.13,12.13,14.8511,27.4745,5.3464,24.576,25.473,398.6,Our World in Data / WHO,2026-09-30 02:09:07
5541,SVK,Slovakia,1998,5.7,652,12.13,12.13,15.1738,28.0715,5.4626,24.628,25.531,398.6,Our World in Data / WHO,2026-09-30 02:09:07
5542,SVK,Slovakia,1999,5.7,652,12.13,12.13,15.5386,28.7464,5.5939,24.686,25.597,398.6,Our World in Data / WHO,2026-09-30 02:09:07
5543,SVK,Slovakia,2000,5.7,652,12.13,12.13,15.9371,29.4836,5.7374,24.75,25.669,398.6,Our World in Data / WHO,2026-09-30 02:09:07
5544,SVK,Slovakia,2001,5.7,663,12.34,12.34,16.3717,30.2876,5.8938,24.819,25.747,398.6,Our World in Data / WHO,2026-09-30 02:09:07
5545,SVK,Slovakia,2002,5.7,633,11.78,11.78,16.8323,31.1398,6.0596,24.893,25.83,398.6,Our World in Data / WHO,2026-09-30 02:09:07
5546,SVK,Slovakia,2003,5.7,668,12.43,12.43,17.3109,32.0252,6.2319,24.97,25.916,398.6,Our World in Data / WHO,2026-09-30 02:09:07
5547,SVK,Slovakia,2004,5.7,649,12.07,12.07,17.8111,32.9505,6.412,25.05,26.006,398.6,Our World in Data / WHO,2026-09-30 02:09:07
5548,SVK,Slovakia,2005,5.7,625,11.62,11.62,18.338,33.9253,6.6017,25.134,26.101,398.6,Our World in Data / WHO,2026-09-30 02:09:07
5549,SVK,Slovakia,2006,5.7,619,11.51,11.51,18.8916,34.9495,6.801,25.223,26.2,398.6,Our World in Data / WHO,2026-09-30 02:09:07
5550,SVK,Slovakia,2007,5.7,554,10.31,10.31,19.4676,36.0151,7.0083,25.315,26.304,398.6,Our World in Data / WHO,2026-09-30 02:09:07
5551,SVK,Slovakia,2008,5.7,542,10.06,10.06,20.0633,37.1171,7.2228,25.41,26.411,398.6,Our World in Data / WHO,2026-09-30 02:09:07
5552,SVK,Slovakia,2009,5.7,587,10.89,10.89,20.6743,38.2475,7.4427,25.508,26.521,398.6,Our World in Data / WHO,2026-09-30 02:09:07
5553,SVK,Slovakia,2010,5.7,567,10.52,10.52,21.3015,39.4078,7.6685,25.608,26.634,398.6,Our World in Data / WHO,2026-09-30 02:09:07
5554,SVK,Slovakia,2011,5.7,639,11.83,11.83,21.935,40.5798,7.8966,25.71,26.748,398.6,Our World in Data / WHO,2026-09-30 02:09:07
5555,SVK,Slovakia,2012,5.7,848,15.68,15.68,22.5749,41.7636,8.127,25.812,26.863,398.6,Our World in Data / WHO,2026-09-30 02:09:07
5556,SVK,Slovakia,2013,5.7,694,12.82,12.82,23.2288,42.9733,8.3624,25.917,26.981,398.6,Our World in Data / WHO,2026-09-30 02:09:07
5557,SVK,Slovakia,2014,5.7,784,14.46,14.46,23.8917,44.1996,8.601,26.023,27.101,398.6,Our World in Data / WHO,2026-09-30 02:09:07
5558,SVK,Slovakia,2015,5.7,701,12.92,12.92,24.5512,45.4197,8.8384,26.128,27.219,398.6,Our World in Data / WHO,2026-09-30 02:09:07
5559,SVK,Slovakia,2016,5.7,672,12.37,12.37,25.206,46.6311,9.0742,26.233,27.337,398.6,Our World in Data / WHO,2026-09-30 02:09:07
5560,SVK,Slovakia,2017,5.7,637,11.71,11.71,25.8463,47.8157,9.3047,26.335,27.452,398.6,Our World in Data / WHO,2026-09-30 02:09:07
5561,SVK,Slovakia,2018,5.7,736,13.51,13.51,26.4747,48.9782,9.5309,26.436,27.565,398.6,Our World in Data / WHO,2026-09-30 02:09:07
5562,SVK,Slovakia,2019,5.7,621,11.39,11.39,27.1084,50.1505,9.759,26.537,27.68,398.6,Our World in Data / WHO,2026-09-30 02:09:07
5563,SVK,Slovakia,2020,5.7,738,13.52,13.52,27.7429,51.3244,9.9874,26.639,27.794,398.6,Our World in Data / WHO,2026-09-30 02:09:07
5564,SVK,Slovakia,2021,5.7,722,13.25,13.25,28.3698,52.4841,10.2131,26.739,27.907,398.6,Our World in Data / WHO,2026-09-30 02:09:07
5565,SVK,Slovakia,2022,5.7,722,13.25,13.25,28.9941,53.6391,10.4379,26.839,28.019,398.6,Our World in Data / WHO,2026-09-30 02:09:07
5566,SVN,Slovenia,1990,7.5,480,24.19,24.19,12.3953,22.9313,4.4623,24.183,25.031,485.0,Our World in Data / WHO,2026-09-30 02:09:07
5567,SVN,Slovenia,1991,7.5,480,24.19,24.19,12.6752,23.4491,4.5631,24.228,25.082,485.0,Our World in Data / WHO,2026-09-30 02:09:07
5568,SVN,Slovenia,1992,7.5,480,24.19,24.19,12.9776,24.0086,4.6719,24.276,25.136,485.0,Our World in Data / WHO,2026-09-30 02:09:07
5569,SVN,Slovenia,1993,7.5,480,24.19,24.19,13.2817,24.5711,4.7814,24.325,25.191,485.0,Our World in Data / WHO,2026-09-30 02:09:07
5570,SVN,Slovenia,1994,7.5,480,24.19,24.19,13.5756,25.1149,4.8872,24.372,25.244,485.0,Our World in Data / WHO,2026-09-30 02:09:07
5571,SVN,Slovenia,1995,7.5,480,24.19,24.19,13.8379,25.6001,4.9816,24.414,25.291,485.0,Our World in Data / WHO,2026-09-30 02:09:07
5572,SVN,Slovenia,1996,7.5,480,24.19,24.19,14.1165,26.1155,5.0819,24.459,25.341,485.0,Our World in Data / WHO,2026-09-30 02:09:07
5573,SVN,Slovenia,1997,7.5,480,24.19,24.19,14.4421,26.7179,5.1992,24.511,25.4,485.0,Our World in Data / WHO,2026-09-30 02:09:07
5574,SVN,Slovenia,1998,7.5,480,24.19,24.19,14.7831,27.3487,5.3219,24.565,25.461,485.0,Our World in Data / WHO,2026-09-30 02:09:07
5575,SVN,Slovenia,1999,7.5,480,24.19,24.19,15.1228,27.9772,5.4442,24.62,25.522,485.0,Our World in Data / WHO,2026-09-30 02:09:07
5576,SVN,Slovenia,2000,7.5,480,24.19,24.19,15.4576,28.5966,5.5647,24.673,25.582,485.0,Our World in Data / WHO,2026-09-30 02:09:07
5577,SVN,Slovenia,2001,7.5,536,27.02,27.02,15.7974,29.2252,5.6871,24.728,25.644,485.0,Our World in Data / WHO,2026-09-30 02:09:07
5578,SVN,Slovenia,2002,7.5,579,29.17,29.17,16.1214,29.8246,5.8037,24.779,25.702,485.0,Our World in Data / WHO,2026-09-30 02:09:07
5579,SVN,Slovenia,2003,7.5,666,33.48,33.48,16.4138,30.3655,5.909,24.826,25.754,485.0,Our World in Data / WHO,2026-09-30 02:09:07
5580,SVN,Slovenia,2004,7.5,599,29.99,29.99,16.6802,30.8584,6.0049,24.869,25.802,485.0,Our World in Data / WHO,2026-09-30 02:09:07
5581,SVN,Slovenia,2005,7.5,493,24.6,24.6,16.922,31.3057,6.0919,24.908,25.846,485.0,Our World in Data / WHO,2026-09-30 02:09:07
5582,SVN,Slovenia,2006,7.5,362,18.0,18.0,17.1475,31.7229,6.1731,24.944,25.887,485.0,Our World in Data / WHO,2026-09-30 02:09:07
5583,SVN,Slovenia,2007,7.5,242,11.98,11.98,17.3659,32.1269,6.2517,24.979,25.926,485.0,Our World in Data / WHO,2026-09-30 02:09:07
5584,SVN,Slovenia,2008,7.5,250,12.27,12.27,17.5877,32.5372,6.3316,25.014,25.966,485.0,Our World in Data / WHO,2026-09-30 02:09:07
5585,SVN,Slovenia,2009,7.5,215,10.5,10.5,17.8071,32.9431,6.4106,25.049,26.005,485.0,Our World in Data / WHO,2026-09-30 02:09:07
5586,SVN,Slovenia,2010,7.5,233,11.31,11.31,18.0324,33.3599,6.4917,25.085,26.046,485.0,Our World in Data / WHO,2026-09-30 02:09:07
5587,SVN,Slovenia,2011,7.5,264,12.78,12.78,18.2705,33.8004,6.5774,25.123,26.089,485.0,Our World in Data / WHO,2026-09-30 02:09:07
5588,SVN,Slovenia,2012,7.5,303,14.63,14.63,18.5038,34.232,6.6614,25.161,26.131,485.0,Our World in Data / WHO,2026-09-30 02:09:07
5589,SVN,Slovenia,2013,7.5,311,14.99,14.99,18.7429,34.6744,6.7474,25.199,26.174,485.0,Our World in Data / WHO,2026-09-30 02:09:07
5590,SVN,Slovenia,2014,7.5,266,12.82,12.82,19.0005,35.1509,6.8402,25.24,26.22,485.0,Our World in Data / WHO,2026-09-30 02:09:07
5591,SVN,Slovenia,2015,7.5,304,14.62,14.62,19.2839,35.6752,6.9422,25.285,26.271,485.0,Our World in Data / WHO,2026-09-30 02:09:07
5592,SVN,Slovenia,2016,7.5,272,13.03,13.03,19.5945,36.2498,7.054,25.335,26.327,485.0,Our World in Data / WHO,2026-09-30 02:09:07
5593,SVN,Slovenia,2017,7.5,303,14.46,14.46,19.9188,36.8498,7.1708,25.387,26.385,485.0,Our World in Data / WHO,2026-09-30 02:09:07
5594,SVN,Slovenia,2018,7.5,266,12.64,12.64,20.241,37.4458,7.2868,25.439,26.443,485.0,Our World in Data / WHO,2026-09-30 02:09:07
5595,SVN,Slovenia,2019,7.5,353,16.72,16.72,20.569,38.0526,7.4048,25.491,26.502,485.0,Our World in Data / WHO,2026-09-30 02:09:07
5596,SVN,Slovenia,2020,7.5,408,19.25,19.25,20.897,38.6594,7.5229,25.544,26.561,485.0,Our World in Data / WHO,2026-09-30 02:09:07
5597,SVN,Slovenia,2021,7.5,301,14.22,14.22,21.2837,39.3748,7.6621,25.605,26.631,485.0,Our World in Data / WHO,2026-09-30 02:09:07
5598,SVN,Slovenia,2022,7.5,301,14.22,14.22,21.7618,40.2593,7.8342,25.682,26.717,485.0,Our World in Data / WHO,2026-09-30 02:09:07
5599,SWE,Sweden,1990,4.2,1627,18.34,18.34,9.6284,17.8125,3.4662,23.741,24.533,326.6,Our World in Data / WHO,2026-09-30 02:09:07
5600,SWE,Sweden,1991,4.2,1627,18.34,18.34,9.8919,18.3,3.5611,23.783,24.581,326.6,Our World in Data / WHO,2026-09-30 02:09:07
5601,SWE,Sweden,1992,4.2,1627,18.34,18.34,10.1769,18.8273,3.6637,23.828,24.632,326.6,Our World in Data / WHO,2026-09-30 02:09:07
5602,SWE,Sweden,1993,4.2,1627,18.34,18.34,10.4833,19.3941,3.774,23.877,24.687,326.6,Our World in Data / WHO,2026-09-30 02:09:07
5603,SWE,Sweden,1994,4.2,1627,18.34,18.34,10.8142,20.0063,3.8931,23.93,24.747,326.6,Our World in Data / WHO,2026-09-30 02:09:07
5604,SWE,Sweden,1995,4.2,1627,18.34,18.34,11.17,20.6645,4.0212,23.987,24.811,326.6,Our World in Data / WHO,2026-09-30 02:09:07
5605,SWE,Sweden,1996,4.2,1627,18.34,18.34,11.5495,21.3666,4.1578,24.048,24.879,326.6,Our World in Data / WHO,2026-09-30 02:09:07
5606,SWE,Sweden,1997,4.2,1627,18.34,18.34,11.9437,22.0958,4.2997,24.111,24.95,326.6,Our World in Data / WHO,2026-09-30 02:09:07
5607,SWE,Sweden,1998,4.2,1627,18.34,18.34,12.3434,22.8353,4.4436,24.175,25.022,326.6,Our World in Data / WHO,2026-09-30 02:09:07
5608,SWE,Sweden,1999,4.2,1627,18.34,18.34,12.7483,23.5844,4.5894,24.24,25.095,326.6,Our World in Data / WHO,2026-09-30 02:09:07
5609,SWE,Sweden,2000,4.2,1627,18.34,18.34,13.1496,24.3268,4.7339,24.304,25.167,326.6,Our World in Data / WHO,2026-09-30 02:09:07
5610,SWE,Sweden,2001,4.2,1722,19.35,19.35,13.5397,25.0484,4.8743,24.366,25.237,326.6,Our World in Data / WHO,2026-09-30 02:09:07
5611,SWE,Sweden,2002,4.2,1755,19.66,19.66,13.916,25.7446,5.0098,24.427,25.305,326.6,Our World in Data / WHO,2026-09-30 02:09:07
5612,SWE,Sweden,2003,4.2,1747,19.49,19.49,14.2717,26.4026,5.1378,24.483,25.369,326.6,Our World in Data / WHO,2026-09-30 02:09:07
5613,SWE,Sweden,2004,4.2,1790,19.88,19.88,14.6051,27.0194,5.2578,24.537,25.429,326.6,Our World in Data / WHO,2026-09-30 02:09:07
5614,SWE,Sweden,2005,4.2,1819,20.09,20.09,14.91,27.5835,5.3676,24.586,25.484,326.6,Our World in Data / WHO,2026-09-30 02:09:07
5615,SWE,Sweden,2006,4.2,1831,20.11,20.11,15.1796,28.0823,5.4647,24.629,25.532,326.6,Our World in Data / WHO,2026-09-30 02:09:07
5616,SWE,Sweden,2007,4.2,1785,19.48,19.48,15.4123,28.5128,5.5484,24.666,25.574,326.6,Our World in Data / WHO,2026-09-30 02:09:07
5617,SWE,Sweden,2008,4.2,1818,19.7,19.7,15.608,28.8748,5.6189,24.697,25.609,326.6,Our World in Data / WHO,2026-09-30 02:09:07
5618,SWE,Sweden,2009,4.2,1758,18.9,18.9,15.7682,29.1712,5.6766,24.723,25.638,326.6,Our World in Data / WHO,2026-09-30 02:09:07
5619,SWE,Sweden,2010,4.2,1757,18.72,18.72,15.9023,29.4193,5.7248,24.744,25.662,326.6,Our World in Data / WHO,2026-09-30 02:09:07
5620,SWE,Sweden,2011,4.2,1718,18.15,18.15,16.0236,29.6437,5.7685,24.764,25.684,326.6,Our World in Data / WHO,2026-09-30 02:09:07
5621,SWE,Sweden,2012,4.2,1704,17.83,17.83,16.1415,29.8618,5.8109,24.783,25.705,326.6,Our World in Data / WHO,2026-09-30 02:09:07
5622,SWE,Sweden,2013,4.2,1685,17.46,17.46,16.2691,30.0978,5.8569,24.803,25.728,326.6,Our World in Data / WHO,2026-09-30 02:09:07
5623,SWE,Sweden,2014,4.2,1598,16.4,16.4,16.418,30.3733,5.9105,24.827,25.755,326.6,Our World in Data / WHO,2026-09-30 02:09:07
5624,SWE,Sweden,2015,4.2,1736,17.62,17.62,16.5894,30.6904,5.9722,24.854,25.786,326.6,Our World in Data / WHO,2026-09-30 02:09:07
5625,SWE,Sweden,2016,4.2,1729,17.38,17.38,16.7767,31.0369,6.0396,24.884,25.82,326.6,Our World in Data / WHO,2026-09-30 02:09:07
5626,SWE,Sweden,2017,4.2,1879,18.68,18.68,16.9722,31.3986,6.11,24.916,25.855,326.6,Our World in Data / WHO,2026-09-30 02:09:07
5627,SWE,Sweden,2018,4.2,1806,17.77,17.77,17.1784,31.78,6.1842,24.949,25.892,326.6,Our World in Data / WHO,2026-09-30 02:09:07
5628,SWE,Sweden,2019,4.2,1738,16.93,16.93,17.3963,32.1832,6.2627,24.983,25.931,326.6,Our World in Data / WHO,2026-09-30 02:09:07
5629,SWE,Sweden,2020,4.2,1933,18.64,18.64,17.6359,32.6264,6.3489,25.022,25.974,326.6,Our World in Data / WHO,2026-09-30 02:09:07
5630,SWE,Sweden,2021,4.2,1881,17.97,17.97,17.887,33.091,6.4393,25.062,26.02,326.6,Our World in Data / WHO,2026-09-30 02:09:07
5631,SWE,Sweden,2022,4.2,1881,17.97,17.97,18.1388,33.5568,6.53,25.102,26.065,326.6,Our World in Data / WHO,2026-09-30 02:09:07
5632,SWZ,Eswatini,1990,3.1,302,29.31,29.31,8.708,16.1098,3.1349,23.593,24.367,273.8,Our World in Data / WHO,2026-09-30 02:09:07
5633,SWZ,Eswatini,1991,3.1,302,29.31,29.31,9.0399,16.7238,3.2544,23.646,24.427,273.8,Our World in Data / WHO,2026-09-30 02:09:07
5634,SWZ,Eswatini,1992,3.1,302,29.31,29.31,9.3886,17.3689,3.3799,23.702,24.49,273.8,Our World in Data / WHO,2026-09-30 02:09:07
5635,SWZ,Eswatini,1993,3.1,302,29.31,29.31,9.7766,18.0867,3.5196,23.764,24.56,273.8,Our World in Data / WHO,2026-09-30 02:09:07
5636,SWZ,Eswatini,1994,3.1,302,29.31,29.31,10.271,19.0014,3.6976,23.843,24.649,273.8,Our World in Data / WHO,2026-09-30 02:09:07
5637,SWZ,Eswatini,1995,3.1,302,29.31,29.31,10.7678,19.9204,3.8764,23.923,24.738,273.8,Our World in Data / WHO,2026-09-30 02:09:07
5638,SWZ,Eswatini,1996,3.1,302,29.31,29.31,11.1784,20.68,4.0242,23.989,24.812,273.8,Our World in Data / WHO,2026-09-30 02:09:07
5639,SWZ,Eswatini,1997,3.1,302,29.31,29.31,11.6184,21.494,4.1826,24.059,24.891,273.8,Our World in Data / WHO,2026-09-30 02:09:07
5640,SWZ,Eswatini,1998,3.1,302,29.31,29.31,12.0918,22.3698,4.353,24.135,24.977,273.8,Our World in Data / WHO,2026-09-30 02:09:07
5641,SWZ,Eswatini,1999,3.1,302,29.31,29.31,12.583,23.2786,4.5299,24.213,25.065,273.8,Our World in Data / WHO,2026-09-30 02:09:07
5642,SWZ,Eswatini,2000,3.1,302,29.31,29.31,13.0887,24.2141,4.7119,24.294,25.156,273.8,Our World in Data / WHO,2026-09-30 02:09:07
5643,SWZ,Eswatini,2001,3.1,346,33.21,33.21,13.6011,25.162,4.8964,24.376,25.248,273.8,Our World in Data / WHO,2026-09-30 02:09:07
5644,SWZ,Eswatini,2002,3.1,383,36.46,36.46,14.1194,26.1209,5.083,24.459,25.341,273.8,Our World in Data / WHO,2026-09-30 02:09:07
5645,SWZ,Eswatini,2003,3.1,410,38.76,38.76,14.652,27.1062,5.2747,24.544,25.437,273.8,Our World in Data / WHO,2026-09-30 02:09:07
5646,SWZ,Eswatini,2004,3.1,437,40.96,40.96,15.1966,28.1137,5.4708,24.631,25.535,273.8,Our World in Data / WHO,2026-09-30 02:09:07
5647,SWZ,Eswatini,2005,3.1,453,42.26,42.26,15.7466,29.1312,5.6688,24.719,25.634,273.8,Our World in Data / WHO,2026-09-30 02:09:07
5648,SWZ,Eswatini,2006,3.1,458,42.54,42.54,16.3,30.155,5.868,24.808,25.734,273.8,Our World in Data / WHO,2026-09-30 02:09:07
5649,SWZ,Eswatini,2007,3.1,467,43.11,43.11,16.8435,31.1605,6.0637,24.895,25.832,273.8,Our World in Data / WHO,2026-09-30 02:09:07
5650,SWZ,Eswatini,2008,3.1,475,43.56,43.56,17.3659,32.1269,6.2517,24.979,25.926,273.8,Our World in Data / WHO,2026-09-30 02:09:07
5651,SWZ,Eswatini,2009,3.1,470,42.94,42.94,17.8791,33.0763,6.4365,25.061,26.018,273.8,Our World in Data / WHO,2026-09-30 02:09:07
5652,SWZ,Eswatini,2010,3.1,593,53.88,53.88,18.3985,34.0372,6.6235,25.144,26.112,273.8,Our World in Data / WHO,2026-09-30 02:09:07
5653,SWZ,Eswatini,2011,3.1,472,42.7,42.7,18.9309,35.0222,6.8151,25.229,26.208,273.8,Our World in Data / WHO,2026-09-30 02:09:07
5654,SWZ,Eswatini,2012,3.1,511,46.01,46.01,19.4813,36.0404,7.0133,25.317,26.307,273.8,Our World in Data / WHO,2026-09-30 02:09:07
5655,SWZ,Eswatini,2013,3.1,530,47.38,47.38,20.0579,37.1071,7.2208,25.409,26.41,273.8,Our World in Data / WHO,2026-09-30 02:09:07
5656,SWZ,Eswatini,2014,3.1,558,49.56,49.56,20.6614,38.2236,7.4381,25.506,26.519,273.8,Our World in Data / WHO,2026-09-30 02:09:07
5657,SWZ,Eswatini,2015,3.1,604,53.23,53.23,21.2769,39.3623,7.6597,25.604,26.63,273.8,Our World in Data / WHO,2026-09-30 02:09:07
5658,SWZ,Eswatini,2016,3.1,644,56.4,56.4,21.8897,40.4959,7.8803,25.702,26.74,273.8,Our World in Data / WHO,2026-09-30 02:09:07
5659,SWZ,Eswatini,2017,3.1,684,59.37,59.37,22.4899,41.6063,8.0964,25.798,26.848,273.8,Our World in Data / WHO,2026-09-30 02:09:07
5660,SWZ,Eswatini,2018,3.1,719,62.0,62.0,23.0872,42.7113,8.3114,25.894,26.956,273.8,Our World in Data / WHO,2026-09-30 02:09:07
5661,SWZ,Eswatini,2019,3.1,741,63.39,63.39,23.7187,43.8796,8.5387,25.995,27.069,273.8,Our World in Data / WHO,2026-09-30 02:09:07
5662,SWZ,Eswatini,2020,3.1,793,67.2,67.2,24.367,45.079,8.7721,26.099,27.186,273.8,Our World in Data / WHO,2026-09-30 02:09:07
5663,SWZ,Eswatini,2021,3.1,724,60.71,60.71,25.0079,46.2646,9.0028,26.201,27.301,273.8,Our World in Data / WHO,2026-09-30 02:09:07
5664,SWZ,Eswatini,2022,3.1,724,60.71,60.71,25.6699,47.4893,9.2412,26.307,27.421,273.8,Our World in Data / WHO,2026-09-30 02:09:07
5665,SYC,Seychelles,1990,12.1,11,14.28,14.28,11.7206,21.6831,4.2194,24.075,24.91,705.8,Our World in Data / WHO,2026-09-30 02:09:07
5666,SYC,Seychelles,1991,12.1,11,14.28,14.28,12.242,22.6477,4.4071,24.159,25.004,705.8,Our World in Data / WHO,2026-09-30 02:09:07
5667,SYC,Seychelles,1992,12.1,11,14.28,14.28,12.7922,23.6656,4.6052,24.247,25.103,705.8,Our World in Data / WHO,2026-09-30 02:09:07
5668,SYC,Seychelles,1993,12.1,11,14.28,14.28,13.3569,24.7103,4.8085,24.337,25.204,705.8,Our World in Data / WHO,2026-09-30 02:09:07
5669,SYC,Seychelles,1994,12.1,11,14.28,14.28,13.961,25.8279,5.026,24.434,25.313,705.8,Our World in Data / WHO,2026-09-30 02:09:07
5670,SYC,Seychelles,1995,12.1,11,14.28,14.28,14.6171,27.0416,5.2622,24.539,25.431,705.8,Our World in Data / WHO,2026-09-30 02:09:07
5671,SYC,Seychelles,1996,12.1,11,14.28,14.28,15.2994,28.3039,5.5078,24.648,25.554,705.8,Our World in Data / WHO,2026-09-30 02:09:07
5672,SYC,Seychelles,1997,12.1,11,14.28,14.28,15.972,29.5482,5.7499,24.756,25.675,705.8,Our World in Data / WHO,2026-09-30 02:09:07
5673,SYC,Seychelles,1998,12.1,11,14.28,14.28,16.6024,30.7144,5.9769,24.856,25.788,705.8,Our World in Data / WHO,2026-09-30 02:09:07
5674,SYC,Seychelles,1999,12.1,11,14.28,14.28,17.2361,31.8868,6.205,24.958,25.902,705.8,Our World in Data / WHO,2026-09-30 02:09:07
5675,SYC,Seychelles,2000,12.1,11,14.28,14.28,17.9156,33.1439,6.4496,25.066,26.025,705.8,Our World in Data / WHO,2026-09-30 02:09:07
5676,SYC,Seychelles,2001,12.1,12,14.63,14.63,18.6233,34.4531,6.7044,25.18,26.152,705.8,Our World in Data / WHO,2026-09-30 02:09:07
5677,SYC,Seychelles,2002,12.1,13,15.22,15.22,19.3393,35.7777,6.9621,25.294,26.281,705.8,Our World in Data / WHO,2026-09-30 02:09:07
5678,SYC,Seychelles,2003,12.1,13,16.11,16.11,20.0458,37.0847,7.2165,25.407,26.408,705.8,Our World in Data / WHO,2026-09-30 02:09:07
5679,SYC,Seychelles,2004,12.1,14,16.71,16.71,20.7415,38.3718,7.4669,25.519,26.533,705.8,Our World in Data / WHO,2026-09-30 02:09:07
5680,SYC,Seychelles,2005,12.1,15,17.41,17.41,21.4373,39.659,7.7174,25.63,26.659,705.8,Our World in Data / WHO,2026-09-30 02:09:07
5681,SYC,Seychelles,2006,12.1,16,18.46,18.46,22.1279,40.9366,7.966,25.74,26.783,705.8,Our World in Data / WHO,2026-09-30 02:09:07
5682,SYC,Seychelles,2007,12.1,17,19.0,19.0,22.8056,42.1904,8.21,25.849,26.905,705.8,Our World in Data / WHO,2026-09-30 02:09:07
5683,SYC,Seychelles,2008,12.1,18,19.72,19.72,23.46,43.401,8.4456,25.954,27.023,705.8,Our World in Data / WHO,2026-09-30 02:09:07
5684,SYC,Seychelles,2009,12.1,18,19.56,19.56,24.0931,44.5722,8.6735,26.055,27.137,705.8,Our World in Data / WHO,2026-09-30 02:09:07
5685,SYC,Seychelles,2010,12.1,18,19.55,19.55,24.7063,45.7067,8.8943,26.153,27.247,705.8,Our World in Data / WHO,2026-09-30 02:09:07
5686,SYC,Seychelles,2011,12.1,19,19.73,19.73,25.2611,46.733,9.094,26.242,27.347,705.8,Our World in Data / WHO,2026-09-30 02:09:07
5687,SYC,Seychelles,2012,12.1,20,20.79,20.79,25.7632,47.6619,9.2748,26.322,27.437,705.8,Our World in Data / WHO,2026-09-30 02:09:07
5688,SYC,Seychelles,2013,12.1,21,21.51,21.51,26.2759,48.6104,9.4593,26.404,27.53,705.8,Our World in Data / WHO,2026-09-30 02:09:07
5689,SYC,Seychelles,2014,12.1,22,22.41,22.41,26.8309,49.6372,9.6591,26.493,27.63,705.8,Our World in Data / WHO,2026-09-30 02:09:07
5690,SYC,Seychelles,2015,12.1,23,23.23,23.23,27.4428,50.7692,9.8794,26.591,27.74,705.8,Our World in Data / WHO,2026-09-30 02:09:07
5691,SYC,Seychelles,2016,12.1,24,24.31,24.31,28.1157,52.014,10.1217,26.699,27.861,705.8,Our World in Data / WHO,2026-09-30 02:09:07
5692,SYC,Seychelles,2017,12.1,26,25.11,25.11,28.8308,53.337,10.3791,26.813,27.99,705.8,Our World in Data / WHO,2026-09-30 02:09:07
5693,SYC,Seychelles,2018,12.1,27,25.94,25.94,29.5785,54.7202,10.6483,26.933,28.124,705.8,Our World in Data / WHO,2026-09-30 02:09:07
5694,SYC,Seychelles,2019,12.1,28,26.63,26.63,30.3802,56.2034,10.9369,27.061,28.268,705.8,Our World in Data / WHO,2026-09-30 02:09:07
5695,SYC,Seychelles,2020,12.1,19,17.87,17.87,31.2417,57.7971,11.247,27.199,28.424,705.8,Our World in Data / WHO,2026-09-30 02:09:07
5696,SYC,Seychelles,2021,12.1,25,23.07,23.07,32.1376,59.4546,11.5695,27.342,28.585,705.8,Our World in Data / WHO,2026-09-30 02:09:07
5697,SYC,Seychelles,2022,12.1,25,23.07,23.07,33.0307,61.1068,11.8911,27.485,28.746,705.8,Our World in Data / WHO,2026-09-30 02:09:07
5698,SYR,Syria,1990,9.9,1244,7.63,7.63,14.9638,27.683,5.387,24.594,25.493,600.2,Our World in Data / WHO,2026-09-30 02:09:07
5699,SYR,Syria,1991,9.9,1244,7.63,7.63,15.3675,28.4299,5.5323,24.659,25.566,600.2,Our World in Data / WHO,2026-09-30 02:09:07
5700,SYR,Syria,1992,9.9,1244,7.63,7.63,15.7844,29.2011,5.6824,24.726,25.641,600.2,Our World in Data / WHO,2026-09-30 02:09:07
5701,SYR,Syria,1993,9.9,1244,7.63,7.63,16.2125,29.9931,5.8365,24.794,25.718,600.2,Our World in Data / WHO,2026-09-30 02:09:07
5702,SYR,Syria,1994,9.9,1244,7.63,7.63,16.6579,30.8171,5.9968,24.865,25.798,600.2,Our World in Data / WHO,2026-09-30 02:09:07
5703,SYR,Syria,1995,9.9,1244,7.63,7.63,17.1265,31.684,6.1655,24.94,25.883,600.2,Our World in Data / WHO,2026-09-30 02:09:07
5704,SYR,Syria,1996,9.9,1244,7.63,7.63,17.6188,32.5948,6.3428,25.019,25.971,600.2,Our World in Data / WHO,2026-09-30 02:09:07
5705,SYR,Syria,1997,9.9,1244,7.63,7.63,18.1337,33.5473,6.5281,25.101,26.064,600.2,Our World in Data / WHO,2026-09-30 02:09:07
5706,SYR,Syria,1998,9.9,1244,7.63,7.63,18.6682,34.5362,6.7206,25.187,26.16,600.2,Our World in Data / WHO,2026-09-30 02:09:07
5707,SYR,Syria,1999,9.9,1244,7.63,7.63,19.2196,35.5563,6.9191,25.275,26.26,600.2,Our World in Data / WHO,2026-09-30 02:09:07
5708,SYR,Syria,2000,9.9,1244,7.63,7.63,19.7894,36.6104,7.1242,25.366,26.362,600.2,Our World in Data / WHO,2026-09-30 02:09:07
5709,SYR,Syria,2001,9.9,1187,7.09,7.09,20.3666,37.6782,7.332,25.459,26.466,600.2,Our World in Data / WHO,2026-09-30 02:09:07
5710,SYR,Syria,2002,9.9,1212,7.06,7.06,20.941,38.7408,7.5388,25.551,26.569,600.2,Our World in Data / WHO,2026-09-30 02:09:07
5711,SYR,Syria,2003,9.9,1168,6.63,6.63,21.5031,39.7807,7.7411,25.64,26.671,600.2,Our World in Data / WHO,2026-09-30 02:09:07
5712,SYR,Syria,2004,9.9,1191,6.59,6.59,22.0392,40.7725,7.9341,25.726,26.767,600.2,Our World in Data / WHO,2026-09-30 02:09:07
5713,SYR,Syria,2005,9.9,1194,6.43,6.43,22.5488,41.7153,8.1176,25.808,26.859,600.2,Our World in Data / WHO,2026-09-30 02:09:07
5714,SYR,Syria,2006,9.9,1226,6.31,6.31,22.9875,42.5269,8.2755,25.878,26.938,600.2,Our World in Data / WHO,2026-09-30 02:09:07
5715,SYR,Syria,2007,9.9,1276,6.16,6.16,23.3745,43.2428,8.4148,25.94,27.007,600.2,Our World in Data / WHO,2026-09-30 02:09:07
5716,SYR,Syria,2008,9.9,1355,6.31,6.31,23.8949,44.2056,8.6022,26.023,27.101,600.2,Our World in Data / WHO,2026-09-30 02:09:07
5717,SYR,Syria,2009,9.9,1399,6.41,6.41,24.5074,45.3387,8.8227,26.121,27.211,600.2,Our World in Data / WHO,2026-09-30 02:09:07
5718,SYR,Syria,2010,9.9,1507,6.75,6.75,25.0916,46.4195,9.033,26.215,27.316,600.2,Our World in Data / WHO,2026-09-30 02:09:07
5719,SYR,Syria,2011,9.9,1581,6.96,6.96,25.6883,47.5234,9.2478,26.31,27.424,600.2,Our World in Data / WHO,2026-09-30 02:09:07
5720,SYR,Syria,2012,9.9,1620,7.17,7.17,26.377,48.7974,9.4957,26.42,27.548,600.2,Our World in Data / WHO,2026-09-30 02:09:07
5721,SYR,Syria,2013,9.9,1653,7.69,7.69,27.3,50.505,9.828,26.568,27.714,600.2,Our World in Data / WHO,2026-09-30 02:09:07
5722,SYR,Syria,2014,9.9,1652,8.23,8.23,28.3456,52.4394,10.2044,26.735,27.902,600.2,Our World in Data / WHO,2026-09-30 02:09:07
5723,SYR,Syria,2015,9.9,1651,8.6,8.6,29.1912,54.0037,10.5088,26.871,28.054,600.2,Our World in Data / WHO,2026-09-30 02:09:07
5724,SYR,Syria,2016,9.9,1658,8.74,8.74,29.7047,54.9537,10.6937,26.953,28.147,600.2,Our World in Data / WHO,2026-09-30 02:09:07
5725,SYR,Syria,2017,9.9,1716,9.04,9.04,29.9888,55.4793,10.796,26.998,28.198,600.2,Our World in Data / WHO,2026-09-30 02:09:07
5726,SYR,Syria,2018,9.9,1790,9.26,9.26,30.0342,55.5633,10.8123,27.005,28.206,600.2,Our World in Data / WHO,2026-09-30 02:09:07
5727,SYR,Syria,2019,9.9,1828,9.1,9.1,29.8913,55.2989,10.7609,26.983,28.18,600.2,Our World in Data / WHO,2026-09-30 02:09:07
5728,SYR,Syria,2020,9.9,1961,9.44,9.44,29.8309,55.1872,10.7391,26.973,28.17,600.2,Our World in Data / WHO,2026-09-30 02:09:07
5729,SYR,Syria,2021,9.9,1986,9.31,9.31,29.8539,55.2297,10.7474,26.977,28.174,600.2,Our World in Data / WHO,2026-09-30 02:09:07
5730,SYR,Syria,2022,9.9,1986,9.31,9.31,29.846,55.2151,10.7446,26.975,28.172,600.2,Our World in Data / WHO,2026-09-30 02:09:07
5731,TCD,Chad,1990,3.9,921,11.15,11.15,0.7936,6.0,0.2857,22.327,22.943,312.2,Our World in Data / WHO,2026-09-30 02:09:07
5732,TCD,Chad,1991,3.9,921,11.15,11.15,0.8537,6.0,0.3073,22.337,22.954,312.2,Our World in Data / WHO,2026-09-30 02:09:07
5733,TCD,Chad,1992,3.9,921,11.15,11.15,0.9195,6.0,0.331,22.347,22.966,312.2,Our World in Data / WHO,2026-09-30 02:09:07
5734,TCD,Chad,1993,3.9,921,11.15,11.15,0.9969,6.0,0.3589,22.36,22.979,312.2,Our World in Data / WHO,2026-09-30 02:09:07
5735,TCD,Chad,1994,3.9,921,11.15,11.15,1.0824,6.0,0.3897,22.373,22.995,312.2,Our World in Data / WHO,2026-09-30 02:09:07
5736,TCD,Chad,1995,3.9,921,11.15,11.15,1.1722,6.0,0.422,22.388,23.011,312.2,Our World in Data / WHO,2026-09-30 02:09:07
5737,TCD,Chad,1996,3.9,921,11.15,11.15,1.2736,6.0,0.4585,22.404,23.029,312.2,Our World in Data / WHO,2026-09-30 02:09:07
5738,TCD,Chad,1997,3.9,921,11.15,11.15,1.3903,6.0,0.5005,22.422,23.05,312.2,Our World in Data / WHO,2026-09-30 02:09:07
5739,TCD,Chad,1998,3.9,921,11.15,11.15,1.5199,6.0,0.5472,22.443,23.074,312.2,Our World in Data / WHO,2026-09-30 02:09:07
5740,TCD,Chad,1999,3.9,921,11.15,11.15,1.6636,6.0,0.5989,22.466,23.099,312.2,Our World in Data / WHO,2026-09-30 02:09:07
5741,TCD,Chad,2000,3.9,921,11.15,11.15,1.8214,6.0,0.6557,22.491,23.128,312.2,Our World in Data / WHO,2026-09-30 02:09:07
5742,TCD,Chad,2001,3.9,936,10.96,10.96,1.9866,6.0,0.7152,22.518,23.158,312.2,Our World in Data / WHO,2026-09-30 02:09:07
5743,TCD,Chad,2002,3.9,986,11.15,11.15,2.1567,6.0,0.7764,22.545,23.188,312.2,Our World in Data / WHO,2026-09-30 02:09:07
5744,TCD,Chad,2003,3.9,995,10.82,10.82,2.3338,6.0,0.8402,22.573,23.22,312.2,Our World in Data / WHO,2026-09-30 02:09:07
5745,TCD,Chad,2004,3.9,1040,10.82,10.82,2.5155,6.0,0.9056,22.602,23.253,312.2,Our World in Data / WHO,2026-09-30 02:09:07
5746,TCD,Chad,2005,3.9,1105,11.05,11.05,2.6995,6.0,0.9718,22.632,23.286,312.2,Our World in Data / WHO,2026-09-30 02:09:07
5747,TCD,Chad,2006,3.9,1141,11.01,11.01,2.8806,6.0,1.037,22.661,23.319,312.2,Our World in Data / WHO,2026-09-30 02:09:07
5748,TCD,Chad,2007,3.9,1168,10.89,10.89,3.055,6.0,1.0998,22.689,23.35,312.2,Our World in Data / WHO,2026-09-30 02:09:07
5749,TCD,Chad,2008,3.9,1217,10.96,10.96,3.2208,6.0,1.1595,22.715,23.38,312.2,Our World in Data / WHO,2026-09-30 02:09:07
5750,TCD,Chad,2009,3.9,1259,10.95,10.95,3.376,6.2456,1.2154,22.74,23.408,312.2,Our World in Data / WHO,2026-09-30 02:09:07
5751,TCD,Chad,2010,3.9,1298,10.92,10.92,3.5178,6.5079,1.2664,22.763,23.433,312.2,Our World in Data / WHO,2026-09-30 02:09:07
5752,TCD,Chad,2011,3.9,1328,10.78,10.78,3.6451,6.7434,1.3122,22.783,23.456,312.2,Our World in Data / WHO,2026-09-30 02:09:07
5753,TCD,Chad,2012,3.9,1361,10.67,10.67,3.7708,6.976,1.3575,22.803,23.479,312.2,Our World in Data / WHO,2026-09-30 02:09:07
5754,TCD,Chad,2013,3.9,1398,10.58,10.58,3.9054,7.225,1.4059,22.825,23.503,312.2,Our World in Data / WHO,2026-09-30 02:09:07
5755,TCD,Chad,2014,3.9,1436,10.48,10.48,4.0492,7.491,1.4577,22.848,23.529,312.2,Our World in Data / WHO,2026-09-30 02:09:07
5756,TCD,Chad,2015,3.9,1450,10.25,10.25,4.2074,7.7837,1.5147,22.873,23.557,312.2,Our World in Data / WHO,2026-09-30 02:09:07
5757,TCD,Chad,2016,3.9,1478,10.13,10.13,4.3799,8.1028,1.5768,22.901,23.588,312.2,Our World in Data / WHO,2026-09-30 02:09:07
5758,TCD,Chad,2017,3.9,1535,10.18,10.18,4.5665,8.448,1.6439,22.931,23.622,312.2,Our World in Data / WHO,2026-09-30 02:09:07
5759,TCD,Chad,2018,3.9,1602,10.27,10.27,4.771,8.8264,1.7176,22.963,23.659,312.2,Our World in Data / WHO,2026-09-30 02:09:07
5760,TCD,Chad,2019,3.9,1651,10.24,10.24,4.9942,9.2393,1.7979,22.999,23.699,312.2,Our World in Data / WHO,2026-09-30 02:09:07
5761,TCD,Chad,2020,3.9,1783,10.71,10.71,5.2339,9.6827,1.8842,23.037,23.742,312.2,Our World in Data / WHO,2026-09-30 02:09:07
5762,TCD,Chad,2021,3.9,1713,9.97,9.97,5.4851,10.1474,1.9746,23.078,23.787,312.2,Our World in Data / WHO,2026-09-30 02:09:07
5763,TCD,Chad,2022,3.9,1713,9.97,9.97,5.7518,10.6408,2.0706,23.12,23.835,312.2,Our World in Data / WHO,2026-09-30 02:09:07
5764,TGO,Togo,1990,3.3,630,12.58,12.58,1.3229,6.0,0.4762,22.412,23.038,283.4,Our World in Data / WHO,2026-09-30 02:09:07
5765,TGO,Togo,1991,3.3,630,12.58,12.58,1.4185,6.0,0.5107,22.427,23.055,283.4,Our World in Data / WHO,2026-09-30 02:09:07
5766,TGO,Togo,1992,3.3,630,12.58,12.58,1.5226,6.0,0.5481,22.444,23.074,283.4,Our World in Data / WHO,2026-09-30 02:09:07
5767,TGO,Togo,1993,3.3,630,12.58,12.58,1.6726,6.0,0.6021,22.468,23.101,283.4,Our World in Data / WHO,2026-09-30 02:09:07
5768,TGO,Togo,1994,3.3,630,12.58,12.58,1.8193,6.0,0.6549,22.491,23.127,283.4,Our World in Data / WHO,2026-09-30 02:09:07
5769,TGO,Togo,1995,3.3,630,12.58,12.58,1.926,6.0,0.6934,22.508,23.147,283.4,Our World in Data / WHO,2026-09-30 02:09:07
5770,TGO,Togo,1996,3.3,630,12.58,12.58,2.0582,6.0,0.741,22.529,23.17,283.4,Our World in Data / WHO,2026-09-30 02:09:07
5771,TGO,Togo,1997,3.3,630,12.58,12.58,2.233,6.0,0.8039,22.557,23.202,283.4,Our World in Data / WHO,2026-09-30 02:09:07
5772,TGO,Togo,1998,3.3,630,12.58,12.58,2.4494,6.0,0.8818,22.592,23.241,283.4,Our World in Data / WHO,2026-09-30 02:09:07
5773,TGO,Togo,1999,3.3,630,12.58,12.58,2.675,6.0,0.963,22.628,23.282,283.4,Our World in Data / WHO,2026-09-30 02:09:07
5774,TGO,Togo,2000,3.3,630,12.58,12.58,2.9099,6.0,1.0476,22.666,23.324,283.4,Our World in Data / WHO,2026-09-30 02:09:07
5775,TGO,Togo,2001,3.3,663,12.88,12.88,3.1605,6.0,1.1378,22.706,23.369,283.4,Our World in Data / WHO,2026-09-30 02:09:07
5776,TGO,Togo,2002,3.3,693,13.12,13.12,3.4254,6.337,1.2331,22.748,23.417,283.4,Our World in Data / WHO,2026-09-30 02:09:07
5777,TGO,Togo,2003,3.3,726,13.39,13.39,3.7015,6.8478,1.3325,22.792,23.466,283.4,Our World in Data / WHO,2026-09-30 02:09:07
5778,TGO,Togo,2004,3.3,741,13.32,13.32,3.9847,7.3717,1.4345,22.838,23.517,283.4,Our World in Data / WHO,2026-09-30 02:09:07
5779,TGO,Togo,2005,3.3,767,13.43,13.43,4.2706,7.9006,1.5374,22.883,23.569,283.4,Our World in Data / WHO,2026-09-30 02:09:07
5780,TGO,Togo,2006,3.3,798,13.58,13.58,4.5589,8.434,1.6412,22.929,23.621,283.4,Our World in Data / WHO,2026-09-30 02:09:07
5781,TGO,Togo,2007,3.3,823,13.61,13.61,4.8535,8.979,1.7473,22.977,23.674,283.4,Our World in Data / WHO,2026-09-30 02:09:07
5782,TGO,Togo,2008,3.3,870,13.98,13.98,5.1565,9.5395,1.8563,23.025,23.728,283.4,Our World in Data / WHO,2026-09-30 02:09:07
5783,TGO,Togo,2009,3.3,905,14.14,14.14,5.4683,10.1164,1.9686,23.075,23.784,283.4,Our World in Data / WHO,2026-09-30 02:09:07
5784,TGO,Togo,2010,3.3,933,14.2,14.2,5.7866,10.7052,2.0832,23.126,23.842,283.4,Our World in Data / WHO,2026-09-30 02:09:07
5785,TGO,Togo,2011,3.3,965,14.29,14.29,6.1023,11.2893,2.1968,23.176,23.898,283.4,Our World in Data / WHO,2026-09-30 02:09:07
5786,TGO,Togo,2012,3.3,990,14.3,14.3,6.4228,11.8822,2.3122,23.228,23.956,283.4,Our World in Data / WHO,2026-09-30 02:09:07
5787,TGO,Togo,2013,3.3,1025,14.43,14.43,6.7637,12.5128,2.4349,23.282,24.017,283.4,Our World in Data / WHO,2026-09-30 02:09:07
5788,TGO,Togo,2014,3.3,1058,14.51,14.51,7.1281,13.187,2.5661,23.34,24.083,283.4,Our World in Data / WHO,2026-09-30 02:09:07
5789,TGO,Togo,2015,3.3,1092,14.62,14.62,7.5179,13.9081,2.7064,23.403,24.153,283.4,Our World in Data / WHO,2026-09-30 02:09:07
5790,TGO,Togo,2016,3.3,1140,14.88,14.88,7.93,14.6705,2.8548,23.469,24.227,283.4,Our World in Data / WHO,2026-09-30 02:09:07
5791,TGO,Togo,2017,3.3,1171,14.92,14.92,8.3614,15.4686,3.0101,23.538,24.305,283.4,Our World in Data / WHO,2026-09-30 02:09:07
5792,TGO,Togo,2018,3.3,1207,14.99,14.99,8.8152,16.3081,3.1735,23.61,24.387,283.4,Our World in Data / WHO,2026-09-30 02:09:07
5793,TGO,Togo,2019,3.3,1234,14.96,14.96,9.3036,17.2117,3.3493,23.689,24.475,283.4,Our World in Data / WHO,2026-09-30 02:09:07
5794,TGO,Togo,2020,3.3,1300,15.4,15.4,9.8354,18.1955,3.5407,23.774,24.57,283.4,Our World in Data / WHO,2026-09-30 02:09:07
5795,TGO,Togo,2021,3.3,1312,15.18,15.18,10.4069,19.2528,3.7465,23.865,24.673,283.4,Our World in Data / WHO,2026-09-30 02:09:07
5796,TGO,Togo,2022,3.3,1312,15.18,15.18,11.0076,20.3641,3.9627,23.961,24.781,283.4,Our World in Data / WHO,2026-09-30 02:09:07
5797,THA,Thailand,1990,7.5,10879,17.25,17.25,3.1482,6.0,1.1334,22.704,23.367,485.0,Our World in Data / WHO,2026-09-30 02:09:07
5798,THA,Thailand,1991,7.5,10879,17.25,17.25,3.3351,6.1699,1.2006,22.734,23.4,485.0,Our World in Data / WHO,2026-09-30 02:09:07
5799,THA,Thailand,1992,7.5,10879,17.25,17.25,3.5341,6.5381,1.2723,22.765,23.436,485.0,Our World in Data / WHO,2026-09-30 02:09:07
5800,THA,Thailand,1993,7.5,10879,17.25,17.25,3.7437,6.9258,1.3477,22.799,23.474,485.0,Our World in Data / WHO,2026-09-30 02:09:07
5801,THA,Thailand,1994,7.5,10879,17.25,17.25,3.9636,7.3327,1.4269,22.834,23.513,485.0,Our World in Data / WHO,2026-09-30 02:09:07
5802,THA,Thailand,1995,7.5,10879,17.25,17.25,4.1935,7.758,1.5097,22.871,23.555,485.0,Our World in Data / WHO,2026-09-30 02:09:07
5803,THA,Thailand,1996,7.5,10879,17.25,17.25,4.4313,8.1979,1.5953,22.909,23.598,485.0,Our World in Data / WHO,2026-09-30 02:09:07
5804,THA,Thailand,1997,7.5,10879,17.25,17.25,4.6746,8.648,1.6829,22.948,23.641,485.0,Our World in Data / WHO,2026-09-30 02:09:07
5805,THA,Thailand,1998,7.5,10879,17.25,17.25,4.922,9.1057,1.7719,22.988,23.686,485.0,Our World in Data / WHO,2026-09-30 02:09:07
5806,THA,Thailand,1999,7.5,10879,17.25,17.25,5.1735,9.571,1.8625,23.028,23.731,485.0,Our World in Data / WHO,2026-09-30 02:09:07
5807,THA,Thailand,2000,7.5,10879,17.25,17.25,5.4203,10.0276,1.9513,23.067,23.776,485.0,Our World in Data / WHO,2026-09-30 02:09:07
5808,THA,Thailand,2001,7.5,10996,17.28,17.28,5.6634,10.4773,2.0388,23.106,23.819,485.0,Our World in Data / WHO,2026-09-30 02:09:07
5809,THA,Thailand,2002,7.5,11997,18.68,18.68,5.9137,10.9403,2.1289,23.146,23.864,485.0,Our World in Data / WHO,2026-09-30 02:09:07
5810,THA,Thailand,2003,7.5,12558,19.39,19.39,6.1759,11.4254,2.2233,23.188,23.912,485.0,Our World in Data / WHO,2026-09-30 02:09:07
5811,THA,Thailand,2004,7.5,13338,20.42,20.42,6.4543,11.9405,2.3235,23.233,23.962,485.0,Our World in Data / WHO,2026-09-30 02:09:07
5812,THA,Thailand,2005,7.5,13633,20.71,20.71,6.7495,12.4866,2.4298,23.28,24.015,485.0,Our World in Data / WHO,2026-09-30 02:09:07
5813,THA,Thailand,2006,7.5,14135,21.31,21.31,7.063,13.0666,2.5427,23.33,24.071,485.0,Our World in Data / WHO,2026-09-30 02:09:07
5814,THA,Thailand,2007,7.5,14245,21.32,21.32,7.3961,13.6828,2.6626,23.383,24.131,485.0,Our World in Data / WHO,2026-09-30 02:09:07
5815,THA,Thailand,2008,7.5,14350,21.31,21.31,7.7505,14.3384,2.7902,23.44,24.195,485.0,Our World in Data / WHO,2026-09-30 02:09:07
5816,THA,Thailand,2009,7.5,14376,21.2,21.2,8.1212,15.0242,2.9236,23.499,24.262,485.0,Our World in Data / WHO,2026-09-30 02:09:07
5817,THA,Thailand,2010,7.5,15064,22.06,22.06,8.5046,15.7335,3.0617,23.561,24.331,485.0,Our World in Data / WHO,2026-09-30 02:09:07
5818,THA,Thailand,2011,7.5,15338,22.32,22.32,8.9034,16.4713,3.2052,23.625,24.403,485.0,Our World in Data / WHO,2026-09-30 02:09:07
5819,THA,Thailand,2012,7.5,15587,22.54,22.54,9.3192,17.2405,3.3549,23.691,24.477,485.0,Our World in Data / WHO,2026-09-30 02:09:07
5820,THA,Thailand,2013,7.5,16102,23.14,23.14,9.7516,18.0405,3.5106,23.76,24.555,485.0,Our World in Data / WHO,2026-09-30 02:09:07
5821,THA,Thailand,2014,7.5,17254,24.66,24.66,10.1991,18.8683,3.6717,23.832,24.636,485.0,Our World in Data / WHO,2026-09-30 02:09:07
5822,THA,Thailand,2015,7.5,18222,25.92,25.92,10.6659,19.7319,3.8397,23.907,24.72,485.0,Our World in Data / WHO,2026-09-30 02:09:07
5823,THA,Thailand,2016,7.5,19662,27.85,27.85,11.1532,20.6334,4.0152,23.985,24.808,485.0,Our World in Data / WHO,2026-09-30 02:09:07
5824,THA,Thailand,2017,7.5,20595,29.05,29.05,11.6574,21.5662,4.1967,24.065,24.898,485.0,Our World in Data / WHO,2026-09-30 02:09:07
5825,THA,Thailand,2018,7.5,22150,31.14,31.14,12.1726,22.5193,4.3821,24.148,24.991,485.0,Our World in Data / WHO,2026-09-30 02:09:07
5826,THA,Thailand,2019,7.5,24021,33.69,33.69,12.6953,23.4863,4.5703,24.231,25.085,485.0,Our World in Data / WHO,2026-09-30 02:09:07
5827,THA,Thailand,2020,7.5,25340,35.45,35.45,13.2303,24.4761,4.7629,24.317,25.181,485.0,Our World in Data / WHO,2026-09-30 02:09:07
5828,THA,Thailand,2021,7.5,26245,36.65,36.65,13.781,25.4949,4.9612,24.405,25.281,485.0,Our World in Data / WHO,2026-09-30 02:09:07
5829,THA,Thailand,2022,7.5,26245,36.65,36.65,14.3475,26.5429,5.1651,24.496,25.383,485.0,Our World in Data / WHO,2026-09-30 02:09:07
5830,TJK,Tajikistan,1990,6.3,449,7.16,7.16,6.4168,11.8711,2.31,23.227,23.955,427.4,Our World in Data / WHO,2026-09-30 02:09:07
5831,TJK,Tajikistan,1991,6.3,449,7.16,7.16,6.5559,12.1284,2.3601,23.249,23.98,427.4,Our World in Data / WHO,2026-09-30 02:09:07
5832,TJK,Tajikistan,1992,6.3,449,7.16,7.16,6.7037,12.4018,2.4133,23.273,24.007,427.4,Our World in Data / WHO,2026-09-30 02:09:07
5833,TJK,Tajikistan,1993,6.3,449,7.16,7.16,6.8586,12.6884,2.4691,23.297,24.035,427.4,Our World in Data / WHO,2026-09-30 02:09:07
5834,TJK,Tajikistan,1994,6.3,449,7.16,7.16,7.0299,13.0053,2.5308,23.325,24.065,427.4,Our World in Data / WHO,2026-09-30 02:09:07
5835,TJK,Tajikistan,1995,6.3,449,7.16,7.16,7.2215,13.3598,2.5997,23.355,24.1,427.4,Our World in Data / WHO,2026-09-30 02:09:07
5836,TJK,Tajikistan,1996,6.3,449,7.16,7.16,7.4377,13.7597,2.6776,23.39,24.139,427.4,Our World in Data / WHO,2026-09-30 02:09:07
5837,TJK,Tajikistan,1997,6.3,449,7.16,7.16,7.6451,14.1434,2.7522,23.423,24.176,427.4,Our World in Data / WHO,2026-09-30 02:09:07
5838,TJK,Tajikistan,1998,6.3,449,7.16,7.16,7.8354,14.4955,2.8207,23.454,24.21,427.4,Our World in Data / WHO,2026-09-30 02:09:07
5839,TJK,Tajikistan,1999,6.3,449,7.16,7.16,8.0307,14.8568,2.8911,23.485,24.246,427.4,Our World in Data / WHO,2026-09-30 02:09:07
5840,TJK,Tajikistan,2000,6.3,449,7.16,7.16,8.2776,15.3136,2.9799,23.524,24.29,427.4,Our World in Data / WHO,2026-09-30 02:09:07
5841,TJK,Tajikistan,2001,6.3,459,7.17,7.17,8.5841,15.8806,3.0903,23.573,24.345,427.4,Our World in Data / WHO,2026-09-30 02:09:07
5842,TJK,Tajikistan,2002,6.3,469,7.16,7.16,8.909,16.4817,3.2072,23.625,24.404,427.4,Our World in Data / WHO,2026-09-30 02:09:07
5843,TJK,Tajikistan,2003,6.3,475,7.11,7.11,9.2467,17.1064,3.3288,23.679,24.464,427.4,Our World in Data / WHO,2026-09-30 02:09:07
5844,TJK,Tajikistan,2004,6.3,489,7.19,7.19,9.599,17.7582,3.4556,23.736,24.528,427.4,Our World in Data / WHO,2026-09-30 02:09:07
5845,TJK,Tajikistan,2005,6.3,512,7.39,7.39,9.9735,18.451,3.5905,23.796,24.595,427.4,Our World in Data / WHO,2026-09-30 02:09:07
5846,TJK,Tajikistan,2006,6.3,523,7.41,7.41,10.3776,19.1986,3.7359,23.86,24.668,427.4,Our World in Data / WHO,2026-09-30 02:09:07
5847,TJK,Tajikistan,2007,6.3,543,7.56,7.56,10.8139,20.0057,3.893,23.93,24.747,427.4,Our World in Data / WHO,2026-09-30 02:09:07
5848,TJK,Tajikistan,2008,6.3,552,7.54,7.54,11.2807,20.8693,4.0611,24.005,24.831,427.4,Our World in Data / WHO,2026-09-30 02:09:07
5849,TJK,Tajikistan,2009,6.3,563,7.54,7.54,11.7822,21.7971,4.2416,24.085,24.921,427.4,Our World in Data / WHO,2026-09-30 02:09:07
5850,TJK,Tajikistan,2010,6.3,556,7.3,7.3,12.321,22.7938,4.4356,24.171,25.018,427.4,Our World in Data / WHO,2026-09-30 02:09:07
5851,TJK,Tajikistan,2011,6.3,560,7.2,7.2,12.8889,23.8445,4.64,24.262,25.12,427.4,Our World in Data / WHO,2026-09-30 02:09:07
5852,TJK,Tajikistan,2012,6.3,563,7.07,7.07,13.4628,24.9062,4.8466,24.354,25.223,427.4,Our World in Data / WHO,2026-09-30 02:09:07
5853,TJK,Tajikistan,2013,6.3,553,6.79,6.79,14.0395,25.9731,5.0542,24.446,25.327,427.4,Our World in Data / WHO,2026-09-30 02:09:07
5854,TJK,Tajikistan,2014,6.3,577,6.93,6.93,14.6355,27.0757,5.2688,24.542,25.434,427.4,Our World in Data / WHO,2026-09-30 02:09:07
5855,TJK,Tajikistan,2015,6.3,595,6.98,6.98,15.2522,28.2166,5.4908,24.64,25.545,427.4,Our World in Data / WHO,2026-09-30 02:09:07
5856,TJK,Tajikistan,2016,6.3,616,7.06,7.06,15.8695,29.3586,5.713,24.739,25.657,427.4,Our World in Data / WHO,2026-09-30 02:09:07
5857,TJK,Tajikistan,2017,6.3,622,6.97,6.97,16.4665,30.463,5.9279,24.835,25.764,427.4,Our World in Data / WHO,2026-09-30 02:09:07
5858,TJK,Tajikistan,2018,6.3,634,6.95,6.95,17.0525,31.5471,6.1389,24.928,25.869,427.4,Our World in Data / WHO,2026-09-30 02:09:07
5859,TJK,Tajikistan,2019,6.3,646,6.92,6.92,17.644,32.6414,6.3518,25.023,25.976,427.4,Our World in Data / WHO,2026-09-30 02:09:07
5860,TJK,Tajikistan,2020,6.3,640,6.71,6.71,18.2633,33.7871,6.5748,25.122,26.087,427.4,Our World in Data / WHO,2026-09-30 02:09:07
5861,TJK,Tajikistan,2021,6.3,690,7.08,7.08,18.9194,35.0009,6.811,25.227,26.205,427.4,Our World in Data / WHO,2026-09-30 02:09:07
5862,TJK,Tajikistan,2022,6.3,690,7.08,7.08,19.6066,36.2722,7.0584,25.337,26.329,427.4,Our World in Data / WHO,2026-09-30 02:09:07
5863,TKL,Tokelau,1990,7.5,977,16.34,16.34,52.1863,85.0,18.7871,30.55,32.194,485.0,Our World in Data / WHO,2026-09-30 02:09:07
5864,TKL,Tokelau,1991,7.5,977,16.34,16.34,53.5357,85.0,19.2729,30.766,32.436,485.0,Our World in Data / WHO,2026-09-30 02:09:07
5865,TKL,Tokelau,1992,7.5,977,16.34,16.34,54.524,85.0,19.6286,30.924,32.614,485.0,Our World in Data / WHO,2026-09-30 02:09:07
5866,TKL,Tokelau,1993,7.5,977,16.34,16.34,55.2371,85.0,19.8854,31.038,32.743,485.0,Our World in Data / WHO,2026-09-30 02:09:07
5867,TKL,Tokelau,1994,7.5,977,16.34,16.34,55.9752,85.0,20.1511,31.156,32.876,485.0,Our World in Data / WHO,2026-09-30 02:09:07
5868,TKL,Tokelau,1995,7.5,977,16.34,16.34,56.644,85.0,20.3918,31.263,32.996,485.0,Our World in Data / WHO,2026-09-30 02:09:07
5869,TKL,Tokelau,1996,7.5,977,16.34,16.34,57.3482,85.0,20.6454,31.376,33.123,485.0,Our World in Data / WHO,2026-09-30 02:09:07
5870,TKL,Tokelau,1997,7.5,977,16.34,16.34,57.9894,85.0,20.8762,31.478,33.238,485.0,Our World in Data / WHO,2026-09-30 02:09:07
5871,TKL,Tokelau,1998,7.5,977,16.34,16.34,58.5731,85.0,21.0863,31.572,33.343,485.0,Our World in Data / WHO,2026-09-30 02:09:07
5872,TKL,Tokelau,1999,7.5,977,16.34,16.34,59.1229,85.0,21.2842,31.66,33.442,485.0,Our World in Data / WHO,2026-09-30 02:09:07
5873,TKL,Tokelau,2000,7.5,955,16.06,16.06,59.7244,85.0,21.5008,31.756,33.55,485.0,Our World in Data / WHO,2026-09-30 02:09:07
5874,TKL,Tokelau,2001,7.5,994,15.845,15.845,60.4584,85.0,21.765,31.873,33.683,485.0,Our World in Data / WHO,2026-09-30 02:09:07
5875,TKL,Tokelau,2002,7.5,1034,16.275,16.275,61.1713,85.0,22.0217,31.987,33.811,485.0,Our World in Data / WHO,2026-09-30 02:09:07
5876,TKL,Tokelau,2003,7.5,1093,16.635,16.635,61.7703,85.0,22.2373,32.083,33.919,485.0,Our World in Data / WHO,2026-09-30 02:09:07
5877,TKL,Tokelau,2004,7.5,1121,17.05,17.05,62.3448,85.0,22.4441,32.175,34.022,485.0,Our World in Data / WHO,2026-09-30 02:09:07
5878,TKL,Tokelau,2005,7.5,1166,16.93,16.93,62.9789,85.0,22.6724,32.277,34.136,485.0,Our World in Data / WHO,2026-09-30 02:09:07
5879,TKL,Tokelau,2006,7.5,1200,16.885,16.885,63.5964,85.0,22.8947,32.375,34.247,485.0,Our World in Data / WHO,2026-09-30 02:09:07
5880,TKL,Tokelau,2007,7.5,1224,17.04,17.04,63.8493,85.0,22.9857,32.416,34.293,485.0,Our World in Data / WHO,2026-09-30 02:09:07
5881,TKL,Tokelau,2008,7.5,1223,17.395,17.395,63.8599,85.0,22.9896,32.418,34.295,485.0,Our World in Data / WHO,2026-09-30 02:09:07
5882,TKL,Tokelau,2009,7.5,1235,17.085,17.085,63.9446,85.0,23.0201,32.431,34.31,485.0,Our World in Data / WHO,2026-09-30 02:09:07
5883,TKL,Tokelau,2010,7.5,1292,17.32,17.32,64.0674,85.0,23.0643,32.451,34.332,485.0,Our World in Data / WHO,2026-09-30 02:09:07
5884,TKL,Tokelau,2011,7.5,1327,17.295,17.295,64.3047,85.0,23.1497,32.489,34.375,485.0,Our World in Data / WHO,2026-09-30 02:09:07
5885,TKL,Tokelau,2012,7.5,1329,17.42,17.42,64.5701,85.0,23.2452,32.531,34.423,485.0,Our World in Data / WHO,2026-09-30 02:09:07
5886,TKL,Tokelau,2013,7.5,1330,17.72,17.72,64.8343,85.0,23.3403,32.573,34.47,485.0,Our World in Data / WHO,2026-09-30 02:09:07
5887,TKL,Tokelau,2014,7.5,1358,17.835,17.835,65.185,85.0,23.4666,32.63,34.533,485.0,Our World in Data / WHO,2026-09-30 02:09:07
5888,TKL,Tokelau,2015,7.5,1404,18.37,18.37,65.6846,85.0,23.6465,32.71,34.623,485.0,Our World in Data / WHO,2026-09-30 02:09:07
5889,TKL,Tokelau,2016,7.5,1445,18.92,18.92,66.2734,85.0,23.8584,32.804,34.729,485.0,Our World in Data / WHO,2026-09-30 02:09:07
5890,TKL,Tokelau,2017,7.5,1479,18.82,18.82,66.7757,85.0,24.0393,32.884,34.82,485.0,Our World in Data / WHO,2026-09-30 02:09:07
5891,TKL,Tokelau,2018,7.5,1537,18.665,18.665,67.2739,85.0,24.2186,32.964,34.909,485.0,Our World in Data / WHO,2026-09-30 02:09:07
5892,TKL,Tokelau,2019,7.5,1583,19.66,19.66,67.9134,85.0,24.4488,33.066,35.024,485.0,Our World in Data / WHO,2026-09-30 02:09:07
5893,TKL,Tokelau,2020,7.5,1688,19.585,19.585,68.519,85.0,24.6668,33.163,35.133,485.0,Our World in Data / WHO,2026-09-30 02:09:07
5894,TKL,Tokelau,2021,7.5,1672,19.6,19.6,69.0624,85.0,24.8625,33.25,35.231,485.0,Our World in Data / WHO,2026-09-30 02:09:07
5895,TKL,Tokelau,2022,7.5,1687,19.6,19.6,69.4848,85.0,25.0145,33.318,35.307,485.0,Our World in Data / WHO,2026-09-30 02:09:07
5896,TKM,Turkmenistan,1990,2.7,353,7.72,7.72,7.6238,14.104,2.7446,23.42,24.172,254.6,Our World in Data / WHO,2026-09-30 02:09:07
5897,TKM,Turkmenistan,1991,2.7,353,7.72,7.72,7.7964,14.4233,2.8067,23.447,24.203,254.6,Our World in Data / WHO,2026-09-30 02:09:07
5898,TKM,Turkmenistan,1992,2.7,353,7.72,7.72,7.9812,14.7652,2.8732,23.477,24.237,254.6,Our World in Data / WHO,2026-09-30 02:09:07
5899,TKM,Turkmenistan,1993,2.7,353,7.72,7.72,8.1725,15.1191,2.9421,23.508,24.271,254.6,Our World in Data / WHO,2026-09-30 02:09:07
5900,TKM,Turkmenistan,1994,2.7,353,7.72,7.72,8.3732,15.4904,3.0144,23.54,24.307,254.6,Our World in Data / WHO,2026-09-30 02:09:07
5901,TKM,Turkmenistan,1995,2.7,353,7.72,7.72,8.5932,15.8974,3.0936,23.575,24.347,254.6,Our World in Data / WHO,2026-09-30 02:09:07
5902,TKM,Turkmenistan,1996,2.7,353,7.72,7.72,8.8278,16.3314,3.178,23.612,24.389,254.6,Our World in Data / WHO,2026-09-30 02:09:07
5903,TKM,Turkmenistan,1997,2.7,353,7.72,7.72,9.0738,16.7865,3.2666,23.652,24.433,254.6,Our World in Data / WHO,2026-09-30 02:09:07
5904,TKM,Turkmenistan,1998,2.7,353,7.72,7.72,9.3319,17.264,3.3595,23.693,24.48,254.6,Our World in Data / WHO,2026-09-30 02:09:07
5905,TKM,Turkmenistan,1999,2.7,353,7.72,7.72,9.5924,17.7459,3.4533,23.735,24.527,254.6,Our World in Data / WHO,2026-09-30 02:09:07
5906,TKM,Turkmenistan,2000,2.7,353,7.72,7.72,9.8549,18.2316,3.5478,23.777,24.574,254.6,Our World in Data / WHO,2026-09-30 02:09:07
5907,TKM,Turkmenistan,2001,2.7,351,7.57,7.57,10.1283,18.7374,3.6462,23.821,24.623,254.6,Our World in Data / WHO,2026-09-30 02:09:07
5908,TKM,Turkmenistan,2002,2.7,389,8.28,8.28,10.4132,19.2644,3.7488,23.866,24.674,254.6,Our World in Data / WHO,2026-09-30 02:09:07
5909,TKM,Turkmenistan,2003,2.7,413,8.68,8.68,10.7103,19.8141,3.8557,23.914,24.728,254.6,Our World in Data / WHO,2026-09-30 02:09:07
5910,TKM,Turkmenistan,2004,2.7,449,9.32,9.32,11.0254,20.397,3.9691,23.964,24.785,254.6,Our World in Data / WHO,2026-09-30 02:09:07
5911,TKM,Turkmenistan,2005,2.7,466,9.53,9.53,11.3604,21.0167,4.0897,24.018,24.845,254.6,Our World in Data / WHO,2026-09-30 02:09:07
5912,TKM,Turkmenistan,2006,2.7,462,9.32,9.32,11.7199,21.6818,4.2192,24.075,24.91,254.6,Our World in Data / WHO,2026-09-30 02:09:07
5913,TKM,Turkmenistan,2007,2.7,472,9.39,9.39,12.1045,22.3933,4.3576,24.137,24.979,254.6,Our World in Data / WHO,2026-09-30 02:09:07
5914,TKM,Turkmenistan,2008,2.7,503,9.86,9.86,12.5144,23.1516,4.5052,24.202,25.053,254.6,Our World in Data / WHO,2026-09-30 02:09:07
5915,TKM,Turkmenistan,2009,2.7,504,9.73,9.73,12.9481,23.954,4.6613,24.272,25.131,254.6,Our World in Data / WHO,2026-09-30 02:09:07
5916,TKM,Turkmenistan,2010,2.7,485,9.2,9.2,13.3984,24.787,4.8234,24.344,25.212,254.6,Our World in Data / WHO,2026-09-30 02:09:07
5917,TKM,Turkmenistan,2011,2.7,491,9.16,9.16,13.8616,25.644,4.9902,24.418,25.295,254.6,Our World in Data / WHO,2026-09-30 02:09:07
5918,TKM,Turkmenistan,2012,2.7,520,9.53,9.53,14.334,26.5179,5.1602,24.493,25.38,254.6,Our World in Data / WHO,2026-09-30 02:09:07
5919,TKM,Turkmenistan,2013,2.7,560,10.07,10.07,14.8149,27.4076,5.3334,24.57,25.467,254.6,Our World in Data / WHO,2026-09-30 02:09:07
5920,TKM,Turkmenistan,2014,2.7,657,11.59,11.59,15.3016,28.308,5.5086,24.648,25.554,254.6,Our World in Data / WHO,2026-09-30 02:09:07
5921,TKM,Turkmenistan,2015,2.7,730,12.66,12.66,15.8006,29.2311,5.6882,24.728,25.644,254.6,Our World in Data / WHO,2026-09-30 02:09:07
5922,TKM,Turkmenistan,2016,2.7,750,12.79,12.79,16.3203,30.1926,5.8753,24.811,25.738,254.6,Our World in Data / WHO,2026-09-30 02:09:07
5923,TKM,Turkmenistan,2017,2.7,780,13.06,13.06,16.8527,31.1775,6.067,24.896,25.833,254.6,Our World in Data / WHO,2026-09-30 02:09:07
5924,TKM,Turkmenistan,2018,2.7,802,13.22,13.22,17.3989,32.188,6.2636,24.984,25.932,254.6,Our World in Data / WHO,2026-09-30 02:09:07
5925,TKM,Turkmenistan,2019,2.7,830,13.48,13.48,17.9678,33.2404,6.4684,25.075,26.034,254.6,Our World in Data / WHO,2026-09-30 02:09:07
5926,TKM,Turkmenistan,2020,2.7,883,14.12,14.12,18.566,34.3471,6.6838,25.171,26.142,254.6,Our World in Data / WHO,2026-09-30 02:09:07
5927,TKM,Turkmenistan,2021,2.7,914,14.41,14.41,19.1936,35.5082,6.9097,25.271,26.255,254.6,Our World in Data / WHO,2026-09-30 02:09:07
5928,TKM,Turkmenistan,2022,2.7,914,14.41,14.41,19.8503,36.7231,7.1461,25.376,26.373,254.6,Our World in Data / WHO,2026-09-30 02:09:07
5929,TLS,East Timor,1990,7.5,64,7.29,7.29,0.2581,6.0,0.0929,22.241,22.846,485.0,Our World in Data / WHO,2026-09-30 02:09:07
5930,TLS,East Timor,1991,7.5,64,7.29,7.29,0.2734,6.0,0.0984,22.244,22.849,485.0,Our World in Data / WHO,2026-09-30 02:09:07
5931,TLS,East Timor,1992,7.5,64,7.29,7.29,0.2921,6.0,0.1052,22.247,22.853,485.0,Our World in Data / WHO,2026-09-30 02:09:07
5932,TLS,East Timor,1993,7.5,64,7.29,7.29,0.3124,6.0,0.1125,22.25,22.856,485.0,Our World in Data / WHO,2026-09-30 02:09:07
5933,TLS,East Timor,1994,7.5,64,7.29,7.29,0.3341,6.0,0.1203,22.253,22.86,485.0,Our World in Data / WHO,2026-09-30 02:09:07
5934,TLS,East Timor,1995,7.5,64,7.29,7.29,0.3575,6.0,0.1287,22.257,22.864,485.0,Our World in Data / WHO,2026-09-30 02:09:07
5935,TLS,East Timor,1996,7.5,64,7.29,7.29,0.3825,6.0,0.1377,22.261,22.869,485.0,Our World in Data / WHO,2026-09-30 02:09:07
5936,TLS,East Timor,1997,7.5,64,7.29,7.29,0.4093,6.0,0.1473,22.265,22.874,485.0,Our World in Data / WHO,2026-09-30 02:09:07
5937,TLS,East Timor,1998,7.5,64,7.29,7.29,0.4379,6.0,0.1576,22.27,22.879,485.0,Our World in Data / WHO,2026-09-30 02:09:07
5938,TLS,East Timor,1999,7.5,64,7.29,7.29,0.4687,6.0,0.1687,22.275,22.884,485.0,Our World in Data / WHO,2026-09-30 02:09:07
5939,TLS,East Timor,2000,7.5,64,7.29,7.29,0.5018,6.0,0.1806,22.28,22.89,485.0,Our World in Data / WHO,2026-09-30 02:09:07
5940,TLS,East Timor,2001,7.5,67,7.45,7.45,0.5362,6.0,0.193,22.286,22.897,485.0,Our World in Data / WHO,2026-09-30 02:09:07
5941,TLS,East Timor,2002,7.5,65,7.1,7.1,0.5729,6.0,0.2062,22.292,22.903,485.0,Our World in Data / WHO,2026-09-30 02:09:07
5942,TLS,East Timor,2003,7.5,72,7.75,7.75,0.6121,6.0,0.2204,22.298,22.91,485.0,Our World in Data / WHO,2026-09-30 02:09:07
5943,TLS,East Timor,2004,7.5,78,8.23,8.23,0.6545,6.0,0.2356,22.305,22.918,485.0,Our World in Data / WHO,2026-09-30 02:09:07
5944,TLS,East Timor,2005,7.5,82,8.41,8.41,0.6995,6.0,0.2518,22.312,22.926,485.0,Our World in Data / WHO,2026-09-30 02:09:07
5945,TLS,East Timor,2006,7.5,84,8.49,8.49,0.7477,6.0,0.2692,22.32,22.935,485.0,Our World in Data / WHO,2026-09-30 02:09:07
5946,TLS,East Timor,2007,7.5,89,8.71,8.71,0.8,6.0,0.288,22.328,22.944,485.0,Our World in Data / WHO,2026-09-30 02:09:07
5947,TLS,East Timor,2008,7.5,95,9.15,9.15,0.8572,6.0,0.3086,22.337,22.954,485.0,Our World in Data / WHO,2026-09-30 02:09:07
5948,TLS,East Timor,2009,7.5,120,11.22,11.22,0.919,6.0,0.3308,22.347,22.965,485.0,Our World in Data / WHO,2026-09-30 02:09:07
5949,TLS,East Timor,2010,7.5,123,11.28,11.28,0.987,6.0,0.3553,22.358,22.978,485.0,Our World in Data / WHO,2026-09-30 02:09:07
5950,TLS,East Timor,2011,7.5,129,11.58,11.58,1.0652,6.0,0.3835,22.37,22.992,485.0,Our World in Data / WHO,2026-09-30 02:09:07
5951,TLS,East Timor,2012,7.5,129,11.33,11.33,1.1543,6.0,0.4155,22.385,23.008,485.0,Our World in Data / WHO,2026-09-30 02:09:07
5952,TLS,East Timor,2013,7.5,135,11.66,11.66,1.2539,6.0,0.4514,22.401,23.026,485.0,Our World in Data / WHO,2026-09-30 02:09:07
5953,TLS,East Timor,2014,7.5,143,12.04,12.04,1.3645,6.0,0.4912,22.418,23.046,485.0,Our World in Data / WHO,2026-09-30 02:09:07
5954,TLS,East Timor,2015,7.5,139,11.5,11.5,1.4875,6.0,0.5355,22.438,23.068,485.0,Our World in Data / WHO,2026-09-30 02:09:07
5955,TLS,East Timor,2016,7.5,145,11.82,11.82,1.6245,6.0,0.5848,22.46,23.092,485.0,Our World in Data / WHO,2026-09-30 02:09:07
5956,TLS,East Timor,2017,7.5,146,11.72,11.72,1.7764,6.0,0.6395,22.484,23.12,485.0,Our World in Data / WHO,2026-09-30 02:09:07
5957,TLS,East Timor,2018,7.5,152,12.08,12.08,1.9434,6.0,0.6996,22.511,23.15,485.0,Our World in Data / WHO,2026-09-30 02:09:07
5958,TLS,East Timor,2019,7.5,160,12.46,12.46,2.1263,6.0,0.7655,22.54,23.183,485.0,Our World in Data / WHO,2026-09-30 02:09:07
5959,TLS,East Timor,2020,7.5,146,11.21,11.21,2.3253,6.0,0.8371,22.572,23.219,485.0,Our World in Data / WHO,2026-09-30 02:09:07
5960,TLS,East Timor,2021,7.5,160,12.1,12.1,2.5406,6.0,0.9146,22.606,23.257,485.0,Our World in Data / WHO,2026-09-30 02:09:07
5961,TLS,East Timor,2022,7.5,160,12.1,12.1,2.7715,6.0,0.9977,22.643,23.299,485.0,Our World in Data / WHO,2026-09-30 02:09:07
5962,TON,Tonga,1990,11.5,68,66.29,66.29,44.5153,82.3533,16.0255,29.322,30.813,677.0,Our World in Data / WHO,2026-09-30 02:09:07
5963,TON,Tonga,1991,11.5,68,66.29,66.29,45.3638,83.923,16.331,29.458,30.965,677.0,Our World in Data / WHO,2026-09-30 02:09:07
5964,TON,Tonga,1992,11.5,68,66.29,66.29,46.2075,85.0,16.6347,29.593,31.117,677.0,Our World in Data / WHO,2026-09-30 02:09:07
5965,TON,Tonga,1993,11.5,68,66.29,66.29,47.03,85.0,16.9308,29.725,31.265,677.0,Our World in Data / WHO,2026-09-30 02:09:07
5966,TON,Tonga,1994,11.5,68,66.29,66.29,47.8108,85.0,17.2119,29.85,31.406,677.0,Our World in Data / WHO,2026-09-30 02:09:07
5967,TON,Tonga,1995,11.5,68,66.29,66.29,48.5327,85.0,17.4718,29.965,31.536,677.0,Our World in Data / WHO,2026-09-30 02:09:07
5968,TON,Tonga,1996,11.5,68,66.29,66.29,49.183,85.0,17.7059,30.069,31.653,677.0,Our World in Data / WHO,2026-09-30 02:09:07
5969,TON,Tonga,1997,11.5,68,66.29,66.29,49.8078,85.0,17.9308,30.169,31.765,677.0,Our World in Data / WHO,2026-09-30 02:09:07
5970,TON,Tonga,1998,11.5,68,66.29,66.29,50.4659,85.0,18.1677,30.275,31.884,677.0,Our World in Data / WHO,2026-09-30 02:09:07
5971,TON,Tonga,1999,11.5,68,66.29,66.29,51.148,85.0,18.4133,30.384,32.007,677.0,Our World in Data / WHO,2026-09-30 02:09:07
5972,TON,Tonga,2000,11.5,68,66.29,66.29,51.8463,85.0,18.6647,30.495,32.132,677.0,Our World in Data / WHO,2026-09-30 02:09:07
5973,TON,Tonga,2001,11.6091,68,66.34,66.34,52.5634,85.0,18.9228,30.61,32.261,682.24,Our World in Data / WHO,2026-09-30 02:09:07
5974,TON,Tonga,2002,11.7182,70,67.24,67.24,53.2896,85.0,19.1843,30.726,32.392,687.47,Our World in Data / WHO,2026-09-30 02:09:07
5975,TON,Tonga,2003,11.8273,72,68.89,68.89,54.0326,85.0,19.4517,30.845,32.526,692.71,Our World in Data / WHO,2026-09-30 02:09:07
5976,TON,Tonga,2004,11.9364,73,69.43,69.43,54.8003,85.0,19.7281,30.968,32.664,697.95,Our World in Data / WHO,2026-09-30 02:09:07
5977,TON,Tonga,2005,12.0455,71,66.9,66.9,55.584,85.0,20.0102,31.093,32.805,703.18,Our World in Data / WHO,2026-09-30 02:09:07
5978,TON,Tonga,2006,12.1545,71,67.15,67.15,56.3771,85.0,20.2958,31.22,32.948,708.42,Our World in Data / WHO,2026-09-30 02:09:07
5979,TON,Tonga,2007,12.2636,72,67.82,67.82,57.2192,85.0,20.5989,31.355,33.099,713.65,Our World in Data / WHO,2026-09-30 02:09:07
5980,TON,Tonga,2008,12.3727,73,68.28,68.28,58.1204,85.0,20.9233,31.499,33.262,718.89,Our World in Data / WHO,2026-09-30 02:09:07
5981,TON,Tonga,2009,12.4818,74,69.27,69.27,59.0521,85.0,21.2588,31.648,33.429,724.13,Our World in Data / WHO,2026-09-30 02:09:07
5982,TON,Tonga,2010,12.5909,76,70.84,70.84,59.9836,85.0,21.5941,31.797,33.597,729.36,Our World in Data / WHO,2026-09-30 02:09:07
5983,TON,Tonga,2011,12.7,77,71.63,71.63,60.8909,85.0,21.9207,31.943,33.76,734.6,Our World in Data / WHO,2026-09-30 02:09:07
5984,TON,Tonga,2012,12.7,78,72.64,72.64,61.7834,85.0,22.242,32.085,33.921,734.6,Our World in Data / WHO,2026-09-30 02:09:07
5985,TON,Tonga,2013,12.7,79,73.48,73.48,62.6644,85.0,22.5592,32.226,34.08,734.6,Our World in Data / WHO,2026-09-30 02:09:07
5986,TON,Tonga,2014,12.7,79,74.4,74.4,63.5885,85.0,22.8919,32.374,34.246,734.6,Our World in Data / WHO,2026-09-30 02:09:07
5987,TON,Tonga,2015,12.7,80,75.51,75.51,64.584,85.0,23.2502,32.533,34.425,734.6,Our World in Data / WHO,2026-09-30 02:09:07
5988,TON,Tonga,2016,12.7,80,76.02,76.02,65.5473,85.0,23.597,32.688,34.599,734.6,Our World in Data / WHO,2026-09-30 02:09:07
5989,TON,Tonga,2017,12.7,82,77.69,77.69,66.4795,85.0,23.9326,32.837,34.766,734.6,Our World in Data / WHO,2026-09-30 02:09:07
5990,TON,Tonga,2018,12.7,83,78.62,78.62,67.3991,85.0,24.2637,32.984,34.932,734.6,Our World in Data / WHO,2026-09-30 02:09:07
5991,TON,Tonga,2019,12.7,83,79.28,79.28,68.2954,85.0,24.5863,33.127,35.093,734.6,Our World in Data / WHO,2026-09-30 02:09:07
5992,TON,Tonga,2020,12.7,83,78.71,78.71,69.1919,85.0,24.9091,33.271,35.255,734.6,Our World in Data / WHO,2026-09-30 02:09:07
5993,TON,Tonga,2021,12.7,89,84.17,84.17,70.0261,85.0,25.2094,33.404,35.405,734.6,Our World in Data / WHO,2026-09-30 02:09:07
5994,TON,Tonga,2022,12.7,89,84.17,84.17,70.8001,85.0,25.488,33.528,35.544,734.6,Our World in Data / WHO,2026-09-30 02:09:07
5995,TTO,Trinidad and Tobago,1990,14.1,1047,78.62,78.62,13.7615,25.4588,4.9541,24.402,25.277,801.8,Our World in Data / WHO,2026-09-30 02:09:07
5996,TTO,Trinidad and Tobago,1991,14.1,1047,78.62,78.62,14.2898,26.4361,5.1443,24.486,25.372,801.8,Our World in Data / WHO,2026-09-30 02:09:07
5997,TTO,Trinidad and Tobago,1992,14.1,1047,78.62,78.62,14.8316,27.4385,5.3394,24.573,25.47,801.8,Our World in Data / WHO,2026-09-30 02:09:07
5998,TTO,Trinidad and Tobago,1993,14.1,1047,78.62,78.62,15.3917,28.4746,5.541,24.663,25.571,801.8,Our World in Data / WHO,2026-09-30 02:09:07
5999,TTO,Trinidad and Tobago,1994,14.1,1047,78.62,78.62,15.9689,29.5425,5.7488,24.755,25.674,801.8,Our World in Data / WHO,2026-09-30 02:09:07
6000,TTO,Trinidad and Tobago,1995,14.1,1047,78.62,78.62,16.5558,30.6282,5.9601,24.849,25.78,801.8,Our World in Data / WHO,2026-09-30 02:09:07
6001,TTO,Trinidad and Tobago,1996,14.1,1047,78.62,78.62,17.1473,31.7225,6.173,24.944,25.887,801.8,Our World in Data / WHO,2026-09-30 02:09:07
6002,TTO,Trinidad and Tobago,1997,14.1,1047,78.62,78.62,17.7405,32.8199,6.3866,25.038,25.993,801.8,Our World in Data / WHO,2026-09-30 02:09:07
6003,TTO,Trinidad and Tobago,1998,14.1,1047,78.62,78.62,18.3319,33.914,6.5995,25.133,26.1,801.8,Our World in Data / WHO,2026-09-30 02:09:07
6004,TTO,Trinidad and Tobago,1999,14.1,1047,78.62,78.62,18.9179,34.9981,6.8104,25.227,26.205,801.8,Our World in Data / WHO,2026-09-30 02:09:07
6005,TTO,Trinidad and Tobago,2000,14.1,1047,78.62,78.62,19.4959,36.0674,7.0185,25.319,26.309,801.8,Our World in Data / WHO,2026-09-30 02:09:07
6006,TTO,Trinidad and Tobago,2001,13.9727,1052,78.62,78.62,20.0599,37.1108,7.2216,25.41,26.411,795.69,Our World in Data / WHO,2026-09-30 02:09:07
6007,TTO,Trinidad and Tobago,2002,13.8455,1030,76.49,76.49,20.6091,38.1268,7.4193,25.497,26.51,789.58,Our World in Data / WHO,2026-09-30 02:09:07
6008,TTO,Trinidad and Tobago,2003,13.7182,1091,80.63,80.63,21.1457,39.1195,7.6125,25.583,26.606,783.47,Our World in Data / WHO,2026-09-30 02:09:07
6009,TTO,Trinidad and Tobago,2004,13.5909,1094,80.39,80.39,21.6694,40.0884,7.801,25.667,26.7,777.36,Our World in Data / WHO,2026-09-30 02:09:07
6010,TTO,Trinidad and Tobago,2005,13.4636,1105,80.73,80.73,22.1892,41.05,7.9881,25.75,26.794,771.25,Our World in Data / WHO,2026-09-30 02:09:07
6011,TTO,Trinidad and Tobago,2006,13.3364,1078,78.31,78.31,22.7092,42.012,8.1753,25.833,26.888,765.15,Our World in Data / WHO,2026-09-30 02:09:07
6012,TTO,Trinidad and Tobago,2007,13.2091,1113,80.37,80.37,23.2293,42.9742,8.3625,25.917,26.981,759.04,Our World in Data / WHO,2026-09-30 02:09:07
6013,TTO,Trinidad and Tobago,2008,13.0818,1164,83.57,83.57,23.753,43.943,8.5511,26.0,27.076,752.93,Our World in Data / WHO,2026-09-30 02:09:07
6014,TTO,Trinidad and Tobago,2009,12.9545,1129,80.57,80.57,24.2753,44.9093,8.7391,26.084,27.17,746.82,Our World in Data / WHO,2026-09-30 02:09:07
6015,TTO,Trinidad and Tobago,2010,12.8273,1105,78.34,78.34,24.7961,45.8728,8.9266,26.167,27.263,740.71,Our World in Data / WHO,2026-09-30 02:09:07
6016,TTO,Trinidad and Tobago,2011,12.7,1119,78.83,78.83,25.3166,46.8357,9.114,26.251,27.357,734.6,Our World in Data / WHO,2026-09-30 02:09:07
6017,TTO,Trinidad and Tobago,2012,12.7,1086,75.95,75.95,25.8325,47.7901,9.2997,26.333,27.45,734.6,Our World in Data / WHO,2026-09-30 02:09:07
6018,TTO,Trinidad and Tobago,2013,12.7,1197,83.06,83.06,26.3468,48.7416,9.4848,26.415,27.542,734.6,Our World in Data / WHO,2026-09-30 02:09:07
6019,TTO,Trinidad and Tobago,2014,12.7,1260,86.85,86.85,26.867,49.704,9.6721,26.499,27.636,734.6,Our World in Data / WHO,2026-09-30 02:09:07
6020,TTO,Trinidad and Tobago,2015,12.7,1322,90.57,90.57,27.4009,50.6917,9.8643,26.584,27.732,734.6,Our World in Data / WHO,2026-09-30 02:09:07
6021,TTO,Trinidad and Tobago,2016,12.7,1442,98.12,98.12,27.9432,51.6949,10.0596,26.671,27.83,734.6,Our World in Data / WHO,2026-09-30 02:09:07
6022,TTO,Trinidad and Tobago,2017,12.7,1467,99.18,99.18,28.4768,52.6821,10.2516,26.756,27.926,734.6,Our World in Data / WHO,2026-09-30 02:09:07
6023,TTO,Trinidad and Tobago,2018,12.7,1509,100.26,100.26,28.9296,53.5198,10.4147,26.829,28.007,734.6,Our World in Data / WHO,2026-09-30 02:09:07
6024,TTO,Trinidad and Tobago,2019,12.7,1581,103.99,103.99,29.4178,54.4229,10.5904,26.907,28.095,734.6,Our World in Data / WHO,2026-09-30 02:09:07
6025,TTO,Trinidad and Tobago,2020,12.7,1676,110.4,110.4,29.9721,55.4484,10.79,26.996,28.195,734.6,Our World in Data / WHO,2026-09-30 02:09:07
6026,TTO,Trinidad and Tobago,2021,12.7,1690,110.77,110.77,30.4784,56.385,10.9722,27.077,28.286,734.6,Our World in Data / WHO,2026-09-30 02:09:07
6027,TTO,Trinidad and Tobago,2022,12.7,1690,110.77,110.77,30.9732,57.3004,11.1504,27.156,28.375,734.6,Our World in Data / WHO,2026-09-30 02:09:07
6028,TUN,Tunisia,1990,9.5,646,6.53,6.53,10.5215,19.4648,3.7877,23.883,24.694,581.0,Our World in Data / WHO,2026-09-30 02:09:07
6029,TUN,Tunisia,1991,9.5,646,6.53,6.53,10.8785,20.1252,3.9163,23.941,24.758,581.0,Our World in Data / WHO,2026-09-30 02:09:07
6030,TUN,Tunisia,1992,9.5,646,6.53,6.53,11.2529,20.8179,4.051,24.0,24.826,581.0,Our World in Data / WHO,2026-09-30 02:09:07
6031,TUN,Tunisia,1993,9.5,646,6.53,6.53,11.6336,21.5222,4.1881,24.061,24.894,581.0,Our World in Data / WHO,2026-09-30 02:09:07
6032,TUN,Tunisia,1994,9.5,646,6.53,6.53,12.0278,22.2514,4.33,24.124,24.965,581.0,Our World in Data / WHO,2026-09-30 02:09:07
6033,TUN,Tunisia,1995,9.5,646,6.53,6.53,12.4466,23.0262,4.4808,24.191,25.04,581.0,Our World in Data / WHO,2026-09-30 02:09:07
6034,TUN,Tunisia,1996,9.5,646,6.53,6.53,12.8907,23.8478,4.6407,24.263,25.12,581.0,Our World in Data / WHO,2026-09-30 02:09:07
6035,TUN,Tunisia,1997,9.5,646,6.53,6.53,13.3567,24.7099,4.8084,24.337,25.204,581.0,Our World in Data / WHO,2026-09-30 02:09:07
6036,TUN,Tunisia,1998,9.5,646,6.53,6.53,13.8431,25.6097,4.9835,24.415,25.292,581.0,Our World in Data / WHO,2026-09-30 02:09:07
6037,TUN,Tunisia,1999,9.5,646,6.53,6.53,14.3493,26.5462,5.1657,24.496,25.383,581.0,Our World in Data / WHO,2026-09-30 02:09:07
6038,TUN,Tunisia,2000,9.5,646,6.53,6.53,14.8706,27.5106,5.3534,24.579,25.477,581.0,Our World in Data / WHO,2026-09-30 02:09:07
6039,TUN,Tunisia,2001,9.5,675,6.75,6.75,15.3989,28.488,5.5436,24.664,25.572,581.0,Our World in Data / WHO,2026-09-30 02:09:07
6040,TUN,Tunisia,2002,9.5,729,7.22,7.22,15.9289,29.4685,5.7344,24.749,25.667,581.0,Our World in Data / WHO,2026-09-30 02:09:07
6041,TUN,Tunisia,2003,9.5,779,7.65,7.65,16.4558,30.4432,5.9241,24.833,25.762,581.0,Our World in Data / WHO,2026-09-30 02:09:07
6042,TUN,Tunisia,2004,9.5,838,8.14,8.14,16.9827,31.418,6.1138,24.917,25.857,581.0,Our World in Data / WHO,2026-09-30 02:09:07
6043,TUN,Tunisia,2005,9.5,893,8.59,8.59,17.5128,32.3987,6.3046,25.002,25.952,581.0,Our World in Data / WHO,2026-09-30 02:09:07
6044,TUN,Tunisia,2006,9.5,948,9.04,9.04,18.05,33.3925,6.498,25.088,26.049,581.0,Our World in Data / WHO,2026-09-30 02:09:07
6045,TUN,Tunisia,2007,9.5,1004,9.49,9.49,18.5979,34.4061,6.6952,25.176,26.148,581.0,Our World in Data / WHO,2026-09-30 02:09:07
6046,TUN,Tunisia,2008,9.5,1057,9.89,9.89,19.1595,35.4451,6.8974,25.266,26.249,581.0,Our World in Data / WHO,2026-09-30 02:09:07
6047,TUN,Tunisia,2009,9.5,1117,10.36,10.36,19.7373,36.514,7.1054,25.358,26.353,581.0,Our World in Data / WHO,2026-09-30 02:09:07
6048,TUN,Tunisia,2010,9.5,1180,10.83,10.83,20.329,37.6087,7.3184,25.453,26.459,581.0,Our World in Data / WHO,2026-09-30 02:09:07
6049,TUN,Tunisia,2011,9.5,1218,11.04,11.04,20.914,38.6909,7.529,25.546,26.565,581.0,Our World in Data / WHO,2026-09-30 02:09:07
6050,TUN,Tunisia,2012,9.5,1268,11.35,11.35,21.4873,39.7515,7.7354,25.638,26.668,581.0,Our World in Data / WHO,2026-09-30 02:09:07
6051,TUN,Tunisia,2013,9.5,1338,11.84,11.84,22.0566,40.8047,7.9404,25.729,26.77,581.0,Our World in Data / WHO,2026-09-30 02:09:07
6052,TUN,Tunisia,2014,9.5,1397,12.23,12.23,22.6386,41.8814,8.1499,25.822,26.875,581.0,Our World in Data / WHO,2026-09-30 02:09:07
6053,TUN,Tunisia,2015,9.5,1476,12.77,12.77,23.2416,42.997,8.367,25.919,26.983,581.0,Our World in Data / WHO,2026-09-30 02:09:07
6054,TUN,Tunisia,2016,9.5,1538,13.16,13.16,23.8452,44.1136,8.5843,26.015,27.092,581.0,Our World in Data / WHO,2026-09-30 02:09:07
6055,TUN,Tunisia,2017,9.5,1619,13.71,13.71,24.4044,45.1481,8.7856,26.105,27.193,581.0,Our World in Data / WHO,2026-09-30 02:09:07
6056,TUN,Tunisia,2018,9.5,1688,14.14,14.14,24.913,46.089,8.9687,26.186,27.284,581.0,Our World in Data / WHO,2026-09-30 02:09:07
6057,TUN,Tunisia,2019,9.5,1749,14.52,14.52,25.3981,46.9865,9.1433,26.264,27.372,581.0,Our World in Data / WHO,2026-09-30 02:09:07
6058,TUN,Tunisia,2020,9.5,1886,15.51,15.51,25.8805,47.8789,9.317,26.341,27.458,581.0,Our World in Data / WHO,2026-09-30 02:09:07
6059,TUN,Tunisia,2021,9.5,1751,14.28,14.28,26.3399,48.7288,9.4824,26.414,27.541,581.0,Our World in Data / WHO,2026-09-30 02:09:07
6060,TUN,Tunisia,2022,9.5,1751,14.28,14.28,26.783,49.5486,9.6419,26.485,27.621,581.0,Our World in Data / WHO,2026-09-30 02:09:07
6061,TUR,Turkey,1990,7.9,10202,15.91,15.91,16.2799,30.1178,5.8608,24.805,25.73,504.2,Our World in Data / WHO,2026-09-30 02:09:07
6062,TUR,Turkey,1991,7.9,10202,15.91,15.91,16.7992,31.0785,6.0477,24.888,25.824,504.2,Our World in Data / WHO,2026-09-30 02:09:07
6063,TUR,Turkey,1992,7.9,10202,15.91,15.91,17.3362,32.072,6.241,24.974,25.921,504.2,Our World in Data / WHO,2026-09-30 02:09:07
6064,TUR,Turkey,1993,7.9,10202,15.91,15.91,17.8875,33.0919,6.4395,25.062,26.02,504.2,Our World in Data / WHO,2026-09-30 02:09:07
6065,TUR,Turkey,1994,7.9,10202,15.91,15.91,18.4537,34.1393,6.6433,25.153,26.122,504.2,Our World in Data / WHO,2026-09-30 02:09:07
6066,TUR,Turkey,1995,7.9,10202,15.91,15.91,19.048,35.2388,6.8573,25.248,26.229,504.2,Our World in Data / WHO,2026-09-30 02:09:07
6067,TUR,Turkey,1996,7.9,10202,15.91,15.91,19.6648,36.3799,7.0793,25.346,26.34,504.2,Our World in Data / WHO,2026-09-30 02:09:07
6068,TUR,Turkey,1997,7.9,10202,15.91,15.91,20.287,37.531,7.3033,25.446,26.452,504.2,Our World in Data / WHO,2026-09-30 02:09:07
6069,TUR,Turkey,1998,7.9,10202,15.91,15.91,20.9184,38.699,7.5306,25.547,26.565,504.2,Our World in Data / WHO,2026-09-30 02:09:07
6070,TUR,Turkey,1999,7.9,10202,15.91,15.91,21.5574,39.8812,7.7607,25.649,26.68,504.2,Our World in Data / WHO,2026-09-30 02:09:07
6071,TUR,Turkey,2000,7.9,10202,15.91,15.91,22.2019,41.0735,7.9927,25.752,26.796,504.2,Our World in Data / WHO,2026-09-30 02:09:07
6072,TUR,Turkey,2001,7.9,10075,15.48,15.48,22.8529,42.2779,8.227,25.856,26.914,504.2,Our World in Data / WHO,2026-09-30 02:09:07
6073,TUR,Turkey,2002,7.9,9798,14.85,14.85,23.5082,43.4902,8.463,25.961,27.031,504.2,Our World in Data / WHO,2026-09-30 02:09:07
6074,TUR,Turkey,2003,7.9,9620,14.39,14.39,24.1556,44.6879,8.696,26.065,27.148,504.2,Our World in Data / WHO,2026-09-30 02:09:07
6075,TUR,Turkey,2004,7.9,9702,14.31,14.31,24.7882,45.8582,8.9238,26.166,27.262,504.2,Our World in Data / WHO,2026-09-30 02:09:07
6076,TUR,Turkey,2005,7.9,9924,14.44,14.44,25.3902,46.9719,9.1405,26.262,27.37,504.2,Our World in Data / WHO,2026-09-30 02:09:07
6077,TUR,Turkey,2006,7.9,10243,14.72,14.72,25.9633,48.0321,9.3468,26.354,27.473,504.2,Our World in Data / WHO,2026-09-30 02:09:07
6078,TUR,Turkey,2007,7.9,10918,15.49,15.49,26.5147,49.0522,9.5453,26.442,27.573,504.2,Our World in Data / WHO,2026-09-30 02:09:07
6079,TUR,Turkey,2008,7.9,12083,16.94,16.94,27.0228,49.9922,9.7282,26.524,27.664,504.2,Our World in Data / WHO,2026-09-30 02:09:07
6080,TUR,Turkey,2009,7.9,13628,18.87,18.87,27.4789,50.836,9.8924,26.597,27.746,504.2,Our World in Data / WHO,2026-09-30 02:09:07
6081,TUR,Turkey,2010,7.9,14407,19.68,19.68,27.9068,51.6276,10.0464,26.665,27.823,504.2,Our World in Data / WHO,2026-09-30 02:09:07
6082,TUR,Turkey,2011,7.9,14679,19.79,19.79,28.3068,52.3676,10.1904,26.729,27.895,504.2,Our World in Data / WHO,2026-09-30 02:09:07
6083,TUR,Turkey,2012,7.9,14816,19.68,19.68,28.6712,53.0417,10.3216,26.787,27.961,504.2,Our World in Data / WHO,2026-09-30 02:09:07
6084,TUR,Turkey,2013,7.9,15163,19.8,19.8,28.9818,53.6163,10.4334,26.837,28.017,504.2,Our World in Data / WHO,2026-09-30 02:09:07
6085,TUR,Turkey,2014,7.9,15908,20.37,20.37,29.2077,54.0342,10.5148,26.873,28.057,504.2,Our World in Data / WHO,2026-09-30 02:09:07
6086,TUR,Turkey,2015,7.9,16715,20.99,20.99,29.3608,54.3175,10.5699,26.898,28.085,504.2,Our World in Data / WHO,2026-09-30 02:09:07
6087,TUR,Turkey,2016,7.9,17352,21.42,21.42,29.5331,54.6362,10.6319,26.925,28.116,504.2,Our World in Data / WHO,2026-09-30 02:09:07
6088,TUR,Turkey,2017,7.9,17314,21.09,21.09,29.6737,54.8963,10.6825,26.948,28.141,504.2,Our World in Data / WHO,2026-09-30 02:09:07
6089,TUR,Turkey,2018,7.9,16980,20.51,20.51,29.7644,55.0641,10.7152,26.962,28.158,504.2,Our World in Data / WHO,2026-09-30 02:09:07
6090,TUR,Turkey,2019,7.9,17641,21.13,21.13,29.8944,55.3046,10.762,26.983,28.181,504.2,Our World in Data / WHO,2026-09-30 02:09:07
6091,TUR,Turkey,2020,7.9,19051,22.64,22.64,30.0423,55.5783,10.8152,27.007,28.208,504.2,Our World in Data / WHO,2026-09-30 02:09:07
6092,TUR,Turkey,2021,7.9,18061,21.3,21.3,30.1561,55.7888,10.8562,27.025,28.228,504.2,Our World in Data / WHO,2026-09-30 02:09:07
6093,TUR,Turkey,2022,7.9,18061,21.3,21.3,30.2541,55.9701,10.8915,27.041,28.246,504.2,Our World in Data / WHO,2026-09-30 02:09:07
6094,TUV,Tuvalu,1990,19.2,7,73.04,73.04,46.9606,85.0,16.9058,29.714,31.253,1046.6,Our World in Data / WHO,2026-09-30 02:09:07
6095,TUV,Tuvalu,1991,19.2,7,73.04,73.04,47.9578,85.0,17.2648,29.873,31.432,1046.6,Our World in Data / WHO,2026-09-30 02:09:07
6096,TUV,Tuvalu,1992,19.2,7,73.04,73.04,48.8999,85.0,17.604,30.024,31.602,1046.6,Our World in Data / WHO,2026-09-30 02:09:07
6097,TUV,Tuvalu,1993,19.2,7,73.04,73.04,49.7845,85.0,17.9224,30.166,31.761,1046.6,Our World in Data / WHO,2026-09-30 02:09:07
6098,TUV,Tuvalu,1994,19.2,7,73.04,73.04,50.5935,85.0,18.2137,30.295,31.907,1046.6,Our World in Data / WHO,2026-09-30 02:09:07
6099,TUV,Tuvalu,1995,19.2,7,73.04,73.04,51.3276,85.0,18.4779,30.412,32.039,1046.6,Our World in Data / WHO,2026-09-30 02:09:07
6100,TUV,Tuvalu,1996,19.2,7,73.04,73.04,51.996,85.0,18.7186,30.519,32.159,1046.6,Our World in Data / WHO,2026-09-30 02:09:07
6101,TUV,Tuvalu,1997,19.2,7,73.04,73.04,52.5472,85.0,18.917,30.608,32.258,1046.6,Our World in Data / WHO,2026-09-30 02:09:07
6102,TUV,Tuvalu,1998,19.2,7,73.04,73.04,53.0638,85.0,19.103,30.69,32.351,1046.6,Our World in Data / WHO,2026-09-30 02:09:07
6103,TUV,Tuvalu,1999,19.2,7,73.04,73.04,53.5972,85.0,19.295,30.776,32.447,1046.6,Our World in Data / WHO,2026-09-30 02:09:07
6104,TUV,Tuvalu,2000,19.2,7,73.04,73.04,54.0872,85.0,19.4714,30.854,32.536,1046.6,Our World in Data / WHO,2026-09-30 02:09:07
6105,TUV,Tuvalu,2001,19.2,7,74.1,74.1,54.5553,85.0,19.6399,30.929,32.62,1046.6,Our World in Data / WHO,2026-09-30 02:09:07
6106,TUV,Tuvalu,2002,19.2,7,74.31,74.31,55.0021,85.0,19.8008,31.0,32.7,1046.6,Our World in Data / WHO,2026-09-30 02:09:07
6107,TUV,Tuvalu,2003,19.2,7,72.09,72.09,55.3974,85.0,19.9431,31.064,32.772,1046.6,Our World in Data / WHO,2026-09-30 02:09:07
6108,TUV,Tuvalu,2004,19.2,7,73.64,73.64,55.7331,85.0,20.0639,31.117,32.832,1046.6,Our World in Data / WHO,2026-09-30 02:09:07
6109,TUV,Tuvalu,2005,19.2,7,73.85,73.85,56.0369,85.0,20.1733,31.166,32.887,1046.6,Our World in Data / WHO,2026-09-30 02:09:07
6110,TUV,Tuvalu,2006,19.2,8,74.77,74.77,56.3571,85.0,20.2886,31.217,32.944,1046.6,Our World in Data / WHO,2026-09-30 02:09:07
6111,TUV,Tuvalu,2007,19.2,8,74.19,74.19,56.6747,85.0,20.4029,31.268,33.001,1046.6,Our World in Data / WHO,2026-09-30 02:09:07
6112,TUV,Tuvalu,2008,19.2,8,74.47,74.47,56.9948,85.0,20.5181,31.319,33.059,1046.6,Our World in Data / WHO,2026-09-30 02:09:07
6113,TUV,Tuvalu,2009,19.2,8,74.66,74.66,57.3621,85.0,20.6504,31.378,33.125,1046.6,Our World in Data / WHO,2026-09-30 02:09:07
6114,TUV,Tuvalu,2010,19.2,8,75.45,75.45,57.7541,85.0,20.7915,31.441,33.196,1046.6,Our World in Data / WHO,2026-09-30 02:09:07
6115,TUV,Tuvalu,2011,19.2,8,75.88,75.88,58.1592,85.0,20.9373,31.505,33.269,1046.6,Our World in Data / WHO,2026-09-30 02:09:07
6116,TUV,Tuvalu,2012,19.2,8,75.45,75.45,58.5689,85.0,21.0848,31.571,33.342,1046.6,Our World in Data / WHO,2026-09-30 02:09:07
6117,TUV,Tuvalu,2013,19.2,8,76.2,76.2,58.9857,85.0,21.2349,31.638,33.417,1046.6,Our World in Data / WHO,2026-09-30 02:09:07
6118,TUV,Tuvalu,2014,19.2,8,77.25,77.25,59.4496,85.0,21.4019,31.712,33.501,1046.6,Our World in Data / WHO,2026-09-30 02:09:07
6119,TUV,Tuvalu,2015,19.2,8,77.41,77.41,59.9543,85.0,21.5835,31.793,33.592,1046.6,Our World in Data / WHO,2026-09-30 02:09:07
6120,TUV,Tuvalu,2016,19.2,8,77.68,77.68,60.4884,85.0,21.7758,31.878,33.688,1046.6,Our World in Data / WHO,2026-09-30 02:09:07
6121,TUV,Tuvalu,2017,19.2,8,77.49,77.49,61.0281,85.0,21.9701,31.964,33.785,1046.6,Our World in Data / WHO,2026-09-30 02:09:07
6122,TUV,Tuvalu,2018,19.2,8,77.96,77.96,61.5442,85.0,22.1559,32.047,33.878,1046.6,Our World in Data / WHO,2026-09-30 02:09:07
6123,TUV,Tuvalu,2019,19.2,9,78.13,78.13,62.0437,85.0,22.3357,32.127,33.968,1046.6,Our World in Data / WHO,2026-09-30 02:09:07
6124,TUV,Tuvalu,2020,19.2,8,74.62,74.62,62.5327,85.0,22.5118,32.205,34.056,1046.6,Our World in Data / WHO,2026-09-30 02:09:07
6125,TUV,Tuvalu,2021,19.2,9,78.55,78.55,63.0104,85.0,22.6837,32.282,34.142,1046.6,Our World in Data / WHO,2026-09-30 02:09:07
6126,TUV,Tuvalu,2022,19.2,9,78.55,78.55,63.5584,85.0,22.881,32.369,34.241,1046.6,Our World in Data / WHO,2026-09-30 02:09:07
6127,TZA,Tanzania,1990,2.8,3748,10.87,10.87,1.7093,6.0,0.6153,22.473,23.108,259.4,Our World in Data / WHO,2026-09-30 02:09:07
6128,TZA,Tanzania,1991,2.8,3748,10.87,10.87,1.8021,6.0,0.6488,22.488,23.124,259.4,Our World in Data / WHO,2026-09-30 02:09:07
6129,TZA,Tanzania,1992,2.8,3748,10.87,10.87,1.8998,6.0,0.6839,22.504,23.142,259.4,Our World in Data / WHO,2026-09-30 02:09:07
6130,TZA,Tanzania,1993,2.8,3748,10.87,10.87,1.9958,6.0,0.7185,22.519,23.159,259.4,Our World in Data / WHO,2026-09-30 02:09:07
6131,TZA,Tanzania,1994,2.8,3748,10.87,10.87,2.0908,6.0,0.7527,22.535,23.176,259.4,Our World in Data / WHO,2026-09-30 02:09:07
6132,TZA,Tanzania,1995,2.8,3748,10.87,10.87,2.2036,6.0,0.7933,22.553,23.197,259.4,Our World in Data / WHO,2026-09-30 02:09:07
6133,TZA,Tanzania,1996,2.8,3748,10.87,10.87,2.344,6.0,0.8438,22.575,23.222,259.4,Our World in Data / WHO,2026-09-30 02:09:07
6134,TZA,Tanzania,1997,2.8,3748,10.87,10.87,2.4951,6.0,0.8982,22.599,23.249,259.4,Our World in Data / WHO,2026-09-30 02:09:07
6135,TZA,Tanzania,1998,2.8,3748,10.87,10.87,2.6513,6.0,0.9545,22.624,23.277,259.4,Our World in Data / WHO,2026-09-30 02:09:07
6136,TZA,Tanzania,1999,2.8,3748,10.87,10.87,2.8207,6.0,1.0155,22.651,23.308,259.4,Our World in Data / WHO,2026-09-30 02:09:07
6137,TZA,Tanzania,2000,2.8,3748,10.87,10.87,3.0004,6.0,1.0801,22.68,23.34,259.4,Our World in Data / WHO,2026-09-30 02:09:07
6138,TZA,Tanzania,2001,2.8,3771,10.65,10.65,3.1947,6.0,1.1501,22.711,23.375,259.4,Our World in Data / WHO,2026-09-30 02:09:07
6139,TZA,Tanzania,2002,2.8,3873,10.65,10.65,3.403,6.2956,1.2251,22.744,23.413,259.4,Our World in Data / WHO,2026-09-30 02:09:07
6140,TZA,Tanzania,2003,2.8,3994,10.7,10.7,3.624,6.7044,1.3046,22.78,23.452,259.4,Our World in Data / WHO,2026-09-30 02:09:07
6141,TZA,Tanzania,2004,2.8,4107,10.71,10.71,3.8556,7.1329,1.388,22.817,23.494,259.4,Our World in Data / WHO,2026-09-30 02:09:07
6142,TZA,Tanzania,2005,2.8,4227,10.72,10.72,4.0974,7.5802,1.4751,22.856,23.538,259.4,Our World in Data / WHO,2026-09-30 02:09:07
6143,TZA,Tanzania,2006,2.8,4332,10.68,10.68,4.3477,8.0432,1.5652,22.896,23.583,259.4,Our World in Data / WHO,2026-09-30 02:09:07
6144,TZA,Tanzania,2007,2.8,4439,10.64,10.64,4.6059,8.5209,1.6581,22.937,23.629,259.4,Our World in Data / WHO,2026-09-30 02:09:07
6145,TZA,Tanzania,2008,2.8,4556,10.63,10.63,4.8741,9.0171,1.7547,22.98,23.677,259.4,Our World in Data / WHO,2026-09-30 02:09:07
6146,TZA,Tanzania,2009,2.8,4698,10.69,10.69,5.1553,9.5373,1.8559,23.025,23.728,259.4,Our World in Data / WHO,2026-09-30 02:09:07
6147,TZA,Tanzania,2010,2.8,4821,10.69,10.69,5.4425,10.0686,1.9593,23.071,23.78,259.4,Our World in Data / WHO,2026-09-30 02:09:07
6148,TZA,Tanzania,2011,2.8,4895,10.55,10.55,5.7323,10.6048,2.0636,23.117,23.832,259.4,Our World in Data / WHO,2026-09-30 02:09:07
6149,TZA,Tanzania,2012,2.8,4784,10.01,10.01,6.0295,11.1546,2.1706,23.165,23.885,259.4,Our World in Data / WHO,2026-09-30 02:09:07
6150,TZA,Tanzania,2013,2.8,5060,10.27,10.27,6.3331,11.7162,2.2799,23.213,23.94,259.4,Our World in Data / WHO,2026-09-30 02:09:07
6151,TZA,Tanzania,2014,2.8,5184,10.2,10.2,6.6451,12.2934,2.3922,23.263,23.996,259.4,Our World in Data / WHO,2026-09-30 02:09:07
6152,TZA,Tanzania,2015,2.8,5426,10.33,10.33,6.9609,12.8777,2.5059,23.314,24.053,259.4,Our World in Data / WHO,2026-09-30 02:09:07
6153,TZA,Tanzania,2016,2.8,5667,10.42,10.42,7.2806,13.4691,2.621,23.365,24.111,259.4,Our World in Data / WHO,2026-09-30 02:09:07
6154,TZA,Tanzania,2017,2.8,5892,10.47,10.47,7.6134,14.0848,2.7408,23.418,24.17,259.4,Our World in Data / WHO,2026-09-30 02:09:07
6155,TZA,Tanzania,2018,2.8,6351,10.93,10.93,7.9654,14.736,2.8675,23.474,24.234,259.4,Our World in Data / WHO,2026-09-30 02:09:07
6156,TZA,Tanzania,2019,2.8,6829,11.41,11.41,8.337,15.4234,3.0013,23.534,24.301,259.4,Our World in Data / WHO,2026-09-30 02:09:07
6157,TZA,Tanzania,2020,2.8,7323,11.87,11.87,8.7232,16.1379,3.1404,23.596,24.37,259.4,Our World in Data / WHO,2026-09-30 02:09:07
6158,TZA,Tanzania,2021,2.8,8556,13.46,13.46,9.124,16.8794,3.2846,23.66,24.442,259.4,Our World in Data / WHO,2026-09-30 02:09:07
6159,TZA,Tanzania,2022,2.8,8556,13.46,13.46,9.5441,17.6566,3.4359,23.727,24.518,259.4,Our World in Data / WHO,2026-09-30 02:09:07
6160,UGA,Uganda,1990,2.8,3103,12.92,12.92,0.964,6.0,0.347,22.354,22.974,259.4,Our World in Data / WHO,2026-09-30 02:09:07
6161,UGA,Uganda,1991,2.8,3103,12.92,12.92,1.0092,6.0,0.3633,22.361,22.982,259.4,Our World in Data / WHO,2026-09-30 02:09:07
6162,UGA,Uganda,1992,2.8,3103,12.92,12.92,1.0586,6.0,0.3811,22.369,22.991,259.4,Our World in Data / WHO,2026-09-30 02:09:07
6163,UGA,Uganda,1993,2.8,3103,12.92,12.92,1.1133,6.0,0.4008,22.378,23.0,259.4,Our World in Data / WHO,2026-09-30 02:09:07
6164,UGA,Uganda,1994,2.8,3103,12.92,12.92,1.1743,6.0,0.4227,22.388,23.011,259.4,Our World in Data / WHO,2026-09-30 02:09:07
6165,UGA,Uganda,1995,2.8,3103,12.92,12.92,1.2445,6.0,0.448,22.399,23.024,259.4,Our World in Data / WHO,2026-09-30 02:09:07
6166,UGA,Uganda,1996,2.8,3103,12.92,12.92,1.3231,6.0,0.4763,22.412,23.038,259.4,Our World in Data / WHO,2026-09-30 02:09:07
6167,UGA,Uganda,1997,2.8,3103,12.92,12.92,1.4103,6.0,0.5077,22.426,23.054,259.4,Our World in Data / WHO,2026-09-30 02:09:07
6168,UGA,Uganda,1998,2.8,3103,12.92,12.92,1.5073,6.0,0.5426,22.441,23.071,259.4,Our World in Data / WHO,2026-09-30 02:09:07
6169,UGA,Uganda,1999,2.8,3103,12.92,12.92,1.6136,6.0,0.5809,22.458,23.09,259.4,Our World in Data / WHO,2026-09-30 02:09:07
6170,UGA,Uganda,2000,2.8,3103,12.92,12.92,1.7301,6.0,0.6228,22.477,23.111,259.4,Our World in Data / WHO,2026-09-30 02:09:07
6171,UGA,Uganda,2001,2.8,3281,13.25,13.25,1.8563,6.0,0.6683,22.497,23.134,259.4,Our World in Data / WHO,2026-09-30 02:09:07
6172,UGA,Uganda,2002,2.8,3352,13.12,13.12,1.9917,6.0,0.717,22.519,23.159,259.4,Our World in Data / WHO,2026-09-30 02:09:07
6173,UGA,Uganda,2003,2.8,3355,12.73,12.73,2.1359,6.0,0.7689,22.542,23.184,259.4,Our World in Data / WHO,2026-09-30 02:09:07
6174,UGA,Uganda,2004,2.8,3378,12.44,12.44,2.2876,6.0,0.8235,22.566,23.212,259.4,Our World in Data / WHO,2026-09-30 02:09:07
6175,UGA,Uganda,2005,2.8,3289,11.77,11.77,2.4466,6.0,0.8808,22.591,23.24,259.4,Our World in Data / WHO,2026-09-30 02:09:07
6176,UGA,Uganda,2006,2.8,3164,11.0,11.0,2.6131,6.0,0.9407,22.618,23.27,259.4,Our World in Data / WHO,2026-09-30 02:09:07
6177,UGA,Uganda,2007,2.8,3051,10.3,10.3,2.7876,6.0,1.0035,22.646,23.302,259.4,Our World in Data / WHO,2026-09-30 02:09:07
6178,UGA,Uganda,2008,2.8,3064,10.04,10.04,2.9701,6.0,1.0692,22.675,23.335,259.4,Our World in Data / WHO,2026-09-30 02:09:07
6179,UGA,Uganda,2009,2.8,3022,9.62,9.62,3.1611,6.0,1.138,22.706,23.369,259.4,Our World in Data / WHO,2026-09-30 02:09:07
6180,UGA,Uganda,2010,2.8,3060,9.46,9.46,3.3632,6.2219,1.2108,22.738,23.405,259.4,Our World in Data / WHO,2026-09-30 02:09:07
6181,UGA,Uganda,2011,2.8,3166,9.51,9.51,3.5791,6.6213,1.2885,22.773,23.444,259.4,Our World in Data / WHO,2026-09-30 02:09:07
6182,UGA,Uganda,2012,2.8,3143,9.17,9.17,3.8114,7.0511,1.3721,22.81,23.486,259.4,Our World in Data / WHO,2026-09-30 02:09:07
6183,UGA,Uganda,2013,2.8,3196,9.06,9.06,4.0615,7.5138,1.4621,22.85,23.531,259.4,Our World in Data / WHO,2026-09-30 02:09:07
6184,UGA,Uganda,2014,2.8,3137,8.63,8.63,4.3306,8.0116,1.559,22.893,23.58,259.4,Our World in Data / WHO,2026-09-30 02:09:07
6185,UGA,Uganda,2015,2.8,3128,8.35,8.35,4.619,8.5452,1.6628,22.939,23.631,259.4,Our World in Data / WHO,2026-09-30 02:09:07
6186,UGA,Uganda,2016,2.8,3223,8.32,8.32,4.9234,9.1083,1.7724,22.988,23.686,259.4,Our World in Data / WHO,2026-09-30 02:09:07
6187,UGA,Uganda,2017,2.8,3299,8.22,8.22,5.2454,9.704,1.8883,23.039,23.744,259.4,Our World in Data / WHO,2026-09-30 02:09:07
6188,UGA,Uganda,2018,2.8,3594,8.66,8.66,5.5862,10.3345,2.011,23.094,23.806,259.4,Our World in Data / WHO,2026-09-30 02:09:07
6189,UGA,Uganda,2019,2.8,3989,9.29,9.29,5.9463,11.0007,2.1407,23.151,23.87,259.4,Our World in Data / WHO,2026-09-30 02:09:07
6190,UGA,Uganda,2020,2.8,4262,9.6,9.6,6.3288,11.7083,2.2784,23.213,23.939,259.4,Our World in Data / WHO,2026-09-30 02:09:07
6191,UGA,Uganda,2021,2.8,5009,10.92,10.92,6.7358,12.4612,2.4249,23.278,24.012,259.4,Our World in Data / WHO,2026-09-30 02:09:07
6192,UGA,Uganda,2022,2.8,5009,10.92,10.92,7.1734,13.2708,2.5824,23.348,24.091,259.4,Our World in Data / WHO,2026-09-30 02:09:07
6193,UKR,Ukraine,1990,2.9,3284,6.72,6.72,18.9421,35.0429,6.8192,25.231,26.21,264.2,Our World in Data / WHO,2026-09-30 02:09:07
6194,UKR,Ukraine,1991,2.9,3284,6.72,6.72,19.0849,35.3071,6.8706,25.254,26.235,264.2,Our World in Data / WHO,2026-09-30 02:09:07
6195,UKR,Ukraine,1992,2.9,3284,6.72,6.72,19.2249,35.5661,6.921,25.276,26.26,264.2,Our World in Data / WHO,2026-09-30 02:09:07
6196,UKR,Ukraine,1993,2.9,3284,6.72,6.72,19.3803,35.8536,6.9769,25.301,26.288,264.2,Our World in Data / WHO,2026-09-30 02:09:07
6197,UKR,Ukraine,1994,2.9,3284,6.72,6.72,19.573,36.21,7.0463,25.332,26.323,264.2,Our World in Data / WHO,2026-09-30 02:09:07
6198,UKR,Ukraine,1995,2.9,3284,6.72,6.72,19.8208,36.6685,7.1355,25.371,26.368,264.2,Our World in Data / WHO,2026-09-30 02:09:07
6199,UKR,Ukraine,1996,2.9,3284,6.72,6.72,20.0889,37.1645,7.232,25.414,26.416,264.2,Our World in Data / WHO,2026-09-30 02:09:07
6200,UKR,Ukraine,1997,2.9,3284,6.72,6.72,20.3748,37.6934,7.3349,25.46,26.467,264.2,Our World in Data / WHO,2026-09-30 02:09:07
6201,UKR,Ukraine,1998,2.9,3284,6.72,6.72,20.6804,38.2587,7.4449,25.509,26.522,264.2,Our World in Data / WHO,2026-09-30 02:09:07
6202,UKR,Ukraine,1999,2.9,3284,6.72,6.72,21.006,38.8611,7.5622,25.561,26.581,264.2,Our World in Data / WHO,2026-09-30 02:09:07
6203,UKR,Ukraine,2000,2.9,3284,6.72,6.72,21.366,39.5271,7.6918,25.619,26.646,264.2,Our World in Data / WHO,2026-09-30 02:09:07
6204,UKR,Ukraine,2001,2.9,3049,6.3,6.3,21.7137,40.1703,7.8169,25.674,26.708,264.2,Our World in Data / WHO,2026-09-30 02:09:07
6205,UKR,Ukraine,2002,2.9,2939,6.13,6.13,22.0456,40.7844,7.9364,25.727,26.768,264.2,Our World in Data / WHO,2026-09-30 02:09:07
6206,UKR,Ukraine,2003,2.9,2848,5.98,5.98,22.371,41.3864,8.0536,25.779,26.827,264.2,Our World in Data / WHO,2026-09-30 02:09:07
6207,UKR,Ukraine,2004,2.9,2725,5.77,5.77,22.6879,41.9726,8.1676,25.83,26.884,264.2,Our World in Data / WHO,2026-09-30 02:09:07
6208,UKR,Ukraine,2005,2.9,2831,6.03,6.03,22.9956,42.5419,8.2784,25.879,26.939,264.2,Our World in Data / WHO,2026-09-30 02:09:07
6209,UKR,Ukraine,2006,2.9,2667,5.72,5.72,23.2941,43.0941,8.3859,25.927,26.993,264.2,Our World in Data / WHO,2026-09-30 02:09:07
6210,UKR,Ukraine,2007,2.9,2591,5.59,5.59,23.5971,43.6546,8.495,25.976,27.047,264.2,Our World in Data / WHO,2026-09-30 02:09:07
6211,UKR,Ukraine,2008,2.9,2448,5.31,5.31,23.8962,44.208,8.6026,26.023,27.101,264.2,Our World in Data / WHO,2026-09-30 02:09:07
6212,UKR,Ukraine,2009,2.9,2226,4.85,4.85,24.2087,44.7861,8.7151,26.073,27.158,264.2,Our World in Data / WHO,2026-09-30 02:09:07
6213,UKR,Ukraine,2010,2.9,2193,4.8,4.8,24.5389,45.397,8.834,26.126,27.217,264.2,Our World in Data / WHO,2026-09-30 02:09:07
6214,UKR,Ukraine,2011,2.9,2057,4.52,4.52,24.8587,45.9886,8.9491,26.177,27.275,264.2,Our World in Data / WHO,2026-09-30 02:09:07
6215,UKR,Ukraine,2012,2.9,2015,4.44,4.44,25.1504,46.5282,9.0541,26.224,27.327,264.2,Our World in Data / WHO,2026-09-30 02:09:07
6216,UKR,Ukraine,2013,2.9,1808,3.99,3.99,25.4248,47.0359,9.1529,26.268,27.376,264.2,Our World in Data / WHO,2026-09-30 02:09:07
6217,UKR,Ukraine,2014,2.9,1921,4.25,4.25,25.7128,47.5687,9.2566,26.314,27.428,264.2,Our World in Data / WHO,2026-09-30 02:09:07
6218,UKR,Ukraine,2015,2.9,1780,3.96,3.96,26.0139,48.1257,9.365,26.362,27.483,264.2,Our World in Data / WHO,2026-09-30 02:09:07
6219,UKR,Ukraine,2016,2.9,2015,4.49,4.49,26.2976,48.6506,9.4671,26.408,27.534,264.2,Our World in Data / WHO,2026-09-30 02:09:07
6220,UKR,Ukraine,2017,2.9,2128,4.77,4.77,26.5513,49.1199,9.5585,26.448,27.579,264.2,Our World in Data / WHO,2026-09-30 02:09:07
6221,UKR,Ukraine,2018,2.9,2380,5.36,5.36,26.7854,49.553,9.6427,26.486,27.621,264.2,Our World in Data / WHO,2026-09-30 02:09:07
6222,UKR,Ukraine,2019,2.9,2513,5.68,5.68,27.0142,49.9763,9.7251,26.522,27.663,264.2,Our World in Data / WHO,2026-09-30 02:09:07
6223,UKR,Ukraine,2020,2.9,2493,5.68,5.68,27.231,50.3774,9.8032,26.557,27.702,264.2,Our World in Data / WHO,2026-09-30 02:09:07
6224,UKR,Ukraine,2021,2.9,2519,5.79,5.79,27.4068,50.7026,9.8664,26.585,27.733,264.2,Our World in Data / WHO,2026-09-30 02:09:07
6225,UKR,Ukraine,2022,2.9,2519,5.79,5.79,27.5675,50.9999,9.9243,26.611,27.762,264.2,Our World in Data / WHO,2026-09-30 02:09:07
6226,URY,Uruguay,1990,5.7,587,17.83,17.83,12.939,23.9372,4.658,24.27,25.129,398.6,Our World in Data / WHO,2026-09-30 02:09:07
6227,URY,Uruguay,1991,5.7,587,17.83,17.83,13.41,24.8085,4.8276,24.346,25.214,398.6,Our World in Data / WHO,2026-09-30 02:09:07
6228,URY,Uruguay,1992,5.7,587,17.83,17.83,13.8855,25.6882,4.9988,24.422,25.299,398.6,Our World in Data / WHO,2026-09-30 02:09:07
6229,URY,Uruguay,1993,5.7,587,17.83,17.83,14.3657,26.5765,5.1717,24.499,25.386,398.6,Our World in Data / WHO,2026-09-30 02:09:07
6230,URY,Uruguay,1994,5.7,587,17.83,17.83,14.8574,27.4862,5.3487,24.577,25.474,398.6,Our World in Data / WHO,2026-09-30 02:09:07
6231,URY,Uruguay,1995,5.7,587,17.83,17.83,15.3709,28.4362,5.5335,24.659,25.567,398.6,Our World in Data / WHO,2026-09-30 02:09:07
6232,URY,Uruguay,1996,5.7,587,17.83,17.83,15.9095,29.4326,5.7274,24.746,25.664,398.6,Our World in Data / WHO,2026-09-30 02:09:07
6233,URY,Uruguay,1997,5.7,587,17.83,17.83,16.4698,30.4691,5.9291,24.835,25.765,398.6,Our World in Data / WHO,2026-09-30 02:09:07
6234,URY,Uruguay,1998,5.7,587,17.83,17.83,17.0525,31.5471,6.1389,24.928,25.869,398.6,Our World in Data / WHO,2026-09-30 02:09:07
6235,URY,Uruguay,1999,5.7,587,17.83,17.83,17.6537,32.6593,6.3553,25.025,25.978,398.6,Our World in Data / WHO,2026-09-30 02:09:07
6236,URY,Uruguay,2000,5.7,587,17.83,17.83,18.2624,33.7854,6.5745,25.122,26.087,398.6,Our World in Data / WHO,2026-09-30 02:09:07
6237,URY,Uruguay,2001,5.7,596,18.04,18.04,18.8724,34.9139,6.7941,25.22,26.197,398.6,Our World in Data / WHO,2026-09-30 02:09:07
6238,URY,Uruguay,2002,5.7,578,17.47,17.47,19.484,36.0454,7.0142,25.317,26.307,398.6,Our World in Data / WHO,2026-09-30 02:09:07
6239,URY,Uruguay,2003,5.7,635,19.18,19.18,20.0966,37.1787,7.2348,25.415,26.417,398.6,Our World in Data / WHO,2026-09-30 02:09:07
6240,URY,Uruguay,2004,5.7,649,19.57,19.57,20.7131,38.3192,7.4567,25.514,26.528,398.6,Our World in Data / WHO,2026-09-30 02:09:07
6241,URY,Uruguay,2005,5.7,605,18.23,18.23,21.3448,39.4879,7.6841,25.615,26.642,398.6,Our World in Data / WHO,2026-09-30 02:09:07
6242,URY,Uruguay,2006,5.7,623,18.76,18.76,21.9888,40.6793,7.916,25.718,26.758,398.6,Our World in Data / WHO,2026-09-30 02:09:07
6243,URY,Uruguay,2007,5.7,643,19.31,19.31,22.6362,41.877,8.149,25.822,26.875,398.6,Our World in Data / WHO,2026-09-30 02:09:07
6244,URY,Uruguay,2008,5.7,579,17.36,17.36,23.2988,43.1028,8.3876,25.928,26.994,398.6,Our World in Data / WHO,2026-09-30 02:09:07
6245,URY,Uruguay,2009,5.7,622,18.61,18.61,23.9835,44.3695,8.6341,26.037,27.117,398.6,Our World in Data / WHO,2026-09-30 02:09:07
6246,URY,Uruguay,2010,5.7,656,19.57,19.57,24.6939,45.6837,8.8898,26.151,27.245,398.6,Our World in Data / WHO,2026-09-30 02:09:07
6247,URY,Uruguay,2011,5.7,670,19.95,19.95,25.4285,47.0427,9.1543,26.269,27.377,398.6,Our World in Data / WHO,2026-09-30 02:09:07
6248,URY,Uruguay,2012,5.7,638,18.92,18.92,26.1819,48.4365,9.4255,26.389,27.513,398.6,Our World in Data / WHO,2026-09-30 02:09:07
6249,URY,Uruguay,2013,5.7,692,20.48,20.48,26.9531,49.8632,9.7031,26.512,27.652,398.6,Our World in Data / WHO,2026-09-30 02:09:07
6250,URY,Uruguay,2014,5.7,743,21.9,21.9,27.7459,51.3299,9.9885,26.639,27.794,398.6,Our World in Data / WHO,2026-09-30 02:09:07
6251,URY,Uruguay,2015,5.7,760,22.33,22.33,28.5594,52.8349,10.2814,26.77,27.941,398.6,Our World in Data / WHO,2026-09-30 02:09:07
6252,URY,Uruguay,2016,5.7,801,23.47,23.47,29.3864,54.3648,10.5791,26.902,28.09,398.6,Our World in Data / WHO,2026-09-30 02:09:07
6253,URY,Uruguay,2017,5.7,709,20.71,20.71,30.2208,55.9085,10.8795,27.035,28.24,398.6,Our World in Data / WHO,2026-09-30 02:09:07
6254,URY,Uruguay,2018,5.7,664,19.37,19.37,31.0639,57.4682,11.183,27.17,28.392,398.6,Our World in Data / WHO,2026-09-30 02:09:07
6255,URY,Uruguay,2019,5.7,732,21.36,21.36,31.9174,59.0472,11.4903,27.307,28.545,398.6,Our World in Data / WHO,2026-09-30 02:09:07
6256,URY,Uruguay,2020,5.7,764,22.29,22.29,32.7769,60.6373,11.7997,27.444,28.7,398.6,Our World in Data / WHO,2026-09-30 02:09:07
6257,URY,Uruguay,2021,5.7,760,22.17,22.17,33.6428,62.2392,12.1114,27.583,28.856,398.6,Our World in Data / WHO,2026-09-30 02:09:07
6258,URY,Uruguay,2022,5.7,760,22.17,22.17,34.5211,63.864,12.4276,27.723,29.014,398.6,Our World in Data / WHO,2026-09-30 02:09:07
6259,USA,United States,1990,9.4,57547,20.38,20.38,18.5968,34.4041,6.6948,25.175,26.147,576.2,Our World in Data / WHO,2026-09-30 02:09:07
6260,USA,United States,1991,9.4,57547,20.38,20.38,19.4195,35.9261,6.991,25.307,26.296,576.2,Our World in Data / WHO,2026-09-30 02:09:07
6261,USA,United States,1992,9.4,57547,20.38,20.38,20.2721,37.5034,7.298,25.444,26.449,576.2,Our World in Data / WHO,2026-09-30 02:09:07
6262,USA,United States,1993,9.4,57547,20.38,20.38,21.1497,39.1269,7.6139,25.584,26.607,576.2,Our World in Data / WHO,2026-09-30 02:09:07
6263,USA,United States,1994,9.4,57547,20.38,20.38,22.0555,40.8027,7.94,25.729,26.77,576.2,Our World in Data / WHO,2026-09-30 02:09:07
6264,USA,United States,1995,9.4,57547,20.38,20.38,22.982,42.5167,8.2735,25.877,26.937,576.2,Our World in Data / WHO,2026-09-30 02:09:07
6265,USA,United States,1996,9.4,57547,20.38,20.38,23.9289,44.2685,8.6144,26.029,27.107,576.2,Our World in Data / WHO,2026-09-30 02:09:07
6266,USA,United States,1997,9.4,57547,20.38,20.38,24.8951,46.0559,8.9622,26.183,27.281,576.2,Our World in Data / WHO,2026-09-30 02:09:07
6267,USA,United States,1998,9.4,57547,20.38,20.38,25.8642,47.8488,9.3111,26.338,27.456,576.2,Our World in Data / WHO,2026-09-30 02:09:07
6268,USA,United States,1999,9.4,57547,20.38,20.38,26.8432,49.6599,9.6636,26.495,27.632,576.2,Our World in Data / WHO,2026-09-30 02:09:07
6269,USA,United States,2000,9.4,57547,20.38,20.38,27.833,51.491,10.0199,26.653,27.81,576.2,Our World in Data / WHO,2026-09-30 02:09:07
6270,USA,United States,2001,9.4,58764,20.58,20.58,28.8286,53.3329,10.3783,26.813,27.989,576.2,Our World in Data / WHO,2026-09-30 02:09:07
6271,USA,United States,2002,9.4,59972,20.8,20.8,29.8181,55.1635,10.7345,26.971,28.167,576.2,Our World in Data / WHO,2026-09-30 02:09:07
6272,USA,United States,2003,9.4,60446,20.76,20.76,30.7852,56.9526,11.0827,27.126,28.341,576.2,Our World in Data / WHO,2026-09-30 02:09:07
6273,USA,United States,2004,9.4,59167,20.13,20.13,31.7274,58.6957,11.4219,27.276,28.511,576.2,Our World in Data / WHO,2026-09-30 02:09:07
6274,USA,United States,2005,9.4,60510,20.38,20.38,32.641,60.3858,11.7508,27.423,28.675,576.2,Our World in Data / WHO,2026-09-30 02:09:07
6275,USA,United States,2006,9.4,57711,19.25,19.25,33.5108,61.995,12.0639,27.562,28.832,576.2,Our World in Data / WHO,2026-09-30 02:09:07
6276,USA,United States,2007,9.4,56186,18.56,18.56,34.3265,63.504,12.3575,27.692,28.979,576.2,Our World in Data / WHO,2026-09-30 02:09:07
6277,USA,United States,2008,9.4,54898,17.96,17.96,35.0838,64.905,12.6302,27.813,29.115,576.2,Our World in Data / WHO,2026-09-30 02:09:07
6278,USA,United States,2009,9.4,52692,17.08,17.08,35.7764,66.1863,12.8795,27.924,29.24,576.2,Our World in Data / WHO,2026-09-30 02:09:07
6279,USA,United States,2010,9.4,51383,16.51,16.51,36.4084,67.3555,13.107,28.025,29.354,576.2,Our World in Data / WHO,2026-09-30 02:09:07
6280,USA,United States,2011,9.4,51715,16.48,16.48,36.983,68.4186,13.3139,28.117,29.457,576.2,Our World in Data / WHO,2026-09-30 02:09:07
6281,USA,United States,2012,9.4,49724,15.7,15.7,37.5048,69.3839,13.5017,28.201,29.551,576.2,Our World in Data / WHO,2026-09-30 02:09:07
6282,USA,United States,2013,9.4,48138,15.07,15.07,37.9965,70.2935,13.6787,28.279,29.639,576.2,Our World in Data / WHO,2026-09-30 02:09:07
6283,USA,United States,2014,9.4,47233,14.67,14.67,38.4683,71.1664,13.8486,28.355,29.724,576.2,Our World in Data / WHO,2026-09-30 02:09:07
6284,USA,United States,2015,9.4,48216,14.85,14.85,38.9235,72.0085,14.0125,28.428,29.806,576.2,Our World in Data / WHO,2026-09-30 02:09:07
6285,USA,United States,2016,9.4,47982,14.66,14.66,39.3557,72.808,14.1681,28.497,29.884,576.2,Our World in Data / WHO,2026-09-30 02:09:07
6286,USA,United States,2017,9.4,49814,15.1,15.1,39.7482,73.5342,14.3094,28.56,29.955,576.2,Our World in Data / WHO,2026-09-30 02:09:07
6287,USA,United States,2018,9.4,50403,15.18,15.18,40.098,74.1813,14.4353,28.616,30.018,576.2,Our World in Data / WHO,2026-09-30 02:09:07
6288,USA,United States,2019,9.4,52087,15.58,15.58,40.4161,74.7698,14.5498,28.667,30.075,576.2,Our World in Data / WHO,2026-09-30 02:09:07
6289,USA,United States,2020,9.4,60432,17.99,17.99,40.7249,75.3411,14.661,28.716,30.13,576.2,Our World in Data / WHO,2026-09-30 02:09:07
6290,USA,United States,2021,9.4,60987,18.1,18.1,41.0225,75.8916,14.7681,28.764,30.184,576.2,Our World in Data / WHO,2026-09-30 02:09:07
6291,USA,United States,2022,9.4,60987,18.1,18.1,41.2977,76.4007,14.8672,28.808,30.234,576.2,Our World in Data / WHO,2026-09-30 02:09:07
6292,UZB,Uzbekistan,1990,6.4,4557,18.28,18.28,7.313,13.529,2.6327,23.37,24.116,432.2,Our World in Data / WHO,2026-09-30 02:09:07
6293,UZB,Uzbekistan,1991,6.4,4557,18.28,18.28,7.5052,13.8846,2.7019,23.401,24.151,432.2,Our World in Data / WHO,2026-09-30 02:09:07
6294,UZB,Uzbekistan,1992,6.4,4557,18.28,18.28,7.7047,14.2537,2.7737,23.433,24.187,432.2,Our World in Data / WHO,2026-09-30 02:09:07
6295,UZB,Uzbekistan,1993,6.4,4557,18.28,18.28,7.9182,14.6487,2.8506,23.467,24.225,432.2,Our World in Data / WHO,2026-09-30 02:09:07
6296,UZB,Uzbekistan,1994,6.4,4557,18.28,18.28,8.15,15.0775,2.934,23.504,24.267,432.2,Our World in Data / WHO,2026-09-30 02:09:07
6297,UZB,Uzbekistan,1995,6.4,4557,18.28,18.28,8.4087,15.5561,3.0271,23.545,24.314,432.2,Our World in Data / WHO,2026-09-30 02:09:07
6298,UZB,Uzbekistan,1996,6.4,4557,18.28,18.28,8.696,16.0876,3.1306,23.591,24.365,432.2,Our World in Data / WHO,2026-09-30 02:09:07
6299,UZB,Uzbekistan,1997,6.4,4557,18.28,18.28,9.0094,16.6674,3.2434,23.642,24.422,432.2,Our World in Data / WHO,2026-09-30 02:09:07
6300,UZB,Uzbekistan,1998,6.4,4557,18.28,18.28,9.3476,17.2931,3.3651,23.696,24.483,432.2,Our World in Data / WHO,2026-09-30 02:09:07
6301,UZB,Uzbekistan,1999,6.4,4557,18.28,18.28,9.7153,17.9733,3.4975,23.754,24.549,432.2,Our World in Data / WHO,2026-09-30 02:09:07
6302,UZB,Uzbekistan,2000,6.4,4557,18.28,18.28,10.1191,18.7203,3.6429,23.819,24.621,432.2,Our World in Data / WHO,2026-09-30 02:09:07
6303,UZB,Uzbekistan,2001,6.4,4566,18.09,18.09,10.5532,19.5234,3.7992,23.889,24.7,432.2,Our World in Data / WHO,2026-09-30 02:09:07
6304,UZB,Uzbekistan,2002,6.4,4841,18.92,18.92,11.0121,20.3724,3.9644,23.962,24.782,432.2,Our World in Data / WHO,2026-09-30 02:09:07
6305,UZB,Uzbekistan,2003,6.4,4869,18.8,18.8,11.4982,21.2717,4.1394,24.04,24.87,432.2,Our World in Data / WHO,2026-09-30 02:09:07
6306,UZB,Uzbekistan,2004,6.4,4847,18.48,18.48,12.0162,22.23,4.3258,24.123,24.963,432.2,Our World in Data / WHO,2026-09-30 02:09:07
6307,UZB,Uzbekistan,2005,6.4,5642,21.23,21.23,12.5758,23.2652,4.5273,24.212,25.064,432.2,Our World in Data / WHO,2026-09-30 02:09:07
6308,UZB,Uzbekistan,2006,6.4,6439,23.91,23.91,13.1865,24.395,4.7471,24.31,25.174,432.2,Our World in Data / WHO,2026-09-30 02:09:07
6309,UZB,Uzbekistan,2007,6.4,6752,24.72,24.72,13.8527,25.6275,4.987,24.416,25.293,432.2,Our World in Data / WHO,2026-09-30 02:09:07
6310,UZB,Uzbekistan,2008,6.4,6723,24.25,24.25,14.562,26.9397,5.2423,24.53,25.421,432.2,Our World in Data / WHO,2026-09-30 02:09:07
6311,UZB,Uzbekistan,2009,6.4,6514,23.12,23.12,15.3042,28.3128,5.5095,24.649,25.555,432.2,Our World in Data / WHO,2026-09-30 02:09:07
6312,UZB,Uzbekistan,2010,6.4,6622,23.14,23.14,16.0855,29.7582,5.7908,24.774,25.695,432.2,Our World in Data / WHO,2026-09-30 02:09:07
6313,UZB,Uzbekistan,2011,6.4,6644,22.87,22.87,16.914,31.2909,6.089,24.906,25.845,432.2,Our World in Data / WHO,2026-09-30 02:09:07
6314,UZB,Uzbekistan,2012,6.4,7053,23.91,23.91,17.7898,32.9111,6.4043,25.046,26.002,432.2,Our World in Data / WHO,2026-09-30 02:09:07
6315,UZB,Uzbekistan,2013,6.4,7007,23.39,23.39,18.7001,34.5952,6.732,25.192,26.166,432.2,Our World in Data / WHO,2026-09-30 02:09:07
6316,UZB,Uzbekistan,2014,6.4,7290,23.94,23.94,19.6369,36.3283,7.0693,25.342,26.335,432.2,Our World in Data / WHO,2026-09-30 02:09:07
6317,UZB,Uzbekistan,2015,6.4,7444,24.05,24.05,20.6178,38.1429,7.4224,25.499,26.511,432.2,Our World in Data / WHO,2026-09-30 02:09:07
6318,UZB,Uzbekistan,2016,6.4,7430,23.62,23.62,21.653,40.058,7.7951,25.664,26.698,432.2,Our World in Data / WHO,2026-09-30 02:09:07
6319,UZB,Uzbekistan,2017,6.4,7569,23.69,23.69,22.7177,42.0277,8.1784,25.835,26.889,432.2,Our World in Data / WHO,2026-09-30 02:09:07
6320,UZB,Uzbekistan,2018,6.4,7142,22.01,22.01,23.7978,44.0259,8.5672,26.008,27.084,432.2,Our World in Data / WHO,2026-09-30 02:09:07
6321,UZB,Uzbekistan,2019,6.4,7057,21.4,21.4,24.896,46.0576,8.9626,26.183,27.281,432.2,Our World in Data / WHO,2026-09-30 02:09:07
6322,UZB,Uzbekistan,2020,6.4,7397,22.06,22.06,26.0085,48.1157,9.3631,26.361,27.482,432.2,Our World in Data / WHO,2026-09-30 02:09:07
6323,UZB,Uzbekistan,2021,6.4,6854,20.11,20.11,27.1369,50.2033,9.7693,26.542,27.685,432.2,Our World in Data / WHO,2026-09-30 02:09:07
6324,UZB,Uzbekistan,2022,6.4,6854,20.11,20.11,28.2852,52.3276,10.1827,26.726,27.891,432.2,Our World in Data / WHO,2026-09-30 02:09:07
6325,VCT,Saint Vincent and the Grenadines,1990,8.8,83,72.94,72.94,11.2605,20.8319,4.0538,24.002,24.827,547.4,Our World in Data / WHO,2026-09-30 02:09:07
6326,VCT,Saint Vincent and the Grenadines,1991,8.8,83,72.94,72.94,11.7483,21.7344,4.2294,24.08,24.915,547.4,Our World in Data / WHO,2026-09-30 02:09:07
6327,VCT,Saint Vincent and the Grenadines,1992,8.8,83,72.94,72.94,12.2691,22.6978,4.4169,24.163,25.008,547.4,Our World in Data / WHO,2026-09-30 02:09:07
6328,VCT,Saint Vincent and the Grenadines,1993,8.8,83,72.94,72.94,12.8234,23.7233,4.6164,24.252,25.108,547.4,Our World in Data / WHO,2026-09-30 02:09:07
6329,VCT,Saint Vincent and the Grenadines,1994,8.8,83,72.94,72.94,13.4132,24.8144,4.8288,24.346,25.214,547.4,Our World in Data / WHO,2026-09-30 02:09:07
6330,VCT,Saint Vincent and the Grenadines,1995,8.8,83,72.94,72.94,14.0412,25.9762,5.0548,24.447,25.327,547.4,Our World in Data / WHO,2026-09-30 02:09:07
6331,VCT,Saint Vincent and the Grenadines,1996,8.8,83,72.94,72.94,14.7064,27.2068,5.2943,24.553,25.447,547.4,Our World in Data / WHO,2026-09-30 02:09:07
6332,VCT,Saint Vincent and the Grenadines,1997,8.8,83,72.94,72.94,15.4036,28.4967,5.5453,24.665,25.573,547.4,Our World in Data / WHO,2026-09-30 02:09:07
6333,VCT,Saint Vincent and the Grenadines,1998,8.8,83,72.94,72.94,16.1222,29.8261,5.804,24.78,25.702,547.4,Our World in Data / WHO,2026-09-30 02:09:07
6334,VCT,Saint Vincent and the Grenadines,1999,8.8,83,72.94,72.94,16.8534,31.1788,6.0672,24.897,25.834,547.4,Our World in Data / WHO,2026-09-30 02:09:07
6335,VCT,Saint Vincent and the Grenadines,2000,8.8,83,72.94,72.94,17.5914,32.5441,6.3329,25.015,25.966,547.4,Our World in Data / WHO,2026-09-30 02:09:07
6336,VCT,Saint Vincent and the Grenadines,2001,8.8,80,70.11,70.11,18.33,33.9105,6.5988,25.133,26.099,547.4,Our World in Data / WHO,2026-09-30 02:09:07
6337,VCT,Saint Vincent and the Grenadines,2002,8.8,92,80.69,80.69,19.0717,35.2826,6.8658,25.251,26.233,547.4,Our World in Data / WHO,2026-09-30 02:09:07
6338,VCT,Saint Vincent and the Grenadines,2003,8.8,95,83.94,83.94,19.8209,36.6687,7.1355,25.371,26.368,547.4,Our World in Data / WHO,2026-09-30 02:09:07
6339,VCT,Saint Vincent and the Grenadines,2004,8.8,94,83.84,83.84,20.5783,38.0699,7.4082,25.493,26.504,547.4,Our World in Data / WHO,2026-09-30 02:09:07
6340,VCT,Saint Vincent and the Grenadines,2005,8.8,81,72.37,72.37,21.3423,39.4833,7.6832,25.615,26.642,547.4,Our World in Data / WHO,2026-09-30 02:09:07
6341,VCT,Saint Vincent and the Grenadines,2006,8.8,66,59.47,59.47,22.1087,40.9011,7.9591,25.737,26.78,547.4,Our World in Data / WHO,2026-09-30 02:09:07
6342,VCT,Saint Vincent and the Grenadines,2007,8.8,45,40.17,40.17,22.8695,42.3086,8.233,25.859,26.917,547.4,Our World in Data / WHO,2026-09-30 02:09:07
6343,VCT,Saint Vincent and the Grenadines,2008,8.8,37,33.36,33.36,23.6165,43.6905,8.5019,25.979,27.051,547.4,Our World in Data / WHO,2026-09-30 02:09:07
6344,VCT,Saint Vincent and the Grenadines,2009,8.8,34,31.13,31.13,24.3414,45.0316,8.7629,26.095,27.181,547.4,Our World in Data / WHO,2026-09-30 02:09:07
6345,VCT,Saint Vincent and the Grenadines,2010,8.8,59,53.85,53.85,25.0427,46.329,9.0154,26.207,27.308,547.4,Our World in Data / WHO,2026-09-30 02:09:07
6346,VCT,Saint Vincent and the Grenadines,2011,8.8,77,70.8,70.8,25.7191,47.5803,9.2589,26.315,27.429,547.4,Our World in Data / WHO,2026-09-30 02:09:07
6347,VCT,Saint Vincent and the Grenadines,2012,8.8,89,82.04,82.04,26.3983,48.8369,9.5034,26.424,27.552,547.4,Our World in Data / WHO,2026-09-30 02:09:07
6348,VCT,Saint Vincent and the Grenadines,2013,8.8,87,81.31,81.31,27.0961,50.1278,9.7546,26.535,27.677,547.4,Our World in Data / WHO,2026-09-30 02:09:07
6349,VCT,Saint Vincent and the Grenadines,2014,8.8,76,70.91,70.91,27.7985,51.4272,10.0075,26.648,27.804,547.4,Our World in Data / WHO,2026-09-30 02:09:07
6350,VCT,Saint Vincent and the Grenadines,2015,8.8,64,59.64,59.64,28.5109,52.7452,10.2639,26.762,27.932,547.4,Our World in Data / WHO,2026-09-30 02:09:07
6351,VCT,Saint Vincent and the Grenadines,2016,8.8,54,50.56,50.56,29.2241,54.0646,10.5207,26.876,28.06,547.4,Our World in Data / WHO,2026-09-30 02:09:07
6352,VCT,Saint Vincent and the Grenadines,2017,8.8,55,52.56,52.56,29.9291,55.3688,10.7745,26.989,28.187,547.4,Our World in Data / WHO,2026-09-30 02:09:07
6353,VCT,Saint Vincent and the Grenadines,2018,8.8,60,56.66,56.66,30.6316,56.6685,11.0274,27.101,28.314,547.4,Our World in Data / WHO,2026-09-30 02:09:07
6354,VCT,Saint Vincent and the Grenadines,2019,8.8,62,59.06,59.06,31.3377,57.9747,11.2816,27.214,28.441,547.4,Our World in Data / WHO,2026-09-30 02:09:07
6355,VCT,Saint Vincent and the Grenadines,2020,8.8,47,45.09,45.09,32.0644,59.3191,11.5432,27.33,28.572,547.4,Our World in Data / WHO,2026-09-30 02:09:07
6356,VCT,Saint Vincent and the Grenadines,2021,8.8,47,45.4,45.4,32.8083,60.6954,11.811,27.449,28.705,547.4,Our World in Data / WHO,2026-09-30 02:09:07
6357,VCT,Saint Vincent and the Grenadines,2022,8.8,47,45.4,45.4,33.5521,62.0714,12.0788,27.568,28.839,547.4,Our World in Data / WHO,2026-09-30 02:09:07
6358,VEN,Venezuela,1990,10.2,3960,16.21,16.21,11.7628,21.7612,4.2346,24.082,24.917,614.6,Our World in Data / WHO,2026-09-30 02:09:07
6359,VEN,Venezuela,1991,10.2,3960,16.21,16.21,12.3564,22.8593,4.4483,24.177,25.024,614.6,Our World in Data / WHO,2026-09-30 02:09:07
6360,VEN,Venezuela,1992,10.2,3960,16.21,16.21,12.9649,23.9851,4.6674,24.274,25.134,614.6,Our World in Data / WHO,2026-09-30 02:09:07
6361,VEN,Venezuela,1993,10.2,3960,16.21,16.21,13.5842,25.1308,4.8903,24.373,25.245,614.6,Our World in Data / WHO,2026-09-30 02:09:07
6362,VEN,Venezuela,1994,10.2,3960,16.21,16.21,14.2121,26.2924,5.1164,24.474,25.358,614.6,Our World in Data / WHO,2026-09-30 02:09:07
6363,VEN,Venezuela,1995,10.2,3960,16.21,16.21,14.8449,27.4631,5.3442,24.575,25.472,614.6,Our World in Data / WHO,2026-09-30 02:09:07
6364,VEN,Venezuela,1996,10.2,3960,16.21,16.21,15.4801,28.6382,5.5728,24.677,25.586,614.6,Our World in Data / WHO,2026-09-30 02:09:07
6365,VEN,Venezuela,1997,10.2,3960,16.21,16.21,16.1138,29.8105,5.801,24.778,25.7,614.6,Our World in Data / WHO,2026-09-30 02:09:07
6366,VEN,Venezuela,1998,10.2,3960,16.21,16.21,16.7409,30.9707,6.0267,24.879,25.813,614.6,Our World in Data / WHO,2026-09-30 02:09:07
6367,VEN,Venezuela,1999,10.2,3960,16.21,16.21,17.3548,32.1064,6.2477,24.977,25.924,614.6,Our World in Data / WHO,2026-09-30 02:09:07
6368,VEN,Venezuela,2000,10.2,3960,16.21,16.21,17.9458,33.1997,6.4605,25.071,26.03,614.6,Our World in Data / WHO,2026-09-30 02:09:07
6369,VEN,Venezuela,2001,10.2,4153,16.69,16.69,18.5028,34.2302,6.661,25.16,26.131,614.6,Our World in Data / WHO,2026-09-30 02:09:07
6370,VEN,Venezuela,2002,10.2,4104,16.2,16.2,19.0237,35.1938,6.8485,25.244,26.224,614.6,Our World in Data / WHO,2026-09-30 02:09:07
6371,VEN,Venezuela,2003,10.2,4466,17.32,17.32,19.5081,36.09,7.0229,25.321,26.311,614.6,Our World in Data / WHO,2026-09-30 02:09:07
6372,VEN,Venezuela,2004,10.2,4400,16.78,16.78,19.953,36.913,7.1831,25.392,26.392,614.6,Our World in Data / WHO,2026-09-30 02:09:07
6373,VEN,Venezuela,2005,10.2,4415,16.56,16.56,20.3599,37.6658,7.3296,25.458,26.465,614.6,Our World in Data / WHO,2026-09-30 02:09:07
6374,VEN,Venezuela,2006,10.2,4383,16.17,16.17,20.7313,38.3529,7.4633,25.517,26.532,614.6,Our World in Data / WHO,2026-09-30 02:09:07
6375,VEN,Venezuela,2007,10.2,4701,17.08,17.08,21.0704,38.9802,7.5853,25.571,26.593,614.6,Our World in Data / WHO,2026-09-30 02:09:07
6376,VEN,Venezuela,2008,10.2,5094,18.23,18.23,21.385,39.5623,7.6986,25.622,26.649,614.6,Our World in Data / WHO,2026-09-30 02:09:07
6377,VEN,Venezuela,2009,10.2,5388,19.02,19.02,21.6746,40.098,7.8029,25.668,26.701,614.6,Our World in Data / WHO,2026-09-30 02:09:07
6378,VEN,Venezuela,2010,10.2,5775,20.11,20.11,21.9414,40.5916,7.8989,25.711,26.749,614.6,Our World in Data / WHO,2026-09-30 02:09:07
6379,VEN,Venezuela,2011,10.2,6152,21.14,21.14,22.1853,41.0428,7.9867,25.75,26.793,614.6,Our World in Data / WHO,2026-09-30 02:09:07
6380,VEN,Venezuela,2012,10.2,6454,21.9,21.9,22.4006,41.4411,8.0642,25.784,26.832,614.6,Our World in Data / WHO,2026-09-30 02:09:07
6381,VEN,Venezuela,2013,10.2,6832,22.9,22.9,22.5825,41.7776,8.1297,25.813,26.865,614.6,Our World in Data / WHO,2026-09-30 02:09:07
6382,VEN,Venezuela,2014,10.2,7933,26.28,26.28,22.7301,42.0507,8.1828,25.837,26.891,614.6,Our World in Data / WHO,2026-09-30 02:09:07
6383,VEN,Venezuela,2015,10.2,8488,27.8,27.8,22.8444,42.2621,8.224,25.855,26.912,614.6,Our World in Data / WHO,2026-09-30 02:09:07
6384,VEN,Venezuela,2016,10.2,9803,31.89,31.89,22.9339,42.4277,8.2562,25.869,26.928,614.6,Our World in Data / WHO,2026-09-30 02:09:07
6385,VEN,Venezuela,2017,10.2,9540,31.21,31.21,23.0262,42.5985,8.2894,25.884,26.945,614.6,Our World in Data / WHO,2026-09-30 02:09:07
6386,VEN,Venezuela,2018,10.2,9722,32.59,32.59,23.1453,42.8188,8.3323,25.903,26.966,614.6,Our World in Data / WHO,2026-09-30 02:09:07
6387,VEN,Venezuela,2019,10.2,10115,34.91,34.91,23.2458,43.0047,8.3685,25.919,26.984,614.6,Our World in Data / WHO,2026-09-30 02:09:07
6388,VEN,Venezuela,2020,10.2,11878,41.69,41.69,23.269,43.0476,8.3768,25.923,26.988,614.6,Our World in Data / WHO,2026-09-30 02:09:07
6389,VEN,Venezuela,2021,10.2,12221,43.34,43.34,23.233,42.9811,8.3639,25.917,26.982,614.6,Our World in Data / WHO,2026-09-30 02:09:07
6390,VEN,Venezuela,2022,10.2,12221,43.34,43.34,23.1596,42.8453,8.3375,25.906,26.969,614.6,Our World in Data / WHO,2026-09-30 02:09:07
6391,VIR,United States Virgin Islands,2011,12.1,1327,17.295,17.295,18.8889,34.9445,6.8,25.222,26.2,705.8,Our World in Data / WHO,2026-09-30 02:09:07
6392,VNM,Vietnam,1990,3.2,14693,18.6,18.6,0.1975,6.0,0.0711,22.232,22.836,278.6,Our World in Data / WHO,2026-09-30 02:09:07
6393,VNM,Vietnam,1991,3.2,14693,18.6,18.6,0.2007,6.0,0.0723,22.232,22.836,278.6,Our World in Data / WHO,2026-09-30 02:09:07
6394,VNM,Vietnam,1992,3.2,14693,18.6,18.6,0.2047,6.0,0.0737,22.233,22.837,278.6,Our World in Data / WHO,2026-09-30 02:09:07
6395,VNM,Vietnam,1993,3.2,14693,18.6,18.6,0.2097,6.0,0.0755,22.234,22.838,278.6,Our World in Data / WHO,2026-09-30 02:09:07
6396,VNM,Vietnam,1994,3.2,14693,18.6,18.6,0.2158,6.0,0.0777,22.235,22.839,278.6,Our World in Data / WHO,2026-09-30 02:09:07
6397,VNM,Vietnam,1995,3.2,14693,18.6,18.6,0.2229,6.0,0.0802,22.236,22.84,278.6,Our World in Data / WHO,2026-09-30 02:09:07
6398,VNM,Vietnam,1996,3.2,14693,18.6,18.6,0.231,6.0,0.0832,22.237,22.842,278.6,Our World in Data / WHO,2026-09-30 02:09:07
6399,VNM,Vietnam,1997,3.2,14693,18.6,18.6,0.2406,6.0,0.0866,22.238,22.843,278.6,Our World in Data / WHO,2026-09-30 02:09:07
6400,VNM,Vietnam,1998,3.2,14693,18.6,18.6,0.252,6.0,0.0907,22.24,22.845,278.6,Our World in Data / WHO,2026-09-30 02:09:07
6401,VNM,Vietnam,1999,3.2,14693,18.6,18.6,0.2656,6.0,0.0956,22.242,22.848,278.6,Our World in Data / WHO,2026-09-30 02:09:07
6402,VNM,Vietnam,2000,3.2,14693,18.6,18.6,0.2814,6.0,0.1013,22.245,22.851,278.6,Our World in Data / WHO,2026-09-30 02:09:07
6403,VNM,Vietnam,2001,3.2,15312,19.18,19.18,0.2999,6.0,0.108,22.248,22.854,278.6,Our World in Data / WHO,2026-09-30 02:09:07
6404,VNM,Vietnam,2002,3.2,15899,19.72,19.72,0.3213,6.0,0.1157,22.251,22.858,278.6,Our World in Data / WHO,2026-09-30 02:09:07
6405,VNM,Vietnam,2003,3.2,16570,20.34,20.34,0.3466,6.0,0.1248,22.255,22.862,278.6,Our World in Data / WHO,2026-09-30 02:09:07
6406,VNM,Vietnam,2004,3.2,17378,21.11,21.11,0.376,6.0,0.1354,22.26,22.868,278.6,Our World in Data / WHO,2026-09-30 02:09:07
6407,VNM,Vietnam,2005,3.2,18004,21.65,21.65,0.4101,6.0,0.1476,22.266,22.874,278.6,Our World in Data / WHO,2026-09-30 02:09:07
6408,VNM,Vietnam,2006,3.2,18742,22.32,22.32,0.4502,6.0,0.1621,22.272,22.881,278.6,Our World in Data / WHO,2026-09-30 02:09:07
6409,VNM,Vietnam,2007,3.2,19643,23.17,23.17,0.4967,6.0,0.1788,22.279,22.889,278.6,Our World in Data / WHO,2026-09-30 02:09:07
6410,VNM,Vietnam,2008,3.2,20470,23.91,23.91,0.5491,6.0,0.1977,22.288,22.899,278.6,Our World in Data / WHO,2026-09-30 02:09:07
6411,VNM,Vietnam,2009,3.2,21226,24.54,24.54,0.6061,6.0,0.2182,22.297,22.909,278.6,Our World in Data / WHO,2026-09-30 02:09:07
6412,VNM,Vietnam,2010,3.2,22101,25.28,25.28,0.6683,6.0,0.2406,22.307,22.92,278.6,Our World in Data / WHO,2026-09-30 02:09:07
6413,VNM,Vietnam,2011,3.2,22892,25.91,25.91,0.7372,6.0,0.2654,22.318,22.933,278.6,Our World in Data / WHO,2026-09-30 02:09:07
6414,VNM,Vietnam,2012,3.2,23624,26.45,26.45,0.814,6.0,0.293,22.33,22.947,278.6,Our World in Data / WHO,2026-09-30 02:09:07
6415,VNM,Vietnam,2013,3.2,24495,27.14,27.14,0.8997,6.0,0.3239,22.344,22.962,278.6,Our World in Data / WHO,2026-09-30 02:09:07
6416,VNM,Vietnam,2014,3.2,25620,28.08,28.08,0.9945,6.0,0.358,22.359,22.979,278.6,Our World in Data / WHO,2026-09-30 02:09:07
6417,VNM,Vietnam,2015,3.2,26878,29.15,29.15,1.0994,6.0,0.3958,22.376,22.998,278.6,Our World in Data / WHO,2026-09-30 02:09:07
6418,VNM,Vietnam,2016,3.2,27848,29.9,29.9,1.215,6.0,0.4374,22.394,23.019,278.6,Our World in Data / WHO,2026-09-30 02:09:07
6419,VNM,Vietnam,2017,3.2,28800,30.63,30.63,1.3407,6.0,0.4827,22.415,23.041,278.6,Our World in Data / WHO,2026-09-30 02:09:07
6420,VNM,Vietnam,2018,3.2,29888,31.49,31.49,1.4751,6.0,0.531,22.436,23.066,278.6,Our World in Data / WHO,2026-09-30 02:09:07
6421,VNM,Vietnam,2019,3.2,31053,32.42,32.42,1.6185,6.0,0.5827,22.459,23.091,278.6,Our World in Data / WHO,2026-09-30 02:09:07
6422,VNM,Vietnam,2020,3.2,29327,30.34,30.34,1.7724,6.0,0.6381,22.484,23.119,278.6,Our World in Data / WHO,2026-09-30 02:09:07
6423,VNM,Vietnam,2021,3.2,32628,33.48,33.48,1.9355,6.0,0.6968,22.51,23.148,278.6,Our World in Data / WHO,2026-09-30 02:09:07
6424,VNM,Vietnam,2022,3.2,32628,33.48,33.48,2.1083,6.0,0.759,22.537,23.179,278.6,Our World in Data / WHO,2026-09-30 02:09:07
6425,VUT,Vanuatu,1990,16.1,70,36.33,36.33,12.0047,22.2087,4.3217,24.121,24.961,897.8,Our World in Data / WHO,2026-09-30 02:09:07
6426,VUT,Vanuatu,1991,16.1,70,36.33,36.33,12.2496,22.6618,4.4099,24.16,25.005,897.8,Our World in Data / WHO,2026-09-30 02:09:07
6427,VUT,Vanuatu,1992,16.1,70,36.33,36.33,12.4888,23.1043,4.496,24.198,25.048,897.8,Our World in Data / WHO,2026-09-30 02:09:07
6428,VUT,Vanuatu,1993,16.1,70,36.33,36.33,12.7293,23.5492,4.5825,24.237,25.091,897.8,Our World in Data / WHO,2026-09-30 02:09:07
6429,VUT,Vanuatu,1994,16.1,70,36.33,36.33,12.9795,24.0121,4.6726,24.277,25.136,897.8,Our World in Data / WHO,2026-09-30 02:09:07
6430,VUT,Vanuatu,1995,16.1,70,36.33,36.33,13.2939,24.5937,4.7858,24.327,25.193,897.8,Our World in Data / WHO,2026-09-30 02:09:07
6431,VUT,Vanuatu,1996,16.1,70,36.33,36.33,13.7102,25.3639,4.9357,24.394,25.268,897.8,Our World in Data / WHO,2026-09-30 02:09:07
6432,VUT,Vanuatu,1997,16.1,70,36.33,36.33,14.0592,26.0095,5.0613,24.449,25.331,897.8,Our World in Data / WHO,2026-09-30 02:09:07
6433,VUT,Vanuatu,1998,16.1,70,36.33,36.33,14.2824,26.4224,5.1417,24.485,25.371,897.8,Our World in Data / WHO,2026-09-30 02:09:07
6434,VUT,Vanuatu,1999,16.1,70,36.33,36.33,14.5142,26.8513,5.2251,24.522,25.413,897.8,Our World in Data / WHO,2026-09-30 02:09:07
6435,VUT,Vanuatu,2000,16.1,70,36.33,36.33,14.7656,27.3164,5.3156,24.562,25.458,897.8,Our World in Data / WHO,2026-09-30 02:09:07
6436,VUT,Vanuatu,2001,16.1,74,37.7,37.7,15.0129,27.7739,5.4046,24.602,25.502,897.8,Our World in Data / WHO,2026-09-30 02:09:07
6437,VUT,Vanuatu,2002,16.1,78,38.72,38.72,15.2276,28.1711,5.4819,24.636,25.541,897.8,Our World in Data / WHO,2026-09-30 02:09:07
6438,VUT,Vanuatu,2003,16.1,82,39.52,39.52,15.3981,28.4865,5.5433,24.664,25.572,897.8,Our World in Data / WHO,2026-09-30 02:09:07
6439,VUT,Vanuatu,2004,16.1,86,40.29,40.29,15.5899,28.8413,5.6124,24.694,25.606,897.8,Our World in Data / WHO,2026-09-30 02:09:07
6440,VUT,Vanuatu,2005,16.1,88,40.61,40.61,15.8181,29.2635,5.6945,24.731,25.647,897.8,Our World in Data / WHO,2026-09-30 02:09:07
6441,VUT,Vanuatu,2006,16.1,94,41.97,41.97,16.0407,29.6753,5.7747,24.767,25.687,897.8,Our World in Data / WHO,2026-09-30 02:09:07
6442,VUT,Vanuatu,2007,16.1,96,42.19,42.19,16.2371,30.0386,5.8454,24.798,25.723,897.8,Our World in Data / WHO,2026-09-30 02:09:07
6443,VUT,Vanuatu,2008,16.1,99,42.4,42.4,16.3976,30.3356,5.9031,24.824,25.752,897.8,Our World in Data / WHO,2026-09-30 02:09:07
6444,VUT,Vanuatu,2009,16.1,105,43.69,43.69,16.5804,30.6737,5.9689,24.853,25.784,897.8,Our World in Data / WHO,2026-09-30 02:09:07
6445,VUT,Vanuatu,2010,16.1,107,43.59,43.59,16.7754,31.0345,6.0391,24.884,25.82,897.8,Our World in Data / WHO,2026-09-30 02:09:07
6446,VUT,Vanuatu,2011,16.1,111,44.0,44.0,16.9595,31.3751,6.1054,24.914,25.853,897.8,Our World in Data / WHO,2026-09-30 02:09:07
6447,VUT,Vanuatu,2012,16.1,114,44.5,44.5,17.1545,31.7358,6.1756,24.945,25.888,897.8,Our World in Data / WHO,2026-09-30 02:09:07
6448,VUT,Vanuatu,2013,16.1,117,44.28,44.28,17.3564,32.1093,6.2483,24.977,25.924,897.8,Our World in Data / WHO,2026-09-30 02:09:07
6449,VUT,Vanuatu,2014,16.1,118,43.87,43.87,17.6063,32.5717,6.3383,25.017,25.969,897.8,Our World in Data / WHO,2026-09-30 02:09:07
6450,VUT,Vanuatu,2015,16.1,122,44.29,44.29,17.9176,33.1476,6.4503,25.067,26.025,897.8,Our World in Data / WHO,2026-09-30 02:09:07
6451,VUT,Vanuatu,2016,16.1,125,44.2,44.2,18.2634,33.7873,6.5748,25.122,26.087,897.8,Our World in Data / WHO,2026-09-30 02:09:07
6452,VUT,Vanuatu,2017,16.1,129,44.47,44.47,18.65,34.5025,6.714,25.184,26.157,897.8,Our World in Data / WHO,2026-09-30 02:09:07
6453,VUT,Vanuatu,2018,16.1,133,44.79,44.79,19.0571,35.2556,6.8606,25.249,26.23,897.8,Our World in Data / WHO,2026-09-30 02:09:07
6454,VUT,Vanuatu,2019,16.1,138,45.23,45.23,19.4723,36.0238,7.01,25.316,26.305,897.8,Our World in Data / WHO,2026-09-30 02:09:07
6455,VUT,Vanuatu,2020,16.1,143,45.74,45.74,19.9054,36.825,7.1659,25.385,26.383,897.8,Our World in Data / WHO,2026-09-30 02:09:07
6456,VUT,Vanuatu,2021,16.1,144,45.11,45.11,20.3387,37.6266,7.3219,25.454,26.461,897.8,Our World in Data / WHO,2026-09-30 02:09:07
6457,VUT,Vanuatu,2022,16.1,144,45.11,45.11,20.7632,38.4119,7.4748,25.522,26.537,897.8,Our World in Data / WHO,2026-09-30 02:09:07
6458,WSM,Samoa,1990,7.7,71,38.53,38.53,33.6709,62.2912,12.1215,27.587,28.861,494.6,Our World in Data / WHO,2026-09-30 02:09:07
6459,WSM,Samoa,1991,7.7,71,38.53,38.53,34.6562,64.114,12.4762,27.745,29.038,494.6,Our World in Data / WHO,2026-09-30 02:09:07
6460,WSM,Samoa,1992,7.7,71,38.53,38.53,35.5643,65.794,12.8031,27.89,29.202,494.6,Our World in Data / WHO,2026-09-30 02:09:07
6461,WSM,Samoa,1993,7.7,71,38.53,38.53,36.4605,67.4519,13.1258,28.034,29.363,494.6,Our World in Data / WHO,2026-09-30 02:09:07
6462,WSM,Samoa,1994,7.7,71,38.53,38.53,37.4207,69.2283,13.4715,28.187,29.536,494.6,Our World in Data / WHO,2026-09-30 02:09:07
6463,WSM,Samoa,1995,7.7,71,38.53,38.53,38.4381,71.1105,13.8377,28.35,29.719,494.6,Our World in Data / WHO,2026-09-30 02:09:07
6464,WSM,Samoa,1996,7.7,71,38.53,38.53,39.5064,73.0868,14.2223,28.521,29.911,494.6,Our World in Data / WHO,2026-09-30 02:09:07
6465,WSM,Samoa,1997,7.7,71,38.53,38.53,40.6075,75.1239,14.6187,28.697,30.109,494.6,Our World in Data / WHO,2026-09-30 02:09:07
6466,WSM,Samoa,1998,7.7,71,38.53,38.53,41.7192,77.1805,15.0189,28.875,30.309,494.6,Our World in Data / WHO,2026-09-30 02:09:07
6467,WSM,Samoa,1999,7.7,71,38.53,38.53,42.8551,79.2819,15.4278,29.057,30.514,494.6,Our World in Data / WHO,2026-09-30 02:09:07
6468,WSM,Samoa,2000,7.7,71,38.53,38.53,43.9852,81.3726,15.8347,29.238,30.717,494.6,Our World in Data / WHO,2026-09-30 02:09:07
6469,WSM,Samoa,2001,7.7,73,39.57,39.57,45.0142,83.2763,16.2051,29.402,30.903,494.6,Our World in Data / WHO,2026-09-30 02:09:07
6470,WSM,Samoa,2002,7.7,76,40.58,40.58,45.9604,85.0,16.5457,29.554,31.073,494.6,Our World in Data / WHO,2026-09-30 02:09:07
6471,WSM,Samoa,2003,7.7,78,41.5,41.5,46.8953,85.0,16.8823,29.703,31.241,494.6,Our World in Data / WHO,2026-09-30 02:09:07
6472,WSM,Samoa,2004,7.7,79,42.11,42.11,47.8444,85.0,17.224,29.855,31.412,494.6,Our World in Data / WHO,2026-09-30 02:09:07
6473,WSM,Samoa,2005,7.7,81,42.97,42.97,48.7966,85.0,17.5668,30.007,31.583,494.6,Our World in Data / WHO,2026-09-30 02:09:07
6474,WSM,Samoa,2006,7.7,82,43.37,43.37,49.7247,85.0,17.9009,30.156,31.75,494.6,Our World in Data / WHO,2026-09-30 02:09:07
6475,WSM,Samoa,2007,7.7,83,43.77,43.77,50.5657,85.0,18.2037,30.291,31.902,494.6,Our World in Data / WHO,2026-09-30 02:09:07
6476,WSM,Samoa,2008,7.7,85,44.13,44.13,51.3307,85.0,18.4791,30.413,32.04,494.6,Our World in Data / WHO,2026-09-30 02:09:07
6477,WSM,Samoa,2009,7.7,84,43.5,43.5,52.1059,85.0,18.7581,30.537,32.179,494.6,Our World in Data / WHO,2026-09-30 02:09:07
6478,WSM,Samoa,2010,7.7,87,44.71,44.71,52.8798,85.0,19.0367,30.661,32.318,494.6,Our World in Data / WHO,2026-09-30 02:09:07
6479,WSM,Samoa,2011,7.7,89,45.15,45.15,53.6215,85.0,19.3037,30.779,32.452,494.6,Our World in Data / WHO,2026-09-30 02:09:07
6480,WSM,Samoa,2012,7.7,91,46.13,46.13,54.3341,85.0,19.5603,30.893,32.58,494.6,Our World in Data / WHO,2026-09-30 02:09:07
6481,WSM,Samoa,2013,7.7,93,46.5,46.5,55.0445,85.0,19.816,31.007,32.708,494.6,Our World in Data / WHO,2026-09-30 02:09:07
6482,WSM,Samoa,2014,7.7,97,47.99,47.99,55.7687,85.0,20.0767,31.123,32.838,494.6,Our World in Data / WHO,2026-09-30 02:09:07
6483,WSM,Samoa,2015,7.7,100,49.33,49.33,56.5576,85.0,20.3607,31.249,32.98,494.6,Our World in Data / WHO,2026-09-30 02:09:07
6484,WSM,Samoa,2016,7.7,104,50.69,50.69,57.4071,85.0,20.6666,31.385,33.133,494.6,Our World in Data / WHO,2026-09-30 02:09:07
6485,WSM,Samoa,2017,7.7,107,51.36,51.36,58.2454,85.0,20.9683,31.519,33.284,494.6,Our World in Data / WHO,2026-09-30 02:09:07
6486,WSM,Samoa,2018,7.7,109,52.19,52.19,59.0251,85.0,21.249,31.644,33.425,494.6,Our World in Data / WHO,2026-09-30 02:09:07
6487,WSM,Samoa,2019,7.7,112,52.95,52.95,59.8258,85.0,21.5373,31.772,33.569,494.6,Our World in Data / WHO,2026-09-30 02:09:07
6488,WSM,Samoa,2020,7.7,116,53.95,53.95,60.7212,85.0,21.8596,31.915,33.73,494.6,Our World in Data / WHO,2026-09-30 02:09:07
6489,WSM,Samoa,2021,7.7,118,54.16,54.16,61.5106,85.0,22.1438,32.042,33.872,494.6,Our World in Data / WHO,2026-09-30 02:09:07
6490,WSM,Samoa,2022,7.7,118,54.16,54.16,62.1186,85.0,22.3627,32.139,33.981,494.6,Our World in Data / WHO,2026-09-30 02:09:07
6491,YEM,Yemen,1990,9.6,785,4.22,4.22,3.0475,6.0,1.0971,22.688,23.349,585.8,Our World in Data / WHO,2026-09-30 02:09:07
6492,YEM,Yemen,1991,9.6,785,4.22,4.22,3.1478,6.0,1.1332,22.704,23.367,585.8,Our World in Data / WHO,2026-09-30 02:09:07
6493,YEM,Yemen,1992,9.6,785,4.22,4.22,3.2542,6.0203,1.1715,22.721,23.386,585.8,Our World in Data / WHO,2026-09-30 02:09:07
6494,YEM,Yemen,1993,9.6,785,4.22,4.22,3.3671,6.2291,1.2122,22.739,23.406,585.8,Our World in Data / WHO,2026-09-30 02:09:07
6495,YEM,Yemen,1994,9.6,785,4.22,4.22,3.4881,6.453,1.2557,22.758,23.428,585.8,Our World in Data / WHO,2026-09-30 02:09:07
6496,YEM,Yemen,1995,9.6,785,4.22,4.22,3.6196,6.6963,1.3031,22.779,23.452,585.8,Our World in Data / WHO,2026-09-30 02:09:07
6497,YEM,Yemen,1996,9.6,785,4.22,4.22,3.7631,6.9617,1.3547,22.802,23.477,585.8,Our World in Data / WHO,2026-09-30 02:09:07
6498,YEM,Yemen,1997,9.6,785,4.22,4.22,3.9192,7.2505,1.4109,22.827,23.505,585.8,Our World in Data / WHO,2026-09-30 02:09:07
6499,YEM,Yemen,1998,9.6,785,4.22,4.22,4.0883,7.5634,1.4718,22.854,23.536,585.8,Our World in Data / WHO,2026-09-30 02:09:07
6500,YEM,Yemen,1999,9.6,785,4.22,4.22,4.2703,7.9001,1.5373,22.883,23.569,585.8,Our World in Data / WHO,2026-09-30 02:09:07
6501,YEM,Yemen,2000,9.6,785,4.22,4.22,4.4641,8.2586,1.6071,22.914,23.604,585.8,Our World in Data / WHO,2026-09-30 02:09:07
6502,YEM,Yemen,2001,9.6,804,4.2,4.2,4.6674,8.6347,1.6803,22.947,23.64,585.8,Our World in Data / WHO,2026-09-30 02:09:07
6503,YEM,Yemen,2002,9.6,845,4.3,4.3,4.879,9.0262,1.7564,22.981,23.678,585.8,Our World in Data / WHO,2026-09-30 02:09:07
6504,YEM,Yemen,2003,9.6,871,4.31,4.31,5.0967,9.4289,1.8348,23.015,23.717,585.8,Our World in Data / WHO,2026-09-30 02:09:07
6505,YEM,Yemen,2004,9.6,900,4.34,4.34,5.3204,9.8427,1.9153,23.051,23.758,585.8,Our World in Data / WHO,2026-09-30 02:09:07
6506,YEM,Yemen,2005,9.6,950,4.46,4.46,5.5479,10.2636,1.9972,23.088,23.799,585.8,Our World in Data / WHO,2026-09-30 02:09:07
6507,YEM,Yemen,2006,9.6,979,4.46,4.46,5.7802,10.6934,2.0809,23.125,23.84,585.8,Our World in Data / WHO,2026-09-30 02:09:07
6508,YEM,Yemen,2007,9.6,1045,4.62,4.62,6.023,11.1426,2.1683,23.164,23.884,585.8,Our World in Data / WHO,2026-09-30 02:09:07
6509,YEM,Yemen,2008,9.6,1090,4.67,4.67,6.2793,11.6167,2.2605,23.205,23.93,585.8,Our World in Data / WHO,2026-09-30 02:09:07
6510,YEM,Yemen,2009,9.6,1130,4.7,4.7,6.5492,12.116,2.3577,23.248,23.979,585.8,Our World in Data / WHO,2026-09-30 02:09:07
6511,YEM,Yemen,2010,9.6,1165,4.71,4.71,6.8325,12.6401,2.4597,23.293,24.03,585.8,Our World in Data / WHO,2026-09-30 02:09:07
6512,YEM,Yemen,2011,9.6,1199,4.71,4.71,7.128,13.1868,2.5661,23.34,24.083,585.8,Our World in Data / WHO,2026-09-30 02:09:07
6513,YEM,Yemen,2012,9.6,1239,4.73,4.73,7.4365,13.7575,2.6771,23.39,24.139,585.8,Our World in Data / WHO,2026-09-30 02:09:07
6514,YEM,Yemen,2013,9.6,1291,4.78,4.78,7.7601,14.3562,2.7936,23.442,24.197,585.8,Our World in Data / WHO,2026-09-30 02:09:07
6515,YEM,Yemen,2014,9.6,1337,4.82,4.82,8.1014,14.9876,2.9165,23.496,24.258,585.8,Our World in Data / WHO,2026-09-30 02:09:07
6516,YEM,Yemen,2015,9.6,1375,4.82,4.82,8.4586,15.6484,3.0451,23.553,24.323,585.8,Our World in Data / WHO,2026-09-30 02:09:07
6517,YEM,Yemen,2016,9.6,1437,4.91,4.91,8.826,16.3281,3.1774,23.612,24.389,585.8,Our World in Data / WHO,2026-09-30 02:09:07
6518,YEM,Yemen,2017,9.6,1491,4.96,4.96,9.1804,16.9837,3.3049,23.669,24.452,585.8,Our World in Data / WHO,2026-09-30 02:09:07
6519,YEM,Yemen,2018,9.6,1537,4.99,4.99,9.521,17.6139,3.4276,23.723,24.514,585.8,Our World in Data / WHO,2026-09-30 02:09:07
6520,YEM,Yemen,2019,9.6,1600,5.07,5.07,9.8538,18.2295,3.5474,23.777,24.574,585.8,Our World in Data / WHO,2026-09-30 02:09:07
6521,YEM,Yemen,2020,9.6,1699,5.26,5.26,10.1887,18.8491,3.6679,23.83,24.634,585.8,Our World in Data / WHO,2026-09-30 02:09:07
6522,YEM,Yemen,2021,9.6,1683,5.1,5.1,10.5238,19.469,3.7886,23.884,24.694,585.8,Our World in Data / WHO,2026-09-30 02:09:07
6523,YEM,Yemen,2022,9.6,1683,5.1,5.1,10.8596,20.0903,3.9095,23.938,24.755,585.8,Our World in Data / WHO,2026-09-30 02:09:07
6524,ZAF,South Africa,1990,7.0,12436,26.57,26.57,13.6484,25.2495,4.9134,24.384,25.257,461.0,Our World in Data / WHO,2026-09-30 02:09:07
6525,ZAF,South Africa,1991,7.0,12436,26.57,26.57,14.1986,26.2674,5.1115,24.472,25.356,461.0,Our World in Data / WHO,2026-09-30 02:09:07
6526,ZAF,South Africa,1992,7.0,12436,26.57,26.57,14.8373,27.449,5.3414,24.574,25.471,461.0,Our World in Data / WHO,2026-09-30 02:09:07
6527,ZAF,South Africa,1993,7.0,12436,26.57,26.57,15.3562,28.409,5.5282,24.657,25.564,461.0,Our World in Data / WHO,2026-09-30 02:09:07
6528,ZAF,South Africa,1994,7.0,12436,26.57,26.57,16.0382,29.6707,5.7738,24.766,25.687,461.0,Our World in Data / WHO,2026-09-30 02:09:07
6529,ZAF,South Africa,1995,7.0,12436,26.57,26.57,16.9355,31.3307,6.0968,24.91,25.848,461.0,Our World in Data / WHO,2026-09-30 02:09:07
6530,ZAF,South Africa,1996,7.0,12436,26.57,26.57,17.7726,32.8793,6.3981,25.044,25.999,461.0,Our World in Data / WHO,2026-09-30 02:09:07
6531,ZAF,South Africa,1997,7.0,12436,26.57,26.57,18.5462,34.3105,6.6766,25.167,26.138,461.0,Our World in Data / WHO,2026-09-30 02:09:07
6532,ZAF,South Africa,1998,7.0,12436,26.57,26.57,19.1976,35.5156,6.9111,25.272,26.256,461.0,Our World in Data / WHO,2026-09-30 02:09:07
6533,ZAF,South Africa,1999,7.0,12436,26.57,26.57,19.8446,36.7125,7.1441,25.375,26.372,461.0,Our World in Data / WHO,2026-09-30 02:09:07
6534,ZAF,South Africa,2000,7.0,12436,26.57,26.57,20.4746,37.878,7.3709,25.476,26.485,461.0,Our World in Data / WHO,2026-09-30 02:09:07
6535,ZAF,South Africa,2001,7.0,12781,27.06,27.06,21.0718,38.9828,7.5858,25.571,26.593,461.0,Our World in Data / WHO,2026-09-30 02:09:07
6536,ZAF,South Africa,2002,7.0,14491,30.4,30.4,21.6277,40.0112,7.786,25.66,26.693,461.0,Our World in Data / WHO,2026-09-30 02:09:07
6537,ZAF,South Africa,2003,7.0,15763,32.77,32.77,22.1638,41.003,7.979,25.746,26.789,461.0,Our World in Data / WHO,2026-09-30 02:09:07
6538,ZAF,South Africa,2004,7.0,16389,33.75,33.75,22.6933,41.9826,8.1696,25.831,26.885,461.0,Our World in Data / WHO,2026-09-30 02:09:07
6539,ZAF,South Africa,2005,7.0,16919,34.52,34.52,23.2109,42.9402,8.3559,25.914,26.978,461.0,Our World in Data / WHO,2026-09-30 02:09:07
6540,ZAF,South Africa,2006,7.0,19481,39.36,39.36,23.7153,43.8733,8.5375,25.994,27.069,461.0,Our World in Data / WHO,2026-09-30 02:09:07
6541,ZAF,South Africa,2007,7.0,20651,41.3,41.3,24.2015,44.7728,8.7125,26.072,27.156,461.0,Our World in Data / WHO,2026-09-30 02:09:07
6542,ZAF,South Africa,2008,7.0,22105,43.72,43.72,24.6708,45.641,8.8815,26.147,27.241,461.0,Our World in Data / WHO,2026-09-30 02:09:07
6543,ZAF,South Africa,2009,7.0,22743,44.45,44.45,25.1,46.435,9.036,26.216,27.318,461.0,Our World in Data / WHO,2026-09-30 02:09:07
6544,ZAF,South Africa,2010,7.0,26105,50.41,50.41,25.4849,47.1471,9.1746,26.278,27.387,461.0,Our World in Data / WHO,2026-09-30 02:09:07
6545,ZAF,South Africa,2011,7.0,25736,49.07,49.07,25.8442,47.8118,9.3039,26.335,27.452,461.0,Our World in Data / WHO,2026-09-30 02:09:07
6546,ZAF,South Africa,2012,7.0,26943,50.7,50.7,26.205,48.4792,9.4338,26.393,27.517,461.0,Our World in Data / WHO,2026-09-30 02:09:07
6547,ZAF,South Africa,2013,7.0,27641,51.31,51.31,26.5697,49.1539,9.5651,26.451,27.583,461.0,Our World in Data / WHO,2026-09-30 02:09:07
6548,ZAF,South Africa,2014,7.0,29091,53.15,53.15,26.9073,49.7785,9.6866,26.505,27.643,461.0,Our World in Data / WHO,2026-09-30 02:09:07
6549,ZAF,South Africa,2015,7.0,30503,54.59,54.59,27.2092,50.337,9.7953,26.553,27.698,461.0,Our World in Data / WHO,2026-09-30 02:09:07
6550,ZAF,South Africa,2016,7.0,30631,54.29,54.29,27.6628,51.1762,9.9586,26.626,27.779,461.0,Our World in Data / WHO,2026-09-30 02:09:07
6551,ZAF,South Africa,2017,7.0,29914,52.81,52.81,28.1872,52.1463,10.1474,26.71,27.874,461.0,Our World in Data / WHO,2026-09-30 02:09:07
6552,ZAF,South Africa,2018,7.0,30120,52.53,52.53,28.614,52.9359,10.301,26.778,27.951,461.0,Our World in Data / WHO,2026-09-30 02:09:07
6553,ZAF,South Africa,2019,7.0,29649,51.04,51.04,29.0556,53.7529,10.46,26.849,28.03,461.0,Our World in Data / WHO,2026-09-30 02:09:07
6554,ZAF,South Africa,2020,7.0,36381,61.87,61.87,29.5097,54.5929,10.6235,26.922,28.112,461.0,Our World in Data / WHO,2026-09-30 02:09:07
6555,ZAF,South Africa,2021,7.0,32552,54.81,54.81,29.9662,55.4375,10.7878,26.995,28.194,461.0,Our World in Data / WHO,2026-09-30 02:09:07
6556,ZAF,South Africa,2022,7.0,32552,54.81,54.81,30.4196,56.2763,10.9511,27.067,28.276,461.0,Our World in Data / WHO,2026-09-30 02:09:07
6557,ZMB,Zambia,1990,4.8,1209,12.22,12.22,1.7741,6.0,0.6387,22.484,23.119,355.4,Our World in Data / WHO,2026-09-30 02:09:07
6558,ZMB,Zambia,1991,4.8,1209,12.22,12.22,1.8496,6.0,0.6659,22.496,23.133,355.4,Our World in Data / WHO,2026-09-30 02:09:07
6559,ZMB,Zambia,1992,4.8,1209,12.22,12.22,1.9297,6.0,0.6947,22.509,23.147,355.4,Our World in Data / WHO,2026-09-30 02:09:07
6560,ZMB,Zambia,1993,4.8,1209,12.22,12.22,2.015,6.0,0.7254,22.522,23.163,355.4,Our World in Data / WHO,2026-09-30 02:09:07
6561,ZMB,Zambia,1994,4.8,1209,12.22,12.22,2.1067,6.0,0.7584,22.537,23.179,355.4,Our World in Data / WHO,2026-09-30 02:09:07
6562,ZMB,Zambia,1995,4.8,1209,12.22,12.22,2.2073,6.0,0.7946,22.553,23.197,355.4,Our World in Data / WHO,2026-09-30 02:09:07
6563,ZMB,Zambia,1996,4.8,1209,12.22,12.22,2.3179,6.0,0.8344,22.571,23.217,355.4,Our World in Data / WHO,2026-09-30 02:09:07
6564,ZMB,Zambia,1997,4.8,1209,12.22,12.22,2.4391,6.0,0.8781,22.59,23.239,355.4,Our World in Data / WHO,2026-09-30 02:09:07
6565,ZMB,Zambia,1998,4.8,1209,12.22,12.22,2.5722,6.0,0.926,22.612,23.263,355.4,Our World in Data / WHO,2026-09-30 02:09:07
6566,ZMB,Zambia,1999,4.8,1209,12.22,12.22,2.7176,6.0,0.9783,22.635,23.289,355.4,Our World in Data / WHO,2026-09-30 02:09:07
6567,ZMB,Zambia,2000,4.8,1209,12.22,12.22,2.8735,6.0,1.0345,22.66,23.317,355.4,Our World in Data / WHO,2026-09-30 02:09:07
6568,ZMB,Zambia,2001,4.8,1212,11.89,11.89,3.0381,6.0,1.0937,22.686,23.347,355.4,Our World in Data / WHO,2026-09-30 02:09:07
6569,ZMB,Zambia,2002,4.8,1214,11.55,11.55,3.2136,6.0,1.1569,22.714,23.378,355.4,Our World in Data / WHO,2026-09-30 02:09:07
6570,ZMB,Zambia,2003,4.8,1168,10.78,10.78,3.4017,6.2931,1.2246,22.744,23.412,355.4,Our World in Data / WHO,2026-09-30 02:09:07
6571,ZMB,Zambia,2004,4.8,1187,10.61,10.61,3.5986,6.6574,1.2955,22.776,23.448,355.4,Our World in Data / WHO,2026-09-30 02:09:07
6572,ZMB,Zambia,2005,4.8,1160,10.03,10.03,3.8036,7.0367,1.3693,22.809,23.485,355.4,Our World in Data / WHO,2026-09-30 02:09:07
6573,ZMB,Zambia,2006,4.8,1209,10.1,10.1,4.0168,7.4311,1.446,22.843,23.523,355.4,Our World in Data / WHO,2026-09-30 02:09:07
6574,ZMB,Zambia,2007,4.8,1205,9.72,9.72,4.2386,7.8414,1.5259,22.878,23.563,355.4,Our World in Data / WHO,2026-09-30 02:09:07
6575,ZMB,Zambia,2008,4.8,1228,9.55,9.55,4.4687,8.2671,1.6087,22.915,23.604,355.4,Our World in Data / WHO,2026-09-30 02:09:07
6576,ZMB,Zambia,2009,4.8,1231,9.24,9.24,4.708,8.7098,1.6949,22.953,23.647,355.4,Our World in Data / WHO,2026-09-30 02:09:07
6577,ZMB,Zambia,2010,4.8,1274,9.24,9.24,4.959,9.1741,1.7852,22.993,23.693,355.4,Our World in Data / WHO,2026-09-30 02:09:07
6578,ZMB,Zambia,2011,4.8,1327,9.3,9.3,5.2266,9.6692,1.8816,23.036,23.741,355.4,Our World in Data / WHO,2026-09-30 02:09:07
6579,ZMB,Zambia,2012,4.8,1338,9.07,9.07,5.5092,10.192,1.9833,23.081,23.792,355.4,Our World in Data / WHO,2026-09-30 02:09:07
6580,ZMB,Zambia,2013,4.8,1335,8.77,8.77,5.8069,10.7428,2.0905,23.129,23.845,355.4,Our World in Data / WHO,2026-09-30 02:09:07
6581,ZMB,Zambia,2014,4.8,1358,8.63,8.63,6.12,11.322,2.2032,23.179,23.902,355.4,Our World in Data / WHO,2026-09-30 02:09:07
6582,ZMB,Zambia,2015,4.8,1392,8.56,8.56,6.45,11.9325,2.322,23.232,23.961,355.4,Our World in Data / WHO,2026-09-30 02:09:07
6583,ZMB,Zambia,2016,4.8,1408,8.4,8.4,6.793,12.567,2.4455,23.287,24.023,355.4,Our World in Data / WHO,2026-09-30 02:09:07
6584,ZMB,Zambia,2017,4.8,1465,8.47,8.47,7.1473,13.2225,2.573,23.344,24.087,355.4,Our World in Data / WHO,2026-09-30 02:09:07
6585,ZMB,Zambia,2018,4.8,1538,8.62,8.62,7.5148,13.9024,2.7053,23.402,24.153,355.4,Our World in Data / WHO,2026-09-30 02:09:07
6586,ZMB,Zambia,2019,4.8,1676,9.12,9.12,7.8974,14.6102,2.8431,23.464,24.222,355.4,Our World in Data / WHO,2026-09-30 02:09:07
6587,ZMB,Zambia,2020,4.8,1954,10.32,10.32,8.2954,15.3465,2.9863,23.527,24.293,355.4,Our World in Data / WHO,2026-09-30 02:09:07
6588,ZMB,Zambia,2021,4.8,2271,11.66,11.66,8.7069,16.1078,3.1345,23.593,24.367,355.4,Our World in Data / WHO,2026-09-30 02:09:07
6589,ZMB,Zambia,2022,4.8,2271,11.66,11.66,9.1365,16.9025,3.2891,23.662,24.445,355.4,Our World in Data / WHO,2026-09-30 02:09:07
6590,ZWE,Zimbabwe,1990,9.8,1782,15.06,15.06,4.8262,8.9285,1.7374,22.972,23.669,595.4,Our World in Data / WHO,2026-09-30 02:09:07
6591,ZWE,Zimbabwe,1991,9.8,1782,15.06,15.06,4.8561,8.9838,1.7482,22.977,23.674,595.4,Our World in Data / WHO,2026-09-30 02:09:07
6592,ZWE,Zimbabwe,1992,9.8,1782,15.06,15.06,4.9321,9.1244,1.7756,22.989,23.688,595.4,Our World in Data / WHO,2026-09-30 02:09:07
6593,ZWE,Zimbabwe,1993,9.8,1782,15.06,15.06,5.0388,9.3218,1.814,23.006,23.707,595.4,Our World in Data / WHO,2026-09-30 02:09:07
6594,ZWE,Zimbabwe,1994,9.8,1782,15.06,15.06,5.1202,9.4724,1.8433,23.019,23.722,595.4,Our World in Data / WHO,2026-09-30 02:09:07
6595,ZWE,Zimbabwe,1995,9.8,1782,15.06,15.06,5.1758,9.5752,1.8633,23.028,23.732,595.4,Our World in Data / WHO,2026-09-30 02:09:07
6596,ZWE,Zimbabwe,1996,9.8,1782,15.06,15.06,5.2137,9.6453,1.8769,23.034,23.738,595.4,Our World in Data / WHO,2026-09-30 02:09:07
6597,ZWE,Zimbabwe,1997,9.8,1782,15.06,15.06,5.2575,9.7264,1.8927,23.041,23.746,595.4,Our World in Data / WHO,2026-09-30 02:09:07
6598,ZWE,Zimbabwe,1998,9.8,1782,15.06,15.06,5.3136,9.8302,1.9129,23.05,23.756,595.4,Our World in Data / WHO,2026-09-30 02:09:07
6599,ZWE,Zimbabwe,1999,9.8,1782,15.06,15.06,5.3893,9.9702,1.9401,23.062,23.77,595.4,Our World in Data / WHO,2026-09-30 02:09:07
6600,ZWE,Zimbabwe,2000,9.8,1782,15.06,15.06,5.4952,10.1661,1.9783,23.079,23.789,595.4,Our World in Data / WHO,2026-09-30 02:09:07
6601,ZWE,Zimbabwe,2001,9.8,1883,15.81,15.81,5.6182,10.3937,2.0226,23.099,23.811,595.4,Our World in Data / WHO,2026-09-30 02:09:07
6602,ZWE,Zimbabwe,2002,9.8,1995,16.65,16.65,5.7449,10.6281,2.0682,23.119,23.834,595.4,Our World in Data / WHO,2026-09-30 02:09:07
6603,ZWE,Zimbabwe,2003,9.8,2147,17.78,17.78,5.8889,10.8945,2.12,23.142,23.86,595.4,Our World in Data / WHO,2026-09-30 02:09:07
6604,ZWE,Zimbabwe,2004,9.8,2307,18.97,18.97,6.0594,11.2099,2.1814,23.17,23.891,595.4,Our World in Data / WHO,2026-09-30 02:09:07
6605,ZWE,Zimbabwe,2005,9.8,2346,19.19,19.19,6.2725,11.6041,2.2581,23.204,23.929,595.4,Our World in Data / WHO,2026-09-30 02:09:07
6606,ZWE,Zimbabwe,2006,9.8,2331,18.91,18.91,6.513,12.0491,2.3447,23.242,23.972,595.4,Our World in Data / WHO,2026-09-30 02:09:07
6607,ZWE,Zimbabwe,2007,9.8,2397,19.25,19.25,6.768,12.5208,2.4365,23.283,24.018,595.4,Our World in Data / WHO,2026-09-30 02:09:07
6608,ZWE,Zimbabwe,2008,9.8,2586,20.6,20.6,7.0475,13.0379,2.5371,23.328,24.069,595.4,Our World in Data / WHO,2026-09-30 02:09:07
6609,ZWE,Zimbabwe,2009,9.8,2760,21.77,21.77,7.3417,13.5821,2.643,23.375,24.122,595.4,Our World in Data / WHO,2026-09-30 02:09:07
6610,ZWE,Zimbabwe,2010,9.8,3255,25.35,25.35,7.6538,14.1595,2.7554,23.425,24.178,595.4,Our World in Data / WHO,2026-09-30 02:09:07
6611,ZWE,Zimbabwe,2011,9.8,3329,25.55,25.55,7.9989,14.798,2.8796,23.48,24.24,595.4,Our World in Data / WHO,2026-09-30 02:09:07
6612,ZWE,Zimbabwe,2012,9.8,3339,25.17,25.17,8.3847,15.5117,3.0185,23.542,24.309,595.4,Our World in Data / WHO,2026-09-30 02:09:07
6613,ZWE,Zimbabwe,2013,9.8,3472,25.61,25.61,8.7995,16.2791,3.1678,23.608,24.384,595.4,Our World in Data / WHO,2026-09-30 02:09:07
6614,ZWE,Zimbabwe,2014,9.8,3569,25.76,25.76,9.2288,17.0733,3.3224,23.677,24.461,595.4,Our World in Data / WHO,2026-09-30 02:09:07
6615,ZWE,Zimbabwe,2015,9.8,3723,26.3,26.3,9.6613,17.8734,3.4781,23.746,24.539,595.4,Our World in Data / WHO,2026-09-30 02:09:07
6616,ZWE,Zimbabwe,2016,9.8,3859,26.7,26.7,10.0888,18.6643,3.632,23.814,24.616,595.4,Our World in Data / WHO,2026-09-30 02:09:07
6617,ZWE,Zimbabwe,2017,9.8,3952,26.79,26.79,10.4967,19.4189,3.7788,23.879,24.689,595.4,Our World in Data / WHO,2026-09-30 02:09:07
6618,ZWE,Zimbabwe,2018,9.8,4103,27.26,27.26,10.8835,20.1345,3.9181,23.941,24.759,595.4,Our World in Data / WHO,2026-09-30 02:09:07
6619,ZWE,Zimbabwe,2019,9.8,4091,26.65,26.65,11.2615,20.8338,4.0541,24.002,24.827,595.4,Our World in Data / WHO,2026-09-30 02:09:07
6620,ZWE,Zimbabwe,2020,9.8,4473,28.55,28.55,11.6337,21.5223,4.1881,24.061,24.894,595.4,Our World in Data / WHO,2026-09-30 02:09:07
6621,ZWE,Zimbabwe,2021,9.8,4461,27.89,27.89,12.0047,22.2087,4.3217,24.121,24.961,595.4,Our World in Data / WHO,2026-09-30 02:09:07
6622,ZWE,Zimbabwe,2022,9.8,4461,27.89,27.89,12.3733,22.8906,4.4544,24.18,25.027,595.4,Our World in Data / WHO,2026-09-30 02:09:07
